prompt,temp,seq_len,gpu_id,gen_time,timestamp,ED_mean,ED_std,model,timestamp_processed
Two common optical albedos that are used in astronomy are the (V-band) geometric albedo (measuring brightness when illumination comes from directly behind the observer) and the Bond albedo (measuring total proportion of electromagnetic energy reflected).,0.7,512,1,1747770934.296915,2025-05-20T19:55:34.296947,0.1934749186038971,0.3654669523239136,Llama-3-8B-Q4,2025-05-21T08:50:16.116968
Her undying passion for these pieces is incredibly inspiring.,0.7,512,1,1747770956.3511896,2025-05-20T19:55:56.351194,0.19695696234703064,0.37171122431755066,Llama-3-8B-Q4,2025-05-21T08:50:16.560487
"They were followed by the major currents of social anarchism (collectivist, communist and syndicalist).",0.7,512,1,1747770984.563819,2025-05-20T19:56:24.563824,0.20100358128547668,0.37988805770874023,Llama-3-8B-Q4,2025-05-21T08:50:16.991840
"Explain what this code does:
def function_92(x): return x * 2",0.7,512,1,1747771013.06493,2025-05-20T19:56:53.064935,0.2037166953086853,0.38258594274520874,Llama-3-8B-Q4,2025-05-21T08:50:17.399764
I want to walk you through the installation of one such tool: Trac.,0.7,512,1,1747771042.1121678,2025-05-20T19:57:22.112181,0.20234066247940063,0.3803360164165497,Llama-3-8B-Q4,2025-05-21T08:50:17.817187
"Muslims have been increasing in Alabama, with 31 mosques built by 2011, many by African-American converts.",0.7,512,0,1747770941.0843558,2025-05-20T19:55:41.084361,0.14773695170879364,0.3284282386302948,Llama-3-8B-Q4,2025-05-21T08:50:20.815458
"Among these approaches, interventions either treat autistic features comprehensively, or focalize treatment on a specific area of deficit.",0.7,512,0,1747770969.8937519,2025-05-20T19:56:09.893767,0.15226708352565765,0.33703500032424927,Llama-3-8B-Q4,2025-05-21T08:50:21.138107
"Explain what this code does:
def function_15(x): return x * 2",0.7,512,0,1747770998.6714525,2025-05-20T19:56:38.671462,0.1559031903743744,0.34620487689971924,Llama-3-8B-Q4,2025-05-21T08:50:21.470221
A -wide meteorite hit the area about 80 million years ago.,0.7,512,0,1747771027.4183648,2025-05-20T19:57:07.418370,0.14707434177398682,0.32868894934654236,Llama-3-8B-Q4,2025-05-21T08:50:21.781730
"Ritualistic behavior: Unvarying pattern of daily activities, such as an unchanging menu or a dressing ritual.",0.7,512,0,1747771056.6731975,2025-05-20T19:57:36.673210,0.1447201669216156,0.32362988591194153,Llama-3-8B-Q4,2025-05-21T08:50:22.105190
"Explain what this code does:
def function_70(x): return x * 2",0.7,512,0,1747771086.963979,2025-05-20T19:58:06.963984,0.14908036589622498,0.33108440041542053,Llama-3-8B-Q4,2025-05-21T08:50:25.237614
Which celestial object listed below has the greatest density? (Answer: D),0.7,512,0,1747771115.8220608,2025-05-20T19:58:35.822071,0.15338054299354553,0.34123164415359497,Llama-3-8B-Q4,2025-05-21T08:50:25.645590
"Explain what this code does:
def function_58(x): return x * 2",0.7,512,0,1747771144.720249,2025-05-20T19:59:04.720261,0.1517472267150879,0.3377903699874878,Llama-3-8B-Q4,2025-05-21T08:50:25.974791
"In 1861, the state seceded from the United States to become part of the Confederate States of America, with Montgomery acting as its first capital, and rejoined the Union in 1868.",0.7,512,0,1747771173.2722692,2025-05-20T19:59:33.272274,0.18463540077209473,0.3662616014480591,Llama-3-8B-Q4,2025-05-21T08:50:26.286340
"Explain what this code does:
def function_24(x): return x * 2",0.7,512,0,1747771202.096278,2025-05-20T20:00:02.096283,0.18619123101234436,0.3704858720302582,Llama-3-8B-Q4,2025-05-21T08:50:26.611480
", Alabama has the sixth highest poverty rate among states in the U.S.",0.7,512,1,1747771072.097173,2025-05-20T19:57:52.097183,0.20463931560516357,0.38383936882019043,Llama-3-8B-Q4,2025-05-21T08:50:29.596443
"Of those who indicated a religious preference, 59% said they possessed a ""full understanding"" of their faith and needed no further learning.",0.7,512,1,1747771101.279437,2025-05-20T19:58:21.279446,0.19908615946769714,0.37377095222473145,Llama-3-8B-Q4,2025-05-21T08:50:29.902828
"Explain what this code does:
def function_33(x): return x * 2",0.7,512,1,1747771130.1956134,2025-05-20T19:58:50.195619,0.20019586384296417,0.37627869844436646,Llama-3-8B-Q4,2025-05-21T08:50:30.312214
"Explain what this code does:
def function_57(x): return x * 2",0.7,512,1,1747771158.8709335,2025-05-20T19:59:18.870943,0.19881129264831543,0.37446677684783936,Llama-3-8B-Q4,2025-05-21T08:50:30.703978
(A Birmingham city ordinance would have raised theirs to $10.10.),0.7,512,1,1747771187.4280806,2025-05-20T19:59:47.428090,0.19391494989395142,0.36481693387031555,Llama-3-8B-Q4,2025-05-21T08:50:31.048981
"Its oldest city is Mobile, founded by French colonists in 1702 as the capital of French Louisiana.",0.7,512,0,1747771232.1232448,2025-05-20T20:00:32.123257,0.1874130517244339,0.372452050447464,Llama-3-8B-Q4,2025-05-21T08:50:34.120373
The state has numerous place names of Native American origin.,0.7,512,0,1747771260.7338705,2025-05-20T20:01:00.733880,0.18907175958156586,0.3763693869113922,Llama-3-8B-Q4,2025-05-21T08:50:34.488008
"Law and government  State government  The foundational document for Alabama's government is the Alabama Constitution, which was ratified in 1901.",0.7,512,0,1747771289.5534198,2025-05-20T20:01:29.553424,0.18669359385967255,0.3711705803871155,Llama-3-8B-Q4,2025-05-21T08:50:34.791620
"She's standing among other students, but they all work alone, with the help of teachers calling out corrections from the front of the room.",0.7,512,0,1747771318.1287577,2025-05-20T20:01:58.128771,0.17508816719055176,0.3505343496799469,Llama-3-8B-Q4,2025-05-21T08:50:35.097025
"This week marks the world premiere of Frame by Frame, The National Ballet of Canada's new full length ballet based on the life and work of innovative filmmaker Norman McLaren.",0.7,512,0,1747771347.2279744,2025-05-20T20:02:27.227985,0.1817864328622818,0.3615943193435669,Llama-3-8B-Q4,2025-05-21T08:50:35.411312
"However, there are no correspondingly similar words in the Alabama language.",0.7,512,1,1747771217.4962482,2025-05-20T20:00:17.496258,0.19668930768966675,0.3711026906967163,Llama-3-8B-Q4,2025-05-21T08:50:38.351490
The male insects in a population are treated to prevent sperm production. Would this reduce this insect population? (Answer: C),0.7,512,1,1747771246.244173,2025-05-20T20:00:46.244183,0.1961509883403778,0.36983540654182434,Llama-3-8B-Q4,2025-05-21T08:50:38.717025
"With the rise of organised hierarchical bodies, scepticism toward authority also rose.",0.7,512,1,1747771274.9853554,2025-05-20T20:01:14.985360,0.1945468783378601,0.36633116006851196,Llama-3-8B-Q4,2025-05-21T08:50:39.025160
George wants to warm his hands quickly by rubbing them. Which skin surface will produce the most heat? (Answer: A),0.7,512,1,1747771303.7306924,2025-05-20T20:01:43.730697,0.19604842364788055,0.3680667281150818,Llama-3-8B-Q4,2025-05-21T08:50:39.485109
"However, the link to climate change has not been explored to date and it is unclear whether or not this represents an ongoing trend.",0.7,512,1,1747771332.7420366,2025-05-20T20:02:12.742050,0.19536229968070984,0.36815348267555237,Llama-3-8B-Q4,2025-05-21T08:50:39.805747
"""Showing can be more effective than telling.",0.7,512,0,1747771376.571502,2025-05-20T20:02:56.571511,0.18025906383991241,0.3596936762332916,Llama-3-8B-Q4,2025-05-21T08:50:42.656115
The use of state names derived from Native American languages is common in the U.S.; an estimated 27 states have names of Native American origin.,0.7,512,0,1747771405.828709,2025-05-20T20:03:25.828717,0.18665963411331177,0.37189626693725586,Llama-3-8B-Q4,2025-05-21T08:50:42.972186
Trees most likely change the environment in which they are located by (Answer: D),0.7,512,0,1747771434.1347437,2025-05-20T20:03:54.134752,0.1816462129354477,0.3619617521762848,Llama-3-8B-Q4,2025-05-21T08:50:43.429274
"Generally prohibited in the West at large, school corporal punishment is not unusual in Alabama, with 27,260 public school students paddled at least one time, according to government data for the 2011–2012 school year.",0.7,512,0,1747771462.8805926,2025-05-20T20:04:22.880601,0.18801318109035492,0.3628828227519989,Llama-3-8B-Q4,2025-05-21T08:50:43.748404
Coal is solid rock that began as organic material that was deposited in a swamp. The formation of coal suggests that (Answer: D),0.7,512,0,1747771492.0270083,2025-05-20T20:04:52.027013,0.19288265705108643,0.37023085355758667,Llama-3-8B-Q4,2025-05-21T08:50:44.065295
"There was also a cursive style used for everyday or utilitarian writing, which was done on more perishable surfaces.",0.7,512,1,1747771361.961595,2025-05-20T20:02:41.961608,0.19759875535964966,0.37116482853889465,Llama-3-8B-Q4,2025-05-21T08:50:46.869537
"Explain what this code does:
def function_2(x): return x * 2",0.7,512,1,1747771391.1075847,2025-05-20T20:03:11.107597,0.20522476732730865,0.385057270526886,Llama-3-8B-Q4,2025-05-21T08:50:47.346595
Why do areas in the middle of a large continent generally have more extreme differences in temperature than areas near the coastline? (Answer: D),0.7,512,1,1747771419.8381279,2025-05-20T20:03:39.838141,0.195826917886734,0.3688894510269165,Llama-3-8B-Q4,2025-05-21T08:50:47.818153
Many thought that the story was too light compared to historically based stories.,0.7,512,1,1747771448.1662047,2025-05-20T20:04:08.166217,0.19815176725387573,0.37365952134132385,Llama-3-8B-Q4,2025-05-21T08:50:48.251419
"In contemporary anarchism, this current survives as a tendency to support polyamory and queer anarchism.",0.7,512,1,1747771477.1737838,2025-05-20T20:04:37.173793,0.19257564842700958,0.3627304434776306,Llama-3-8B-Q4,2025-05-21T08:50:48.607328
"The grouping of disorders, including PDD-NOS, autism, Asperger syndrome, Rett syndrome, and CDD, has been removed and replaced with the general term of Autism Spectrum Disorders.",0.7,512,1,1747771507.4977725,2025-05-20T20:05:07.497788,0.20101571083068848,0.377921998500824,Llama-3-8B-Q4,2025-05-21T08:50:51.283212
Pro tip: The heel is centered under the body so you can feel confident and stable!,0.7,512,1,1747771536.0364048,2025-05-20T20:05:36.036419,0.19950518012046814,0.37591269612312317,Llama-3-8B-Q4,2025-05-21T08:50:51.581432
The Alabama Alcoholic Beverage Control Board controls the sale and distribution of alcoholic beverages in the state.,0.7,512,1,1747771565.2803628,2025-05-20T20:06:05.280371,0.20875206589698792,0.390803724527359,Llama-3-8B-Q4,2025-05-21T08:50:51.871223
"Numerous candidate genes have been located, with only small effects attributable to any particular gene.",0.7,512,1,1747771593.4904456,2025-05-20T20:06:33.490455,0.19862526655197144,0.37466517090797424,Llama-3-8B-Q4,2025-05-21T08:50:52.232990
The dancers currently have little information about the search process and plans to move forward.,0.7,512,1,1747771622.200988,2025-05-20T20:07:02.201002,0.19858653843402863,0.37361013889312744,Llama-3-8B-Q4,2025-05-21T08:50:52.524136
"For example, the effects of a spectrally responsive albedo are illustrated by the differences between the spectrally weighted albedo of solar photovoltaic technology based on hydrogenated amorphous silicon (a-Si:H) and crystalline silicon (c-Si)-based compared to traditional spectral-integrated albedo predictions.",0.7,512,0,1747771522.1819909,2025-05-20T20:05:22.181996,0.21851199865341187,0.37602749466896057,Llama-3-8B-Q4,2025-05-21T08:50:55.444597
Why are alternative fuels being used in some automobiles? (Answer: B),0.7,512,0,1747771551.1797764,2025-05-20T20:05:51.179786,0.22548331320285797,0.3855474591255188,Llama-3-8B-Q4,2025-05-21T08:50:55.816234
"Ports The Port of Mobile, Alabama's only saltwater port, is a large seaport on the Gulf of Mexico with inland waterway access to the Midwest by way of the Tennessee–Tombigbee Waterway.",0.7,512,0,1747771579.599562,2025-05-20T20:06:19.599567,0.2263050377368927,0.3875807821750641,Llama-3-8B-Q4,2025-05-21T08:50:56.165661
The Bay County Sheriff’s Office has arrested four men from Atlanta after they allegedly hired local transients to cash fraudulent checks for them using stolen personal information.,0.7,512,0,1747771607.886102,2025-05-20T20:06:47.886111,0.2253095656633377,0.38477253913879395,Llama-3-8B-Q4,2025-05-21T08:50:56.530393
"Explain what this code does:
def function_44(x): return x * 2",0.7,512,0,1747771636.7516735,2025-05-20T20:07:16.751682,0.22188733518123627,0.38027703762054443,Llama-3-8B-Q4,2025-05-21T08:50:56.878089
What do earthquakes tell scientists about the history of the planet? (Answer: B),0.7,512,1,1747771651.826482,2025-05-20T20:07:31.826496,0.20408445596694946,0.3821212947368622,Llama-3-8B-Q4,2025-05-21T08:50:59.336604
This coincided with its failure to gain traction in Northern Europe and its unprecedented height in Latin America.,0.7,512,1,1747771680.5354123,2025-05-20T20:08:00.535426,0.19578737020492554,0.3698410987854004,Llama-3-8B-Q4,2025-05-21T08:50:59.675505
Puddles on a sidewalk are evaporating quickly. What most likely causes the puddles to evaporate? (Answer: A),0.7,512,1,1747771709.3827484,2025-05-20T20:08:29.382758,0.19426436722278595,0.3669351637363434,Llama-3-8B-Q4,2025-05-21T08:51:00.016444
After almost 20 years there are countless things.,0.7,512,1,1747771738.068177,2025-05-20T20:08:58.068186,0.1927385926246643,0.3633902966976166,Llama-3-8B-Q4,2025-05-21T08:51:00.373915
"In Alabama, majority-white districts are now expected to regularly elect Republican candidates to federal, state and local office.",0.7,512,1,1747771766.997246,2025-05-20T20:09:26.997255,0.19918742775917053,0.3737885057926178,Llama-3-8B-Q4,2025-05-21T08:51:00.709928
Subscribe Also see,0.7,512,0,1747771666.4439752,2025-05-20T20:07:46.444001,0.22859105467796326,0.39211925864219666,Llama-3-8B-Q4,2025-05-21T08:51:02.522805
"For those looking to prepare for the exam, the post recommends going to the AWS Training website and working on the Advanced Architecting on AWS and Security Operations on AWS trainings.",0.7,512,0,1747771695.343652,2025-05-20T20:08:15.343657,0.22794663906097412,0.38916364312171936,Llama-3-8B-Q4,2025-05-21T08:51:02.879639
"One thing to note: If you need more users, you'll create them from the command line (in similar fashion as you did above).",0.7,512,0,1747771723.8929577,2025-05-20T20:08:43.892973,0.22232890129089355,0.3809278607368469,Llama-3-8B-Q4,2025-05-21T08:51:03.217787
"Given the long history of slavery and associated racial segregation, the Native American peoples, who have sometimes been of mixed race, have insisted on having their cultural identification respected.",0.7,512,0,1747771752.790046,2025-05-20T20:09:12.790051,0.22311025857925415,0.3816763162612915,Llama-3-8B-Q4,2025-05-21T08:51:03.555519
"Acquiring language before age six, having an IQ above 50, and having a marketable skill all predict better outcomes; independent living is unlikely with severe autism.",0.7,512,0,1747771781.6078346,2025-05-20T20:09:41.607843,0.215191051363945,0.3701174259185791,Llama-3-8B-Q4,2025-05-21T08:51:03.947444
"Photo by Walter E. Owen, Courtesy Dance Magazine Archives.",0.7,512,0,1747771811.851257,2025-05-20T20:10:11.851267,0.22237995266914368,0.38277265429496765,Llama-3-8B-Q4,2025-05-21T08:51:06.566721
"At the same time, many rural people migrated to the city of Birmingham to work in new industrial jobs.",0.7,512,0,1747771840.4734826,2025-05-20T20:10:40.473488,0.228041410446167,0.38922473788261414,Llama-3-8B-Q4,2025-05-21T08:51:06.905147
"While medications have not been found to help with core symptoms, they may be used for associated symptoms, such as irritability, inattention, or repetitive behavior patterns.",0.7,512,0,1747771869.0192542,2025-05-20T20:11:09.019260,0.2352907657623291,0.4008592963218689,Llama-3-8B-Q4,2025-05-21T08:51:07.252393
"No single repetitive or self-injurious behavior seems to be specific to autism, but autism appears to have an elevated pattern of occurrence and severity of these behaviors.",0.7,512,0,1747771897.597779,2025-05-20T20:11:37.597785,0.22333215177059174,0.3823204040527344,Llama-3-8B-Q4,2025-05-21T08:51:07.599192
"One was located at a business on East Avenue and contact was made with Clarence Suggs, age 27, and Reginald Hughes, age 26.",0.7,512,0,1747771926.3287156,2025-05-20T20:12:06.328721,0.22677776217460632,0.39009594917297363,Llama-3-8B-Q4,2025-05-21T08:51:07.946875
What characteristic of DNA results in cell differentiation in developing embryos? (Answer: C),0.7,512,1,1747771796.927571,2025-05-20T20:09:56.927584,0.20092768967151642,0.3775255084037781,Llama-3-8B-Q4,2025-05-21T08:51:10.519712
"The total effects were greater on the black community, as almost all its citizens were disfranchised and relegated to separate and unequal treatment under the law.",0.7,512,1,1747771826.04606,2025-05-20T20:10:26.046069,0.19606438279151917,0.3698345422744751,Llama-3-8B-Q4,2025-05-21T08:51:10.857879
The current governor is Republican Kay Ivey.,0.7,512,1,1747771854.623251,2025-05-20T20:10:54.623261,0.20373184978961945,0.3828795850276947,Llama-3-8B-Q4,2025-05-21T08:51:11.194679
Contemporary news coverage which emphasizes black bloc demonstrations has reinforced anarchism's historical association with chaos and violence.,0.7,512,1,1747771883.2264574,2025-05-20T20:11:23.226467,0.19492298364639282,0.3673423230648041,Llama-3-8B-Q4,2025-05-21T08:51:11.541314
"In a food pyramid, which best explains why the number of organisms decreases from one trophic level to the next? (Answer: B)",0.7,512,1,1747771911.8459146,2025-05-20T20:11:51.845922,0.19910646975040436,0.3738695979118347,Llama-3-8B-Q4,2025-05-21T08:51:11.879803
"Snowflakes of the original cast, ""The Nutcracker"" at the Mariinsky Theatre, 1892.",0.7,512,1,1747771941.2439353,2025-05-20T20:12:21.243941,0.20084355771541595,0.3819037675857544,Llama-3-8B-Q4,2025-05-21T08:51:13.697977
The following mathematical expressions represent four different concentrations of a chemical solution to be used in a science experiment. Which one is equal in magnitude to 1/1000? (Answer: C),0.7,512,1,1747771969.7657967,2025-05-20T20:12:49.765802,0.2008017599582672,0.378375768661499,Llama-3-8B-Q4,2025-05-21T08:51:14.047072
No babbling by 12 months.,0.7,512,1,1747771999.2860248,2025-05-20T20:13:19.286035,0.21008116006851196,0.3937855064868927,Llama-3-8B-Q4,2025-05-21T08:51:14.386303
"Explain what this code does:
def function_56(x): return x * 2",0.7,512,1,1747772028.2643044,2025-05-20T20:13:48.264314,0.20615659654140472,0.38720354437828064,Llama-3-8B-Q4,2025-05-21T08:51:14.733232
"Explain what this code does:
def function_36(x): return x * 2",0.7,512,1,1747772057.1297214,2025-05-20T20:14:17.129731,0.2073579579591751,0.38938722014427185,Llama-3-8B-Q4,2025-05-21T08:51:15.155266
"All of them compared gluten- and casein-free diet versus normal diet with a control group (2 double-blind randomized controlled trials, 1 double-blind crossover trial, 1 single-blind trial).",0.7,512,0,1747771955.8631403,2025-05-20T20:12:35.863145,0.22352728247642517,0.382228285074234,Llama-3-8B-Q4,2025-05-21T08:51:16.781589
Log out and log back in with your new credentials.,0.7,512,0,1747771984.2624626,2025-05-20T20:13:04.262467,0.22799745202064514,0.3896312117576599,Llama-3-8B-Q4,2025-05-21T08:51:17.219107
"Heat, light, and sound are all different forms of ___. (Answer: B)",0.7,512,0,1747772013.7122073,2025-05-20T20:13:33.712212,0.23046830296516418,0.39506274461746216,Llama-3-8B-Q4,2025-05-21T08:51:17.650990
"Explain what this code does:
def function_81(x): return x * 2",0.7,512,0,1747772042.6232538,2025-05-20T20:14:02.623264,0.23384398221969604,0.3995913565158844,Llama-3-8B-Q4,2025-05-21T08:51:18.086245
"Explain what this code does:
def function_93(x): return x * 2",0.7,512,0,1747772072.5689306,2025-05-20T20:14:32.568936,0.2332807034254074,0.39865046739578247,Llama-3-8B-Q4,2025-05-21T08:51:18.524208
"These kinds of groups more often than not interconnect with each other, forming larger networks.",0.7,512,0,1747772102.457008,2025-05-20T20:15:02.457016,0.22556892037391663,0.38634297251701355,Llama-3-8B-Q4,2025-05-21T08:51:20.903057
Three transients have also been arrested for their participation.,0.7,512,0,1747772131.0335464,2025-05-20T20:15:31.033556,0.22765350341796875,0.3889879286289215,Llama-3-8B-Q4,2025-05-21T08:51:21.298063
What do cells break down to produce energy? (Answer: A),0.7,512,0,1747772159.5073183,2025-05-20T20:15:59.507324,0.2365928441286087,0.40290379524230957,Llama-3-8B-Q4,2025-05-21T08:51:21.665028
Alabama was under military rule from the end of the war in May 1865 until its official restoration to the Union in 1868.,0.7,512,0,1747772187.8112943,2025-05-20T20:16:27.811299,0.23268167674541473,0.3965367078781128,Llama-3-8B-Q4,2025-05-21T08:51:22.005286
"Jackson, Harvey H. Inside Alabama: A Personal History of My State (2004).",0.7,512,0,1747772217.1679935,2025-05-20T20:16:57.168001,0.23141050338745117,0.39544451236724854,Llama-3-8B-Q4,2025-05-21T08:51:22.345457
A chemical property of a mineral is evident if the mineral (Answer: 2),0.7,512,1,1747772087.7001762,2025-05-20T20:14:47.700186,0.20203948020935059,0.37994489073753357,Llama-3-8B-Q4,2025-05-21T08:51:25.385810
"Sun Jie, a coach and men's teacher at BDA since 2008, explains how introducing works from Western choreographers has broadened the overall abilities of Chinese ballet dancers.",0.7,512,1,1747772116.4116802,2025-05-20T20:15:16.411690,0.1969887614250183,0.37074562907218933,Llama-3-8B-Q4,2025-05-21T08:51:25.779445
The victim was interviewed at Gulf Coast Children’s Advocacy Center.,0.7,512,1,1747772145.0505557,2025-05-20T20:15:45.050561,0.20240400731563568,0.379655659198761,Llama-3-8B-Q4,2025-05-21T08:51:26.158669
"The Legislature is responsible for writing, debating, passing, or defeating state legislation.",0.7,512,1,1747772173.4997747,2025-05-20T20:16:13.499780,0.20619337260723114,0.3864244222640991,Llama-3-8B-Q4,2025-05-21T08:51:26.506954
"""It's not just a few ballet steps here and there; he asks you to fully engage with yourself, not only as a dancer but as an actor and a person.""",0.7,512,1,1747772202.1245008,2025-05-20T20:16:42.124516,0.19558493793010712,0.3689381778240204,Llama-3-8B-Q4,2025-05-21T08:51:26.841108
"Many of these attacks were done by individual assailants and the majority took place in the late 1870s, the early 1880s and the 1890s, with some still occurring in the early 1900s.",0.7,512,0,1747772246.9615886,2025-05-20T20:17:26.961600,0.22258208692073822,0.38207393884658813,Llama-3-8B-Q4,2025-05-21T08:51:29.863643
"Because of the constraints of the Alabama Constitution, which centralizes power in the state legislature, only seven counties (Jefferson, Lee, Mobile, Madison, Montgomery, Shelby, and Tuscaloosa) in the state have limited home rule.",0.7,512,0,1747772275.7224953,2025-05-20T20:17:55.722507,0.22873927652835846,0.39113715291023254,Llama-3-8B-Q4,2025-05-21T08:51:30.215914
Sleep problems affect about two-thirds of individuals with ASD at some point in childhood.,0.7,512,0,1747772305.3847246,2025-05-20T20:18:25.384730,0.23419508337974548,0.3991357386112213,Llama-3-8B-Q4,2025-05-21T08:51:30.563476
"Albedo in Astronomy  In astronomy, the term albedo can be defined in several different ways, depending upon the application and the wavelength of electromagnetic radiation involved.",0.7,512,0,1747772333.6976628,2025-05-20T20:18:53.697674,0.2317587286233902,0.3963997960090637,Llama-3-8B-Q4,2025-05-21T08:51:30.889726
"Data processing policies Companies need to do data process flow mapping to see what data is being collected, how it's being processed, and who is receiving processed copies, Rickard said.",0.7,512,0,1747772362.533681,2025-05-20T20:19:22.533690,0.22258329391479492,0.3804963231086731,Llama-3-8B-Q4,2025-05-21T08:51:31.227055
"Alabama English is predominantly Southern, and is related to South Midland speech which was taken across the border from Tennessee.",0.7,512,1,1747772232.1643066,2025-05-20T20:17:12.164314,0.19425320625305176,0.36650025844573975,Llama-3-8B-Q4,2025-05-21T08:51:34.299381
"The EU's General Data Protection Regulation (GDPR) went into effect in May, requiring all organizations that handle the data of EU citizens to comply with its provisions regarding collecting and using personal data.",0.7,512,1,1747772261.045175,2025-05-20T20:17:41.045180,0.20080137252807617,0.377492219209671,Llama-3-8B-Q4,2025-05-21T08:51:34.639156
Autism rights or neurodiversity advocates believe that the autism spectrum is genetic and should be accepted as a natural expression of the human genome.,0.7,512,1,1747772290.9134336,2025-05-20T20:18:10.913442,0.2031937837600708,0.3809376060962677,Llama-3-8B-Q4,2025-05-21T08:51:34.974802
The registration fee is $300.,0.7,512,1,1747772319.3482814,2025-05-20T20:18:39.348291,0.204408660531044,0.3831976354122162,Llama-3-8B-Q4,2025-05-21T08:51:35.321439
"This time around, everything went smoothly and I was able to log into the Gitstorage interface (Figure B).",0.7,512,1,1747772348.1212301,2025-05-20T20:19:08.121236,0.19966833293437958,0.3748604953289032,Llama-3-8B-Q4,2025-05-21T08:51:35.657493
"Unusual eating behavior occurs in about three-quarters of children with ASD, to the extent that it was formerly a diagnostic indicator.",0.7,512,1,1747772378.1879454,2025-05-20T20:19:38.187959,0.20174568891525269,0.3786376118659973,Llama-3-8B-Q4,2025-05-21T08:51:38.965275
"Over the past two decades, Java has arguably been the most successful programming language on the planet.",0.7,512,1,1747772406.9321678,2025-05-20T20:20:06.932177,0.20650321245193481,0.3856472969055176,Llama-3-8B-Q4,2025-05-21T08:51:39.262294
"The state legislature has retained power over local governments by refusing to pass a constitutional amendment establishing home rule for counties, as recommended by the 1973 Alabama Constitutional Commission.",0.7,512,1,1747772436.448587,2025-05-20T20:20:36.448601,0.19721126556396484,0.3700949549674988,Llama-3-8B-Q4,2025-05-21T08:51:39.561770
"The rural bias of the state legislature, which had also failed to redistrict seats in the state house, affected politics well into the 20th century, failing to recognize the rise of industrial cities and urbanized areas.",0.7,512,1,1747772464.8946598,2025-05-20T20:21:04.894665,0.19224444031715393,0.3619910478591919,Llama-3-8B-Q4,2025-05-21T08:51:39.861684
"Clouds keep Earth cool by reflecting sunlight, but they can also serve as blankets to trap warmth.""",0.7,512,1,1747772493.7278352,2025-05-20T20:21:33.727840,0.20376861095428467,0.38260751962661743,Llama-3-8B-Q4,2025-05-21T08:51:40.168105
One criticism of the current constitution claims that its complexity and length intentionally codify segregation and racism.,0.7,512,0,1747772392.848341,2025-05-20T20:19:52.848357,0.2244688868522644,0.384164959192276,Llama-3-8B-Q4,2025-05-21T08:51:43.316626
"Mohl, Raymond A.",0.7,512,0,1747772421.995361,2025-05-20T20:20:21.995375,0.22732901573181152,0.3887525200843811,Llama-3-8B-Q4,2025-05-21T08:51:43.608266
"Explain what this code does:
def function_6(x): return x * 2",0.7,512,0,1747772450.6821802,2025-05-20T20:20:50.682190,0.2310415804386139,0.3949996829032898,Llama-3-8B-Q4,2025-05-21T08:51:43.951571
Other anarchists advocated for or used art as a means to achieve anarchist ends.,0.7,512,0,1747772479.0876508,2025-05-20T20:21:19.087668,0.229033425450325,0.3905211389064789,Llama-3-8B-Q4,2025-05-21T08:51:44.287199
You can also login with the non-admin user you created.,0.7,512,0,1747772508.9587963,2025-05-20T20:21:48.958800,0.2277268022298813,0.38969120383262634,Llama-3-8B-Q4,2025-05-21T08:51:44.649188
"Critics argue that Alabama's constitution maintains highly centralized power with the state legislature, leaving practically no power in local hands.",0.7,512,1,1747772524.1455944,2025-05-20T20:22:04.145600,0.19592706859111786,0.36796990036964417,Llama-3-8B-Q4,2025-05-21T08:51:47.697050
"Explain what this code does:
def function_76(x): return x * 2",0.7,512,1,1747772553.5039737,2025-05-20T20:22:33.503979,0.20117463171482086,0.37793993949890137,Llama-3-8B-Q4,2025-05-21T08:51:48.008064
"Ferrer's approach was secular, rejecting both state and church involvement in the educational process whilst giving pupils large amounts of autonomy in planning their work and attendance.",0.7,512,1,1747772583.1515322,2025-05-20T20:23:03.151537,0.19191545248031616,0.36148759722709656,Llama-3-8B-Q4,2025-05-21T08:51:48.307445
"As part of an experiment, an astronaut takes a scale to the Moon and weighs himself. The scale reads 31 pounds. If the astronaut has a mass of about 84 kilograms, which are the approximate weight and mass of the astronaut when standing on the Earth? (Answer: D)",0.7,512,1,1747772612.1165102,2025-05-20T20:23:32.116519,0.20509304106235504,0.3712528347969055,Llama-3-8B-Q4,2025-05-21T08:51:48.683130
"Since the mid- to late 20th century, however, white conservatives started shifting to the Republican Party.",0.7,512,1,1747772641.214436,2025-05-20T20:24:01.214441,0.21524998545646667,0.3889119625091553,Llama-3-8B-Q4,2025-05-21T08:51:49.057563
"Autistic people may be severely impaired in some respects but average, or even superior, in others.",0.7,512,0,1747772539.545261,2025-05-20T20:22:19.545273,0.2286035567522049,0.38994067907333374,Llama-3-8B-Q4,2025-05-21T08:51:52.125953
"There are two intermediate appellate courts, the Court of Civil Appeals and the Court of Criminal Appeals, and four trial courts: the circuit court (trial court of general jurisdiction), and the district, probate, and municipal courts.",0.7,512,0,1747772568.6289668,2025-05-20T20:22:48.628982,0.23366685211658478,0.3985768258571625,Llama-3-8B-Q4,2025-05-21T08:51:52.448265
Which of these is never found in prokaryotic cells? (Answer: D),0.7,512,0,1747772597.8696208,2025-05-20T20:23:17.869654,0.23002922534942627,0.3932127356529236,Llama-3-8B-Q4,2025-05-21T08:51:52.901429
"In Greek handwriting, it was common to join the left leg and horizontal stroke into a single loop, as demonstrated by the uncial version shown.",0.7,512,0,1747772626.5322196,2025-05-20T20:23:46.532224,0.2214614301919937,0.3782273828983307,Llama-3-8B-Q4,2025-05-21T08:51:53.225953
"When a mirror is placed by a fish bowl with a beta fish swimming inside, the beta fish sees what appears to be another fish. This occurs because of (Answer: C)",0.7,512,0,1747772656.3865616,2025-05-20T20:24:16.386575,0.22918938100337982,0.39144694805145264,Llama-3-8B-Q4,2025-05-21T08:51:53.609737
"Civil War and Reconstruction  By 1860, the population had increased to 964,201 people, of which nearly half, 435,080, were enslaved African Americans, and 2,690 were free people of color.",0.7,512,0,1747772686.8835068,2025-05-20T20:24:46.883528,0.22252827882766724,0.3818224370479584,Llama-3-8B-Q4,2025-05-21T08:51:56.941942
"Explain what this code does:
def function_46(x): return x * 2",0.7,512,0,1747772715.451465,2025-05-20T20:25:15.451478,0.22983893752098083,0.39301633834838867,Llama-3-8B-Q4,2025-05-21T08:51:57.283771
"During a search warrant on the two vehicles two printers, blank checks, cash, and a computer with check-making software were located and seized.",0.7,512,0,1747772744.3638203,2025-05-20T20:25:44.363829,0.22313599288463593,0.38149139285087585,Llama-3-8B-Q4,2025-05-21T08:51:57.644540
"Instead of people being able to control the aspects of their life, major decisions are taken by a small elite.",0.7,512,0,1747772772.8934255,2025-05-20T20:26:12.893440,0.22331605851650238,0.38259249925613403,Llama-3-8B-Q4,2025-05-21T08:51:57.977919
"Explain what this code does:
def function_28(x): return x * 2",0.7,512,0,1747772802.4570954,2025-05-20T20:26:42.457101,0.23224562406539917,0.3969164192676544,Llama-3-8B-Q4,2025-05-21T08:51:58.415940
"1892 ""Nutcracker"" costume sketch by Ivan Vsevolozhsky of the Sugar Plum Fairy's retinue.",0.7,512,1,1747772671.905522,2025-05-20T20:24:31.905531,0.20410093665122986,0.37152788043022156,Llama-3-8B-Q4,2025-05-21T08:52:01.498793
What parts of your life outside of ballet do you most look forward to cultivating now that you'll have more time on your hands?,0.7,512,1,1747772700.6902385,2025-05-20T20:25:00.690244,0.20977485179901123,0.37923887372016907,Llama-3-8B-Q4,2025-05-21T08:52:01.899086
NYCB's Brittany Pollack and Chase Finlay in the grand pas de deux toe slide.,0.7,512,1,1747772729.9146056,2025-05-20T20:25:29.914615,0.1955135464668274,0.3607165217399597,Llama-3-8B-Q4,2025-05-21T08:52:02.296541
"Explain what this code does:
def function_40(x): return x * 2",0.7,512,1,1747772758.6364677,2025-05-20T20:25:58.636473,0.21374954283237457,0.38672935962677,Llama-3-8B-Q4,2025-05-21T08:52:02.683606
"Some days you might not feel good about yourself, or things in your body might not be working well—every day is different.",0.7,512,1,1747772787.608922,2025-05-20T20:26:27.608927,0.20926827192306519,0.37803369760513306,Llama-3-8B-Q4,2025-05-21T08:52:02.979586
"Explain what this code does:
def function_20(x): return x * 2",0.7,512,1,1747772817.618282,2025-05-20T20:26:57.618290,0.21374410390853882,0.3863620162010193,Llama-3-8B-Q4,2025-05-21T08:52:05.980849
Could some of us be out of a job?,0.7,512,1,1747772846.440574,2025-05-20T20:27:26.440578,0.20257194340229034,0.36766713857650757,Llama-3-8B-Q4,2025-05-21T08:52:06.298494
"For instance, Birmingham and Jefferson County taxes had supplied one-third of the state budget, but Jefferson County received only 1/67th of state services in funding.",0.7,512,1,1747772875.527683,2025-05-20T20:27:55.527688,0.2048131674528122,0.3706521987915039,Llama-3-8B-Q4,2025-05-21T08:52:06.601492
"In geometry, capital A, B, C etc.",0.7,512,1,1747772904.5316238,2025-05-20T20:28:24.531635,0.21239396929740906,0.3833443820476532,Llama-3-8B-Q4,2025-05-21T08:52:06.949788
European settlement  The Spanish were the first Europeans to reach Alabama during their exploration of North America in the 16th century.,0.7,512,1,1747772933.2991364,2025-05-20T20:28:53.299142,0.2155349999666214,0.38945361971855164,Llama-3-8B-Q4,2025-05-21T08:52:07.358878
Which term best describes the life cycle of an insect that reaches the adult stage without being a pupa? (Answer: A),0.7,512,0,1747772832.3715513,2025-05-20T20:27:12.371561,0.2287304848432541,0.3908389210700989,Llama-3-8B-Q4,2025-05-21T08:52:10.454026
"The Gulf Coast, around Mobile Bay, averages between 70 and 80 days per year with thunder reported.",0.7,512,0,1747772860.9687972,2025-05-20T20:27:40.968802,0.22808334231376648,0.3892834484577179,Llama-3-8B-Q4,2025-05-21T08:52:10.796781
"Anarchists also reinforced their propaganda within the arts, some of whom practiced naturism and nudism.",0.7,512,0,1747772890.230528,2025-05-20T20:28:10.230542,0.22169551253318787,0.3791727125644684,Llama-3-8B-Q4,2025-05-21T08:52:11.095052
"During the antebellum period, Alabama was a major producer of cotton, and widely used African American slave labor.",0.7,512,0,1747772918.781023,2025-05-20T20:28:38.781032,0.23236581683158875,0.39545533061027527,Llama-3-8B-Q4,2025-05-21T08:52:11.405978
"If I can't describe what I want with words, I have to show them.""",0.7,512,0,1747772947.8359182,2025-05-20T20:29:07.835932,0.2232891023159027,0.383167028427124,Llama-3-8B-Q4,2025-05-21T08:52:11.792413
"Many common hand tools create a mechanical advantage by using the basic principles found in simple machines. For example, a screwdriver uses the principles of the wheel and axle. In order to increase gripping force, pliers use the principle demonstrated in the (Answer: B)",0.7,512,1,1747772962.7217522,2025-05-20T20:29:22.721765,0.1988963484764099,0.36245110630989075,Llama-3-8B-Q4,2025-05-21T08:52:15.036495
"The ethereal twinkling sound in the Sugar Plum Fairy's solo comes from the celesta, a rare instrument Tchaikovsky heard in France.",0.7,512,1,1747772991.3650641,2025-05-20T20:29:51.365075,0.2062065601348877,0.3747330605983734,Llama-3-8B-Q4,2025-05-21T08:52:15.410535
"They wrote another constitution in 1875, and the legislature passed the Blaine Amendment, prohibiting public money from being used to finance religious-affiliated schools.",0.7,512,1,1747773019.9013712,2025-05-20T20:30:19.901377,0.20684361457824707,0.3748955726623535,Llama-3-8B-Q4,2025-05-21T08:52:15.717315
"In the Sasanian Empire, Mazdak called for an egalitarian society and the abolition of monarchy, only to be soon executed by Emperor Kavad I.",0.7,512,1,1747773049.5161662,2025-05-20T20:30:49.516179,0.20743831992149353,0.3758259415626526,Llama-3-8B-Q4,2025-05-21T08:52:16.046495
"Functional friendships, such as those resulting in invitations to parties, may affect the quality of life more deeply.",0.7,512,1,1747773078.7532802,2025-05-20T20:31:18.753286,0.20489567518234253,0.37210196256637573,Llama-3-8B-Q4,2025-05-21T08:52:16.360787
"A. John Simmons and Leslie Green, who leaned toward philosophical anarchism, believed that the state could be legitimate if it is governed by consensus, although they saw this as highly unlikely.",0.7,512,0,1747772977.4871042,2025-05-20T20:29:37.487113,0.22025419771671295,0.3784630298614502,Llama-3-8B-Q4,2025-05-21T08:52:19.384022
New York City Ballet principal dancer Rebecca Krohn will take her final bow with the company this Saturday night.,0.7,512,0,1747773005.7906477,2025-05-20T20:30:05.790660,0.23426610231399536,0.39917632937431335,Llama-3-8B-Q4,2025-05-21T08:52:19.810016
"Hatchling sea turtles are typically dark in color. Occasionally, a sea turtle hatches that is almost white in color. When crawling from the nest on the beach to the ocean, this light-colored sea turtle could be at risk for sunburn. The light color of the turtles would most likely (Answer: C)",0.7,512,0,1747773034.4262848,2025-05-20T20:30:34.426298,0.22389058768749237,0.38371846079826355,Llama-3-8B-Q4,2025-05-21T08:52:20.241997
Which of these human activities does not contribute to the extinction of species? (Answer: C),0.7,512,0,1747773064.2156944,2025-05-20T20:31:04.215707,0.23158836364746094,0.3965980112552643,Llama-3-8B-Q4,2025-05-21T08:52:20.570046
How long does it take for Earth to rotate on its axis seven times? (Answer: B),0.7,512,0,1747773093.5240483,2025-05-20T20:31:33.524053,0.23585985600948334,0.40203097462654114,Llama-3-8B-Q4,2025-05-21T08:52:20.942555
"The first community of adherents of the Baháʼí Faith in Alabama was founded in 1896 by Paul K. Dealy, who moved from Chicago to Fairhope.",0.7,512,0,1747773123.2509446,2025-05-20T20:32:03.250950,0.23495274782180786,0.4018317759037018,Llama-3-8B-Q4,2025-05-21T08:52:24.020404
No known medication relieves autism's core symptoms of social and communication impairments.,0.7,512,0,1747773151.383539,2025-05-20T20:32:31.383546,0.23813381791114807,0.40580639243125916,Llama-3-8B-Q4,2025-05-21T08:52:24.400199
"Explain what this code does:
def function_31(x): return x * 2",0.7,512,0,1747773180.2092435,2025-05-20T20:33:00.209249,0.23626618087291718,0.40325993299484253,Llama-3-8B-Q4,2025-05-21T08:52:24.718096
"Explain what this code does:
def function_35(x): return x * 2",0.7,512,0,1747773209.0461497,2025-05-20T20:33:29.046155,0.23523710668087006,0.40125513076782227,Llama-3-8B-Q4,2025-05-21T08:52:25.091568
"34 total views, 34 views today Share Us",0.7,512,0,1747773238.0497038,2025-05-20T20:33:58.049718,0.23048321902751923,0.3954213261604309,Llama-3-8B-Q4,2025-05-21T08:52:25.395114
"Because light specularly reflected from water does not usually reach the viewer, water is usually considered to have a very low albedo in spite of its high reflectivity at high angles of incident light.",0.7,512,1,1747773108.3605065,2025-05-20T20:31:48.360522,0.2055242657661438,0.37103909254074097,Llama-3-8B-Q4,2025-05-21T08:52:28.763749
"As it appeals to both emotion and reason, art could appeal to the whole human and have a powerful effect.",0.7,512,1,1747773137.1201456,2025-05-20T20:32:17.120151,0.21072018146514893,0.38096538186073303,Llama-3-8B-Q4,2025-05-21T08:52:29.154570
"In addition, Alabama produces aerospace and electronic products, mostly in the Huntsville area, the location of NASA's George C. Marshall Space Flight Center and the U.S. Army Materiel Command, headquartered at Redstone Arsenal.",0.7,512,1,1747773165.770302,2025-05-20T20:32:45.770307,0.21335196495056152,0.3848755359649658,Llama-3-8B-Q4,2025-05-21T08:52:29.492887
"Through many countries, individualist anarchism attracted a small yet diverse following of Bohemian artists and intellectuals as well as young anarchist outlaws in what became known as illegalism and individual reclamation.",0.7,512,1,1747773194.7739718,2025-05-20T20:33:14.773976,0.20657233893871307,0.3743380010128021,Llama-3-8B-Q4,2025-05-21T08:52:29.822878
"Explain what this code does:
def function_77(x): return x * 2",0.7,512,1,1747773223.701725,2025-05-20T20:33:43.701730,0.21404440701007843,0.38718733191490173,Llama-3-8B-Q4,2025-05-21T08:52:30.140090
That's something I'll never forget.,0.7,512,0,1747773267.8333938,2025-05-20T20:34:27.833404,0.2317708432674408,0.39574021100997925,Llama-3-8B-Q4,2025-05-21T08:52:33.464294
A number of dancers including New York City Ballet principal Russell Janzen will be acting as moving models.,0.7,512,0,1747773296.2391582,2025-05-20T20:34:56.239168,0.2277558147907257,0.3908022940158844,Llama-3-8B-Q4,2025-05-21T08:52:33.846377
"Explain what this code does:
def function_29(x): return x * 2",0.7,512,0,1747773325.000106,2025-05-20T20:35:25.000116,0.23433750867843628,0.39992043375968933,Llama-3-8B-Q4,2025-05-21T08:52:34.145362
Education  Primary and secondary education  Public primary and secondary education in Alabama is under the purview of the Alabama State Board of Education as well as local oversight by 67 county school boards and 60 city boards of education.,0.7,512,0,1747773353.6261182,2025-05-20T20:35:53.626124,0.23304344713687897,0.39823588728904724,Llama-3-8B-Q4,2025-05-21T08:52:34.470215
About half of people in their 20s with autism are not employed.,0.7,512,0,1747773382.157755,2025-05-20T20:36:22.157770,0.23741067945957184,0.4040839672088623,Llama-3-8B-Q4,2025-05-21T08:52:34.763153
Dumas even cheered up the name of the protagonist.,0.7,512,1,1747773253.1191363,2025-05-20T20:34:13.119142,0.20370575785636902,0.37058061361312866,Llama-3-8B-Q4,2025-05-21T08:52:37.841199
Cells are the basic unit of structure and function in all living organisms. Which describes the greatest difference between the cells of a baby gorilla and the cells of an adult gorilla? (Answer: A),0.7,512,1,1747773281.9929712,2025-05-20T20:34:41.992981,0.21484316885471344,0.3885246813297272,Llama-3-8B-Q4,2025-05-21T08:52:38.331541
"A total of 387 schools, seven teachers' houses, and several vocational buildings were completed by 1937 in the state.",0.7,512,1,1747773310.717562,2025-05-20T20:35:10.717567,0.20419326424598694,0.37065285444259644,Llama-3-8B-Q4,2025-05-21T08:52:38.816870
"Bakunin saw the state as meaning ""coercion, domination by means of coercion, camouflaged if possible but unceremonious and overt if need be.""",0.7,512,1,1747773339.4041405,2025-05-20T20:35:39.404146,0.20766796171665192,0.37591609358787537,Llama-3-8B-Q4,2025-05-21T08:52:39.192958
"After bitter disputes, the Bakuninists were expelled from the International by the Marxists at the 1872 Hague Congress.",0.7,512,1,1747773367.8926342,2025-05-20T20:36:07.892639,0.21232149004936218,0.38368427753448486,Llama-3-8B-Q4,2025-05-21T08:52:39.536435
"Investigators now believe that four black males came from Atlanta to the Destin area on October 1, 2017, and rented two vehicles.",0.7,512,1,1747773396.9111948,2025-05-20T20:36:36.911200,0.2036084532737732,0.3688361644744873,Llama-3-8B-Q4,2025-05-21T08:52:42.617802
Greater Birmingham is Alabama's largest metropolitan area and its economic center.,0.7,512,1,1747773425.5777946,2025-05-20T20:37:05.577799,0.21666157245635986,0.3902159333229065,Llama-3-8B-Q4,2025-05-21T08:52:43.026919
A fold observed in layers of sedimentary rock most likely resulted from the (Answer: B),0.7,512,1,1747773454.7106295,2025-05-20T20:37:34.710634,0.2104288786649704,0.3821755349636078,Llama-3-8B-Q4,2025-05-21T08:52:43.386875
"In the carbon cycle, carbon moves from reservoir to reservoir as various organic and inorganic processes occur on Earth. Only a small percentage of the global carbon is moved in this cycle each year. The remaining carbon is stored in these reservoirs. Which reservoir contains the greatest amount of stored carbon? (Answer: D)",0.7,512,1,1747773483.643842,2025-05-20T20:38:03.643848,0.21220578253269196,0.37440112233161926,Llama-3-8B-Q4,2025-05-21T08:52:43.738412
San Francisco Ballet Honors Robbins Mysterious; romantic; witty; electrifying.,0.7,512,1,1747773512.0763338,2025-05-20T20:38:32.076339,0.20507897436618805,0.3643496632575989,Llama-3-8B-Q4,2025-05-21T08:52:44.222818
Legion Field is home of the UAB Blazers football program and the Birmingham Bowl.,0.7,512,0,1747773411.472807,2025-05-20T20:36:51.472812,0.23717105388641357,0.4035957455635071,Llama-3-8B-Q4,2025-05-21T08:52:47.427525
3.,0.7,512,0,1747773440.5593565,2025-05-20T20:37:20.559366,0.24082942306995392,0.4108898341655731,Llama-3-8B-Q4,2025-05-21T08:52:47.772137
The composition of soil influences the soil's ability to retain and transmit water and air. What soil type would be best for planting a productive garden? (Answer: B),0.7,512,0,1747773469.0604672,2025-05-20T20:37:49.060478,0.23022904992103577,0.3930951952934265,Llama-3-8B-Q4,2025-05-21T08:52:48.117260
"History  The earliest certain ancestor of ""A"" is aleph (also written 'aleph), the first letter of the Phoenician alphabet, which consisted entirely of consonants (for that reason, it is also called an abjad to distinguish it from a true alphabet).",0.7,512,0,1747773497.8700433,2025-05-20T20:38:17.870049,0.22248010337352753,0.38195645809173584,Llama-3-8B-Q4,2025-05-21T08:52:48.523467
"Immigration from outside the U.S. resulted in a net increase of 31,180 people, and migration within the country produced a net gain of 73,811 people.",0.7,512,0,1747773526.5876515,2025-05-20T20:38:46.587657,0.23282214999198914,0.39839231967926025,Llama-3-8B-Q4,2025-05-21T08:52:48.879924
Balanchine included Shiryaev's original choreography in his Nutcracker.,0.7,512,0,1747773555.7926757,2025-05-20T20:39:15.792681,0.230852410197258,0.3944985568523407,Llama-3-8B-Q4,2025-05-21T08:52:52.298587
"It has been established that vaccination is not a risk factor for autism and is not behind any increase in autism prevalence rates, if any change in the rate of autism exists at all.",0.7,512,0,1747773584.1518216,2025-05-20T20:39:44.151827,0.22777794301509857,0.38893795013427734,Llama-3-8B-Q4,2025-05-21T08:52:52.793046
A smooth metallic sphere would have .,0.7,512,0,1747773612.3603303,2025-05-20T20:40:12.360336,0.2244100272655487,0.3838542401790619,Llama-3-8B-Q4,2025-05-21T08:52:53.183176
"Explain what this code does:
def function_89(x): return x * 2",0.7,512,0,1747773640.98868,2025-05-20T20:40:40.988690,0.23286618292331696,0.39742976427078247,Llama-3-8B-Q4,2025-05-21T08:52:53.499749
An ice cube placed in sunlight melts quickly. Which BEST explains this event? (Answer: B),0.7,512,0,1747773669.742008,2025-05-20T20:41:09.742014,0.23173396289348602,0.39527955651283264,Llama-3-8B-Q4,2025-05-21T08:52:53.897308
"In two of the studies, whose duration was 12 and 24 months, a significant improvement in ASD symptoms (efficacy rate 50%) was identified.",0.7,512,1,1747773541.3552375,2025-05-20T20:39:01.355243,0.21257346868515015,0.37518972158432007,Llama-3-8B-Q4,2025-05-21T08:52:57.327083
Which geologic process most likely led to the uplifting of the Rocky Mountains? (Answer: C),0.7,512,1,1747773569.466209,2025-05-20T20:39:29.466214,0.21864721179008484,0.38558682799339294,Llama-3-8B-Q4,2025-05-21T08:52:57.743959
"Building a slide deck, pitch, or presentation?",0.7,512,1,1747773597.9641852,2025-05-20T20:39:57.964191,0.22185510396957397,0.39102888107299805,Llama-3-8B-Q4,2025-05-21T08:52:58.048254
"Since a direct connection from I-22 to I-422 will not be possible, I-222 has been proposed, as well.",0.7,512,1,1747773626.8587613,2025-05-20T20:40:26.858771,0.21441558003425598,0.3783367872238159,Llama-3-8B-Q4,2025-05-21T08:52:58.356070
"Explain what this code does:
def function_65(x): return x * 2",0.7,512,1,1747773655.5321403,2025-05-20T20:40:55.532152,0.22009244561195374,0.3886491358280182,Llama-3-8B-Q4,2025-05-21T08:52:58.675447
"Unlike with autism, people with Asperger syndrome have no substantial delay in language development.",0.7,512,1,1747773684.43363,2025-05-20T20:41:24.433640,0.22129061818122864,0.3888797461986542,Llama-3-8B-Q4,2025-05-21T08:53:01.964632
"Anarchism's emphasis on anti-capitalism, egalitarianism, and for the extension of community and individuality sets it apart from anarcho-capitalism and other types of economic libertarianism.",0.7,512,1,1747773713.0380619,2025-05-20T20:41:53.038067,0.2119659036397934,0.37411460280418396,Llama-3-8B-Q4,2025-05-21T08:53:02.359642
"The first anarchist currents developed throughout the 18th century as William Godwin espoused philosophical anarchism in England, morally delegitimising the state, Max Stirner's thinking paved the way to individualism and Pierre-Joseph Proudhon's theory of mutualism found fertile soil in France.",0.7,512,1,1747773741.675245,2025-05-20T20:42:21.675250,0.21624626219272614,0.38305309414863586,Llama-3-8B-Q4,2025-05-21T08:53:02.814783
"""It's a kind of otherworldly dream,"" says Wheater.",0.7,512,1,1747773770.0045853,2025-05-20T20:42:50.004591,0.21414300799369812,0.3792591691017151,Llama-3-8B-Q4,2025-05-21T08:53:03.310922
"Alabama's 67 county sheriffs are elected in partisan, at-large races, and Democrats still retain the narrow majority of those posts.",0.7,512,1,1747773798.420925,2025-05-20T20:43:18.420930,0.215717613697052,0.3812517523765564,Llama-3-8B-Q4,2025-05-21T08:53:03.678079
BDA alumni in American companies include San Francisco Ballet soloists Wei Wang and Wanting Zhao and ABT corps members Zhiyao Zhang and Xuelan Lu.,0.7,512,0,1747773699.0882773,2025-05-20T20:41:39.088282,0.22735685110092163,0.3898072838783264,Llama-3-8B-Q4,2025-05-21T08:53:06.815199
Alabama's slaves were freed by the 13th Amendment in 1865.,0.7,512,0,1747773727.2401214,2025-05-20T20:42:07.240126,0.23710693418979645,0.40526077151298523,Llama-3-8B-Q4,2025-05-21T08:53:07.246975
"Indigenous animal species in the state include 62 mammal species, 93 reptile species, 73 amphibian species, roughly 307 native freshwater fish species, and 420 bird species that spend at least part of their year within the state.",0.7,512,0,1747773755.8585417,2025-05-20T20:42:35.858547,0.233055979013443,0.39846405386924744,Llama-3-8B-Q4,2025-05-21T08:53:07.575938
Which of these do scientists offer as the most recent explanation as to why many plants and animals died out at the end of the Mesozoic era? (Answer: D),0.7,512,0,1747773784.1527529,2025-05-20T20:43:04.152759,0.2326194941997528,0.3972725570201874,Llama-3-8B-Q4,2025-05-21T08:53:07.925934
"Some animals are very rare. For example, there are very few Siberian tigers. If the only Siberian tigers left are female, what will most likely happen? (Answer: D)",0.7,512,0,1747773812.869947,2025-05-20T20:43:32.869952,0.23104171454906464,0.39577123522758484,Llama-3-8B-Q4,2025-05-21T08:53:08.263093
Both derive from the majuscule (capital) form.,0.7,512,1,1747773827.818301,2025-05-20T20:43:47.818306,0.21567831933498383,0.3803301751613617,Llama-3-8B-Q4,2025-05-21T08:53:11.365236
"The research was truly enriching, because I realized how wonderful of a person he was as well, which dictates how we share his personal life onstage.",0.7,512,1,1747773856.1842227,2025-05-20T20:44:16.184228,0.20844493806362152,0.36846476793289185,Llama-3-8B-Q4,2025-05-21T08:53:11.705631
It was the only state to allow judges to override jury decisions in whether or not to use a death sentence; in 10 cases judges overturned sentences of life imprisonment without parole that were voted unanimously by juries.,0.7,512,1,1747773884.8714678,2025-05-20T20:44:44.871473,0.2129494547843933,0.37628957629203796,Llama-3-8B-Q4,2025-05-21T08:53:12.064839
"In 2009, Bryant–Denny Stadium and Jordan-Hare Stadium became the homes of the Alabama High School Athletic Association state football championship games, after previously being held at Legion Field in Birmingham.",0.7,512,1,1747773913.5120187,2025-05-20T20:45:13.512024,0.22517642378807068,0.39556148648262024,Llama-3-8B-Q4,2025-05-21T08:53:12.399025
"JVC America, Inc. operates an optical disc replication and packaging plant in Tuscaloosa.",0.7,512,1,1747773942.4764702,2025-05-20T20:45:42.476482,0.22058698534965515,0.3893534541130066,Llama-3-8B-Q4,2025-05-21T08:53:12.737784
Anarchist tactics have shifted during the course of the last century.,0.7,512,0,1747773842.5520246,2025-05-20T20:44:02.552039,0.24137255549430847,0.4107166826725006,Llama-3-8B-Q4,2025-05-21T08:53:15.942779
"In May 2007, German steelmaker ThyssenKrupp selected Calvert in Mobile County for a 4.65billion combined stainless and carbon steel processing facility.",0.7,512,0,1747773870.5201614,2025-05-20T20:44:30.520167,0.23167838156223297,0.39414095878601074,Llama-3-8B-Q4,2025-05-21T08:53:16.312154
Some studies also find decreased earning among parents who care for autistic children.,0.7,512,0,1747773899.013811,2025-05-20T20:44:59.013821,0.23813024163246155,0.40532711148262024,Llama-3-8B-Q4,2025-05-21T08:53:16.622226
A flowing stream contains water at 18°C. Cans of soft drinks at 28°C are lowered into the stream. Which of the following will most likely occur? (Answer: B),0.7,512,0,1747773927.9844673,2025-05-20T20:45:27.984477,0.22675438225269318,0.3872494101524353,Llama-3-8B-Q4,2025-05-21T08:53:16.932634
Collectivist anarchism is a revolutionary socialist form of anarchism commonly associated with Mikhail Bakunin.,0.7,512,0,1747773956.789073,2025-05-20T20:45:56.789079,0.2372652292251587,0.40337836742401123,Llama-3-8B-Q4,2025-05-21T08:53:17.364712
"Although many have won awards at international competitions, the school does not actively focus on competing.",0.7,512,1,1747773971.5156868,2025-05-20T20:46:11.515692,0.21960069239139557,0.3874541223049164,Llama-3-8B-Q4,2025-05-21T08:53:20.518551
"Lactose intolerance is a condition of the digestive system in which an individual has an inability to digest lactose, the sugar found in milk. An individual affected with lactose intolerance does not produce enough of the enzyme lactase, which is needed to break down lactose. If more adults than children are diagnosed with lactose intolerance, what does this most likely suggest? (Answer: A)",0.7,512,1,1747774000.3863778,2025-05-20T20:46:40.386387,0.25192537903785706,0.4085492789745331,Llama-3-8B-Q4,2025-05-21T08:53:20.817367
"Explain what this code does:
def function_64(x): return x * 2",0.7,512,1,1747774028.751427,2025-05-20T20:47:08.751440,0.2459123730659485,0.40021446347236633,Llama-3-8B-Q4,2025-05-21T08:53:21.129416
Which of the following is an example of a physical change? (Answer: B),0.7,512,1,1747774057.350333,2025-05-20T20:47:37.350342,0.25120189785957336,0.4084809720516205,Llama-3-8B-Q4,2025-05-21T08:53:21.427846
"Fortunately, I was sent two devices, so I unplugged the first (a GS-16) and plugged in the second (a GS-64).",0.7,512,1,1747774086.2358952,2025-05-20T20:48:06.235908,0.24435071647167206,0.39813947677612305,Llama-3-8B-Q4,2025-05-21T08:53:21.845840
The monument was removed in August 2003.,0.7,512,0,1747773986.1987715,2025-05-20T20:46:26.198787,0.2325335144996643,0.396427184343338,Llama-3-8B-Q4,2025-05-21T08:53:24.987721
"There is tentative evidence that music therapy may improve social interactions, verbal communication, and non-verbal communication skills.",0.7,512,0,1747774014.5542142,2025-05-20T20:46:54.554219,0.23489412665367126,0.3995376527309418,Llama-3-8B-Q4,2025-05-21T08:53:25.344985
Their decrease in prevalence was the result of further judicial power and targeting and cataloging by state institutions.,0.7,512,0,1747774043.2545886,2025-05-20T20:47:23.254601,0.21818816661834717,0.37590959668159485,Llama-3-8B-Q4,2025-05-21T08:53:25.704772
"With the anarchists being crushed in Russia, two new antithetical currents emerged, namely platformism and synthesis anarchism.",0.7,512,0,1747774072.028201,2025-05-20T20:47:52.028207,0.2328892946243286,0.39699023962020874,Llama-3-8B-Q4,2025-05-21T08:53:26.099141
"Local elections Many local offices (county commissioners, boards of education, tax assessors, tax collectors, etc.)",0.7,512,0,1747774100.7308545,2025-05-20T20:48:20.730868,0.23304957151412964,0.3984328508377075,Llama-3-8B-Q4,2025-05-21T08:53:26.440595
"OEMs like Meta, VIVE, Vuzix, and Picoare are already building on the XR1 platform, the release said.",0.7,512,1,1747774115.7428703,2025-05-20T20:48:35.742876,0.23874805867671967,0.3908645212650299,Llama-3-8B-Q4,2025-05-21T08:53:29.815540
"In Basra, religious sects preached against the state.",0.7,512,1,1747774144.148855,2025-05-20T20:49:04.148860,0.2483316957950592,0.40322133898735046,Llama-3-8B-Q4,2025-05-21T08:53:30.177385
"Photo by Paul Kolnik, Courtesy NYCB.",0.7,512,1,1747774172.7405083,2025-05-20T20:49:32.740513,0.24485979974269867,0.3991447389125824,Llama-3-8B-Q4,2025-05-21T08:53:30.477083
A toothpaste commercial states that a brand of toothpaste has a higher concentration of fluoride than any other toothpaste available. The commercial is most likely inferring that the advertised toothpaste (Answer: C),0.7,512,1,1747774201.5501187,2025-05-20T20:50:01.550128,0.2469259351491928,0.4021158814430237,Llama-3-8B-Q4,2025-05-21T08:53:30.929135
"Explain what this code does:
def function_48(x): return x * 2",0.7,512,1,1747774230.504842,2025-05-20T20:50:30.504847,0.25089919567108154,0.4078723192214966,Llama-3-8B-Q4,2025-05-21T08:53:31.326039
"In English grammar, ""a"", and its variant ""an"", is an indefinite article, used to introduce noun phrases.",0.7,512,0,1747774130.3720136,2025-05-20T20:48:50.372023,0.23408202826976776,0.3979882001876831,Llama-3-8B-Q4,2025-05-21T08:53:34.585299
"After observing several dogs running, students ask the following question: Do dogs with long hair run faster than dogs with short hair? How can the students best answer their question? (Answer: B)",0.7,512,0,1747774158.7323315,2025-05-20T20:49:18.732336,0.22548893094062805,0.38588401675224304,Llama-3-8B-Q4,2025-05-21T08:53:35.009025
"In China, small groups of students imported the humanistic pro-science version of anarcho-communism.",0.7,512,0,1747774187.214492,2025-05-20T20:49:47.214503,0.2275104522705078,0.3894922137260437,Llama-3-8B-Q4,2025-05-21T08:53:35.327542
"Explain what this code does:
def function_5(x): return x * 2",0.7,512,0,1747774216.1264992,2025-05-20T20:50:16.126505,0.23145288228988647,0.39545613527297974,Llama-3-8B-Q4,2025-05-21T08:53:35.690071
"Peirce, Neal R. The Deep South States of America: People, Politics, and Power in the Seven Deep South States (1974).",0.7,512,0,1747774245.2343178,2025-05-20T20:50:45.234326,0.23175252974033356,0.3962063193321228,Llama-3-8B-Q4,2025-05-21T08:53:36.033946
"Explain what this code does:
def function_59(x): return x * 2",0.7,512,0,1747774274.3926687,2025-05-20T20:51:14.392679,0.23443374037742615,0.4004684388637543,Llama-3-8B-Q4,2025-05-21T08:53:39.325175
What are you most looking forward to in your new role?,0.7,512,0,1747774302.2561638,2025-05-20T20:51:42.256169,0.23364664614200592,0.3980247676372528,Llama-3-8B-Q4,2025-05-21T08:53:39.653749
Which land form is the result of the constructive force of a glacier? (Answer: B),0.7,512,0,1747774330.506621,2025-05-20T20:52:10.506627,0.23015610873699188,0.3937956690788269,Llama-3-8B-Q4,2025-05-21T08:53:39.965840
"The three GOP lieutenant governors are Steve Windom (1999–2003), Kay Ivey (2011–2017), and Will Ainsworth (2019–present).",0.7,512,0,1747774359.0850754,2025-05-20T20:52:39.085083,0.23738983273506165,0.40479835867881775,Llama-3-8B-Q4,2025-05-21T08:53:40.419587
"Explain what this code does:
def function_43(x): return x * 2",0.7,512,0,1747774387.8489242,2025-05-20T20:53:07.848930,0.2384459227323532,0.4067475497722626,Llama-3-8B-Q4,2025-05-21T08:53:40.757931
Anarchism appears in English from 1642 as anarchisme and anarchy from 1539; early English usages emphasised a sense of disorder.,0.7,512,1,1747774259.9050043,2025-05-20T20:50:59.905013,0.24916693568229675,0.40422847867012024,Llama-3-8B-Q4,2025-05-21T08:53:43.864168
We've pulled together some highlights.,0.7,512,1,1747774287.9904888,2025-05-20T20:51:27.990494,0.24540230631828308,0.4015273153781891,Llama-3-8B-Q4,2025-05-21T08:53:44.220676
"Jordan-Hare Stadium is the home field of the Auburn football team and seats up to 87,451.",0.7,512,1,1747774316.3053977,2025-05-20T20:51:56.305407,0.2525416314601898,0.4102865159511566,Llama-3-8B-Q4,2025-05-21T08:53:44.625355
"The Alabama Fever land rush was underway when the state was admitted to the Union, with settlers and land speculators pouring into the state to take advantage of fertile land suitable for cotton cultivation.",0.7,512,1,1747774344.670002,2025-05-20T20:52:24.670007,0.24941766262054443,0.4058989882469177,Llama-3-8B-Q4,2025-05-21T08:53:44.939934
"The Royal Swedish Ballet in Alexander Ekman's ""Midsummer Night's Dream.""",0.7,512,1,1747774373.2354445,2025-05-20T20:52:53.235449,0.2534351944923401,0.41180163621902466,Llama-3-8B-Q4,2025-05-21T08:53:45.379738
Variation in summer albedo across both forest types is associated with maximum rates of photosynthesis because plants with high growth capacity display a greater fraction of their foliage for direct interception of incoming radiation in the upper canopy.,0.7,512,0,1747774417.7471309,2025-05-20T20:53:37.747136,0.22035875916481018,0.3776766359806061,Llama-3-8B-Q4,2025-05-21T08:53:48.417266
"Explain what this code does:
def function_87(x): return x * 2",0.7,512,0,1747774447.1388736,2025-05-20T20:54:07.138883,0.2330368161201477,0.39768290519714355,Llama-3-8B-Q4,2025-05-21T08:53:48.756199
Industrial development related to the demands of World War II brought a level of prosperity to the state not seen since before the civil war.,0.7,512,0,1747774475.648871,2025-05-20T20:54:35.648876,0.22915415465831757,0.39220449328422546,Llama-3-8B-Q4,2025-05-21T08:53:49.071974
A historical current that arose and flourished during 1890 and 1920 within anarchism was free love.,0.7,512,0,1747774505.447725,2025-05-20T20:55:05.447734,0.23130153119564056,0.39513611793518066,Llama-3-8B-Q4,2025-05-21T08:53:49.385430
"Acid rain has a pH below 5.6. This rain can damage soil, lakes, crops, and buildings. Acid rain is caused by all of the following except (Answer: D)",0.7,512,0,1747774534.2607255,2025-05-20T20:55:34.260731,0.23449675738811493,0.4000492990016937,Llama-3-8B-Q4,2025-05-21T08:53:49.773296
"Terminology and distinction from schizophrenia  As late as the mid-1970s there was little evidence of a genetic role in autism, while in 2007 it was believed to be one of the most heritable psychiatric conditions.",0.7,512,1,1747774403.0240629,2025-05-20T20:53:23.024068,0.24606454372406006,0.4006061851978302,Llama-3-8B-Q4,2025-05-21T08:53:52.959770
"The way these hacktivists work to develop and distribute resembles the anarchist ideals, especially when it comes to preserving users' privacy from state surveillance.",0.7,512,1,1747774431.654253,2025-05-20T20:53:51.654269,0.2369011491537094,0.38750526309013367,Llama-3-8B-Q4,2025-05-21T08:53:53.272793
The Marxist criticism of anarchism is that it has a utopian character because all individuals should have anarchist views and values.,0.7,512,1,1747774461.2742496,2025-05-20T20:54:21.274260,0.2471005916595459,0.40177932381629944,Llama-3-8B-Q4,2025-05-21T08:53:53.661014
"A 2018 review concluded that it may be a therapeutic option for specific groups of children with autism, such as those with known food intolerances or allergies, or with food intolerance markers.",0.7,512,1,1747774491.7242138,2025-05-20T20:54:51.724226,0.24771147966384888,0.40274953842163086,Llama-3-8B-Q4,2025-05-21T08:53:53.963488
"Among those who find work, most are employed in sheltered settings working for wages below the national minimum.",0.7,512,1,1747774519.9942267,2025-05-20T20:55:19.994253,0.2471773326396942,0.4016421139240265,Llama-3-8B-Q4,2025-05-21T08:53:54.429623
"Artists of the Ballet in rehearsal for ""Frame by Frame.""",0.7,512,1,1747774549.2817483,2025-05-20T20:55:49.281754,0.24536195397377014,0.40058135986328125,Llama-3-8B-Q4,2025-05-21T08:53:57.704092
"""GDPR closes all those gaps,"" he added.",0.7,512,1,1747774577.9088297,2025-05-20T20:56:17.908835,0.2533375918865204,0.41134706139564514,Llama-3-8B-Q4,2025-05-21T08:53:58.036469
Some authors suggest that automatic motor assessment could be useful to screen the children with ASD for instance with behavioural motor and emotionals reactions during smartphone watching.,0.7,512,1,1747774606.3188558,2025-05-20T20:56:46.318861,0.24220718443393707,0.3946325480937958,Llama-3-8B-Q4,2025-05-21T08:53:58.502669
"Epilepsy, with variations in risk of epilepsy due to age, cognitive level, and type of language disorder.",0.7,512,1,1747774634.663731,2025-05-20T20:57:14.663737,0.24529218673706055,0.40063759684562683,Llama-3-8B-Q4,2025-05-21T08:53:58.850800
Git is the largest revision control and collaboration system available for development.,0.7,512,1,1747774663.8829074,2025-05-20T20:57:43.882913,0.251486212015152,0.40789327025413513,Llama-3-8B-Q4,2025-05-21T08:53:59.218190
"It has a seating capacity of 143,000 and is the thirteenth largest stadium in the world and sixth largest stadium in America.",0.7,512,0,1747774563.9355967,2025-05-20T20:56:03.935607,0.23323389887809753,0.3980807662010193,Llama-3-8B-Q4,2025-05-21T08:54:02.325685
Automakers accounted for approximately a third of the industrial expansion in the state in 2012.,0.7,512,0,1747774592.340282,2025-05-20T20:56:32.340292,0.23293647170066833,0.39811432361602783,Llama-3-8B-Q4,2025-05-21T08:54:02.744254
Black anarchism began to take form at this time and influenced anarchism's move from a Eurocentric demographic.,0.7,512,0,1747774620.4906335,2025-05-20T20:57:00.490638,0.232712060213089,0.39686116576194763,Llama-3-8B-Q4,2025-05-21T08:54:03.095509
Which of the following areas is most likely to form metamorphic rocks such as gneiss and schist? (Answer: C),0.7,512,0,1747774649.9296317,2025-05-20T20:57:29.929642,0.23344457149505615,0.39794936776161194,Llama-3-8B-Q4,2025-05-21T08:54:03.407972
"In general, higher IQs are correlated with greater responsiveness to treatment and improved treatment outcomes.",0.7,512,0,1747774678.2322109,2025-05-20T20:57:58.232221,0.2395746409893036,0.4068104922771454,Llama-3-8B-Q4,2025-05-21T08:54:03.781238
"He holds his hands towards his chest, indicating the sign for ""I.""",0.7,512,0,1747774708.1878433,2025-05-20T20:58:28.187854,0.23659594357013702,0.4043002426624298,Llama-3-8B-Q4,2025-05-21T08:54:06.867058
"Explain what this code does:
def function_68(x): return x * 2",0.7,512,0,1747774736.4596033,2025-05-20T20:58:56.459608,0.23627591133117676,0.403236448764801,Llama-3-8B-Q4,2025-05-21T08:54:07.244186
These contributed to Congressional passage and enactment of the Civil Rights Act of 1964 and Voting Rights Act of 1965 by the U.S. Congress.,0.7,512,0,1747774764.9220917,2025-05-20T20:59:24.922098,0.23449379205703735,0.4005686342716217,Llama-3-8B-Q4,2025-05-21T08:54:07.550815
"Go is cool, Swift is nifty, but old-school Java keeps reinventing itself to power both yesterday's and tomorrow's applications.",0.7,512,0,1747774794.498524,2025-05-20T20:59:54.498534,0.23198960721492767,0.3961133658885956,Llama-3-8B-Q4,2025-05-21T08:54:07.926487
"Also, the Barber Motorsports Park has hosted IndyCar Series and Rolex Sports Car Series races.",0.7,512,0,1747774823.8320653,2025-05-20T21:00:23.832076,0.23377342522144318,0.399723082780838,Llama-3-8B-Q4,2025-05-21T08:54:08.346196
A plant that grows red flowers was crossed with the same kind of plant that grows white flowers. Their offspring grew pink flowers. Which best explains why the offspring grew pink flowers? (Answer: C),0.7,512,1,1747774693.4003143,2025-05-20T20:58:13.400321,0.2458169162273407,0.3993634283542633,Llama-3-8B-Q4,2025-05-21T08:54:11.442853
"Assassination attempts were carried out against heads of state, some of which were successful.",0.7,512,1,1747774722.1456656,2025-05-20T20:58:42.145670,0.2537907660007477,0.41192132234573364,Llama-3-8B-Q4,2025-05-21T08:54:11.791317
"When seen from a distance, the ocean surface has a low albedo, as do most forests, whereas desert areas have some of the highest albedos among landforms.",0.7,512,1,1747774750.5378048,2025-05-20T20:59:10.537810,0.24646776914596558,0.40086328983306885,Llama-3-8B-Q4,2025-05-21T08:54:12.246436
A boat is acted on by a river current flowing north and by wind blowing on its sails. The boat travels northeast. In which direction is the wind most likely applying force to the sails of the boat? (Answer: B),0.7,512,1,1747774780.3156853,2025-05-20T20:59:40.315693,0.24592171609401703,0.4001530110836029,Llama-3-8B-Q4,2025-05-21T08:54:12.580702
"The two men entered the gas station after McNeight, one of them carrying a tire iron.",0.7,512,1,1747774808.752922,2025-05-20T21:00:08.752931,0.24845822155475616,0.40400901436805725,Llama-3-8B-Q4,2025-05-21T08:54:12.907140
"This spring, The Joffrey Ballet will present the North American premiere of Alexander Ekman's Midsummer Night's Dream.",0.7,512,1,1747774838.5846624,2025-05-20T21:00:38.584676,0.25315311551094055,0.4110841751098633,Llama-3-8B-Q4,2025-05-21T08:54:16.233883
"I attempted to use the admin email/password I'd setup during the wizard, but that wouldn't work.",0.7,512,1,1747774867.0379694,2025-05-20T21:01:07.037983,0.2426781803369522,0.3956165015697479,Llama-3-8B-Q4,2025-05-21T08:54:16.552405
The former sought to create a coherent group that would push for revolution while the latter were against anything that would resemble a political party.,0.7,512,1,1747774895.898933,2025-05-20T21:01:35.898947,0.24170127511024475,0.39508289098739624,Llama-3-8B-Q4,2025-05-21T08:54:16.923106
All of the following contain metric units of measurement except (Answer: C),0.7,512,1,1747774924.827721,2025-05-20T21:02:04.827727,0.2535645067691803,0.41167518496513367,Llama-3-8B-Q4,2025-05-21T08:54:17.318343
"within anarcho-primitivism), and the democratic process may be sharply criticised within some anarchist tendencies and simultaneously lauded in others.",0.7,512,1,1747774953.2999492,2025-05-20T21:02:33.299960,0.24394355714321136,0.39764657616615295,Llama-3-8B-Q4,2025-05-21T08:54:17.674403
The company is one of dozens of others honoring Robbins this year; last week we covered Cincinnati Ballet and New York Theatre Ballet.,0.7,512,0,1747774853.0737534,2025-05-20T21:00:53.073758,0.2325190305709839,0.3970538377761841,Llama-3-8B-Q4,2025-05-21T08:54:20.841019
"Explain what this code does:
def function_62(x): return x * 2",0.7,512,0,1747774881.3167982,2025-05-20T21:01:21.316804,0.23611745238304138,0.40258342027664185,Llama-3-8B-Q4,2025-05-21T08:54:21.252221
"Treatment approaches have little empirical support in quality-of-life contexts, and many programs focus on success measures that lack predictive validity and real-world relevance.",0.7,512,0,1747774910.578656,2025-05-20T21:01:50.578661,0.2271391600370407,0.38859227299690247,Llama-3-8B-Q4,2025-05-21T08:54:21.688130
"Explain what this code does:
def function_51(x): return x * 2",0.7,512,0,1747774938.6933777,2025-05-20T21:02:18.693388,0.23461028933525085,0.4005952775478363,Llama-3-8B-Q4,2025-05-21T08:54:22.030558
"Those free love movements contributed to the establishment of communal houses, where large groups of travelers, anarchists and other activists slept in beds together.",0.7,512,0,1747774967.6881933,2025-05-20T21:02:47.688199,0.22965465486049652,0.39303866028785706,Llama-3-8B-Q4,2025-05-21T08:54:22.334801
He was paid $80 and was taken by the two men to Millville and left.,0.7,512,1,1747774982.3383257,2025-05-20T21:03:02.338331,0.2475607693195343,0.40328866243362427,Llama-3-8B-Q4,2025-05-21T08:54:25.383210
"It's an invaluable quality for a person to have, whether they continue to dance or end up doing other things.",0.7,512,1,1747775010.860095,2025-05-20T21:03:30.860101,0.24525271356105804,0.3992912471294403,Llama-3-8B-Q4,2025-05-21T08:54:25.745201
"The state ranges in elevation from sea level at Mobile Bay to more than  in the northeast, to Mount Cheaha at .",0.7,512,1,1747775039.230171,2025-05-20T21:03:59.230176,0.2561364769935608,0.4147241711616516,Llama-3-8B-Q4,2025-05-21T08:54:26.101219
"The uneven heating of Earth from albedo variations between land, ice, or ocean surfaces can drive weather.",0.7,512,1,1747775067.521947,2025-05-20T21:04:27.521953,0.2474428117275238,0.40292149782180786,Llama-3-8B-Q4,2025-05-21T08:54:26.485630
"This can take the form of disrupting and protesting against unjust hierarchy, or the form of self-managing their lives through the creation of counter-institutions such as communes and non-hierarchical collectives.",0.7,512,1,1747775095.8618386,2025-05-20T21:04:55.861847,0.24560952186584473,0.4000755250453949,Llama-3-8B-Q4,2025-05-21T08:54:26.849070
"In the Alabama language, the word for a person of Alabama lineage is  (or variously  or  in different dialects; the plural form is ).",0.7,512,0,1747774997.1979394,2025-05-20T21:03:17.197950,0.2261941134929657,0.38689935207366943,Llama-3-8B-Q4,2025-05-21T08:54:29.878986
"Characteristics Autism is a highly variable neurodevelopmental disorder whose symptoms first appear during infancy or childhood, and generally follows a steady course without remission.",0.7,512,0,1747775025.255028,2025-05-20T21:03:45.255033,0.2333585023880005,0.3976370394229889,Llama-3-8B-Q4,2025-05-21T08:54:30.200285
"Explain what this code does:
def function_85(x): return x * 2",0.7,512,0,1747775053.4456608,2025-05-20T21:04:13.445675,0.23563972115516663,0.402011513710022,Llama-3-8B-Q4,2025-05-21T08:54:30.516720
That was when McNeight called the BCSO to report the robbery.,0.7,512,0,1747775081.5424793,2025-05-20T21:04:41.542494,0.23191922903060913,0.39605051279067993,Llama-3-8B-Q4,2025-05-21T08:54:30.841142
SEE: IT project management: 10 ways to stay under budget (free PDF) (TechRepublic) Congratulations You now have your Trac system up and running.,0.7,512,0,1747775110.2209842,2025-05-20T21:05:10.220995,0.22758302092552185,0.39081326127052307,Llama-3-8B-Q4,2025-05-21T08:54:31.178015
"Birmingham also serves as the headquarters for several large investment management companies, including Harbert Management Corporation.",0.7,512,0,1747775139.5550232,2025-05-20T21:05:39.555037,0.234546959400177,0.3996531665325165,Llama-3-8B-Q4,2025-05-21T08:54:34.395285
"Typographic variants  During Roman times, there were many variant forms of the letter ""A"".",0.7,512,0,1747775167.4529612,2025-05-20T21:06:07.452966,0.2284454107284546,0.3911691904067993,Llama-3-8B-Q4,2025-05-21T08:54:34.804734
"Societal and cultural aspects of autism have developed: some in the community seek a cure, while others believe that autism is simply another way of being.",0.7,512,0,1747775196.0300605,2025-05-20T21:06:36.030066,0.2276414930820465,0.3894246816635132,Llama-3-8B-Q4,2025-05-21T08:54:35.241916
"As seen by anarchists, squatting is a way to regain urban space from the capitalist market, serving pragmatical needs and also being an exemplary direct action.",0.7,512,0,1747775225.2268105,2025-05-20T21:07:05.226820,0.2231077253818512,0.3813794255256653,Llama-3-8B-Q4,2025-05-21T08:54:35.677100
"The district's boundaries were roughly limited to the area within a few miles of the Tombigbee River and included portions of what is today southern Clarke County, northernmost Mobile County, and most of Washington County.",0.7,512,0,1747775254.067524,2025-05-20T21:07:34.067534,0.22992460429668427,0.3928360939025879,Llama-3-8B-Q4,2025-05-21T08:54:36.081959
Many autistic people face significant obstacles in transitioning to adulthood.,0.7,512,1,1747775125.0057366,2025-05-20T21:05:25.005741,0.2515922486782074,0.4082980751991272,Llama-3-8B-Q4,2025-05-21T08:54:39.295133
An old T-shirt can be ripped into smaller pieces and used as rags. An empty milk jug can be used to water houseplants. Both of these are examples of how (Answer: D),0.7,512,1,1747775153.0282867,2025-05-20T21:05:53.028295,0.24559612572193146,0.40079373121261597,Llama-3-8B-Q4,2025-05-21T08:54:39.701212
"Explain what this code does:
def function_22(x): return x * 2",0.7,512,1,1747775181.6879396,2025-05-20T21:06:21.687953,0.25668492913246155,0.4165712594985962,Llama-3-8B-Q4,2025-05-21T08:54:40.083560
"It is not known whether treatment programs for children lead to significant improvements after the children grow up, and the limited research on the effectiveness of adult residential programs shows mixed results.",0.7,512,1,1747775210.9855654,2025-05-20T21:06:50.985579,0.2487674355506897,0.4041834771633148,Llama-3-8B-Q4,2025-05-21T08:54:40.462334
"Snow Snow albedo is highly variable, ranging from as high as 0.9 for freshly fallen snow, to about 0.4 for melting snow, and as low as 0.2 for dirty snow.",0.7,512,1,1747775239.3263319,2025-05-20T21:07:19.326346,0.25303083658218384,0.41078171133995056,Llama-3-8B-Q4,2025-05-21T08:54:40.826716
"Explain what this code does:
def function_8(x): return x * 2",0.7,512,0,1747775283.4494758,2025-05-20T21:08:03.449490,0.23659604787826538,0.40317800641059875,Llama-3-8B-Q4,2025-05-21T08:54:43.843312
"Photo by Frederick Melton, Courtesy Dance Magazine Archives.",0.7,512,0,1747775311.716547,2025-05-20T21:08:31.716552,0.23894554376602173,0.40855446457862854,Llama-3-8B-Q4,2025-05-21T08:54:44.177280
"According to the 2012 U.S. News & World Report, Alabama had four tier one universities (University of Alabama, Auburn University, University of Alabama at Birmingham and University of Alabama in Huntsville).",0.7,512,0,1747775340.749493,2025-05-20T21:09:00.749497,0.2329597920179367,0.3976183831691742,Llama-3-8B-Q4,2025-05-21T08:54:44.600542
"But for this one season, they're sharing the stage together.",0.7,512,0,1747775369.4821002,2025-05-20T21:09:29.482114,0.2261388748884201,0.3876953721046448,Llama-3-8B-Q4,2025-05-21T08:54:45.051192
Willam Christensen (center) with his brothers Lew and Harold.,0.7,512,0,1747775398.243944,2025-05-20T21:09:58.243953,0.23431870341300964,0.40139564871788025,Llama-3-8B-Q4,2025-05-21T08:54:45.407285
The dismemberment of the French socialist movement into many groups and the execution and exile of many Communards to penal colonies following the suppression of the Paris Commune favoured individualist political expression and acts.,0.7,512,1,1747775268.851918,2025-05-20T21:07:48.851923,0.25123387575149536,0.4093789756298065,Llama-3-8B-Q4,2025-05-21T08:54:48.615074
"The average albedo of the Earth from the upper atmosphere, its planetary albedo, is 30–35% because of cloud cover, but widely varies locally across the surface because of different geological and environmental features.",0.7,512,1,1747775297.493173,2025-05-20T21:08:17.493182,0.24441766738891602,0.3969838321208954,Llama-3-8B-Q4,2025-05-21T08:54:48.978532
"It was formally recognized by the state legislature on January 25, 1844.",0.7,512,1,1747775326.4620273,2025-05-20T21:08:46.462037,0.2488229125738144,0.40628907084465027,Llama-3-8B-Q4,2025-05-21T08:54:49.299301
"Small-scale effects Albedo works on a smaller scale, too.",0.7,512,1,1747775354.8377905,2025-05-20T21:09:14.837799,0.24880440533161163,0.40488120913505554,Llama-3-8B-Q4,2025-05-21T08:54:49.609700
"Media  Major newspapers include Birmingham News, Mobile Press-Register, and Montgomery Advertiser.",0.7,512,1,1747775384.0188189,2025-05-20T21:09:44.018825,0.25262314081192017,0.40970268845558167,Llama-3-8B-Q4,2025-05-21T08:54:49.929862
"Just as fresh snow has a higher albedo than does dirty snow, the albedo of snow-covered sea ice is far higher than that of sea water.",0.7,512,0,1747775428.7720594,2025-05-20T21:10:28.772081,0.2307787835597992,0.393314927816391,Llama-3-8B-Q4,2025-05-21T08:54:53.217076
"Contemporary-era anarchists have been engaging with various grassroots movements that are more or less based on horizontalism, although not explicitly anarchist, respecting personal autonomy and participating in mass activism such as strikes and demonstrations.",0.7,512,0,1747775457.9455597,2025-05-20T21:10:57.945570,0.22150222957134247,0.38086390495300293,Llama-3-8B-Q4,2025-05-21T08:54:53.579084
"From 1826 to 1846, Tuscaloosa served as Alabama's capital.",0.7,512,0,1747775486.7292442,2025-05-20T21:11:26.729250,0.24070104956626892,0.4086844027042389,Llama-3-8B-Q4,2025-05-21T08:54:53.932557
"""People often have Post-it notes on monitors with passwords on them.""",0.7,512,0,1747775516.220548,2025-05-20T21:11:56.220553,0.22586381435394287,0.3882879912853241,Llama-3-8B-Q4,2025-05-21T08:54:54.322367
"Anarchism has continued to generate many philosophies and movements, at times eclectic, drawing upon various sources and combining disparate concepts to create new philosophical approaches.",0.7,512,0,1747775545.3083646,2025-05-20T21:12:25.308369,0.23076936602592468,0.3939860463142395,Llama-3-8B-Q4,2025-05-21T08:54:54.628121
"In the 2000s, the number of autistic people worldwide was estimated at 1–2 per 1,000 people.",0.7,512,1,1747775413.783733,2025-05-20T21:10:13.783743,0.25257641077041626,0.41001060605049133,Llama-3-8B-Q4,2025-05-21T08:54:57.864788
They held on to old representation to maintain political and economic power in agricultural areas.,0.7,512,1,1747775443.8691998,2025-05-20T21:10:43.869209,0.24281525611877441,0.3957611322402954,Llama-3-8B-Q4,2025-05-21T08:54:58.202473
"It offers degrees in performance, choreography and more.",0.7,512,1,1747775472.0973814,2025-05-20T21:11:12.097386,0.25136199593544006,0.4081421494483948,Llama-3-8B-Q4,2025-05-21T08:54:58.532800
"Explain what this code does:
def function_88(x): return x * 2",0.7,512,1,1747775501.5707645,2025-05-20T21:11:41.570776,0.2501768469810486,0.406417578458786,Llama-3-8B-Q4,2025-05-21T08:54:58.854818
Michael learned that the movement of Earth in the solar system causes changes that can be seen on the planet. Which change could be seen on Earth in the time it takes Earth to rotate once on its axis? (Answer: A),0.7,512,1,1747775530.3904624,2025-05-20T21:12:10.390472,0.24092403054237366,0.39332887530326843,Llama-3-8B-Q4,2025-05-21T08:54:59.186079
"About three-fifths of the land area is part of the Gulf Coastal Plain, a gentle plain with a general descent towards the Mississippi River and the Gulf of Mexico.",0.7,512,1,1747775560.2495298,2025-05-20T21:12:40.249535,0.2539108991622925,0.4116504192352295,Llama-3-8B-Q4,2025-05-21T08:55:02.344827
The presence of autism can make it harder to diagnose coexisting psychiatric disorders such as depression.,0.7,512,1,1747775588.4365778,2025-05-20T21:13:08.436636,0.2573930323123932,0.41726428270339966,Llama-3-8B-Q4,2025-05-21T08:55:02.799847
"Jewish denominations in the state include two Orthodox, four Conservative, ten Reform, and one Humanistic synagogue.",0.7,512,1,1747775617.3823407,2025-05-20T21:13:37.382346,0.25464773178100586,0.4130937159061432,Llama-3-8B-Q4,2025-05-21T08:55:03.201749
"The team will be responsible for the day-to-day artistic needs of the company including scheduling, casting and conducting rehearsals.",0.7,512,1,1747775645.8196104,2025-05-20T21:14:05.819616,0.2538513243198395,0.41190147399902344,Llama-3-8B-Q4,2025-05-21T08:55:03.525716
WPA Guide to Alabama (1939).,0.7,512,1,1747775674.363497,2025-05-20T21:14:34.363511,0.24956226348876953,0.40695512294769287,Llama-3-8B-Q4,2025-05-21T08:55:03.844349
"After both of the above commands, you'll be prompted to type (and confirm) a password.",0.7,512,0,1747775574.712413,2025-05-20T21:12:54.712419,0.2301185578107834,0.3931962847709656,Llama-3-8B-Q4,2025-05-21T08:55:06.911176
"The company wore new uniforms with yellow trim on the sleeves, collar and coattails.",0.7,512,0,1747775602.6592386,2025-05-20T21:13:22.659244,0.23090684413909912,0.3943593204021454,Llama-3-8B-Q4,2025-05-21T08:55:07.306536
"But Petipa fell ill while choreographing The Nutcracker and handed his duties over to his assistant, Lev Ivanov.",0.7,512,0,1747775631.5915003,2025-05-20T21:13:51.591506,0.23837509751319885,0.4055566191673279,Llama-3-8B-Q4,2025-05-21T08:55:07.642181
"I wanted to be someone that the young dancers could look up to; I wanted to reach out and connect to them more, and to offer support and advice.",0.7,512,0,1747775659.8512838,2025-05-20T21:14:19.851288,0.23013536632061005,0.39235904812812805,Llama-3-8B-Q4,2025-05-21T08:55:08.065023
Plug the device into your network (you'll need a Cat5 cable).,0.7,512,0,1747775689.0420449,2025-05-20T21:14:49.042050,0.23029738664627075,0.39313626289367676,Llama-3-8B-Q4,2025-05-21T08:55:08.475125
"Explain what this code does:
def function_99(x): return x * 2",0.7,512,0,1747775718.5149286,2025-05-20T21:15:18.514934,0.23602083325386047,0.40248432755470276,Llama-3-8B-Q4,2025-05-21T08:55:11.563656
The gravitational force exerted by an object depends on its (Answer: C),0.7,512,0,1747775747.1140585,2025-05-20T21:15:47.114072,0.23396921157836914,0.39930975437164307,Llama-3-8B-Q4,2025-05-21T08:55:11.997984
We had the chance to talk to the thoughtful and eloquent dancer about her time with the company and goals for the future.,0.7,512,0,1747775775.6133015,2025-05-20T21:16:15.613306,0.2317841351032257,0.3961937427520752,Llama-3-8B-Q4,2025-05-21T08:55:12.310706
"Hoffmann, a German writer, penned the eerie and dark tale ""Nutcracker and Mouse King"" in 1816.",0.7,512,0,1747775804.0234928,2025-05-20T21:16:44.023498,0.23602060973644257,0.402052640914917,Llama-3-8B-Q4,2025-05-21T08:55:12.677796
It is diagnosed four to five times more often in males than females.,0.7,512,0,1747775832.5019176,2025-05-20T21:17:12.501923,0.23532657325267792,0.4010372459888458,Llama-3-8B-Q4,2025-05-21T08:55:12.998464
Such a dark surface is thought to be indicative of a primitive and heavily space weathered surface containing some organic compounds.,0.7,512,1,1747775703.8487875,2025-05-20T21:15:03.848791,0.24944771826267242,0.4056699872016907,Llama-3-8B-Q4,2025-05-21T08:55:16.317122
The notion of free love was much broader and included a critique of the established order that limited women's sexual freedom and pleasure.,0.7,512,1,1747775732.9769769,2025-05-20T21:15:32.976990,0.25069382786750793,0.4069100320339203,Llama-3-8B-Q4,2025-05-21T08:55:16.661866
Scientists who disagree with the results of an experiment should (Answer: D),0.7,512,1,1747775761.4625356,2025-05-20T21:16:01.462545,0.25293654203414917,0.4105323553085327,Llama-3-8B-Q4,2025-05-21T08:55:16.966884
"Explain what this code does:
def function_91(x): return x * 2",0.7,512,1,1747775789.8007216,2025-05-20T21:16:29.800735,0.25451532006263733,0.41322702169418335,Llama-3-8B-Q4,2025-05-21T08:55:17.420696
There has been a significant movement to rewrite and modernize Alabama's constitution.,0.7,512,1,1747775818.4694173,2025-05-20T21:16:58.469434,0.25530627369880676,0.4132087528705597,Llama-3-8B-Q4,2025-05-21T08:55:17.735788
"New engine technology has helped cars get more mileage per gallon of gas. Since gasoline comes from oil, this technology will affect the world supply of oil by (Answer: D)",0.7,512,0,1747775861.9352052,2025-05-20T21:17:41.935214,0.22562500834465027,0.3851732015609741,Llama-3-8B-Q4,2025-05-21T08:55:20.915892
A Literary History of Alabama: The Nineteenth Century (1979).,0.7,512,0,1747775889.840685,2025-05-20T21:18:09.840694,0.2355964183807373,0.40284624695777893,Llama-3-8B-Q4,2025-05-21T08:55:21.314154
References  External links    1910s neologisms Articles containing video clips Communication disorders Neurological disorders in children Pervasive developmental disorders Wikipedia medicine articles ready to translate,0.7,512,0,1747775918.5945299,2025-05-20T21:18:38.594540,0.22249498963356018,0.3830072581768036,Llama-3-8B-Q4,2025-05-21T08:55:21.632590
"The oldest institutions are the public University of North Alabama in Florence and the Catholic Church-affiliated Spring Hill College in Mobile, both founded in 1830.",0.7,512,0,1747775947.302486,2025-05-20T21:19:07.302501,0.2382596880197525,0.40575867891311646,Llama-3-8B-Q4,2025-05-21T08:55:21.937449
"Similar to other former slave states, Alabamian legislators employed Jim Crow laws to disenfranchise and discriminate against African Americans from the late 19th century up until the 1960s.",0.7,512,0,1747775976.262568,2025-05-20T21:19:36.262573,0.23864996433258057,0.4071168303489685,Llama-3-8B-Q4,2025-05-21T08:55:22.371728
Click here to subscribe to the TechRepublic Cybersecurity Insider newsletter.,0.7,512,1,1747775847.4630983,2025-05-20T21:17:27.463112,0.2478412687778473,0.40367159247398376,Llama-3-8B-Q4,2025-05-21T08:55:25.452023
It was a notable feature of the international syndicalism movement.,0.7,512,1,1747775875.7625935,2025-05-20T21:17:55.762607,0.25312867760658264,0.41282400488853455,Llama-3-8B-Q4,2025-05-21T08:55:25.893363
"""The kind of information that can be disclosed via email should be spelled out very clearly,"" he added.",0.7,512,1,1747775904.2909484,2025-05-20T21:18:24.290957,0.2478393018245697,0.40394988656044006,Llama-3-8B-Q4,2025-05-21T08:55:26.361630
"Explain what this code does:
def function_45(x): return x * 2",0.7,512,1,1747775932.9679992,2025-05-20T21:18:52.968004,0.2556975781917572,0.41489875316619873,Llama-3-8B-Q4,2025-05-21T08:55:26.876480
"Explain what this code does:
def function_60(x): return x * 2",0.7,512,1,1747775961.635839,2025-05-20T21:19:21.635843,0.24910995364189148,0.4046683609485626,Llama-3-8B-Q4,2025-05-21T08:55:27.258888
"Evolutionary tactics embrace nonviolence, reject violence and take a gradual approach to anarchist aims, although there is significant overlap between the two.",0.7,512,0,1747776005.7904305,2025-05-20T21:20:05.790444,0.22490531206130981,0.38495782017707825,Llama-3-8B-Q4,2025-05-21T08:55:30.300896
"Explain what this code does:
def function_42(x): return x * 2",0.7,512,0,1747776034.0451431,2025-05-20T21:20:34.045157,0.236697256565094,0.4033444821834564,Llama-3-8B-Q4,2025-05-21T08:55:30.612452
"Two students are asked to make a chart on the electromagnetic spectrum. Reading left to right, one student's chart shows the spectrum from gamma rays to radio waves, while the other student's chart shows the opposite. If the teacher says that both charts are correct, then (Answer: B)",0.7,512,0,1747776062.5163023,2025-05-20T21:21:02.516307,0.23446741700172424,0.4014521539211273,Llama-3-8B-Q4,2025-05-21T08:55:30.924329
I was unable to login with that user.,0.7,512,0,1747776090.9063258,2025-05-20T21:21:30.906340,0.23751336336135864,0.4054974317550659,Llama-3-8B-Q4,2025-05-21T08:55:31.352632
Other changes were made to implement representative state house and senate districts.,0.7,512,0,1747776120.5053575,2025-05-20T21:22:00.505371,0.23368524014949799,0.399337500333786,Llama-3-8B-Q4,2025-05-21T08:55:31.686566
"As a result, preparation is intense.",0.7,512,1,1747775990.8945954,2025-05-20T21:19:50.894601,0.25179919600486755,0.4090961813926697,Llama-3-8B-Q4,2025-05-21T08:55:35.008026
Were you familiar with McLaren's work before this project?,0.7,512,1,1747776019.4109821,2025-05-20T21:20:19.410987,0.2551460862159729,0.41342297196388245,Llama-3-8B-Q4,2025-05-21T08:55:35.332183
Communication About one third to half of autistic people do not develop enough natural speech to meet their daily communication needs.,0.7,512,1,1747776048.1448207,2025-05-20T21:20:48.144825,0.2512841522693634,0.4078808128833771,Llama-3-8B-Q4,2025-05-21T08:55:35.645014
"Redmonk, in its latest Q1 2018 survey, says Java is the second-most popular language after JavaScript among developers.",0.7,512,1,1747776076.740759,2025-05-20T21:21:16.740763,0.24737364053726196,0.40308812260627747,Llama-3-8B-Q4,2025-05-21T08:55:35.961300
"Over the next decade, the company toured the ballet extensively, exposing it to audiences nationwide.",0.7,512,1,1747776105.8146217,2025-05-20T21:21:45.814627,0.25489887595176697,0.4127938449382782,Llama-3-8B-Q4,2025-05-21T08:55:36.419314
"Explain what this code does:
def function_17(x): return x * 2",0.7,512,1,1747776135.5530963,2025-05-20T21:22:15.553104,0.2545999586582184,0.4133736193180084,Llama-3-8B-Q4,2025-05-21T08:55:39.779414
Corn is widely being used in the United States to make ethanol for use in automobile fuel. How might the overproduction of corn negatively affect the environment? (Answer: A),0.7,512,1,1747776163.9593568,2025-05-20T21:22:43.959361,0.24948541820049286,0.4047718048095703,Llama-3-8B-Q4,2025-05-21T08:55:40.113114
Anarchy Archives is an online research center on the history and theory of anarchism.,0.7,512,1,1747776192.4479444,2025-05-20T21:23:12.447949,0.25199589133262634,0.4081486165523529,Llama-3-8B-Q4,2025-05-21T08:55:40.470839
"Explain what this code does:
def function_39(x): return x * 2",0.7,512,1,1747776220.7002869,2025-05-20T21:23:40.700291,0.25533774495124817,0.4146605134010315,Llama-3-8B-Q4,2025-05-21T08:55:40.801325
"Explain what this code does:
def function_27(x): return x * 2",0.7,512,1,1747776249.0907881,2025-05-20T21:24:09.090814,0.2550342082977295,0.4141094386577606,Llama-3-8B-Q4,2025-05-21T08:55:41.137625
Which of the following is a trait that a dog does NOT inherit from its parents? (Answer: C),0.7,512,0,1747776150.2524314,2025-05-20T21:22:30.252442,0.23289796710014343,0.39871659874916077,Llama-3-8B-Q4,2025-05-21T08:55:44.254571
Which planet has the longest planetary year? (Answer: D),0.7,512,0,1747776178.3751361,2025-05-20T21:22:58.375152,0.24049271643161774,0.41044265031814575,Llama-3-8B-Q4,2025-05-21T08:55:44.628145
"Installation The installation isn't terribly challenging, but does require a bit of typing.",0.7,512,0,1747776206.6669338,2025-05-20T21:23:26.666944,0.23783206939697266,0.4061076045036316,Llama-3-8B-Q4,2025-05-21T08:55:45.017741
"In Reynolds v. Sims (1964), the U.S. Supreme Court implemented the principle of ""one man, one vote"", ruling that congressional districts had to be reapportioned based on censuses (as the state already included in its constitution but had not implemented.)",0.7,512,0,1747776235.327696,2025-05-20T21:23:55.327709,0.2320045530796051,0.395791232585907,Llama-3-8B-Q4,2025-05-21T08:55:45.374111
"According to an article, failure to meet any of the following milestones ""is an absolute indication to proceed with further evaluations.",0.7,512,0,1747776263.6614184,2025-05-20T21:24:23.661424,0.22522027790546417,0.3864106833934784,Llama-3-8B-Q4,2025-05-21T08:55:45.756266
An open Java The one thing everyone agrees about Java is that it's imperfect.,0.7,512,0,1747776293.3502991,2025-05-20T21:24:53.350304,0.2235732227563858,0.38374587893486023,Llama-3-8B-Q4,2025-05-21T08:55:48.860807
"Franklin wants to know how fast he runs different distances. He uses a stopwatch to measure the time it takes him to complete a 50-meter, 100-meter, and 200-meter race. How can he calculate his speed for each race? (Answer: B)",0.7,512,0,1747776321.3558288,2025-05-20T21:25:21.355835,0.2400505244731903,0.40859025716781616,Llama-3-8B-Q4,2025-05-21T08:55:49.176569
"The record low of  occurred on January 30, 1966, in New Market.",0.7,512,0,1747776350.2464952,2025-05-20T21:25:50.246505,0.24054792523384094,0.4109315574169159,Llama-3-8B-Q4,2025-05-21T08:55:49.489331
"A 2016 survey in the United States reported a rate of 25 per 1,000 children for ASD.",0.7,512,0,1747776379.7844312,2025-05-20T21:26:19.784436,0.23876555263996124,0.4075857102870941,Llama-3-8B-Q4,2025-05-21T08:55:49.801325
"Explain what this code does:
def function_47(x): return x * 2",0.7,512,0,1747776409.279703,2025-05-20T21:26:49.279708,0.2366115152835846,0.40423130989074707,Llama-3-8B-Q4,2025-05-21T08:55:50.118833
Belief in political nihilism has been espoused by anarchists.,0.7,512,1,1747776278.8541582,2025-05-20T21:24:38.854163,0.25363248586654663,0.41141006350517273,Llama-3-8B-Q4,2025-05-21T08:55:53.401409
"Anarchists reject this criticism because challenging or disobeying authority does not entail the disappearance of its advantages by acknowledging authority such as doctors or lawyers as reliable, nor does it involve a complete surrender of independent judgment.",0.7,512,1,1747776307.0914805,2025-05-20T21:25:07.091485,0.2375759333372116,0.387755423784256,Llama-3-8B-Q4,2025-05-21T08:55:53.719125
"Most professionals believe that race, ethnicity, and socioeconomic background do not affect the occurrence of autism.",0.7,512,1,1747776336.1417868,2025-05-20T21:25:36.141799,0.25537556409835815,0.41428107023239136,Llama-3-8B-Q4,2025-05-21T08:55:54.069879
"In response to their expulsion from the First International, anarchists formed the St. Imier International.",0.7,512,1,1747776365.216821,2025-05-20T21:26:05.216829,0.2518325746059418,0.40858349204063416,Llama-3-8B-Q4,2025-05-21T08:55:54.386820
"Although initially not forthcoming about the true circumstances surrounding the robbery, McNeight eventually told investigators how he got the money.",0.7,512,1,1747776394.9063027,2025-05-20T21:26:34.906313,0.24520495533943176,0.3989786207675934,Llama-3-8B-Q4,2025-05-21T08:55:54.739552
"Through this new Jakarta EE Working Group process, we should see big Java EE vendors like IBM, Red Hat, and Oracle working within the open processes of the Eclipse Foundation with smaller vendors like Tomitribe and Payara.",0.7,512,1,1747776424.4623911,2025-05-20T21:27:04.462404,0.24876642227172852,0.4040042757987976,Llama-3-8B-Q4,2025-05-21T08:55:58.067015
"That being the case, what do you do?",0.7,512,1,1747776452.8426657,2025-05-20T21:27:32.842674,0.24946187436580658,0.40527814626693726,Llama-3-8B-Q4,2025-05-21T08:55:58.377299
"Tokyo was a hotspot for rebellious youth from countries of the far east, travelling to the Japanese capital to study.",0.7,512,1,1747776481.118319,2025-05-20T21:28:01.118334,0.24590598046779633,0.40023672580718994,Llama-3-8B-Q4,2025-05-21T08:55:58.765993
Subscribe Also see,0.7,512,1,1747776509.6711185,2025-05-20T21:28:29.671124,0.24714528024196625,0.4021148979663849,Llama-3-8B-Q4,2025-05-21T08:55:59.091158
"Now click on the Repositories entry in the left navigation, click the Create button, give the repository a name, and click Submit.",0.7,512,1,1747776538.0009258,2025-05-20T21:28:58.000931,0.25333547592163086,0.4105171859264374,Llama-3-8B-Q4,2025-05-21T08:55:59.399500
"While it advocates for no-one to archiei, if accepted by the many, then anarchism would turn into the ruling political theory.",0.7,512,0,1747776438.8323727,2025-05-20T21:27:18.832386,0.21555739641189575,0.3727206289768219,Llama-3-8B-Q4,2025-05-21T08:56:02.494138
"Anarchism employs a diversity of tactics in order to meet its ideal ends which can be broadly separated into revolutionary and evolutionary tactics; there is significant overlap between the two, which are merely descriptive.",0.7,512,0,1747776467.0601199,2025-05-20T21:27:47.060125,0.22912773489952087,0.3917880356311798,Llama-3-8B-Q4,2025-05-21T08:56:02.839238
"The Internet has helped autistic individuals bypass nonverbal cues and emotional sharing that they find difficult to deal with, and has given them a way to form online communities and work remotely.",0.7,512,0,1747776495.4144545,2025-05-20T21:28:15.414459,0.2333841770887375,0.3989214599132538,Llama-3-8B-Q4,2025-05-21T08:56:03.293874
Alabama ranks ninth in the number of deaths from lightning and tenth in the number of deaths from lightning strikes per capita.,0.7,512,0,1747776523.8257835,2025-05-20T21:28:43.825793,0.23869290947914124,0.4070313572883606,Llama-3-8B-Q4,2025-05-21T08:56:03.706700
A company is designing a new laptop computer. The computer must not exceed a certain weight. Which of the following is the most likely reason to have a weight restriction for the computer? (Answer: C),0.7,512,0,1747776552.600778,2025-05-20T21:29:12.600787,0.2279968112707138,0.3900226354598999,Llama-3-8B-Q4,2025-05-21T08:56:04.132009
"Trac can be used as a wiki, a project management system, and for tracking bugs in software development.",0.7,512,1,1747776567.4720144,2025-05-20T21:29:27.472023,0.25226926803588867,0.40979307889938354,Llama-3-8B-Q4,2025-05-21T08:56:07.330300
"Minorities usually accept rough consensus, except when they feel the proposal contradicts anarchist ethics, goals and values.",0.7,512,1,1747776596.0196738,2025-05-20T21:29:56.019686,0.24260275065898895,0.3952297568321228,Llama-3-8B-Q4,2025-05-21T08:56:07.769312
"The scattering of radiation causes atmospheric cooling, whereas absorption can cause atmospheric warming.",0.7,512,1,1747776624.4781125,2025-05-20T21:30:24.478121,0.2539905309677124,0.4118880033493042,Llama-3-8B-Q4,2025-05-21T08:56:08.119540
"Organized insurgent, resistance groups tried to suppress the freedmen and Republicans.",0.7,512,1,1747776653.388204,2025-05-20T21:30:53.388209,0.25160855054855347,0.4100528359413147,Llama-3-8B-Q4,2025-05-21T08:56:08.447717
"Photo by Alexander Iziliaev, Courtesy Nevada Ballet Theatre.",0.7,512,1,1747776681.857706,2025-05-20T21:31:21.857714,0.25513696670532227,0.4148276150226593,Llama-3-8B-Q4,2025-05-21T08:56:08.866416
"Explain what this code does:
def function_86(x): return x * 2",0.7,512,0,1747776581.9873626,2025-05-20T21:29:41.987372,0.23459014296531677,0.4016551971435547,Llama-3-8B-Q4,2025-05-21T08:56:12.225414
"Sleep problems are associated with difficult behaviors and family stress, and are often a focus of clinical attention over and above the primary ASD diagnosis.",0.7,512,0,1747776610.5030134,2025-05-20T21:30:10.503018,0.23412278294563293,0.39935681223869324,Llama-3-8B-Q4,2025-05-21T08:56:12.581737
"Due to measurement constraints, it is often given for the spectrum in which most solar energy reaches the surface (between 0.3 and 3 μm).",0.7,512,0,1747776638.973261,2025-05-20T21:30:38.973276,0.23013454675674438,0.39381787180900574,Llama-3-8B-Q4,2025-05-21T08:56:12.909406
"Explain what this code does:
def function_73(x): return x * 2",0.7,512,0,1747776667.6415524,2025-05-20T21:31:07.641558,0.23774957656860352,0.4056831896305084,Llama-3-8B-Q4,2025-05-21T08:56:13.329158
One example of this massive influx of workers occurred in Mobile.,0.7,512,0,1747776696.6217797,2025-05-20T21:31:36.621792,0.23752619326114655,0.40515485405921936,Llama-3-8B-Q4,2025-05-21T08:56:13.698500
This did not change until the late 1960s following a lawsuit and court order.,0.7,512,1,1747776711.5064874,2025-05-20T21:31:51.506496,0.2461804300546646,0.40171122550964355,Llama-3-8B-Q4,2025-05-21T08:56:16.967997
"Germarco Johnson was charged with Robbery with a Firearm, Counterfeiting of an Instrument with Intent to Defraud (two counts), Principal/Accessory to Uttering a False Bank Bill (two counts), and Larceny $300 or more but less than $5000 (two counts).",0.7,512,1,1747776740.2574654,2025-05-20T21:32:20.257473,0.24314060807228088,0.39620348811149597,Llama-3-8B-Q4,2025-05-21T08:56:17.276995
"The area of Alabama and Mississippi most affected by tornadoes is sometimes referred to as Dixie Alley, as distinct from the Tornado Alley of the Southern Plains.",0.7,512,1,1747776768.8326693,2025-05-20T21:32:48.832674,0.25077417492866516,0.40691739320755005,Llama-3-8B-Q4,2025-05-21T08:56:17.599236
Native American groups within the state had increasingly been demanding recognition as ethnic groups and seeking an end to discrimination.,0.7,512,1,1747776797.053058,2025-05-20T21:33:17.053063,0.24533192813396454,0.39910078048706055,Llama-3-8B-Q4,2025-05-21T08:56:17.907544
The appropriateness of including children with varying severity of autism spectrum disorders in the general education population is a subject of current debate among educators and researchers.,0.7,512,1,1747776826.266443,2025-05-20T21:33:46.266449,0.2499748170375824,0.4065319895744324,Llama-3-8B-Q4,2025-05-21T08:56:18.318654
"Explain what this code does:
def function_95(x): return x * 2",0.7,512,0,1747776726.2377458,2025-05-20T21:32:06.237755,0.23768261075019836,0.40555810928344727,Llama-3-8B-Q4,2025-05-21T08:56:21.389302
"Explain what this code does:
def function_63(x): return x * 2",0.7,512,0,1747776754.5557454,2025-05-20T21:32:34.555750,0.2330818474292755,0.39836251735687256,Llama-3-8B-Q4,2025-05-21T08:56:21.795319
"Because the behavior spectrum is continuous, boundaries between diagnostic categories are necessarily somewhat arbitrary.",0.7,512,0,1747776782.8543334,2025-05-20T21:33:02.854347,0.23146194219589233,0.3962215483188629,Llama-3-8B-Q4,2025-05-21T08:56:22.223598
Stars are often classified by their apparent brightness in the nighttime sky. Stars can also be classified in many other ways. Which of these is least useful in classifying stars? (Answer: C),0.7,512,0,1747776811.8452659,2025-05-20T21:33:31.845280,0.2362215667963028,0.4027959108352661,Llama-3-8B-Q4,2025-05-21T08:56:22.579491
"Behavioral, psychological, education, and/or skill-building interventions may be used to assist autistic people to learn life skills necessary for living independently, as well as other social, communication, and language skills.",0.7,512,0,1747776840.6337593,2025-05-20T21:34:00.633764,0.23349027335643768,0.39882105588912964,Llama-3-8B-Q4,2025-05-21T08:56:22.944067
"In a studio rehearsal for La Bayadère, Act II, no understudies are present, and any imperfection is pointed out by one of four coaches at the front of the room.",0.7,512,0,1747776870.9916956,2025-05-20T21:34:30.991703,0.2249375581741333,0.38555434346199036,Llama-3-8B-Q4,2025-05-21T08:56:26.091209
A long tradition of Spanish anarchism led to anarchists playing a pivotal role in the war.,0.7,512,0,1747776899.233763,2025-05-20T21:34:59.233776,0.2332935929298401,0.3988465666770935,Llama-3-8B-Q4,2025-05-21T08:56:26.428026
Various anarchist schools of thought formed during this period.,0.7,512,0,1747776927.5312407,2025-05-20T21:35:27.531250,0.23796668648719788,0.4055435359477997,Llama-3-8B-Q4,2025-05-21T08:56:26.873169
South Alabama reports many thunderstorms.,0.7,512,0,1747776956.0485876,2025-05-20T21:35:56.048597,0.23154132068157196,0.396243155002594,Llama-3-8B-Q4,2025-05-21T08:56:27.209817
"Alabama's highest temperature of  was recorded on September 5, 1925, in the unincorporated community of Centerville.",0.7,512,0,1747776985.0803952,2025-05-20T21:36:25.080401,0.23595933616161346,0.40339696407318115,Llama-3-8B-Q4,2025-05-21T08:56:27.581077
"Rail  For rail transport, Amtrak schedules the Crescent, a daily passenger train, running from New York to New Orleans with station stops at Anniston, Birmingham, and Tuscaloosa.",0.7,512,1,1747776855.1711214,2025-05-20T21:34:15.171127,0.2504125237464905,0.40760910511016846,Llama-3-8B-Q4,2025-05-21T08:56:30.786499
Mutualism has been retrospectively characterised as ideologically situated between individualist and collectivist forms of anarchism.,0.7,512,1,1747776884.1124308,2025-05-20T21:34:44.112436,0.2464589923620224,0.4004683792591095,Llama-3-8B-Q4,2025-05-21T08:56:31.184024
The assembly plant is the company's first factory to be built within the United States.,0.7,512,1,1747776912.963545,2025-05-20T21:35:12.963550,0.25075551867485046,0.4072907269001007,Llama-3-8B-Q4,2025-05-21T08:56:31.521409
"Explain what this code does:
def function_37(x): return x * 2",0.7,512,1,1747776941.6010516,2025-05-20T21:35:41.601057,0.25073936581611633,0.40757980942726135,Llama-3-8B-Q4,2025-05-21T08:56:31.834750
"Explain what this code does:
def function_67(x): return x * 2",0.7,512,1,1747776970.834205,2025-05-20T21:36:10.834215,0.25449836254119873,0.4134920537471771,Llama-3-8B-Q4,2025-05-21T08:56:32.143104
Which conclusion is best supported by a tree-growth ring that is much narrower than the other growth rings? (Answer: B),0.7,512,0,1747777014.2208471,2025-05-20T21:36:54.220861,0.2323123812675476,0.396541029214859,Llama-3-8B-Q4,2025-05-21T08:56:35.410084
"According to Fullington, Pavel Gerdt, the dancer who created the role, was likely too old to dance the variation himself.",0.7,512,0,1747777043.5107594,2025-05-20T21:37:23.510789,0.22839727997779846,0.3902691900730133,Llama-3-8B-Q4,2025-05-21T08:56:35.737084
There's a surprising twist to Regina Willoughby's last season with Columbia City Ballet: It's also her 18-year-old daughter Melina's first season with the company.,0.7,512,0,1747777072.2400146,2025-05-20T21:37:52.240028,0.22994747757911682,0.3934311866760254,Llama-3-8B-Q4,2025-05-21T08:56:36.073060
"Also Robbins' Dances at a Gathering... there are so many, it's hard to choose!",0.7,512,0,1747777100.870089,2025-05-20T21:38:20.870108,0.23383167386054993,0.400669664144516,Llama-3-8B-Q4,2025-05-21T08:56:36.397070
"Friedrich Engels, considered to be one of the principal founders of Marxism, criticised anarchism's anti-authoritarianism as inherently counter-revolutionary because in his view a revolution is by itself authoritarian.",0.7,512,0,1747777129.5620375,2025-05-20T21:38:49.562042,0.2305612415075302,0.3934534192085266,Llama-3-8B-Q4,2025-05-21T08:56:36.806609
BDRF can facilitate translations of observations of reflectance into albedo.,0.7,512,1,1747776999.7407243,2025-05-20T21:36:39.740729,0.24313288927078247,0.397226482629776,Llama-3-8B-Q4,2025-05-21T08:56:39.882312
Robert had just finished his documentary and has a really deep understanding of this kind of Canadian culture.,0.7,512,1,1747777027.872022,2025-05-20T21:37:07.872031,0.2426619976758957,0.39483824372291565,Llama-3-8B-Q4,2025-05-21T08:56:40.307802
"Explain what this code does:
def function_32(x): return x * 2",0.7,512,1,1747777057.4028554,2025-05-20T21:37:37.402880,0.2517522871494293,0.4091721475124359,Llama-3-8B-Q4,2025-05-21T08:56:40.760469
"Explain what this code does:
def function_79(x): return x * 2",0.7,512,1,1747777086.07919,2025-05-20T21:38:06.079196,0.24476060271263123,0.3979880213737488,Llama-3-8B-Q4,2025-05-21T08:56:41.113515
"Explain what this code does:
def function_1(x): return x * 2",0.7,512,1,1747777114.942167,2025-05-20T21:38:34.942176,0.2493276596069336,0.40475085377693176,Llama-3-8B-Q4,2025-05-21T08:56:41.438408
This had caused decades of underinvestment in such areas.,0.7,512,0,1747777159.9098399,2025-05-20T21:39:19.909853,0.23086635768413544,0.39506322145462036,Llama-3-8B-Q4,2025-05-21T08:56:44.539089
The principle of equal liberty is closer to anarchist political ethics in that it transcends both the liberal and socialist traditions.,0.7,512,0,1747777189.2267556,2025-05-20T21:39:49.226761,0.23375290632247925,0.39914417266845703,Llama-3-8B-Q4,2025-05-21T08:56:44.927761
"This compared to more than 181,000 African Americans eligible to vote in 1900.",0.7,512,0,1747777217.9585137,2025-05-20T21:40:17.958518,0.23902399837970734,0.4074815809726715,Llama-3-8B-Q4,2025-05-21T08:56:45.314064
"If Earth were frozen entirely (and hence be more reflective), the average temperature of the planet would drop below .",0.7,512,0,1747777246.3708704,2025-05-20T21:40:46.370920,0.22939521074295044,0.3922242522239685,Llama-3-8B-Q4,2025-05-21T08:56:45.683937
"Alabama's capital is Montgomery, and its largest city by population and area is Huntsville.",0.7,512,0,1747777275.468803,2025-05-20T21:41:15.468808,0.23772267997264862,0.4057326316833496,Llama-3-8B-Q4,2025-05-21T08:56:46.015601
"Companies that fail to comply with GDPR will face a penalty of either 4% of their global revenue or €20 million, whichever is greater.",0.7,512,1,1747777145.6551437,2025-05-20T21:39:05.655148,0.25404781103134155,0.411477267742157,Llama-3-8B-Q4,2025-05-21T08:56:49.039866
As I was getting older the company all of a sudden started to seem younger and younger.,0.7,512,1,1747777174.7785037,2025-05-20T21:39:34.778518,0.24438261985778809,0.39787572622299194,Llama-3-8B-Q4,2025-05-21T08:56:49.357942
"Humans lived in societies without formal hierarchies long before the establishment of formal states, realms, or empires.",0.7,512,1,1747777203.8907921,2025-05-20T21:40:03.890801,0.2473869025707245,0.4018785059452057,Llama-3-8B-Q4,2025-05-21T08:56:49.674974
"It was created in collaboration by NBoC principal dancer and choreographic associate Guillaume Côté and film and stage director Robert Lepage, who is making his NBoC debut.",0.7,512,1,1747777232.376427,2025-05-20T21:40:32.376439,0.24434328079223633,0.39797860383987427,Llama-3-8B-Q4,2025-05-21T08:56:49.983828
"In 2010, Republicans took large majorities of both chambers of the state legislature, giving them control of that body for the first time in 136 years.",0.7,512,1,1747777260.8790505,2025-05-20T21:41:00.879055,0.251478374004364,0.407463014125824,Llama-3-8B-Q4,2025-05-21T08:56:50.287568
"Services should be carried out by behavior analysts, special education teachers, speech pathologists, and licensed psychologists.",0.7,512,1,1747777290.3564358,2025-05-20T21:41:30.356446,0.251676470041275,0.40865927934646606,Llama-3-8B-Q4,2025-05-21T08:56:53.657336
"These signs often develop gradually, though some autistic children experience regression in their communication and social skills after reaching developmental milestones at a normal pace.",0.7,512,1,1747777319.07253,2025-05-20T21:41:59.072535,0.25497692823410034,0.41332679986953735,Llama-3-8B-Q4,2025-05-21T08:56:53.978117
"Elections  In a 2020 study, Alabama was ranked as the 12th most difficult state for citizens to vote.",0.7,512,1,1747777347.769109,2025-05-20T21:42:27.769117,0.2466949224472046,0.4007057547569275,Llama-3-8B-Q4,2025-05-21T08:56:54.432271
"During this time, a minority of anarchists adopted tactics of revolutionary political violence.",0.7,512,1,1747777376.1946683,2025-05-20T21:42:56.194674,0.25043436884880066,0.4062679409980774,Llama-3-8B-Q4,2025-05-21T08:56:54.761565
Which statement is an observation? (Answer: A),0.7,512,1,1747777404.7687209,2025-05-20T21:43:24.768729,0.2474132925271988,0.40254122018814087,Llama-3-8B-Q4,2025-05-21T08:56:55.090953
"Fortunately there's a solution, one that's incredibly simple.",0.7,512,0,1747777305.1917162,2025-05-20T21:41:45.191727,0.23892545700073242,0.4073329567909241,Llama-3-8B-Q4,2025-05-21T08:56:58.289260
Which of the following is an observation about grasshoppers that a science class could have made on their nature walk? (Answer: B),0.7,512,0,1747777333.685596,2025-05-20T21:42:13.685608,0.23456667363643646,0.4004596173763275,Llama-3-8B-Q4,2025-05-21T08:56:58.610754
"The state had 108,000 foreign-born (2.4% of the state population), of which an estimated 22.2% were undocumented (24,000).",0.7,512,0,1747777362.1674027,2025-05-20T21:42:42.167416,0.23432402312755585,0.4009382724761963,Llama-3-8B-Q4,2025-05-21T08:56:58.925524
"During the second half of the 20th century, anarchism intermingled with the second wave of feminism, radicalising some currents of the feminist movement and being influenced as well.",0.7,512,0,1747777390.3512821,2025-05-20T21:43:10.351295,0.2386021912097931,0.40616199374198914,Llama-3-8B-Q4,2025-05-21T08:56:59.402268
Which statement describes a harmful effect of clearing rainforests for farmland? (Answer: B),0.7,512,0,1747777419.4235663,2025-05-20T21:43:39.423572,0.23447492718696594,0.4013224244117737,Llama-3-8B-Q4,2025-05-21T08:56:59.733273
"I won't have to worry about that so much now, and I can spend my day off roaming around and being inspired.",0.7,512,0,1747777449.3429601,2025-05-20T21:44:09.342973,0.22739548981189728,0.39010652899742126,Llama-3-8B-Q4,2025-05-21T08:57:02.790827
Alabama is one of the few places in the world that has a secondary tornado season in November and December besides the typically severe spring.,0.7,512,0,1747777477.8860857,2025-05-20T21:44:37.886095,0.2361988127231598,0.4036305546760559,Llama-3-8B-Q4,2025-05-21T08:57:03.151152
"Depending on how you count, some 14 million Java programmers code today, with many of them paid well to maintain massive enterprise applications (an estimated 80% of enterprise workloads run on Java).",0.7,512,0,1747777506.0727758,2025-05-20T21:45:06.072786,0.22273318469524384,0.3810329735279083,Llama-3-8B-Q4,2025-05-21T08:57:03.479894
"Other aspects, such as atypical eating, are also common but are not essential for diagnosis.",0.7,512,0,1747777534.642744,2025-05-20T21:45:34.642757,0.23247617483139038,0.39744991064071655,Llama-3-8B-Q4,2025-05-21T08:57:03.886864
The oldest Jewish congregation in the state is Congregation Sha'arai Shomayim in Mobile.,0.7,512,0,1747777563.2713623,2025-05-20T21:46:03.271367,0.23743964731693268,0.40393751859664917,Llama-3-8B-Q4,2025-05-21T08:57:04.304325
"Explain what this code does:
def function_34(x): return x * 2",0.7,512,1,1747777434.953752,2025-05-20T21:43:54.953761,0.25244539976119995,0.41004547476768494,Llama-3-8B-Q4,2025-05-21T08:57:07.418517
"The heart, blood vessels, kidneys, and bladder working together are best described as (Answer: D)",0.7,512,1,1747777463.5714767,2025-05-20T21:44:23.571486,0.2512873113155365,0.4082886576652527,Llama-3-8B-Q4,2025-05-21T08:57:07.798839
"For tips on how to best train employees on cybersecurity practices, click here.",0.7,512,1,1747777491.8393528,2025-05-20T21:44:51.839362,0.2531622648239136,0.4100010395050049,Llama-3-8B-Q4,2025-05-21T08:57:08.112958
"Explain what this code does:
def function_41(x): return x * 2",0.7,512,1,1747777520.5029237,2025-05-20T21:45:20.502929,0.2505187690258026,0.40708914399147034,Llama-3-8B-Q4,2025-05-21T08:57:08.431921
"Compulsive behaviors: Time-consuming behaviors intended to reduce the anxiety that an individual feels compelled to perform repeatedly or according to rigid rules, such as placing objects in a specific order, checking things, or handwashing.",0.7,512,1,1747777549.0067804,2025-05-20T21:45:49.006787,0.2413657307624817,0.3927640914916992,Llama-3-8B-Q4,2025-05-21T08:57:08.854432
"""I'd say compliance right now is only at about 35% or 40% at the most,"" he said.",0.7,512,1,1747777578.088239,2025-05-20T21:46:18.088252,0.24326111376285553,0.39553138613700867,Llama-3-8B-Q4,2025-05-21T08:57:12.063701
"Interest in the anarchist movement developed alongside momentum in the anti-globalisation movement, whose leading activist networks were anarchist in orientation.",0.7,512,1,1747777607.488471,2025-05-20T21:46:47.488476,0.24374112486839294,0.397424578666687,Llama-3-8B-Q4,2025-05-21T08:57:12.383024
"Dancers also contribute to the narration with spoken text, including imagery of young love and a dose of humor.",0.7,512,1,1747777636.662571,2025-05-20T21:47:16.662576,0.2361801564693451,0.3864137530326843,Llama-3-8B-Q4,2025-05-21T08:57:12.740595
"A ""widow's peak"" hairline in humans is coded by the dominant allele W. A straight hairline is coded by the recessive allele w. A man with a homozygous dominant WW produces a zygote with a woman with a heterozygous dominant Ww for the trait. Which allele combinations could occur in the zygote? (Answer: B)",0.7,512,1,1747777665.3815165,2025-05-20T21:47:45.381526,0.24000170826911926,0.3890201449394226,Llama-3-8B-Q4,2025-05-21T08:57:13.056310
"Now, however, they will have to provide the data within one month of receiving the request.",0.7,512,1,1747777694.390147,2025-05-20T21:48:14.390158,0.24616819620132446,0.3969731032848358,Llama-3-8B-Q4,2025-05-21T08:57:13.377309
Data in tables may also be presented in graphs. Which type of data would best be displayed on a circle graph? (Answer: D),0.7,512,0,1747777593.6657565,2025-05-20T21:46:33.665764,0.23004181683063507,0.3938962519168854,Llama-3-8B-Q4,2025-05-21T08:57:16.445312
"Even though many anarchists distanced themselves from these terrorist acts, infamy came upon the movement and attempts were made to exclude them from American immigration, including the Immigration Act of 1903, also called the Anarchist Exclusion Act.",0.7,512,0,1747777622.743412,2025-05-20T21:47:02.743425,0.23278875648975372,0.3973033130168915,Llama-3-8B-Q4,2025-05-21T08:57:16.805198
"Albedo–temperature feedback When an area's albedo changes due to snowfall, a snow–temperature feedback results.",0.7,512,0,1747777650.8096564,2025-05-20T21:47:30.809665,0.2317587435245514,0.3967074751853943,Llama-3-8B-Q4,2025-05-21T08:57:17.128106
"The piece features a commissioned score by Swedish composer Mikael Karlsson, which will be performed onstage by singer Anna von Hausswolff.",0.7,512,0,1747777680.3593974,2025-05-20T21:48:00.359402,0.23510639369487762,0.4019031524658203,Llama-3-8B-Q4,2025-05-21T08:57:17.444717
A Typical Day Students begin their days with an early 8 am technique class.,0.7,512,0,1747777709.0383039,2025-05-20T21:48:29.038313,0.23474596440792084,0.4008735120296478,Llama-3-8B-Q4,2025-05-21T08:57:17.888379
"They mostly engage in confronting the police during demonstrations and riots, especially in countries such as Canada, Greece, and Mexico.",0.7,512,1,1747777723.7399607,2025-05-20T21:48:43.739970,0.24473601579666138,0.39587435126304626,Llama-3-8B-Q4,2025-05-21T08:57:20.916702
"If successful, the XR1 chip could improve technologies found in modern smart glasses, and make VR and AR more affordable to get into for smaller companies.",0.7,512,1,1747777751.9565148,2025-05-20T21:49:11.956523,0.24347205460071564,0.39284563064575195,Llama-3-8B-Q4,2025-05-21T08:57:21.236595
"Joint attention seems to be necessary for functional speech, and deficits in joint attention seem to distinguish infants with ASD.",0.7,512,1,1747777780.2314587,2025-05-20T21:49:40.231464,0.2524224817752838,0.4059082865715027,Llama-3-8B-Q4,2025-05-21T08:57:21.542264
"In November the company will reference Kaiser's Balanchine roots with a program titled Classic Americana featuring Serenade and Western Symphony, as well Paul Taylor's Company B.",0.7,512,1,1747777808.8104622,2025-05-20T21:50:08.810471,0.2460545301437378,0.39803287386894226,Llama-3-8B-Q4,2025-05-21T08:57:21.846881
"Explain what this code does:
def function_54(x): return x * 2",0.7,512,1,1747777837.1241825,2025-05-20T21:50:37.124192,0.2546900510787964,0.40992602705955505,Llama-3-8B-Q4,2025-05-21T08:57:22.288890
"In addition, there are currently five auxiliary interstate routes in the state: I-165 in Mobile, I-359 in Tuscaloosa, I-459 around Birmingham, I-565 in Decatur and Huntsville, and I-759 in Gadsden.",0.7,512,0,1747777738.3702683,2025-05-20T21:48:58.370274,0.2377692312002182,0.40559375286102295,Llama-3-8B-Q4,2025-05-21T08:57:25.438262
"If a new moon occurred on June 2, when will the next new moon occur? (Answer: A)",0.7,512,0,1747777766.3771133,2025-05-20T21:49:26.377129,0.2364300936460495,0.4040510058403015,Llama-3-8B-Q4,2025-05-21T08:57:25.785594
The city was moved to the current site of Mobile in 1711.,0.7,512,0,1747777794.6090846,2025-05-20T21:49:54.609090,0.23311549425125122,0.39800047874450684,Llama-3-8B-Q4,2025-05-21T08:57:26.092114
"Also, the Black Belt region across central Alabama ""is home to largely poor counties that are predominantly African-American.",0.7,512,0,1747777822.6517432,2025-05-20T21:50:22.651748,0.23115840554237366,0.3965602517127991,Llama-3-8B-Q4,2025-05-21T08:57:26.436944
The decision-making process of small anarchist affinity groups plays a significant tactical role.,0.7,512,0,1747777851.9092586,2025-05-20T21:50:51.909263,0.23334532976150513,0.39848995208740234,Llama-3-8B-Q4,2025-05-21T08:57:26.802414
Which of following is a property shared by the elements in the carbon family? (Answer: D),0.7,512,0,1747777881.201754,2025-05-20T21:51:21.201759,0.23119717836380005,0.39534682035446167,Llama-3-8B-Q4,2025-05-21T08:57:30.100398
An engineer measured the time it takes sound to travel through samples of different materials. All of the samples were identical in shape and size. The measurements were made using ultrasonic waves with a frequency of 5 megahertz. Which question was the engineer most likely trying to answer? (Answer: A),0.7,512,0,1747777909.6574087,2025-05-20T21:51:49.657414,0.23197680711746216,0.3951343595981598,Llama-3-8B-Q4,2025-05-21T08:57:30.411325
"Johnathon Johnson put McNeight in a choke hold, and they threatened McNeight with the tire iron, and took the money, his wallet, and his cell phone.",0.7,512,0,1747777938.1154563,2025-05-20T21:52:18.115462,0.22088198363780975,0.3787945508956909,Llama-3-8B-Q4,2025-05-21T08:57:30.811313
Deeply shadowed cavities can achieve an effective albedo approaching the zero of a black body.,0.7,512,0,1747777966.4795535,2025-05-20T21:52:46.479558,0.22559285163879395,0.3859386444091797,Llama-3-8B-Q4,2025-05-21T08:57:31.123237
"), autocratic religions (e.g., fundamentalist Islam, Roman Catholicism, etc.",0.7,512,0,1747777994.9442823,2025-05-20T21:53:14.944288,0.22479060292243958,0.3865000009536743,Llama-3-8B-Q4,2025-05-21T08:57:31.433357
"In Latin America, Argentina was a stronghold for anarcho-syndicalism, where it became the most prominent left-wing ideology.",0.7,512,1,1747777866.7571929,2025-05-20T21:51:06.757202,0.2553165853023529,0.4096521735191345,Llama-3-8B-Q4,2025-05-21T08:57:34.509672
"Black residents effectively taxed themselves twice, by raising additional monies to supply matching funds for such schools, which were built in many rural areas.",0.7,512,1,1747777895.2247334,2025-05-20T21:51:35.224738,0.24736638367176056,0.398745596408844,Llama-3-8B-Q4,2025-05-21T08:57:34.924473
"Whiteside, on the other hand, imitates a unicorn, talks about preparing for roles and creates a new middle name for Boylston.",0.7,512,1,1747777923.9900556,2025-05-20T21:52:03.990066,0.242685928940773,0.39382368326187134,Llama-3-8B-Q4,2025-05-21T08:57:35.332390
Which factor can increase the amount of sulfur dioxide in the air? (Answer: B),0.7,512,1,1747777952.3093538,2025-05-20T21:52:32.309358,0.2550603747367859,0.41039878129959106,Llama-3-8B-Q4,2025-05-21T08:57:35.719449
Black carbon is a bigger cause of the melting of the polar ice cap in the Arctic than carbon dioxide due to its effect on the albedo.,0.7,512,1,1747777980.5258434,2025-05-20T21:53:00.525848,0.25331252813339233,0.4072328805923462,Llama-3-8B-Q4,2025-05-21T08:57:36.075078
"Explain what this code does:
def function_13(x): return x * 2",0.7,512,1,1747778009.636573,2025-05-20T21:53:29.636578,0.2526388168334961,0.40615034103393555,Llama-3-8B-Q4,2025-05-21T08:57:39.089876
"However, it also contains the right to access any information that may be held by a company, including your employer.",0.7,512,1,1747778038.3064182,2025-05-20T21:53:58.306432,0.2529321610927582,0.4068608283996582,Llama-3-8B-Q4,2025-05-21T08:57:39.427061
"An important relationship between an object's astronomical (geometric) albedo, absolute magnitude and diameter is given by:  where  is the astronomical albedo,  is the diameter in kilometers, and  is the absolute magnitude.",0.7,512,1,1747778066.8882604,2025-05-20T21:54:26.888264,0.2480415254831314,0.40038520097732544,Llama-3-8B-Q4,2025-05-21T08:57:39.830431
The northern part—along the Tennessee River Valley—is most vulnerable.,0.7,512,1,1747778095.2957006,2025-05-20T21:54:55.295706,0.24305589497089386,0.39325547218322754,Llama-3-8B-Q4,2025-05-21T08:57:40.143337
"This time around the final screen appeared, the All set link didn't work.",0.7,512,1,1747778123.4830737,2025-05-20T21:55:23.483084,0.24020138382911682,0.3889971673488617,Llama-3-8B-Q4,2025-05-21T08:57:40.536361
"In 2002, Christian Koeberl with the Institute of Geochemistry University of Vienna published evidence and established the site as the 157th recognized impact crater on Earth.",0.7,512,0,1747778024.6851351,2025-05-20T21:53:44.685141,0.22688810527324677,0.3882131576538086,Llama-3-8B-Q4,2025-05-21T08:57:43.711325
Parents often notice signs during the first three years of their child's life.,0.7,512,0,1747778052.7744257,2025-05-20T21:54:12.774431,0.23837663233280182,0.4059942960739136,Llama-3-8B-Q4,2025-05-21T08:57:44.040593
"Explain what this code does:
def function_3(x): return x * 2",0.7,512,0,1747778081.0908844,2025-05-20T21:54:41.090906,0.238104909658432,0.4059065282344818,Llama-3-8B-Q4,2025-05-21T08:57:44.387320
"Children with high-functioning autism have more intense and frequent loneliness compared to non-autistic peers, despite the common belief that autistic children prefer to be alone.",0.7,512,0,1747778109.3363144,2025-05-20T21:55:09.336319,0.2338959127664566,0.39945289492607117,Llama-3-8B-Q4,2025-05-21T08:57:44.797137
"The agrarian Mississippian culture covered most of the state from 1000 to 1600 CE, with one of its major centers built at what is now the Moundville Archaeological Site in Moundville, Alabama.",0.7,512,0,1747778138.569768,2025-05-20T21:55:38.569773,0.23490874469280243,0.4004162549972534,Llama-3-8B-Q4,2025-05-21T08:57:45.111485
Enlightenment challenges to intellectual authority (secular and religious) and the revolutions of the 1790s and 1848 all spurred the ideological development of what became the era of classical anarchism.,0.7,512,0,1747778168.9124722,2025-05-20T21:56:08.912485,0.2208472639322281,0.37853333353996277,Llama-3-8B-Q4,2025-05-21T08:57:48.237096
Anarchism and the state   Objection to the state and its institutions is a sine qua non of anarchism.,0.7,512,0,1747778196.877327,2025-05-20T21:56:36.877336,0.23444662988185883,0.39950159192085266,Llama-3-8B-Q4,2025-05-21T08:57:48.596471
"Photosynthesis is a process involving carbon dioxide, water, glucose, oxygen, and sunlight. Which is the correct chemical equation for photosynthesis? (Answer: D)",0.7,512,0,1747778225.2127206,2025-05-20T21:57:05.212729,0.24146653711795807,0.41080132126808167,Llama-3-8B-Q4,2025-05-21T08:57:48.936999
"Stay informed, click here to subscribe to the TechRepublic Cloud Insights newsletter.",0.7,512,0,1747778253.6638439,2025-05-20T21:57:33.663857,0.2377544641494751,0.40583503246307373,Llama-3-8B-Q4,2025-05-21T08:57:49.317815
Gastrointestinal problems are one of the most commonly co-occurring medical conditions in autistic people.,0.7,512,0,1747778282.573546,2025-05-20T21:58:02.573559,0.24096573889255524,0.4098769426345825,Llama-3-8B-Q4,2025-05-21T08:57:49.648497
Sea water absorbs more solar radiation than would the same surface covered with reflective snow.,0.7,512,1,1747778153.1969523,2025-05-20T21:55:53.196958,0.24720555543899536,0.3983571231365204,Llama-3-8B-Q4,2025-05-21T08:57:52.869864
"On Earth, water can be a solid, a liquid, or a gas. Which energy source has the greatest influence on the state of matter of water? (Answer: A)",0.7,512,1,1747778182.3985147,2025-05-20T21:56:22.398523,0.250999391078949,0.40404126048088074,Llama-3-8B-Q4,2025-05-21T08:57:53.239625
"In most instances, the transmitted pulse is circularly polarized and the received pulse is measured in the same sense of polarization as the transmitted pulse (SC) and the opposite sense (OC).",0.7,512,1,1747778210.9405832,2025-05-20T21:56:50.940595,0.24488675594329834,0.3963189721107483,Llama-3-8B-Q4,2025-05-21T08:57:53.641816
"Economy  The state has invested in aerospace, education, health care, banking, and various heavy industries, including automobile manufacturing, mineral extraction, steel production and fabrication.",0.7,512,1,1747778239.468158,2025-05-20T21:57:19.468166,0.2458275556564331,0.39650771021842957,Llama-3-8B-Q4,2025-05-21T08:57:54.013158
"A differential diagnosis for ASD at this stage might also consider intellectual disability, hearing impairment, and a specific language impairment such as Landau–Kleffner syndrome.",0.7,512,1,1747778268.117724,2025-05-20T21:57:48.117733,0.2504018545150757,0.40326908230781555,Llama-3-8B-Q4,2025-05-21T08:57:54.325598
Where is the biological magnification of pollutants most likely to be the greatest? (Answer: A),0.7,512,1,1747778297.3577244,2025-05-20T21:58:17.357734,0.2551656663417816,0.4104970395565033,Llama-3-8B-Q4,2025-05-21T08:57:57.416954
"Explain what this code does:
def function_19(x): return x * 2",0.7,512,1,1747778326.3816507,2025-05-20T21:58:46.381661,0.2544584274291992,0.41023921966552734,Llama-3-8B-Q4,2025-05-21T08:57:57.747830
Medication Medications may be used to treat ASD symptoms that interfere with integrating a child into home or school when behavioral treatment fails.,0.7,512,1,1747778354.9624658,2025-05-20T21:59:14.962471,0.25605082511901855,0.4116435945034027,Llama-3-8B-Q4,2025-05-21T08:57:58.104049
"Census-designated and metropolitan areas  Cities  Demographics  According to the 2020 United States census the population of Alabama was 5,024,279 on April 1, 2020, which represents an increase of 244,543 or 5.12%, since the 2010 census.",0.7,512,1,1747778383.9332838,2025-05-20T21:59:43.933290,0.2504507303237915,0.4034439027309418,Llama-3-8B-Q4,2025-05-21T08:57:58.454791
Courtesy Peter Koppers.,0.7,512,1,1747778412.4610724,2025-05-20T22:00:12.461077,0.2452092170715332,0.39706161618232727,Llama-3-8B-Q4,2025-05-21T08:57:58.853645
This will be the fourth work by Ekman that The Joffrey has performed.,0.7,512,0,1747778312.7737951,2025-05-20T21:58:32.773808,0.23124605417251587,0.39625948667526245,Llama-3-8B-Q4,2025-05-21T08:58:01.981784
A ship leaks a large amount of oil near a coastal area. Which statement describes how the oil most likely will affect the coastal habitat? (Answer: B),0.7,512,0,1747778340.8990698,2025-05-20T21:59:00.899074,0.23176968097686768,0.3956255614757538,Llama-3-8B-Q4,2025-05-21T08:58:02.343133
"Explain what this code does:
def function_0(x): return x * 2",0.7,512,0,1747778369.222381,2025-05-20T21:59:29.222397,0.2329988032579422,0.3976929783821106,Llama-3-8B-Q4,2025-05-21T08:58:02.694683
"Tourism and entertainment  According to Business Insider, Alabama ranked 14th in most popular states to visit in 2014.",0.7,512,0,1747778397.9990017,2025-05-20T21:59:57.999008,0.23616427183151245,0.4025816321372986,Llama-3-8B-Q4,2025-05-21T08:58:03.023007
"A component especially of individualist anarchism, philosophical anarchism may tolerate the existence of a minimal state but claims that citizens have no moral obligation to obey government when it conflicts with individual autonomy.",0.7,512,0,1747778427.3068824,2025-05-20T22:00:27.306887,0.22862806916236877,0.3915003538131714,Llama-3-8B-Q4,2025-05-21T08:58:03.336201
"Anarchists were treated similarly in the Second International, being ultimately expelled in 1896.",0.7,512,1,1747778442.0842197,2025-05-20T22:00:42.084228,0.2507140040397644,0.4031778573989868,Llama-3-8B-Q4,2025-05-21T08:58:06.500415
"Explain what this code does:
def function_49(x): return x * 2",0.7,512,1,1747778470.530524,2025-05-20T22:01:10.530529,0.2564408481121063,0.41240960359573364,Llama-3-8B-Q4,2025-05-21T08:58:06.830626
Later immigrants in the nineteenth and twentieth centuries tended to be Ashkenazi Jews from eastern Europe.,0.7,512,1,1747778499.2007127,2025-05-20T22:01:39.200718,0.2575707733631134,0.41259270906448364,Llama-3-8B-Q4,2025-05-21T08:58:07.148116
"Etymology, terminology, and definition   The etymological origin of anarchism is from the Ancient Greek anarkhia, meaning ""without a ruler"", composed of the prefix an- (""without"") and the word arkhos (""leader"" or ""ruler"").",0.7,512,1,1747778528.2863197,2025-05-20T22:02:08.286325,0.2566169500350952,0.411966472864151,Llama-3-8B-Q4,2025-05-21T08:58:07.460446
"Since then we've been doing five-day workshops once a year in Robert's studio, Ex Machina, where he has a multi media team.",0.7,512,1,1747778556.813964,2025-05-20T22:02:36.813969,0.24618327617645264,0.39659053087234497,Llama-3-8B-Q4,2025-05-21T08:58:07.913775
"Once she's mastered the pirouette she's been struggling with, she repeats the step over and over until the clock reaches 12 pm for lunch.",0.7,512,0,1747778456.7810695,2025-05-20T22:00:56.781074,0.23168891668319702,0.3949742019176483,Llama-3-8B-Q4,2025-05-21T08:58:11.064720
"Explain what this code does:
def function_14(x): return x * 2",0.7,512,0,1747778484.975224,2025-05-20T22:01:24.975229,0.23121799528598785,0.3946729302406311,Llama-3-8B-Q4,2025-05-21T08:58:11.382226
"), patriarchy, heterosexism, white supremacy, and imperialism.""",0.7,512,0,1747778513.5638947,2025-05-20T22:01:53.563908,0.23355348408222198,0.40047818422317505,Llama-3-8B-Q4,2025-05-21T08:58:11.777795
"Once again, the final screen links wouldn't work.",0.7,512,0,1747778542.5061646,2025-05-20T22:02:22.506170,0.2254926860332489,0.38677486777305603,Llama-3-8B-Q4,2025-05-21T08:58:12.185766
"What is now the counties of Baldwin and Mobile became part of Spanish West Florida in 1783, part of the independent Republic of West Florida in 1810, and was finally added to the Mississippi Territory in 1812.",0.7,512,0,1747778571.2958903,2025-05-20T22:02:51.295895,0.23669178783893585,0.40377289056777954,Llama-3-8B-Q4,2025-05-21T08:58:12.504557
"Explain what this code does:
def function_94(x): return x * 2",0.7,512,0,1747778600.8605912,2025-05-20T22:03:20.860596,0.23579442501068115,0.4024720788002014,Llama-3-8B-Q4,2025-05-21T08:58:15.528553
"Explain what this code does:
def function_80(x): return x * 2",0.7,512,0,1747778629.2891347,2025-05-20T22:03:49.289140,0.23428776860237122,0.4002874791622162,Llama-3-8B-Q4,2025-05-21T08:58:15.838418
So I returned to the IP address and was presented with a login screen.,0.7,512,0,1747778658.0471425,2025-05-20T22:04:18.047147,0.23324215412139893,0.39855459332466125,Llama-3-8B-Q4,2025-05-21T08:58:16.291494
"In the southern Gulf coast, snowfall is less frequent, sometimes going several years without any snowfall.",0.7,512,0,1747778686.6156921,2025-05-20T22:04:46.615698,0.23070280253887177,0.392805278301239,Llama-3-8B-Q4,2025-05-21T08:58:16.704012
"In 1954, the U.S. Supreme Court ruled in Brown v. Board of Education that public schools had to be desegregated, but Alabama was slow to comply.",0.7,512,0,1747778715.707102,2025-05-20T22:05:15.707106,0.23521655797958374,0.40056028962135315,Llama-3-8B-Q4,2025-05-21T08:58:17.099091
Alabama: The History of a Deep South State (1994).,0.7,512,1,1747778586.2027478,2025-05-20T22:03:06.202756,0.2534244954586029,0.40859901905059814,Llama-3-8B-Q4,2025-05-21T08:58:20.302509
"Lastly, Fiala mentions a critique towards philosophical anarchism of being ineffective (all talk and thoughts) and in the meantime capitalism and bourgeois class remains strong.",0.7,512,1,1747778614.8703048,2025-05-20T22:03:34.870313,0.24485988914966583,0.39602136611938477,Llama-3-8B-Q4,2025-05-21T08:58:20.760623
"Steel jobs, for instance, declined from 46,314 in 1950 to 14,185 in 2011.",0.7,512,1,1747778643.5286496,2025-05-20T22:04:03.528658,0.2505870461463928,0.4038492441177368,Llama-3-8B-Q4,2025-05-21T08:58:21.212993
Giant redwood trees change energy from one form to another. How is energy changed by the trees? (Answer: B),0.7,512,1,1747778672.356035,2025-05-20T22:04:32.356045,0.25622934103012085,0.4133078157901764,Llama-3-8B-Q4,2025-05-21T08:58:21.540813
A signal from the brain to a muscle in the arm is transmitted by which structures? (Answer: C),0.7,512,1,1747778701.2517183,2025-05-20T22:05:01.251724,0.2555345296859741,0.41153109073638916,Llama-3-8B-Q4,2025-05-21T08:58:21.859936
"Explain what this code does:
def function_78(x): return x * 2",0.7,512,0,1747778745.2464507,2025-05-20T22:05:45.246456,0.23699598014354706,0.40426769852638245,Llama-3-8B-Q4,2025-05-21T08:58:25.019298
Robert Paul Wolff believed that the tension between authority and autonomy would mean the state could never be legitimate.,0.7,512,0,1747778773.5143352,2025-05-20T22:06:13.514340,0.22492030262947083,0.38529929518699646,Llama-3-8B-Q4,2025-05-21T08:58:25.431579
How many times does Earth rotate on its axis in one day? (Answer: A),0.7,512,0,1747778801.792194,2025-05-20T22:06:41.792198,0.23386414349079132,0.39884117245674133,Llama-3-8B-Q4,2025-05-21T08:58:25.796077
"Explain what this code does:
def function_38(x): return x * 2",0.7,512,0,1747778830.1333115,2025-05-20T22:07:10.133317,0.2339901626110077,0.39970096945762634,Llama-3-8B-Q4,2025-05-21T08:58:26.111529
"Explain what this code does:
def function_9(x): return x * 2",0.7,512,0,1747778859.1353602,2025-05-20T22:07:39.135372,0.23661042749881744,0.40363946557044983,Llama-3-8B-Q4,2025-05-21T08:58:26.426347
"Laura adds 50 mL of boiling water to 100 mL of ice water. If the 150 mL of water is then put into a freezer, at what temperature will the water freeze? (Answer: A)",0.7,512,1,1747778730.4977472,2025-05-20T22:05:30.497756,0.25294625759124756,0.4066806435585022,Llama-3-8B-Q4,2025-05-21T08:58:29.914409
They include:  Genetic disorders.,0.7,512,1,1747778758.8647654,2025-05-20T22:05:58.864770,0.25142279267311096,0.40615424513816833,Llama-3-8B-Q4,2025-05-21T08:58:30.242228
The school closed after constant harassment by the state and Ferrer was later arrested.,0.7,512,1,1747778787.5670578,2025-05-20T22:06:27.567067,0.2507461607456207,0.40309938788414,Llama-3-8B-Q4,2025-05-21T08:58:30.569138
"However, most of the Democratic sheriffs preside over rural and less populated counties.",0.7,512,1,1747778815.804604,2025-05-20T22:06:55.804609,0.25091221928596497,0.4036896526813507,Llama-3-8B-Q4,2025-05-21T08:58:30.882535
"""An awful lot of companies may not think they have exposure to it, but there are lots of variables in that.""",0.7,512,1,1747778844.2920282,2025-05-20T22:07:24.292033,0.2455921620130539,0.39684829115867615,Llama-3-8B-Q4,2025-05-21T08:58:31.351943
The remaining portion of the ThyssenKrupp plant had final bids submitted by ArcelorMittal and Nippon Steel for $1.6billion in March 2013.,0.7,512,1,1747778874.1873221,2025-05-20T22:07:54.187327,0.25079306960105896,0.4051116406917572,Llama-3-8B-Q4,2025-05-21T08:58:34.591465
"Explain what this code does:
def function_18(x): return x * 2",0.7,512,1,1747778902.8303688,2025-05-20T22:08:22.830381,0.25783950090408325,0.41458073258399963,Llama-3-8B-Q4,2025-05-21T08:58:34.908592
Anarchism is contrasted to socialist forms which are state-oriented or from above.,0.7,512,1,1747778931.2250535,2025-05-20T22:08:51.225058,0.25138410925865173,0.404245525598526,Llama-3-8B-Q4,2025-05-21T08:58:35.270463
"Across the Country… In 1944, San Francisco Ballet founding artistic director Willam Christensen choreographed the U.S.'s first full-length Nutcracker.",0.7,512,1,1747778959.5308838,2025-05-20T22:09:19.530893,0.2541993260383606,0.40889137983322144,Llama-3-8B-Q4,2025-05-21T08:58:35.642254
Aquaculture   Aquaculture is a large part of the economy of Alabama.,0.7,512,1,1747778988.0559354,2025-05-20T22:09:48.055944,0.2588701546192169,0.41553279757499695,Llama-3-8B-Q4,2025-05-21T08:58:35.956080
"Explain what this code does:
def function_26(x): return x * 2",0.7,512,0,1747778889.0164008,2025-05-20T22:08:09.016414,0.23460187017917633,0.40026408433914185,Llama-3-8B-Q4,2025-05-21T08:58:38.995435
Which of the following statements best explains why magnets usually stick to a refrigerator door? (Answer: B),0.7,512,0,1747778917.296518,2025-05-20T22:08:37.296527,0.23351609706878662,0.3988105058670044,Llama-3-8B-Q4,2025-05-21T08:58:39.397985
"Other spellings of the name have included Alibamu, Alabamo, Albama, Alebamon, Alibama, Alibamou, Alabamu, Allibamou.",0.7,512,0,1747778945.5705202,2025-05-20T22:09:05.570530,0.22814136743545532,0.39015665650367737,Llama-3-8B-Q4,2025-05-21T08:58:39.716758
"Starbucks in hand, they discuss their mutual love of food (particularly pasta and Japanese curry), the story behind the Cindy nickname and what it's like picking up contemporary choreography versus classical.",0.7,512,0,1747778973.8237886,2025-05-20T22:09:33.823799,0.21872828900814056,0.37678492069244385,Llama-3-8B-Q4,2025-05-21T08:58:40.171892
The available evidence does not rule out the possibility that autism's true prevalence has increased; a real increase would suggest directing more attention and funding toward psychosocial factors and changing environmental factors instead of continuing to focus on genetics.,0.7,512,0,1747779002.635269,2025-05-20T22:10:02.635277,0.2266564518213272,0.3885509967803955,Llama-3-8B-Q4,2025-05-21T08:58:40.527156
Which would a scientist use in trying to model the cause of planetary years? (Answer: D),0.7,512,0,1747779032.0534956,2025-05-20T22:10:32.053506,0.22920939326286316,0.39425548911094666,Llama-3-8B-Q4,2025-05-21T08:58:43.578465
"In living things, smaller substances are linked to make up larger substances. Which of the following correctly describes a larger substance made by linking smaller substances? (Answer: A)",0.7,512,0,1747779060.078403,2025-05-20T22:11:00.078417,0.2348971962928772,0.4004989564418793,Llama-3-8B-Q4,2025-05-21T08:58:43.906293
"Explain what this code does:
def function_52(x): return x * 2",0.7,512,0,1747779088.612522,2025-05-20T22:11:28.612535,0.23790030181407928,0.40587884187698364,Llama-3-8B-Q4,2025-05-21T08:58:44.419222
"Authority ultimately rests solely on power, regardless of whether that power is open or transparent, as it still has the ability to coerce people.",0.7,512,0,1747779117.719988,2025-05-20T22:11:57.719997,0.22929884493350983,0.39150652289390564,Llama-3-8B-Q4,2025-05-21T08:58:44.754861
"Explain what this code does:
def function_96(x): return x * 2",0.7,512,0,1747779147.1313612,2025-05-20T22:12:27.131373,0.2337271124124527,0.3991144299507141,Llama-3-8B-Q4,2025-05-21T08:58:45.211026
"Explain what this code does:
def function_83(x): return x * 2",0.7,512,1,1747779017.4432375,2025-05-20T22:10:17.443243,0.25601354241371155,0.41199246048927307,Llama-3-8B-Q4,2025-05-21T08:58:48.540148
"Explain what this code does:
def function_66(x): return x * 2",0.7,512,1,1747779045.5764225,2025-05-20T22:10:45.576432,0.2592446506023407,0.41634222865104675,Llama-3-8B-Q4,2025-05-21T08:58:48.875613
"Rain forests contain more species of trees than any other biome. However, scientists have found that the soil of the forest floor is relatively nutrient poor. What could most likely account for this? (Answer: B)",0.7,512,1,1747779074.05585,2025-05-20T22:11:14.055863,0.24821868538856506,0.398699015378952,Llama-3-8B-Q4,2025-05-21T08:58:49.373389
"Explain what this code does:
def function_50(x): return x * 2",0.7,512,1,1747779103.450857,2025-05-20T22:11:43.450870,0.25205177068710327,0.4059492349624634,Llama-3-8B-Q4,2025-05-21T08:58:49.787027
"Collectivist anarchists advocate collective ownership of the means of production which is theorised to be achieved through violent revolution and that workers be paid according to time worked, rather than goods being distributed according to need as in communism.",0.7,512,1,1747779132.0987198,2025-05-20T22:12:12.098729,0.2533160150051117,0.40707123279571533,Llama-3-8B-Q4,2025-05-21T08:58:50.129739
"More than half of US children diagnosed with ASD are prescribed psychoactive drugs or anticonvulsants, with the most common drug classes being antidepressants, stimulants, and antipsychotics.",0.7,512,0,1747779177.1778133,2025-05-20T22:12:57.177827,0.2362871766090393,0.40253975987434387,Llama-3-8B-Q4,2025-05-21T08:58:53.417181
In which taxonomic group are organisms found that share the characteristic of storing hereditary material in a single loop of DNA? (Answer: A),0.7,512,0,1747779205.5175898,2025-05-20T22:13:25.517594,0.23797203600406647,0.4054582715034485,Llama-3-8B-Q4,2025-05-21T08:58:53.743889
"The white male with them was identified as Charles Edward Sinard, age 39, a transient.",0.7,512,0,1747779234.6597064,2025-05-20T22:13:54.659712,0.22766715288162231,0.39145737886428833,Llama-3-8B-Q4,2025-05-21T08:58:54.070770
"Explain what this code does:
def function_11(x): return x * 2",0.7,512,0,1747779263.125378,2025-05-20T22:14:23.125383,0.23866784572601318,0.40694284439086914,Llama-3-8B-Q4,2025-05-21T08:58:54.384354
Rubbing sandpaper on a piece of wood produces what two types of energy? (Answer: B),0.7,512,0,1747779291.7259495,2025-05-20T22:14:51.725962,0.23348532617092133,0.398564875125885,Llama-3-8B-Q4,2025-05-21T08:58:54.860208
"Explain what this code does:
def function_90(x): return x * 2",0.7,512,1,1747779161.5601041,2025-05-20T22:12:41.560110,0.25793910026550293,0.41492459177970886,Llama-3-8B-Q4,2025-05-21T08:58:57.996458
"As people are often sized up initially from their basic language skills, these studies suggest that people speaking to autistic individuals are more likely to overestimate what their audience comprehends.",0.7,512,1,1747779190.9077334,2025-05-20T22:13:10.907743,0.2495848834514618,0.40179890394210815,Llama-3-8B-Q4,2025-05-21T08:58:58.420641
A significant event of this period was the confrontations at the 1999 Seattle WTO conference.,0.7,512,1,1747779220.4572744,2025-05-20T22:13:40.457283,0.25466060638427734,0.4096348285675049,Llama-3-8B-Q4,2025-05-21T08:58:58.837547
What adaptation is necessary in intertidal ecosystems but not in reef ecosystems? (Answer: C),0.7,512,1,1747779248.7471287,2025-05-20T22:14:08.747138,0.2533125579357147,0.40730610489845276,Llama-3-8B-Q4,2025-05-21T08:58:59.331057
"It had not redistricted congressional districts since passage of its constitution in 1901; as a result, urbanized areas were grossly underrepresented.",0.7,512,1,1747779277.432389,2025-05-20T22:14:37.432400,0.25197669863700867,0.40556958317756653,Llama-3-8B-Q4,2025-05-21T08:58:59.767702
"During most of the year, the air over Boston, Massachusetts, contains a high amount of moisture. Which of the following best explains why there is a high amount of moisture in the air? (Answer: A)",0.7,512,1,1747779306.6919417,2025-05-20T22:15:06.691946,0.2546994090080261,0.4091927409172058,Llama-3-8B-Q4,2025-05-21T08:59:02.871092
"While employers state hiring concerns about productivity and supervision, experienced employers of autistic people give positive reports of above average memory and detail orientation as well as a high regard for rules and procedure in autistic employees.",0.7,512,1,1747779334.9731221,2025-05-20T22:15:34.973132,0.24883413314819336,0.40076684951782227,Llama-3-8B-Q4,2025-05-21T08:59:03.186241
"The latter is commonly used in handwriting and fonts based on it, especially fonts intended to be read by children, and is also found in italic type.",0.7,512,1,1747779363.0791495,2025-05-20T22:16:03.079161,0.2458122819662094,0.3968678414821625,Llama-3-8B-Q4,2025-05-21T08:59:03.501983
"Beyond the specific factions of anarchist movements which constitute political anarchism lies philosophical anarchism which holds that the state lacks moral legitimacy, without necessarily accepting the imperative of revolution to eliminate it.",0.7,512,1,1747779391.6432896,2025-05-20T22:16:31.643294,0.24868644773960114,0.4006430208683014,Llama-3-8B-Q4,2025-05-21T08:59:03.830624
Password policies Passwords remain a common digital entry point into an organization for hackers.,0.7,512,1,1747779420.1823618,2025-05-20T22:17:00.182367,0.24773868918418884,0.39919471740722656,Llama-3-8B-Q4,2025-05-21T08:59:04.229048
"Its name in English is a (pronounced ), plural aes.",0.7,512,0,1747779321.10549,2025-05-20T22:15:21.105495,0.22350133955478668,0.38365447521209717,Llama-3-8B-Q4,2025-05-21T08:59:07.404079
"It's not a story ballet per say, but there is a story from beginning to end.",0.7,512,0,1747779348.8831627,2025-05-20T22:15:48.883172,0.225437730550766,0.38672110438346863,Llama-3-8B-Q4,2025-05-21T08:59:07.762173
"This entails that liberty and equality cannot be implemented within the state, resulting in the questioning of all forms of domination and hierarchy.",0.7,512,0,1747779377.2341976,2025-05-20T22:16:17.234203,0.22863583266735077,0.39115554094314575,Llama-3-8B-Q4,2025-05-21T08:59:08.088471
"CDC estimates about 1 out of 59 (1.7%) for 2014, an increase from 1 out of every 68 children (1.5%) for 2010.",0.7,512,0,1747779405.8409908,2025-05-20T22:16:45.840995,0.23819006979465485,0.4056828022003174,Llama-3-8B-Q4,2025-05-21T08:59:08.406374
"Explain what this code does:
def function_97(x): return x * 2",0.7,512,0,1747779434.4850223,2025-05-20T22:17:14.485027,0.23289251327514648,0.3977963328361511,Llama-3-8B-Q4,2025-05-21T08:59:08.774873
"In this article, autism refers to the classic autistic disorder; in clinical practice, though, autism, ASD, and PDD are often used interchangeably.",0.7,512,1,1747779449.7459571,2025-05-20T22:17:29.745967,0.2576834559440613,0.4127918779850006,Llama-3-8B-Q4,2025-05-21T08:59:12.063129
"Here are five types of policies that companies must ensure they have in place and have trained employees on in the age of GDPR, according to Rickard.",0.7,512,1,1747779477.9359908,2025-05-20T22:17:57.935996,0.25506114959716797,0.410484254360199,Llama-3-8B-Q4,2025-05-21T08:59:12.379943
Alabama was heavily involved in the American Civil War.,0.7,512,1,1747779506.2155948,2025-05-20T22:18:26.215603,0.26266980171203613,0.4211512506008148,Llama-3-8B-Q4,2025-05-21T08:59:12.765652
"About 8.167% of letters used in English texts tend to be ; the number is around 7.636% in French, 11.525% in Spanish, and 14.634% for Portuguese.",0.7,512,1,1747779534.442168,2025-05-20T22:18:54.442181,0.24425312876701355,0.39521467685699463,Llama-3-8B-Q4,2025-05-21T08:59:13.093868
"Following the Vaganova method, classes are strict and focus on precise positions and placement.",0.7,512,1,1747779562.7510881,2025-05-20T22:19:22.751098,0.2511533498764038,0.40331485867500305,Llama-3-8B-Q4,2025-05-21T08:59:13.409430
"In the last decades of the 20th and into the 21st century, the anarchist movement has been resurgent once more.",0.7,512,0,1747779464.328223,2025-05-20T22:17:44.328227,0.23748993873596191,0.4041675627231598,Llama-3-8B-Q4,2025-05-21T08:59:16.556804
"""One of the easiest ways to breach a company is to put somebody on the janitorial staff and go looking at desks,"" Rickard said.",0.7,512,0,1747779492.3070924,2025-05-20T22:18:12.307097,0.22818894684314728,0.3895087242126465,Llama-3-8B-Q4,2025-05-21T08:59:17.000143
The authors concluded that a longer duration of the diet may be necessary to achieve the improvement of the ASD symptoms.,0.7,512,0,1747779520.5135071,2025-05-20T22:18:40.513512,0.23185274004936218,0.3967023193836212,Llama-3-8B-Q4,2025-05-21T08:59:17.334432
"There are many anecdotal reports, but few systematic studies, of aggression and violence in individuals with ASD.",0.7,512,0,1747779548.6446903,2025-05-20T22:19:08.644696,0.23449796438217163,0.39994731545448303,Llama-3-8B-Q4,2025-05-21T08:59:17.672990
The judiciary is responsible for interpreting the Constitution of Alabama and applying the law in state criminal and civil cases.,0.7,512,0,1747779577.3155327,2025-05-20T22:19:37.315538,0.2392551153898239,0.4068503975868225,Llama-3-8B-Q4,2025-05-21T08:59:17.978180
"Society and culture  An autistic culture has emerged, accompanied by the autistic rights and neurodiversity movements.",0.7,512,1,1747779592.0020707,2025-05-20T22:19:52.002076,0.25158581137657166,0.40477538108825684,Llama-3-8B-Q4,2025-05-21T08:59:21.105265
"Explain what this code does:
def function_7(x): return x * 2",0.7,512,1,1747779620.2446713,2025-05-20T22:20:20.244681,0.2594141364097595,0.4168408215045929,Llama-3-8B-Q4,2025-05-21T08:59:21.441948
"Sample symptoms include lack of social or emotional reciprocity, stereotyped and repetitive use of language or idiosyncratic language, and persistent preoccupation with unusual objects.",0.7,512,1,1747779648.5922222,2025-05-20T22:20:48.592232,0.2552867829799652,0.40963178873062134,Llama-3-8B-Q4,2025-05-21T08:59:21.852736
"In response to the army rebellion, an anarchist-inspired movement of peasants and workers, supported by armed militias, took control of Barcelona and of large areas of rural Spain, where they collectivised the land.",0.7,512,1,1747779677.3134131,2025-05-20T22:21:17.313418,0.24942439794540405,0.402055025100708,Llama-3-8B-Q4,2025-05-21T08:59:22.271280
"From Page to Stage In 1892 St. Petersburg, choreographer Marius Petipa and composer Pyotr Ilyich Tchaikovsky pulled the story off the page and onto the stage of the Mariinsky Theatre.",0.7,512,1,1747779705.5764546,2025-05-20T22:21:45.576464,0.24981805682182312,0.4015081822872162,Llama-3-8B-Q4,2025-05-21T08:59:22.633393
It is used to define scattering of electromagnetic waves on small particles.,0.7,512,0,1747779606.5329301,2025-05-20T22:20:06.532939,0.23298247158527374,0.3977705240249634,Llama-3-8B-Q4,2025-05-21T08:59:25.721307
"Former Royal Danish Ballet artistic director Frank Andersen has been a guest teacher at the school since 2002, and was awarded a professorship in 2012.",0.7,512,0,1747779634.561068,2025-05-20T22:20:34.561078,0.23262114822864532,0.3967665433883667,Llama-3-8B-Q4,2025-05-21T08:59:26.036024
Masking may include making oneself perform normative facial expressions and eye contact.,0.7,512,0,1747779662.8010936,2025-05-20T22:21:02.801100,0.22712203860282898,0.389305055141449,Llama-3-8B-Q4,2025-05-21T08:59:26.498774
This line of arguments most often calls for political action within the system to reform it.,0.7,512,0,1747779690.962145,2025-05-20T22:21:30.962155,0.2271614372730255,0.3893106281757355,Llama-3-8B-Q4,2025-05-21T08:59:26.823872
There are two key differences between SAR requests made under the Data Privacy Act and those made under GDPR: The cost and time frame.,0.7,512,0,1747779721.0334704,2025-05-20T22:22:01.033475,0.23373958468437195,0.3981420397758484,Llama-3-8B-Q4,2025-05-21T08:59:27.136430
A BOLO was put out to local law enforcement on the vehicles.,0.7,512,0,1747779750.7045135,2025-05-20T22:22:30.704527,0.22561652958393097,0.38727670907974243,Llama-3-8B-Q4,2025-05-21T08:59:30.407705
"Stage Time Performance is the most important aspect of BDA students' professional development, with annual productions featuring classical ballets, contemporary works and student choreography.",0.7,512,0,1747779780.2709227,2025-05-20T22:23:00.270936,0.22823745012283325,0.39164143800735474,Llama-3-8B-Q4,2025-05-21T08:59:30.784294
"NBoC's new work, titled Frame by Frame, will run June 1-10 in Toronto.",0.7,512,0,1747779808.611164,2025-05-20T22:23:28.611173,0.22262749075889587,0.38346391916275024,Llama-3-8B-Q4,2025-05-21T08:59:31.175259
The glint of light off water is a commonplace effect of this.,0.7,512,0,1747779836.98975,2025-05-20T22:23:56.989764,0.2271602749824524,0.3893059492111206,Llama-3-8B-Q4,2025-05-21T08:59:31.550299
"Alabama has been identified as one of the most religious states in the United States, with about 58% of the population attending church regularly.",0.7,512,0,1747779865.961246,2025-05-20T22:24:25.961255,0.23807646334171295,0.40558817982673645,Llama-3-8B-Q4,2025-05-21T08:59:31.902240
"Diagnosis Diagnosis is based on behavior, not cause or mechanism.",0.7,512,1,1747779735.4483142,2025-05-20T22:22:15.448319,0.248133584856987,0.4002143144607544,Llama-3-8B-Q4,2025-05-21T08:59:34.981642
"A common criticism against autistic activists is that the majority of them are ""high-functioning"" or have Asperger syndrome and do not represent the views of ""low-functioning"" autistic people.",0.7,512,1,1747779765.7504184,2025-05-20T22:22:45.750430,0.252257764339447,0.40616822242736816,Llama-3-8B-Q4,2025-05-21T08:59:35.288629
"The rural-dominated Alabama legislature consistently underfunded schools and services for the disenfranchised African Americans, but it did not relieve them of paying taxes.",0.7,512,1,1747779794.5862138,2025-05-20T22:23:14.586224,0.24435743689537048,0.3946891129016876,Llama-3-8B-Q4,2025-05-21T08:59:35.595304
"Overall, contemporary anarchists are much less violent and militant than their ideological ancestors.",0.7,512,1,1747779823.0079992,2025-05-20T22:23:43.008008,0.2536219358444214,0.40768224000930786,Llama-3-8B-Q4,2025-05-21T08:59:35.902259
"As new genetic tests are developed several ethical, legal, and social issues will emerge.",0.7,512,1,1747779851.6952393,2025-05-20T22:24:11.695250,0.2564281225204468,0.4125422537326813,Llama-3-8B-Q4,2025-05-21T08:59:36.296494
It has been in operation since 1929.,0.7,512,1,1747779880.867951,2025-05-20T22:24:40.867957,0.25361374020576477,0.4086553454399109,Llama-3-8B-Q4,2025-05-21T08:59:39.355764
"Although you might find systems with more features (and a more powerful configuration system), Trac is very simple to set up and use.",0.7,512,1,1747779909.21185,2025-05-20T22:25:09.211863,0.24854759871959686,0.4003441035747528,Llama-3-8B-Q4,2025-05-21T08:59:39.735859
"Many individuals with ASD show superior skills in perception and attention, relative to the general population.",0.7,512,1,1747779938.1970155,2025-05-20T22:25:38.197029,0.2541031837463379,0.40848827362060547,Llama-3-8B-Q4,2025-05-21T08:59:40.260946
Figure A You can now go to Preferences and configure your installation of Trac.,0.7,512,1,1747779966.8219945,2025-05-20T22:26:06.821999,0.24796181917190552,0.4004153311252594,Llama-3-8B-Q4,2025-05-21T08:59:40.652597
Which of these would most likely improve the air quality in large Texas cities? (Answer: A),0.7,512,1,1747779995.6038203,2025-05-20T22:26:35.603830,0.24769452214241028,0.4003709852695465,Llama-3-8B-Q4,2025-05-21T08:59:40.981524
Variants also existed that were intermediate between the monumental and cursive styles.,0.7,512,0,1747779895.4854243,2025-05-20T22:24:55.485434,0.2325734794139862,0.39610159397125244,Llama-3-8B-Q4,2025-05-21T08:59:44.038385
Anti-capitalism Anti-fascism Economic ideologies Left-wing politics Libertarian socialism Libertarianism Political culture Political movements Political ideologies Social theories Socialism Far-left politics,0.7,512,0,1747779924.3319068,2025-05-20T22:25:24.331912,0.22688418626785278,0.3881908059120178,Llama-3-8B-Q4,2025-05-21T08:59:44.369245
"Explain what this code does:
def function_71(x): return x * 2",0.7,512,0,1747779952.649138,2025-05-20T22:25:52.649147,0.23336577415466309,0.3986353278160095,Llama-3-8B-Q4,2025-05-21T08:59:44.745636
"Sexual violence was a concern for anarchists such as Benjamin Tucker, who opposed age of consent laws, believing they would benefit predatory men.",0.7,512,0,1747779981.3517163,2025-05-20T22:26:21.351726,0.230015367269516,0.392330527305603,Llama-3-8B-Q4,2025-05-21T08:59:45.076566
"Typically, autism cannot be traced to a Mendelian (single-gene) mutation or to a single chromosome abnormality, and none of the genetic syndromes associated with ASDs have been shown to selectively cause ASD.",0.7,512,0,1747780010.582716,2025-05-20T22:26:50.582720,0.2329665571451187,0.39717230200767517,Llama-3-8B-Q4,2025-05-21T08:59:45.498260
"Tactics  Anarchists' tactics take various forms but in general serve two major goals, namely to first oppose the Establishment and secondly to promote anarchist ethics and reflect an anarchist vision of society, illustrating the unity of means and ends.",0.7,512,1,1747780025.2579165,2025-05-20T22:27:05.257925,0.24716144800186157,0.3992438316345215,Llama-3-8B-Q4,2025-05-21T08:59:48.637721
"Explain what this code does:
def function_21(x): return x * 2",0.7,512,1,1747780053.9118323,2025-05-20T22:27:33.911837,0.2584785521030426,0.4154469668865204,Llama-3-8B-Q4,2025-05-21T08:59:49.090162
"According to a pH scale, which pH would be the strongest acid? (Answer: A)",0.7,512,1,1747780082.6551237,2025-05-20T22:28:02.655132,0.2543024718761444,0.4090034067630768,Llama-3-8B-Q4,2025-05-21T08:59:49.480141
New York City Ballet continues its first year without Peter Martins at the helm as our spring season opens tonight.,0.7,512,1,1747780110.8180387,2025-05-20T22:28:30.818043,0.25317153334617615,0.4064027667045593,Llama-3-8B-Q4,2025-05-21T08:59:49.785635
Which statement best compares single-celled and multi-celled organisms? (Answer: C),0.7,512,1,1747780139.375478,2025-05-20T22:28:59.375484,0.2580178678035736,0.41456732153892517,Llama-3-8B-Q4,2025-05-21T08:59:50.099614
"Explain what this code does:
def function_74(x): return x * 2",0.7,512,0,1747780040.2023485,2025-05-20T22:27:20.202362,0.23179687559604645,0.3956691324710846,Llama-3-8B-Q4,2025-05-21T08:59:53.355543
Demarko Johnson and Johnathan Johnson were able to find McNeight at a gas station at Magnolia Beach Road and Thomas Drive.,0.7,512,0,1747780068.5504477,2025-05-20T22:27:48.550461,0.23045547306537628,0.3953506052494049,Llama-3-8B-Q4,2025-05-21T08:59:53.708587
"In May 2013, the DSM-5 was released, updating the classification for pervasive developmental disorders.",0.7,512,0,1747780096.9521616,2025-05-20T22:28:16.952172,0.237178772687912,0.40400266647338867,Llama-3-8B-Q4,2025-05-21T08:59:54.044161
"Explain what this code does:
def function_98(x): return x * 2",0.7,512,0,1747780125.3597095,2025-05-20T22:28:45.359723,0.23642130196094513,0.4032363295555115,Llama-3-8B-Q4,2025-05-21T08:59:54.437129
"While part of the same large language family, the Muskogee tribes developed distinct cultures and languages.",0.7,512,0,1747780154.1145153,2025-05-20T22:29:14.114520,0.2337823510169983,0.39920732378959656,Llama-3-8B-Q4,2025-05-21T08:59:54.833486
The AWS Certified Security - Specialty Exam is now available to those who hold either an Associate or Cloud Practitioner certification from AWS.,0.7,512,0,1747780183.9200275,2025-05-20T22:29:43.920033,0.23397979140281677,0.39827579259872437,Llama-3-8B-Q4,2025-05-21T08:59:58.038211
Anarchism pays significant attention to moral arguments since ethics have a central role in anarchist philosophy.,0.7,512,0,1747780212.080366,2025-05-20T22:30:12.080370,0.2327800989151001,0.3960472643375397,Llama-3-8B-Q4,2025-05-21T08:59:58.357159
"Despite African Americans making up a significant minority in the state, they had been unable to elect any representatives in most of the at-large jurisdictions.",0.7,512,0,1747780240.3764162,2025-05-20T22:30:40.376422,0.2325877547264099,0.39626002311706543,Llama-3-8B-Q4,2025-05-21T08:59:58.729846
"Epidemiology  As of 2007, reviews estimate a prevalence of 1–2 per 1,000 for autism and close to 6 per 1,000 for ASD.",0.7,512,0,1747780268.63941,2025-05-20T22:31:08.639419,0.23203396797180176,0.3954424262046814,Llama-3-8B-Q4,2025-05-21T08:59:59.039652
"Stay informed, click here to subscribe to the TechRepublic Cloud Insights newsletter.",0.7,512,0,1747780297.3544405,2025-05-20T22:31:37.354449,0.22515326738357544,0.38608798384666443,Llama-3-8B-Q4,2025-05-21T08:59:59.348780
"The four-person group is made up of members of the company's current artistic staff, led by ballet master and former principal dancer Jonathan Stafford.",0.7,512,1,1747780169.0577245,2025-05-20T22:29:29.057729,0.2473815679550171,0.4005622863769531,Llama-3-8B-Q4,2025-05-21T09:00:02.479019
"Self-injury: Behaviors such as eye-poking, skin-picking, hand-biting and head-banging.",0.7,512,1,1747780197.698146,2025-05-20T22:29:57.698151,0.25475144386291504,0.40991106629371643,Llama-3-8B-Q4,2025-05-21T09:00:02.791438
"I've noticed it the most during dress rehearsals, particularly for Balanchine ballets.",0.7,512,1,1747780226.0432208,2025-05-20T22:30:26.043226,0.25218015909194946,0.40618348121643066,Llama-3-8B-Q4,2025-05-21T09:00:03.100878
Which of these is not an inherited trait in humans? (Answer: D),0.7,512,1,1747780254.136827,2025-05-20T22:30:54.136832,0.2577550709247589,0.4144141972064972,Llama-3-8B-Q4,2025-05-21T09:00:03.487070
How autism occurs is not well understood.,0.7,512,1,1747780282.6449094,2025-05-20T22:31:22.644914,0.25978654623031616,0.415946900844574,Llama-3-8B-Q4,2025-05-21T09:00:03.890881
"Between run-throughs, each fastidiously practices difficult sections, never satisfied with the results.",0.7,512,1,1747780312.0744958,2025-05-20T22:31:52.074504,0.24402299523353577,0.39493364095687866,Llama-3-8B-Q4,2025-05-21T09:00:06.901402
Alabama receives an average of  of rainfall annually and enjoys a lengthy growing season of up to 300 days in the southern part of the state.,0.7,512,1,1747780340.4919195,2025-05-20T22:32:20.491925,0.2553916871547699,0.4105384945869446,Llama-3-8B-Q4,2025-05-21T09:00:07.228599
There's just an amazing sense of trust and spontaneity; I feel so connected when I'm out there.,0.7,512,1,1747780369.0630436,2025-05-20T22:32:49.063049,0.24480901658535004,0.3953242897987366,Llama-3-8B-Q4,2025-05-21T09:00:07.541398
Cellular respiration results in the production of adenosine triphosphate (ATP) molecules for energy. The most efficient form of cellular respiration would result in the production of ATP along with which substances? (Answer: D),0.7,512,1,1747780397.5346324,2025-05-20T22:33:17.534637,0.25875338912010193,0.4159390330314636,Llama-3-8B-Q4,2025-05-21T09:00:07.849687
The source of energy for the Earth's water cycle is the (Answer: B),0.7,512,1,1747780426.6293228,2025-05-20T22:33:46.629332,0.25829648971557617,0.41540172696113586,Llama-3-8B-Q4,2025-05-21T09:00:08.157539
"The Hunt Refining Company, a subsidiary of Hunt Consolidated, Inc., is based in Tuscaloosa and operates a refinery there.",0.7,512,0,1747780326.6598747,2025-05-20T22:32:06.659883,0.23280850052833557,0.39773130416870117,Llama-3-8B-Q4,2025-05-21T09:00:11.412187
"James Dean Riles, the other transient, was unable to cash his fraudulent check at the first bank, and was taken by Clarence Suggs and Reginald Hughes to a second bank where he was successful.",0.7,512,0,1747780354.913973,2025-05-20T22:32:34.913987,0.21835283935070038,0.37620601058006287,Llama-3-8B-Q4,2025-05-21T09:00:11.812194
"NASA's Marshall Space Flight Center in Huntsville would help Alabama's economic growth in the mid-to-late 20th century, by developing an aerospace industry.",0.7,512,0,1747780383.448821,2025-05-20T22:33:03.448826,0.2312694638967514,0.3955068588256836,Llama-3-8B-Q4,2025-05-21T09:00:12.137967
"Explain what this code does:
def function_25(x): return x * 2",0.7,512,0,1747780412.2715104,2025-05-20T22:33:32.271516,0.23747439682483673,0.40511131286621094,Llama-3-8B-Q4,2025-05-21T09:00:12.462761
"That's how SFB describes their upcoming tribute to Jerome Robbins, March 20-25.",0.7,512,0,1747780441.2678914,2025-05-20T22:34:01.267896,0.22483138740062714,0.3868580758571625,Llama-3-8B-Q4,2025-05-21T09:00:12.774369
Joseph Raz states that the acceptance of authority implies the belief that following their instructions will afford more success.,0.7,512,1,1747780456.4078956,2025-05-20T22:34:16.407916,0.2522605359554291,0.4053356349468231,Llama-3-8B-Q4,2025-05-21T09:00:15.876600
"Explain what this code does:
def function_53(x): return x * 2",0.7,512,1,1747780484.6418831,2025-05-20T22:34:44.641892,0.2588905394077301,0.4164995551109314,Llama-3-8B-Q4,2025-05-21T09:00:16.209687
"By the 9th century, the Caroline script, which was very similar to the present-day form, was the principal form used in book-making, before the advent of the printing press.",0.7,512,1,1747780513.4571524,2025-05-20T22:35:13.457165,0.24934786558151245,0.40061303973197937,Llama-3-8B-Q4,2025-05-21T09:00:16.523859
Subscribe Also see,0.7,512,1,1747780541.5203085,2025-05-20T22:35:41.520321,0.2536067068576813,0.4088297486305237,Llama-3-8B-Q4,2025-05-21T09:00:17.005873
"Offered in two different styles and either 2.5"" or 3"" heels, top industry professionals are loving how versatile and supportive these shoes are!",0.7,512,1,1747780569.9284973,2025-05-20T22:36:09.928512,0.24654188752174377,0.3980822265148163,Llama-3-8B-Q4,2025-05-21T09:00:17.405243
"Their values can differ significantly, which is a common source of confusion.",0.7,512,0,1747780470.8930418,2025-05-20T22:34:30.893055,0.22937481105327606,0.39388027787208557,Llama-3-8B-Q4,2025-05-21T09:00:20.441752
1.,0.7,512,0,1747780499.0597785,2025-05-20T22:34:59.059784,0.23839843273162842,0.40854471921920776,Llama-3-8B-Q4,2025-05-21T09:00:20.800575
"Bryant–Denny Stadium is the home of the Alabama football team, and has a seating capacity of 101,821, and is the fifth largest stadium in America.",0.7,512,0,1747780527.8301284,2025-05-20T22:35:27.830138,0.23621854186058044,0.40283825993537903,Llama-3-8B-Q4,2025-05-21T09:00:21.133631
"Construction of an Airbus A320 family aircraft assembly plant in Mobile was formally announced by Airbus CEO Fabrice Brégier from the Mobile Convention Center on July 2, 2012.",0.7,512,0,1747780556.0582943,2025-05-20T22:35:56.058304,0.23628313839435577,0.4026316702365875,Llama-3-8B-Q4,2025-05-21T09:00:21.544485
"Additionally, compliance and security whitepapers will also help prepare would-be test takers.",0.7,512,0,1747780584.3939378,2025-05-20T22:36:24.393951,0.22990483045578003,0.3921407163143158,Llama-3-8B-Q4,2025-05-21T09:00:21.942930
The Bay County Sheriff’s Office announced the arrest of a local man on charges he committed sexual battery on a child.,0.7,512,0,1747780613.9615738,2025-05-20T22:36:53.961579,0.2350269854068756,0.4002830982208252,Llama-3-8B-Q4,2025-05-21T09:00:25.149540
The current state constitution requires a voter referendum to raise property taxes.,0.7,512,0,1747780642.8758008,2025-05-20T22:37:22.875806,0.23407761752605438,0.3989330232143402,Llama-3-8B-Q4,2025-05-21T09:00:25.574785
"At the end of the Roman Empire (5th century AD), several variants of the cursive minuscule developed through Western Europe.",0.7,512,0,1747780671.4461377,2025-05-20T22:37:51.446143,0.23754283785820007,0.40383630990982056,Llama-3-8B-Q4,2025-05-21T09:00:25.906606
"Maternal inflammatory and autoimmune diseases may damage fetal tissues, aggravating a genetic problem or damaging the nervous system.",0.7,512,0,1747780700.0143611,2025-05-20T22:38:20.014368,0.23302391171455383,0.3974275290966034,Llama-3-8B-Q4,2025-05-21T09:00:26.375315
"In some years, it imposes more death sentences than does Texas, a state which has a population five times larger.",0.7,512,0,1747780728.5641468,2025-05-20T22:38:48.564161,0.23073740303516388,0.3929474949836731,Llama-3-8B-Q4,2025-05-21T09:00:26.713255
Over Antarctica snow albedo averages a little more than 0.8.,0.7,512,1,1747780599.409476,2025-05-20T22:36:39.409481,0.25296252965927124,0.40611597895622253,Llama-3-8B-Q4,2025-05-21T09:00:29.935842
"This benefited the urban areas that had developed, as well as all in the population who had been underrepresented for more than sixty years.",0.7,512,1,1747780627.8508728,2025-05-20T22:37:07.850878,0.2447797656059265,0.39546164870262146,Llama-3-8B-Q4,2025-05-21T09:00:30.280045
Log in with the user admin and the password you set when you created admin user earlier.,0.7,512,1,1747780657.051202,2025-05-20T22:37:37.051207,0.25354060530662537,0.4072112441062927,Llama-3-8B-Q4,2025-05-21T09:00:30.609620
"Williams, Benjamin Buford.",0.7,512,1,1747780685.4305673,2025-05-20T22:38:05.430572,0.25174787640571594,0.40587425231933594,Llama-3-8B-Q4,2025-05-21T09:00:30.979481
"One evening as it is getting dark, Alex sits on the front porch and watches the sun slowly disappear behind the neighbor's house across the street. Which explains this observation? (Answer: D)",0.7,512,1,1747780713.9174173,2025-05-20T22:38:33.917426,0.23977206647396088,0.38899365067481995,Llama-3-8B-Q4,2025-05-21T09:00:31.297043
"It's part of my individuality,'"" he said.",0.7,512,0,1747780757.8774767,2025-05-20T22:39:17.877490,0.22991806268692017,0.3936573565006256,Llama-3-8B-Q4,2025-05-21T09:00:34.506284
"By 1941 more Whites than Blacks had been disenfranchised: 600,000 to 520,000.",0.7,512,0,1747780785.9587152,2025-05-20T22:39:45.958720,0.2338055670261383,0.3991030156612396,Llama-3-8B-Q4,2025-05-21T09:00:34.919012
"Water ports of Alabama, listed from north to south:  See also   Index of Alabama-related articles  Outline of Alabama—organized list of topics about Alabama  Notes  References  Further reading   Atkins, Leah Rawls, Wayne Flynt, William Warren Rogers, and David Ward.",0.7,512,0,1747780814.6320062,2025-05-20T22:40:14.632011,0.2261701077222824,0.3886272609233856,Llama-3-8B-Q4,2025-05-21T09:00:35.269426
"The partnership is known for creatively intersecting design and dance; last summer they created a swimwear line based on Justin Peck costumes, and in November they presented their design-driven Nutcracker.",0.7,512,0,1747780843.17314,2025-05-20T22:40:43.173145,0.22135479748249054,0.3802105784416199,Llama-3-8B-Q4,2025-05-21T09:00:35.600273
"The big takeaways for tech leaders: Qualcomm has unveiled the Snapdragon XR1 chip, which could bring high-quality AR and VR experiences to more users, at a lower cost.",0.7,512,0,1747780871.9883332,2025-05-20T22:41:11.988342,0.23287281394004822,0.3977775573730469,Llama-3-8B-Q4,2025-05-21T09:00:35.926462
And then the last third is basically just direct quotes from his films and bringing them back to life.,0.7,512,1,1747780743.2902853,2025-05-20T22:39:03.290290,0.24566464126110077,0.39626747369766235,Llama-3-8B-Q4,2025-05-21T09:00:39.419940
"The Bolshoi Premiere of John Neumeier's Anna Karenina Last July Hamburg Ballet presented the world premiere of John Neumeier's Anna Karenina, a modern adaptation on Leo Tolstoy's famous novel.",0.7,512,1,1747780771.6843975,2025-05-20T22:39:31.684406,0.254148930311203,0.40882617235183716,Llama-3-8B-Q4,2025-05-21T09:00:39.847896
"The device is smaller than a credit card, has no moving parts, generates no heat, is wall-mountable, is powered by a standard USB (or included mini USB), and offers a standard ethernet connection.",0.7,512,1,1747780800.2598505,2025-05-20T22:40:00.259855,0.24334335327148438,0.3931882083415985,Llama-3-8B-Q4,2025-05-21T09:00:40.268645
The atypical antipsychotic drugs risperidone and aripiprazole are FDA-approved for treating associated aggressive and self-injurious behaviors.,0.7,512,1,1747780828.7250068,2025-05-20T22:40:28.725022,0.25784793496131897,0.41455087065696716,Llama-3-8B-Q4,2025-05-21T09:00:40.607768
"Different types of clouds exhibit different reflectivity, theoretically ranging in albedo from a minimum of near 0 to a maximum approaching 0.8.",0.7,512,1,1747780857.1875,2025-05-20T22:40:57.187505,0.25306496024131775,0.4072854518890381,Llama-3-8B-Q4,2025-05-21T09:00:40.931787
The term albedo was introduced into optics by Johann Heinrich Lambert in his 1760 work Photometria.,0.7,512,1,1747780886.5626905,2025-05-20T22:41:26.562696,0.25926822423934937,0.41567376255989075,Llama-3-8B-Q4,2025-05-21T09:00:43.989508
"Nonetheless, his ideas formed the inspiration for a series of modern schools around the world.",0.7,512,1,1747780915.224671,2025-05-20T22:41:55.224676,0.2544440031051636,0.41008827090263367,Llama-3-8B-Q4,2025-05-21T09:00:44.305853
"Although the agreement was for the transients to get about $80 for their part in the scam, McNeight took half of the money and fled on foot.",0.7,512,1,1747780943.6057754,2025-05-20T22:42:23.605780,0.24278861284255981,0.39222121238708496,Llama-3-8B-Q4,2025-05-21T09:00:44.629250
"Alabama's constitution has been amended more than 700 times, and almost one-third of the amendments are local in nature, applying to only one county or city.",0.7,512,1,1747780972.18263,2025-05-20T22:42:52.182642,0.2511427700519562,0.4047834575176239,Llama-3-8B-Q4,2025-05-21T09:00:44.953964
"Said solution is Gitstorage, an easy-to-deploy appliance dedicated to housing your Git repositories.",0.7,512,1,1747781000.5911863,2025-05-20T22:43:20.591195,0.2508329451084137,0.40384888648986816,Llama-3-8B-Q4,2025-05-21T09:00:45.385372
The Etruscans brought the Greek alphabet to their civilization in the Italian Peninsula and left the letter unchanged.,0.7,512,0,1747780901.1762354,2025-05-20T22:41:41.176241,0.23386529088020325,0.39978471398353577,Llama-3-8B-Q4,2025-05-21T09:00:48.598815
P A men's classical Chinese dance class.,0.7,512,0,1747780929.6517787,2025-05-20T22:42:09.651784,0.2317773401737213,0.39772891998291016,Llama-3-8B-Q4,2025-05-21T09:00:48.943830
"During and after World War II, Alabama grew as the state's economy diversified with new industries.",0.7,512,0,1747780957.7990608,2025-05-20T22:42:37.799066,0.23552922904491425,0.40050727128982544,Llama-3-8B-Q4,2025-05-21T09:00:49.356300
"Based on their locations in the periodic table, which element has chemical properties most similar to those of calcium, Ca? (Answer: A)",0.7,512,0,1747780986.6850462,2025-05-20T22:43:06.685051,0.2357337325811386,0.40271997451782227,Llama-3-8B-Q4,2025-05-21T09:00:49.682538
BDA does participate in exchange programs with ballet schools around the world.,0.7,512,0,1747781014.9910111,2025-05-20T22:43:34.991020,0.23574025928974152,0.4020611643791199,Llama-3-8B-Q4,2025-05-21T09:00:49.999036
Preempted diagnoses.,0.7,512,0,1747781044.0981407,2025-05-20T22:44:04.098150,0.23173217475414276,0.39653486013412476,Llama-3-8B-Q4,2025-05-21T09:00:53.127353
Many autistic individuals have been successful in their fields.,0.7,512,0,1747781072.6561434,2025-05-20T22:44:32.656153,0.23962368071079254,0.4081159234046936,Llama-3-8B-Q4,2025-05-21T09:00:53.486259
"Photo by Paul Kolnik, Courtesy New York City Ballet.",0.7,512,0,1747781102.1935031,2025-05-20T22:45:02.193517,0.23331774771213531,0.3995415270328522,Llama-3-8B-Q4,2025-05-21T09:00:53.816764
We had our first workshop four years ago.,0.7,512,0,1747781129.989919,2025-05-20T22:45:29.989924,0.2331504225730896,0.3976645767688751,Llama-3-8B-Q4,2025-05-21T09:00:54.137012
"A scientist put several different plants in a sealed container. Every hour, she checked the oxygen in the container to see if it changed. How did the oxygen in the container most likely change? (Answer: A)",0.7,512,0,1747781158.6402862,2025-05-20T22:45:58.640297,0.23357649147510529,0.39883944392204285,Llama-3-8B-Q4,2025-05-21T09:00:54.461696
"Owen Thomas M. History of Alabama and Dictionary of Alabama Biography (4 vols, 1921).",0.7,512,1,1747781029.749513,2025-05-20T22:43:49.749528,0.25330063700675964,0.40956735610961914,Llama-3-8B-Q4,2025-05-21T09:00:57.573731
"Explain what this code does:
def function_12(x): return x * 2",0.7,512,1,1747781058.3941333,2025-05-20T22:44:18.394137,0.2584289610385895,0.41531750559806824,Llama-3-8B-Q4,2025-05-21T09:00:57.997564
"Even if you're a one-person shop consultancy, it can be easy to drown in a quagmire of projects.",0.7,512,1,1747781086.7513356,2025-05-20T22:44:46.751341,0.2554103136062622,0.41017934679985046,Llama-3-8B-Q4,2025-05-21T09:00:58.314280
and possibly Alabahmu.,0.7,512,1,1747781115.5816722,2025-05-20T22:45:15.581687,0.2472093105316162,0.40048331022262573,Llama-3-8B-Q4,2025-05-21T09:00:58.628623
"Krohn joined NYCB as an apprentice in the fall of 1998 and slowly rose through the ranks, becoming a principal in 2012.",0.7,512,1,1747781144.1308022,2025-05-20T22:45:44.130808,0.26004910469055176,0.41689789295196533,Llama-3-8B-Q4,2025-05-21T09:00:58.939435
Which of these is an example of liquid water? (Answer: C),0.7,512,0,1747781188.0822713,2025-05-20T22:46:28.082277,0.23498617112636566,0.4018551707267761,Llama-3-8B-Q4,2025-05-21T09:01:02.235710
"During the first round, the final screen was blank.",0.7,512,0,1747781216.099152,2025-05-20T22:46:56.099156,0.23146569728851318,0.39663878083229065,Llama-3-8B-Q4,2025-05-21T09:01:02.585226
"I approached him about doing a different project a long time ago, and he said ""well, maybe that's not the correct project.""",0.7,512,0,1747781244.5782611,2025-05-20T22:47:24.578266,0.2242506742477417,0.38357648253440857,Llama-3-8B-Q4,2025-05-21T09:01:02.901504
"Although popularly used as an alternative treatment for autistic people, as of 2018 there is no good evidence to recommend a gluten- and casein-free diet as a standard treatment.",0.7,512,0,1747781272.693981,2025-05-20T22:47:52.693990,0.23338738083839417,0.3981848955154419,Llama-3-8B-Q4,2025-05-21T09:01:03.391611
An astronomer is studying two stars that are the same distance from Earth. Star X appears brighter than star Y. Which statement best explains this observation? (Answer: A),0.7,512,0,1747781301.8389947,2025-05-20T22:48:21.839000,0.24060413241386414,0.4095689356327057,Llama-3-8B-Q4,2025-05-21T09:01:03.790144
"A genotype-first model of diagnosis has been proposed, which would routinely assess the genome's copy number variations.",0.7,512,1,1747781173.634186,2025-05-20T22:46:13.634195,0.24761109054088593,0.3999873399734497,Llama-3-8B-Q4,2025-05-21T09:01:06.866824
"An estimated 60–80% of autistic people have motor signs that include poor muscle tone, poor motor planning, and toe walking;  deficits in motor coordination are pervasive across ASD and are greater in autism proper.",0.7,512,1,1747781201.9109292,2025-05-20T22:46:41.910941,0.24766214191913605,0.40045738220214844,Llama-3-8B-Q4,2025-05-21T09:01:07.210595
"According to Fullington, Balanchine took this slide from Ivanov's original choreography.",0.7,512,1,1747781230.4156551,2025-05-20T22:47:10.415668,0.24988529086112976,0.4033397138118744,Llama-3-8B-Q4,2025-05-21T09:01:07.540224
"Regina, 40, will retire from the stage in March, just as her daughter starts her own career as a trainee.",0.7,512,1,1747781258.4713187,2025-05-20T22:47:38.471328,0.25155484676361084,0.4054354429244995,Llama-3-8B-Q4,2025-05-21T09:01:07.873980
"I've always really loved the Balanchine black and white ballets, and there are some Robbins ballets that are always so fulfilling.",0.7,512,1,1747781287.252043,2025-05-20T22:48:07.252052,0.24817156791687012,0.4002847373485565,Llama-3-8B-Q4,2025-05-21T09:01:08.235396
"Summers in Alabama are among the hottest in the U.S., with high temperatures averaging over  throughout the summer in some parts of the state.",0.7,512,1,1747781316.6797025,2025-05-20T22:48:36.679712,0.259085476398468,0.41573143005371094,Llama-3-8B-Q4,2025-05-21T09:01:11.473809
In general I would say the time that I've had onstage with some of my friends and dancing partners has been so special.,0.7,512,1,1747781345.2842064,2025-05-20T22:49:05.284211,0.24629086256027222,0.3963683247566223,Llama-3-8B-Q4,2025-05-21T09:01:11.806301
"For some, that means setting up a server and running a Git repository for the housing of proprietary or open source code.",0.7,512,1,1747781373.5487726,2025-05-20T22:49:33.548777,0.25417882204055786,0.4081168472766876,Llama-3-8B-Q4,2025-05-21T09:01:12.144517
"Alabama () is a state in the Southeastern region of the United States, bordered by Tennessee to the north; Georgia to the east; Florida and the Gulf of Mexico to the south; and Mississippi to the west.",0.7,512,1,1747781401.8597777,2025-05-20T22:50:01.859795,0.26273927092552185,0.4211398661136627,Llama-3-8B-Q4,2025-05-21T09:01:12.472482
"In comparison, for PDD-NOS the association with intellectual disability is much weaker, and by definition, the diagnosis of Asperger's excludes intellectual disability.",0.7,512,1,1747781430.2524152,2025-05-20T22:50:30.252434,0.2529379725456238,0.40665921568870544,Llama-3-8B-Q4,2025-05-21T09:01:12.892794
"Of the parks and natural destinations, Alabama's Gulf Coast topped the list with 6,700,000 visitors.",0.7,512,0,1747781331.5283082,2025-05-20T22:48:51.528320,0.23060475289821625,0.3941325545310974,Llama-3-8B-Q4,2025-05-21T09:01:16.232531
"Explain what this code does:
def function_4(x): return x * 2",0.7,512,0,1747781359.5105867,2025-05-20T22:49:19.510592,0.2338438332080841,0.3993329703807831,Llama-3-8B-Q4,2025-05-21T09:01:16.566705
"Other members of the executive branch include the cabinet, the lieutenant governor of Alabama, the Attorney General of Alabama, the Alabama Secretary of State, the Alabama State Treasurer, and the State Auditor of Alabama.",0.7,512,0,1747781387.745588,2025-05-20T22:49:47.745594,0.23823502659797668,0.40663158893585205,Llama-3-8B-Q4,2025-05-21T09:01:16.928501
"Explain what this code does:
def function_16(x): return x * 2",0.7,512,0,1747781415.9635553,2025-05-20T22:50:15.963561,0.2349289506673813,0.4018966555595398,Llama-3-8B-Q4,2025-05-21T09:01:17.264225
"Explain what this code does:
def function_55(x): return x * 2",0.7,512,0,1747781444.6497006,2025-05-20T22:50:44.649718,0.23662486672401428,0.4044330418109894,Llama-3-8B-Q4,2025-05-21T09:01:17.604036
"Explain what this code does:
def function_23(x): return x * 2",0.7,512,1,1747781459.4196372,2025-05-20T22:50:59.419646,0.25669988989830017,0.4124320447444916,Llama-3-8B-Q4,2025-05-21T09:01:20.687007
"A defence of philosophical anarchism, stating that ""both kinds of 'anarchism' [i.e.",0.7,512,1,1747781487.5860033,2025-05-20T22:51:27.586008,0.24346131086349487,0.39353495836257935,Llama-3-8B-Q4,2025-05-21T09:01:21.128820
"Explain what this code does:
def function_10(x): return x * 2",0.7,512,1,1747781516.256026,2025-05-20T22:51:56.256031,0.24821874499320984,0.39951735734939575,Llama-3-8B-Q4,2025-05-21T09:01:21.589609
Siblings of children with ASD report greater admiration of and less conflict with the affected sibling than siblings of unaffected children and were similar to siblings of children with Down syndrome in these aspects of the sibling relationship.,0.7,512,1,1747781545.019217,2025-05-20T22:52:25.019226,0.25215253233909607,0.40609052777290344,Llama-3-8B-Q4,2025-05-21T09:01:22.007091
Cotton and other cash crops faded in importance as the state developed a manufacturing and service base.,0.7,512,1,1747781573.4653754,2025-05-20T22:52:53.465385,0.2520626485347748,0.4059405028820038,Llama-3-8B-Q4,2025-05-21T09:01:22.388334
"""This is not Shakespeare's Midsummer,"" says Joffrey Ballet artistic director Ashley Wheater.",0.7,512,0,1747781474.0744555,2025-05-20T22:51:14.074465,0.23019875586032867,0.3937906324863434,Llama-3-8B-Q4,2025-05-21T09:01:25.453126
"SEE: Virtual and augmented reality policy (Tech Pro Research) The XR1 features an ARM-based multi-core CPU, a vector processor, a GPU, and a dedicated AI engine for on-board processing.",0.7,512,0,1747781502.0708618,2025-05-20T22:51:42.070873,0.2258169949054718,0.38795801997184753,Llama-3-8B-Q4,2025-05-21T09:01:25.827656
"Health In 2018, life expectancy in Alabama was 75.1 years, below the national average of 78.7 years and is the third lowest life expectancy in the country.",0.7,512,0,1747781530.4494734,2025-05-20T22:52:10.449483,0.23572199046611786,0.4014692008495331,Llama-3-8B-Q4,2025-05-21T09:01:26.168254
"In music, anarchism has been associated with music scenes such as punk.",0.7,512,0,1747781559.3316662,2025-05-20T22:52:39.331672,0.24017859995365143,0.40821024775505066,Llama-3-8B-Q4,2025-05-21T09:01:26.500743
"Radar Albedos of Solar System Objects  The values reported for the Moon, Mercury, Mars, Venus, and Comet P/2005 JQ5 are derived from the total (OC+SC) radar albedo reported in those references.",0.7,512,0,1747781588.0414996,2025-05-20T22:53:08.041505,0.21970368921756744,0.37828367948532104,Llama-3-8B-Q4,2025-05-21T09:01:26.833405
"Not only did they confront state armed forces, as in Spain and Ukraine, but some of them also employed terrorism as propaganda of the deed.",0.7,512,1,1747781602.931645,2025-05-20T22:53:22.931650,0.24943256378173828,0.40145057439804077,Llama-3-8B-Q4,2025-05-21T09:01:30.060662
"Anarchism calls for the abolition of the state, which it holds to be unnecessary, undesirable, and harmful.",0.7,512,1,1747781631.3579783,2025-05-20T22:53:51.357983,0.26335370540618896,0.42128676176071167,Llama-3-8B-Q4,2025-05-21T09:01:30.369389
Aerosols modify the properties of clouds through a subset of the aerosol population called cloud condensation nuclei.,0.7,512,1,1747781660.6592479,2025-05-20T22:54:20.659253,0.2559238374233246,0.41116923093795776,Llama-3-8B-Q4,2025-05-21T09:01:30.694467
"Once I had that IP address, I could point my browser to that address and login with user root and password password.",0.7,512,1,1747781689.5184565,2025-05-20T22:54:49.518466,0.2508801221847534,0.40303242206573486,Llama-3-8B-Q4,2025-05-21T09:01:31.002250
History  Pre-European settlement  Indigenous peoples of varying cultures lived in the area for thousands of years before the advent of European colonization.,0.7,512,1,1747781717.8207479,2025-05-20T22:55:17.820752,0.25754114985466003,0.41334477066993713,Llama-3-8B-Q4,2025-05-21T09:01:31.309022
Each appliance is a single board computer (based on the Raspberry Pi).,0.7,512,0,1747781617.551538,2025-05-20T22:53:37.551543,0.2257564514875412,0.3870318531990051,Llama-3-8B-Q4,2025-05-21T09:01:34.391524
Notes  The Talladega Superspeedway motorsports complex hosts a series of NASCAR events.,0.7,512,0,1747781646.82901,2025-05-20T22:54:06.829014,0.23175348341464996,0.395839124917984,Llama-3-8B-Q4,2025-05-21T09:01:34.726076
Pei Yu learned Over Glow from Elo himself.,0.7,512,0,1747781675.447697,2025-05-20T22:54:35.447707,0.2266673445701599,0.38843297958374023,Llama-3-8B-Q4,2025-05-21T09:01:35.033937
"The notes were incomplete and difficult to read, yet Sergeyev persisted, and The Nutcracker made it to the stage.",0.7,512,0,1747781703.738383,2025-05-20T22:55:03.738389,0.2379077970981598,0.4067128598690033,Llama-3-8B-Q4,2025-05-21T09:01:35.340959
Rural workers poured into the largest cities in the state for better jobs and a higher standard of living.,0.7,512,0,1747781732.2357452,2025-05-20T22:55:32.235755,0.23430681228637695,0.39974063634872437,Llama-3-8B-Q4,2025-05-21T09:01:35.702977
The Ceremonial Complex represents a major component of the religion of the Mississippian peoples; it is one of the primary means by which their religion is understood.,0.7,512,0,1747781761.8506644,2025-05-20T22:56:01.850670,0.2323893904685974,0.39708974957466125,Llama-3-8B-Q4,2025-05-21T09:01:38.816209
Four materials are put into small containers. These materials are then moved from the small containers into larger containers. Which material will spread out to completely fill a larger container? (Answer: A),0.7,512,0,1747781789.929612,2025-05-20T22:56:29.929617,0.22670644521713257,0.3889308571815491,Llama-3-8B-Q4,2025-05-21T09:01:39.162354
"After 1890, a coalition of White Democratic politicians passed laws to segregate and disenfranchise African American residents, a process completed in provisions of the 1901 constitution.",0.7,512,0,1747781818.5462637,2025-05-20T22:56:58.546269,0.23159480094909668,0.39526376128196716,Llama-3-8B-Q4,2025-05-21T09:01:39.504600
"Explain what this code does:
def function_82(x): return x * 2",0.7,512,0,1747781846.7979376,2025-05-20T22:57:26.797954,0.237519770860672,0.40527021884918213,Llama-3-8B-Q4,2025-05-21T09:01:39.903610
"Some anarchists distanced themselves from this line of thinking, suggesting that it leaned towards an individualism that was dropping the cause of social liberation.",0.7,512,0,1747781875.9777834,2025-05-20T22:57:55.977789,0.22962427139282227,0.39226096868515015,Llama-3-8B-Q4,2025-05-21T09:01:40.310975
"21st century  In 2001, Alabama Supreme Court chief justice Roy Moore installed a statue of the Ten Commandments in the capitol in Montgomery.",0.7,512,1,1747781747.2676048,2025-05-20T22:55:47.267610,0.2562726140022278,0.41184139251708984,Llama-3-8B-Q4,2025-05-21T09:01:43.442855
"In 2010, per capita income for the state was $22,984.",0.7,512,1,1747781775.3352504,2025-05-20T22:56:15.335256,0.2548242211341858,0.4097372591495514,Llama-3-8B-Q4,2025-05-21T09:01:43.857724
"The Goodyear Tire and Rubber Company operates a large plant in Gadsden which employs about 1,400 people.",0.7,512,1,1747781804.2579768,2025-05-20T22:56:44.257982,0.2589268088340759,0.4158518314361572,Llama-3-8B-Q4,2025-05-21T09:01:44.228153
"In sunlight, dark clothes absorb more heat and light-coloured clothes reflect it better, thus allowing some control over body temperature by exploiting the albedo effect of the colour of external clothing.",0.7,512,1,1747781832.487832,2025-05-20T22:57:12.487840,0.24375396966934204,0.39220353960990906,Llama-3-8B-Q4,2025-05-21T09:01:44.549766
"Explain what this code does:
def function_30(x): return x * 2",0.7,512,1,1747781861.4241328,2025-05-20T22:57:41.424142,0.2571648061275482,0.41320106387138367,Llama-3-8B-Q4,2025-05-21T09:01:44.865228
"Anarcho-syndicalism is a branch of anarchism that views labour syndicates as a potential force for revolutionary social change, replacing capitalism and the state with a new society democratically self-managed by workers.",0.7,512,1,1747781890.822089,2025-05-20T22:58:10.822094,0.2554314136505127,0.4095683991909027,Llama-3-8B-Q4,2025-05-21T09:01:48.108312
"Additional security trainings on AWS Security Fundamentals, Authentication and Authorization with AWS Identity and Access Management, AWS Shared Responsibility Model, and AWS Well-Architected Training are also helpful.",0.7,512,1,1747781919.2042212,2025-05-20T22:58:39.204235,0.2572140097618103,0.4129072427749634,Llama-3-8B-Q4,2025-05-21T09:01:48.514358
"The overall federal, state, and local tax burden in Alabama ranks the state as the second least tax-burdened state in the country.",0.7,512,1,1747781947.4239993,2025-05-20T22:59:07.424013,0.25603318214416504,0.4111212491989136,Llama-3-8B-Q4,2025-05-21T09:01:48.874868
It has been proposed to classify autism using genetics as well as behavior.,0.7,512,1,1747781976.7735336,2025-05-20T22:59:36.773539,0.25512969493865967,0.40976619720458984,Llama-3-8B-Q4,2025-05-21T09:01:49.348298
How is a moth's life cycle most different from an insect that goes through incomplete metamorphosis? (Answer: A),0.7,512,1,1747782005.097351,2025-05-20T23:00:05.097356,0.25351569056510925,0.40866804122924805,Llama-3-8B-Q4,2025-05-21T09:01:49.732894
Some changes at the county level have occurred following court challenges to establish single-member districts that enable a more diverse representation among county boards.,0.7,512,0,1747781905.4632797,2025-05-20T22:58:25.463293,0.23033559322357178,0.39301177859306335,Llama-3-8B-Q4,2025-05-21T09:01:53.141719
"Data is money.""",0.7,512,0,1747781933.3116202,2025-05-20T22:58:53.311626,0.23776483535766602,0.4046657681465149,Llama-3-8B-Q4,2025-05-21T09:01:53.546241
Stars are organized into patterns called constellations. One constellation is named Leo. Which statement best explains why Leo appears in different areas of the sky throughout the year? (Answer: A),0.7,512,0,1747781962.46231,2025-05-20T22:59:22.462314,0.23434725403785706,0.39904701709747314,Llama-3-8B-Q4,2025-05-21T09:01:53.863093
Which is a nonrenewable resource? (Answer: A),0.7,512,0,1747781990.6098166,2025-05-20T22:59:50.609822,0.23354244232177734,0.3995001018047333,Llama-3-8B-Q4,2025-05-21T09:01:54.230380
Intellectual disability.,0.7,512,0,1747782019.1614294,2025-05-20T23:00:19.161440,0.23784857988357544,0.4052882790565491,Llama-3-8B-Q4,2025-05-21T09:01:54.535761
"An estimated 26 million tourists visited the state in 2017 and spent $14.3 billion, providing directly or indirectly 186,900 jobs in the state, which includes 362,000 International tourists spending $589 million.",0.7,512,0,1747782048.4591966,2025-05-20T23:00:48.459205,0.2236749678850174,0.38278600573539734,Llama-3-8B-Q4,2025-05-21T09:01:57.662570
"Explain what this code does:
def function_72(x): return x * 2",0.7,512,0,1747782076.6335168,2025-05-20T23:01:16.633531,0.23468013107776642,0.40119045972824097,Llama-3-8B-Q4,2025-05-21T09:01:58.092616
"Students studying membranes conducted an experiment using labeled paper cups filled with varying concentrations of red food coloring. After the experiment, the cups were empty and stained. What should be done with used cups? (Answer: C)",0.7,512,0,1747782105.2861106,2025-05-20T23:01:45.286116,0.2268638014793396,0.3895605504512787,Llama-3-8B-Q4,2025-05-21T09:01:58.556624
"Explain what this code does:
def function_75(x): return x * 2",0.7,512,0,1747782133.590045,2025-05-20T23:02:13.590053,0.2394796758890152,0.4088924825191498,Llama-3-8B-Q4,2025-05-21T09:01:58.955181
A study following the burning of the Kuwaiti oil fields during Iraqi occupation showed that temperatures under the burning oil fires were as much as  colder than temperatures several miles away under clear skies.,0.7,512,0,1747782162.2938585,2025-05-20T23:02:42.293863,0.2251129299402237,0.38631364703178406,Llama-3-8B-Q4,2025-05-21T09:01:59.320220
"Email policies IT should have an email policy in place that hardens systems and can detect spam and viruses, Rickard said.",0.7,512,1,1747782033.961165,2025-05-20T23:00:33.961175,0.2456931620836258,0.3962135910987854,Llama-3-8B-Q4,2025-05-21T09:02:02.454677
The Canadian artist's many accolades include a 1952 Oscar for Best Documentary for his abstract short film Neighbours (watch the whole thing here).,0.7,512,1,1747782062.3069518,2025-05-20T23:01:02.306957,0.23644116520881653,0.38395968079566956,Llama-3-8B-Q4,2025-05-21T09:02:02.828602
"Explain what this code does:
def function_84(x): return x * 2",0.7,512,1,1747782090.7052507,2025-05-20T23:01:30.705256,0.25643017888069153,0.4125823974609375,Llama-3-8B-Q4,2025-05-21T09:02:03.187665
Urban interests were consistently underrepresented in the legislature.,0.7,512,1,1747782119.4259286,2025-05-20T23:01:59.425938,0.24908794462680817,0.402111291885376,Llama-3-8B-Q4,2025-05-21T09:02:03.521786
A student accidentally drops a test tube that breaks when it hits the floor. Which method is the best way to retrieve the broken glass? (Answer: C),0.7,512,1,1747782147.8819404,2025-05-20T23:02:27.881946,0.24657967686653137,0.3976238965988159,Llama-3-8B-Q4,2025-05-21T09:02:03.897343
"Edmundson says that while the individual does not owe the state a duty of obedience, this does not imply that anarchism is the inevitable conclusion and the state is still morally legitimate.",0.7,512,0,1747782192.1701446,2025-05-20T23:03:12.170154,0.22750118374824524,0.39003777503967285,Llama-3-8B-Q4,2025-05-21T09:02:07.000981
"For example, one online retailer Rickard works with has many customers from the EU, but can't geolocate them from the website.",0.7,512,0,1747782220.6613727,2025-05-20T23:03:40.661387,0.2257569283246994,0.38635772466659546,Llama-3-8B-Q4,2025-05-21T09:02:07.308494
The suffix -ism denotes the ideological current that favours anarchy.,0.7,512,0,1747782249.041933,2025-05-20T23:04:09.041947,0.22920790314674377,0.3924010992050171,Llama-3-8B-Q4,2025-05-21T09:02:07.617823
"Balletomanes felt the work to be uneven, and lamented the lack of a main ballerina in the first act.",0.7,512,0,1747782277.2922156,2025-05-20T23:04:37.292239,0.2298073023557663,0.39342886209487915,Llama-3-8B-Q4,2025-05-21T09:02:07.937523
This can be especially overwhelming when you have a larger IT department and a staff working on numerous projects at once.,0.7,512,0,1747782305.799435,2025-05-20T23:05:05.799440,0.23248939216136932,0.396366149187088,Llama-3-8B-Q4,2025-05-21T09:02:08.348348
"Cahaba, now a ghost town, was the first permanent state capital from 1820 to 1825.",0.7,512,1,1747782177.6847758,2025-05-20T23:02:57.684785,0.25604432821273804,0.41163259744644165,Llama-3-8B-Q4,2025-05-21T09:02:11.456699
"Explain what this code does:
def function_69(x): return x * 2",0.7,512,1,1747782206.1257668,2025-05-20T23:03:26.125775,0.25543445348739624,0.4109499752521515,Llama-3-8B-Q4,2025-05-21T09:02:11.803116
"In the UK, from 1998 to 2018, the autism diagnoses increased by 787%.",0.7,512,1,1747782234.5824337,2025-05-20T23:03:54.582438,0.2544647455215454,0.4081418514251709,Llama-3-8B-Q4,2025-05-21T09:02:12.134599
The Nutcracker's first major exposure outside of Russia took place in London in 1934.,0.7,512,1,1747782262.9102905,2025-05-20T23:04:22.910295,0.2572658061981201,0.41358524560928345,Llama-3-8B-Q4,2025-05-21T09:02:12.461800
"""I think it says something that Alex trusts us to bring the work to its full realization,"" says Wheater.",0.7,512,1,1747782291.2946174,2025-05-20T23:04:51.294622,0.24713440239429474,0.39882293343544006,Llama-3-8B-Q4,2025-05-21T09:02:12.922299
Two elements in the same group on the Periodic Table of the Elements are most similar in their (Answer: D),0.7,512,0,1747782335.0663009,2025-05-20T23:05:35.066306,0.23790326714515686,0.40592142939567566,Llama-3-8B-Q4,2025-05-21T09:02:16.050498
"In 2018, Mobile's Mardi Gras parade was the state's top event, producing the most tourists with an attendance of 892,811.",0.7,512,0,1747782363.8136947,2025-05-20T23:06:03.813700,0.22969257831573486,0.39298030734062195,Llama-3-8B-Q4,2025-05-21T09:02:16.468711
Which property of a mineral can be determined just by looking at it? (Answer: A),0.7,512,0,1747782392.1289527,2025-05-20T23:06:32.128959,0.2368050217628479,0.40392088890075684,Llama-3-8B-Q4,2025-05-21T09:02:16.882310
"Using the tag information, investigators were able to learn the two vehicles were rentals and eventually identified the four men from Atlanta.",0.7,512,0,1747782422.1385381,2025-05-20T23:07:02.138543,0.23005786538124084,0.39324483275413513,Llama-3-8B-Q4,2025-05-21T09:02:17.259812
"Individual symptoms of autism occur in the general population and appear not to associate highly, without a sharp line separating pathologically severe from common traits.",0.7,512,0,1747782451.0002728,2025-05-20T23:07:31.000290,0.2275553196668625,0.39023274183273315,Llama-3-8B-Q4,2025-05-21T09:02:17.596288
"Explain what this code does:
def function_61(x): return x * 2",0.7,512,1,1747782320.6453004,2025-05-20T23:05:20.645306,0.24984228610992432,0.4021192491054535,Llama-3-8B-Q4,2025-05-21T09:02:20.781675
No single treatment is best and treatment is typically tailored to the child's needs.,0.7,512,1,1747782349.5496273,2025-05-20T23:05:49.549631,0.25703343749046326,0.41294217109680176,Llama-3-8B-Q4,2025-05-21T09:02:21.119917
The other detail that will change with personal data access under GDPR is how long companies have to respond to your request.,0.7,512,1,1747782377.8357978,2025-05-20T23:06:17.835802,0.2543869614601135,0.40899571776390076,Llama-3-8B-Q4,2025-05-21T09:02:21.454822
But the management of projects and ticket issues doesn't just fall on the heads of large companies.,0.7,512,1,1747782406.411317,2025-05-20T23:06:46.411322,0.25694358348846436,0.41283074021339417,Llama-3-8B-Q4,2025-05-21T09:02:21.857716
"In one of 60 spacious dance studios at the Beijing Dance Academy, Pei Yu Meng practices a tricky step from Jorma Elo's Over Glow.",0.7,512,1,1747782436.40341,2025-05-20T23:07:16.403415,0.25476783514022827,0.4113791286945343,Llama-3-8B-Q4,2025-05-21T09:02:22.256617
Two common optical albedos that are used in astronomy are the (V-band) geometric albedo (measuring brightness when illumination comes from directly behind the observer) and the Bond albedo (measuring total proportion of electromagnetic energy reflected).,1.0,512,1,1747782465.7835765,2025-05-20T23:07:45.783589,0.24501410126686096,0.39607930183410645,Llama-3-8B-Q4,2025-05-21T09:02:25.348047
Her undying passion for these pieces is incredibly inspiring.,1.0,512,1,1747782494.6682172,2025-05-20T23:08:14.668226,0.2500119209289551,0.40320688486099243,Llama-3-8B-Q4,2025-05-21T09:02:25.663666
"They were followed by the major currents of social anarchism (collectivist, communist and syndicalist).",1.0,512,1,1747782523.6670825,2025-05-20T23:08:43.667091,0.2508939206600189,0.4057977795600891,Llama-3-8B-Q4,2025-05-21T09:02:25.976554
"Explain what this code does:
def function_92(x): return x * 2",1.0,512,1,1747782552.807201,2025-05-20T23:09:12.807207,0.2526684105396271,0.4066333770751953,Llama-3-8B-Q4,2025-05-21T09:02:26.477303
I want to walk you through the installation of one such tool: Trac.,1.0,512,1,1747782581.42053,2025-05-20T23:09:41.420544,0.2534382939338684,0.4080899953842163,Llama-3-8B-Q4,2025-05-21T09:02:26.880565
"Muslims have been increasing in Alabama, with 31 mosques built by 2011, many by African-American converts.",1.0,512,0,1747782481.093702,2025-05-20T23:08:01.093714,0.23010367155075073,0.3932935893535614,Llama-3-8B-Q4,2025-05-21T09:02:30.315151
"Among these approaches, interventions either treat autistic features comprehensively, or focalize treatment on a specific area of deficit.",1.0,512,0,1747782509.960832,2025-05-20T23:08:29.960836,0.23254996538162231,0.3961583077907562,Llama-3-8B-Q4,2025-05-21T09:02:30.699802
"Explain what this code does:
def function_15(x): return x * 2",1.0,512,0,1747782538.5335765,2025-05-20T23:08:58.533586,0.23587268590927124,0.40243059396743774,Llama-3-8B-Q4,2025-05-21T09:02:31.015986
A -wide meteorite hit the area about 80 million years ago.,1.0,512,0,1747782567.2550223,2025-05-20T23:09:27.255028,0.23520049452781677,0.40261486172676086,Llama-3-8B-Q4,2025-05-21T09:02:31.486454
"Ritualistic behavior: Unvarying pattern of daily activities, such as an unchanging menu or a dressing ritual.",1.0,512,0,1747782595.9931135,2025-05-20T23:09:55.993119,0.22673608362674713,0.38977959752082825,Llama-3-8B-Q4,2025-05-21T09:02:31.824249
", Alabama has the sixth highest poverty rate among states in the U.S.",1.0,512,1,1747782610.6566133,2025-05-20T23:10:10.656619,0.25322428345680237,0.4073494076728821,Llama-3-8B-Q4,2025-05-21T09:02:35.159850
"Of those who indicated a religious preference, 59% said they possessed a ""full understanding"" of their faith and needed no further learning.",1.0,512,1,1747782639.7308939,2025-05-20T23:10:39.730917,0.2501429617404938,0.40231379866600037,Llama-3-8B-Q4,2025-05-21T09:02:35.493984
"Explain what this code does:
def function_33(x): return x * 2",1.0,512,1,1747782668.485138,2025-05-20T23:11:08.485143,0.25907397270202637,0.41656389832496643,Llama-3-8B-Q4,2025-05-21T09:02:35.822702
"Explain what this code does:
def function_57(x): return x * 2",1.0,512,1,1747782697.027349,2025-05-20T23:11:37.027359,0.25308746099472046,0.40735840797424316,Llama-3-8B-Q4,2025-05-21T09:02:36.140726
(A Birmingham city ordinance would have raised theirs to $10.10.),1.0,512,1,1747782725.643144,2025-05-20T23:12:05.643149,0.2508283257484436,0.40442219376564026,Llama-3-8B-Q4,2025-05-21T09:02:36.474228
"Explain what this code does:
def function_70(x): return x * 2",1.0,512,0,1747782626.1939614,2025-05-20T23:10:26.193967,0.23482823371887207,0.4012831449508667,Llama-3-8B-Q4,2025-05-21T09:02:39.564011
Which celestial object listed below has the greatest density? (Answer: D),1.0,512,0,1747782654.042689,2025-05-20T23:10:54.042694,0.23474955558776855,0.4013013541698456,Llama-3-8B-Q4,2025-05-21T09:02:39.952551
"Explain what this code does:
def function_58(x): return x * 2",1.0,512,0,1747782682.9416118,2025-05-20T23:11:22.941621,0.23956099152565002,0.408839613199234,Llama-3-8B-Q4,2025-05-21T09:02:40.365321
"In 1861, the state seceded from the United States to become part of the Confederate States of America, with Montgomery acting as its first capital, and rejoined the Union in 1868.",1.0,512,0,1747782711.6619842,2025-05-20T23:11:51.661993,0.2388950139284134,0.40654507279396057,Llama-3-8B-Q4,2025-05-21T09:02:40.774355
"Explain what this code does:
def function_24(x): return x * 2",1.0,512,0,1747782740.2801151,2025-05-20T23:12:20.280125,0.23666530847549438,0.40467551350593567,Llama-3-8B-Q4,2025-05-21T09:02:41.189428
"Its oldest city is Mobile, founded by French colonists in 1702 as the capital of French Louisiana.",1.0,512,0,1747782769.5476189,2025-05-20T23:12:49.547624,0.23954659700393677,0.4085097312927246,Llama-3-8B-Q4,2025-05-21T09:02:44.384507
The state has numerous place names of Native American origin.,1.0,512,0,1747782797.8772557,2025-05-20T23:13:17.877270,0.23753151297569275,0.40523314476013184,Llama-3-8B-Q4,2025-05-21T09:02:44.761603
"Law and government  State government  The foundational document for Alabama's government is the Alabama Constitution, which was ratified in 1901.",1.0,512,0,1747782826.275631,2025-05-20T23:13:46.275636,0.2382398545742035,0.4063343107700348,Llama-3-8B-Q4,2025-05-21T09:02:45.100311
"She's standing among other students, but they all work alone, with the help of teachers calling out corrections from the front of the room.",1.0,512,0,1747782854.9493644,2025-05-20T23:14:14.949375,0.22320140898227692,0.3837377727031708,Llama-3-8B-Q4,2025-05-21T09:02:45.430984
"This week marks the world premiere of Frame by Frame, The National Ballet of Canada's new full length ballet based on the life and work of innovative filmmaker Norman McLaren.",1.0,512,0,1747782883.8155649,2025-05-20T23:14:43.815570,0.2324357032775879,0.39727702736854553,Llama-3-8B-Q4,2025-05-21T09:02:45.848535
"However, there are no correspondingly similar words in the Alabama language.",1.0,512,1,1747782755.0611458,2025-05-20T23:12:35.061152,0.248265340924263,0.4012525677680969,Llama-3-8B-Q4,2025-05-21T09:02:49.021262
The male insects in a population are treated to prevent sperm production. Would this reduce this insect population? (Answer: C),1.0,512,1,1747782783.5823934,2025-05-20T23:13:03.582399,0.24477092921733856,0.39514827728271484,Llama-3-8B-Q4,2025-05-21T09:02:49.421538
"With the rise of organised hierarchical bodies, scepticism toward authority also rose.",1.0,512,1,1747782811.9840171,2025-05-20T23:13:31.984022,0.24983687698841095,0.40248021483421326,Llama-3-8B-Q4,2025-05-21T09:02:49.766936
George wants to warm his hands quickly by rubbing them. Which skin surface will produce the most heat? (Answer: A),1.0,512,1,1747782840.6734028,2025-05-20T23:14:00.673408,0.2499489039182663,0.40250372886657715,Llama-3-8B-Q4,2025-05-21T09:02:50.094165
"However, the link to climate change has not been explored to date and it is unclear whether or not this represents an ongoing trend.",1.0,512,1,1747782869.4078636,2025-05-20T23:14:29.407869,0.2522144317626953,0.406218558549881,Llama-3-8B-Q4,2025-05-21T09:02:50.416653
"There was also a cursive style used for everyday or utilitarian writing, which was done on more perishable surfaces.",1.0,512,1,1747782899.5912385,2025-05-20T23:14:59.591244,0.2500922381877899,0.40297257900238037,Llama-3-8B-Q4,2025-05-21T09:02:53.654741
"Explain what this code does:
def function_2(x): return x * 2",1.0,512,1,1747782928.1494484,2025-05-20T23:15:28.149454,0.2540024220943451,0.4087059795856476,Llama-3-8B-Q4,2025-05-21T09:02:54.077891
Why do areas in the middle of a large continent generally have more extreme differences in temperature than areas near the coastline? (Answer: D),1.0,512,1,1747782956.676727,2025-05-20T23:15:56.676732,0.25387775897979736,0.40835249423980713,Llama-3-8B-Q4,2025-05-21T09:02:54.456558
Many thought that the story was too light compared to historically based stories.,1.0,512,1,1747782986.026199,2025-05-20T23:16:26.026206,0.24657753109931946,0.3987658619880676,Llama-3-8B-Q4,2025-05-21T09:02:54.769410
"In contemporary anarchism, this current survives as a tendency to support polyamory and queer anarchism.",1.0,512,1,1747783014.5657527,2025-05-20T23:16:54.565758,0.25038301944732666,0.4025594890117645,Llama-3-8B-Q4,2025-05-21T09:02:55.108063
"""Showing can be more effective than telling.",1.0,512,0,1747782914.0700376,2025-05-20T23:15:14.070043,0.23090778291225433,0.3946973979473114,Llama-3-8B-Q4,2025-05-21T09:02:58.270629
The use of state names derived from Native American languages is common in the U.S.; an estimated 27 states have names of Native American origin.,1.0,512,0,1747782942.6057067,2025-05-20T23:15:42.605717,0.23748622834682465,0.4054030179977417,Llama-3-8B-Q4,2025-05-21T09:02:58.734339
Trees most likely change the environment in which they are located by (Answer: D),1.0,512,0,1747782971.5148563,2025-05-20T23:16:11.514866,0.22735612094402313,0.3884298801422119,Llama-3-8B-Q4,2025-05-21T09:02:59.136703
"Generally prohibited in the West at large, school corporal punishment is not unusual in Alabama, with 27,260 public school students paddled at least one time, according to government data for the 2011–2012 school year.",1.0,512,0,1747783000.2835212,2025-05-20T23:16:40.283531,0.23086413741111755,0.39540496468544006,Llama-3-8B-Q4,2025-05-21T09:02:59.441424
Coal is solid rock that began as organic material that was deposited in a swamp. The formation of coal suggests that (Answer: D),1.0,512,0,1747783029.1399357,2025-05-20T23:17:09.139941,0.23539680242538452,0.40108489990234375,Llama-3-8B-Q4,2025-05-21T09:02:59.872949
"For example, the effects of a spectrally responsive albedo are illustrated by the differences between the spectrally weighted albedo of solar photovoltaic technology based on hydrogenated amorphous silicon (a-Si:H) and crystalline silicon (c-Si)-based compared to traditional spectral-integrated albedo predictions.",1.0,512,0,1747783058.941314,2025-05-20T23:17:38.941344,0.22241030633449554,0.38202255964279175,Llama-3-8B-Q4,2025-05-21T09:03:02.939694
Why are alternative fuels being used in some automobiles? (Answer: B),1.0,512,0,1747783087.1098127,2025-05-20T23:18:07.109841,0.22961731255054474,0.39214038848876953,Llama-3-8B-Q4,2025-05-21T09:03:03.307129
"Ports The Port of Mobile, Alabama's only saltwater port, is a large seaport on the Gulf of Mexico with inland waterway access to the Midwest by way of the Tennessee–Tombigbee Waterway.",1.0,512,0,1747783115.6099086,2025-05-20T23:18:35.609919,0.22962386906147003,0.39196303486824036,Llama-3-8B-Q4,2025-05-21T09:03:03.623608
The Bay County Sheriff’s Office has arrested four men from Atlanta after they allegedly hired local transients to cash fraudulent checks for them using stolen personal information.,1.0,512,0,1747783144.4214172,2025-05-20T23:19:04.421422,0.2255920171737671,0.3846439719200134,Llama-3-8B-Q4,2025-05-21T09:03:03.946215
"Explain what this code does:
def function_44(x): return x * 2",1.0,512,0,1747783173.230015,2025-05-20T23:19:33.230020,0.22542956471443176,0.38516488671302795,Llama-3-8B-Q4,2025-05-21T09:03:04.406887
"The grouping of disorders, including PDD-NOS, autism, Asperger syndrome, Rett syndrome, and CDD, has been removed and replaced with the general term of Autism Spectrum Disorders.",1.0,512,1,1747783044.2177613,2025-05-20T23:17:24.217770,0.2533268928527832,0.40748023986816406,Llama-3-8B-Q4,2025-05-21T09:03:07.551664
Pro tip: The heel is centered under the body so you can feel confident and stable!,1.0,512,1,1747783072.6643631,2025-05-20T23:17:52.664368,0.24871627986431122,0.40331950783729553,Llama-3-8B-Q4,2025-05-21T09:03:07.996177
The Alabama Alcoholic Beverage Control Board controls the sale and distribution of alcoholic beverages in the state.,1.0,512,1,1747783101.1951766,2025-05-20T23:18:21.195197,0.26113423705101013,0.41906479001045227,Llama-3-8B-Q4,2025-05-21T09:03:08.422453
"Numerous candidate genes have been located, with only small effects attributable to any particular gene.",1.0,512,1,1747783129.687478,2025-05-20T23:18:49.687483,0.24543112516403198,0.39649248123168945,Llama-3-8B-Q4,2025-05-21T09:03:08.855817
The dancers currently have little information about the search process and plans to move forward.,1.0,512,1,1747783158.5794985,2025-05-20T23:19:18.579504,0.24885128438472748,0.4011881351470947,Llama-3-8B-Q4,2025-05-21T09:03:09.277936
What do earthquakes tell scientists about the history of the planet? (Answer: B),1.0,512,1,1747783187.8729417,2025-05-20T23:19:47.872948,0.25606030225753784,0.4108866751194,Llama-3-8B-Q4,2025-05-21T09:03:12.501694
This coincided with its failure to gain traction in Northern Europe and its unprecedented height in Latin America.,1.0,512,1,1747783216.390615,2025-05-20T23:20:16.390624,0.2441774606704712,0.3949878513813019,Llama-3-8B-Q4,2025-05-21T09:03:12.918944
Puddles on a sidewalk are evaporating quickly. What most likely causes the puddles to evaporate? (Answer: A),1.0,512,1,1747783244.7833378,2025-05-20T23:20:44.783343,0.25368979573249817,0.4088450074195862,Llama-3-8B-Q4,2025-05-21T09:03:13.365064
After almost 20 years there are countless things.,1.0,512,1,1747783272.9421713,2025-05-20T23:21:12.942182,0.2543046474456787,0.40866538882255554,Llama-3-8B-Q4,2025-05-21T09:03:13.783593
"In Alabama, majority-white districts are now expected to regularly elect Republican candidates to federal, state and local office.",1.0,512,1,1747783301.922829,2025-05-20T23:21:41.922835,0.25125613808631897,0.40395960211753845,Llama-3-8B-Q4,2025-05-21T09:03:14.096063
Subscribe Also see,1.0,512,0,1747783202.7354858,2025-05-20T23:20:02.735495,0.22460603713989258,0.3866202235221863,Llama-3-8B-Q4,2025-05-21T09:03:17.385599
"For those looking to prepare for the exam, the post recommends going to the AWS Training website and working on the Advanced Architecting on AWS and Security Operations on AWS trainings.",1.0,512,0,1747783230.8253915,2025-05-20T23:20:30.825398,0.2265220731496811,0.38645344972610474,Llama-3-8B-Q4,2025-05-21T09:03:17.794744
"One thing to note: If you need more users, you'll create them from the command line (in similar fashion as you did above).",1.0,512,0,1747783259.0614014,2025-05-20T23:20:59.061411,0.21690897643566132,0.3711729049682617,Llama-3-8B-Q4,2025-05-21T09:03:18.180425
"Given the long history of slavery and associated racial segregation, the Native American peoples, who have sometimes been of mixed race, have insisted on having their cultural identification respected.",1.0,512,0,1747783287.7456942,2025-05-20T23:21:27.745699,0.22453024983406067,0.3840601146221161,Llama-3-8B-Q4,2025-05-21T09:03:18.492297
"Acquiring language before age six, having an IQ above 50, and having a marketable skill all predict better outcomes; independent living is unlikely with severe autism.",1.0,512,0,1747783316.3534153,2025-05-20T23:21:56.353420,0.21971505880355835,0.37719589471817017,Llama-3-8B-Q4,2025-05-21T09:03:18.899077
What characteristic of DNA results in cell differentiation in developing embryos? (Answer: C),1.0,512,1,1747783331.110565,2025-05-20T23:22:11.110570,0.25600188970565796,0.41131508350372314,Llama-3-8B-Q4,2025-05-21T09:03:22.186367
"The total effects were greater on the black community, as almost all its citizens were disfranchised and relegated to separate and unequal treatment under the law.",1.0,512,1,1747783359.7905254,2025-05-20T23:22:39.790531,0.2502427101135254,0.40367230772972107,Llama-3-8B-Q4,2025-05-21T09:03:22.648221
The current governor is Republican Kay Ivey.,1.0,512,1,1747783388.013011,2025-05-20T23:23:08.013021,0.2577095329761505,0.4145440459251404,Llama-3-8B-Q4,2025-05-21T09:03:23.063893
Contemporary news coverage which emphasizes black bloc demonstrations has reinforced anarchism's historical association with chaos and violence.,1.0,512,1,1747783416.5288243,2025-05-20T23:23:36.528838,0.2488599717617035,0.4011586606502533,Llama-3-8B-Q4,2025-05-21T09:03:23.473791
"In a food pyramid, which best explains why the number of organisms decreases from one trophic level to the next? (Answer: B)",1.0,512,1,1747783445.3607237,2025-05-20T23:24:05.360729,0.25388598442077637,0.40818482637405396,Llama-3-8B-Q4,2025-05-21T09:03:23.809229
"Photo by Walter E. Owen, Courtesy Dance Magazine Archives.",1.0,512,0,1747783345.740156,2025-05-20T23:22:25.740166,0.2284584492444992,0.3917398452758789,Llama-3-8B-Q4,2025-05-21T09:03:26.861574
"At the same time, many rural people migrated to the city of Birmingham to work in new industrial jobs.",1.0,512,0,1747783374.0966213,2025-05-20T23:22:54.096635,0.23367106914520264,0.39803457260131836,Llama-3-8B-Q4,2025-05-21T09:03:27.195640
"While medications have not been found to help with core symptoms, they may be used for associated symptoms, such as irritability, inattention, or repetitive behavior patterns.",1.0,512,0,1747783402.5331368,2025-05-20T23:23:22.533142,0.23193901777267456,0.3953624665737152,Llama-3-8B-Q4,2025-05-21T09:03:27.529304
"No single repetitive or self-injurious behavior seems to be specific to autism, but autism appears to have an elevated pattern of occurrence and severity of these behaviors.",1.0,512,0,1747783431.2518783,2025-05-20T23:23:51.251891,0.2287723273038864,0.3918672204017639,Llama-3-8B-Q4,2025-05-21T09:03:27.917566
"One was located at a business on East Avenue and contact was made with Clarence Suggs, age 27, and Reginald Hughes, age 26.",1.0,512,0,1747783459.9293113,2025-05-20T23:24:19.929316,0.2240312248468399,0.3845052421092987,Llama-3-8B-Q4,2025-05-21T09:03:28.293706
"Snowflakes of the original cast, ""The Nutcracker"" at the Mariinsky Theatre, 1892.",1.0,512,1,1747783474.6706111,2025-05-20T23:24:34.670617,0.25174957513809204,0.40883997082710266,Llama-3-8B-Q4,2025-05-21T09:03:31.362603
The following mathematical expressions represent four different concentrations of a chemical solution to be used in a science experiment. Which one is equal in magnitude to 1/1000? (Answer: C),1.0,512,1,1747783502.8795385,2025-05-20T23:25:02.879570,0.2543830871582031,0.4099089801311493,Llama-3-8B-Q4,2025-05-21T09:03:31.683852
No babbling by 12 months.,1.0,512,1,1747783531.2558124,2025-05-20T23:25:31.255837,0.25240835547447205,0.4073496162891388,Llama-3-8B-Q4,2025-05-21T09:03:32.001148
"Explain what this code does:
def function_56(x): return x * 2",1.0,512,1,1747783560.0722785,2025-05-20T23:26:00.072297,0.25809624791145325,0.41531020402908325,Llama-3-8B-Q4,2025-05-21T09:03:32.460964
"Explain what this code does:
def function_36(x): return x * 2",1.0,512,1,1747783588.5373554,2025-05-20T23:26:28.537365,0.2573290467262268,0.41393178701400757,Llama-3-8B-Q4,2025-05-21T09:03:32.844692
"All of them compared gluten- and casein-free diet versus normal diet with a control group (2 double-blind randomized controlled trials, 1 double-blind crossover trial, 1 single-blind trial).",1.0,512,0,1747783489.2133558,2025-05-20T23:24:49.213370,0.2232120782136917,0.38071224093437195,Llama-3-8B-Q4,2025-05-21T09:03:36.139686
Log out and log back in with your new credentials.,1.0,512,0,1747783517.1564865,2025-05-20T23:25:17.156492,0.23099079728126526,0.39399057626724243,Llama-3-8B-Q4,2025-05-21T09:03:36.600473
"Heat, light, and sound are all different forms of ___. (Answer: B)",1.0,512,0,1747783545.577484,2025-05-20T23:25:45.577489,0.2258664220571518,0.3871088922023773,Llama-3-8B-Q4,2025-05-21T09:03:37.032640
"Explain what this code does:
def function_81(x): return x * 2",1.0,512,0,1747783574.0692427,2025-05-20T23:26:14.069248,0.23144100606441498,0.39522817730903625,Llama-3-8B-Q4,2025-05-21T09:03:37.432157
"Explain what this code does:
def function_93(x): return x * 2",1.0,512,0,1747783603.0296786,2025-05-20T23:26:43.029683,0.22756756842136383,0.3885602355003357,Llama-3-8B-Q4,2025-05-21T09:03:37.766233
"These kinds of groups more often than not interconnect with each other, forming larger networks.",1.0,512,0,1747783632.7132454,2025-05-20T23:27:12.713256,0.21890297532081604,0.37509459257125854,Llama-3-8B-Q4,2025-05-21T09:03:40.991263
Three transients have also been arrested for their participation.,1.0,512,0,1747783660.6894312,2025-05-20T23:27:40.689440,0.22485414147377014,0.38484078645706177,Llama-3-8B-Q4,2025-05-21T09:03:41.310679
What do cells break down to produce energy? (Answer: A),1.0,512,0,1747783688.8593347,2025-05-20T23:28:08.859350,0.2316039651632309,0.3946290612220764,Llama-3-8B-Q4,2025-05-21T09:03:41.617403
Alabama was under military rule from the end of the war in May 1865 until its official restoration to the Union in 1868.,1.0,512,0,1747783718.5568461,2025-05-20T23:28:38.556851,0.23093533515930176,0.3936893343925476,Llama-3-8B-Q4,2025-05-21T09:03:41.985523
"Jackson, Harvey H. Inside Alabama: A Personal History of My State (2004).",1.0,512,0,1747783748.285641,2025-05-20T23:29:08.285653,0.22112630307674408,0.3798922300338745,Llama-3-8B-Q4,2025-05-21T09:03:42.304536
A chemical property of a mineral is evident if the mineral (Answer: 2),1.0,512,1,1747783617.9933019,2025-05-20T23:26:57.993307,0.2532969117164612,0.4082796275615692,Llama-3-8B-Q4,2025-05-21T09:03:45.363420
"Sun Jie, a coach and men's teacher at BDA since 2008, explains how introducing works from Western choreographers has broadened the overall abilities of Chinese ballet dancers.",1.0,512,1,1747783646.38721,2025-05-20T23:27:26.387215,0.24791298806667328,0.3996659815311432,Llama-3-8B-Q4,2025-05-21T09:03:45.679870
The victim was interviewed at Gulf Coast Children’s Advocacy Center.,1.0,512,1,1747783674.566168,2025-05-20T23:27:54.566174,0.2524392008781433,0.40574541687965393,Llama-3-8B-Q4,2025-05-21T09:03:46.102582
"The Legislature is responsible for writing, debating, passing, or defeating state legislation.",1.0,512,1,1747783704.46062,2025-05-20T23:28:24.460624,0.25689753890037537,0.41258475184440613,Llama-3-8B-Q4,2025-05-21T09:03:46.511230
"""It's not just a few ballet steps here and there; he asks you to fully engage with yourself, not only as a dancer but as an actor and a person.""",1.0,512,1,1747783733.5118504,2025-05-20T23:28:53.511854,0.24705983698368073,0.399610310792923,Llama-3-8B-Q4,2025-05-21T09:03:46.833571
"Many of these attacks were done by individual assailants and the majority took place in the late 1870s, the early 1880s and the 1890s, with some still occurring in the early 1900s.",1.0,512,0,1747783778.4497616,2025-05-20T23:29:38.449773,0.22514331340789795,0.3853130042552948,Llama-3-8B-Q4,2025-05-21T09:03:49.953268
"Because of the constraints of the Alabama Constitution, which centralizes power in the state legislature, only seven counties (Jefferson, Lee, Mobile, Madison, Montgomery, Shelby, and Tuscaloosa) in the state have limited home rule.",1.0,512,0,1747783807.833715,2025-05-20T23:30:07.833720,0.22933746874332428,0.3918936550617218,Llama-3-8B-Q4,2025-05-21T09:03:50.323871
Sleep problems affect about two-thirds of individuals with ASD at some point in childhood.,1.0,512,0,1747783837.5684226,2025-05-20T23:30:37.568428,0.23632992804050446,0.4025192856788635,Llama-3-8B-Q4,2025-05-21T09:03:50.638334
"Albedo in Astronomy  In astronomy, the term albedo can be defined in several different ways, depending upon the application and the wavelength of electromagnetic radiation involved.",1.0,512,0,1747783867.5577848,2025-05-20T23:31:07.557790,0.22988580167293549,0.3928583562374115,Llama-3-8B-Q4,2025-05-21T09:03:50.949140
"Data processing policies Companies need to do data process flow mapping to see what data is being collected, how it's being processed, and who is receiving processed copies, Rickard said.",1.0,512,0,1747783896.4949162,2025-05-20T23:31:36.494929,0.22042393684387207,0.3766891658306122,Llama-3-8B-Q4,2025-05-21T09:03:51.407820
"Alabama English is predominantly Southern, and is related to South Midland speech which was taken across the border from Tennessee.",1.0,512,1,1747783763.4064872,2025-05-20T23:29:23.406492,0.2466689795255661,0.39779597520828247,Llama-3-8B-Q4,2025-05-21T09:03:54.777423
"The EU's General Data Protection Regulation (GDPR) went into effect in May, requiring all organizations that handle the data of EU citizens to comply with its provisions regarding collecting and using personal data.",1.0,512,1,1747783792.405077,2025-05-20T23:29:52.405081,0.26030850410461426,0.4182886481285095,Llama-3-8B-Q4,2025-05-21T09:03:55.118797
Autism rights or neurodiversity advocates believe that the autism spectrum is genetic and should be accepted as a natural expression of the human genome.,1.0,512,1,1747783822.4918654,2025-05-20T23:30:22.491870,0.25724688172340393,0.4133155345916748,Llama-3-8B-Q4,2025-05-21T09:03:55.450401
The registration fee is $300.,1.0,512,1,1747783852.4179473,2025-05-20T23:30:52.417953,0.2530311942100525,0.4072236716747284,Llama-3-8B-Q4,2025-05-21T09:03:55.906197
"This time around, everything went smoothly and I was able to log into the Gitstorage interface (Figure B).",1.0,512,1,1747783881.6744719,2025-05-20T23:31:21.674477,0.2510313391685486,0.40360623598098755,Llama-3-8B-Q4,2025-05-21T09:03:56.355179
One criticism of the current constitution claims that its complexity and length intentionally codify segregation and racism.,1.0,512,0,1747783926.2257235,2025-05-20T23:32:06.225732,0.2250300645828247,0.3852810561656952,Llama-3-8B-Q4,2025-05-21T09:03:59.485851
"Mohl, Raymond A.",1.0,512,0,1747783954.7274077,2025-05-20T23:32:34.727419,0.22888249158859253,0.39053860306739807,Llama-3-8B-Q4,2025-05-21T09:03:59.850430
"Explain what this code does:
def function_6(x): return x * 2",1.0,512,0,1747783983.541381,2025-05-20T23:33:03.541386,0.2297479659318924,0.39253565669059753,Llama-3-8B-Q4,2025-05-21T09:04:00.168457
Other anarchists advocated for or used art as a means to achieve anarchist ends.,1.0,512,0,1747784013.2535315,2025-05-20T23:33:33.253536,0.23030249774456024,0.39230281114578247,Llama-3-8B-Q4,2025-05-21T09:04:00.484934
You can also login with the non-admin user you created.,1.0,512,0,1747784042.5751865,2025-05-20T23:34:02.575192,0.2292545735836029,0.3917953372001648,Llama-3-8B-Q4,2025-05-21T09:04:00.798413
"Unusual eating behavior occurs in about three-quarters of children with ASD, to the extent that it was formerly a diagnostic indicator.",1.0,512,1,1747783911.4899614,2025-05-20T23:31:51.489973,0.257386714220047,0.4137410521507263,Llama-3-8B-Q4,2025-05-21T09:04:03.942203
"Over the past two decades, Java has arguably been the most successful programming language on the planet.",1.0,512,1,1747783940.1426299,2025-05-20T23:32:20.142639,0.25840121507644653,0.4138461649417877,Llama-3-8B-Q4,2025-05-21T09:04:04.358326
"The state legislature has retained power over local governments by refusing to pass a constitutional amendment establishing home rule for counties, as recommended by the 1973 Alabama Constitutional Commission.",1.0,512,1,1747783969.1821365,2025-05-20T23:32:49.182141,0.25210362672805786,0.40549513697624207,Llama-3-8B-Q4,2025-05-21T09:04:04.735080
"The rural bias of the state legislature, which had also failed to redistrict seats in the state house, affected politics well into the 20th century, failing to recognize the rise of industrial cities and urbanized areas.",1.0,512,1,1747783998.5568697,2025-05-20T23:33:18.556878,0.2434699982404709,0.3935323655605316,Llama-3-8B-Q4,2025-05-21T09:04:05.159049
"Clouds keep Earth cool by reflecting sunlight, but they can also serve as blankets to trap warmth.""",1.0,512,1,1747784027.4919426,2025-05-20T23:33:47.491954,0.24225112795829773,0.3915131986141205,Llama-3-8B-Q4,2025-05-21T09:04:05.516373
"Critics argue that Alabama's constitution maintains highly centralized power with the state legislature, leaving practically no power in local hands.",1.0,512,1,1747784057.7452438,2025-05-20T23:34:17.745255,0.24716860055923462,0.39868441224098206,Llama-3-8B-Q4,2025-05-21T09:04:08.667807
"Explain what this code does:
def function_76(x): return x * 2",1.0,512,1,1747784086.545007,2025-05-20T23:34:46.545017,0.2533932030200958,0.4081774353981018,Llama-3-8B-Q4,2025-05-21T09:04:09.072336
"Ferrer's approach was secular, rejecting both state and church involvement in the educational process whilst giving pupils large amounts of autonomy in planning their work and attendance.",1.0,512,1,1747784115.7839715,2025-05-20T23:35:15.783984,0.2438628077507019,0.39411646127700806,Llama-3-8B-Q4,2025-05-21T09:04:09.485416
"As part of an experiment, an astronaut takes a scale to the Moon and weighs himself. The scale reads 31 pounds. If the astronaut has a mass of about 84 kilograms, which are the approximate weight and mass of the astronaut when standing on the Earth? (Answer: D)",1.0,512,1,1747784145.1193771,2025-05-20T23:35:45.119388,0.24504467844963074,0.39450982213020325,Llama-3-8B-Q4,2025-05-21T09:04:09.834040
"Since the mid- to late 20th century, however, white conservatives started shifting to the Republican Party.",1.0,512,1,1747784174.1651015,2025-05-20T23:36:14.165111,0.24983814358711243,0.40162891149520874,Llama-3-8B-Q4,2025-05-21T09:04:10.147171
"Autistic people may be severely impaired in some respects but average, or even superior, in others.",1.0,512,0,1747784072.468523,2025-05-20T23:34:32.468528,0.22910428047180176,0.3908953368663788,Llama-3-8B-Q4,2025-05-21T09:04:13.453523
"There are two intermediate appellate courts, the Court of Civil Appeals and the Court of Criminal Appeals, and four trial courts: the circuit court (trial court of general jurisdiction), and the district, probate, and municipal courts.",1.0,512,0,1747784101.1898751,2025-05-20T23:35:01.189880,0.23359954357147217,0.39847898483276367,Llama-3-8B-Q4,2025-05-21T09:04:13.762879
Which of these is never found in prokaryotic cells? (Answer: D),1.0,512,0,1747784130.3679955,2025-05-20T23:35:30.368011,0.23551103472709656,0.402067095041275,Llama-3-8B-Q4,2025-05-21T09:04:14.176668
"In Greek handwriting, it was common to join the left leg and horizontal stroke into a single loop, as demonstrated by the uncial version shown.",1.0,512,0,1747784159.5065744,2025-05-20T23:35:59.506584,0.22435502707958221,0.383037805557251,Llama-3-8B-Q4,2025-05-21T09:04:14.564581
"When a mirror is placed by a fish bowl with a beta fish swimming inside, the beta fish sees what appears to be another fish. This occurs because of (Answer: C)",1.0,512,0,1747784188.7428463,2025-05-20T23:36:28.742860,0.22938911616802216,0.39122238755226135,Llama-3-8B-Q4,2025-05-21T09:04:14.891941
"1892 ""Nutcracker"" costume sketch by Ivan Vsevolozhsky of the Sugar Plum Fairy's retinue.",1.0,512,1,1747784203.7810469,2025-05-20T23:36:43.781060,0.24835911393165588,0.4004341661930084,Llama-3-8B-Q4,2025-05-21T09:04:18.250841
What parts of your life outside of ballet do you most look forward to cultivating now that you'll have more time on your hands?,1.0,512,1,1747784232.765408,2025-05-20T23:37:12.765422,0.25506070256233215,0.40918633341789246,Llama-3-8B-Q4,2025-05-21T09:04:18.592334
NYCB's Brittany Pollack and Chase Finlay in the grand pas de deux toe slide.,1.0,512,1,1747784261.5973754,2025-05-20T23:37:41.597385,0.23776155710220337,0.38829877972602844,Llama-3-8B-Q4,2025-05-21T09:04:18.900285
"Explain what this code does:
def function_40(x): return x * 2",1.0,512,1,1747784290.341193,2025-05-20T23:38:10.341204,0.2517363131046295,0.40450888872146606,Llama-3-8B-Q4,2025-05-21T09:04:19.309033
"Some days you might not feel good about yourself, or things in your body might not be working well—every day is different.",1.0,512,1,1747784319.2667305,2025-05-20T23:38:39.266735,0.24761754274368286,0.3975401222705841,Llama-3-8B-Q4,2025-05-21T09:04:19.740364
"Civil War and Reconstruction  By 1860, the population had increased to 964,201 people, of which nearly half, 435,080, were enslaved African Americans, and 2,690 were free people of color.",1.0,512,0,1747784218.5476732,2025-05-20T23:36:58.547678,0.2275097370147705,0.3901195824146271,Llama-3-8B-Q4,2025-05-21T09:04:23.022727
"Explain what this code does:
def function_46(x): return x * 2",1.0,512,0,1747784247.1346047,2025-05-20T23:37:27.134610,0.2310253232717514,0.39551863074302673,Llama-3-8B-Q4,2025-05-21T09:04:23.375227
"During a search warrant on the two vehicles two printers, blank checks, cash, and a computer with check-making software were located and seized.",1.0,512,0,1747784275.953999,2025-05-20T23:37:55.954005,0.22845381498336792,0.39066943526268005,Llama-3-8B-Q4,2025-05-21T09:04:23.799498
"Instead of people being able to control the aspects of their life, major decisions are taken by a small elite.",1.0,512,0,1747784304.6477456,2025-05-20T23:38:24.647751,0.2255672812461853,0.387197345495224,Llama-3-8B-Q4,2025-05-21T09:04:24.245173
"Explain what this code does:
def function_28(x): return x * 2",1.0,512,0,1747784333.8240123,2025-05-20T23:38:53.824017,0.23467031121253967,0.40064820647239685,Llama-3-8B-Q4,2025-05-21T09:04:24.559708
"Explain what this code does:
def function_20(x): return x * 2",1.0,512,1,1747784348.7500653,2025-05-20T23:39:08.750083,0.25275740027427673,0.40622368454933167,Llama-3-8B-Q4,2025-05-21T09:04:27.914683
Could some of us be out of a job?,1.0,512,1,1747784377.440681,2025-05-20T23:39:37.440686,0.24653680622577667,0.39739561080932617,Llama-3-8B-Q4,2025-05-21T09:04:28.238364
"For instance, Birmingham and Jefferson County taxes had supplied one-third of the state budget, but Jefferson County received only 1/67th of state services in funding.",1.0,512,1,1747784406.2200828,2025-05-20T23:40:06.220088,0.24286434054374695,0.39116233587265015,Llama-3-8B-Q4,2025-05-21T09:04:28.559030
"In geometry, capital A, B, C etc.",1.0,512,1,1747784434.8356946,2025-05-20T23:40:34.835704,0.25010114908218384,0.40138012170791626,Llama-3-8B-Q4,2025-05-21T09:04:28.917319
European settlement  The Spanish were the first Europeans to reach Alabama during their exploration of North America in the 16th century.,1.0,512,1,1747784463.829652,2025-05-20T23:41:03.829657,0.25284576416015625,0.40596675872802734,Llama-3-8B-Q4,2025-05-21T09:04:29.241363
Which term best describes the life cycle of an insect that reaches the adult stage without being a pupa? (Answer: A),1.0,512,0,1747784363.5503001,2025-05-20T23:39:23.550305,0.2304631471633911,0.39381274580955505,Llama-3-8B-Q4,2025-05-21T09:04:32.450118
"The Gulf Coast, around Mobile Bay, averages between 70 and 80 days per year with thunder reported.",1.0,512,0,1747784391.9691067,2025-05-20T23:39:51.969116,0.23421955108642578,0.3995693027973175,Llama-3-8B-Q4,2025-05-21T09:04:32.841380
"Anarchists also reinforced their propaganda within the arts, some of whom practiced naturism and nudism.",1.0,512,0,1747784420.625342,2025-05-20T23:40:20.625347,0.2264861762523651,0.3877592980861664,Llama-3-8B-Q4,2025-05-21T09:04:33.209846
"During the antebellum period, Alabama was a major producer of cotton, and widely used African American slave labor.",1.0,512,0,1747784449.5315795,2025-05-20T23:40:49.531585,0.23608973622322083,0.40158435702323914,Llama-3-8B-Q4,2025-05-21T09:04:33.524566
"If I can't describe what I want with words, I have to show them.""",1.0,512,0,1747784479.0229344,2025-05-20T23:41:19.022940,0.2285691350698471,0.3913472890853882,Llama-3-8B-Q4,2025-05-21T09:04:33.922036
"Many common hand tools create a mechanical advantage by using the basic principles found in simple machines. For example, a screwdriver uses the principles of the wheel and axle. In order to increase gripping force, pliers use the principle demonstrated in the (Answer: B)",1.0,512,1,1747784490.2221103,2025-05-20T23:41:30.222119,0.24698655307292938,0.39944973587989807,Llama-3-8B-Q4,2025-05-21T09:04:36.961608
"The ethereal twinkling sound in the Sugar Plum Fairy's solo comes from the celesta, a rare instrument Tchaikovsky heard in France.",1.0,512,1,1747784519.6103857,2025-05-20T23:41:59.610394,0.24598489701747894,0.3969990611076355,Llama-3-8B-Q4,2025-05-21T09:04:37.349242
"They wrote another constitution in 1875, and the legislature passed the Blaine Amendment, prohibiting public money from being used to finance religious-affiliated schools.",1.0,512,1,1747784549.0349934,2025-05-20T23:42:29.035001,0.24716883897781372,0.39764586091041565,Llama-3-8B-Q4,2025-05-21T09:04:37.697249
"In the Sasanian Empire, Mazdak called for an egalitarian society and the abolition of monarchy, only to be soon executed by Emperor Kavad I.",1.0,512,1,1747784577.9285233,2025-05-20T23:42:57.928529,0.2513095736503601,0.4038545787334442,Llama-3-8B-Q4,2025-05-21T09:04:38.004077
"Functional friendships, such as those resulting in invitations to parties, may affect the quality of life more deeply.",1.0,512,1,1747784607.0054634,2025-05-20T23:43:27.005468,0.2500561475753784,0.40270301699638367,Llama-3-8B-Q4,2025-05-21T09:04:38.368443
"A. John Simmons and Leslie Green, who leaned toward philosophical anarchism, believed that the state could be legitimate if it is governed by consensus, although they saw this as highly unlikely.",1.0,512,0,1747784505.4535658,2025-05-20T23:41:45.453575,0.22075653076171875,0.37954413890838623,Llama-3-8B-Q4,2025-05-21T09:04:41.701536
New York City Ballet principal dancer Rebecca Krohn will take her final bow with the company this Saturday night.,1.0,512,0,1747784534.237764,2025-05-20T23:42:14.237769,0.23532634973526,0.4006413221359253,Llama-3-8B-Q4,2025-05-21T09:04:42.125014
"Hatchling sea turtles are typically dark in color. Occasionally, a sea turtle hatches that is almost white in color. When crawling from the nest on the beach to the ocean, this light-colored sea turtle could be at risk for sunburn. The light color of the turtles would most likely (Answer: C)",1.0,512,0,1747784563.5772347,2025-05-20T23:42:43.577244,0.22538864612579346,0.38609376549720764,Llama-3-8B-Q4,2025-05-21T09:04:42.520481
Which of these human activities does not contribute to the extinction of species? (Answer: C),1.0,512,0,1747784592.5428178,2025-05-20T23:43:12.542823,0.23294758796691895,0.39786192774772644,Llama-3-8B-Q4,2025-05-21T09:04:42.905092
How long does it take for Earth to rotate on its axis seven times? (Answer: B),1.0,512,0,1747784621.373366,2025-05-20T23:43:41.373373,0.23320958018302917,0.39758679270744324,Llama-3-8B-Q4,2025-05-21T09:04:43.209680
"The first community of adherents of the Baháʼí Faith in Alabama was founded in 1896 by Paul K. Dealy, who moved from Chicago to Fairhope.",1.0,512,0,1747784651.6652484,2025-05-20T23:44:11.665257,0.23445694148540497,0.4006470739841461,Llama-3-8B-Q4,2025-05-21T09:04:46.449033
No known medication relieves autism's core symptoms of social and communication impairments.,1.0,512,0,1747784679.8530896,2025-05-20T23:44:39.853094,0.23796029388904572,0.40574267506599426,Llama-3-8B-Q4,2025-05-21T09:04:46.802325
"Explain what this code does:
def function_31(x): return x * 2",1.0,512,0,1747784709.2448833,2025-05-20T23:45:09.244893,0.22906306385993958,0.3911499083042145,Llama-3-8B-Q4,2025-05-21T09:04:47.113867
"Explain what this code does:
def function_35(x): return x * 2",1.0,512,0,1747784738.1930304,2025-05-20T23:45:38.193035,0.23396696150302887,0.3991420567035675,Llama-3-8B-Q4,2025-05-21T09:04:47.419397
"34 total views, 34 views today Share Us",1.0,512,0,1747784766.9344697,2025-05-20T23:46:06.934484,0.2254052460193634,0.3878140151500702,Llama-3-8B-Q4,2025-05-21T09:04:47.846140
"Because light specularly reflected from water does not usually reach the viewer, water is usually considered to have a very low albedo in spite of its high reflectivity at high angles of incident light.",1.0,512,1,1747784636.6406426,2025-05-20T23:43:56.640652,0.2491866946220398,0.40023645758628845,Llama-3-8B-Q4,2025-05-21T09:04:50.951171
"As it appeals to both emotion and reason, art could appeal to the whole human and have a powerful effect.",1.0,512,1,1747784665.5139217,2025-05-20T23:44:25.513927,0.2455083727836609,0.3956131637096405,Llama-3-8B-Q4,2025-05-21T09:04:51.369310
"In addition, Alabama produces aerospace and electronic products, mostly in the Huntsville area, the location of NASA's George C. Marshall Space Flight Center and the U.S. Army Materiel Command, headquartered at Redstone Arsenal.",1.0,512,1,1747784693.8475296,2025-05-20T23:44:53.847543,0.25023263692855835,0.40215611457824707,Llama-3-8B-Q4,2025-05-21T09:04:51.784552
"Through many countries, individualist anarchism attracted a small yet diverse following of Bohemian artists and intellectuals as well as young anarchist outlaws in what became known as illegalism and individual reclamation.",1.0,512,1,1747784724.0553336,2025-05-20T23:45:24.055339,0.2518227696418762,0.4054624140262604,Llama-3-8B-Q4,2025-05-21T09:04:52.097957
"Explain what this code does:
def function_77(x): return x * 2",1.0,512,1,1747784752.639171,2025-05-20T23:45:52.639177,0.2542777359485626,0.40905237197875977,Llama-3-8B-Q4,2025-05-21T09:04:52.446511
That's something I'll never forget.,1.0,512,0,1747784796.583416,2025-05-20T23:46:36.583421,0.23056034743785858,0.3936323821544647,Llama-3-8B-Q4,2025-05-21T09:04:55.494662
A number of dancers including New York City Ballet principal Russell Janzen will be acting as moving models.,1.0,512,0,1747784824.8059719,2025-05-20T23:47:04.805981,0.22584402561187744,0.3869801461696625,Llama-3-8B-Q4,2025-05-21T09:04:55.859051
"Explain what this code does:
def function_29(x): return x * 2",1.0,512,0,1747784853.4617283,2025-05-20T23:47:33.461733,0.23474961519241333,0.40048155188560486,Llama-3-8B-Q4,2025-05-21T09:04:56.227696
Education  Primary and secondary education  Public primary and secondary education in Alabama is under the purview of the Alabama State Board of Education as well as local oversight by 67 county school boards and 60 city boards of education.,1.0,512,0,1747784882.1471615,2025-05-20T23:48:02.147172,0.23567810654640198,0.4022057056427002,Llama-3-8B-Q4,2025-05-21T09:04:56.583466
About half of people in their 20s with autism are not employed.,1.0,512,0,1747784911.5507872,2025-05-20T23:48:31.550793,0.23816560208797455,0.40526434779167175,Llama-3-8B-Q4,2025-05-21T09:04:56.975253
Dumas even cheered up the name of the protagonist.,1.0,512,1,1747784781.7590878,2025-05-20T23:46:21.759097,0.24758267402648926,0.40115782618522644,Llama-3-8B-Q4,2025-05-21T09:05:00.091595
Cells are the basic unit of structure and function in all living organisms. Which describes the greatest difference between the cells of a baby gorilla and the cells of an adult gorilla? (Answer: A),1.0,512,1,1747784810.5061698,2025-05-20T23:46:50.506175,0.2557051181793213,0.4113289415836334,Llama-3-8B-Q4,2025-05-21T09:05:00.398540
"A total of 387 schools, seven teachers' houses, and several vocational buildings were completed by 1937 in the state.",1.0,512,1,1747784839.1346765,2025-05-20T23:47:19.134682,0.24974964559078217,0.4024568498134613,Llama-3-8B-Q4,2025-05-21T09:05:00.783093
"Bakunin saw the state as meaning ""coercion, domination by means of coercion, camouflaged if possible but unceremonious and overt if need be.""",1.0,512,1,1747784867.5288348,2025-05-20T23:47:47.528845,0.2437550127506256,0.39289164543151855,Llama-3-8B-Q4,2025-05-21T09:05:01.098317
"After bitter disputes, the Bakuninists were expelled from the International by the Marxists at the 1872 Hague Congress.",1.0,512,1,1747784897.467739,2025-05-20T23:48:17.467757,0.2546547055244446,0.4092679023742676,Llama-3-8B-Q4,2025-05-21T09:05:01.397582
"Investigators now believe that four black males came from Atlanta to the Destin area on October 1, 2017, and rented two vehicles.",1.0,512,1,1747784927.1415055,2025-05-20T23:48:47.141511,0.24591661989688873,0.3960511386394501,Llama-3-8B-Q4,2025-05-21T09:05:04.738210
Greater Birmingham is Alabama's largest metropolitan area and its economic center.,1.0,512,1,1747784955.9716954,2025-05-20T23:49:15.971710,0.25561484694480896,0.4095422923564911,Llama-3-8B-Q4,2025-05-21T09:05:05.140682
A fold observed in layers of sedimentary rock most likely resulted from the (Answer: B),1.0,512,1,1747784984.5606582,2025-05-20T23:49:44.560679,0.25297126173973083,0.4088440239429474,Llama-3-8B-Q4,2025-05-21T09:05:05.513462
"In the carbon cycle, carbon moves from reservoir to reservoir as various organic and inorganic processes occur on Earth. Only a small percentage of the global carbon is moved in this cycle each year. The remaining carbon is stored in these reservoirs. Which reservoir contains the greatest amount of stored carbon? (Answer: D)",1.0,512,1,1747785013.6819053,2025-05-20T23:50:13.681923,0.2509779930114746,0.40377143025398254,Llama-3-8B-Q4,2025-05-21T09:05:05.852439
San Francisco Ballet Honors Robbins Mysterious; romantic; witty; electrifying.,1.0,512,1,1747785042.4641976,2025-05-20T23:50:42.464207,0.25169795751571655,0.40638941526412964,Llama-3-8B-Q4,2025-05-21T09:05:06.245087
Legion Field is home of the UAB Blazers football program and the Birmingham Bowl.,1.0,512,0,1747784941.746631,2025-05-20T23:49:01.746637,0.23876288533210754,0.40624526143074036,Llama-3-8B-Q4,2025-05-21T09:05:09.403422
3.,1.0,512,0,1747784970.211227,2025-05-20T23:49:30.211232,0.2316199690103531,0.39936205744743347,Llama-3-8B-Q4,2025-05-21T09:05:09.849554
The composition of soil influences the soil's ability to retain and transmit water and air. What soil type would be best for planting a productive garden? (Answer: B),1.0,512,0,1747784999.0561848,2025-05-20T23:49:59.056190,0.22880282998085022,0.39051368832588196,Llama-3-8B-Q4,2025-05-21T09:05:10.185088
"History  The earliest certain ancestor of ""A"" is aleph (also written 'aleph), the first letter of the Phoenician alphabet, which consisted entirely of consonants (for that reason, it is also called an abjad to distinguish it from a true alphabet).",1.0,512,0,1747785027.7675264,2025-05-20T23:50:27.767531,0.22642304003238678,0.388616681098938,Llama-3-8B-Q4,2025-05-21T09:05:10.520467
"Immigration from outside the U.S. resulted in a net increase of 31,180 people, and migration within the country produced a net gain of 73,811 people.",1.0,512,0,1747785056.7005913,2025-05-20T23:50:56.700596,0.231917142868042,0.39568206667900085,Llama-3-8B-Q4,2025-05-21T09:05:10.956508
"In two of the studies, whose duration was 12 and 24 months, a significant improvement in ASD symptoms (efficacy rate 50%) was identified.",1.0,512,1,1747785071.6614623,2025-05-20T23:51:11.661468,0.24860230088233948,0.40025022625923157,Llama-3-8B-Q4,2025-05-21T09:05:14.012508
Which geologic process most likely led to the uplifting of the Rocky Mountains? (Answer: C),1.0,512,1,1747785100.1547666,2025-05-20T23:51:40.154772,0.2478150725364685,0.39973655343055725,Llama-3-8B-Q4,2025-05-21T09:05:14.419555
"Building a slide deck, pitch, or presentation?",1.0,512,1,1747785128.4941444,2025-05-20T23:52:08.494149,0.24602699279785156,0.3991430997848511,Llama-3-8B-Q4,2025-05-21T09:05:14.834178
"Since a direct connection from I-22 to I-422 will not be possible, I-222 has been proposed, as well.",1.0,512,1,1747785157.0220387,2025-05-20T23:52:37.022044,0.24428874254226685,0.3939206600189209,Llama-3-8B-Q4,2025-05-21T09:05:15.258637
"Explain what this code does:
def function_65(x): return x * 2",1.0,512,1,1747785186.57429,2025-05-20T23:53:06.574300,0.256763756275177,0.41344189643859863,Llama-3-8B-Q4,2025-05-21T09:05:15.595626
Balanchine included Shiryaev's original choreography in his Nutcracker.,1.0,512,0,1747785086.1983776,2025-05-20T23:51:26.198388,0.22675801813602448,0.3882603645324707,Llama-3-8B-Q4,2025-05-21T09:05:18.709405
"It has been established that vaccination is not a risk factor for autism and is not behind any increase in autism prevalence rates, if any change in the rate of autism exists at all.",1.0,512,0,1747785114.5554614,2025-05-20T23:51:54.555466,0.2324160784482956,0.3966130018234253,Llama-3-8B-Q4,2025-05-21T09:05:19.111064
A smooth metallic sphere would have .,1.0,512,0,1747785142.8608453,2025-05-20T23:52:22.860862,0.22442975640296936,0.3847843110561371,Llama-3-8B-Q4,2025-05-21T09:05:19.422597
"Explain what this code does:
def function_89(x): return x * 2",1.0,512,0,1747785172.5728862,2025-05-20T23:52:52.572895,0.23831288516521454,0.4059183895587921,Llama-3-8B-Q4,2025-05-21T09:05:19.839163
An ice cube placed in sunlight melts quickly. Which BEST explains this event? (Answer: B),1.0,512,0,1747785201.7480562,2025-05-20T23:53:21.748061,0.22909608483314514,0.39128443598747253,Llama-3-8B-Q4,2025-05-21T09:05:20.213398
"Unlike with autism, people with Asperger syndrome have no substantial delay in language development.",1.0,512,1,1747785216.730354,2025-05-20T23:53:36.730360,0.25648415088653564,0.41186290979385376,Llama-3-8B-Q4,2025-05-21T09:05:23.464773
"Anarchism's emphasis on anti-capitalism, egalitarianism, and for the extension of community and individuality sets it apart from anarcho-capitalism and other types of economic libertarianism.",1.0,512,1,1747785245.9912689,2025-05-20T23:54:05.991282,0.24516373872756958,0.395546019077301,Llama-3-8B-Q4,2025-05-21T09:05:23.780644
"The first anarchist currents developed throughout the 18th century as William Godwin espoused philosophical anarchism in England, morally delegitimising the state, Max Stirner's thinking paved the way to individualism and Pierre-Joseph Proudhon's theory of mutualism found fertile soil in France.",1.0,512,1,1747785275.1544456,2025-05-20T23:54:35.154451,0.24656890332698822,0.3988991379737854,Llama-3-8B-Q4,2025-05-21T09:05:24.177289
"""It's a kind of otherworldly dream,"" says Wheater.",1.0,512,1,1747785303.8645434,2025-05-20T23:55:03.864554,0.24320951104164124,0.39412158727645874,Llama-3-8B-Q4,2025-05-21T09:05:24.498041
"Alabama's 67 county sheriffs are elected in partisan, at-large races, and Democrats still retain the narrow majority of those posts.",1.0,512,1,1747785333.0605052,2025-05-20T23:55:33.060514,0.242131307721138,0.3917924463748932,Llama-3-8B-Q4,2025-05-21T09:05:24.861446
BDA alumni in American companies include San Francisco Ballet soloists Wei Wang and Wanting Zhao and ABT corps members Zhiyao Zhang and Xuelan Lu.,1.0,512,0,1747785232.0981562,2025-05-20T23:53:52.098161,0.2240375429391861,0.3844519555568695,Llama-3-8B-Q4,2025-05-21T09:05:28.119811
Alabama's slaves were freed by the 13th Amendment in 1865.,1.0,512,0,1747785260.4441774,2025-05-20T23:54:20.444187,0.23772887885570526,0.4066486954689026,Llama-3-8B-Q4,2025-05-21T09:05:28.434500
"Indigenous animal species in the state include 62 mammal species, 93 reptile species, 73 amphibian species, roughly 307 native freshwater fish species, and 420 bird species that spend at least part of their year within the state.",1.0,512,0,1747785289.6199536,2025-05-20T23:54:49.619959,0.23310159146785736,0.3989604413509369,Llama-3-8B-Q4,2025-05-21T09:05:28.861644
Which of these do scientists offer as the most recent explanation as to why many plants and animals died out at the end of the Mesozoic era? (Answer: D),1.0,512,0,1747785318.7545807,2025-05-20T23:55:18.754591,0.23138152062892914,0.3952483534812927,Llama-3-8B-Q4,2025-05-21T09:05:29.265837
"Some animals are very rare. For example, there are very few Siberian tigers. If the only Siberian tigers left are female, what will most likely happen? (Answer: D)",1.0,512,0,1747785348.229582,2025-05-20T23:55:48.229588,0.23320600390434265,0.3983191251754761,Llama-3-8B-Q4,2025-05-21T09:05:29.599882
Both derive from the majuscule (capital) form.,1.0,512,1,1747785363.346719,2025-05-20T23:56:03.346724,0.2437061220407486,0.39328911900520325,Llama-3-8B-Q4,2025-05-21T09:05:32.771008
"The research was truly enriching, because I realized how wonderful of a person he was as well, which dictates how we share his personal life onstage.",1.0,512,1,1747785392.252467,2025-05-20T23:56:32.252472,0.24071361124515533,0.3888167142868042,Llama-3-8B-Q4,2025-05-21T09:05:33.133759
It was the only state to allow judges to override jury decisions in whether or not to use a death sentence; in 10 cases judges overturned sentences of life imprisonment without parole that were voted unanimously by juries.,1.0,512,1,1747785421.2338316,2025-05-20T23:57:01.233846,0.24417594075202942,0.3942846655845642,Llama-3-8B-Q4,2025-05-21T09:05:33.459786
"In 2009, Bryant–Denny Stadium and Jordan-Hare Stadium became the homes of the Alabama High School Athletic Association state football championship games, after previously being held at Legion Field in Birmingham.",1.0,512,1,1747785450.1575916,2025-05-20T23:57:30.157597,0.2599295973777771,0.417447954416275,Llama-3-8B-Q4,2025-05-21T09:05:33.844731
"JVC America, Inc. operates an optical disc replication and packaging plant in Tuscaloosa.",1.0,512,1,1747785479.1547549,2025-05-20T23:57:59.154760,0.2510189116001129,0.40479978919029236,Llama-3-8B-Q4,2025-05-21T09:05:34.203404
Anarchist tactics have shifted during the course of the last century.,1.0,512,0,1747785378.1005344,2025-05-20T23:56:18.100540,0.23505006730556488,0.4002372920513153,Llama-3-8B-Q4,2025-05-21T09:05:37.334784
"In May 2007, German steelmaker ThyssenKrupp selected Calvert in Mobile County for a 4.65billion combined stainless and carbon steel processing facility.",1.0,512,0,1747785406.855662,2025-05-20T23:56:46.855671,0.236039400100708,0.40159574151039124,Llama-3-8B-Q4,2025-05-21T09:05:37.641273
Some studies also find decreased earning among parents who care for autistic children.,1.0,512,0,1747785435.524279,2025-05-20T23:57:15.524288,0.2355806976556778,0.4014939069747925,Llama-3-8B-Q4,2025-05-21T09:05:37.960627
A flowing stream contains water at 18°C. Cans of soft drinks at 28°C are lowered into the stream. Which of the following will most likely occur? (Answer: B),1.0,512,0,1747785464.5565438,2025-05-20T23:57:44.556553,0.22794635593891144,0.3903028964996338,Llama-3-8B-Q4,2025-05-21T09:05:38.407847
Collectivist anarchism is a revolutionary socialist form of anarchism commonly associated with Mikhail Bakunin.,1.0,512,0,1747785494.0980139,2025-05-20T23:58:14.098019,0.23675715923309326,0.40352869033813477,Llama-3-8B-Q4,2025-05-21T09:05:38.823265
The monument was removed in August 2003.,1.0,512,0,1747785524.2492905,2025-05-20T23:58:44.249295,0.22952276468276978,0.3927760422229767,Llama-3-8B-Q4,2025-05-21T09:05:41.953132
"There is tentative evidence that music therapy may improve social interactions, verbal communication, and non-verbal communication skills.",1.0,512,0,1747785552.9749258,2025-05-20T23:59:12.974936,0.23535893857479095,0.4006138741970062,Llama-3-8B-Q4,2025-05-21T09:05:42.300686
Their decrease in prevalence was the result of further judicial power and targeting and cataloging by state institutions.,1.0,512,0,1747785582.6114483,2025-05-20T23:59:42.611462,0.2167660892009735,0.3738630712032318,Llama-3-8B-Q4,2025-05-21T09:05:42.673243
"With the anarchists being crushed in Russia, two new antithetical currents emerged, namely platformism and synthesis anarchism.",1.0,512,0,1747785611.8465135,2025-05-21T00:00:11.846526,0.23032309114933014,0.3932386338710785,Llama-3-8B-Q4,2025-05-21T09:05:42.978036
"Local elections Many local offices (county commissioners, boards of education, tax assessors, tax collectors, etc.)",1.0,512,0,1747785641.2979896,2025-05-21T00:00:41.297995,0.23079320788383484,0.3939993381500244,Llama-3-8B-Q4,2025-05-21T09:05:43.428144
"Although many have won awards at international competitions, the school does not actively focus on competing.",1.0,512,1,1747785509.252405,2025-05-20T23:58:29.252411,0.2511719763278961,0.40448880195617676,Llama-3-8B-Q4,2025-05-21T09:05:46.699492
"Lactose intolerance is a condition of the digestive system in which an individual has an inability to digest lactose, the sugar found in milk. An individual affected with lactose intolerance does not produce enough of the enzyme lactase, which is needed to break down lactose. If more adults than children are diagnosed with lactose intolerance, what does this most likely suggest? (Answer: A)",1.0,512,1,1747785538.5904121,2025-05-20T23:58:58.590417,0.2581075429916382,0.41440442204475403,Llama-3-8B-Q4,2025-05-21T09:05:47.125324
"Explain what this code does:
def function_64(x): return x * 2",1.0,512,1,1747785567.623835,2025-05-20T23:59:27.623840,0.2579042911529541,0.41524916887283325,Llama-3-8B-Q4,2025-05-21T09:05:47.472885
Which of the following is an example of a physical change? (Answer: B),1.0,512,1,1747785596.7782376,2025-05-20T23:59:56.778243,0.2578945457935333,0.41568371653556824,Llama-3-8B-Q4,2025-05-21T09:05:47.785932
"Fortunately, I was sent two devices, so I unplugged the first (a GS-16) and plugged in the second (a GS-64).",1.0,512,1,1747785626.397227,2025-05-21T00:00:26.397243,0.2502044141292572,0.4036261737346649,Llama-3-8B-Q4,2025-05-21T09:05:48.102048
"OEMs like Meta, VIVE, Vuzix, and Picoare are already building on the XR1 platform, the release said.",1.0,512,1,1747785656.2840939,2025-05-21T00:00:56.284099,0.24387243390083313,0.3950856029987335,Llama-3-8B-Q4,2025-05-21T09:05:51.489917
"In Basra, religious sects preached against the state.",1.0,512,1,1747785685.4072025,2025-05-21T00:01:25.407207,0.24776709079742432,0.3991924524307251,Llama-3-8B-Q4,2025-05-21T09:05:51.876807
"Photo by Paul Kolnik, Courtesy NYCB.",1.0,512,1,1747785714.6370223,2025-05-21T00:01:54.637027,0.26554787158966064,0.42666691541671753,Llama-3-8B-Q4,2025-05-21T09:05:52.268513
A toothpaste commercial states that a brand of toothpaste has a higher concentration of fluoride than any other toothpaste available. The commercial is most likely inferring that the advertised toothpaste (Answer: C),1.0,512,1,1747785743.687131,2025-05-21T00:02:23.687136,0.25348061323165894,0.4077783524990082,Llama-3-8B-Q4,2025-05-21T09:05:52.638809
"Explain what this code does:
def function_48(x): return x * 2",1.0,512,1,1747785772.8136325,2025-05-21T00:02:52.813639,0.257660448551178,0.41503071784973145,Llama-3-8B-Q4,2025-05-21T09:05:52.952824
"In English grammar, ""a"", and its variant ""an"", is an indefinite article, used to introduce noun phrases.",1.0,512,0,1747785671.350324,2025-05-21T00:01:11.350337,0.23453567922115326,0.39930635690689087,Llama-3-8B-Q4,2025-05-21T09:05:56.039375
"After observing several dogs running, students ask the following question: Do dogs with long hair run faster than dogs with short hair? How can the students best answer their question? (Answer: B)",1.0,512,0,1747785700.3417106,2025-05-21T00:01:40.341721,0.2275572121143341,0.3890533745288849,Llama-3-8B-Q4,2025-05-21T09:05:56.436413
"In China, small groups of students imported the humanistic pro-science version of anarcho-communism.",1.0,512,0,1747785729.474723,2025-05-21T00:02:09.474733,0.22606584429740906,0.3874702453613281,Llama-3-8B-Q4,2025-05-21T09:05:56.787758
"Explain what this code does:
def function_5(x): return x * 2",1.0,512,0,1747785758.380136,2025-05-21T00:02:38.380142,0.22897586226463318,0.3910721242427826,Llama-3-8B-Q4,2025-05-21T09:05:57.159099
"Peirce, Neal R. The Deep South States of America: People, Politics, and Power in the Seven Deep South States (1974).",1.0,512,0,1747785787.6533878,2025-05-21T00:03:07.653398,0.23283718526363373,0.39759179949760437,Llama-3-8B-Q4,2025-05-21T09:05:57.576609
Anarchism appears in English from 1642 as anarchisme and anarchy from 1539; early English usages emphasised a sense of disorder.,1.0,512,1,1747785802.8704023,2025-05-21T00:03:22.870413,0.25387144088745117,0.40797245502471924,Llama-3-8B-Q4,2025-05-21T09:06:00.792059
We've pulled together some highlights.,1.0,512,1,1747785831.5396304,2025-05-21T00:03:51.539635,0.2553251385688782,0.41314125061035156,Llama-3-8B-Q4,2025-05-21T09:06:01.242704
"Jordan-Hare Stadium is the home field of the Auburn football team and seats up to 87,451.",1.0,512,1,1747785860.5701468,2025-05-21T00:04:20.570151,0.26044872403144836,0.4187259376049042,Llama-3-8B-Q4,2025-05-21T09:06:01.609728
"The Alabama Fever land rush was underway when the state was admitted to the Union, with settlers and land speculators pouring into the state to take advantage of fertile land suitable for cotton cultivation.",1.0,512,1,1747785889.2112453,2025-05-21T00:04:49.211255,0.25663965940475464,0.41376733779907227,Llama-3-8B-Q4,2025-05-21T09:06:02.025994
"The Royal Swedish Ballet in Alexander Ekman's ""Midsummer Night's Dream.""",1.0,512,1,1747785918.0567229,2025-05-21T00:05:18.056727,0.25966399908065796,0.41771358251571655,Llama-3-8B-Q4,2025-05-21T09:06:02.439002
"Explain what this code does:
def function_59(x): return x * 2",1.0,512,0,1747785817.7036474,2025-05-21T00:03:37.703653,0.23770025372505188,0.4053614139556885,Llama-3-8B-Q4,2025-05-21T09:06:05.541748
What are you most looking forward to in your new role?,1.0,512,0,1747785846.2876306,2025-05-21T00:04:06.287635,0.24009378254413605,0.4078688323497772,Llama-3-8B-Q4,2025-05-21T09:06:05.874978
Which land form is the result of the constructive force of a glacier? (Answer: B),1.0,512,0,1747785875.058553,2025-05-21T00:04:35.058567,0.23250508308410645,0.39669835567474365,Llama-3-8B-Q4,2025-05-21T09:06:06.268941
"The three GOP lieutenant governors are Steve Windom (1999–2003), Kay Ivey (2011–2017), and Will Ainsworth (2019–present).",1.0,512,0,1747785903.6762557,2025-05-21T00:05:03.676260,0.2388533055782318,0.4077998399734497,Llama-3-8B-Q4,2025-05-21T09:06:06.597810
"Explain what this code does:
def function_43(x): return x * 2",1.0,512,0,1747785933.0624177,2025-05-21T00:05:33.062428,0.2384459674358368,0.4070054888725281,Llama-3-8B-Q4,2025-05-21T09:06:06.917823
"Terminology and distinction from schizophrenia  As late as the mid-1970s there was little evidence of a genetic role in autism, while in 2007 it was believed to be one of the most heritable psychiatric conditions.",1.0,512,1,1747785948.1028705,2025-05-21T00:05:48.102880,0.2507723271846771,0.4037274718284607,Llama-3-8B-Q4,2025-05-21T09:06:10.230683
"The way these hacktivists work to develop and distribute resembles the anarchist ideals, especially when it comes to preserving users' privacy from state surveillance.",1.0,512,1,1747785977.2936738,2025-05-21T00:06:17.293682,0.2429213672876358,0.3927140533924103,Llama-3-8B-Q4,2025-05-21T09:06:10.548984
The Marxist criticism of anarchism is that it has a utopian character because all individuals should have anarchist views and values.,1.0,512,1,1747786006.063718,2025-05-21T00:06:46.063722,0.2471979558467865,0.39872652292251587,Llama-3-8B-Q4,2025-05-21T09:06:10.859295
"A 2018 review concluded that it may be a therapeutic option for specific groups of children with autism, such as those with known food intolerances or allergies, or with food intolerance markers.",1.0,512,1,1747786035.0260127,2025-05-21T00:07:15.026018,0.2524656653404236,0.40662696957588196,Llama-3-8B-Q4,2025-05-21T09:06:11.232946
"Among those who find work, most are employed in sheltered settings working for wages below the national minimum.",1.0,512,1,1747786063.9895675,2025-05-21T00:07:43.989572,0.2537827491760254,0.4075321555137634,Llama-3-8B-Q4,2025-05-21T09:06:11.543706
Variation in summer albedo across both forest types is associated with maximum rates of photosynthesis because plants with high growth capacity display a greater fraction of their foliage for direct interception of incoming radiation in the upper canopy.,1.0,512,0,1747785962.8557813,2025-05-21T00:06:02.855790,0.22674335539340973,0.3876493573188782,Llama-3-8B-Q4,2025-05-21T09:06:14.848798
"Explain what this code does:
def function_87(x): return x * 2",1.0,512,0,1747785991.7613442,2025-05-21T00:06:31.761357,0.23319275677204132,0.39793670177459717,Llama-3-8B-Q4,2025-05-21T09:06:15.164582
Industrial development related to the demands of World War II brought a level of prosperity to the state not seen since before the civil war.,1.0,512,0,1747786020.7494311,2025-05-21T00:07:00.749444,0.23338189721107483,0.3992904722690582,Llama-3-8B-Q4,2025-05-21T09:06:15.478065
A historical current that arose and flourished during 1890 and 1920 within anarchism was free love.,1.0,512,0,1747786049.2774274,2025-05-21T00:07:29.277442,0.23390954732894897,0.39908698201179504,Llama-3-8B-Q4,2025-05-21T09:06:15.878668
"Acid rain has a pH below 5.6. This rain can damage soil, lakes, crops, and buildings. Acid rain is caused by all of the following except (Answer: D)",1.0,512,0,1747786078.496994,2025-05-21T00:07:58.497003,0.23400986194610596,0.3993939459323883,Llama-3-8B-Q4,2025-05-21T09:06:16.273161
"Artists of the Ballet in rehearsal for ""Frame by Frame.""",1.0,512,1,1747786093.359283,2025-05-21T00:08:13.359291,0.24915243685245514,0.40237554907798767,Llama-3-8B-Q4,2025-05-21T09:06:19.421603
"""GDPR closes all those gaps,"" he added.",1.0,512,1,1747786121.1691804,2025-05-21T00:08:41.169189,0.2536852955818176,0.40851086378097534,Llama-3-8B-Q4,2025-05-21T09:06:19.767587
Some authors suggest that automatic motor assessment could be useful to screen the children with ASD for instance with behavioural motor and emotionals reactions during smartphone watching.,1.0,512,1,1747786149.7100303,2025-05-21T00:09:09.710039,0.24297437071800232,0.3922746479511261,Llama-3-8B-Q4,2025-05-21T09:06:20.161861
"Epilepsy, with variations in risk of epilepsy due to age, cognitive level, and type of language disorder.",1.0,512,1,1747786177.8074634,2025-05-21T00:09:37.807469,0.25719109177589417,0.41450878977775574,Llama-3-8B-Q4,2025-05-21T09:06:20.566240
Git is the largest revision control and collaboration system available for development.,1.0,512,1,1747786206.1057067,2025-05-21T00:10:06.105712,0.2563663423061371,0.4117295742034912,Llama-3-8B-Q4,2025-05-21T09:06:20.876093
"It has a seating capacity of 143,000 and is the thirteenth largest stadium in the world and sixth largest stadium in America.",1.0,512,0,1747786107.8319504,2025-05-21T00:08:27.831960,0.23305265605449677,0.39760690927505493,Llama-3-8B-Q4,2025-05-21T09:06:24.013510
Automakers accounted for approximately a third of the industrial expansion in the state in 2012.,1.0,512,0,1747786136.011734,2025-05-21T00:08:56.011747,0.2334086149930954,0.39809533953666687,Llama-3-8B-Q4,2025-05-21T09:06:24.349883
Black anarchism began to take form at this time and influenced anarchism's move from a Eurocentric demographic.,1.0,512,0,1747786163.8658216,2025-05-21T00:09:23.865831,0.23422878980636597,0.3995665907859802,Llama-3-8B-Q4,2025-05-21T09:06:24.671793
Which of the following areas is most likely to form metamorphic rocks such as gneiss and schist? (Answer: C),1.0,512,0,1747786191.8678603,2025-05-21T00:09:51.867876,0.23389489948749542,0.3989102244377136,Llama-3-8B-Q4,2025-05-21T09:06:25.066885
"In general, higher IQs are correlated with greater responsiveness to treatment and improved treatment outcomes.",1.0,512,0,1747786220.632385,2025-05-21T00:10:20.632390,0.24160613119602203,0.4104146361351013,Llama-3-8B-Q4,2025-05-21T09:06:25.388948
A plant that grows red flowers was crossed with the same kind of plant that grows white flowers. Their offspring grew pink flowers. Which best explains why the offspring grew pink flowers? (Answer: C),1.0,512,1,1747786235.2971945,2025-05-21T00:10:35.297200,0.25397759675979614,0.4088771343231201,Llama-3-8B-Q4,2025-05-21T09:06:28.657385
"Assassination attempts were carried out against heads of state, some of which were successful.",1.0,512,1,1747786263.3781257,2025-05-21T00:11:03.378131,0.26502442359924316,0.4255571663379669,Llama-3-8B-Q4,2025-05-21T09:06:29.016318
"When seen from a distance, the ocean surface has a low albedo, as do most forests, whereas desert areas have some of the highest albedos among landforms.",1.0,512,1,1747786291.7354293,2025-05-21T00:11:31.735434,0.2504642605781555,0.40350571274757385,Llama-3-8B-Q4,2025-05-21T09:06:29.328378
A boat is acted on by a river current flowing north and by wind blowing on its sails. The boat travels northeast. In which direction is the wind most likely applying force to the sails of the boat? (Answer: B),1.0,512,1,1747786320.406504,2025-05-21T00:12:00.406510,0.24725346267223358,0.39917436242103577,Llama-3-8B-Q4,2025-05-21T09:06:29.635922
"The two men entered the gas station after McNeight, one of them carrying a tire iron.",1.0,512,1,1747786348.7206516,2025-05-21T00:12:28.720661,0.246016725897789,0.3992282450199127,Llama-3-8B-Q4,2025-05-21T09:06:29.955142
"He holds his hands towards his chest, indicating the sign for ""I.""",1.0,512,0,1747786249.8954842,2025-05-21T00:10:49.895491,0.22808489203453064,0.3910597264766693,Llama-3-8B-Q4,2025-05-21T09:06:33.237757
"Explain what this code does:
def function_68(x): return x * 2",1.0,512,0,1747786277.638421,2025-05-21T00:11:17.638426,0.23723004758358002,0.4046846926212311,Llama-3-8B-Q4,2025-05-21T09:06:33.657093
These contributed to Congressional passage and enactment of the Civil Rights Act of 1964 and Voting Rights Act of 1965 by the U.S. Congress.,1.0,512,0,1747786305.8193705,2025-05-21T00:11:45.819375,0.23724991083145142,0.40525150299072266,Llama-3-8B-Q4,2025-05-21T09:06:33.977659
"Go is cool, Swift is nifty, but old-school Java keeps reinventing itself to power both yesterday's and tomorrow's applications.",1.0,512,0,1747786334.2489698,2025-05-21T00:12:14.248980,0.2242053598165512,0.38397395610809326,Llama-3-8B-Q4,2025-05-21T09:06:34.434331
"Also, the Barber Motorsports Park has hosted IndyCar Series and Rolex Sports Car Series races.",1.0,512,0,1747786363.060153,2025-05-21T00:12:43.060158,0.23468157649040222,0.4003377854824066,Llama-3-8B-Q4,2025-05-21T09:06:34.752083
"This spring, The Joffrey Ballet will present the North American premiere of Alexander Ekman's Midsummer Night's Dream.",1.0,512,1,1747786377.7153685,2025-05-21T00:12:57.715382,0.2515219748020172,0.4057246148586273,Llama-3-8B-Q4,2025-05-21T09:06:37.920687
"I attempted to use the admin email/password I'd setup during the wizard, but that wouldn't work.",1.0,512,1,1747786405.9579365,2025-05-21T00:13:25.957945,0.24336543679237366,0.3935098946094513,Llama-3-8B-Q4,2025-05-21T09:06:38.335119
The former sought to create a coherent group that would push for revolution while the latter were against anything that would resemble a political party.,1.0,512,1,1747786434.3197753,2025-05-21T00:13:54.319781,0.23841293156147003,0.3869454264640808,Llama-3-8B-Q4,2025-05-21T09:06:38.843937
All of the following contain metric units of measurement except (Answer: C),1.0,512,1,1747786462.637002,2025-05-21T00:14:22.637007,0.24610593914985657,0.3980247378349304,Llama-3-8B-Q4,2025-05-21T09:06:39.207482
"within anarcho-primitivism), and the democratic process may be sharply criticised within some anarchist tendencies and simultaneously lauded in others.",1.0,512,1,1747786491.446719,2025-05-21T00:14:51.446728,0.23985105752944946,0.3890257179737091,Llama-3-8B-Q4,2025-05-21T09:06:39.516116
The company is one of dozens of others honoring Robbins this year; last week we covered Cincinnati Ballet and New York Theatre Ballet.,1.0,512,0,1747786392.2972436,2025-05-21T00:13:12.297257,0.23054060339927673,0.39419883489608765,Llama-3-8B-Q4,2025-05-21T09:06:42.557611
"Explain what this code does:
def function_62(x): return x * 2",1.0,512,0,1747786420.2775211,2025-05-21T00:13:40.277534,0.23287829756736755,0.3981894254684448,Llama-3-8B-Q4,2025-05-21T09:06:42.911767
"Treatment approaches have little empirical support in quality-of-life contexts, and many programs focus on success measures that lack predictive validity and real-world relevance.",1.0,512,0,1747786448.6685486,2025-05-21T00:14:08.668560,0.22788485884666443,0.3892783522605896,Llama-3-8B-Q4,2025-05-21T09:06:43.252411
"Explain what this code does:
def function_51(x): return x * 2",1.0,512,0,1747786477.1110947,2025-05-21T00:14:37.111108,0.23662155866622925,0.40349680185317993,Llama-3-8B-Q4,2025-05-21T09:06:43.637152
"Those free love movements contributed to the establishment of communal houses, where large groups of travelers, anarchists and other activists slept in beds together.",1.0,512,0,1747786505.7000678,2025-05-21T00:15:05.700073,0.22786623239517212,0.39083918929100037,Llama-3-8B-Q4,2025-05-21T09:06:43.970341
He was paid $80 and was taken by the two men to Millville and left.,1.0,512,1,1747786520.4966803,2025-05-21T00:15:20.496686,0.24700240790843964,0.39928704500198364,Llama-3-8B-Q4,2025-05-21T09:06:47.100383
"It's an invaluable quality for a person to have, whether they continue to dance or end up doing other things.",1.0,512,1,1747786548.9151232,2025-05-21T00:15:48.915128,0.24314545094966888,0.3936787247657776,Llama-3-8B-Q4,2025-05-21T09:06:47.431354
"The state ranges in elevation from sea level at Mobile Bay to more than  in the northeast, to Mount Cheaha at .",1.0,512,1,1747786577.0748057,2025-05-21T00:16:17.074811,0.25455939769744873,0.4094568192958832,Llama-3-8B-Q4,2025-05-21T09:06:47.866137
"The uneven heating of Earth from albedo variations between land, ice, or ocean surfaces can drive weather.",1.0,512,1,1747786605.9972908,2025-05-21T00:16:45.997295,0.24056001007556915,0.3898897171020508,Llama-3-8B-Q4,2025-05-21T09:06:48.189740
"This can take the form of disrupting and protesting against unjust hierarchy, or the form of self-managing their lives through the creation of counter-institutions such as communes and non-hierarchical collectives.",1.0,512,1,1747786634.418474,2025-05-21T00:17:14.418480,0.24855268001556396,0.4011346697807312,Llama-3-8B-Q4,2025-05-21T09:06:48.506683
"In the Alabama language, the word for a person of Alabama lineage is  (or variously  or  in different dialects; the plural form is ).",1.0,512,0,1747786535.0572052,2025-05-21T00:15:35.057210,0.22728611528873444,0.3890194594860077,Llama-3-8B-Q4,2025-05-21T09:06:51.928194
"Characteristics Autism is a highly variable neurodevelopmental disorder whose symptoms first appear during infancy or childhood, and generally follows a steady course without remission.",1.0,512,0,1747786563.2169755,2025-05-21T00:16:03.217002,0.23299765586853027,0.39713865518569946,Llama-3-8B-Q4,2025-05-21T09:06:52.336831
"Explain what this code does:
def function_85(x): return x * 2",1.0,512,0,1747786591.3947093,2025-05-21T00:16:31.394714,0.22915682196617126,0.39102646708488464,Llama-3-8B-Q4,2025-05-21T09:06:52.699999
That was when McNeight called the BCSO to report the robbery.,1.0,512,0,1747786620.4530613,2025-05-21T00:17:00.453072,0.2282075136899948,0.3908356726169586,Llama-3-8B-Q4,2025-05-21T09:06:53.081159
SEE: IT project management: 10 ways to stay under budget (free PDF) (TechRepublic) Congratulations You now have your Trac system up and running.,1.0,512,0,1747786648.8431263,2025-05-21T00:17:28.843131,0.22686997056007385,0.390033483505249,Llama-3-8B-Q4,2025-05-21T09:06:53.459440
"Birmingham also serves as the headquarters for several large investment management companies, including Harbert Management Corporation.",1.0,512,0,1747786678.9804635,2025-05-21T00:17:58.980469,0.23737949132919312,0.4037233889102936,Llama-3-8B-Q4,2025-05-21T09:06:56.734600
"Typographic variants  During Roman times, there were many variant forms of the letter ""A"".",1.0,512,0,1747786707.7211528,2025-05-21T00:18:27.721158,0.22613383829593658,0.3875046372413635,Llama-3-8B-Q4,2025-05-21T09:06:57.158009
"Societal and cultural aspects of autism have developed: some in the community seek a cure, while others believe that autism is simply another way of being.",1.0,512,0,1747786735.8864062,2025-05-21T00:18:55.886412,0.22463935613632202,0.3845806121826172,Llama-3-8B-Q4,2025-05-21T09:06:57.501213
"As seen by anarchists, squatting is a way to regain urban space from the capitalist market, serving pragmatical needs and also being an exemplary direct action.",1.0,512,0,1747786764.627537,2025-05-21T00:19:24.627542,0.22533977031707764,0.3846452534198761,Llama-3-8B-Q4,2025-05-21T09:06:57.814314
"The district's boundaries were roughly limited to the area within a few miles of the Tombigbee River and included portions of what is today southern Clarke County, northernmost Mobile County, and most of Washington County.",1.0,512,0,1747786793.760389,2025-05-21T00:19:53.760402,0.23004789650440216,0.3936767578125,Llama-3-8B-Q4,2025-05-21T09:06:58.129355
Many autistic people face significant obstacles in transitioning to adulthood.,1.0,512,1,1747786664.7559714,2025-05-21T00:17:44.755976,0.25330328941345215,0.4072171449661255,Llama-3-8B-Q4,2025-05-21T09:07:01.286652
An old T-shirt can be ripped into smaller pieces and used as rags. An empty milk jug can be used to water houseplants. Both of these are examples of how (Answer: D),1.0,512,1,1747786693.2754295,2025-05-21T00:18:13.275434,0.252427875995636,0.40653273463249207,Llama-3-8B-Q4,2025-05-21T09:07:01.628435
"Explain what this code does:
def function_22(x): return x * 2",1.0,512,1,1747786721.681911,2025-05-21T00:18:41.681916,0.2575966417789459,0.4142536520957947,Llama-3-8B-Q4,2025-05-21T09:07:02.046886
"It is not known whether treatment programs for children lead to significant improvements after the children grow up, and the limited research on the effectiveness of adult residential programs shows mixed results.",1.0,512,1,1747786750.1184602,2025-05-21T00:19:10.118466,0.2515113353729248,0.40505459904670715,Llama-3-8B-Q4,2025-05-21T09:07:02.462027
"Snow Snow albedo is highly variable, ranging from as high as 0.9 for freshly fallen snow, to about 0.4 for melting snow, and as low as 0.2 for dirty snow.",1.0,512,1,1747786779.7466896,2025-05-21T00:19:39.746703,0.25599655508995056,0.4118267595767975,Llama-3-8B-Q4,2025-05-21T09:07:02.835408
"Explain what this code does:
def function_8(x): return x * 2",1.0,512,0,1747786823.465789,2025-05-21T00:20:23.465794,0.2338750660419464,0.3994857966899872,Llama-3-8B-Q4,2025-05-21T09:07:05.918156
"Photo by Frederick Melton, Courtesy Dance Magazine Archives.",1.0,512,0,1747786851.8304684,2025-05-21T00:20:51.830481,0.23006939888000488,0.3933838903903961,Llama-3-8B-Q4,2025-05-21T09:07:06.319819
"According to the 2012 U.S. News & World Report, Alabama had four tier one universities (University of Alabama, Auburn University, University of Alabama at Birmingham and University of Alabama in Huntsville).",1.0,512,0,1747786880.0640056,2025-05-21T00:21:20.064016,0.2360561341047287,0.40253016352653503,Llama-3-8B-Q4,2025-05-21T09:07:06.652140
"But for this one season, they're sharing the stage together.",1.0,512,0,1747786908.4597313,2025-05-21T00:21:48.459741,0.22778943181037903,0.3897307515144348,Llama-3-8B-Q4,2025-05-21T09:07:07.048651
Willam Christensen (center) with his brothers Lew and Harold.,1.0,512,0,1747786936.947509,2025-05-21T00:22:16.947515,0.2198718786239624,0.37923410534858704,Llama-3-8B-Q4,2025-05-21T09:07:07.369804
The dismemberment of the French socialist movement into many groups and the execution and exile of many Communards to penal colonies following the suppression of the Paris Commune favoured individualist political expression and acts.,1.0,512,1,1747786808.7676852,2025-05-21T00:20:08.767694,0.24908338487148285,0.40223321318626404,Llama-3-8B-Q4,2025-05-21T09:07:10.646376
"The average albedo of the Earth from the upper atmosphere, its planetary albedo, is 30–35% because of cloud cover, but widely varies locally across the surface because of different geological and environmental features.",1.0,512,1,1747786837.3416448,2025-05-21T00:20:37.341658,0.2482457458972931,0.3996647298336029,Llama-3-8B-Q4,2025-05-21T09:07:11.050382
"It was formally recognized by the state legislature on January 25, 1844.",1.0,512,1,1747786865.8373163,2025-05-21T00:21:05.837322,0.2529599368572235,0.40749600529670715,Llama-3-8B-Q4,2025-05-21T09:07:11.372598
"Small-scale effects Albedo works on a smaller scale, too.",1.0,512,1,1747786894.1175585,2025-05-21T00:21:34.117564,0.2528619170188904,0.4076455235481262,Llama-3-8B-Q4,2025-05-21T09:07:11.760844
"Media  Major newspapers include Birmingham News, Mobile Press-Register, and Montgomery Advertiser.",1.0,512,1,1747786922.500655,2025-05-21T00:22:02.500660,0.25386542081832886,0.4088819622993469,Llama-3-8B-Q4,2025-05-21T09:07:12.065619
"In the 2000s, the number of autistic people worldwide was estimated at 1–2 per 1,000 people.",1.0,512,1,1747786951.6754713,2025-05-21T00:22:31.675482,0.25872358679771423,0.41606998443603516,Llama-3-8B-Q4,2025-05-21T09:07:15.330819
They held on to old representation to maintain political and economic power in agricultural areas.,1.0,512,1,1747786979.7683017,2025-05-21T00:22:59.768312,0.2448308765888214,0.3960540294647217,Llama-3-8B-Q4,2025-05-21T09:07:15.659790
"It offers degrees in performance, choreography and more.",1.0,512,1,1747787007.8363435,2025-05-21T00:23:27.836354,0.2540881633758545,0.40874478220939636,Llama-3-8B-Q4,2025-05-21T09:07:15.999273
"Explain what this code does:
def function_88(x): return x * 2",1.0,512,1,1747787035.9278805,2025-05-21T00:23:55.927885,0.2527633607387543,0.4071888029575348,Llama-3-8B-Q4,2025-05-21T09:07:16.521008
Michael learned that the movement of Earth in the solar system causes changes that can be seen on the planet. Which change could be seen on Earth in the time it takes Earth to rotate once on its axis? (Answer: A),1.0,512,1,1747787064.1323826,2025-05-21T00:24:24.132388,0.253727525472641,0.4086865484714508,Llama-3-8B-Q4,2025-05-21T09:07:16.892194
"Just as fresh snow has a higher albedo than does dirty snow, the albedo of snow-covered sea ice is far higher than that of sea water.",1.0,512,0,1747786966.1124809,2025-05-21T00:22:46.112491,0.23291046917438507,0.39703723788261414,Llama-3-8B-Q4,2025-05-21T09:07:20.113354
"Contemporary-era anarchists have been engaging with various grassroots movements that are more or less based on horizontalism, although not explicitly anarchist, respecting personal autonomy and participating in mass activism such as strikes and demonstrations.",1.0,512,0,1747786994.103957,2025-05-21T00:23:14.103962,0.2252078652381897,0.38601934909820557,Llama-3-8B-Q4,2025-05-21T09:07:20.490131
"From 1826 to 1846, Tuscaloosa served as Alabama's capital.",1.0,512,0,1747787022.204415,2025-05-21T00:23:42.204421,0.2398553192615509,0.40740275382995605,Llama-3-8B-Q4,2025-05-21T09:07:20.821129
"""People often have Post-it notes on monitors with passwords on them.""",1.0,512,0,1747787050.3621738,2025-05-21T00:24:10.362224,0.22598451375961304,0.3865499198436737,Llama-3-8B-Q4,2025-05-21T09:07:21.181438
"Anarchism has continued to generate many philosophies and movements, at times eclectic, drawing upon various sources and combining disparate concepts to create new philosophical approaches.",1.0,512,0,1747787078.693323,2025-05-21T00:24:38.693328,0.22685162723064423,0.38756245374679565,Llama-3-8B-Q4,2025-05-21T09:07:21.501364
"About three-fifths of the land area is part of the Gulf Coastal Plain, a gentle plain with a general descent towards the Mississippi River and the Gulf of Mexico.",1.0,512,1,1747787093.4070497,2025-05-21T00:24:53.407055,0.2611473798751831,0.41924455761909485,Llama-3-8B-Q4,2025-05-21T09:07:24.649680
The presence of autism can make it harder to diagnose coexisting psychiatric disorders such as depression.,1.0,512,1,1747787121.5338125,2025-05-21T00:25:21.533817,0.2606089115142822,0.41848525404930115,Llama-3-8B-Q4,2025-05-21T09:07:24.988892
"Jewish denominations in the state include two Orthodox, four Conservative, ten Reform, and one Humanistic synagogue.",1.0,512,1,1747787150.0991342,2025-05-21T00:25:50.099139,0.26017728447914124,0.4184499680995941,Llama-3-8B-Q4,2025-05-21T09:07:25.319215
"The team will be responsible for the day-to-day artistic needs of the company including scheduling, casting and conducting rehearsals.",1.0,512,1,1747787178.4414818,2025-05-21T00:26:18.441495,0.2590489387512207,0.41623133420944214,Llama-3-8B-Q4,2025-05-21T09:07:25.739832
WPA Guide to Alabama (1939).,1.0,512,1,1747787206.7684743,2025-05-21T00:26:46.768483,0.25419026613235474,0.40958237648010254,Llama-3-8B-Q4,2025-05-21T09:07:26.117833
"After both of the above commands, you'll be prompted to type (and confirm) a password.",1.0,512,0,1747787107.8686018,2025-05-21T00:25:07.868607,0.22627156972885132,0.387440025806427,Llama-3-8B-Q4,2025-05-21T09:07:29.316720
"The company wore new uniforms with yellow trim on the sleeves, collar and coattails.",1.0,512,0,1747787135.892839,2025-05-21T00:25:35.892843,0.21978354454040527,0.37725830078125,Llama-3-8B-Q4,2025-05-21T09:07:29.628302
"But Petipa fell ill while choreographing The Nutcracker and handed his duties over to his assistant, Lev Ivanov.",1.0,512,0,1747787164.4251301,2025-05-21T00:26:04.425136,0.23484258353710175,0.40015220642089844,Llama-3-8B-Q4,2025-05-21T09:07:29.988620
"I wanted to be someone that the young dancers could look up to; I wanted to reach out and connect to them more, and to offer support and advice.",1.0,512,0,1747787192.6639662,2025-05-21T00:26:32.663975,0.23255299031734467,0.3967621922492981,Llama-3-8B-Q4,2025-05-21T09:07:30.303947
Plug the device into your network (you'll need a Cat5 cable).,1.0,512,0,1747787221.8118553,2025-05-21T00:27:01.811866,0.2317480593919754,0.39650610089302063,Llama-3-8B-Q4,2025-05-21T09:07:30.609669
"Explain what this code does:
def function_99(x): return x * 2",1.0,512,0,1747787251.1026912,2025-05-21T00:27:31.102696,0.23429548740386963,0.3999060094356537,Llama-3-8B-Q4,2025-05-21T09:07:33.960921
The gravitational force exerted by an object depends on its (Answer: C),1.0,512,0,1747787279.2992067,2025-05-21T00:27:59.299211,0.2361329048871994,0.40294957160949707,Llama-3-8B-Q4,2025-05-21T09:07:34.457172
We had the chance to talk to the thoughtful and eloquent dancer about her time with the company and goals for the future.,1.0,512,0,1747787307.4478238,2025-05-21T00:28:27.447829,0.234529048204422,0.4012109339237213,Llama-3-8B-Q4,2025-05-21T09:07:34.791614
"Hoffmann, a German writer, penned the eerie and dark tale ""Nutcracker and Mouse King"" in 1816.",1.0,512,0,1747787335.6525276,2025-05-21T00:28:55.652542,0.2369401901960373,0.4039873778820038,Llama-3-8B-Q4,2025-05-21T09:07:35.107368
It is diagnosed four to five times more often in males than females.,1.0,512,0,1747787364.2752514,2025-05-21T00:29:24.275264,0.23439747095108032,0.40020933747291565,Llama-3-8B-Q4,2025-05-21T09:07:35.438162
Such a dark surface is thought to be indicative of a primitive and heavily space weathered surface containing some organic compounds.,1.0,512,1,1747787236.5931427,2025-05-21T00:27:16.593155,0.25482702255249023,0.4104321002960205,Llama-3-8B-Q4,2025-05-21T09:07:38.619972
The notion of free love was much broader and included a critique of the established order that limited women's sexual freedom and pleasure.,1.0,512,1,1747787264.8143184,2025-05-21T00:27:44.814324,0.2560662627220154,0.41149845719337463,Llama-3-8B-Q4,2025-05-21T09:07:39.048881
Scientists who disagree with the results of an experiment should (Answer: D),1.0,512,1,1747787293.2202604,2025-05-21T00:28:13.220265,0.25195664167404175,0.4062052071094513,Llama-3-8B-Q4,2025-05-21T09:07:39.438289
"Explain what this code does:
def function_91(x): return x * 2",1.0,512,1,1747787321.5232248,2025-05-21T00:28:41.523230,0.2594803273677826,0.417119562625885,Llama-3-8B-Q4,2025-05-21T09:07:39.771255
There has been a significant movement to rewrite and modernize Alabama's constitution.,1.0,512,1,1747787349.9812324,2025-05-21T00:29:09.981238,0.25611433386802673,0.411287397146225,Llama-3-8B-Q4,2025-05-21T09:07:40.091271
Click here to subscribe to the TechRepublic Cybersecurity Insider newsletter.,1.0,512,1,1747787379.2221255,2025-05-21T00:29:39.222131,0.25796574354171753,0.41451412439346313,Llama-3-8B-Q4,2025-05-21T09:07:43.242136
It was a notable feature of the international syndicalism movement.,1.0,512,1,1747787408.053636,2025-05-21T00:30:08.053641,0.2524711489677429,0.4082409143447876,Llama-3-8B-Q4,2025-05-21T09:07:43.565066
"""The kind of information that can be disclosed via email should be spelled out very clearly,"" he added.",1.0,512,1,1747787436.4313962,2025-05-21T00:30:36.431401,0.2554283142089844,0.4118095338344574,Llama-3-8B-Q4,2025-05-21T09:07:43.918589
"Explain what this code does:
def function_45(x): return x * 2",1.0,512,1,1747787464.8885415,2025-05-21T00:31:04.888547,0.2535950541496277,0.4079968333244324,Llama-3-8B-Q4,2025-05-21T09:07:44.327264
"Explain what this code does:
def function_60(x): return x * 2",1.0,512,1,1747787493.4806252,2025-05-21T00:31:33.480633,0.2554526925086975,0.4114612638950348,Llama-3-8B-Q4,2025-05-21T09:07:44.750740
"New engine technology has helped cars get more mileage per gallon of gas. Since gasoline comes from oil, this technology will affect the world supply of oil by (Answer: D)",1.0,512,0,1747787394.5229342,2025-05-21T00:29:54.522948,0.22738586366176605,0.38860151171684265,Llama-3-8B-Q4,2025-05-21T09:07:47.860501
A Literary History of Alabama: The Nineteenth Century (1979).,1.0,512,0,1747787422.5205185,2025-05-21T00:30:22.520529,0.23478466272354126,0.40082138776779175,Llama-3-8B-Q4,2025-05-21T09:07:48.177994
References  External links    1910s neologisms Articles containing video clips Communication disorders Neurological disorders in children Pervasive developmental disorders Wikipedia medicine articles ready to translate,1.0,512,0,1747787450.85146,2025-05-21T00:30:50.851466,0.23029309511184692,0.39505770802497864,Llama-3-8B-Q4,2025-05-21T09:07:48.525809
"The oldest institutions are the public University of North Alabama in Florence and the Catholic Church-affiliated Spring Hill College in Mobile, both founded in 1830.",1.0,512,0,1747787479.3815746,2025-05-21T00:31:19.381580,0.2396232634782791,0.4081096351146698,Llama-3-8B-Q4,2025-05-21T09:07:48.833719
"Similar to other former slave states, Alabamian legislators employed Jim Crow laws to disenfranchise and discriminate against African Americans from the late 19th century up until the 1960s.",1.0,512,0,1747787507.891775,2025-05-21T00:31:47.891780,0.23481474816799164,0.40063101053237915,Llama-3-8B-Q4,2025-05-21T09:07:49.180787
"As a result, preparation is intense.",1.0,512,1,1747787522.4901671,2025-05-21T00:32:02.490183,0.25413405895233154,0.40964171290397644,Llama-3-8B-Q4,2025-05-21T09:07:52.443485
Were you familiar with McLaren's work before this project?,1.0,512,1,1747787550.6054952,2025-05-21T00:32:30.605501,0.2615158259868622,0.41975197196006775,Llama-3-8B-Q4,2025-05-21T09:07:52.830184
Communication About one third to half of autistic people do not develop enough natural speech to meet their daily communication needs.,1.0,512,1,1747787578.9981987,2025-05-21T00:32:58.998214,0.2569834589958191,0.4132454991340637,Llama-3-8B-Q4,2025-05-21T09:07:53.236035
"Redmonk, in its latest Q1 2018 survey, says Java is the second-most popular language after JavaScript among developers.",1.0,512,1,1747787607.189512,2025-05-21T00:33:27.189517,0.250223308801651,0.40445229411125183,Llama-3-8B-Q4,2025-05-21T09:07:53.564142
"Over the next decade, the company toured the ballet extensively, exposing it to audiences nationwide.",1.0,512,1,1747787635.7248738,2025-05-21T00:33:55.724879,0.2572411596775055,0.41339558362960815,Llama-3-8B-Q4,2025-05-21T09:07:54.011462
"Evolutionary tactics embrace nonviolence, reject violence and take a gradual approach to anarchist aims, although there is significant overlap between the two.",1.0,512,0,1747787536.9977992,2025-05-21T00:32:16.997804,0.22445295751094818,0.3842078447341919,Llama-3-8B-Q4,2025-05-21T09:07:57.269315
"Explain what this code does:
def function_42(x): return x * 2",1.0,512,0,1747787564.8883357,2025-05-21T00:32:44.888341,0.23796720802783966,0.405508816242218,Llama-3-8B-Q4,2025-05-21T09:07:57.684074
"Two students are asked to make a chart on the electromagnetic spectrum. Reading left to right, one student's chart shows the spectrum from gamma rays to radio waves, while the other student's chart shows the opposite. If the teacher says that both charts are correct, then (Answer: B)",1.0,512,0,1747787593.2429488,2025-05-21T00:33:13.242955,0.22745172679424286,0.3891819417476654,Llama-3-8B-Q4,2025-05-21T09:07:58.038841
I was unable to login with that user.,1.0,512,0,1747787621.3982,2025-05-21T00:33:41.398206,0.2355366051197052,0.40214601159095764,Llama-3-8B-Q4,2025-05-21T09:07:58.371596
Other changes were made to implement representative state house and senate districts.,1.0,512,0,1747787650.0921195,2025-05-21T00:34:10.092125,0.22656306624412537,0.3875402510166168,Llama-3-8B-Q4,2025-05-21T09:07:58.700152
"Explain what this code does:
def function_17(x): return x * 2",1.0,512,1,1747787664.8964336,2025-05-21T00:34:24.896438,0.25894981622695923,0.41658419370651245,Llama-3-8B-Q4,2025-05-21T09:08:01.833864
Corn is widely being used in the United States to make ethanol for use in automobile fuel. How might the overproduction of corn negatively affect the environment? (Answer: A),1.0,512,1,1747787693.1356127,2025-05-21T00:34:53.135618,0.25687867403030396,0.4127068519592285,Llama-3-8B-Q4,2025-05-21T09:08:02.157119
Anarchy Archives is an online research center on the history and theory of anarchism.,1.0,512,1,1747787721.6412864,2025-05-21T00:35:21.641296,0.258362352848053,0.41429150104522705,Llama-3-8B-Q4,2025-05-21T09:08:02.560364
"Explain what this code does:
def function_39(x): return x * 2",1.0,512,1,1747787749.77305,2025-05-21T00:35:49.773059,0.2605227530002594,0.41860368847846985,Llama-3-8B-Q4,2025-05-21T09:08:02.920412
"Explain what this code does:
def function_27(x): return x * 2",1.0,512,1,1747787778.2032015,2025-05-21T00:36:18.203212,0.2534422278404236,0.4078423082828522,Llama-3-8B-Q4,2025-05-21T09:08:03.289126
Which of the following is a trait that a dog does NOT inherit from its parents? (Answer: C),1.0,512,0,1747787679.4437897,2025-05-21T00:34:39.443795,0.2326021045446396,0.3974957764148712,Llama-3-8B-Q4,2025-05-21T09:08:06.376952
Which planet has the longest planetary year? (Answer: D),1.0,512,0,1747787707.578841,2025-05-21T00:35:07.578853,0.2319479137659073,0.3965682089328766,Llama-3-8B-Q4,2025-05-21T09:08:06.738961
"Installation The installation isn't terribly challenging, but does require a bit of typing.",1.0,512,0,1747787735.7494748,2025-05-21T00:35:35.749488,0.23286114633083344,0.3977755904197693,Llama-3-8B-Q4,2025-05-21T09:08:07.053909
"In Reynolds v. Sims (1964), the U.S. Supreme Court implemented the principle of ""one man, one vote"", ruling that congressional districts had to be reapportioned based on censuses (as the state already included in its constitution but had not implemented.)",1.0,512,0,1747787764.091038,2025-05-21T00:36:04.091043,0.23011040687561035,0.39280077815055847,Llama-3-8B-Q4,2025-05-21T09:08:07.363225
"According to an article, failure to meet any of the following milestones ""is an absolute indication to proceed with further evaluations.",1.0,512,0,1747787792.59024,2025-05-21T00:36:32.590250,0.22928988933563232,0.39258602261543274,Llama-3-8B-Q4,2025-05-21T09:08:07.730075
An open Java The one thing everyone agrees about Java is that it's imperfect.,1.0,512,0,1747787821.793788,2025-05-21T00:37:01.793800,0.2226404994726181,0.38259953260421753,Llama-3-8B-Q4,2025-05-21T09:08:11.066871
"Franklin wants to know how fast he runs different distances. He uses a stopwatch to measure the time it takes him to complete a 50-meter, 100-meter, and 200-meter race. How can he calculate his speed for each race? (Answer: B)",1.0,512,0,1747787851.152193,2025-05-21T00:37:31.152204,0.22653408348560333,0.3875642418861389,Llama-3-8B-Q4,2025-05-21T09:08:11.484347
"The record low of  occurred on January 30, 1966, in New Market.",1.0,512,0,1747787879.9123359,2025-05-21T00:37:59.912346,0.2368263602256775,0.4045657515525818,Llama-3-8B-Q4,2025-05-21T09:08:11.841866
"A 2016 survey in the United States reported a rate of 25 per 1,000 children for ASD.",1.0,512,0,1747787908.5631905,2025-05-21T00:38:28.563197,0.22885628044605255,0.3912862241268158,Llama-3-8B-Q4,2025-05-21T09:08:12.186180
"Explain what this code does:
def function_47(x): return x * 2",1.0,512,0,1747787937.3121986,2025-05-21T00:38:57.312204,0.23554152250289917,0.40239477157592773,Llama-3-8B-Q4,2025-05-21T09:08:12.492277
Belief in political nihilism has been espoused by anarchists.,1.0,512,1,1747787807.3583732,2025-05-21T00:36:47.358382,0.25623929500579834,0.41179537773132324,Llama-3-8B-Q4,2025-05-21T09:08:15.802381
"Anarchists reject this criticism because challenging or disobeying authority does not entail the disappearance of its advantages by acknowledging authority such as doctors or lawyers as reliable, nor does it involve a complete surrender of independent judgment.",1.0,512,1,1747787835.6569963,2025-05-21T00:37:15.657001,0.2395116537809372,0.3873511552810669,Llama-3-8B-Q4,2025-05-21T09:08:16.126470
"Most professionals believe that race, ethnicity, and socioeconomic background do not affect the occurrence of autism.",1.0,512,1,1747787864.8593218,2025-05-21T00:37:44.859327,0.2564597427845001,0.4124244749546051,Llama-3-8B-Q4,2025-05-21T09:08:16.461040
"In response to their expulsion from the First International, anarchists formed the St. Imier International.",1.0,512,1,1747787894.0029519,2025-05-21T00:38:14.002957,0.2566032409667969,0.4122719168663025,Llama-3-8B-Q4,2025-05-21T09:08:16.769242
"Although initially not forthcoming about the true circumstances surrounding the robbery, McNeight eventually told investigators how he got the money.",1.0,512,1,1747787922.6008165,2025-05-21T00:38:42.600827,0.25120484828948975,0.40462565422058105,Llama-3-8B-Q4,2025-05-21T09:08:17.090574
"While it advocates for no-one to archiei, if accepted by the many, then anarchism would turn into the ruling political theory.",1.0,512,0,1747787966.8800597,2025-05-21T00:39:26.880069,0.21182584762573242,0.36627212166786194,Llama-3-8B-Q4,2025-05-21T09:08:20.137767
"Anarchism employs a diversity of tactics in order to meet its ideal ends which can be broadly separated into revolutionary and evolutionary tactics; there is significant overlap between the two, which are merely descriptive.",1.0,512,0,1747787994.9322085,2025-05-21T00:39:54.932218,0.22336678206920624,0.38171151280403137,Llama-3-8B-Q4,2025-05-21T09:08:20.516427
"The Internet has helped autistic individuals bypass nonverbal cues and emotional sharing that they find difficult to deal with, and has given them a way to form online communities and work remotely.",1.0,512,0,1747788023.3668396,2025-05-21T00:40:23.366849,0.22756068408489227,0.38802337646484375,Llama-3-8B-Q4,2025-05-21T09:08:20.927665
Alabama ranks ninth in the number of deaths from lightning and tenth in the number of deaths from lightning strikes per capita.,1.0,512,0,1747788051.6475866,2025-05-21T00:40:51.647595,0.23637497425079346,0.40290412306785583,Llama-3-8B-Q4,2025-05-21T09:08:21.320141
A company is designing a new laptop computer. The computer must not exceed a certain weight. Which of the following is the most likely reason to have a weight restriction for the computer? (Answer: C),1.0,512,0,1747788080.4989297,2025-05-21T00:41:20.498935,0.22682496905326843,0.38680654764175415,Llama-3-8B-Q4,2025-05-21T09:08:21.739410
"Through this new Jakarta EE Working Group process, we should see big Java EE vendors like IBM, Red Hat, and Oracle working within the open processes of the Eclipse Foundation with smaller vendors like Tomitribe and Payara.",1.0,512,1,1747787952.3779163,2025-05-21T00:39:12.377922,0.2535874843597412,0.40819424390792847,Llama-3-8B-Q4,2025-05-21T09:08:24.842765
"That being the case, what do you do?",1.0,512,1,1747787980.6125286,2025-05-21T00:39:40.612533,0.25095608830451965,0.405010461807251,Llama-3-8B-Q4,2025-05-21T09:08:25.214193
"Tokyo was a hotspot for rebellious youth from countries of the far east, travelling to the Japanese capital to study.",1.0,512,1,1747788009.0449681,2025-05-21T00:40:09.044974,0.24411942064762115,0.39472806453704834,Llama-3-8B-Q4,2025-05-21T09:08:25.520445
Subscribe Also see,1.0,512,1,1747788037.182685,2025-05-21T00:40:37.182690,0.25583574175834656,0.41264230012893677,Llama-3-8B-Q4,2025-05-21T09:08:25.970932
"Now click on the Repositories entry in the left navigation, click the Create button, give the repository a name, and click Submit.",1.0,512,1,1747788066.0974586,2025-05-21T00:41:06.097468,0.2600231468677521,0.41705700755119324,Llama-3-8B-Q4,2025-05-21T09:08:26.324932
"Trac can be used as a wiki, a project management system, and for tracking bugs in software development.",1.0,512,1,1747788095.2991946,2025-05-21T00:41:35.299203,0.25163641571998596,0.4056028127670288,Llama-3-8B-Q4,2025-05-21T09:08:29.624615
"Minorities usually accept rough consensus, except when they feel the proposal contradicts anarchist ethics, goals and values.",1.0,512,1,1747788123.571328,2025-05-21T00:42:03.571336,0.2422790378332138,0.39172959327697754,Llama-3-8B-Q4,2025-05-21T09:08:30.101946
"The scattering of radiation causes atmospheric cooling, whereas absorption can cause atmospheric warming.",1.0,512,1,1747788151.7838821,2025-05-21T00:42:31.783887,0.2558724284172058,0.4115694463253021,Llama-3-8B-Q4,2025-05-21T09:08:30.480735
"Organized insurgent, resistance groups tried to suppress the freedmen and Republicans.",1.0,512,1,1747788180.5350049,2025-05-21T00:43:00.535015,0.24986574053764343,0.4042733609676361,Llama-3-8B-Q4,2025-05-21T09:08:30.791609
"Photo by Alexander Iziliaev, Courtesy Nevada Ballet Theatre.",1.0,512,1,1747788209.342169,2025-05-21T00:43:29.342184,0.24792534112930298,0.401165246963501,Llama-3-8B-Q4,2025-05-21T09:08:31.147160
"Explain what this code does:
def function_86(x): return x * 2",1.0,512,0,1747788109.8456929,2025-05-21T00:41:49.845704,0.23346510529518127,0.39855849742889404,Llama-3-8B-Q4,2025-05-21T09:08:34.406563
"Sleep problems are associated with difficult behaviors and family stress, and are often a focus of clinical attention over and above the primary ASD diagnosis.",1.0,512,0,1747788138.0493593,2025-05-21T00:42:18.049364,0.23008927702903748,0.3931041955947876,Llama-3-8B-Q4,2025-05-21T09:08:34.734261
"Due to measurement constraints, it is often given for the spectrum in which most solar energy reaches the surface (between 0.3 and 3 μm).",1.0,512,0,1747788166.6835191,2025-05-21T00:42:46.683532,0.22855627536773682,0.3903737962245941,Llama-3-8B-Q4,2025-05-21T09:08:35.059001
"Explain what this code does:
def function_73(x): return x * 2",1.0,512,0,1747788194.828493,2025-05-21T00:43:14.828506,0.23129135370254517,0.39488816261291504,Llama-3-8B-Q4,2025-05-21T09:08:35.413950
One example of this massive influx of workers occurred in Mobile.,1.0,512,0,1747788223.7936308,2025-05-21T00:43:43.793645,0.22941724956035614,0.39203813672065735,Llama-3-8B-Q4,2025-05-21T09:08:35.747752
"Explain what this code does:
def function_95(x): return x * 2",1.0,512,0,1747788253.358993,2025-05-21T00:44:13.358999,0.23033744096755981,0.39368385076522827,Llama-3-8B-Q4,2025-05-21T09:08:38.893824
"Explain what this code does:
def function_63(x): return x * 2",1.0,512,0,1747788281.7162845,2025-05-21T00:44:41.716294,0.22523373365402222,0.3846256732940674,Llama-3-8B-Q4,2025-05-21T09:08:39.234113
"Because the behavior spectrum is continuous, boundaries between diagnostic categories are necessarily somewhat arbitrary.",1.0,512,0,1747788309.987343,2025-05-21T00:45:09.987353,0.2265407294034958,0.3882230222225189,Llama-3-8B-Q4,2025-05-21T09:08:39.549185
Stars are often classified by their apparent brightness in the nighttime sky. Stars can also be classified in many other ways. Which of these is least useful in classifying stars? (Answer: C),1.0,512,0,1747788338.8622327,2025-05-21T00:45:38.862242,0.23265886306762695,0.39656776189804077,Llama-3-8B-Q4,2025-05-21T09:08:39.921423
"Behavioral, psychological, education, and/or skill-building interventions may be used to assist autistic people to learn life skills necessary for living independently, as well as other social, communication, and language skills.",1.0,512,0,1747788367.730878,2025-05-21T00:46:07.730889,0.22986982762813568,0.3923321068286896,Llama-3-8B-Q4,2025-05-21T09:08:40.266499
This did not change until the late 1960s following a lawsuit and court order.,1.0,512,1,1747788238.6536329,2025-05-21T00:43:58.653638,0.2515888810157776,0.4057369828224182,Llama-3-8B-Q4,2025-05-21T09:08:43.331323
"Germarco Johnson was charged with Robbery with a Firearm, Counterfeiting of an Instrument with Intent to Defraud (two counts), Principal/Accessory to Uttering a False Bank Bill (two counts), and Larceny $300 or more but less than $5000 (two counts).",1.0,512,1,1747788267.5718415,2025-05-21T00:44:27.571851,0.2495957911014557,0.404354065656662,Llama-3-8B-Q4,2025-05-21T09:08:43.641314
"The area of Alabama and Mississippi most affected by tornadoes is sometimes referred to as Dixie Alley, as distinct from the Tornado Alley of the Southern Plains.",1.0,512,1,1747788295.9031882,2025-05-21T00:44:55.903193,0.25875142216682434,0.41625338792800903,Llama-3-8B-Q4,2025-05-21T09:08:44.045468
Native American groups within the state had increasingly been demanding recognition as ethnic groups and seeking an end to discrimination.,1.0,512,1,1747788324.3270624,2025-05-21T00:45:24.327070,0.2522403299808502,0.4069726765155792,Llama-3-8B-Q4,2025-05-21T09:08:44.463632
The appropriateness of including children with varying severity of autism spectrum disorders in the general education population is a subject of current debate among educators and researchers.,1.0,512,1,1747788352.8635588,2025-05-21T00:45:52.863564,0.26220160722732544,0.4211103916168213,Llama-3-8B-Q4,2025-05-21T09:08:44.880101
"Rail  For rail transport, Amtrak schedules the Crescent, a daily passenger train, running from New York to New Orleans with station stops at Anniston, Birmingham, and Tuscaloosa.",1.0,512,1,1747788383.4753554,2025-05-21T00:46:23.475359,0.2621507942676544,0.4221161901950836,Llama-3-8B-Q4,2025-05-21T09:08:47.970794
Mutualism has been retrospectively characterised as ideologically situated between individualist and collectivist forms of anarchism.,1.0,512,1,1747788412.201316,2025-05-21T00:46:52.201329,0.2618427276611328,0.42109009623527527,Llama-3-8B-Q4,2025-05-21T09:08:48.383146
The assembly plant is the company's first factory to be built within the United States.,1.0,512,1,1747788440.6085663,2025-05-21T00:47:20.608576,0.2572686970233917,0.4141979515552521,Llama-3-8B-Q4,2025-05-21T09:08:48.776362
"Explain what this code does:
def function_37(x): return x * 2",1.0,512,1,1747788468.893736,2025-05-21T00:47:48.893741,0.2641843259334564,0.4248295724391937,Llama-3-8B-Q4,2025-05-21T09:08:49.175652
"Explain what this code does:
def function_67(x): return x * 2",1.0,512,1,1747788497.7099898,2025-05-21T00:48:17.710000,0.2623065412044525,0.4218849837779999,Llama-3-8B-Q4,2025-05-21T09:08:49.493488
"In a studio rehearsal for La Bayadère, Act II, no understudies are present, and any imperfection is pointed out by one of four coaches at the front of the room.",1.0,512,0,1747788398.1259854,2025-05-21T00:46:38.125994,0.22310739755630493,0.38174232840538025,Llama-3-8B-Q4,2025-05-21T09:08:52.827308
A long tradition of Spanish anarchism led to anarchists playing a pivotal role in the war.,1.0,512,0,1747788426.7240355,2025-05-21T00:47:06.724052,0.22799652814865112,0.3898783028125763,Llama-3-8B-Q4,2025-05-21T09:08:53.166286
Various anarchist schools of thought formed during this period.,1.0,512,0,1747788454.829539,2025-05-21T00:47:34.829552,0.2330240160226822,0.3972949683666229,Llama-3-8B-Q4,2025-05-21T09:08:53.488481
South Alabama reports many thunderstorms.,1.0,512,0,1747788483.2531905,2025-05-21T00:48:03.253196,0.22848866879940033,0.3908082842826843,Llama-3-8B-Q4,2025-05-21T09:08:53.952119
"Alabama's highest temperature of  was recorded on September 5, 1925, in the unincorporated community of Centerville.",1.0,512,0,1747788512.1538873,2025-05-21T00:48:32.153892,0.23376616835594177,0.39978376030921936,Llama-3-8B-Q4,2025-05-21T09:08:54.281850
BDRF can facilitate translations of observations of reflectance into albedo.,1.0,512,1,1747788528.4045377,2025-05-21T00:48:48.404546,0.25355300307273865,0.4103933572769165,Llama-3-8B-Q4,2025-05-21T09:08:57.460726
Robert had just finished his documentary and has a really deep understanding of this kind of Canadian culture.,1.0,512,1,1747788556.470006,2025-05-21T00:49:16.470011,0.25573134422302246,0.4118785262107849,Llama-3-8B-Q4,2025-05-21T09:08:57.767720
"Explain what this code does:
def function_32(x): return x * 2",1.0,512,1,1747788584.813434,2025-05-21T00:49:44.813439,0.25558358430862427,0.4117942154407501,Llama-3-8B-Q4,2025-05-21T09:08:58.083263
"Explain what this code does:
def function_79(x): return x * 2",1.0,512,1,1747788613.4991395,2025-05-21T00:50:13.499148,0.26200246810913086,0.4211929142475128,Llama-3-8B-Q4,2025-05-21T09:08:58.431534
"Explain what this code does:
def function_1(x): return x * 2",1.0,512,1,1747788643.4537494,2025-05-21T00:50:43.453763,0.2655576765537262,0.4261496365070343,Llama-3-8B-Q4,2025-05-21T09:08:58.760947
Which conclusion is best supported by a tree-growth ring that is much narrower than the other growth rings? (Answer: B),1.0,512,0,1747788543.1011188,2025-05-21T00:49:03.101124,0.2290647029876709,0.39231398701667786,Llama-3-8B-Q4,2025-05-21T09:09:01.899977
"According to Fullington, Pavel Gerdt, the dancer who created the role, was likely too old to dance the variation himself.",1.0,512,0,1747788570.8378534,2025-05-21T00:49:30.837859,0.22706331312656403,0.38738828897476196,Llama-3-8B-Q4,2025-05-21T09:09:02.233062
There's a surprising twist to Regina Willoughby's last season with Columbia City Ballet: It's also her 18-year-old daughter Melina's first season with the company.,1.0,512,0,1747788599.306071,2025-05-21T00:49:59.306085,0.22944959998130798,0.39369091391563416,Llama-3-8B-Q4,2025-05-21T09:09:02.600589
"Also Robbins' Dances at a Gathering... there are so many, it's hard to choose!",1.0,512,0,1747788627.5719345,2025-05-21T00:50:27.571948,0.21925777196884155,0.3787838816642761,Llama-3-8B-Q4,2025-05-21T09:09:03.019715
"Friedrich Engels, considered to be one of the principal founders of Marxism, criticised anarchism's anti-authoritarianism as inherently counter-revolutionary because in his view a revolution is by itself authoritarian.",1.0,512,0,1747788657.588752,2025-05-21T00:50:57.588757,0.2247306853532791,0.38352978229522705,Llama-3-8B-Q4,2025-05-21T09:09:03.423400
"Companies that fail to comply with GDPR will face a penalty of either 4% of their global revenue or €20 million, whichever is greater.",1.0,512,1,1747788672.361862,2025-05-21T00:51:12.361871,0.2665829658508301,0.4269305169582367,Llama-3-8B-Q4,2025-05-21T09:09:06.523534
As I was getting older the company all of a sudden started to seem younger and younger.,1.0,512,1,1747788700.719393,2025-05-21T00:51:40.719407,0.25294387340545654,0.40809616446495056,Llama-3-8B-Q4,2025-05-21T09:09:06.862525
"Humans lived in societies without formal hierarchies long before the establishment of formal states, realms, or empires.",1.0,512,1,1747788729.1010273,2025-05-21T00:52:09.101040,0.260132759809494,0.41770225763320923,Llama-3-8B-Q4,2025-05-21T09:09:07.249920
"It was created in collaboration by NBoC principal dancer and choreographic associate Guillaume Côté and film and stage director Robert Lepage, who is making his NBoC debut.",1.0,512,1,1747788757.637045,2025-05-21T00:52:37.637058,0.25079187750816345,0.4049890637397766,Llama-3-8B-Q4,2025-05-21T09:09:07.590154
"In 2010, Republicans took large majorities of both chambers of the state legislature, giving them control of that body for the first time in 136 years.",1.0,512,1,1747788786.116547,2025-05-21T00:53:06.116551,0.26094967126846313,0.4182725250720978,Llama-3-8B-Q4,2025-05-21T09:09:07.906741
This had caused decades of underinvestment in such areas.,1.0,512,0,1747788686.9815435,2025-05-21T00:51:26.981548,0.22411416471004486,0.38384220004081726,Llama-3-8B-Q4,2025-05-21T09:09:11.131473
The principle of equal liberty is closer to anarchist political ethics in that it transcends both the liberal and socialist traditions.,1.0,512,0,1747788714.9634545,2025-05-21T00:51:54.963459,0.22683213651180267,0.38752761483192444,Llama-3-8B-Q4,2025-05-21T09:09:11.441342
"This compared to more than 181,000 African Americans eligible to vote in 1900.",1.0,512,0,1747788743.5655532,2025-05-21T00:52:23.565558,0.23060242831707,0.3935031294822693,Llama-3-8B-Q4,2025-05-21T09:09:11.887169
"If Earth were frozen entirely (and hence be more reflective), the average temperature of the planet would drop below .",1.0,512,0,1747788771.7388566,2025-05-21T00:52:51.738861,0.22317174077033997,0.3811200261116028,Llama-3-8B-Q4,2025-05-21T09:09:12.209648
"Alabama's capital is Montgomery, and its largest city by population and area is Huntsville.",1.0,512,0,1747788800.6459558,2025-05-21T00:53:20.645961,0.2317858636379242,0.3959992229938507,Llama-3-8B-Q4,2025-05-21T09:09:12.528792
"Fortunately there's a solution, one that's incredibly simple.",1.0,512,0,1747788830.2239995,2025-05-21T00:53:50.224004,0.22910624742507935,0.3917457163333893,Llama-3-8B-Q4,2025-05-21T09:09:15.744865
Which of the following is an observation about grasshoppers that a science class could have made on their nature walk? (Answer: B),1.0,512,0,1747788858.2511322,2025-05-21T00:54:18.251137,0.22743020951747894,0.38830745220184326,Llama-3-8B-Q4,2025-05-21T09:09:16.063406
"The state had 108,000 foreign-born (2.4% of the state population), of which an estimated 22.2% were undocumented (24,000).",1.0,512,0,1747788886.4246807,2025-05-21T00:54:46.424685,0.22422058880329132,0.385034441947937,Llama-3-8B-Q4,2025-05-21T09:09:16.377046
"During the second half of the 20th century, anarchism intermingled with the second wave of feminism, radicalising some currents of the feminist movement and being influenced as well.",1.0,512,0,1747788914.5167217,2025-05-21T00:55:14.516727,0.2325422167778015,0.3964673578739166,Llama-3-8B-Q4,2025-05-21T09:09:16.691733
Which statement describes a harmful effect of clearing rainforests for farmland? (Answer: B),1.0,512,0,1747788943.1227162,2025-05-21T00:55:43.122721,0.2281447798013687,0.3908928334712982,Llama-3-8B-Q4,2025-05-21T09:09:17.012651
"Services should be carried out by behavior analysts, special education teachers, speech pathologists, and licensed psychologists.",1.0,512,1,1747788815.4663453,2025-05-21T00:53:35.466353,0.25884756445884705,0.41615065932273865,Llama-3-8B-Q4,2025-05-21T09:09:20.033317
"These signs often develop gradually, though some autistic children experience regression in their communication and social skills after reaching developmental milestones at a normal pace.",1.0,512,1,1747788843.9221292,2025-05-21T00:54:03.922134,0.2596079111099243,0.416613906621933,Llama-3-8B-Q4,2025-05-21T09:09:20.347145
"Elections  In a 2020 study, Alabama was ranked as the 12th most difficult state for citizens to vote.",1.0,512,1,1747788872.2082496,2025-05-21T00:54:32.208255,0.2580482065677643,0.4149739742279053,Llama-3-8B-Q4,2025-05-21T09:09:20.715083
"During this time, a minority of anarchists adopted tactics of revolutionary political violence.",1.0,512,1,1747788900.3846092,2025-05-21T00:55:00.384615,0.2606715261936188,0.41884371638298035,Llama-3-8B-Q4,2025-05-21T09:09:21.128835
Which statement is an observation? (Answer: A),1.0,512,1,1747788928.8185623,2025-05-21T00:55:28.818568,0.2611517906188965,0.4200442433357239,Llama-3-8B-Q4,2025-05-21T09:09:21.536061
"I won't have to worry about that so much now, and I can spend my day off roaming around and being inspired.",1.0,512,0,1747788972.8607113,2025-05-21T00:56:12.860716,0.2262767106294632,0.38732361793518066,Llama-3-8B-Q4,2025-05-21T09:09:24.595920
Alabama is one of the few places in the world that has a secondary tornado season in November and December besides the typically severe spring.,1.0,512,0,1747789000.9276147,2025-05-21T00:56:40.927620,0.2279355525970459,0.3899080455303192,Llama-3-8B-Q4,2025-05-21T09:09:24.909677
"Depending on how you count, some 14 million Java programmers code today, with many of them paid well to maintain massive enterprise applications (an estimated 80% of enterprise workloads run on Java).",1.0,512,0,1747789029.2876115,2025-05-21T00:57:09.287617,0.21724766492843628,0.37135618925094604,Llama-3-8B-Q4,2025-05-21T09:09:25.331121
"Other aspects, such as atypical eating, are also common but are not essential for diagnosis.",1.0,512,0,1747789058.0388517,2025-05-21T00:57:38.038857,0.22417710721492767,0.3837696313858032,Llama-3-8B-Q4,2025-05-21T09:09:25.754004
The oldest Jewish congregation in the state is Congregation Sha'arai Shomayim in Mobile.,1.0,512,0,1747789086.7338371,2025-05-21T00:58:06.733842,0.23423416912555695,0.3992723822593689,Llama-3-8B-Q4,2025-05-21T09:09:26.157880
"Explain what this code does:
def function_34(x): return x * 2",1.0,512,1,1747788958.0657544,2025-05-21T00:55:58.065760,0.2578689157962799,0.41481849551200867,Llama-3-8B-Q4,2025-05-21T09:09:29.460963
"The heart, blood vessels, kidneys, and bladder working together are best described as (Answer: D)",1.0,512,1,1747788986.5384102,2025-05-21T00:56:26.538415,0.2566598057746887,0.413669615983963,Llama-3-8B-Q4,2025-05-21T09:09:29.886442
"For tips on how to best train employees on cybersecurity practices, click here.",1.0,512,1,1747789014.897388,2025-05-21T00:56:54.897393,0.26060810685157776,0.4182359278202057,Llama-3-8B-Q4,2025-05-21T09:09:30.206395
"Explain what this code does:
def function_41(x): return x * 2",1.0,512,1,1747789043.3234448,2025-05-21T00:57:23.323450,0.25500839948654175,0.4110325276851654,Llama-3-8B-Q4,2025-05-21T09:09:30.520531
"Compulsive behaviors: Time-consuming behaviors intended to reduce the anxiety that an individual feels compelled to perform repeatedly or according to rigid rules, such as placing objects in a specific order, checking things, or handwashing.",1.0,512,1,1747789072.4806933,2025-05-21T00:57:52.480699,0.254491925239563,0.40996113419532776,Llama-3-8B-Q4,2025-05-21T09:09:30.930017
"""I'd say compliance right now is only at about 35% or 40% at the most,"" he said.",1.0,512,1,1747789101.3503265,2025-05-21T00:58:21.350332,0.25350674986839294,0.40816470980644226,Llama-3-8B-Q4,2025-05-21T09:09:34.245746
"Interest in the anarchist movement developed alongside momentum in the anti-globalisation movement, whose leading activist networks were anarchist in orientation.",1.0,512,1,1747789129.8775504,2025-05-21T00:58:49.877555,0.25190088152885437,0.40678849816322327,Llama-3-8B-Q4,2025-05-21T09:09:34.594155
"Dancers also contribute to the narration with spoken text, including imagery of young love and a dose of humor.",1.0,512,1,1747789159.098234,2025-05-21T00:59:19.098247,0.2443152517080307,0.39671802520751953,Llama-3-8B-Q4,2025-05-21T09:09:34.934301
"A ""widow's peak"" hairline in humans is coded by the dominant allele W. A straight hairline is coded by the recessive allele w. A man with a homozygous dominant WW produces a zygote with a woman with a heterozygous dominant Ww for the trait. Which allele combinations could occur in the zygote? (Answer: B)",1.0,512,1,1747789187.877236,2025-05-21T00:59:47.877245,0.24600176513195038,0.3982493281364441,Llama-3-8B-Q4,2025-05-21T09:09:35.382548
"Now, however, they will have to provide the data within one month of receiving the request.",1.0,512,1,1747789216.4079628,2025-05-21T01:00:16.407971,0.2543271780014038,0.4087977111339569,Llama-3-8B-Q4,2025-05-21T09:09:35.710883
Data in tables may also be presented in graphs. Which type of data would best be displayed on a circle graph? (Answer: D),1.0,512,0,1747789115.856486,2025-05-21T00:58:35.856491,0.22329926490783691,0.3819665312767029,Llama-3-8B-Q4,2025-05-21T09:09:38.864703
"Even though many anarchists distanced themselves from these terrorist acts, infamy came upon the movement and attempts were made to exclude them from American immigration, including the Immigration Act of 1903, also called the Anarchist Exclusion Act.",1.0,512,0,1747789144.1372418,2025-05-21T00:59:04.137247,0.22856704890727997,0.3902723491191864,Llama-3-8B-Q4,2025-05-21T09:09:39.255422
"Albedo–temperature feedback When an area's albedo changes due to snowfall, a snow–temperature feedback results.",1.0,512,0,1747789173.2076137,2025-05-21T00:59:33.207626,0.22543250024318695,0.3857249319553375,Llama-3-8B-Q4,2025-05-21T09:09:39.670758
"The piece features a commissioned score by Swedish composer Mikael Karlsson, which will be performed onstage by singer Anna von Hausswolff.",1.0,512,0,1747789201.8928356,2025-05-21T01:00:01.892841,0.22457855939865112,0.3855665624141693,Llama-3-8B-Q4,2025-05-21T09:09:40.094724
A Typical Day Students begin their days with an early 8 am technique class.,1.0,512,0,1747789231.259024,2025-05-21T01:00:31.259029,0.2271030843257904,0.38875851035118103,Llama-3-8B-Q4,2025-05-21T09:09:40.465974
"In addition, there are currently five auxiliary interstate routes in the state: I-165 in Mobile, I-359 in Tuscaloosa, I-459 around Birmingham, I-565 in Decatur and Huntsville, and I-759 in Gadsden.",1.0,512,0,1747789260.5773432,2025-05-21T01:01:00.577348,0.23764130473136902,0.40520623326301575,Llama-3-8B-Q4,2025-05-21T09:09:43.520917
"If a new moon occurred on June 2, when will the next new moon occur? (Answer: A)",1.0,512,0,1747789288.9569247,2025-05-21T01:01:28.956938,0.23211611807346344,0.39668118953704834,Llama-3-8B-Q4,2025-05-21T09:09:43.839692
The city was moved to the current site of Mobile in 1711.,1.0,512,0,1747789317.0366807,2025-05-21T01:01:57.036686,0.23707742989063263,0.4042041301727295,Llama-3-8B-Q4,2025-05-21T09:09:44.198977
"Also, the Black Belt region across central Alabama ""is home to largely poor counties that are predominantly African-American.",1.0,512,0,1747789345.7106955,2025-05-21T01:02:25.710709,0.22483877837657928,0.3867994546890259,Llama-3-8B-Q4,2025-05-21T09:09:44.537010
The decision-making process of small anarchist affinity groups plays a significant tactical role.,1.0,512,0,1747789374.612147,2025-05-21T01:02:54.612160,0.2315322309732437,0.3952524662017822,Llama-3-8B-Q4,2025-05-21T09:09:44.928317
"They mostly engage in confronting the police during demonstrations and riots, especially in countries such as Canada, Greece, and Mexico.",1.0,512,1,1747789245.9688733,2025-05-21T01:00:45.968879,0.24765074253082275,0.40054914355278015,Llama-3-8B-Q4,2025-05-21T09:09:48.199968
"If successful, the XR1 chip could improve technologies found in modern smart glasses, and make VR and AR more affordable to get into for smaller companies.",1.0,512,1,1747789274.5422773,2025-05-21T01:01:14.542282,0.24875956773757935,0.40051525831222534,Llama-3-8B-Q4,2025-05-21T09:09:48.586847
"Joint attention seems to be necessary for functional speech, and deficits in joint attention seem to distinguish infants with ASD.",1.0,512,1,1747789302.7649853,2025-05-21T01:01:42.764999,0.25693589448928833,0.41240474581718445,Llama-3-8B-Q4,2025-05-21T09:09:48.901178
"In November the company will reference Kaiser's Balanchine roots with a program titled Classic Americana featuring Serenade and Western Symphony, as well Paul Taylor's Company B.",1.0,512,1,1747789331.33292,2025-05-21T01:02:11.332930,0.24535439908504486,0.3965914845466614,Llama-3-8B-Q4,2025-05-21T09:09:49.311194
"Explain what this code does:
def function_54(x): return x * 2",1.0,512,1,1747789360.1352167,2025-05-21T01:02:40.135222,0.2598092555999756,0.4177379906177521,Llama-3-8B-Q4,2025-05-21T09:09:49.628661
Which of following is a property shared by the elements in the carbon family? (Answer: D),1.0,512,0,1747789404.014079,2025-05-21T01:03:24.014089,0.22915542125701904,0.3918362855911255,Llama-3-8B-Q4,2025-05-21T09:09:52.895740
An engineer measured the time it takes sound to travel through samples of different materials. All of the samples were identical in shape and size. The measurements were made using ultrasonic waves with a frequency of 5 megahertz. Which question was the engineer most likely trying to answer? (Answer: A),1.0,512,0,1747789432.0865517,2025-05-21T01:03:52.086566,0.23292580246925354,0.3967832028865814,Llama-3-8B-Q4,2025-05-21T09:09:53.220550
"Johnathon Johnson put McNeight in a choke hold, and they threatened McNeight with the tire iron, and took the money, his wallet, and his cell phone.",1.0,512,0,1747789460.497334,2025-05-21T01:04:20.497348,0.22461648285388947,0.38499173521995544,Llama-3-8B-Q4,2025-05-21T09:09:53.545391
Deeply shadowed cavities can achieve an effective albedo approaching the zero of a black body.,1.0,512,0,1747789488.8025105,2025-05-21T01:04:48.802524,0.2265027016401291,0.3875395655632019,Llama-3-8B-Q4,2025-05-21T09:09:53.911492
"), autocratic religions (e.g., fundamentalist Islam, Roman Catholicism, etc.",1.0,512,0,1747789517.456742,2025-05-21T01:05:17.456747,0.23252762854099274,0.3986510634422302,Llama-3-8B-Q4,2025-05-21T09:09:54.242138
"In Latin America, Argentina was a stronghold for anarcho-syndicalism, where it became the most prominent left-wing ideology.",1.0,512,1,1747789389.4463336,2025-05-21T01:03:09.446343,0.2578302025794983,0.41305720806121826,Llama-3-8B-Q4,2025-05-21T09:09:57.411340
"Black residents effectively taxed themselves twice, by raising additional monies to supply matching funds for such schools, which were built in many rural areas.",1.0,512,1,1747789417.7358418,2025-05-21T01:03:37.735846,0.24711893498897552,0.39901062846183777,Llama-3-8B-Q4,2025-05-21T09:09:57.736208
"Whiteside, on the other hand, imitates a unicorn, talks about preparing for roles and creates a new middle name for Boylston.",1.0,512,1,1747789446.233959,2025-05-21T01:04:06.233964,0.2452186942100525,0.39707791805267334,Llama-3-8B-Q4,2025-05-21T09:09:58.049830
Which factor can increase the amount of sulfur dioxide in the air? (Answer: B),1.0,512,1,1747789474.6024384,2025-05-21T01:04:34.602444,0.2581530809402466,0.4154907464981079,Llama-3-8B-Q4,2025-05-21T09:09:58.361174
Black carbon is a bigger cause of the melting of the polar ice cap in the Arctic than carbon dioxide due to its effect on the albedo.,1.0,512,1,1747789503.0615678,2025-05-21T01:05:03.061577,0.24531657993793488,0.39599698781967163,Llama-3-8B-Q4,2025-05-21T09:09:58.746008
"Explain what this code does:
def function_13(x): return x * 2",1.0,512,1,1747789532.1964567,2025-05-21T01:05:32.196462,0.24678485095500946,0.3981676995754242,Llama-3-8B-Q4,2025-05-21T09:10:01.767197
"However, it also contains the right to access any information that may be held by a company, including your employer.",1.0,512,1,1747789560.6265628,2025-05-21T01:06:00.626568,0.25176486372947693,0.40519624948501587,Llama-3-8B-Q4,2025-05-21T09:10:02.097691
"An important relationship between an object's astronomical (geometric) albedo, absolute magnitude and diameter is given by:  where  is the astronomical albedo,  is the diameter in kilometers, and  is the absolute magnitude.",1.0,512,1,1747789588.9729435,2025-05-21T01:06:28.972949,0.24878928065299988,0.4018097519874573,Llama-3-8B-Q4,2025-05-21T09:10:02.424705
The northern part—along the Tennessee River Valley—is most vulnerable.,1.0,512,1,1747789617.1497748,2025-05-21T01:06:57.149780,0.24792340397834778,0.40145665407180786,Llama-3-8B-Q4,2025-05-21T09:10:02.854657
"This time around the final screen appeared, the All set link didn't work.",1.0,512,1,1747789645.7748759,2025-05-21T01:07:25.774881,0.24390511214733124,0.39573079347610474,Llama-3-8B-Q4,2025-05-21T09:10:03.322446
"In 2002, Christian Koeberl with the Institute of Geochemistry University of Vienna published evidence and established the site as the 157th recognized impact crater on Earth.",1.0,512,0,1747789546.7776785,2025-05-21T01:05:46.777684,0.2260964959859848,0.3869626820087433,Llama-3-8B-Q4,2025-05-21T09:10:06.430233
Parents often notice signs during the first three years of their child's life.,1.0,512,0,1747789574.8790264,2025-05-21T01:06:14.879040,0.2333974540233612,0.3974606394767761,Llama-3-8B-Q4,2025-05-21T09:10:06.820132
"Explain what this code does:
def function_3(x): return x * 2",1.0,512,0,1747789603.1689737,2025-05-21T01:06:43.168979,0.23405499756336212,0.39896854758262634,Llama-3-8B-Q4,2025-05-21T09:10:07.160968
"Children with high-functioning autism have more intense and frequent loneliness compared to non-autistic peers, despite the common belief that autistic children prefer to be alone.",1.0,512,0,1747789631.4893801,2025-05-21T01:07:11.489385,0.23131830990314484,0.39519378542900085,Llama-3-8B-Q4,2025-05-21T09:10:07.571696
"The agrarian Mississippian culture covered most of the state from 1000 to 1600 CE, with one of its major centers built at what is now the Moundville Archaeological Site in Moundville, Alabama.",1.0,512,0,1747789660.1712272,2025-05-21T01:07:40.171233,0.2344290018081665,0.3999401032924652,Llama-3-8B-Q4,2025-05-21T09:10:07.900090
Enlightenment challenges to intellectual authority (secular and religious) and the revolutions of the 1790s and 1848 all spurred the ideological development of what became the era of classical anarchism.,1.0,512,0,1747789690.4995728,2025-05-21T01:08:10.499576,0.22384732961654663,0.38382744789123535,Llama-3-8B-Q4,2025-05-21T09:10:11.092204
Anarchism and the state   Objection to the state and its institutions is a sine qua non of anarchism.,1.0,512,0,1747789719.393926,2025-05-21T01:08:39.393934,0.23319941759109497,0.3973289132118225,Llama-3-8B-Q4,2025-05-21T09:10:11.413955
"Photosynthesis is a process involving carbon dioxide, water, glucose, oxygen, and sunlight. Which is the correct chemical equation for photosynthesis? (Answer: D)",1.0,512,0,1747789747.623012,2025-05-21T01:09:07.623021,0.24068419635295868,0.40962401032447815,Llama-3-8B-Q4,2025-05-21T09:10:11.835615
"Stay informed, click here to subscribe to the TechRepublic Cloud Insights newsletter.",1.0,512,0,1747789776.1180165,2025-05-21T01:09:36.118026,0.23182329535484314,0.3961595892906189,Llama-3-8B-Q4,2025-05-21T09:10:12.267643
Gastrointestinal problems are one of the most commonly co-occurring medical conditions in autistic people.,1.0,512,0,1747789804.7308633,2025-05-21T01:10:04.730868,0.2373654842376709,0.40434005856513977,Llama-3-8B-Q4,2025-05-21T09:10:12.663545
Sea water absorbs more solar radiation than would the same surface covered with reflective snow.,1.0,512,1,1747789674.9253275,2025-05-21T01:07:54.925336,0.2488013058900833,0.4007786810398102,Llama-3-8B-Q4,2025-05-21T09:10:15.918405
"On Earth, water can be a solid, a liquid, or a gas. Which energy source has the greatest influence on the state of matter of water? (Answer: A)",1.0,512,1,1747789704.0796688,2025-05-21T01:08:24.079676,0.2566823661327362,0.41290032863616943,Llama-3-8B-Q4,2025-05-21T09:10:16.298788
"In most instances, the transmitted pulse is circularly polarized and the received pulse is measured in the same sense of polarization as the transmitted pulse (SC) and the opposite sense (OC).",1.0,512,1,1747789733.294337,2025-05-21T01:08:53.294346,0.24884852766990662,0.4029510021209717,Llama-3-8B-Q4,2025-05-21T09:10:16.687637
"Economy  The state has invested in aerospace, education, health care, banking, and various heavy industries, including automobile manufacturing, mineral extraction, steel production and fabrication.",1.0,512,1,1747789761.895461,2025-05-21T01:09:21.895467,0.24690300226211548,0.3991895914077759,Llama-3-8B-Q4,2025-05-21T09:10:16.992913
"A differential diagnosis for ASD at this stage might also consider intellectual disability, hearing impairment, and a specific language impairment such as Landau–Kleffner syndrome.",1.0,512,1,1747789790.5018432,2025-05-21T01:09:50.501849,0.25508883595466614,0.4109252095222473,Llama-3-8B-Q4,2025-05-21T09:10:17.309511
This will be the fourth work by Ekman that The Joffrey has performed.,1.0,512,0,1747789834.1282196,2025-05-21T01:10:34.128225,0.2293468564748764,0.39374780654907227,Llama-3-8B-Q4,2025-05-21T09:10:20.474718
A ship leaks a large amount of oil near a coastal area. Which statement describes how the oil most likely will affect the coastal habitat? (Answer: B),1.0,512,0,1747789862.1961508,2025-05-21T01:11:02.196159,0.22440245747566223,0.38421592116355896,Llama-3-8B-Q4,2025-05-21T09:10:20.791397
"Explain what this code does:
def function_0(x): return x * 2",1.0,512,0,1747789890.4823976,2025-05-21T01:11:30.482406,0.23225457966327667,0.3967432975769043,Llama-3-8B-Q4,2025-05-21T09:10:21.222761
"Tourism and entertainment  According to Business Insider, Alabama ranked 14th in most popular states to visit in 2014.",1.0,512,0,1747789918.941867,2025-05-21T01:11:58.941877,0.2320958375930786,0.39658087491989136,Llama-3-8B-Q4,2025-05-21T09:10:21.638220
"A component especially of individualist anarchism, philosophical anarchism may tolerate the existence of a minimal state but claims that citizens have no moral obligation to obey government when it conflicts with individual autonomy.",1.0,512,0,1747789947.663254,2025-05-21T01:12:27.663263,0.22567705810070038,0.38658347725868225,Llama-3-8B-Q4,2025-05-21T09:10:22.036593
Where is the biological magnification of pollutants most likely to be the greatest? (Answer: A),1.0,512,1,1747789819.488053,2025-05-21T01:10:19.488069,0.25656649470329285,0.4121582806110382,Llama-3-8B-Q4,2025-05-21T09:10:25.370407
"Explain what this code does:
def function_19(x): return x * 2",1.0,512,1,1747789848.076213,2025-05-21T01:10:48.076226,0.25891607999801636,0.41618138551712036,Llama-3-8B-Q4,2025-05-21T09:10:25.779895
Medication Medications may be used to treat ASD symptoms that interfere with integrating a child into home or school when behavioral treatment fails.,1.0,512,1,1747789876.1191103,2025-05-21T01:11:16.119121,0.2602689266204834,0.41763830184936523,Llama-3-8B-Q4,2025-05-21T09:10:26.100641
"Census-designated and metropolitan areas  Cities  Demographics  According to the 2020 United States census the population of Alabama was 5,024,279 on April 1, 2020, which represents an increase of 244,543 or 5.12%, since the 2010 census.",1.0,512,1,1747789904.830002,2025-05-21T01:11:44.830008,0.2538057565689087,0.4103199243545532,Llama-3-8B-Q4,2025-05-21T09:10:26.415681
Courtesy Peter Koppers.,1.0,512,1,1747789933.1070204,2025-05-21T01:12:13.107029,0.24874913692474365,0.4051591753959656,Llama-3-8B-Q4,2025-05-21T09:10:26.800089
"Once she's mastered the pirouette she's been struggling with, she repeats the step over and over until the clock reaches 12 pm for lunch.",1.0,512,0,1747789977.440766,2025-05-21T01:12:57.440781,0.22686460614204407,0.38711339235305786,Llama-3-8B-Q4,2025-05-21T09:10:30.063022
"Explain what this code does:
def function_14(x): return x * 2",1.0,512,0,1747790007.4765856,2025-05-21T01:13:27.476590,0.23448063433170319,0.40022262930870056,Llama-3-8B-Q4,2025-05-21T09:10:30.396872
"), patriarchy, heterosexism, white supremacy, and imperialism.""",1.0,512,0,1747790035.564375,2025-05-21T01:13:55.564385,0.2295621931552887,0.3940996527671814,Llama-3-8B-Q4,2025-05-21T09:10:30.768209
"Once again, the final screen links wouldn't work.",1.0,512,0,1747790062.327672,2025-05-21T01:14:22.327682,0.22214697301387787,0.38202306628227234,Llama-3-8B-Q4,2025-05-21T09:10:31.189915
"What is now the counties of Baldwin and Mobile became part of Spanish West Florida in 1783, part of the independent Republic of West Florida in 1810, and was finally added to the Mississippi Territory in 1812.",1.0,512,0,1747790091.545885,2025-05-21T01:14:51.545890,0.23792743682861328,0.4055124819278717,Llama-3-8B-Q4,2025-05-21T09:10:31.553178
"Anarchists were treated similarly in the Second International, being ultimately expelled in 1896.",1.0,512,1,1747789962.8612015,2025-05-21T01:12:42.861212,0.2508772909641266,0.40528741478919983,Llama-3-8B-Q4,2025-05-21T09:10:34.810285
"Explain what this code does:
def function_49(x): return x * 2",1.0,512,1,1747789991.5757565,2025-05-21T01:13:11.575767,0.2586570382118225,0.41681215167045593,Llama-3-8B-Q4,2025-05-21T09:10:35.122083
Later immigrants in the nineteenth and twentieth centuries tended to be Ashkenazi Jews from eastern Europe.,1.0,512,1,1747790021.3042164,2025-05-21T01:13:41.304222,0.2612415850162506,0.4192962646484375,Llama-3-8B-Q4,2025-05-21T09:10:35.432913
"Etymology, terminology, and definition   The etymological origin of anarchism is from the Ancient Greek anarkhia, meaning ""without a ruler"", composed of the prefix an- (""without"") and the word arkhos (""leader"" or ""ruler"").",1.0,512,1,1747790049.934025,2025-05-21T01:14:09.934040,0.25745540857315063,0.4134206473827362,Llama-3-8B-Q4,2025-05-21T09:10:35.863514
"Since then we've been doing five-day workshops once a year in Robert's studio, Ex Machina, where he has a multi media team.",1.0,512,1,1747790077.3664951,2025-05-21T01:14:37.366500,0.24619127810001373,0.3967881202697754,Llama-3-8B-Q4,2025-05-21T09:10:36.184288
"Explain what this code does:
def function_94(x): return x * 2",1.0,512,0,1747790120.9270332,2025-05-21T01:15:20.927042,0.23438754677772522,0.4000484049320221,Llama-3-8B-Q4,2025-05-21T09:10:39.387370
"Explain what this code does:
def function_80(x): return x * 2",1.0,512,0,1747790148.9363003,2025-05-21T01:15:48.936310,0.2358952760696411,0.4025536775588989,Llama-3-8B-Q4,2025-05-21T09:10:39.794446
So I returned to the IP address and was presented with a login screen.,1.0,512,0,1747790177.1603563,2025-05-21T01:16:17.160366,0.2315024435520172,0.39443349838256836,Llama-3-8B-Q4,2025-05-21T09:10:40.168664
"In the southern Gulf coast, snowfall is less frequent, sometimes going several years without any snowfall.",1.0,512,0,1747790205.6849947,2025-05-21T01:16:45.685000,0.23513779044151306,0.3996753990650177,Llama-3-8B-Q4,2025-05-21T09:10:40.487523
"In 1954, the U.S. Supreme Court ruled in Brown v. Board of Education that public schools had to be desegregated, but Alabama was slow to comply.",1.0,512,0,1747790234.14483,2025-05-21T01:17:14.144835,0.23949237167835236,0.4073100984096527,Llama-3-8B-Q4,2025-05-21T09:10:40.923519
Alabama: The History of a Deep South State (1994).,1.0,512,1,1747790106.3177328,2025-05-21T01:15:06.317745,0.25285986065864563,0.408369243144989,Llama-3-8B-Q4,2025-05-21T09:10:43.972578
"Lastly, Fiala mentions a critique towards philosophical anarchism of being ineffective (all talk and thoughts) and in the meantime capitalism and bourgeois class remains strong.",1.0,512,1,1747790134.639928,2025-05-21T01:15:34.639936,0.24336737394332886,0.3931850492954254,Llama-3-8B-Q4,2025-05-21T09:10:44.281393
"Steel jobs, for instance, declined from 46,314 in 1950 to 14,185 in 2011.",1.0,512,1,1747790162.903668,2025-05-21T01:16:02.903677,0.25237739086151123,0.4084444046020508,Llama-3-8B-Q4,2025-05-21T09:10:44.589619
Giant redwood trees change energy from one form to another. How is energy changed by the trees? (Answer: B),1.0,512,1,1747790191.2041802,2025-05-21T01:16:31.204185,0.2513975501060486,0.4059125483036041,Llama-3-8B-Q4,2025-05-21T09:10:44.894059
A signal from the brain to a muscle in the arm is transmitted by which structures? (Answer: C),1.0,512,1,1747790219.6436422,2025-05-21T01:16:59.643656,0.2540702223777771,0.4099636673927307,Llama-3-8B-Q4,2025-05-21T09:10:45.293565
"Laura adds 50 mL of boiling water to 100 mL of ice water. If the 150 mL of water is then put into a freezer, at what temperature will the water freeze? (Answer: A)",1.0,512,1,1747790249.5593705,2025-05-21T01:17:29.559383,0.24869313836097717,0.4006543457508087,Llama-3-8B-Q4,2025-05-21T09:10:48.448616
They include:  Genetic disorders.,1.0,512,1,1747790278.243365,2025-05-21T01:17:58.243374,0.2523711025714874,0.40830543637275696,Llama-3-8B-Q4,2025-05-21T09:10:48.874367
The school closed after constant harassment by the state and Ferrer was later arrested.,1.0,512,1,1747790306.5795746,2025-05-21T01:18:26.579585,0.24785394966602325,0.39934268593788147,Llama-3-8B-Q4,2025-05-21T09:10:49.192779
"However, most of the Democratic sheriffs preside over rural and less populated counties.",1.0,512,1,1747790334.8099823,2025-05-21T01:18:54.809988,0.24710512161254883,0.39887210726737976,Llama-3-8B-Q4,2025-05-21T09:10:49.509162
"""An awful lot of companies may not think they have exposure to it, but there are lots of variables in that.""",1.0,512,1,1747790363.6755362,2025-05-21T01:19:23.675541,0.24193689227104187,0.39253947138786316,Llama-3-8B-Q4,2025-05-21T09:10:49.820381
"Explain what this code does:
def function_78(x): return x * 2",1.0,512,0,1747790265.0702293,2025-05-21T01:17:45.070243,0.23905044794082642,0.4075605869293213,Llama-3-8B-Q4,2025-05-21T09:10:53.021846
Robert Paul Wolff believed that the tension between authority and autonomy would mean the state could never be legitimate.,1.0,512,0,1747790292.5793705,2025-05-21T01:18:12.579384,0.22485364973545074,0.3856547772884369,Llama-3-8B-Q4,2025-05-21T09:10:53.402033
How many times does Earth rotate on its axis in one day? (Answer: A),1.0,512,0,1747790320.7960916,2025-05-21T01:18:40.796103,0.23889100551605225,0.4075874388217926,Llama-3-8B-Q4,2025-05-21T09:10:53.784540
"Explain what this code does:
def function_38(x): return x * 2",1.0,512,0,1747790349.7769613,2025-05-21T01:19:09.776971,0.23465894162654877,0.4006236791610718,Llama-3-8B-Q4,2025-05-21T09:10:54.102884
"Explain what this code does:
def function_9(x): return x * 2",1.0,512,0,1747790378.4182591,2025-05-21T01:19:38.418273,0.23416262865066528,0.39968860149383545,Llama-3-8B-Q4,2025-05-21T09:10:54.413394
The remaining portion of the ThyssenKrupp plant had final bids submitted by ArcelorMittal and Nippon Steel for $1.6billion in March 2013.,1.0,512,1,1747790393.201216,2025-05-21T01:19:53.201221,0.25165849924087524,0.4067418575286865,Llama-3-8B-Q4,2025-05-21T09:10:57.496426
"Explain what this code does:
def function_18(x): return x * 2",1.0,512,1,1747790421.5874314,2025-05-21T01:20:21.587437,0.253680557012558,0.40812450647354126,Llama-3-8B-Q4,2025-05-21T09:10:57.891391
Anarchism is contrasted to socialist forms which are state-oriented or from above.,1.0,512,1,1747790450.0242574,2025-05-21T01:20:50.024263,0.24846631288528442,0.4001680016517639,Llama-3-8B-Q4,2025-05-21T09:10:58.284804
"Across the Country… In 1944, San Francisco Ballet founding artistic director Willam Christensen choreographed the U.S.'s first full-length Nutcracker.",1.0,512,1,1747790478.442544,2025-05-21T01:21:18.442553,0.2521572411060333,0.4057438373565674,Llama-3-8B-Q4,2025-05-21T09:10:58.607724
Aquaculture   Aquaculture is a large part of the economy of Alabama.,1.0,512,1,1747790506.8763669,2025-05-21T01:21:46.876376,0.25674763321876526,0.4122699499130249,Llama-3-8B-Q4,2025-05-21T09:10:58.924879
"Explain what this code does:
def function_26(x): return x * 2",1.0,512,0,1747790407.7145295,2025-05-21T01:20:07.714534,0.23621603846549988,0.4027891755104065,Llama-3-8B-Q4,2025-05-21T09:11:02.131645
Which of the following statements best explains why magnets usually stick to a refrigerator door? (Answer: B),1.0,512,0,1747790435.7475297,2025-05-21T01:20:35.747535,0.23741711676120758,0.40462109446525574,Llama-3-8B-Q4,2025-05-21T09:11:02.474370
"Other spellings of the name have included Alibamu, Alabamo, Albama, Alebamon, Alibama, Alibamou, Alabamu, Allibamou.",1.0,512,0,1747790464.3096712,2025-05-21T01:21:04.309677,0.23064763844013214,0.3939417600631714,Llama-3-8B-Q4,2025-05-21T09:11:02.845171
"Starbucks in hand, they discuss their mutual love of food (particularly pasta and Japanese curry), the story behind the Cindy nickname and what it's like picking up contemporary choreography versus classical.",1.0,512,0,1747790492.8139977,2025-05-21T01:21:32.814003,0.21241970360279083,0.36602452397346497,Llama-3-8B-Q4,2025-05-21T09:11:03.233298
The available evidence does not rule out the possibility that autism's true prevalence has increased; a real increase would suggest directing more attention and funding toward psychosocial factors and changing environmental factors instead of continuing to focus on genetics.,1.0,512,0,1747790521.6530418,2025-05-21T01:22:01.653054,0.22731515765190125,0.38987138867378235,Llama-3-8B-Q4,2025-05-21T09:11:03.581671
Which would a scientist use in trying to model the cause of planetary years? (Answer: D),1.0,512,0,1747790550.9291024,2025-05-21T01:22:30.929114,0.22282089293003082,0.38385775685310364,Llama-3-8B-Q4,2025-05-21T09:11:06.603166
"In living things, smaller substances are linked to make up larger substances. Which of the following correctly describes a larger substance made by linking smaller substances? (Answer: A)",1.0,512,0,1747790579.011124,2025-05-21T01:22:59.011129,0.23188230395317078,0.3954962491989136,Llama-3-8B-Q4,2025-05-21T09:11:06.916018
"Explain what this code does:
def function_52(x): return x * 2",1.0,512,0,1747790607.5610416,2025-05-21T01:23:27.561052,0.23530539870262146,0.40165042877197266,Llama-3-8B-Q4,2025-05-21T09:11:07.342949
"Authority ultimately rests solely on power, regardless of whether that power is open or transparent, as it still has the ability to coerce people.",1.0,512,0,1747790635.8869543,2025-05-21T01:23:55.886960,0.2300412803888321,0.39289504289627075,Llama-3-8B-Q4,2025-05-21T09:11:07.657444
"Explain what this code does:
def function_96(x): return x * 2",1.0,512,0,1747790664.9955032,2025-05-21T01:24:24.995509,0.2335532009601593,0.3995225429534912,Llama-3-8B-Q4,2025-05-21T09:11:07.969563
"Explain what this code does:
def function_83(x): return x * 2",1.0,512,1,1747790536.3869863,2025-05-21T01:22:16.386991,0.2531479001045227,0.4072922468185425,Llama-3-8B-Q4,2025-05-21T09:11:11.280305
"Explain what this code does:
def function_66(x): return x * 2",1.0,512,1,1747790564.7491806,2025-05-21T01:22:44.749185,0.258724182844162,0.41562914848327637,Llama-3-8B-Q4,2025-05-21T09:11:11.612411
"Rain forests contain more species of trees than any other biome. However, scientists have found that the soil of the forest floor is relatively nutrient poor. What could most likely account for this? (Answer: B)",1.0,512,1,1747790593.4037774,2025-05-21T01:23:13.403788,0.2566435635089874,0.41238856315612793,Llama-3-8B-Q4,2025-05-21T09:11:11.987681
"Explain what this code does:
def function_50(x): return x * 2",1.0,512,1,1747790621.8545547,2025-05-21T01:23:41.854560,0.25915849208831787,0.4164605736732483,Llama-3-8B-Q4,2025-05-21T09:11:12.397008
"Collectivist anarchists advocate collective ownership of the means of production which is theorised to be achieved through violent revolution and that workers be paid according to time worked, rather than goods being distributed according to need as in communism.",1.0,512,1,1747790650.580467,2025-05-21T01:24:10.580473,0.254628449678421,0.40948858857154846,Llama-3-8B-Q4,2025-05-21T09:11:12.797321
"More than half of US children diagnosed with ASD are prescribed psychoactive drugs or anticonvulsants, with the most common drug classes being antidepressants, stimulants, and antipsychotics.",1.0,512,0,1747790694.4908893,2025-05-21T01:24:54.490894,0.2348674088716507,0.39969518780708313,Llama-3-8B-Q4,2025-05-21T09:11:15.965199
In which taxonomic group are organisms found that share the characteristic of storing hereditary material in a single loop of DNA? (Answer: A),1.0,512,0,1747790722.787157,2025-05-21T01:25:22.787161,0.23416635394096375,0.3995630741119385,Llama-3-8B-Q4,2025-05-21T09:11:16.356521
"The white male with them was identified as Charles Edward Sinard, age 39, a transient.",1.0,512,0,1747790751.889259,2025-05-21T01:25:51.889264,0.22714251279830933,0.3907764256000519,Llama-3-8B-Q4,2025-05-21T09:11:16.729208
"Explain what this code does:
def function_11(x): return x * 2",1.0,512,0,1747790781.3915634,2025-05-21T01:26:21.391572,0.23916000127792358,0.4076283574104309,Llama-3-8B-Q4,2025-05-21T09:11:17.048533
Rubbing sandpaper on a piece of wood produces what two types of energy? (Answer: B),1.0,512,0,1747790810.2880342,2025-05-21T01:26:50.288045,0.23266324400901794,0.39678096771240234,Llama-3-8B-Q4,2025-05-21T09:11:17.354285
"Explain what this code does:
def function_90(x): return x * 2",1.0,512,1,1747790679.8344524,2025-05-21T01:24:39.834462,0.2501566708087921,0.40293848514556885,Llama-3-8B-Q4,2025-05-21T09:11:20.379528
"As people are often sized up initially from their basic language skills, these studies suggest that people speaking to autistic individuals are more likely to overestimate what their audience comprehends.",1.0,512,1,1747790708.3917136,2025-05-21T01:25:08.391719,0.24927489459514618,0.4021860659122467,Llama-3-8B-Q4,2025-05-21T09:11:20.765664
A significant event of this period was the confrontations at the 1999 Seattle WTO conference.,1.0,512,1,1747790738.1602583,2025-05-21T01:25:38.160262,0.25669538974761963,0.41350018978118896,Llama-3-8B-Q4,2025-05-21T09:11:21.155263
What adaptation is necessary in intertidal ecosystems but not in reef ecosystems? (Answer: C),1.0,512,1,1747790767.2865276,2025-05-21T01:26:07.286541,0.2545475363731384,0.4097987115383148,Llama-3-8B-Q4,2025-05-21T09:11:21.535172
"It had not redistricted congressional districts since passage of its constitution in 1901; as a result, urbanized areas were grossly underrepresented.",1.0,512,1,1747790796.1226525,2025-05-21T01:26:36.122662,0.25434938073158264,0.4089333713054657,Llama-3-8B-Q4,2025-05-21T09:11:21.843790
"Its name in English is a (pronounced ), plural aes.",1.0,512,0,1747790839.7301972,2025-05-21T01:27:19.730211,0.23007942736148834,0.3952593207359314,Llama-3-8B-Q4,2025-05-21T09:11:24.882855
"It's not a story ballet per say, but there is a story from beginning to end.",1.0,512,0,1747790867.8567235,2025-05-21T01:27:47.856728,0.22094719111919403,0.3809628486633301,Llama-3-8B-Q4,2025-05-21T09:11:25.278921
"This entails that liberty and equality cannot be implemented within the state, resulting in the questioning of all forms of domination and hierarchy.",1.0,512,0,1747790896.2177298,2025-05-21T01:28:16.217736,0.22706332802772522,0.3886651396751404,Llama-3-8B-Q4,2025-05-21T09:11:25.592677
"CDC estimates about 1 out of 59 (1.7%) for 2014, an increase from 1 out of every 68 children (1.5%) for 2010.",1.0,512,0,1747790924.6865807,2025-05-21T01:28:44.686597,0.23594745993614197,0.4017896056175232,Llama-3-8B-Q4,2025-05-21T09:11:25.905972
"Explain what this code does:
def function_97(x): return x * 2",1.0,512,0,1747790953.5609913,2025-05-21T01:29:13.560996,0.23450301587581635,0.4001788794994354,Llama-3-8B-Q4,2025-05-21T09:11:26.320376
"During most of the year, the air over Boston, Massachusetts, contains a high amount of moisture. Which of the following best explains why there is a high amount of moisture in the air? (Answer: A)",1.0,512,1,1747790825.1738048,2025-05-21T01:27:05.173814,0.25318440794944763,0.4067939519882202,Llama-3-8B-Q4,2025-05-21T09:11:29.554422
"While employers state hiring concerns about productivity and supervision, experienced employers of autistic people give positive reports of above average memory and detail orientation as well as a high regard for rules and procedure in autistic employees.",1.0,512,1,1747790853.5216982,2025-05-21T01:27:33.521703,0.24804601073265076,0.39970552921295166,Llama-3-8B-Q4,2025-05-21T09:11:29.881151
"The latter is commonly used in handwriting and fonts based on it, especially fonts intended to be read by children, and is also found in italic type.",1.0,512,1,1747790882.0597954,2025-05-21T01:28:02.059800,0.24698877334594727,0.39867672324180603,Llama-3-8B-Q4,2025-05-21T09:11:30.286071
"Beyond the specific factions of anarchist movements which constitute political anarchism lies philosophical anarchism which holds that the state lacks moral legitimacy, without necessarily accepting the imperative of revolution to eliminate it.",1.0,512,1,1747790910.2257588,2025-05-21T01:28:30.225764,0.24874258041381836,0.40075743198394775,Llama-3-8B-Q4,2025-05-21T09:11:30.615775
Password policies Passwords remain a common digital entry point into an organization for hackers.,1.0,512,1,1747790938.8985143,2025-05-21T01:28:58.898520,0.2507200539112091,0.4031292200088501,Llama-3-8B-Q4,2025-05-21T09:11:30.942047
"In the last decades of the 20th and into the 21st century, the anarchist movement has been resurgent once more.",1.0,512,0,1747790982.9649653,2025-05-21T01:29:42.964971,0.23570816218852997,0.4014281630516052,Llama-3-8B-Q4,2025-05-21T09:11:34.102050
"""One of the easiest ways to breach a company is to put somebody on the janitorial staff and go looking at desks,"" Rickard said.",1.0,512,0,1747791011.180104,2025-05-21T01:30:11.180109,0.2295970469713211,0.3920637369155884,Llama-3-8B-Q4,2025-05-21T09:11:34.435306
The authors concluded that a longer duration of the diet may be necessary to achieve the improvement of the ASD symptoms.,1.0,512,0,1747791039.3151667,2025-05-21T01:30:39.315177,0.2347031533718109,0.4010632336139679,Llama-3-8B-Q4,2025-05-21T09:11:34.878200
"There are many anecdotal reports, but few systematic studies, of aggression and violence in individuals with ASD.",1.0,512,0,1747791068.852641,2025-05-21T01:31:08.852647,0.23646849393844604,0.4024289846420288,Llama-3-8B-Q4,2025-05-21T09:11:35.299002
The judiciary is responsible for interpreting the Constitution of Alabama and applying the law in state criminal and civil cases.,1.0,512,0,1747791098.0132687,2025-05-21T01:31:38.013274,0.23780390620231628,0.40430977940559387,Llama-3-8B-Q4,2025-05-21T09:11:35.632266
"In this article, autism refers to the classic autistic disorder; in clinical practice, though, autism, ASD, and PDD are often used interchangeably.",1.0,512,1,1747790968.3688653,2025-05-21T01:29:28.368877,0.2588428556919098,0.41549599170684814,Llama-3-8B-Q4,2025-05-21T09:11:38.673676
"Here are five types of policies that companies must ensure they have in place and have trained employees on in the age of GDPR, according to Rickard.",1.0,512,1,1747790996.7685304,2025-05-21T01:29:56.768539,0.25138235092163086,0.40476933121681213,Llama-3-8B-Q4,2025-05-21T09:11:39.087416
Alabama was heavily involved in the American Civil War.,1.0,512,1,1747791025.1972115,2025-05-21T01:30:25.197216,0.26330551505088806,0.4222913682460785,Llama-3-8B-Q4,2025-05-21T09:11:39.491814
"About 8.167% of letters used in English texts tend to be ; the number is around 7.636% in French, 11.525% in Spanish, and 14.634% for Portuguese.",1.0,512,1,1747791054.3719304,2025-05-21T01:30:54.371961,0.24622268974781036,0.3981196880340576,Llama-3-8B-Q4,2025-05-21T09:11:39.873053
"Following the Vaganova method, classes are strict and focus on precise positions and placement.",1.0,512,1,1747791083.301245,2025-05-21T01:31:23.301268,0.25542187690734863,0.4102233648300171,Llama-3-8B-Q4,2025-05-21T09:11:40.260182
"Society and culture  An autistic culture has emerged, accompanied by the autistic rights and neurodiversity movements.",1.0,512,1,1747791113.1032083,2025-05-21T01:31:53.103222,0.2540076971054077,0.4083469808101654,Llama-3-8B-Q4,2025-05-21T09:11:43.340128
"Explain what this code does:
def function_7(x): return x * 2",1.0,512,1,1747791141.5314782,2025-05-21T01:32:21.531487,0.26076942682266235,0.41877880692481995,Llama-3-8B-Q4,2025-05-21T09:11:43.666646
"Sample symptoms include lack of social or emotional reciprocity, stereotyped and repetitive use of language or idiosyncratic language, and persistent preoccupation with unusual objects.",1.0,512,1,1747791170.1271172,2025-05-21T01:32:50.127122,0.25710800290107727,0.41255983710289,Llama-3-8B-Q4,2025-05-21T09:11:43.984223
"In response to the army rebellion, an anarchist-inspired movement of peasants and workers, supported by armed militias, took control of Barcelona and of large areas of rural Spain, where they collectivised the land.",1.0,512,1,1747791199.4940996,2025-05-21T01:33:19.494105,0.2514808475971222,0.4047744870185852,Llama-3-8B-Q4,2025-05-21T09:11:44.445964
"From Page to Stage In 1892 St. Petersburg, choreographer Marius Petipa and composer Pyotr Ilyich Tchaikovsky pulled the story off the page and onto the stage of the Mariinsky Theatre.",1.0,512,1,1747791228.114453,2025-05-21T01:33:48.114464,0.2525753676891327,0.4060733914375305,Llama-3-8B-Q4,2025-05-21T09:11:44.847966
It is used to define scattering of electromagnetic waves on small particles.,1.0,512,0,1747791127.6979861,2025-05-21T01:32:07.697991,0.22767594456672668,0.3892531991004944,Llama-3-8B-Q4,2025-05-21T09:11:47.938122
"Former Royal Danish Ballet artistic director Frank Andersen has been a guest teacher at the school since 2002, and was awarded a professorship in 2012.",1.0,512,0,1747791155.9521403,2025-05-21T01:32:35.952145,0.23212279379367828,0.39581039547920227,Llama-3-8B-Q4,2025-05-21T09:11:48.280236
Masking may include making oneself perform normative facial expressions and eye contact.,1.0,512,0,1747791184.3394318,2025-05-21T01:33:04.339447,0.22677285969257355,0.38829177618026733,Llama-3-8B-Q4,2025-05-21T09:11:48.583947
This line of arguments most often calls for political action within the system to reform it.,1.0,512,0,1747791213.6305614,2025-05-21T01:33:33.630566,0.22233638167381287,0.3816796541213989,Llama-3-8B-Q4,2025-05-21T09:11:48.890382
There are two key differences between SAR requests made under the Data Privacy Act and those made under GDPR: The cost and time frame.,1.0,512,0,1747791242.8764424,2025-05-21T01:34:02.876456,0.23499400913715363,0.4001857042312622,Llama-3-8B-Q4,2025-05-21T09:11:49.291172
"Diagnosis Diagnosis is based on behavior, not cause or mechanism.",1.0,512,1,1747791257.6268003,2025-05-21T01:34:17.626815,0.250055193901062,0.4030345380306244,Llama-3-8B-Q4,2025-05-21T09:11:52.674181
"A common criticism against autistic activists is that the majority of them are ""high-functioning"" or have Asperger syndrome and do not represent the views of ""low-functioning"" autistic people.",1.0,512,1,1747791285.7027528,2025-05-21T01:34:45.702761,0.25633835792541504,0.41261956095695496,Llama-3-8B-Q4,2025-05-21T09:11:53.051756
"The rural-dominated Alabama legislature consistently underfunded schools and services for the disenfranchised African Americans, but it did not relieve them of paying taxes.",1.0,512,1,1747791314.363783,2025-05-21T01:35:14.363793,0.24776293337345123,0.39993754029273987,Llama-3-8B-Q4,2025-05-21T09:11:53.494917
"Overall, contemporary anarchists are much less violent and militant than their ideological ancestors.",1.0,512,1,1747791342.6501591,2025-05-21T01:35:42.650168,0.2551274001598358,0.4099463224411011,Llama-3-8B-Q4,2025-05-21T09:11:53.814916
"As new genetic tests are developed several ethical, legal, and social issues will emerge.",1.0,512,1,1747791371.1996853,2025-05-21T01:36:11.199701,0.25287336111068726,0.4070967137813568,Llama-3-8B-Q4,2025-05-21T09:11:54.125772
A BOLO was put out to local law enforcement on the vehicles.,1.0,512,0,1747791272.1631303,2025-05-21T01:34:32.163139,0.229564368724823,0.39322686195373535,Llama-3-8B-Q4,2025-05-21T09:11:57.272235
"Stage Time Performance is the most important aspect of BDA students' professional development, with annual productions featuring classical ballets, contemporary works and student choreography.",1.0,512,0,1747791300.2115352,2025-05-21T01:35:00.211539,0.22606058418750763,0.3869647979736328,Llama-3-8B-Q4,2025-05-21T09:11:57.594504
"NBoC's new work, titled Frame by Frame, will run June 1-10 in Toronto.",1.0,512,0,1747791328.6174393,2025-05-21T01:35:28.617448,0.2204500287771225,0.37983059883117676,Llama-3-8B-Q4,2025-05-21T09:11:57.909483
The glint of light off water is a commonplace effect of this.,1.0,512,0,1747791357.146866,2025-05-21T01:35:57.146871,0.2211473137140274,0.37956783175468445,Llama-3-8B-Q4,2025-05-21T09:11:58.319789
"Alabama has been identified as one of the most religious states in the United States, with about 58% of the population attending church regularly.",1.0,512,0,1747791386.6821046,2025-05-21T01:36:26.682113,0.23627877235412598,0.40262967348098755,Llama-3-8B-Q4,2025-05-21T09:11:58.640806
Variants also existed that were intermediate between the monumental and cursive styles.,1.0,512,0,1747791416.1147325,2025-05-21T01:36:56.114737,0.23151376843452454,0.3952644467353821,Llama-3-8B-Q4,2025-05-21T09:12:01.751948
Anti-capitalism Anti-fascism Economic ideologies Left-wing politics Libertarian socialism Libertarianism Political culture Political movements Political ideologies Social theories Socialism Far-left politics,1.0,512,0,1747791444.4773884,2025-05-21T01:37:24.477472,0.22629958391189575,0.38786038756370544,Llama-3-8B-Q4,2025-05-21T09:12:02.154094
"Explain what this code does:
def function_71(x): return x * 2",1.0,512,0,1747791473.5483656,2025-05-21T01:37:53.548375,0.23701752722263336,0.4042227864265442,Llama-3-8B-Q4,2025-05-21T09:12:02.501826
"Sexual violence was a concern for anarchists such as Benjamin Tucker, who opposed age of consent laws, believing they would benefit predatory men.",1.0,512,0,1747791501.9175625,2025-05-21T01:38:21.917595,0.22794407606124878,0.38893476128578186,Llama-3-8B-Q4,2025-05-21T09:12:02.953577
"Typically, autism cannot be traced to a Mendelian (single-gene) mutation or to a single chromosome abnormality, and none of the genetic syndromes associated with ASDs have been shown to selectively cause ASD.",1.0,512,0,1747791531.2361493,2025-05-21T01:38:51.236158,0.23497304320335388,0.4003921151161194,Llama-3-8B-Q4,2025-05-21T09:12:03.364488
It has been in operation since 1929.,1.0,512,1,1747791401.5719826,2025-05-21T01:36:41.571993,0.25683286786079407,0.4130098521709442,Llama-3-8B-Q4,2025-05-21T09:12:06.402848
"Although you might find systems with more features (and a more powerful configuration system), Trac is very simple to set up and use.",1.0,512,1,1747791430.0276265,2025-05-21T01:37:10.027631,0.24677185714244843,0.39764609932899475,Llama-3-8B-Q4,2025-05-21T09:12:06.739175
"Many individuals with ASD show superior skills in perception and attention, relative to the general population.",1.0,512,1,1747791458.749081,2025-05-21T01:37:38.749090,0.2561459541320801,0.41222700476646423,Llama-3-8B-Q4,2025-05-21T09:12:07.160341
Figure A You can now go to Preferences and configure your installation of Trac.,1.0,512,1,1747791487.465707,2025-05-21T01:38:07.465712,0.24276185035705566,0.3923775553703308,Llama-3-8B-Q4,2025-05-21T09:12:07.585539
Which of these would most likely improve the air quality in large Texas cities? (Answer: A),1.0,512,1,1747791516.5905466,2025-05-21T01:38:36.590556,0.24276375770568848,0.3935984671115875,Llama-3-8B-Q4,2025-05-21T09:12:08.005463
"Explain what this code does:
def function_74(x): return x * 2",1.0,512,0,1747791560.8320844,2025-05-21T01:39:20.832097,0.23016886413097382,0.3933488726615906,Llama-3-8B-Q4,2025-05-21T09:12:11.067959
Demarko Johnson and Johnathan Johnson were able to find McNeight at a gas station at Magnolia Beach Road and Thomas Drive.,1.0,512,0,1747791589.2756283,2025-05-21T01:39:49.275638,0.23153777420520782,0.39700600504875183,Llama-3-8B-Q4,2025-05-21T09:12:11.455178
"In May 2013, the DSM-5 was released, updating the classification for pervasive developmental disorders.",1.0,512,0,1747791617.8522775,2025-05-21T01:40:17.852288,0.24192331731319427,0.4114052653312683,Llama-3-8B-Q4,2025-05-21T09:12:11.891245
"Explain what this code does:
def function_98(x): return x * 2",1.0,512,0,1747791646.4811246,2025-05-21T01:40:46.481130,0.23854699730873108,0.4068313241004944,Llama-3-8B-Q4,2025-05-21T09:12:12.219783
"While part of the same large language family, the Muskogee tribes developed distinct cultures and languages.",1.0,512,0,1747791675.4747708,2025-05-21T01:41:15.474781,0.23611488938331604,0.40305495262145996,Llama-3-8B-Q4,2025-05-21T09:12:12.542386
"Tactics  Anarchists' tactics take various forms but in general serve two major goals, namely to first oppose the Establishment and secondly to promote anarchist ethics and reflect an anarchist vision of society, illustrating the unity of means and ends.",1.0,512,1,1747791546.084833,2025-05-21T01:39:06.084838,0.24060331284999847,0.38951176404953003,Llama-3-8B-Q4,2025-05-21T09:12:15.688110
"Explain what this code does:
def function_21(x): return x * 2",1.0,512,1,1747791574.772342,2025-05-21T01:39:34.772347,0.2572975158691406,0.4138925075531006,Llama-3-8B-Q4,2025-05-21T09:12:15.998638
"According to a pH scale, which pH would be the strongest acid? (Answer: A)",1.0,512,1,1747791603.2595055,2025-05-21T01:40:03.259519,0.25126367807388306,0.40386825799942017,Llama-3-8B-Q4,2025-05-21T09:12:16.459833
New York City Ballet continues its first year without Peter Martins at the helm as our spring season opens tonight.,1.0,512,1,1747791632.0913742,2025-05-21T01:40:32.091380,0.24871280789375305,0.40088650584220886,Llama-3-8B-Q4,2025-05-21T09:12:16.791615
Which statement best compares single-celled and multi-celled organisms? (Answer: C),1.0,512,1,1747791660.879575,2025-05-21T01:41:00.879589,0.26024550199508667,0.41814541816711426,Llama-3-8B-Q4,2025-05-21T09:12:17.100045
"The four-person group is made up of members of the company's current artistic staff, led by ballet master and former principal dancer Jonathan Stafford.",1.0,512,1,1747791690.3586013,2025-05-21T01:41:30.358611,0.24905839562416077,0.4032822549343109,Llama-3-8B-Q4,2025-05-21T09:12:20.261629
"Self-injury: Behaviors such as eye-poking, skin-picking, hand-biting and head-banging.",1.0,512,1,1747791719.2787247,2025-05-21T01:41:59.278737,0.25712209939956665,0.41352275013923645,Llama-3-8B-Q4,2025-05-21T09:12:20.601249
"I've noticed it the most during dress rehearsals, particularly for Balanchine ballets.",1.0,512,1,1747791747.7257805,2025-05-21T01:42:27.725794,0.2500988841056824,0.4034256339073181,Llama-3-8B-Q4,2025-05-21T09:12:20.914543
Which of these is not an inherited trait in humans? (Answer: D),1.0,512,1,1747791776.2553103,2025-05-21T01:42:56.255319,0.25533878803253174,0.4107207953929901,Llama-3-8B-Q4,2025-05-21T09:12:21.340856
How autism occurs is not well understood.,1.0,512,1,1747791804.447732,2025-05-21T01:43:24.447737,0.2584144175052643,0.4140153229236603,Llama-3-8B-Q4,2025-05-21T09:12:21.660864
The AWS Certified Security - Specialty Exam is now available to those who hold either an Associate or Cloud Practitioner certification from AWS.,1.0,512,0,1747791705.3566663,2025-05-21T01:41:45.356676,0.2353592962026596,0.40074607729911804,Llama-3-8B-Q4,2025-05-21T09:12:24.678440
Anarchism pays significant attention to moral arguments since ethics have a central role in anarchist philosophy.,1.0,512,0,1747791733.6713006,2025-05-21T01:42:13.671306,0.23258425295352936,0.3962293863296509,Llama-3-8B-Q4,2025-05-21T09:12:25.080801
"Despite African Americans making up a significant minority in the state, they had been unable to elect any representatives in most of the at-large jurisdictions.",1.0,512,0,1747791762.174427,2025-05-21T01:42:42.174432,0.23217205703258514,0.3955056071281433,Llama-3-8B-Q4,2025-05-21T09:12:25.421644
"Epidemiology  As of 2007, reviews estimate a prevalence of 1–2 per 1,000 for autism and close to 6 per 1,000 for ASD.",1.0,512,0,1747791790.4626763,2025-05-21T01:43:10.462686,0.23583802580833435,0.4016594886779785,Llama-3-8B-Q4,2025-05-21T09:12:25.916303
"Stay informed, click here to subscribe to the TechRepublic Cloud Insights newsletter.",1.0,512,0,1747791819.1597552,2025-05-21T01:43:39.159766,0.23447883129119873,0.4002281129360199,Llama-3-8B-Q4,2025-05-21T09:12:26.239243
"The Hunt Refining Company, a subsidiary of Hunt Consolidated, Inc., is based in Tuscaloosa and operates a refinery there.",1.0,512,0,1747791848.4478467,2025-05-21T01:44:08.447856,0.23676638305187225,0.40424156188964844,Llama-3-8B-Q4,2025-05-21T09:12:29.233115
"James Dean Riles, the other transient, was unable to cash his fraudulent check at the first bank, and was taken by Clarence Suggs and Reginald Hughes to a second bank where he was successful.",1.0,512,0,1747791876.6366274,2025-05-21T01:44:36.636637,0.21965937316417694,0.3775336742401123,Llama-3-8B-Q4,2025-05-21T09:12:29.557529
"NASA's Marshall Space Flight Center in Huntsville would help Alabama's economic growth in the mid-to-late 20th century, by developing an aerospace industry.",1.0,512,0,1747791904.804999,2025-05-21T01:45:04.805005,0.22957271337509155,0.39368775486946106,Llama-3-8B-Q4,2025-05-21T09:12:29.945995
"Explain what this code does:
def function_25(x): return x * 2",1.0,512,0,1747791933.4636977,2025-05-21T01:45:33.463703,0.23267479240894318,0.3975986838340759,Llama-3-8B-Q4,2025-05-21T09:12:30.309446
"That's how SFB describes their upcoming tribute to Jerome Robbins, March 20-25.",1.0,512,0,1747791962.4398208,2025-05-21T01:46:02.439826,0.22521932423114777,0.3872543275356293,Llama-3-8B-Q4,2025-05-21T09:12:30.730436
"Between run-throughs, each fastidiously practices difficult sections, never satisfied with the results.",1.0,512,1,1747791833.9537332,2025-05-21T01:43:53.953745,0.23805579543113708,0.38791367411613464,Llama-3-8B-Q4,2025-05-21T09:12:33.734074
Alabama receives an average of  of rainfall annually and enjoys a lengthy growing season of up to 300 days in the southern part of the state.,1.0,512,1,1747791862.1992044,2025-05-21T01:44:22.199215,0.25508373975753784,0.40991222858428955,Llama-3-8B-Q4,2025-05-21T09:12:34.046795
There's just an amazing sense of trust and spontaneity; I feel so connected when I'm out there.,1.0,512,1,1747791890.570893,2025-05-21T01:44:50.570910,0.2490922063589096,0.4014703333377838,Llama-3-8B-Q4,2025-05-21T09:12:34.362511
Cellular respiration results in the production of adenosine triphosphate (ATP) molecules for energy. The most efficient form of cellular respiration would result in the production of ATP along with which substances? (Answer: D),1.0,512,1,1747791919.0973358,2025-05-21T01:45:19.097351,0.25892722606658936,0.41628339886665344,Llama-3-8B-Q4,2025-05-21T09:12:34.744482
The source of energy for the Earth's water cycle is the (Answer: B),1.0,512,1,1747791947.8538404,2025-05-21T01:45:47.853846,0.2592346966266632,0.4170973598957062,Llama-3-8B-Q4,2025-05-21T09:12:35.057448
Joseph Raz states that the acceptance of authority implies the belief that following their instructions will afford more success.,1.0,512,1,1747791977.1499474,2025-05-21T01:46:17.149953,0.2519214153289795,0.40531426668167114,Llama-3-8B-Q4,2025-05-21T09:12:38.235083
"Explain what this code does:
def function_53(x): return x * 2",1.0,512,1,1747792005.3571148,2025-05-21T01:46:45.357120,0.2592722773551941,0.41734567284584045,Llama-3-8B-Q4,2025-05-21T09:12:38.550794
"By the 9th century, the Caroline script, which was very similar to the present-day form, was the principal form used in book-making, before the advent of the printing press.",1.0,512,1,1747792033.7696056,2025-05-21T01:47:13.769610,0.2524023652076721,0.4053415358066559,Llama-3-8B-Q4,2025-05-21T09:12:38.867585
Subscribe Also see,1.0,512,1,1747792061.80016,2025-05-21T01:47:41.800165,0.2552630603313446,0.4118330478668213,Llama-3-8B-Q4,2025-05-21T09:12:39.293313
"Offered in two different styles and either 2.5"" or 3"" heels, top industry professionals are loving how versatile and supportive these shoes are!",1.0,512,1,1747792090.506089,2025-05-21T01:48:10.506094,0.24778762459754944,0.39952996373176575,Llama-3-8B-Q4,2025-05-21T09:12:39.627133
"Their values can differ significantly, which is a common source of confusion.",1.0,512,0,1747791991.6675997,2025-05-21T01:46:31.667605,0.23599229753017426,0.40298140048980713,Llama-3-8B-Q4,2025-05-21T09:12:42.869871
1.,1.0,512,0,1747792019.5055995,2025-05-21T01:46:59.505604,0.24164821207523346,0.41198980808258057,Llama-3-8B-Q4,2025-05-21T09:12:43.276734
"Bryant–Denny Stadium is the home of the Alabama football team, and has a seating capacity of 101,821, and is the fifth largest stadium in America.",1.0,512,0,1747792047.8774211,2025-05-21T01:47:27.877426,0.23583562672138214,0.40205860137939453,Llama-3-8B-Q4,2025-05-21T09:12:43.591653
"Construction of an Airbus A320 family aircraft assembly plant in Mobile was formally announced by Airbus CEO Fabrice Brégier from the Mobile Convention Center on July 2, 2012.",1.0,512,0,1747792076.3497102,2025-05-21T01:47:56.349716,0.23342138528823853,0.3977353274822235,Llama-3-8B-Q4,2025-05-21T09:12:43.902141
"Additionally, compliance and security whitepapers will also help prepare would-be test takers.",1.0,512,0,1747792104.738937,2025-05-21T01:48:24.738942,0.23158583045005798,0.39458948373794556,Llama-3-8B-Q4,2025-05-21T09:12:44.265719
Over Antarctica snow albedo averages a little more than 0.8.,1.0,512,1,1747792119.289139,2025-05-21T01:48:39.289155,0.25484699010849,0.4098026156425476,Llama-3-8B-Q4,2025-05-21T09:12:47.405204
"This benefited the urban areas that had developed, as well as all in the population who had been underrepresented for more than sixty years.",1.0,512,1,1747792147.997066,2025-05-21T01:49:07.997071,0.24328239262104034,0.3938365876674652,Llama-3-8B-Q4,2025-05-21T09:12:47.753219
Log in with the user admin and the password you set when you created admin user earlier.,1.0,512,1,1747792176.3829052,2025-05-21T01:49:36.382910,0.25050830841064453,0.40254220366477966,Llama-3-8B-Q4,2025-05-21T09:12:48.158095
"Williams, Benjamin Buford.",1.0,512,1,1747792205.0161047,2025-05-21T01:50:05.016110,0.25297096371650696,0.40921396017074585,Llama-3-8B-Q4,2025-05-21T09:12:48.497863
"One evening as it is getting dark, Alex sits on the front porch and watches the sun slowly disappear behind the neighbor's house across the street. Which explains this observation? (Answer: D)",1.0,512,1,1747792233.5523598,2025-05-21T01:50:33.552365,0.2448461949825287,0.3966999053955078,Llama-3-8B-Q4,2025-05-21T09:12:48.813143
The Bay County Sheriff’s Office announced the arrest of a local man on charges he committed sexual battery on a child.,1.0,512,0,1747792134.6718242,2025-05-21T01:48:54.671834,0.2324972003698349,0.3960566818714142,Llama-3-8B-Q4,2025-05-21T09:12:51.871740
The current state constitution requires a voter referendum to raise property taxes.,1.0,512,0,1747792162.4137871,2025-05-21T01:49:22.413792,0.23282191157341003,0.3969056308269501,Llama-3-8B-Q4,2025-05-21T09:12:52.207563
"At the end of the Roman Empire (5th century AD), several variants of the cursive minuscule developed through Western Europe.",1.0,512,0,1747792190.8586838,2025-05-21T01:49:50.858689,0.23345451056957245,0.3970496952533722,Llama-3-8B-Q4,2025-05-21T09:12:52.535258
"Maternal inflammatory and autoimmune diseases may damage fetal tissues, aggravating a genetic problem or damaging the nervous system.",1.0,512,0,1747792219.2476196,2025-05-21T01:50:19.247625,0.23028582334518433,0.3923196494579315,Llama-3-8B-Q4,2025-05-21T09:12:52.855938
"In some years, it imposes more death sentences than does Texas, a state which has a population five times larger.",1.0,512,0,1747792248.0548024,2025-05-21T01:50:48.054807,0.23030555248260498,0.3920819163322449,Llama-3-8B-Q4,2025-05-21T09:12:53.235144
"It's part of my individuality,'"" he said.",1.0,512,0,1747792277.140143,2025-05-21T01:51:17.140148,0.22704164683818817,0.3884872794151306,Llama-3-8B-Q4,2025-05-21T09:12:56.436658
"By 1941 more Whites than Blacks had been disenfranchised: 600,000 to 520,000.",1.0,512,0,1747792305.1827838,2025-05-21T01:51:45.182796,0.22578062117099762,0.38545066118240356,Llama-3-8B-Q4,2025-05-21T09:12:56.800001
"Water ports of Alabama, listed from north to south:  See also   Index of Alabama-related articles  Outline of Alabama—organized list of topics about Alabama  Notes  References  Further reading   Atkins, Leah Rawls, Wayne Flynt, William Warren Rogers, and David Ward.",1.0,512,0,1747792333.636822,2025-05-21T01:52:13.636832,0.23058775067329407,0.39551883935928345,Llama-3-8B-Q4,2025-05-21T09:12:57.129025
"The partnership is known for creatively intersecting design and dance; last summer they created a swimwear line based on Justin Peck costumes, and in November they presented their design-driven Nutcracker.",1.0,512,0,1747792362.097908,2025-05-21T01:52:42.097912,0.2180595099925995,0.37496477365493774,Llama-3-8B-Q4,2025-05-21T09:12:57.453267
"The big takeaways for tech leaders: Qualcomm has unveiled the Snapdragon XR1 chip, which could bring high-quality AR and VR experiences to more users, at a lower cost.",1.0,512,0,1747792390.5644443,2025-05-21T01:53:10.564450,0.2297273576259613,0.39243561029434204,Llama-3-8B-Q4,2025-05-21T09:12:57.911784
And then the last third is basically just direct quotes from his films and bringing them back to life.,1.0,512,1,1747792262.670749,2025-05-21T01:51:02.670754,0.24422891438007355,0.3945978283882141,Llama-3-8B-Q4,2025-05-21T09:13:01.000702
"The Bolshoi Premiere of John Neumeier's Anna Karenina Last July Hamburg Ballet presented the world premiere of John Neumeier's Anna Karenina, a modern adaptation on Leo Tolstoy's famous novel.",1.0,512,1,1747792290.966332,2025-05-21T01:51:30.966345,0.25414803624153137,0.40915119647979736,Llama-3-8B-Q4,2025-05-21T09:13:01.313216
"The device is smaller than a credit card, has no moving parts, generates no heat, is wall-mountable, is powered by a standard USB (or included mini USB), and offers a standard ethernet connection.",1.0,512,1,1747792319.384869,2025-05-21T01:51:59.384884,0.24656519293785095,0.39896339178085327,Llama-3-8B-Q4,2025-05-21T09:13:01.634652
The atypical antipsychotic drugs risperidone and aripiprazole are FDA-approved for treating associated aggressive and self-injurious behaviors.,1.0,512,1,1747792347.814039,2025-05-21T01:52:27.814049,0.2591190040111542,0.4171719253063202,Llama-3-8B-Q4,2025-05-21T09:13:01.965592
"Different types of clouds exhibit different reflectivity, theoretically ranging in albedo from a minimum of near 0 to a maximum approaching 0.8.",1.0,512,1,1747792376.000955,2025-05-21T01:52:56.000960,0.25060829520225525,0.40466222167015076,Llama-3-8B-Q4,2025-05-21T09:13:02.420172
The term albedo was introduced into optics by Johann Heinrich Lambert in his 1760 work Photometria.,1.0,512,1,1747792405.3794446,2025-05-21T01:53:25.379449,0.26266658306121826,0.42103245854377747,Llama-3-8B-Q4,2025-05-21T09:13:05.492544
"Nonetheless, his ideas formed the inspiration for a series of modern schools around the world.",1.0,512,1,1747792434.2516406,2025-05-21T01:53:54.251645,0.2493879348039627,0.4036649763584137,Llama-3-8B-Q4,2025-05-21T09:13:05.896150
"Although the agreement was for the transients to get about $80 for their part in the scam, McNeight took half of the money and fled on foot.",1.0,512,1,1747792463.330763,2025-05-21T01:54:23.330771,0.24157196283340454,0.3912208378314972,Llama-3-8B-Q4,2025-05-21T09:13:06.217808
"Alabama's constitution has been amended more than 700 times, and almost one-third of the amendments are local in nature, applying to only one county or city.",1.0,512,1,1747792491.3455374,2025-05-21T01:54:51.345543,0.25092947483062744,0.40512314438819885,Llama-3-8B-Q4,2025-05-21T09:13:06.531137
"Said solution is Gitstorage, an easy-to-deploy appliance dedicated to housing your Git repositories.",1.0,512,1,1747792519.8290122,2025-05-21T01:55:19.829027,0.25089359283447266,0.4045429229736328,Llama-3-8B-Q4,2025-05-21T09:13:06.857355
The Etruscans brought the Greek alphabet to their civilization in the Italian Peninsula and left the letter unchanged.,1.0,512,0,1747792419.8511536,2025-05-21T01:53:39.851167,0.23156915605068207,0.39598947763442993,Llama-3-8B-Q4,2025-05-21T09:13:09.896500
P A men's classical Chinese dance class.,1.0,512,0,1747792448.4095154,2025-05-21T01:54:08.409521,0.22542700171470642,0.3879494071006775,Llama-3-8B-Q4,2025-05-21T09:13:10.255927
"During and after World War II, Alabama grew as the state's economy diversified with new industries.",1.0,512,0,1747792477.2998476,2025-05-21T01:54:37.299853,0.23399308323860168,0.39821648597717285,Llama-3-8B-Q4,2025-05-21T09:13:10.669890
"Based on their locations in the periodic table, which element has chemical properties most similar to those of calcium, Ca? (Answer: A)",1.0,512,0,1747792505.6339834,2025-05-21T01:55:05.633989,0.2352563589811325,0.40203067660331726,Llama-3-8B-Q4,2025-05-21T09:13:11.086508
BDA does participate in exchange programs with ballet schools around the world.,1.0,512,0,1747792534.3968852,2025-05-21T01:55:34.396890,0.2327508181333542,0.3968745470046997,Llama-3-8B-Q4,2025-05-21T09:13:11.445500
"Owen Thomas M. History of Alabama and Dictionary of Alabama Biography (4 vols, 1921).",1.0,512,1,1747792549.2076766,2025-05-21T01:55:49.207683,0.2579271197319031,0.41586440801620483,Llama-3-8B-Q4,2025-05-21T09:13:14.625255
"Explain what this code does:
def function_12(x): return x * 2",1.0,512,1,1747792577.9514065,2025-05-21T01:56:17.951412,0.25756990909576416,0.41375356912612915,Llama-3-8B-Q4,2025-05-21T09:13:14.935245
"Even if you're a one-person shop consultancy, it can be easy to drown in a quagmire of projects.",1.0,512,1,1747792606.5727136,2025-05-21T01:56:46.572719,0.2586844861507416,0.41529902815818787,Llama-3-8B-Q4,2025-05-21T09:13:15.369450
and possibly Alabahmu.,1.0,512,1,1747792634.6733606,2025-05-21T01:57:14.673366,0.24776625633239746,0.40268662571907043,Llama-3-8B-Q4,2025-05-21T09:13:15.693047
"Krohn joined NYCB as an apprentice in the fall of 1998 and slowly rose through the ranks, becoming a principal in 2012.",1.0,512,1,1747792664.098297,2025-05-21T01:57:44.098308,0.26390525698661804,0.4228781461715698,Llama-3-8B-Q4,2025-05-21T09:13:16.012085
Preempted diagnoses.,1.0,512,0,1747792563.8439138,2025-05-21T01:56:03.843919,0.23262783885002136,0.3986174464225769,Llama-3-8B-Q4,2025-05-21T09:13:19.288693
Many autistic individuals have been successful in their fields.,1.0,512,0,1747792592.1331968,2025-05-21T01:56:32.133203,0.2377607375383377,0.4051501750946045,Llama-3-8B-Q4,2025-05-21T09:13:19.622431
"Photo by Paul Kolnik, Courtesy New York City Ballet.",1.0,512,0,1747792620.731265,2025-05-21T01:57:00.731270,0.2306821495294571,0.3956294059753418,Llama-3-8B-Q4,2025-05-21T09:13:19.949784
We had our first workshop four years ago.,1.0,512,0,1747792649.3484926,2025-05-21T01:57:29.348498,0.22586385905742645,0.38691794872283936,Llama-3-8B-Q4,2025-05-21T09:13:20.396787
"A scientist put several different plants in a sealed container. Every hour, she checked the oxygen in the container to see if it changed. How did the oxygen in the container most likely change? (Answer: A)",1.0,512,0,1747792678.474502,2025-05-21T01:57:58.474507,0.23177623748779297,0.3964785635471344,Llama-3-8B-Q4,2025-05-21T09:13:20.842293
Which of these is an example of liquid water? (Answer: C),1.0,512,0,1747792707.7148848,2025-05-21T01:58:27.714894,0.23517069220542908,0.40234649181365967,Llama-3-8B-Q4,2025-05-21T09:13:23.985875
"During the first round, the final screen was blank.",1.0,512,0,1747792737.5942812,2025-05-21T01:58:57.594291,0.22411313652992249,0.385657399892807,Llama-3-8B-Q4,2025-05-21T09:13:24.381769
"I approached him about doing a different project a long time ago, and he said ""well, maybe that's not the correct project.""",1.0,512,0,1747792767.1748433,2025-05-21T01:59:27.174848,0.22391320765018463,0.3833143413066864,Llama-3-8B-Q4,2025-05-21T09:13:24.813438
"Although popularly used as an alternative treatment for autistic people, as of 2018 there is no good evidence to recommend a gluten- and casein-free diet as a standard treatment.",1.0,512,0,1747792796.879849,2025-05-21T01:59:56.879861,0.23244544863700867,0.3968014717102051,Llama-3-8B-Q4,2025-05-21T09:13:25.132547
An astronomer is studying two stars that are the same distance from Earth. Star X appears brighter than star Y. Which statement best explains this observation? (Answer: A),1.0,512,0,1747792826.8754258,2025-05-21T02:00:26.875431,0.22972874343395233,0.39235368371009827,Llama-3-8B-Q4,2025-05-21T09:13:25.451130
"A genotype-first model of diagnosis has been proposed, which would routinely assess the genome's copy number variations.",1.0,512,1,1747792693.3148398,2025-05-21T01:58:13.314850,0.25057253241539,0.40416115522384644,Llama-3-8B-Q4,2025-05-21T09:13:28.504115
"An estimated 60–80% of autistic people have motor signs that include poor muscle tone, poor motor planning, and toe walking;  deficits in motor coordination are pervasive across ASD and are greater in autism proper.",1.0,512,1,1747792722.9212837,2025-05-21T01:58:42.921288,0.2504431903362274,0.40309324860572815,Llama-3-8B-Q4,2025-05-21T09:13:28.850577
"According to Fullington, Balanchine took this slide from Ivanov's original choreography.",1.0,512,1,1747792752.5259187,2025-05-21T01:59:12.525924,0.25116825103759766,0.40406888723373413,Llama-3-8B-Q4,2025-05-21T09:13:29.186290
"Regina, 40, will retire from the stage in March, just as her daughter starts her own career as a trainee.",1.0,512,1,1747792782.101755,2025-05-21T01:59:42.101765,0.2501715123653412,0.40350016951560974,Llama-3-8B-Q4,2025-05-21T09:13:29.492928
"I've always really loved the Balanchine black and white ballets, and there are some Robbins ballets that are always so fulfilling.",1.0,512,1,1747792811.8431168,2025-05-21T02:00:11.843124,0.2532629370689392,0.40839681029319763,Llama-3-8B-Q4,2025-05-21T09:13:29.948167
"Of the parks and natural destinations, Alabama's Gulf Coast topped the list with 6,700,000 visitors.",1.0,512,0,1747792857.1692657,2025-05-21T02:00:57.169271,0.23327302932739258,0.3981703817844391,Llama-3-8B-Q4,2025-05-21T09:13:33.039968
"Explain what this code does:
def function_4(x): return x * 2",1.0,512,0,1747792886.2555342,2025-05-21T02:01:26.255539,0.2348535805940628,0.40086111426353455,Llama-3-8B-Q4,2025-05-21T09:13:33.419181
"Other members of the executive branch include the cabinet, the lieutenant governor of Alabama, the Attorney General of Alabama, the Alabama Secretary of State, the Alabama State Treasurer, and the State Auditor of Alabama.",1.0,512,0,1747792915.405948,2025-05-21T02:01:55.405953,0.23811034858226776,0.4058285355567932,Llama-3-8B-Q4,2025-05-21T09:13:33.758279
"Explain what this code does:
def function_16(x): return x * 2",1.0,512,0,1747792944.7532556,2025-05-21T02:02:24.753261,0.23490801453590393,0.40113043785095215,Llama-3-8B-Q4,2025-05-21T09:13:34.123886
"Explain what this code does:
def function_55(x): return x * 2",1.0,512,0,1747792974.407183,2025-05-21T02:02:54.407188,0.23411601781845093,0.399649441242218,Llama-3-8B-Q4,2025-05-21T09:13:34.531752
"Summers in Alabama are among the hottest in the U.S., with high temperatures averaging over  throughout the summer in some parts of the state.",1.0,512,1,1747792842.167169,2025-05-21T02:00:42.167175,0.25880151987075806,0.415248841047287,Llama-3-8B-Q4,2025-05-21T09:13:37.609287
In general I would say the time that I've had onstage with some of my friends and dancing partners has been so special.,1.0,512,1,1747792871.397946,2025-05-21T02:01:11.397951,0.25346434116363525,0.4075527489185333,Llama-3-8B-Q4,2025-05-21T09:13:37.935743
"For some, that means setting up a server and running a Git repository for the housing of proprietary or open source code.",1.0,512,1,1747792900.6532664,2025-05-21T02:01:40.653280,0.2549659311771393,0.40963852405548096,Llama-3-8B-Q4,2025-05-21T09:13:38.384206
"Alabama () is a state in the Southeastern region of the United States, bordered by Tennessee to the north; Georgia to the east; Florida and the Gulf of Mexico to the south; and Mississippi to the west.",1.0,512,1,1747792929.9417908,2025-05-21T02:02:09.941796,0.26632946729660034,0.42675644159317017,Llama-3-8B-Q4,2025-05-21T09:13:38.707406
"In comparison, for PDD-NOS the association with intellectual disability is much weaker, and by definition, the diagnosis of Asperger's excludes intellectual disability.",1.0,512,1,1747792959.4858127,2025-05-21T02:02:39.485818,0.254034161567688,0.40863651037216187,Llama-3-8B-Q4,2025-05-21T09:13:39.035089
"""This is not Shakespeare's Midsummer,"" says Joffrey Ballet artistic director Ashley Wheater.",1.0,512,0,1747793004.6777382,2025-05-21T02:03:24.677744,0.22879517078399658,0.39135849475860596,Llama-3-8B-Q4,2025-05-21T09:13:42.270280
"SEE: Virtual and augmented reality policy (Tech Pro Research) The XR1 features an ARM-based multi-core CPU, a vector processor, a GPU, and a dedicated AI engine for on-board processing.",1.0,512,0,1747793033.5989707,2025-05-21T02:03:53.598976,0.2217322438955307,0.38093963265419006,Llama-3-8B-Q4,2025-05-21T09:13:42.583114
"Health In 2018, life expectancy in Alabama was 75.1 years, below the national average of 78.7 years and is the third lowest life expectancy in the country.",1.0,512,0,1747793062.9669392,2025-05-21T02:04:22.966944,0.23717990517616272,0.4050726890563965,Llama-3-8B-Q4,2025-05-21T09:13:42.913551
"In music, anarchism has been associated with music scenes such as punk.",1.0,512,0,1747793092.1885338,2025-05-21T02:04:52.188538,0.2372606098651886,0.403626412153244,Llama-3-8B-Q4,2025-05-21T09:13:43.244469
"Radar Albedos of Solar System Objects  The values reported for the Moon, Mercury, Mars, Venus, and Comet P/2005 JQ5 are derived from the total (OC+SC) radar albedo reported in those references.",1.0,512,0,1747793122.0702858,2025-05-21T02:05:22.070292,0.21878297626972198,0.375898540019989,Llama-3-8B-Q4,2025-05-21T09:13:43.549263
"Explain what this code does:
def function_23(x): return x * 2",1.0,512,1,1747792989.7218482,2025-05-21T02:03:09.721858,0.25960773229599,0.417277067899704,Llama-3-8B-Q4,2025-05-21T09:13:46.709567
"A defence of philosophical anarchism, stating that ""both kinds of 'anarchism' [i.e.",1.0,512,1,1747793018.910288,2025-05-21T02:03:38.910294,0.24113772809505463,0.39108726382255554,Llama-3-8B-Q4,2025-05-21T09:13:47.028300
"Explain what this code does:
def function_10(x): return x * 2",1.0,512,1,1747793048.1785438,2025-05-21T02:04:08.178549,0.25894805788993835,0.4160643517971039,Llama-3-8B-Q4,2025-05-21T09:13:47.339320
Siblings of children with ASD report greater admiration of and less conflict with the affected sibling than siblings of unaffected children and were similar to siblings of children with Down syndrome in these aspects of the sibling relationship.,1.0,512,1,1747793077.772134,2025-05-21T02:04:37.772148,0.25659623742103577,0.41259774565696716,Llama-3-8B-Q4,2025-05-21T09:13:47.699530
Cotton and other cash crops faded in importance as the state developed a manufacturing and service base.,1.0,512,1,1747793107.1840315,2025-05-21T02:05:07.184037,0.2529436945915222,0.40680932998657227,Llama-3-8B-Q4,2025-05-21T09:13:48.012220
"Not only did they confront state armed forces, as in Spain and Ukraine, but some of them also employed terrorism as propaganda of the deed.",1.0,512,1,1747793137.2969713,2025-05-21T02:05:37.296977,0.24442517757415771,0.39458945393562317,Llama-3-8B-Q4,2025-05-21T09:13:51.078382
"Anarchism calls for the abolition of the state, which it holds to be unnecessary, undesirable, and harmful.",1.0,512,1,1747793166.5514514,2025-05-21T02:06:06.551482,0.2615666389465332,0.4188201129436493,Llama-3-8B-Q4,2025-05-21T09:13:51.413509
Aerosols modify the properties of clouds through a subset of the aerosol population called cloud condensation nuclei.,1.0,512,1,1747793196.265427,2025-05-21T02:06:36.265432,0.25422078371047974,0.4085846543312073,Llama-3-8B-Q4,2025-05-21T09:13:51.852627
"Once I had that IP address, I could point my browser to that address and login with user root and password password.",1.0,512,1,1747793225.2245836,2025-05-21T02:07:05.224589,0.25280657410621643,0.40624499320983887,Llama-3-8B-Q4,2025-05-21T09:13:52.262250
History  Pre-European settlement  Indigenous peoples of varying cultures lived in the area for thousands of years before the advent of European colonization.,1.0,512,1,1747793254.5410104,2025-05-21T02:07:34.541016,0.2582125961780548,0.41472700238227844,Llama-3-8B-Q4,2025-05-21T09:13:52.648533
Each appliance is a single board computer (based on the Raspberry Pi).,1.0,512,0,1747793152.6651843,2025-05-21T02:05:52.665190,0.21774329245090485,0.37425532937049866,Llama-3-8B-Q4,2025-05-21T09:13:55.742741
Notes  The Talladega Superspeedway motorsports complex hosts a series of NASCAR events.,1.0,512,0,1747793181.5789673,2025-05-21T02:06:21.578976,0.22871363162994385,0.3908454179763794,Llama-3-8B-Q4,2025-05-21T09:13:56.090725
Pei Yu learned Over Glow from Elo himself.,1.0,512,0,1747793210.8260925,2025-05-21T02:06:50.826097,0.22736836969852448,0.38890260457992554,Llama-3-8B-Q4,2025-05-21T09:13:56.427428
"The notes were incomplete and difficult to read, yet Sergeyev persisted, and The Nutcracker made it to the stage.",1.0,512,0,1747793239.967399,2025-05-21T02:07:19.967409,0.23470927774906158,0.4011583626270294,Llama-3-8B-Q4,2025-05-21T09:13:56.934427
Rural workers poured into the largest cities in the state for better jobs and a higher standard of living.,1.0,512,0,1747793269.384117,2025-05-21T02:07:49.384122,0.23035602271556854,0.39284709095954895,Llama-3-8B-Q4,2025-05-21T09:13:57.330187
The Ceremonial Complex represents a major component of the religion of the Mississippian peoples; it is one of the primary means by which their religion is understood.,1.0,512,0,1747793299.7582352,2025-05-21T02:08:19.758239,0.2306770533323288,0.3943764269351959,Llama-3-8B-Q4,2025-05-21T09:14:00.458326
Four materials are put into small containers. These materials are then moved from the small containers into larger containers. Which material will spread out to completely fill a larger container? (Answer: A),1.0,512,0,1747793328.6289191,2025-05-21T02:08:48.628924,0.2231479436159134,0.3827747702598572,Llama-3-8B-Q4,2025-05-21T09:14:00.770807
"After 1890, a coalition of White Democratic politicians passed laws to segregate and disenfranchise African American residents, a process completed in provisions of the 1901 constitution.",1.0,512,0,1747793357.8346634,2025-05-21T02:09:17.834668,0.2266426980495453,0.3870939612388611,Llama-3-8B-Q4,2025-05-21T09:14:01.093816
"Explain what this code does:
def function_82(x): return x * 2",1.0,512,0,1747793387.0506968,2025-05-21T02:09:47.050701,0.2348887026309967,0.40072566270828247,Llama-3-8B-Q4,2025-05-21T09:14:01.411135
"Some anarchists distanced themselves from this line of thinking, suggesting that it leaned towards an individualism that was dropping the cause of social liberation.",1.0,512,0,1747793416.7208467,2025-05-21T02:10:16.720855,0.22817885875701904,0.3892230689525604,Llama-3-8B-Q4,2025-05-21T09:14:01.822267
"21st century  In 2001, Alabama Supreme Court chief justice Roy Moore installed a statue of the Ten Commandments in the capitol in Montgomery.",1.0,512,1,1747793284.442894,2025-05-21T02:08:04.442913,0.25736966729164124,0.41345304250717163,Llama-3-8B-Q4,2025-05-21T09:14:04.916085
"In 2010, per capita income for the state was $22,984.",1.0,512,1,1747793313.4192052,2025-05-21T02:08:33.419210,0.25525015592575073,0.41063591837882996,Llama-3-8B-Q4,2025-05-21T09:14:05.292232
"The Goodyear Tire and Rubber Company operates a large plant in Gadsden which employs about 1,400 people.",1.0,512,1,1747793343.0899568,2025-05-21T02:09:03.089962,0.25968652963638306,0.4166423976421356,Llama-3-8B-Q4,2025-05-21T09:14:05.618262
"In sunlight, dark clothes absorb more heat and light-coloured clothes reflect it better, thus allowing some control over body temperature by exploiting the albedo effect of the colour of external clothing.",1.0,512,1,1747793372.102145,2025-05-21T02:09:32.102150,0.24332812428474426,0.39247384667396545,Llama-3-8B-Q4,2025-05-21T09:14:05.936999
"Explain what this code does:
def function_30(x): return x * 2",1.0,512,1,1747793401.552616,2025-05-21T02:10:01.552621,0.25454169511795044,0.40981999039649963,Llama-3-8B-Q4,2025-05-21T09:14:06.380309
"Anarcho-syndicalism is a branch of anarchism that views labour syndicates as a potential force for revolutionary social change, replacing capitalism and the state with a new society democratically self-managed by workers.",1.0,512,1,1747793432.287136,2025-05-21T02:10:32.287145,0.25857657194137573,0.4145435392856598,Llama-3-8B-Q4,2025-05-21T09:14:09.572983
"Additional security trainings on AWS Security Fundamentals, Authentication and Authorization with AWS Identity and Access Management, AWS Shared Responsibility Model, and AWS Well-Architected Training are also helpful.",1.0,512,1,1747793461.7295847,2025-05-21T02:11:01.729590,0.25447577238082886,0.4092331826686859,Llama-3-8B-Q4,2025-05-21T09:14:09.909280
"The overall federal, state, and local tax burden in Alabama ranks the state as the second least tax-burdened state in the country.",1.0,512,1,1747793490.8476036,2025-05-21T02:11:30.847613,0.2597960829734802,0.417156845331192,Llama-3-8B-Q4,2025-05-21T09:14:10.295106
It has been proposed to classify autism using genetics as well as behavior.,1.0,512,1,1747793519.9843166,2025-05-21T02:11:59.984326,0.2560330331325531,0.41136837005615234,Llama-3-8B-Q4,2025-05-21T09:14:10.666479
How is a moth's life cycle most different from an insect that goes through incomplete metamorphosis? (Answer: A),1.0,512,1,1747793550.1430316,2025-05-21T02:12:30.143041,0.25143200159072876,0.40578731894493103,Llama-3-8B-Q4,2025-05-21T09:14:11.061870
Some changes at the county level have occurred following court challenges to establish single-member districts that enable a more diverse representation among county boards.,1.0,512,0,1747793447.275605,2025-05-21T02:10:47.275615,0.22866973280906677,0.390503466129303,Llama-3-8B-Q4,2025-05-21T09:14:14.256697
"Data is money.""",1.0,512,0,1747793476.1483154,2025-05-21T02:11:16.148324,0.22892510890960693,0.39053887128829956,Llama-3-8B-Q4,2025-05-21T09:14:14.638001
Stars are organized into patterns called constellations. One constellation is named Leo. Which statement best explains why Leo appears in different areas of the sky throughout the year? (Answer: A),1.0,512,0,1747793505.531809,2025-05-21T02:11:45.531819,0.22840555012226105,0.3893909752368927,Llama-3-8B-Q4,2025-05-21T09:14:15.024180
Which is a nonrenewable resource? (Answer: A),1.0,512,0,1747793534.6860254,2025-05-21T02:12:14.686038,0.23153136670589447,0.39615336060523987,Llama-3-8B-Q4,2025-05-21T09:14:15.359147
Intellectual disability.,1.0,512,0,1747793564.2636805,2025-05-21T02:12:44.263690,0.23370181024074554,0.39904311299324036,Llama-3-8B-Q4,2025-05-21T09:14:15.733550
"An estimated 26 million tourists visited the state in 2017 and spent $14.3 billion, providing directly or indirectly 186,900 jobs in the state, which includes 362,000 International tourists spending $589 million.",1.0,512,0,1747793593.4956262,2025-05-21T02:13:13.495632,0.22469334304332733,0.38393449783325195,Llama-3-8B-Q4,2025-05-21T09:14:18.779243
"Explain what this code does:
def function_72(x): return x * 2",1.0,512,0,1747793621.5318034,2025-05-21T02:13:41.531814,0.23079489171504974,0.3941805958747864,Llama-3-8B-Q4,2025-05-21T09:14:19.214265
"Students studying membranes conducted an experiment using labeled paper cups filled with varying concentrations of red food coloring. After the experiment, the cups were empty and stained. What should be done with used cups? (Answer: C)",1.0,512,0,1747793650.030307,2025-05-21T02:14:10.030313,0.21845895051956177,0.37435245513916016,Llama-3-8B-Q4,2025-05-21T09:14:19.617919
"Explain what this code does:
def function_75(x): return x * 2",1.0,512,0,1747793679.490263,2025-05-21T02:14:39.490281,0.23159629106521606,0.39491748809814453,Llama-3-8B-Q4,2025-05-21T09:14:19.938403
A study following the burning of the Kuwaiti oil fields during Iraqi occupation showed that temperatures under the burning oil fires were as much as  colder than temperatures several miles away under clear skies.,1.0,512,0,1747793708.4934616,2025-05-21T02:15:08.493477,0.2266675978899002,0.38799265027046204,Llama-3-8B-Q4,2025-05-21T09:14:20.376215
"Email policies IT should have an email policy in place that hardens systems and can detect spam and viruses, Rickard said.",1.0,512,1,1747793579.02503,2025-05-21T02:12:59.025038,0.24856159090995789,0.4010300934314728,Llama-3-8B-Q4,2025-05-21T09:14:23.565472
The Canadian artist's many accolades include a 1952 Oscar for Best Documentary for his abstract short film Neighbours (watch the whole thing here).,1.0,512,1,1747793607.1960697,2025-05-21T02:13:27.196078,0.24164992570877075,0.3913734555244446,Llama-3-8B-Q4,2025-05-21T09:14:23.905814
"Explain what this code does:
def function_84(x): return x * 2",1.0,512,1,1747793635.937415,2025-05-21T02:13:55.937420,0.25495901703834534,0.41078680753707886,Llama-3-8B-Q4,2025-05-21T09:14:24.335752
Urban interests were consistently underrepresented in the legislature.,1.0,512,1,1747793664.1729481,2025-05-21T02:14:24.172953,0.25155723094940186,0.40597793459892273,Llama-3-8B-Q4,2025-05-21T09:14:24.760246
A student accidentally drops a test tube that breaks when it hits the floor. Which method is the best way to retrieve the broken glass? (Answer: C),1.0,512,1,1747793693.8103068,2025-05-21T02:14:53.810313,0.25654590129852295,0.4130059480667114,Llama-3-8B-Q4,2025-05-21T09:14:25.159354
"Cahaba, now a ghost town, was the first permanent state capital from 1820 to 1825.",1.0,512,1,1747793723.525863,2025-05-21T02:15:23.525891,0.2581382393836975,0.41456061601638794,Llama-3-8B-Q4,2025-05-21T09:14:28.422978
"Explain what this code does:
def function_69(x): return x * 2",1.0,512,1,1747793752.332331,2025-05-21T02:15:52.332335,0.2601143717765808,0.4180896580219269,Llama-3-8B-Q4,2025-05-21T09:14:28.766058
"In the UK, from 1998 to 2018, the autism diagnoses increased by 787%.",1.0,512,1,1747793780.9535975,2025-05-21T02:16:20.953602,0.2582922577857971,0.4141666293144226,Llama-3-8B-Q4,2025-05-21T09:14:29.098773
The Nutcracker's first major exposure outside of Russia took place in London in 1934.,1.0,512,1,1747793809.4170635,2025-05-21T02:16:49.417069,0.25984665751457214,0.4173359274864197,Llama-3-8B-Q4,2025-05-21T09:14:29.413169
"""I think it says something that Alex trusts us to bring the work to its full realization,"" says Wheater.",1.0,512,1,1747793838.3494837,2025-05-21T02:17:18.349489,0.25096774101257324,0.4047347903251648,Llama-3-8B-Q4,2025-05-21T09:14:29.838362
"Edmundson says that while the individual does not owe the state a duty of obedience, this does not imply that anarchism is the inevitable conclusion and the state is still morally legitimate.",1.0,512,0,1747793738.3892174,2025-05-21T02:15:38.389223,0.22457361221313477,0.38433393836021423,Llama-3-8B-Q4,2025-05-21T09:14:32.870403
"For example, one online retailer Rickard works with has many customers from the EU, but can't geolocate them from the website.",1.0,512,0,1747793766.8387828,2025-05-21T02:16:06.838793,0.22523856163024902,0.38490816950798035,Llama-3-8B-Q4,2025-05-21T09:14:33.266246
The suffix -ism denotes the ideological current that favours anarchy.,1.0,512,0,1747793795.3519337,2025-05-21T02:16:35.351945,0.2286866158246994,0.39101099967956543,Llama-3-8B-Q4,2025-05-21T09:14:33.597979
"Balletomanes felt the work to be uneven, and lamented the lack of a main ballerina in the first act.",1.0,512,0,1747793824.251848,2025-05-21T02:17:04.251859,0.22711355984210968,0.38853952288627625,Llama-3-8B-Q4,2025-05-21T09:14:33.923840
This can be especially overwhelming when you have a larger IT department and a staff working on numerous projects at once.,1.0,512,0,1747793853.241636,2025-05-21T02:17:33.241641,0.2339964210987091,0.3983963131904602,Llama-3-8B-Q4,2025-05-21T09:14:34.270964
Two elements in the same group on the Periodic Table of the Elements are most similar in their (Answer: D),1.0,512,0,1747793882.988044,2025-05-21T02:18:02.988059,0.23224908113479614,0.3963303864002228,Llama-3-8B-Q4,2025-05-21T09:14:37.417860
"In 2018, Mobile's Mardi Gras parade was the state's top event, producing the most tourists with an attendance of 892,811.",1.0,512,0,1747793911.3322055,2025-05-21T02:18:31.332216,0.23008418083190918,0.39304205775260925,Llama-3-8B-Q4,2025-05-21T09:14:37.788611
Which property of a mineral can be determined just by looking at it? (Answer: A),1.0,512,0,1747793939.9249594,2025-05-21T02:18:59.924965,0.23398898541927338,0.39950305223464966,Llama-3-8B-Q4,2025-05-21T09:14:38.199943
"Using the tag information, investigators were able to learn the two vehicles were rentals and eventually identified the four men from Atlanta.",1.0,512,0,1747793968.564668,2025-05-21T02:19:28.564679,0.2267247587442398,0.3868245780467987,Llama-3-8B-Q4,2025-05-21T09:14:38.610833
"Individual symptoms of autism occur in the general population and appear not to associate highly, without a sharp line separating pathologically severe from common traits.",1.0,512,0,1747793998.1848788,2025-05-21T02:19:58.184890,0.2221609205007553,0.38056519627571106,Llama-3-8B-Q4,2025-05-21T09:14:39.006278
"Explain what this code does:
def function_61(x): return x * 2",1.0,512,1,1747793868.096546,2025-05-21T02:17:48.096552,0.25376278162002563,0.4086795747280121,Llama-3-8B-Q4,2025-05-21T09:14:42.185488
No single treatment is best and treatment is typically tailored to the child's needs.,1.0,512,1,1747793896.8682213,2025-05-21T02:18:16.868226,0.2553650438785553,0.4105593264102936,Llama-3-8B-Q4,2025-05-21T09:14:42.518460
The other detail that will change with personal data access under GDPR is how long companies have to respond to your request.,1.0,512,1,1747793925.5974438,2025-05-21T02:18:45.597448,0.2581068277359009,0.4145087003707886,Llama-3-8B-Q4,2025-05-21T09:14:42.843763
But the management of projects and ticket issues doesn't just fall on the heads of large companies.,1.0,512,1,1747793954.2557993,2025-05-21T02:19:14.255804,0.2557937502861023,0.41083595156669617,Llama-3-8B-Q4,2025-05-21T09:14:43.165402
"In one of 60 spacious dance studios at the Beijing Dance Academy, Pei Yu Meng practices a tricky step from Jorma Elo's Over Glow.",1.0,512,1,1747793982.9637222,2025-05-21T02:19:42.963727,0.247589111328125,0.40008237957954407,Llama-3-8B-Q4,2025-05-21T09:14:43.523426
"Muslims have been increasing in Alabama, with 31 mosques built by 2011, many by African-American converts.",1.3,512,0,1747794027.9233584,2025-05-21T02:20:27.923369,0.22774191200733185,0.38947683572769165,Llama-3-8B-Q4,2025-05-21T09:14:46.619530
"Among these approaches, interventions either treat autistic features comprehensively, or focalize treatment on a specific area of deficit.",1.3,512,0,1747794056.506587,2025-05-21T02:20:56.506592,0.2346341609954834,0.3996504247188568,Llama-3-8B-Q4,2025-05-21T09:14:46.930471
"Explain what this code does:
def function_15(x): return x * 2",1.3,512,0,1747794085.1800623,2025-05-21T02:21:25.180067,0.23499885201454163,0.400960773229599,Llama-3-8B-Q4,2025-05-21T09:14:47.445410
A -wide meteorite hit the area about 80 million years ago.,1.3,512,0,1747794113.851061,2025-05-21T02:21:53.851065,0.23115715384483337,0.3958061933517456,Llama-3-8B-Q4,2025-05-21T09:14:47.788737
"Ritualistic behavior: Unvarying pattern of daily activities, such as an unchanging menu or a dressing ritual.",1.3,512,0,1747794142.7466536,2025-05-21T02:22:22.746659,0.22661682963371277,0.3887980580329895,Llama-3-8B-Q4,2025-05-21T09:14:48.106947
Two common optical albedos that are used in astronomy are the (V-band) geometric albedo (measuring brightness when illumination comes from directly behind the observer) and the Bond albedo (measuring total proportion of electromagnetic energy reflected).,1.3,512,1,1747794013.2298846,2025-05-21T02:20:13.229890,0.24963045120239258,0.4036513864994049,Llama-3-8B-Q4,2025-05-21T09:14:51.377463
Her undying passion for these pieces is incredibly inspiring.,1.3,512,1,1747794041.9779932,2025-05-21T02:20:41.977998,0.2461966723203659,0.39927515387535095,Llama-3-8B-Q4,2025-05-21T09:14:51.720251
"They were followed by the major currents of social anarchism (collectivist, communist and syndicalist).",1.3,512,1,1747794070.605718,2025-05-21T02:21:10.605723,0.2537921369075775,0.41055768728256226,Llama-3-8B-Q4,2025-05-21T09:14:52.047228
"Explain what this code does:
def function_92(x): return x * 2",1.3,512,1,1747794099.4722402,2025-05-21T02:21:39.472245,0.25446271896362305,0.4098884165287018,Llama-3-8B-Q4,2025-05-21T09:14:52.362536
I want to walk you through the installation of one such tool: Trac.,1.3,512,1,1747794128.0626435,2025-05-21T02:22:08.062655,0.2560707926750183,0.41175156831741333,Llama-3-8B-Q4,2025-05-21T09:14:52.783603
"Explain what this code does:
def function_70(x): return x * 2",1.3,512,0,1747794172.619951,2025-05-21T02:22:52.619956,0.22289426624774933,0.38071802258491516,Llama-3-8B-Q4,2025-05-21T09:14:55.919177
Which celestial object listed below has the greatest density? (Answer: D),1.3,512,0,1747794200.8223422,2025-05-21T02:23:20.822347,0.23218685388565063,0.3967497944831848,Llama-3-8B-Q4,2025-05-21T09:14:56.249873
"Explain what this code does:
def function_58(x): return x * 2",1.3,512,0,1747794229.491241,2025-05-21T02:23:49.491246,0.23456113040447235,0.40041807293891907,Llama-3-8B-Q4,2025-05-21T09:14:56.554039
"In 1861, the state seceded from the United States to become part of the Confederate States of America, with Montgomery acting as its first capital, and rejoined the Union in 1868.",1.3,512,0,1747794258.279468,2025-05-21T02:24:18.279478,0.23599688708782196,0.40192246437072754,Llama-3-8B-Q4,2025-05-21T09:14:56.857556
"Explain what this code does:
def function_24(x): return x * 2",1.3,512,0,1747794288.1930556,2025-05-21T02:24:48.193071,0.23695102334022522,0.40413594245910645,Llama-3-8B-Q4,2025-05-21T09:14:57.230169
", Alabama has the sixth highest poverty rate among states in the U.S.",1.3,512,1,1747794157.593339,2025-05-21T02:22:37.593343,0.2566554844379425,0.41256144642829895,Llama-3-8B-Q4,2025-05-21T09:15:00.310566
"Of those who indicated a religious preference, 59% said they possessed a ""full understanding"" of their faith and needed no further learning.",1.3,512,1,1747794186.4433143,2025-05-21T02:23:06.443324,0.2544034719467163,0.40889298915863037,Llama-3-8B-Q4,2025-05-21T09:15:00.785983
"Explain what this code does:
def function_33(x): return x * 2",1.3,512,1,1747794215.1702714,2025-05-21T02:23:35.170281,0.25786077976226807,0.41440126299858093,Llama-3-8B-Q4,2025-05-21T09:15:01.210681
"Explain what this code does:
def function_57(x): return x * 2",1.3,512,1,1747794243.8035002,2025-05-21T02:24:03.803509,0.25449851155281067,0.40948769450187683,Llama-3-8B-Q4,2025-05-21T09:15:01.609078
(A Birmingham city ordinance would have raised theirs to $10.10.),1.3,512,1,1747794272.5150933,2025-05-21T02:24:32.515098,0.2519029378890991,0.40554219484329224,Llama-3-8B-Q4,2025-05-21T09:15:01.937963
"However, there are no correspondingly similar words in the Alabama language.",1.3,512,1,1747794303.0312462,2025-05-21T02:25:03.031256,0.24253639578819275,0.3937717378139496,Llama-3-8B-Q4,2025-05-21T09:15:05.031854
The male insects in a population are treated to prevent sperm production. Would this reduce this insect population? (Answer: C),1.3,512,1,1747794331.89667,2025-05-21T02:25:31.896686,0.24719732999801636,0.39943191409111023,Llama-3-8B-Q4,2025-05-21T09:15:05.475391
"With the rise of organised hierarchical bodies, scepticism toward authority also rose.",1.3,512,1,1747794361.0689812,2025-05-21T02:26:01.068987,0.2548263967037201,0.4100554585456848,Llama-3-8B-Q4,2025-05-21T09:15:05.871371
George wants to warm his hands quickly by rubbing them. Which skin surface will produce the most heat? (Answer: A),1.3,512,1,1747794389.7813654,2025-05-21T02:26:29.781371,0.24605055153369904,0.3968372046947479,Llama-3-8B-Q4,2025-05-21T09:15:06.284297
"However, the link to climate change has not been explored to date and it is unclear whether or not this represents an ongoing trend.",1.3,512,1,1747794419.123169,2025-05-21T02:26:59.123175,0.2490053027868271,0.40125444531440735,Llama-3-8B-Q4,2025-05-21T09:15:06.708623
"Its oldest city is Mobile, founded by French colonists in 1702 as the capital of French Louisiana.",1.3,512,0,1747794317.927594,2025-05-21T02:25:17.927604,0.23760545253753662,0.4048478305339813,Llama-3-8B-Q4,2025-05-21T09:15:09.865221
The state has numerous place names of Native American origin.,1.3,512,0,1747794346.3747182,2025-05-21T02:25:46.374723,0.23588913679122925,0.4026603400707245,Llama-3-8B-Q4,2025-05-21T09:15:10.253446
"Law and government  State government  The foundational document for Alabama's government is the Alabama Constitution, which was ratified in 1901.",1.3,512,0,1747794375.5319085,2025-05-21T02:26:15.531914,0.23500367999076843,0.400467187166214,Llama-3-8B-Q4,2025-05-21T09:15:10.579666
"She's standing among other students, but they all work alone, with the help of teachers calling out corrections from the front of the room.",1.3,512,0,1747794404.517253,2025-05-21T02:26:44.517263,0.22268544137477875,0.38214656710624695,Llama-3-8B-Q4,2025-05-21T09:15:10.935582
"This week marks the world premiere of Frame by Frame, The National Ballet of Canada's new full length ballet based on the life and work of innovative filmmaker Norman McLaren.",1.3,512,0,1747794434.1448069,2025-05-21T02:27:14.144822,0.23338614404201508,0.39770424365997314,Llama-3-8B-Q4,2025-05-21T09:15:11.304612
"There was also a cursive style used for everyday or utilitarian writing, which was done on more perishable surfaces.",1.3,512,1,1747794449.3997426,2025-05-21T02:27:29.399752,0.2529091238975525,0.4073699116706848,Llama-3-8B-Q4,2025-05-21T09:15:14.555379
"Explain what this code does:
def function_2(x): return x * 2",1.3,512,1,1747794478.1465392,2025-05-21T02:27:58.146570,0.25933191180229187,0.41664430499076843,Llama-3-8B-Q4,2025-05-21T09:15:14.933649
Why do areas in the middle of a large continent generally have more extreme differences in temperature than areas near the coastline? (Answer: D),1.3,512,1,1747794507.0784967,2025-05-21T02:28:27.078510,0.25381356477737427,0.40819597244262695,Llama-3-8B-Q4,2025-05-21T09:15:15.332383
Many thought that the story was too light compared to historically based stories.,1.3,512,1,1747794535.8050644,2025-05-21T02:28:55.805071,0.2489561140537262,0.40266522765159607,Llama-3-8B-Q4,2025-05-21T09:15:15.685566
"In contemporary anarchism, this current survives as a tendency to support polyamory and queer anarchism.",1.3,512,1,1747794565.4078398,2025-05-21T02:29:25.407846,0.24759459495544434,0.3994584381580353,Llama-3-8B-Q4,2025-05-21T09:15:15.994092
"""Showing can be more effective than telling.",1.3,512,0,1747794464.1331644,2025-05-21T02:27:44.133173,0.22849075496196747,0.3914541006088257,Llama-3-8B-Q4,2025-05-21T09:15:19.175834
The use of state names derived from Native American languages is common in the U.S.; an estimated 27 states have names of Native American origin.,1.3,512,0,1747794492.8214543,2025-05-21T02:28:12.821459,0.23217925429344177,0.39627566933631897,Llama-3-8B-Q4,2025-05-21T09:15:19.508139
Trees most likely change the environment in which they are located by (Answer: D),1.3,512,0,1747794521.5419374,2025-05-21T02:28:41.541947,0.23354971408843994,0.39835867285728455,Llama-3-8B-Q4,2025-05-21T09:15:19.820378
"Generally prohibited in the West at large, school corporal punishment is not unusual in Alabama, with 27,260 public school students paddled at least one time, according to government data for the 2011–2012 school year.",1.3,512,0,1747794550.7121592,2025-05-21T02:29:10.712174,0.22382032871246338,0.3841082453727722,Llama-3-8B-Q4,2025-05-21T09:15:20.243030
Coal is solid rock that began as organic material that was deposited in a swamp. The formation of coal suggests that (Answer: D),1.3,512,0,1747794580.19411,2025-05-21T02:29:40.194115,0.22176256775856018,0.37886786460876465,Llama-3-8B-Q4,2025-05-21T09:15:20.627849
"For example, the effects of a spectrally responsive albedo are illustrated by the differences between the spectrally weighted albedo of solar photovoltaic technology based on hydrogenated amorphous silicon (a-Si:H) and crystalline silicon (c-Si)-based compared to traditional spectral-integrated albedo predictions.",1.3,512,0,1747794610.2559655,2025-05-21T02:30:10.255971,0.2186657339334488,0.3765644133090973,Llama-3-8B-Q4,2025-05-21T09:15:23.752945
Why are alternative fuels being used in some automobiles? (Answer: B),1.3,512,0,1747794638.3841112,2025-05-21T02:30:38.384125,0.22766347229480743,0.3899456858634949,Llama-3-8B-Q4,2025-05-21T09:15:24.111827
"Ports The Port of Mobile, Alabama's only saltwater port, is a large seaport on the Gulf of Mexico with inland waterway access to the Midwest by way of the Tennessee–Tombigbee Waterway.",1.3,512,0,1747794666.8308074,2025-05-21T02:31:06.830818,0.23388558626174927,0.39907363057136536,Llama-3-8B-Q4,2025-05-21T09:15:24.520306
The Bay County Sheriff’s Office has arrested four men from Atlanta after they allegedly hired local transients to cash fraudulent checks for them using stolen personal information.,1.3,512,0,1747794695.801144,2025-05-21T02:31:35.801150,0.22970011830329895,0.39161479473114014,Llama-3-8B-Q4,2025-05-21T09:15:24.919872
"Explain what this code does:
def function_44(x): return x * 2",1.3,512,0,1747794724.865309,2025-05-21T02:32:04.865314,0.23396316170692444,0.3992841839790344,Llama-3-8B-Q4,2025-05-21T09:15:25.267000
"The grouping of disorders, including PDD-NOS, autism, Asperger syndrome, Rett syndrome, and CDD, has been removed and replaced with the general term of Autism Spectrum Disorders.",1.3,512,1,1747794595.2741632,2025-05-21T02:29:55.274175,0.25570517778396606,0.41162776947021484,Llama-3-8B-Q4,2025-05-21T09:15:28.462279
Pro tip: The heel is centered under the body so you can feel confident and stable!,1.3,512,1,1747794624.0053523,2025-05-21T02:30:24.005357,0.24537229537963867,0.39659541845321655,Llama-3-8B-Q4,2025-05-21T09:15:28.830143
The Alabama Alcoholic Beverage Control Board controls the sale and distribution of alcoholic beverages in the state.,1.3,512,1,1747794652.3250813,2025-05-21T02:30:52.325086,0.25988608598709106,0.4171985685825348,Llama-3-8B-Q4,2025-05-21T09:15:29.194012
"Numerous candidate genes have been located, with only small effects attributable to any particular gene.",1.3,512,1,1747794680.9603493,2025-05-21T02:31:20.960355,0.24971868097782135,0.4030113220214844,Llama-3-8B-Q4,2025-05-21T09:15:29.598433
The dancers currently have little information about the search process and plans to move forward.,1.3,512,1,1747794709.9954944,2025-05-21T02:31:49.995500,0.2501784861087799,0.40395909547805786,Llama-3-8B-Q4,2025-05-21T09:15:30.004022
What do earthquakes tell scientists about the history of the planet? (Answer: B),1.3,512,1,1747794739.726095,2025-05-21T02:32:19.726101,0.25997301936149597,0.41671085357666016,Llama-3-8B-Q4,2025-05-21T09:15:33.128216
This coincided with its failure to gain traction in Northern Europe and its unprecedented height in Latin America.,1.3,512,1,1747794768.8069265,2025-05-21T02:32:48.806931,0.24233072996139526,0.3937896192073822,Llama-3-8B-Q4,2025-05-21T09:15:33.525586
Puddles on a sidewalk are evaporating quickly. What most likely causes the puddles to evaporate? (Answer: A),1.3,512,1,1747794797.9678085,2025-05-21T02:33:17.967813,0.24981313943862915,0.40375375747680664,Llama-3-8B-Q4,2025-05-21T09:15:33.860690
After almost 20 years there are countless things.,1.3,512,1,1747794827.5882032,2025-05-21T02:33:47.588214,0.2402021586894989,0.39023613929748535,Llama-3-8B-Q4,2025-05-21T09:15:34.232995
"In Alabama, majority-white districts are now expected to regularly elect Republican candidates to federal, state and local office.",1.3,512,1,1747794857.048774,2025-05-21T02:34:17.048783,0.25199395418167114,0.4056106209754944,Llama-3-8B-Q4,2025-05-21T09:15:34.544259
Subscribe Also see,1.3,512,0,1747794754.3283973,2025-05-21T02:32:34.328402,0.23591817915439606,0.4030584394931793,Llama-3-8B-Q4,2025-05-21T09:15:37.645067
"For those looking to prepare for the exam, the post recommends going to the AWS Training website and working on the Advanced Architecting on AWS and Security Operations on AWS trainings.",1.3,512,0,1747794784.2100003,2025-05-21T02:33:04.210009,0.23009935021400452,0.39250752329826355,Llama-3-8B-Q4,2025-05-21T09:15:37.966092
"One thing to note: If you need more users, you'll create them from the command line (in similar fashion as you did above).",1.3,512,0,1747794813.4503677,2025-05-21T02:33:33.450396,0.22344158589839935,0.382555216550827,Llama-3-8B-Q4,2025-05-21T09:15:38.280315
"Given the long history of slavery and associated racial segregation, the Native American peoples, who have sometimes been of mixed race, have insisted on having their cultural identification respected.",1.3,512,0,1747794842.7088575,2025-05-21T02:34:02.708872,0.22606182098388672,0.38640716671943665,Llama-3-8B-Q4,2025-05-21T09:15:38.594187
"Acquiring language before age six, having an IQ above 50, and having a marketable skill all predict better outcomes; independent living is unlikely with severe autism.",1.3,512,0,1747794871.8004966,2025-05-21T02:34:31.800538,0.2206849306821823,0.37931063771247864,Llama-3-8B-Q4,2025-05-21T09:15:38.907149
What characteristic of DNA results in cell differentiation in developing embryos? (Answer: C),1.3,512,1,1747794886.5836406,2025-05-21T02:34:46.583646,0.25814956426620483,0.41443413496017456,Llama-3-8B-Q4,2025-05-21T09:15:41.992104
"The total effects were greater on the black community, as almost all its citizens were disfranchised and relegated to separate and unequal treatment under the law.",1.3,512,1,1747794915.420374,2025-05-21T02:35:15.420392,0.2545449137687683,0.4104708135128021,Llama-3-8B-Q4,2025-05-21T09:15:42.344861
The current governor is Republican Kay Ivey.,1.3,512,1,1747794943.7673051,2025-05-21T02:35:43.767313,0.2612307369709015,0.4195235073566437,Llama-3-8B-Q4,2025-05-21T09:15:42.653824
Contemporary news coverage which emphasizes black bloc demonstrations has reinforced anarchism's historical association with chaos and violence.,1.3,512,1,1747794972.264465,2025-05-21T02:36:12.264470,0.24862627685070038,0.4014313220977783,Llama-3-8B-Q4,2025-05-21T09:15:42.960650
"In a food pyramid, which best explains why the number of organisms decreases from one trophic level to the next? (Answer: B)",1.3,512,1,1747795000.809039,2025-05-21T02:36:40.809044,0.25589171051979065,0.4109005331993103,Llama-3-8B-Q4,2025-05-21T09:15:43.418396
"Photo by Walter E. Owen, Courtesy Dance Magazine Archives.",1.3,512,0,1747794901.4204736,2025-05-21T02:35:01.420479,0.23526059091091156,0.4028838574886322,Llama-3-8B-Q4,2025-05-21T09:15:46.527660
"At the same time, many rural people migrated to the city of Birmingham to work in new industrial jobs.",1.3,512,0,1747794929.6581728,2025-05-21T02:35:29.658178,0.23705463111400604,0.403510719537735,Llama-3-8B-Q4,2025-05-21T09:15:46.911830
"While medications have not been found to help with core symptoms, they may be used for associated symptoms, such as irritability, inattention, or repetitive behavior patterns.",1.3,512,0,1747794958.3079138,2025-05-21T02:35:58.307919,0.23495057225227356,0.3997568190097809,Llama-3-8B-Q4,2025-05-21T09:15:47.276616
"No single repetitive or self-injurious behavior seems to be specific to autism, but autism appears to have an elevated pattern of occurrence and severity of these behaviors.",1.3,512,0,1747794986.716751,2025-05-21T02:36:26.716761,0.23035165667533875,0.39376717805862427,Llama-3-8B-Q4,2025-05-21T09:15:47.674262
"One was located at a business on East Avenue and contact was made with Clarence Suggs, age 27, and Reginald Hughes, age 26.",1.3,512,0,1747795015.403237,2025-05-21T02:36:55.403242,0.23107567429542542,0.39645007252693176,Llama-3-8B-Q4,2025-05-21T09:15:48.081385
"Snowflakes of the original cast, ""The Nutcracker"" at the Mariinsky Theatre, 1892.",1.3,512,1,1747795030.502804,2025-05-21T02:37:10.502810,0.24626323580741882,0.4013015627861023,Llama-3-8B-Q4,2025-05-21T09:15:51.168512
The following mathematical expressions represent four different concentrations of a chemical solution to be used in a science experiment. Which one is equal in magnitude to 1/1000? (Answer: C),1.3,512,1,1747795059.4658966,2025-05-21T02:37:39.465918,0.2563733458518982,0.4131419360637665,Llama-3-8B-Q4,2025-05-21T09:15:51.588563
No babbling by 12 months.,1.3,512,1,1747795087.7221131,2025-05-21T02:38:07.722121,0.26435741782188416,0.4243046045303345,Llama-3-8B-Q4,2025-05-21T09:15:51.982827
"Explain what this code does:
def function_56(x): return x * 2",1.3,512,1,1747795116.05394,2025-05-21T02:38:36.053948,0.25995194911956787,0.41786205768585205,Llama-3-8B-Q4,2025-05-21T09:15:52.312226
"Explain what this code does:
def function_36(x): return x * 2",1.3,512,1,1747795145.189127,2025-05-21T02:39:05.189132,0.26144734025001526,0.42027080059051514,Llama-3-8B-Q4,2025-05-21T09:15:52.698205
"All of them compared gluten- and casein-free diet versus normal diet with a control group (2 double-blind randomized controlled trials, 1 double-blind crossover trial, 1 single-blind trial).",1.3,512,0,1747795045.2316506,2025-05-21T02:37:25.231661,0.22566786408424377,0.3853372037410736,Llama-3-8B-Q4,2025-05-21T09:15:55.783960
Log out and log back in with your new credentials.,1.3,512,0,1747795073.7486784,2025-05-21T02:37:53.748683,0.2341698855161667,0.399287611246109,Llama-3-8B-Q4,2025-05-21T09:15:56.122834
"Heat, light, and sound are all different forms of ___. (Answer: B)",1.3,512,0,1747795102.1449933,2025-05-21T02:38:22.145044,0.222030907869339,0.3819219768047333,Llama-3-8B-Q4,2025-05-21T09:15:56.438336
"Explain what this code does:
def function_81(x): return x * 2",1.3,512,0,1747795130.9899864,2025-05-21T02:38:50.989992,0.23165318369865417,0.39547908306121826,Llama-3-8B-Q4,2025-05-21T09:15:56.956955
"Explain what this code does:
def function_93(x): return x * 2",1.3,512,0,1747795159.8609104,2025-05-21T02:39:19.860927,0.23128002882003784,0.39524731040000916,Llama-3-8B-Q4,2025-05-21T09:15:57.301002
"These kinds of groups more often than not interconnect with each other, forming larger networks.",1.3,512,0,1747795189.4908621,2025-05-21T02:39:49.490871,0.2217591404914856,0.3792878985404968,Llama-3-8B-Q4,2025-05-21T09:16:00.487519
Three transients have also been arrested for their participation.,1.3,512,0,1747795218.082334,2025-05-21T02:40:18.082338,0.2284228801727295,0.39112719893455505,Llama-3-8B-Q4,2025-05-21T09:16:00.801560
What do cells break down to produce energy? (Answer: A),1.3,512,0,1747795247.3426135,2025-05-21T02:40:47.342624,0.23418579995632172,0.3988398015499115,Llama-3-8B-Q4,2025-05-21T09:16:01.193578
Alabama was under military rule from the end of the war in May 1865 until its official restoration to the Union in 1868.,1.3,512,0,1747795275.7137847,2025-05-21T02:41:15.713795,0.23044784367084503,0.39251062273979187,Llama-3-8B-Q4,2025-05-21T09:16:01.508598
"Jackson, Harvey H. Inside Alabama: A Personal History of My State (2004).",1.3,512,0,1747795304.4209597,2025-05-21T02:41:44.420974,0.2247677892446518,0.3858070969581604,Llama-3-8B-Q4,2025-05-21T09:16:01.961215
A chemical property of a mineral is evident if the mineral (Answer: 2),1.3,512,1,1747795174.905244,2025-05-21T02:39:34.905255,0.2568746507167816,0.41344380378723145,Llama-3-8B-Q4,2025-05-21T09:16:05.098244
"Sun Jie, a coach and men's teacher at BDA since 2008, explains how introducing works from Western choreographers has broadened the overall abilities of Chinese ballet dancers.",1.3,512,1,1747795203.602724,2025-05-21T02:40:03.602735,0.2500232458114624,0.4029602110385895,Llama-3-8B-Q4,2025-05-21T09:16:05.427122
The victim was interviewed at Gulf Coast Children’s Advocacy Center.,1.3,512,1,1747795232.4176507,2025-05-21T02:40:32.417665,0.2501181960105896,0.40286198258399963,Llama-3-8B-Q4,2025-05-21T09:16:05.781213
"The Legislature is responsible for writing, debating, passing, or defeating state legislation.",1.3,512,1,1747795261.2214,2025-05-21T02:41:01.221405,0.25805091857910156,0.41454893350601196,Llama-3-8B-Q4,2025-05-21T09:16:06.113350
"""It's not just a few ballet steps here and there; he asks you to fully engage with yourself, not only as a dancer but as an actor and a person.""",1.3,512,1,1747795289.9086876,2025-05-21T02:41:29.908702,0.2507878243923187,0.40436646342277527,Llama-3-8B-Q4,2025-05-21T09:16:06.427813
"Alabama English is predominantly Southern, and is related to South Midland speech which was taken across the border from Tennessee.",1.3,512,1,1747795319.2003224,2025-05-21T02:41:59.200331,0.25400540232658386,0.40903881192207336,Llama-3-8B-Q4,2025-05-21T09:16:09.400945
"The EU's General Data Protection Regulation (GDPR) went into effect in May, requiring all organizations that handle the data of EU citizens to comply with its provisions regarding collecting and using personal data.",1.3,512,1,1747795347.5704882,2025-05-21T02:42:27.570493,0.2550329864025116,0.41021546721458435,Llama-3-8B-Q4,2025-05-21T09:16:09.789687
Autism rights or neurodiversity advocates believe that the autism spectrum is genetic and should be accepted as a natural expression of the human genome.,1.3,512,1,1747795376.1005995,2025-05-21T02:42:56.100608,0.2559266686439514,0.41142991185188293,Llama-3-8B-Q4,2025-05-21T09:16:10.114523
The registration fee is $300.,1.3,512,1,1747795404.6186466,2025-05-21T02:43:24.618651,0.2577419579029083,0.4140886068344116,Llama-3-8B-Q4,2025-05-21T09:16:10.442678
"This time around, everything went smoothly and I was able to log into the Gitstorage interface (Figure B).",1.3,512,1,1747795433.1539257,2025-05-21T02:43:53.153936,0.2513294219970703,0.4048633873462677,Llama-3-8B-Q4,2025-05-21T09:16:10.861178
"Many of these attacks were done by individual assailants and the majority took place in the late 1870s, the early 1880s and the 1890s, with some still occurring in the early 1900s.",1.3,512,0,1747795333.8756807,2025-05-21T02:42:13.875690,0.22697290778160095,0.3896172344684601,Llama-3-8B-Q4,2025-05-21T09:16:14.101335
"Because of the constraints of the Alabama Constitution, which centralizes power in the state legislature, only seven counties (Jefferson, Lee, Mobile, Madison, Montgomery, Shelby, and Tuscaloosa) in the state have limited home rule.",1.3,512,0,1747795362.14045,2025-05-21T02:42:42.140460,0.23065757751464844,0.3937346339225769,Llama-3-8B-Q4,2025-05-21T09:16:14.492609
Sleep problems affect about two-thirds of individuals with ASD at some point in childhood.,1.3,512,0,1747795390.386918,2025-05-21T02:43:10.386924,0.235720694065094,0.40079715847969055,Llama-3-8B-Q4,2025-05-21T09:16:14.900144
"Albedo in Astronomy  In astronomy, the term albedo can be defined in several different ways, depending upon the application and the wavelength of electromagnetic radiation involved.",1.3,512,0,1747795419.027298,2025-05-21T02:43:39.027312,0.23482128977775574,0.40064385533332825,Llama-3-8B-Q4,2025-05-21T09:16:15.224153
"Data processing policies Companies need to do data process flow mapping to see what data is being collected, how it's being processed, and who is receiving processed copies, Rickard said.",1.3,512,0,1747795447.5492501,2025-05-21T02:44:07.549261,0.2268260270357132,0.3873233497142792,Llama-3-8B-Q4,2025-05-21T09:16:15.531156
"Unusual eating behavior occurs in about three-quarters of children with ASD, to the extent that it was formerly a diagnostic indicator.",1.3,512,1,1747795462.4977012,2025-05-21T02:44:22.497712,0.255560964345932,0.4108552932739258,Llama-3-8B-Q4,2025-05-21T09:16:18.563282
"Over the past two decades, Java has arguably been the most successful programming language on the planet.",1.3,512,1,1747795490.67403,2025-05-21T02:44:50.674035,0.2582123279571533,0.4137653708457947,Llama-3-8B-Q4,2025-05-21T09:16:18.898865
"The state legislature has retained power over local governments by refusing to pass a constitutional amendment establishing home rule for counties, as recommended by the 1973 Alabama Constitutional Commission.",1.3,512,1,1747795519.165616,2025-05-21T02:45:19.165621,0.24972830712795258,0.4019051790237427,Llama-3-8B-Q4,2025-05-21T09:16:19.322610
"The rural bias of the state legislature, which had also failed to redistrict seats in the state house, affected politics well into the 20th century, failing to recognize the rise of industrial cities and urbanized areas.",1.3,512,1,1747795547.9377832,2025-05-21T02:45:47.937792,0.25117555260658264,0.40491944551467896,Llama-3-8B-Q4,2025-05-21T09:16:19.818261
"Clouds keep Earth cool by reflecting sunlight, but they can also serve as blankets to trap warmth.""",1.3,512,1,1747795576.1899447,2025-05-21T02:46:16.189950,0.2567075490951538,0.41306620836257935,Llama-3-8B-Q4,2025-05-21T09:16:20.197470
One criticism of the current constitution claims that its complexity and length intentionally codify segregation and racism.,1.3,512,0,1747795477.0292168,2025-05-21T02:44:37.029226,0.22627508640289307,0.38651585578918457,Llama-3-8B-Q4,2025-05-21T09:16:23.294051
"Mohl, Raymond A.",1.3,512,0,1747795505.0605793,2025-05-21T02:45:05.060589,0.2287432849407196,0.3923143446445465,Llama-3-8B-Q4,2025-05-21T09:16:23.615966
"Explain what this code does:
def function_6(x): return x * 2",1.3,512,0,1747795533.4200003,2025-05-21T02:45:33.420011,0.2305160015821457,0.3935773968696594,Llama-3-8B-Q4,2025-05-21T09:16:23.926554
Other anarchists advocated for or used art as a means to achieve anarchist ends.,1.3,512,0,1747795562.1164436,2025-05-21T02:46:02.116453,0.2339414358139038,0.39827707409858704,Llama-3-8B-Q4,2025-05-21T09:16:24.350211
You can also login with the non-admin user you created.,1.3,512,0,1747795590.8896804,2025-05-21T02:46:30.889685,0.2306692898273468,0.3935542702674866,Llama-3-8B-Q4,2025-05-21T09:16:24.673704
"Critics argue that Alabama's constitution maintains highly centralized power with the state legislature, leaving practically no power in local hands.",1.3,512,1,1747795605.6933033,2025-05-21T02:46:45.693314,0.25544679164886475,0.41075247526168823,Llama-3-8B-Q4,2025-05-21T09:16:27.825980
"Explain what this code does:
def function_76(x): return x * 2",1.3,512,1,1747795635.0181613,2025-05-21T02:47:15.018192,0.2566823959350586,0.41298991441726685,Llama-3-8B-Q4,2025-05-21T09:16:28.222878
"Ferrer's approach was secular, rejecting both state and church involvement in the educational process whilst giving pupils large amounts of autonomy in planning their work and attendance.",1.3,512,1,1747795663.406803,2025-05-21T02:47:43.406808,0.24715925753116608,0.39939454197883606,Llama-3-8B-Q4,2025-05-21T09:16:28.640992
"As part of an experiment, an astronaut takes a scale to the Moon and weighs himself. The scale reads 31 pounds. If the astronaut has a mass of about 84 kilograms, which are the approximate weight and mass of the astronaut when standing on the Earth? (Answer: D)",1.3,512,1,1747795692.1233876,2025-05-21T02:48:12.123393,0.25222933292388916,0.4070340394973755,Llama-3-8B-Q4,2025-05-21T09:16:28.995665
"Since the mid- to late 20th century, however, white conservatives started shifting to the Republican Party.",1.3,512,1,1747795721.2315414,2025-05-21T02:48:41.231556,0.25777143239974976,0.4149561822414398,Llama-3-8B-Q4,2025-05-21T09:16:29.309748
"Autistic people may be severely impaired in some respects but average, or even superior, in others.",1.3,512,0,1747795621.3762486,2025-05-21T02:47:01.376280,0.2263937145471573,0.3871683180332184,Llama-3-8B-Q4,2025-05-21T09:16:32.450068
"There are two intermediate appellate courts, the Court of Civil Appeals and the Court of Criminal Appeals, and four trial courts: the circuit court (trial court of general jurisdiction), and the district, probate, and municipal courts.",1.3,512,0,1747795649.541191,2025-05-21T02:47:29.541196,0.23704944550991058,0.4036657512187958,Llama-3-8B-Q4,2025-05-21T09:16:32.804568
Which of these is never found in prokaryotic cells? (Answer: D),1.3,512,0,1747795678.0866544,2025-05-21T02:47:58.086659,0.2372196763753891,0.4048328399658203,Llama-3-8B-Q4,2025-05-21T09:16:33.111202
"In Greek handwriting, it was common to join the left leg and horizontal stroke into a single loop, as demonstrated by the uncial version shown.",1.3,512,0,1747795706.6551034,2025-05-21T02:48:26.655108,0.21983455121517181,0.37568899989128113,Llama-3-8B-Q4,2025-05-21T09:16:33.439528
"When a mirror is placed by a fish bowl with a beta fish swimming inside, the beta fish sees what appears to be another fish. This occurs because of (Answer: C)",1.3,512,0,1747795735.8370209,2025-05-21T02:48:55.837032,0.2276642918586731,0.3880079388618469,Llama-3-8B-Q4,2025-05-21T09:16:33.797378
"1892 ""Nutcracker"" costume sketch by Ivan Vsevolozhsky of the Sugar Plum Fairy's retinue.",1.3,512,1,1747795750.9113133,2025-05-21T02:49:10.911319,0.25549858808517456,0.4125310480594635,Llama-3-8B-Q4,2025-05-21T09:16:36.972173
What parts of your life outside of ballet do you most look forward to cultivating now that you'll have more time on your hands?,1.3,512,1,1747795779.187517,2025-05-21T02:49:39.187521,0.2616886794567108,0.4197421073913574,Llama-3-8B-Q4,2025-05-21T09:16:37.372443
NYCB's Brittany Pollack and Chase Finlay in the grand pas de deux toe slide.,1.3,512,1,1747795807.488767,2025-05-21T02:50:07.488772,0.23799747228622437,0.3916030526161194,Llama-3-8B-Q4,2025-05-21T09:16:37.793264
"Explain what this code does:
def function_40(x): return x * 2",1.3,512,1,1747795835.7552931,2025-05-21T02:50:35.755306,0.2592053711414337,0.41707658767700195,Llama-3-8B-Q4,2025-05-21T09:16:38.213814
"Some days you might not feel good about yourself, or things in your body might not be working well—every day is different.",1.3,512,1,1747795864.555677,2025-05-21T02:51:04.555687,0.25787314772605896,0.41375449299812317,Llama-3-8B-Q4,2025-05-21T09:16:38.572157
"Civil War and Reconstruction  By 1860, the population had increased to 964,201 people, of which nearly half, 435,080, were enslaved African Americans, and 2,690 were free people of color.",1.3,512,0,1747795765.5196116,2025-05-21T02:49:25.519617,0.23050501942634583,0.3942651152610779,Llama-3-8B-Q4,2025-05-21T09:16:41.778525
"Explain what this code does:
def function_46(x): return x * 2",1.3,512,0,1747795793.642947,2025-05-21T02:49:53.642952,0.2362348437309265,0.4029723107814789,Llama-3-8B-Q4,2025-05-21T09:16:42.109290
"During a search warrant on the two vehicles two printers, blank checks, cash, and a computer with check-making software were located and seized.",1.3,512,0,1747795821.7777023,2025-05-21T02:50:21.777715,0.2258709967136383,0.3861468732357025,Llama-3-8B-Q4,2025-05-21T09:16:42.430127
"Instead of people being able to control the aspects of their life, major decisions are taken by a small elite.",1.3,512,0,1747795850.105492,2025-05-21T02:50:50.105502,0.22430382668972015,0.3837670683860779,Llama-3-8B-Q4,2025-05-21T09:16:42.866888
"Explain what this code does:
def function_28(x): return x * 2",1.3,512,0,1747795878.789796,2025-05-21T02:51:18.789809,0.23327891528606415,0.39817532896995544,Llama-3-8B-Q4,2025-05-21T09:16:43.342711
Which term best describes the life cycle of an insect that reaches the adult stage without being a pupa? (Answer: A),1.3,512,0,1747795908.5723965,2025-05-21T02:51:48.572406,0.23179513216018677,0.39586421847343445,Llama-3-8B-Q4,2025-05-21T09:16:46.609980
"The Gulf Coast, around Mobile Bay, averages between 70 and 80 days per year with thunder reported.",1.3,512,0,1747795936.784057,2025-05-21T02:52:16.784072,0.23564736545085907,0.4018084704875946,Llama-3-8B-Q4,2025-05-21T09:16:46.927028
"Anarchists also reinforced their propaganda within the arts, some of whom practiced naturism and nudism.",1.3,512,0,1747795965.1219983,2025-05-21T02:52:45.122008,0.2245914489030838,0.3844216763973236,Llama-3-8B-Q4,2025-05-21T09:16:47.372275
"During the antebellum period, Alabama was a major producer of cotton, and widely used African American slave labor.",1.3,512,0,1747795993.618189,2025-05-21T02:53:13.618199,0.23751935362815857,0.40340983867645264,Llama-3-8B-Q4,2025-05-21T09:16:47.700442
"If I can't describe what I want with words, I have to show them.""",1.3,512,0,1747796022.204851,2025-05-21T02:53:42.204856,0.22514872252941132,0.38722777366638184,Llama-3-8B-Q4,2025-05-21T09:16:48.015656
"Explain what this code does:
def function_20(x): return x * 2",1.3,512,1,1747795894.0663688,2025-05-21T02:51:34.066383,0.2578446567058563,0.41516733169555664,Llama-3-8B-Q4,2025-05-21T09:16:51.053508
Could some of us be out of a job?,1.3,512,1,1747795922.2904465,2025-05-21T02:52:02.290455,0.2564481198787689,0.41346874833106995,Llama-3-8B-Q4,2025-05-21T09:16:51.429022
"For instance, Birmingham and Jefferson County taxes had supplied one-third of the state budget, but Jefferson County received only 1/67th of state services in funding.",1.3,512,1,1747795950.653441,2025-05-21T02:52:30.653450,0.2503182590007782,0.40290939807891846,Llama-3-8B-Q4,2025-05-21T09:16:51.839248
"In geometry, capital A, B, C etc.",1.3,512,1,1747795979.1496744,2025-05-21T02:52:59.149679,0.25765174627304077,0.41333961486816406,Llama-3-8B-Q4,2025-05-21T09:16:52.227654
European settlement  The Spanish were the first Europeans to reach Alabama during their exploration of North America in the 16th century.,1.3,512,1,1747796007.7735085,2025-05-21T02:53:27.773514,0.26299142837524414,0.4223524332046509,Llama-3-8B-Q4,2025-05-21T09:16:52.705571
"A. John Simmons and Leslie Green, who leaned toward philosophical anarchism, believed that the state could be legitimate if it is governed by consensus, although they saw this as highly unlikely.",1.3,512,0,1747796051.470458,2025-05-21T02:54:11.470469,0.2216547131538391,0.3803987503051758,Llama-3-8B-Q4,2025-05-21T09:16:55.908245
New York City Ballet principal dancer Rebecca Krohn will take her final bow with the company this Saturday night.,1.3,512,0,1747796079.5926905,2025-05-21T02:54:39.592695,0.23362164199352264,0.39787817001342773,Llama-3-8B-Q4,2025-05-21T09:16:56.390234
"Hatchling sea turtles are typically dark in color. Occasionally, a sea turtle hatches that is almost white in color. When crawling from the nest on the beach to the ocean, this light-colored sea turtle could be at risk for sunburn. The light color of the turtles would most likely (Answer: C)",1.3,512,0,1747796108.1574764,2025-05-21T02:55:08.157488,0.22074846923351288,0.378108412027359,Llama-3-8B-Q4,2025-05-21T09:16:56.739146
Which of these human activities does not contribute to the extinction of species? (Answer: C),1.3,512,0,1747796136.5573592,2025-05-21T02:55:36.557365,0.22674545645713806,0.38790014386177063,Llama-3-8B-Q4,2025-05-21T09:16:57.054243
How long does it take for Earth to rotate on its axis seven times? (Answer: B),1.3,512,0,1747796165.073278,2025-05-21T02:56:05.073283,0.22792495787143707,0.38933947682380676,Llama-3-8B-Q4,2025-05-21T09:16:57.442768
"Many common hand tools create a mechanical advantage by using the basic principles found in simple machines. For example, a screwdriver uses the principles of the wheel and axle. In order to increase gripping force, pliers use the principle demonstrated in the (Answer: B)",1.3,512,1,1747796037.024752,2025-05-21T02:53:57.024762,0.24646884202957153,0.3990347385406494,Llama-3-8B-Q4,2025-05-21T09:17:00.450157
"The ethereal twinkling sound in the Sugar Plum Fairy's solo comes from the celesta, a rare instrument Tchaikovsky heard in France.",1.3,512,1,1747796065.3324165,2025-05-21T02:54:25.332421,0.2479775995016098,0.40080899000167847,Llama-3-8B-Q4,2025-05-21T09:17:00.801266
"They wrote another constitution in 1875, and the legislature passed the Blaine Amendment, prohibiting public money from being used to finance religious-affiliated schools.",1.3,512,1,1747796093.5806427,2025-05-21T02:54:53.580653,0.2514679431915283,0.40486353635787964,Llama-3-8B-Q4,2025-05-21T09:17:01.122692
"In the Sasanian Empire, Mazdak called for an egalitarian society and the abolition of monarchy, only to be soon executed by Emperor Kavad I.",1.3,512,1,1747796122.339441,2025-05-21T02:55:22.339447,0.2545328736305237,0.4096781611442566,Llama-3-8B-Q4,2025-05-21T09:17:01.440890
"Functional friendships, such as those resulting in invitations to parties, may affect the quality of life more deeply.",1.3,512,1,1747796150.6356363,2025-05-21T02:55:50.635640,0.25480780005455017,0.4107620418071747,Llama-3-8B-Q4,2025-05-21T09:17:01.886494
"Because light specularly reflected from water does not usually reach the viewer, water is usually considered to have a very low albedo in spite of its high reflectivity at high angles of incident light.",1.3,512,1,1747796179.8464246,2025-05-21T02:56:19.846438,0.25777068734169006,0.4137095510959625,Llama-3-8B-Q4,2025-05-21T09:17:05.055983
"As it appeals to both emotion and reason, art could appeal to the whole human and have a powerful effect.",1.3,512,1,1747796208.0898898,2025-05-21T02:56:48.089894,0.25569573044776917,0.41140270233154297,Llama-3-8B-Q4,2025-05-21T09:17:05.373423
"In addition, Alabama produces aerospace and electronic products, mostly in the Huntsville area, the location of NASA's George C. Marshall Space Flight Center and the U.S. Army Materiel Command, headquartered at Redstone Arsenal.",1.3,512,1,1747796236.4645102,2025-05-21T02:57:16.464515,0.25498542189598083,0.40969228744506836,Llama-3-8B-Q4,2025-05-21T09:17:05.764083
"Through many countries, individualist anarchism attracted a small yet diverse following of Bohemian artists and intellectuals as well as young anarchist outlaws in what became known as illegalism and individual reclamation.",1.3,512,1,1747796264.8407736,2025-05-21T02:57:44.840779,0.24813657999038696,0.40063029527664185,Llama-3-8B-Q4,2025-05-21T09:17:06.089076
"Explain what this code does:
def function_77(x): return x * 2",1.3,512,1,1747796293.3839188,2025-05-21T02:58:13.383924,0.2592545449733734,0.41670703887939453,Llama-3-8B-Q4,2025-05-21T09:17:06.410450
"The first community of adherents of the Baháʼí Faith in Alabama was founded in 1896 by Paul K. Dealy, who moved from Chicago to Fairhope.",1.3,512,0,1747796194.4197922,2025-05-21T02:56:34.419797,0.23266491293907166,0.39835765957832336,Llama-3-8B-Q4,2025-05-21T09:17:09.528684
No known medication relieves autism's core symptoms of social and communication impairments.,1.3,512,0,1747796222.4776018,2025-05-21T02:57:02.477607,0.2336128205060959,0.39874982833862305,Llama-3-8B-Q4,2025-05-21T09:17:09.843108
"Explain what this code does:
def function_31(x): return x * 2",1.3,512,0,1747796250.6508486,2025-05-21T02:57:30.650854,0.23335298895835876,0.39834117889404297,Llama-3-8B-Q4,2025-05-21T09:17:10.208722
"Explain what this code does:
def function_35(x): return x * 2",1.3,512,0,1747796278.9945226,2025-05-21T02:57:58.994528,0.23327374458312988,0.3984648883342743,Llama-3-8B-Q4,2025-05-21T09:17:10.519539
"34 total views, 34 views today Share Us",1.3,512,0,1747796308.4318504,2025-05-21T02:58:28.431856,0.22207842767238617,0.38400381803512573,Llama-3-8B-Q4,2025-05-21T09:17:10.948855
That's something I'll never forget.,1.3,512,0,1747796337.8905401,2025-05-21T02:58:57.890545,0.22691722214221954,0.388748437166214,Llama-3-8B-Q4,2025-05-21T09:17:13.976747
A number of dancers including New York City Ballet principal Russell Janzen will be acting as moving models.,1.3,512,0,1747796366.6304219,2025-05-21T02:59:26.630433,0.22500452399253845,0.3853636384010315,Llama-3-8B-Q4,2025-05-21T09:17:14.287888
"Explain what this code does:
def function_29(x): return x * 2",1.3,512,0,1747796394.7823281,2025-05-21T02:59:54.782333,0.23190653324127197,0.3961890637874603,Llama-3-8B-Q4,2025-05-21T09:17:14.610688
Education  Primary and secondary education  Public primary and secondary education in Alabama is under the purview of the Alabama State Board of Education as well as local oversight by 67 county school boards and 60 city boards of education.,1.3,512,0,1747796423.5838914,2025-05-21T03:00:23.583903,0.226731538772583,0.38741961121559143,Llama-3-8B-Q4,2025-05-21T09:17:15.011364
About half of people in their 20s with autism are not employed.,1.3,512,0,1747796452.1528249,2025-05-21T03:00:52.152830,0.22901134192943573,0.39037230610847473,Llama-3-8B-Q4,2025-05-21T09:17:15.393697
Dumas even cheered up the name of the protagonist.,1.3,512,1,1747796323.4546242,2025-05-21T02:58:43.454630,0.24114413559436798,0.3916443884372711,Llama-3-8B-Q4,2025-05-21T09:17:18.347781
Cells are the basic unit of structure and function in all living organisms. Which describes the greatest difference between the cells of a baby gorilla and the cells of an adult gorilla? (Answer: A),1.3,512,1,1747796352.408872,2025-05-21T02:59:12.408881,0.25047555565834045,0.4038717448711395,Llama-3-8B-Q4,2025-05-21T09:17:18.660118
"A total of 387 schools, seven teachers' houses, and several vocational buildings were completed by 1937 in the state.",1.3,512,1,1747796380.609505,2025-05-21T02:59:40.609510,0.2515256404876709,0.4055415689945221,Llama-3-8B-Q4,2025-05-21T09:17:18.974164
"Bakunin saw the state as meaning ""coercion, domination by means of coercion, camouflaged if possible but unceremonious and overt if need be.""",1.3,512,1,1747796408.8541002,2025-05-21T03:00:08.854105,0.24836789071559906,0.4005855619907379,Llama-3-8B-Q4,2025-05-21T09:17:19.427049
"After bitter disputes, the Bakuninists were expelled from the International by the Marxists at the 1872 Hague Congress.",1.3,512,1,1747796437.5446897,2025-05-21T03:00:37.544698,0.2566574513912201,0.412539005279541,Llama-3-8B-Q4,2025-05-21T09:17:19.788277
"Investigators now believe that four black males came from Atlanta to the Destin area on October 1, 2017, and rented two vehicles.",1.3,512,1,1747796466.958369,2025-05-21T03:01:06.958375,0.2534486949443817,0.40787360072135925,Llama-3-8B-Q4,2025-05-21T09:17:22.983980
Greater Birmingham is Alabama's largest metropolitan area and its economic center.,1.3,512,1,1747796495.0653083,2025-05-21T03:01:35.065317,0.25933629274368286,0.4159402847290039,Llama-3-8B-Q4,2025-05-21T09:17:23.391766
A fold observed in layers of sedimentary rock most likely resulted from the (Answer: B),1.3,512,1,1747796523.2623096,2025-05-21T03:02:03.262314,0.252979040145874,0.4089869558811188,Llama-3-8B-Q4,2025-05-21T09:17:23.702781
"In the carbon cycle, carbon moves from reservoir to reservoir as various organic and inorganic processes occur on Earth. Only a small percentage of the global carbon is moved in this cycle each year. The remaining carbon is stored in these reservoirs. Which reservoir contains the greatest amount of stored carbon? (Answer: D)",1.3,512,1,1747796551.7638364,2025-05-21T03:02:31.763852,0.2501068115234375,0.4028730094432831,Llama-3-8B-Q4,2025-05-21T09:17:24.013314
San Francisco Ballet Honors Robbins Mysterious; romantic; witty; electrifying.,1.3,512,1,1747796580.0264943,2025-05-21T03:03:00.026509,0.24593952298164368,0.39822810888290405,Llama-3-8B-Q4,2025-05-21T09:17:24.467598
Legion Field is home of the UAB Blazers football program and the Birmingham Bowl.,1.3,512,0,1747796481.5391257,2025-05-21T03:01:21.539135,0.22668834030628204,0.3866659700870514,Llama-3-8B-Q4,2025-05-21T09:17:27.564785
3.,1.3,512,0,1747796509.274153,2025-05-21T03:01:49.274158,0.2242889106273651,0.38445574045181274,Llama-3-8B-Q4,2025-05-21T09:17:27.885783
The composition of soil influences the soil's ability to retain and transmit water and air. What soil type would be best for planting a productive garden? (Answer: B),1.3,512,0,1747796537.4215324,2025-05-21T03:02:17.421538,0.22843040525913239,0.39031165838241577,Llama-3-8B-Q4,2025-05-21T09:17:28.363268
"History  The earliest certain ancestor of ""A"" is aleph (also written 'aleph), the first letter of the Phoenician alphabet, which consisted entirely of consonants (for that reason, it is also called an abjad to distinguish it from a true alphabet).",1.3,512,0,1747796565.8868194,2025-05-21T03:02:45.886825,0.22294001281261444,0.38279595971107483,Llama-3-8B-Q4,2025-05-21T09:17:28.752206
"Immigration from outside the U.S. resulted in a net increase of 31,180 people, and migration within the country produced a net gain of 73,811 people.",1.3,512,0,1747796595.1550336,2025-05-21T03:03:15.155043,0.2277812510728836,0.38863474130630493,Llama-3-8B-Q4,2025-05-21T09:17:29.159688
Balanchine included Shiryaev's original choreography in his Nutcracker.,1.3,512,0,1747796624.2775774,2025-05-21T03:03:44.277591,0.2271188199520111,0.3877149224281311,Llama-3-8B-Q4,2025-05-21T09:17:32.140432
"It has been established that vaccination is not a risk factor for autism and is not behind any increase in autism prevalence rates, if any change in the rate of autism exists at all.",1.3,512,0,1747796653.5302775,2025-05-21T03:04:13.530283,0.22328053414821625,0.38188573718070984,Llama-3-8B-Q4,2025-05-21T09:17:32.506834
A smooth metallic sphere would have .,1.3,512,0,1747796682.3955727,2025-05-21T03:04:42.395608,0.2239261269569397,0.3831230401992798,Llama-3-8B-Q4,2025-05-21T09:17:32.840198
"Explain what this code does:
def function_89(x): return x * 2",1.3,512,0,1747796711.8051138,2025-05-21T03:05:11.805129,0.23217977583408356,0.3961672782897949,Llama-3-8B-Q4,2025-05-21T09:17:33.210858
An ice cube placed in sunlight melts quickly. Which BEST explains this event? (Answer: B),1.3,512,0,1747796741.3895965,2025-05-21T03:05:41.389602,0.22415973246097565,0.38254204392433167,Llama-3-8B-Q4,2025-05-21T09:17:33.525016
"In two of the studies, whose duration was 12 and 24 months, a significant improvement in ASD symptoms (efficacy rate 50%) was identified.",1.3,512,1,1747796609.8405297,2025-05-21T03:03:29.840535,0.25265833735466003,0.40617308020591736,Llama-3-8B-Q4,2025-05-21T09:17:36.500210
Which geologic process most likely led to the uplifting of the Rocky Mountains? (Answer: C),1.3,512,1,1747796639.5094838,2025-05-21T03:03:59.509498,0.25739625096321106,0.4135929048061371,Llama-3-8B-Q4,2025-05-21T09:17:36.821993
"Building a slide deck, pitch, or presentation?",1.3,512,1,1747796668.8764973,2025-05-21T03:04:28.876511,0.25727811455726624,0.412993460893631,Llama-3-8B-Q4,2025-05-21T09:17:37.156266
"Since a direct connection from I-22 to I-422 will not be possible, I-222 has been proposed, as well.",1.3,512,1,1747796697.8782623,2025-05-21T03:04:57.878271,0.2483692318201065,0.4003255367279053,Llama-3-8B-Q4,2025-05-21T09:17:37.481575
"Explain what this code does:
def function_65(x): return x * 2",1.3,512,1,1747796727.1794674,2025-05-21T03:05:27.179480,0.25879114866256714,0.4161435663700104,Llama-3-8B-Q4,2025-05-21T09:17:37.929939
BDA alumni in American companies include San Francisco Ballet soloists Wei Wang and Wanting Zhao and ABT corps members Zhiyao Zhang and Xuelan Lu.,1.3,512,0,1747796770.6710155,2025-05-21T03:06:10.671025,0.22406087815761566,0.3838430345058441,Llama-3-8B-Q4,2025-05-21T09:17:41.029240
Alabama's slaves were freed by the 13th Amendment in 1865.,1.3,512,0,1747796798.7255263,2025-05-21T03:06:38.725531,0.23193898797035217,0.3966604471206665,Llama-3-8B-Q4,2025-05-21T09:17:41.391882
"Indigenous animal species in the state include 62 mammal species, 93 reptile species, 73 amphibian species, roughly 307 native freshwater fish species, and 420 bird species that spend at least part of their year within the state.",1.3,512,0,1747796827.0270016,2025-05-21T03:07:07.027012,0.2261095941066742,0.38724252581596375,Llama-3-8B-Q4,2025-05-21T09:17:41.757389
Which of these do scientists offer as the most recent explanation as to why many plants and animals died out at the end of the Mesozoic era? (Answer: D),1.3,512,0,1747796855.1835175,2025-05-21T03:07:35.183522,0.22696208953857422,0.389153391122818,Llama-3-8B-Q4,2025-05-21T09:17:42.090586
"Some animals are very rare. For example, there are very few Siberian tigers. If the only Siberian tigers left are female, what will most likely happen? (Answer: D)",1.3,512,0,1747796884.2692287,2025-05-21T03:08:04.269233,0.2306928187608719,0.3951048254966736,Llama-3-8B-Q4,2025-05-21T09:17:42.399333
"Unlike with autism, people with Asperger syndrome have no substantial delay in language development.",1.3,512,1,1747796756.114462,2025-05-21T03:05:56.114477,0.25894153118133545,0.4153515100479126,Llama-3-8B-Q4,2025-05-21T09:17:45.489677
"Anarchism's emphasis on anti-capitalism, egalitarianism, and for the extension of community and individuality sets it apart from anarcho-capitalism and other types of economic libertarianism.",1.3,512,1,1747796784.480909,2025-05-21T03:06:24.480920,0.25038087368011475,0.4038070738315582,Llama-3-8B-Q4,2025-05-21T09:17:45.841668
"The first anarchist currents developed throughout the 18th century as William Godwin espoused philosophical anarchism in England, morally delegitimising the state, Max Stirner's thinking paved the way to individualism and Pierre-Joseph Proudhon's theory of mutualism found fertile soil in France.",1.3,512,1,1747796812.8496323,2025-05-21T03:06:52.849637,0.2516336441040039,0.40687504410743713,Llama-3-8B-Q4,2025-05-21T09:17:46.165514
"""It's a kind of otherworldly dream,"" says Wheater.",1.3,512,1,1747796841.2426908,2025-05-21T03:07:21.242696,0.24803563952445984,0.40195971727371216,Llama-3-8B-Q4,2025-05-21T09:17:46.485152
"Alabama's 67 county sheriffs are elected in partisan, at-large races, and Democrats still retain the narrow majority of those posts.",1.3,512,1,1747796869.4289882,2025-05-21T03:07:49.428998,0.24464726448059082,0.39554548263549805,Llama-3-8B-Q4,2025-05-21T09:17:46.946458
Both derive from the majuscule (capital) form.,1.3,512,1,1747796899.013227,2025-05-21T03:08:19.013232,0.24889922142028809,0.40149059891700745,Llama-3-8B-Q4,2025-05-21T09:17:50.026263
"The research was truly enriching, because I realized how wonderful of a person he was as well, which dictates how we share his personal life onstage.",1.3,512,1,1747796927.243796,2025-05-21T03:08:47.243801,0.24373789131641388,0.3934742212295532,Llama-3-8B-Q4,2025-05-21T09:17:50.341782
It was the only state to allow judges to override jury decisions in whether or not to use a death sentence; in 10 cases judges overturned sentences of life imprisonment without parole that were voted unanimously by juries.,1.3,512,1,1747796955.6538532,2025-05-21T03:09:15.653862,0.24722829461097717,0.39855340123176575,Llama-3-8B-Q4,2025-05-21T09:17:50.693651
"In 2009, Bryant–Denny Stadium and Jordan-Hare Stadium became the homes of the Alabama High School Athletic Association state football championship games, after previously being held at Legion Field in Birmingham.",1.3,512,1,1747796984.076794,2025-05-21T03:09:44.076799,0.2569366693496704,0.412399023771286,Llama-3-8B-Q4,2025-05-21T09:17:51.002412
"JVC America, Inc. operates an optical disc replication and packaging plant in Tuscaloosa.",1.3,512,1,1747797013.0361724,2025-05-21T03:10:13.036177,0.2502772808074951,0.4038976728916168,Llama-3-8B-Q4,2025-05-21T09:17:51.309779
Anarchist tactics have shifted during the course of the last century.,1.3,512,0,1747796913.492771,2025-05-21T03:08:33.492780,0.233459934592247,0.39847496151924133,Llama-3-8B-Q4,2025-05-21T09:17:54.419728
"In May 2007, German steelmaker ThyssenKrupp selected Calvert in Mobile County for a 4.65billion combined stainless and carbon steel processing facility.",1.3,512,0,1747796941.4823143,2025-05-21T03:09:01.482319,0.2312854826450348,0.39400163292884827,Llama-3-8B-Q4,2025-05-21T09:17:54.905110
Some studies also find decreased earning among parents who care for autistic children.,1.3,512,0,1747796969.725601,2025-05-21T03:09:29.725606,0.23828662931919098,0.4061580300331116,Llama-3-8B-Q4,2025-05-21T09:17:55.274097
A flowing stream contains water at 18°C. Cans of soft drinks at 28°C are lowered into the stream. Which of the following will most likely occur? (Answer: B),1.3,512,0,1747796998.905735,2025-05-21T03:09:58.905740,0.22739024460315704,0.38864004611968994,Llama-3-8B-Q4,2025-05-21T09:17:55.655918
Collectivist anarchism is a revolutionary socialist form of anarchism commonly associated with Mikhail Bakunin.,1.3,512,0,1747797027.4351664,2025-05-21T03:10:27.435171,0.23174792528152466,0.39496129751205444,Llama-3-8B-Q4,2025-05-21T09:17:55.966968
"Although many have won awards at international competitions, the school does not actively focus on competing.",1.3,512,1,1747797042.1733046,2025-05-21T03:10:42.173310,0.2549118101596832,0.410203754901886,Llama-3-8B-Q4,2025-05-21T09:17:58.946549
"Lactose intolerance is a condition of the digestive system in which an individual has an inability to digest lactose, the sugar found in milk. An individual affected with lactose intolerance does not produce enough of the enzyme lactase, which is needed to break down lactose. If more adults than children are diagnosed with lactose intolerance, what does this most likely suggest? (Answer: A)",1.3,512,1,1747797071.206256,2025-05-21T03:11:11.206269,0.248179629445076,0.40022405982017517,Llama-3-8B-Q4,2025-05-21T09:17:59.382662
"Explain what this code does:
def function_64(x): return x * 2",1.3,512,1,1747797099.6753247,2025-05-21T03:11:39.675330,0.24840185046195984,0.40174078941345215,Llama-3-8B-Q4,2025-05-21T09:17:59.745299
Which of the following is an example of a physical change? (Answer: B),1.3,512,1,1747797127.7370076,2025-05-21T03:12:07.737021,0.24905803799629211,0.4028748869895935,Llama-3-8B-Q4,2025-05-21T09:18:00.094107
"Fortunately, I was sent two devices, so I unplugged the first (a GS-16) and plugged in the second (a GS-64).",1.3,512,1,1747797156.3457253,2025-05-21T03:12:36.345730,0.24295693635940552,0.3931850492954254,Llama-3-8B-Q4,2025-05-21T09:18:00.412428
The monument was removed in August 2003.,1.3,512,0,1747797057.1437926,2025-05-21T03:10:57.143802,0.22760269045829773,0.3888205289840698,Llama-3-8B-Q4,2025-05-21T09:18:03.714196
"There is tentative evidence that music therapy may improve social interactions, verbal communication, and non-verbal communication skills.",1.3,512,0,1747797085.486818,2025-05-21T03:11:25.486827,0.2347141057252884,0.3996407389640808,Llama-3-8B-Q4,2025-05-21T09:18:04.142375
Their decrease in prevalence was the result of further judicial power and targeting and cataloging by state institutions.,1.3,512,0,1747797113.7257123,2025-05-21T03:11:53.725722,0.2185840606689453,0.37648993730545044,Llama-3-8B-Q4,2025-05-21T09:18:04.527004
"With the anarchists being crushed in Russia, two new antithetical currents emerged, namely platformism and synthesis anarchism.",1.3,512,0,1747797142.3376591,2025-05-21T03:12:22.337675,0.22574664652347565,0.3855414390563965,Llama-3-8B-Q4,2025-05-21T09:18:04.924451
"Local elections Many local offices (county commissioners, boards of education, tax assessors, tax collectors, etc.)",1.3,512,0,1747797171.128486,2025-05-21T03:12:51.128499,0.2320248782634735,0.39628177881240845,Llama-3-8B-Q4,2025-05-21T09:18:05.269701
"In English grammar, ""a"", and its variant ""an"", is an indefinite article, used to introduce noun phrases.",1.3,512,0,1747797201.0607512,2025-05-21T03:13:21.060765,0.23175755143165588,0.3950989246368408,Llama-3-8B-Q4,2025-05-21T09:18:08.392009
"After observing several dogs running, students ask the following question: Do dogs with long hair run faster than dogs with short hair? How can the students best answer their question? (Answer: B)",1.3,512,0,1747797229.0411158,2025-05-21T03:13:49.041126,0.2216939479112625,0.3802347481250763,Llama-3-8B-Q4,2025-05-21T09:18:08.727338
"In China, small groups of students imported the humanistic pro-science version of anarcho-communism.",1.3,512,0,1747797257.3453484,2025-05-21T03:14:17.345354,0.2260596752166748,0.3867689073085785,Llama-3-8B-Q4,2025-05-21T09:18:09.046021
"Explain what this code does:
def function_5(x): return x * 2",1.3,512,0,1747797285.569858,2025-05-21T03:14:45.569873,0.22962521016597748,0.39182043075561523,Llama-3-8B-Q4,2025-05-21T09:18:09.379223
"Peirce, Neal R. The Deep South States of America: People, Politics, and Power in the Seven Deep South States (1974).",1.3,512,0,1747797314.8031557,2025-05-21T03:15:14.803165,0.23282453417778015,0.3978720009326935,Llama-3-8B-Q4,2025-05-21T09:18:09.781275
"OEMs like Meta, VIVE, Vuzix, and Picoare are already building on the XR1 platform, the release said.",1.3,512,1,1747797185.787832,2025-05-21T03:13:05.787845,0.23800334334373474,0.38632071018218994,Llama-3-8B-Q4,2025-05-21T09:18:12.822101
"In Basra, religious sects preached against the state.",1.3,512,1,1747797214.585707,2025-05-21T03:13:34.585712,0.24240230023860931,0.3913326859474182,Llama-3-8B-Q4,2025-05-21T09:18:13.209264
"Photo by Paul Kolnik, Courtesy NYCB.",1.3,512,1,1747797242.890804,2025-05-21T03:14:02.890809,0.24530571699142456,0.39830103516578674,Llama-3-8B-Q4,2025-05-21T09:18:13.526912
A toothpaste commercial states that a brand of toothpaste has a higher concentration of fluoride than any other toothpaste available. The commercial is most likely inferring that the advertised toothpaste (Answer: C),1.3,512,1,1747797271.4823785,2025-05-21T03:14:31.482383,0.240943044424057,0.38919803500175476,Llama-3-8B-Q4,2025-05-21T09:18:13.935824
"Explain what this code does:
def function_48(x): return x * 2",1.3,512,1,1747797300.232091,2025-05-21T03:15:00.232095,0.24300895631313324,0.3929155766963959,Llama-3-8B-Q4,2025-05-21T09:18:14.258199
"Explain what this code does:
def function_59(x): return x * 2",1.3,512,0,1747797344.1461415,2025-05-21T03:15:44.146150,0.22754138708114624,0.3884517550468445,Llama-3-8B-Q4,2025-05-21T09:18:17.392611
What are you most looking forward to in your new role?,1.3,512,0,1747797372.1658723,2025-05-21T03:16:12.165878,0.23554104566574097,0.40047189593315125,Llama-3-8B-Q4,2025-05-21T09:18:17.720698
Which land form is the result of the constructive force of a glacier? (Answer: B),1.3,512,0,1747797400.4332478,2025-05-21T03:16:40.433257,0.2313438206911087,0.3949742317199707,Llama-3-8B-Q4,2025-05-21T09:18:18.039694
"The three GOP lieutenant governors are Steve Windom (1999–2003), Kay Ivey (2011–2017), and Will Ainsworth (2019–present).",1.3,512,0,1747797429.2034233,2025-05-21T03:17:09.203429,0.23287475109100342,0.39758989214897156,Llama-3-8B-Q4,2025-05-21T09:18:18.426777
"Explain what this code does:
def function_43(x): return x * 2",1.3,512,0,1747797458.9135568,2025-05-21T03:17:38.913567,0.23106054961681366,0.3946865499019623,Llama-3-8B-Q4,2025-05-21T09:18:18.793171
Anarchism appears in English from 1642 as anarchisme and anarchy from 1539; early English usages emphasised a sense of disorder.,1.3,512,1,1747797329.5783608,2025-05-21T03:15:29.578370,0.2450459599494934,0.39480674266815186,Llama-3-8B-Q4,2025-05-21T09:18:21.847253
We've pulled together some highlights.,1.3,512,1,1747797357.840229,2025-05-21T03:15:57.840234,0.2430446445941925,0.3947035074234009,Llama-3-8B-Q4,2025-05-21T09:18:22.158880
"Jordan-Hare Stadium is the home field of the Auburn football team and seats up to 87,451.",1.3,512,1,1747797386.1716404,2025-05-21T03:16:26.171650,0.24799378216266632,0.4006175994873047,Llama-3-8B-Q4,2025-05-21T09:18:22.467274
"The Alabama Fever land rush was underway when the state was admitted to the Union, with settlers and land speculators pouring into the state to take advantage of fertile land suitable for cotton cultivation.",1.3,512,1,1747797414.5124314,2025-05-21T03:16:54.512437,0.24594691395759583,0.3979422450065613,Llama-3-8B-Q4,2025-05-21T09:18:22.921354
"The Royal Swedish Ballet in Alexander Ekman's ""Midsummer Night's Dream.""",1.3,512,1,1747797443.2270849,2025-05-21T03:17:23.227089,0.2489893138408661,0.4027857184410095,Llama-3-8B-Q4,2025-05-21T09:18:23.240867
"Terminology and distinction from schizophrenia  As late as the mid-1970s there was little evidence of a genetic role in autism, while in 2007 it was believed to be one of the most heritable psychiatric conditions.",1.3,512,1,1747797473.9353802,2025-05-21T03:17:53.935385,0.2428368777036667,0.3922347128391266,Llama-3-8B-Q4,2025-05-21T09:18:26.349771
"The way these hacktivists work to develop and distribute resembles the anarchist ideals, especially when it comes to preserving users' privacy from state surveillance.",1.3,512,1,1747797502.146613,2025-05-21T03:18:22.146617,0.23548473417758942,0.3822444975376129,Llama-3-8B-Q4,2025-05-21T09:18:26.691029
The Marxist criticism of anarchism is that it has a utopian character because all individuals should have anarchist views and values.,1.3,512,1,1747797530.4910488,2025-05-21T03:18:50.491053,0.24201437830924988,0.39087221026420593,Llama-3-8B-Q4,2025-05-21T09:18:27.027678
"A 2018 review concluded that it may be a therapeutic option for specific groups of children with autism, such as those with known food intolerances or allergies, or with food intolerance markers.",1.3,512,1,1747797558.7710893,2025-05-21T03:19:18.771095,0.24488519132137299,0.3956235349178314,Llama-3-8B-Q4,2025-05-21T09:18:27.499210
"Among those who find work, most are employed in sheltered settings working for wages below the national minimum.",1.3,512,1,1747797587.0919616,2025-05-21T03:19:47.091967,0.2450956404209137,0.3950684368610382,Llama-3-8B-Q4,2025-05-21T09:18:27.842333
Variation in summer albedo across both forest types is associated with maximum rates of photosynthesis because plants with high growth capacity display a greater fraction of their foliage for direct interception of incoming radiation in the upper canopy.,1.3,512,0,1747797488.5533032,2025-05-21T03:18:08.553313,0.2195454090833664,0.37596604228019714,Llama-3-8B-Q4,2025-05-21T09:18:31.003512
"Explain what this code does:
def function_87(x): return x * 2",1.3,512,0,1747797516.4374537,2025-05-21T03:18:36.437459,0.23176079988479614,0.39602434635162354,Llama-3-8B-Q4,2025-05-21T09:18:31.312894
Industrial development related to the demands of World War II brought a level of prosperity to the state not seen since before the civil war.,1.3,512,0,1747797544.733664,2025-05-21T03:19:04.733673,0.22760091722011566,0.38939499855041504,Llama-3-8B-Q4,2025-05-21T09:18:31.624312
A historical current that arose and flourished during 1890 and 1920 within anarchism was free love.,1.3,512,0,1747797573.2315671,2025-05-21T03:19:33.231582,0.2280924767255783,0.3896278440952301,Llama-3-8B-Q4,2025-05-21T09:18:31.945048
"Acid rain has a pH below 5.6. This rain can damage soil, lakes, crops, and buildings. Acid rain is caused by all of the following except (Answer: D)",1.3,512,0,1747797601.6525326,2025-05-21T03:20:01.652549,0.23324811458587646,0.3981644809246063,Llama-3-8B-Q4,2025-05-21T09:18:32.399360
"Artists of the Ballet in rehearsal for ""Frame by Frame.""",1.3,512,1,1747797616.3682866,2025-05-21T03:20:16.368292,0.24420025944709778,0.3957787752151489,Llama-3-8B-Q4,2025-05-21T09:18:35.509430
"""GDPR closes all those gaps,"" he added.",1.3,512,1,1747797645.705627,2025-05-21T03:20:45.705636,0.24373778700828552,0.39419084787368774,Llama-3-8B-Q4,2025-05-21T09:18:35.923753
Some authors suggest that automatic motor assessment could be useful to screen the children with ASD for instance with behavioural motor and emotionals reactions during smartphone watching.,1.3,512,1,1747797674.1694016,2025-05-21T03:21:14.169410,0.2355329394340515,0.38176223635673523,Llama-3-8B-Q4,2025-05-21T09:18:36.312625
"Epilepsy, with variations in risk of epilepsy due to age, cognitive level, and type of language disorder.",1.3,512,1,1747797702.4715466,2025-05-21T03:21:42.471557,0.24463842809200287,0.39562681317329407,Llama-3-8B-Q4,2025-05-21T09:18:36.663572
Git is the largest revision control and collaboration system available for development.,1.3,512,1,1747797731.271616,2025-05-21T03:22:11.271621,0.24679642915725708,0.39804109930992126,Llama-3-8B-Q4,2025-05-21T09:18:36.996014
"It has a seating capacity of 143,000 and is the thirteenth largest stadium in the world and sixth largest stadium in America.",1.3,512,0,1747797630.9262774,2025-05-21T03:20:30.926291,0.2309817671775818,0.3943253457546234,Llama-3-8B-Q4,2025-05-21T09:18:39.979990
Automakers accounted for approximately a third of the industrial expansion in the state in 2012.,1.3,512,0,1747797659.8333938,2025-05-21T03:20:59.833404,0.22913147509098053,0.39191266894340515,Llama-3-8B-Q4,2025-05-21T09:18:40.321655
Black anarchism began to take form at this time and influenced anarchism's move from a Eurocentric demographic.,1.3,512,0,1747797688.2665935,2025-05-21T03:21:28.266599,0.22793568670749664,0.38940486311912537,Llama-3-8B-Q4,2025-05-21T09:18:40.635951
Which of the following areas is most likely to form metamorphic rocks such as gneiss and schist? (Answer: C),1.3,512,0,1747797716.7099802,2025-05-21T03:21:56.709990,0.2359337955713272,0.4022993743419647,Llama-3-8B-Q4,2025-05-21T09:18:40.958340
"In general, higher IQs are correlated with greater responsiveness to treatment and improved treatment outcomes.",1.3,512,0,1747797746.4932864,2025-05-21T03:22:26.493290,0.23659268021583557,0.40266862511634827,Llama-3-8B-Q4,2025-05-21T09:18:41.275576
A plant that grows red flowers was crossed with the same kind of plant that grows white flowers. Their offspring grew pink flowers. Which best explains why the offspring grew pink flowers? (Answer: C),1.3,512,1,1747797760.9703734,2025-05-21T03:22:40.970378,0.2455444633960724,0.3959383964538574,Llama-3-8B-Q4,2025-05-21T09:18:44.364912
"Assassination attempts were carried out against heads of state, some of which were successful.",1.3,512,1,1747797789.593037,2025-05-21T03:23:09.593050,0.2484186440706253,0.4008687734603882,Llama-3-8B-Q4,2025-05-21T09:18:44.683612
"When seen from a distance, the ocean surface has a low albedo, as do most forests, whereas desert areas have some of the highest albedos among landforms.",1.3,512,1,1747797818.0544329,2025-05-21T03:23:38.054443,0.24302087724208832,0.39243996143341064,Llama-3-8B-Q4,2025-05-21T09:18:45.013660
A boat is acted on by a river current flowing north and by wind blowing on its sails. The boat travels northeast. In which direction is the wind most likely applying force to the sails of the boat? (Answer: B),1.3,512,1,1747797846.359266,2025-05-21T03:24:06.359279,0.2382451444864273,0.38503342866897583,Llama-3-8B-Q4,2025-05-21T09:18:45.356940
"The two men entered the gas station after McNeight, one of them carrying a tire iron.",1.3,512,1,1747797875.0779085,2025-05-21T03:24:35.077921,0.24437275528907776,0.3951403498649597,Llama-3-8B-Q4,2025-05-21T09:18:45.730004
"He holds his hands towards his chest, indicating the sign for ""I.""",1.3,512,0,1747797776.0883095,2025-05-21T03:22:56.088323,0.22639741003513336,0.38835063576698303,Llama-3-8B-Q4,2025-05-21T09:18:48.871686
"Explain what this code does:
def function_68(x): return x * 2",1.3,512,0,1747797804.0266664,2025-05-21T03:23:24.026675,0.23075070977210999,0.3942400813102722,Llama-3-8B-Q4,2025-05-21T09:18:49.256678
These contributed to Congressional passage and enactment of the Civil Rights Act of 1964 and Voting Rights Act of 1965 by the U.S. Congress.,1.3,512,0,1747797832.2463906,2025-05-21T03:23:52.246398,0.23324279487133026,0.3987259566783905,Llama-3-8B-Q4,2025-05-21T09:18:49.573166
"Go is cool, Swift is nifty, but old-school Java keeps reinventing itself to power both yesterday's and tomorrow's applications.",1.3,512,0,1747797860.605736,2025-05-21T03:24:20.605741,0.2266450673341751,0.3872661292552948,Llama-3-8B-Q4,2025-05-21T09:18:49.895885
"Also, the Barber Motorsports Park has hosted IndyCar Series and Rolex Sports Car Series races.",1.3,512,0,1747797889.5700753,2025-05-21T03:24:49.570080,0.23456931114196777,0.4003636837005615,Llama-3-8B-Q4,2025-05-21T09:18:50.308376
The company is one of dozens of others honoring Robbins this year; last week we covered Cincinnati Ballet and New York Theatre Ballet.,1.3,512,0,1747797919.123508,2025-05-21T03:25:19.123521,0.22858530282974243,0.3906945288181305,Llama-3-8B-Q4,2025-05-21T09:18:53.337111
"Explain what this code does:
def function_62(x): return x * 2",1.3,512,0,1747797947.2271562,2025-05-21T03:25:47.227167,0.2328236848115921,0.397673100233078,Llama-3-8B-Q4,2025-05-21T09:18:53.684493
"Treatment approaches have little empirical support in quality-of-life contexts, and many programs focus on success measures that lack predictive validity and real-world relevance.",1.3,512,0,1747797975.435378,2025-05-21T03:26:15.435387,0.22630412876605988,0.3868854343891144,Llama-3-8B-Q4,2025-05-21T09:18:53.996586
"Explain what this code does:
def function_51(x): return x * 2",1.3,512,0,1747798003.94064,2025-05-21T03:26:43.940654,0.23022890090942383,0.39305397868156433,Llama-3-8B-Q4,2025-05-21T09:18:54.423793
"Those free love movements contributed to the establishment of communal houses, where large groups of travelers, anarchists and other activists slept in beds together.",1.3,512,0,1747798033.3901525,2025-05-21T03:27:13.390158,0.22183474898338318,0.37972620129585266,Llama-3-8B-Q4,2025-05-21T09:18:54.745088
"This spring, The Joffrey Ballet will present the North American premiere of Alexander Ekman's Midsummer Night's Dream.",1.3,512,1,1747797904.5018866,2025-05-21T03:25:04.501892,0.24711349606513977,0.3991784155368805,Llama-3-8B-Q4,2025-05-21T09:18:57.777177
"I attempted to use the admin email/password I'd setup during the wizard, but that wouldn't work.",1.3,512,1,1747797932.8930867,2025-05-21T03:25:32.893092,0.24029958248138428,0.3886254131793976,Llama-3-8B-Q4,2025-05-21T09:18:58.101198
The former sought to create a coherent group that would push for revolution while the latter were against anything that would resemble a political party.,1.3,512,1,1747797961.2512586,2025-05-21T03:26:01.251263,0.23480388522148132,0.3815010190010071,Llama-3-8B-Q4,2025-05-21T09:18:58.415740
All of the following contain metric units of measurement except (Answer: C),1.3,512,1,1747797989.590442,2025-05-21T03:26:29.590452,0.2392958402633667,0.3878823518753052,Llama-3-8B-Q4,2025-05-21T09:18:58.852845
"within anarcho-primitivism), and the democratic process may be sharply criticised within some anarchist tendencies and simultaneously lauded in others.",1.3,512,1,1747798018.6947248,2025-05-21T03:26:58.694729,0.23972676694393158,0.38840946555137634,Llama-3-8B-Q4,2025-05-21T09:18:59.249892
"In the Alabama language, the word for a person of Alabama lineage is  (or variously  or  in different dialects; the plural form is ).",1.3,512,0,1747798062.5192888,2025-05-21T03:27:42.519294,0.22210435569286346,0.3804572820663452,Llama-3-8B-Q4,2025-05-21T09:19:02.298600
"Characteristics Autism is a highly variable neurodevelopmental disorder whose symptoms first appear during infancy or childhood, and generally follows a steady course without remission.",1.3,512,0,1747798090.676693,2025-05-21T03:28:10.676697,0.23148111999034882,0.39488136768341064,Llama-3-8B-Q4,2025-05-21T09:19:02.646176
"Explain what this code does:
def function_85(x): return x * 2",1.3,512,0,1747798118.893401,2025-05-21T03:28:38.893415,0.23186299204826355,0.3963016867637634,Llama-3-8B-Q4,2025-05-21T09:19:02.978680
That was when McNeight called the BCSO to report the robbery.,1.3,512,0,1747798147.1469586,2025-05-21T03:29:07.146964,0.22478029131889343,0.38566017150878906,Llama-3-8B-Q4,2025-05-21T09:19:03.293981
SEE: IT project management: 10 ways to stay under budget (free PDF) (TechRepublic) Congratulations You now have your Trac system up and running.,1.3,512,0,1747798176.1575549,2025-05-21T03:29:36.157563,0.2183322310447693,0.3751937747001648,Llama-3-8B-Q4,2025-05-21T09:19:03.610863
He was paid $80 and was taken by the two men to Millville and left.,1.3,512,1,1747798047.9582434,2025-05-21T03:27:27.958259,0.23406603932380676,0.37870675325393677,Llama-3-8B-Q4,2025-05-21T09:19:06.822293
"It's an invaluable quality for a person to have, whether they continue to dance or end up doing other things.",1.3,512,1,1747798076.2472003,2025-05-21T03:27:56.247205,0.23941516876220703,0.3881009519100189,Llama-3-8B-Q4,2025-05-21T09:19:07.133201
"The state ranges in elevation from sea level at Mobile Bay to more than  in the northeast, to Mount Cheaha at .",1.3,512,1,1747798104.712373,2025-05-21T03:28:24.712378,0.25176024436950684,0.4057239592075348,Llama-3-8B-Q4,2025-05-21T09:19:07.461047
"The uneven heating of Earth from albedo variations between land, ice, or ocean surfaces can drive weather.",1.3,512,1,1747798133.1620033,2025-05-21T03:28:53.162012,0.23737552762031555,0.38427016139030457,Llama-3-8B-Q4,2025-05-21T09:19:07.854832
"This can take the form of disrupting and protesting against unjust hierarchy, or the form of self-managing their lives through the creation of counter-institutions such as communes and non-hierarchical collectives.",1.3,512,1,1747798161.6573412,2025-05-21T03:29:21.657351,0.24318255484104156,0.39331382513046265,Llama-3-8B-Q4,2025-05-21T09:19:08.238938
"Birmingham also serves as the headquarters for several large investment management companies, including Harbert Management Corporation.",1.3,512,0,1747798205.6838334,2025-05-21T03:30:05.683843,0.23244963586330414,0.3959512710571289,Llama-3-8B-Q4,2025-05-21T09:19:11.342364
"Typographic variants  During Roman times, there were many variant forms of the letter ""A"".",1.3,512,0,1747798233.6907027,2025-05-21T03:30:33.690708,0.2222072035074234,0.38112518191337585,Llama-3-8B-Q4,2025-05-21T09:19:11.765834
"Societal and cultural aspects of autism have developed: some in the community seek a cure, while others believe that autism is simply another way of being.",1.3,512,0,1747798262.1778958,2025-05-21T03:31:02.177909,0.22107470035552979,0.378320574760437,Llama-3-8B-Q4,2025-05-21T09:19:12.192444
"As seen by anarchists, squatting is a way to regain urban space from the capitalist market, serving pragmatical needs and also being an exemplary direct action.",1.3,512,0,1747798290.468892,2025-05-21T03:31:30.468905,0.22459127008914948,0.38353049755096436,Llama-3-8B-Q4,2025-05-21T09:19:12.571550
"The district's boundaries were roughly limited to the area within a few miles of the Tombigbee River and included portions of what is today southern Clarke County, northernmost Mobile County, and most of Washington County.",1.3,512,0,1747798320.2323215,2025-05-21T03:32:00.232334,0.22754749655723572,0.3894546329975128,Llama-3-8B-Q4,2025-05-21T09:19:12.895213
Many autistic people face significant obstacles in transitioning to adulthood.,1.3,512,1,1747798191.1570268,2025-05-21T03:29:51.157032,0.2497115284204483,0.4023434519767761,Llama-3-8B-Q4,2025-05-21T09:19:15.973280
An old T-shirt can be ripped into smaller pieces and used as rags. An empty milk jug can be used to water houseplants. Both of these are examples of how (Answer: D),1.3,512,1,1747798219.375129,2025-05-21T03:30:19.375139,0.24609798192977905,0.3975336253643036,Llama-3-8B-Q4,2025-05-21T09:19:16.336271
"Explain what this code does:
def function_22(x): return x * 2",1.3,512,1,1747798247.7096355,2025-05-21T03:30:47.709640,0.24433264136314392,0.39459550380706787,Llama-3-8B-Q4,2025-05-21T09:19:16.740687
"It is not known whether treatment programs for children lead to significant improvements after the children grow up, and the limited research on the effectiveness of adult residential programs shows mixed results.",1.3,512,1,1747798276.280134,2025-05-21T03:31:16.280140,0.24278947710990906,0.39278337359428406,Llama-3-8B-Q4,2025-05-21T09:19:17.144204
"Snow Snow albedo is highly variable, ranging from as high as 0.9 for freshly fallen snow, to about 0.4 for melting snow, and as low as 0.2 for dirty snow.",1.3,512,1,1747798304.4435747,2025-05-21T03:31:44.443580,0.2502061426639557,0.40397101640701294,Llama-3-8B-Q4,2025-05-21T09:19:17.513319
The dismemberment of the French socialist movement into many groups and the execution and exile of many Communards to penal colonies following the suppression of the Paris Commune favoured individualist political expression and acts.,1.3,512,1,1747798334.910722,2025-05-21T03:32:14.910735,0.24295301735401154,0.3936713635921478,Llama-3-8B-Q4,2025-05-21T09:19:20.661670
"The average albedo of the Earth from the upper atmosphere, its planetary albedo, is 30–35% because of cloud cover, but widely varies locally across the surface because of different geological and environmental features.",1.3,512,1,1747798363.2038927,2025-05-21T03:32:43.203913,0.24066784977912903,0.3883030116558075,Llama-3-8B-Q4,2025-05-21T09:19:21.001606
"It was formally recognized by the state legislature on January 25, 1844.",1.3,512,1,1747798391.565925,2025-05-21T03:33:11.565935,0.24413803219795227,0.393806129693985,Llama-3-8B-Q4,2025-05-21T09:19:21.340828
"Small-scale effects Albedo works on a smaller scale, too.",1.3,512,1,1747798419.9303749,2025-05-21T03:33:39.930384,0.24525372684001923,0.39624178409576416,Llama-3-8B-Q4,2025-05-21T09:19:21.689677
"Media  Major newspapers include Birmingham News, Mobile Press-Register, and Montgomery Advertiser.",1.3,512,1,1747798448.2895005,2025-05-21T03:34:08.289513,0.25111058354377747,0.4051123857498169,Llama-3-8B-Q4,2025-05-21T09:19:22.043755
"Explain what this code does:
def function_8(x): return x * 2",1.3,512,0,1747798349.4534922,2025-05-21T03:32:29.453505,0.23088350892066956,0.3940749168395996,Llama-3-8B-Q4,2025-05-21T09:19:25.167454
"Photo by Frederick Melton, Courtesy Dance Magazine Archives.",1.3,512,0,1747798377.4825213,2025-05-21T03:32:57.482530,0.23135291039943695,0.39504244923591614,Llama-3-8B-Q4,2025-05-21T09:19:25.494075
"According to the 2012 U.S. News & World Report, Alabama had four tier one universities (University of Alabama, Auburn University, University of Alabama at Birmingham and University of Alabama in Huntsville).",1.3,512,0,1747798405.7030022,2025-05-21T03:33:25.703010,0.23020124435424805,0.39305365085601807,Llama-3-8B-Q4,2025-05-21T09:19:25.806229
"But for this one season, they're sharing the stage together.",1.3,512,0,1747798433.9811087,2025-05-21T03:33:53.981123,0.22402039170265198,0.3843039572238922,Llama-3-8B-Q4,2025-05-21T09:19:26.119251
Willam Christensen (center) with his brothers Lew and Harold.,1.3,512,0,1747798463.3484936,2025-05-21T03:34:23.348501,0.22360657155513763,0.3837699890136719,Llama-3-8B-Q4,2025-05-21T09:19:26.443312
"In the 2000s, the number of autistic people worldwide was estimated at 1–2 per 1,000 people.",1.3,512,1,1747798477.8143678,2025-05-21T03:34:37.814373,0.2517799437046051,0.4064434766769409,Llama-3-8B-Q4,2025-05-21T09:19:29.576640
They held on to old representation to maintain political and economic power in agricultural areas.,1.3,512,1,1747798506.568391,2025-05-21T03:35:06.568397,0.23506610095500946,0.38100647926330566,Llama-3-8B-Q4,2025-05-21T09:19:29.904182
"It offers degrees in performance, choreography and more.",1.3,512,1,1747798536.4293907,2025-05-21T03:35:36.429401,0.24618859589099884,0.397389680147171,Llama-3-8B-Q4,2025-05-21T09:19:30.328805
"Explain what this code does:
def function_88(x): return x * 2",1.3,512,1,1747798565.7906656,2025-05-21T03:36:05.790675,0.2479049563407898,0.4005783796310425,Llama-3-8B-Q4,2025-05-21T09:19:30.725413
Michael learned that the movement of Earth in the solar system causes changes that can be seen on the planet. Which change could be seen on Earth in the time it takes Earth to rotate once on its axis? (Answer: A),1.3,512,1,1747798594.200806,2025-05-21T03:36:34.200816,0.2422768473625183,0.3919592797756195,Llama-3-8B-Q4,2025-05-21T09:19:31.045657
"Just as fresh snow has a higher albedo than does dirty snow, the albedo of snow-covered sea ice is far higher than that of sea water.",1.3,512,0,1747798493.0731943,2025-05-21T03:34:53.073204,0.233632892370224,0.39852866530418396,Llama-3-8B-Q4,2025-05-21T09:19:34.140809
"Contemporary-era anarchists have been engaging with various grassroots movements that are more or less based on horizontalism, although not explicitly anarchist, respecting personal autonomy and participating in mass activism such as strikes and demonstrations.",1.3,512,0,1747798521.1564662,2025-05-21T03:35:21.156472,0.2210981696844101,0.3792763948440552,Llama-3-8B-Q4,2025-05-21T09:19:34.475517
"From 1826 to 1846, Tuscaloosa served as Alabama's capital.",1.3,512,0,1747798550.8335476,2025-05-21T03:35:50.833552,0.2373669296503067,0.40344950556755066,Llama-3-8B-Q4,2025-05-21T09:19:34.799854
"""People often have Post-it notes on monitors with passwords on them.""",1.3,512,0,1747798579.97063,2025-05-21T03:36:19.970634,0.218552365899086,0.37535426020622253,Llama-3-8B-Q4,2025-05-21T09:19:35.121394
"Anarchism has continued to generate many philosophies and movements, at times eclectic, drawing upon various sources and combining disparate concepts to create new philosophical approaches.",1.3,512,0,1747798608.671578,2025-05-21T03:36:48.671583,0.22584086656570435,0.3856407403945923,Llama-3-8B-Q4,2025-05-21T09:19:35.444552
"About three-fifths of the land area is part of the Gulf Coastal Plain, a gentle plain with a general descent towards the Mississippi River and the Gulf of Mexico.",1.3,512,1,1747798623.667373,2025-05-21T03:37:03.667378,0.2521171569824219,0.40634626150131226,Llama-3-8B-Q4,2025-05-21T09:19:38.446127
The presence of autism can make it harder to diagnose coexisting psychiatric disorders such as depression.,1.3,512,1,1747798652.4000788,2025-05-21T03:37:32.400092,0.2489253431558609,0.4017101526260376,Llama-3-8B-Q4,2025-05-21T09:19:38.787071
"Jewish denominations in the state include two Orthodox, four Conservative, ten Reform, and one Humanistic synagogue.",1.3,512,1,1747798681.086873,2025-05-21T03:38:01.086884,0.25040528178215027,0.4042412340641022,Llama-3-8B-Q4,2025-05-21T09:19:39.128119
"The team will be responsible for the day-to-day artistic needs of the company including scheduling, casting and conducting rehearsals.",1.3,512,1,1747798709.3015254,2025-05-21T03:38:29.301531,0.24831274151802063,0.400773286819458,Llama-3-8B-Q4,2025-05-21T09:19:39.542234
WPA Guide to Alabama (1939).,1.3,512,1,1747798737.5071397,2025-05-21T03:38:57.507144,0.24476221203804016,0.39565137028694153,Llama-3-8B-Q4,2025-05-21T09:19:39.912658
"After both of the above commands, you'll be prompted to type (and confirm) a password.",1.3,512,0,1747798638.3603973,2025-05-21T03:37:18.360403,0.2223426103591919,0.3806939125061035,Llama-3-8B-Q4,2025-05-21T09:19:42.910795
"The company wore new uniforms with yellow trim on the sleeves, collar and coattails.",1.3,512,0,1747798666.628505,2025-05-21T03:37:46.628510,0.2216275930404663,0.3795499801635742,Llama-3-8B-Q4,2025-05-21T09:19:43.229502
"But Petipa fell ill while choreographing The Nutcracker and handed his duties over to his assistant, Lev Ivanov.",1.3,512,0,1747798695.3496683,2025-05-21T03:38:15.349674,0.23588894307613373,0.4015983045101166,Llama-3-8B-Q4,2025-05-21T09:19:43.543413
"I wanted to be someone that the young dancers could look up to; I wanted to reach out and connect to them more, and to offer support and advice.",1.3,512,0,1747798723.4192052,2025-05-21T03:38:43.419211,0.2298005372285843,0.3919833302497864,Llama-3-8B-Q4,2025-05-21T09:19:43.856143
Plug the device into your network (you'll need a Cat5 cable).,1.3,512,0,1747798752.0685134,2025-05-21T03:39:12.068518,0.22820226848125458,0.39020836353302,Llama-3-8B-Q4,2025-05-21T09:19:44.316140
Such a dark surface is thought to be indicative of a primitive and heavily space weathered surface containing some organic compounds.,1.3,512,1,1747798767.0237398,2025-05-21T03:39:27.023753,0.24335990846157074,0.3941020369529724,Llama-3-8B-Q4,2025-05-21T09:19:47.601658
The notion of free love was much broader and included a critique of the established order that limited women's sexual freedom and pleasure.,1.3,512,1,1747798795.2940352,2025-05-21T03:39:55.294060,0.24608729779720306,0.3974193334579468,Llama-3-8B-Q4,2025-05-21T09:19:47.952554
Scientists who disagree with the results of an experiment should (Answer: D),1.3,512,1,1747798823.357614,2025-05-21T03:40:23.357624,0.2470693439245224,0.39881712198257446,Llama-3-8B-Q4,2025-05-21T09:19:48.412971
"Explain what this code does:
def function_91(x): return x * 2",1.3,512,1,1747798851.8920684,2025-05-21T03:40:51.892078,0.24828770756721497,0.40144050121307373,Llama-3-8B-Q4,2025-05-21T09:19:48.743509
There has been a significant movement to rewrite and modernize Alabama's constitution.,1.3,512,1,1747798880.288224,2025-05-21T03:41:20.288229,0.24861130118370056,0.4005310535430908,Llama-3-8B-Q4,2025-05-21T09:19:49.066135
"Explain what this code does:
def function_99(x): return x * 2",1.3,512,0,1747798781.6035166,2025-05-21T03:39:41.603547,0.23296284675598145,0.39767369627952576,Llama-3-8B-Q4,2025-05-21T09:19:52.226046
The gravitational force exerted by an object depends on its (Answer: C),1.3,512,0,1747798809.34261,2025-05-21T03:40:09.342615,0.23224270343780518,0.3961990773677826,Llama-3-8B-Q4,2025-05-21T09:19:52.619165
We had the chance to talk to the thoughtful and eloquent dancer about her time with the company and goals for the future.,1.3,512,0,1747798837.7580318,2025-05-21T03:40:37.758047,0.2344476729631424,0.4006849527359009,Llama-3-8B-Q4,2025-05-21T09:19:52.946981
"Hoffmann, a German writer, penned the eerie and dark tale ""Nutcracker and Mouse King"" in 1816.",1.3,512,0,1747798866.052375,2025-05-21T03:41:06.052380,0.2324165403842926,0.396513432264328,Llama-3-8B-Q4,2025-05-21T09:19:53.335585
It is diagnosed four to five times more often in males than females.,1.3,512,0,1747798894.898116,2025-05-21T03:41:34.898131,0.23348985612392426,0.39832261204719543,Llama-3-8B-Q4,2025-05-21T09:19:53.715370
Click here to subscribe to the TechRepublic Cybersecurity Insider newsletter.,1.3,512,1,1747798909.5704174,2025-05-21T03:41:49.570453,0.2461194545030594,0.3977592885494232,Llama-3-8B-Q4,2025-05-21T09:19:56.873213
It was a notable feature of the international syndicalism movement.,1.3,512,1,1747798937.7765563,2025-05-21T03:42:17.776561,0.24605615437030792,0.3987330496311188,Llama-3-8B-Q4,2025-05-21T09:19:57.368892
"""The kind of information that can be disclosed via email should be spelled out very clearly,"" he added.",1.3,512,1,1747798966.3638713,2025-05-21T03:42:46.363877,0.24068036675453186,0.39200085401535034,Llama-3-8B-Q4,2025-05-21T09:19:57.680155
"Explain what this code does:
def function_45(x): return x * 2",1.3,512,1,1747798994.9829097,2025-05-21T03:43:14.982915,0.24912717938423157,0.40219780802726746,Llama-3-8B-Q4,2025-05-21T09:19:57.986103
"Explain what this code does:
def function_60(x): return x * 2",1.3,512,1,1747799023.35104,2025-05-21T03:43:43.351045,0.2505878806114197,0.40520188212394714,Llama-3-8B-Q4,2025-05-21T09:19:58.439464
"New engine technology has helped cars get more mileage per gallon of gas. Since gasoline comes from oil, this technology will affect the world supply of oil by (Answer: D)",1.3,512,0,1747798924.0982115,2025-05-21T03:42:04.098217,0.2277059555053711,0.38857802748680115,Llama-3-8B-Q4,2025-05-21T09:20:01.576879
A Literary History of Alabama: The Nineteenth Century (1979).,1.3,512,0,1747798952.3212433,2025-05-21T03:42:32.321253,0.23169474303722382,0.39573562145233154,Llama-3-8B-Q4,2025-05-21T09:20:01.898351
References  External links    1910s neologisms Articles containing video clips Communication disorders Neurological disorders in children Pervasive developmental disorders Wikipedia medicine articles ready to translate,1.3,512,0,1747798981.0614765,2025-05-21T03:43:01.061487,0.2177855372428894,0.3757365047931671,Llama-3-8B-Q4,2025-05-21T09:20:02.326101
"The oldest institutions are the public University of North Alabama in Florence and the Catholic Church-affiliated Spring Hill College in Mobile, both founded in 1830.",1.3,512,0,1747799009.3831403,2025-05-21T03:43:29.383145,0.23602615296840668,0.40239036083221436,Llama-3-8B-Q4,2025-05-21T09:20:02.747778
"Similar to other former slave states, Alabamian legislators employed Jim Crow laws to disenfranchise and discriminate against African Americans from the late 19th century up until the 1960s.",1.3,512,0,1747799038.1093316,2025-05-21T03:43:58.109342,0.23765259981155396,0.40574073791503906,Llama-3-8B-Q4,2025-05-21T09:20:03.153078
"As a result, preparation is intense.",1.3,512,1,1747799052.7336447,2025-05-21T03:44:12.733654,0.25033748149871826,0.40438732504844666,Llama-3-8B-Q4,2025-05-21T09:20:06.256353
Were you familiar with McLaren's work before this project?,1.3,512,1,1747799080.9576585,2025-05-21T03:44:40.957663,0.24609069526195526,0.3972061276435852,Llama-3-8B-Q4,2025-05-21T09:20:06.681720
Communication About one third to half of autistic people do not develop enough natural speech to meet their daily communication needs.,1.3,512,1,1747799109.4324565,2025-05-21T03:45:09.432467,0.24808481335639954,0.4003702700138092,Llama-3-8B-Q4,2025-05-21T09:20:07.010647
"Redmonk, in its latest Q1 2018 survey, says Java is the second-most popular language after JavaScript among developers.",1.3,512,1,1747799137.8425257,2025-05-21T03:45:37.842532,0.24354249238967896,0.39469730854034424,Llama-3-8B-Q4,2025-05-21T09:20:07.334211
"Over the next decade, the company toured the ballet extensively, exposing it to audiences nationwide.",1.3,512,1,1747799166.1613016,2025-05-21T03:46:06.161307,0.25193023681640625,0.4060153365135193,Llama-3-8B-Q4,2025-05-21T09:20:07.660063
"Evolutionary tactics embrace nonviolence, reject violence and take a gradual approach to anarchist aims, although there is significant overlap between the two.",1.3,512,0,1747799067.1934686,2025-05-21T03:44:27.193474,0.22233101725578308,0.3808264136314392,Llama-3-8B-Q4,2025-05-21T09:20:10.811480
"Explain what this code does:
def function_42(x): return x * 2",1.3,512,0,1747799095.4835308,2025-05-21T03:44:55.483536,0.22968430817127228,0.3924482762813568,Llama-3-8B-Q4,2025-05-21T09:20:11.201543
"Two students are asked to make a chart on the electromagnetic spectrum. Reading left to right, one student's chart shows the spectrum from gamma rays to radio waves, while the other student's chart shows the opposite. If the teacher says that both charts are correct, then (Answer: B)",1.3,512,0,1747799123.8057868,2025-05-21T03:45:23.805792,0.22167417407035828,0.3804565370082855,Llama-3-8B-Q4,2025-05-21T09:20:11.525366
I was unable to login with that user.,1.3,512,0,1747799151.8086889,2025-05-21T03:45:51.808695,0.22288395464420319,0.3818270266056061,Llama-3-8B-Q4,2025-05-21T09:20:11.983347
Other changes were made to implement representative state house and senate districts.,1.3,512,0,1747799180.7317023,2025-05-21T03:46:20.731707,0.2205219715833664,0.3779408037662506,Llama-3-8B-Q4,2025-05-21T09:20:12.378675
Which of the following is a trait that a dog does NOT inherit from its parents? (Answer: C),1.3,512,0,1747799210.437731,2025-05-21T03:46:50.437737,0.22666513919830322,0.38862934708595276,Llama-3-8B-Q4,2025-05-21T09:20:15.475260
Which planet has the longest planetary year? (Answer: D),1.3,512,0,1747799238.5746305,2025-05-21T03:47:18.574635,0.22695277631282806,0.3884509205818176,Llama-3-8B-Q4,2025-05-21T09:20:15.881100
"Installation The installation isn't terribly challenging, but does require a bit of typing.",1.3,512,0,1747799266.784895,2025-05-21T03:47:46.784915,0.22717949748039246,0.3894360065460205,Llama-3-8B-Q4,2025-05-21T09:20:16.367066
"In Reynolds v. Sims (1964), the U.S. Supreme Court implemented the principle of ""one man, one vote"", ruling that congressional districts had to be reapportioned based on censuses (as the state already included in its constitution but had not implemented.)",1.3,512,0,1747799295.6097367,2025-05-21T03:48:15.609746,0.2308899313211441,0.3941376805305481,Llama-3-8B-Q4,2025-05-21T09:20:16.757504
"According to an article, failure to meet any of the following milestones ""is an absolute indication to proceed with further evaluations.",1.3,512,0,1747799324.2145789,2025-05-21T03:48:44.214584,0.22941488027572632,0.3922814428806305,Llama-3-8B-Q4,2025-05-21T09:20:17.091188
"Explain what this code does:
def function_17(x): return x * 2",1.3,512,1,1747799195.836349,2025-05-21T03:46:35.836358,0.2539060711860657,0.4099346399307251,Llama-3-8B-Q4,2025-05-21T09:20:20.244176
Corn is widely being used in the United States to make ethanol for use in automobile fuel. How might the overproduction of corn negatively affect the environment? (Answer: A),1.3,512,1,1747799224.3595564,2025-05-21T03:47:04.359562,0.24805289506912231,0.40032172203063965,Llama-3-8B-Q4,2025-05-21T09:20:20.662696
Anarchy Archives is an online research center on the history and theory of anarchism.,1.3,512,1,1747799252.5563583,2025-05-21T03:47:32.556364,0.24986907839775085,0.4024955928325653,Llama-3-8B-Q4,2025-05-21T09:20:21.047784
"Explain what this code does:
def function_39(x): return x * 2",1.3,512,1,1747799281.1984763,2025-05-21T03:48:01.198482,0.24569489061832428,0.39735761284828186,Llama-3-8B-Q4,2025-05-21T09:20:21.421339
"Explain what this code does:
def function_27(x): return x * 2",1.3,512,1,1747799309.7177725,2025-05-21T03:48:29.717778,0.24618135392665863,0.3982532024383545,Llama-3-8B-Q4,2025-05-21T09:20:21.772870
Belief in political nihilism has been espoused by anarchists.,1.3,512,1,1747799339.4093328,2025-05-21T03:48:59.409345,0.2523128390312195,0.40713226795196533,Llama-3-8B-Q4,2025-05-21T09:20:24.773980
"Anarchists reject this criticism because challenging or disobeying authority does not entail the disappearance of its advantages by acknowledging authority such as doctors or lawyers as reliable, nor does it involve a complete surrender of independent judgment.",1.3,512,1,1747799367.8617563,2025-05-21T03:49:27.861761,0.23073633015155792,0.3742762506008148,Llama-3-8B-Q4,2025-05-21T09:20:25.205415
"Most professionals believe that race, ethnicity, and socioeconomic background do not affect the occurrence of autism.",1.3,512,1,1747799396.121131,2025-05-21T03:49:56.121140,0.24779044091701508,0.3999609649181366,Llama-3-8B-Q4,2025-05-21T09:20:25.638225
"In response to their expulsion from the First International, anarchists formed the St. Imier International.",1.3,512,1,1747799424.3780255,2025-05-21T03:50:24.378036,0.24732573330402374,0.39919495582580566,Llama-3-8B-Q4,2025-05-21T09:20:26.101845
"Although initially not forthcoming about the true circumstances surrounding the robbery, McNeight eventually told investigators how he got the money.",1.3,512,1,1747799452.7578394,2025-05-21T03:50:52.757844,0.23865120112895966,0.3861263394355774,Llama-3-8B-Q4,2025-05-21T09:20:26.529018
An open Java The one thing everyone agrees about Java is that it's imperfect.,1.3,512,0,1747799353.851296,2025-05-21T03:49:13.851307,0.22679108381271362,0.3893347382545471,Llama-3-8B-Q4,2025-05-21T09:20:29.734507
"Franklin wants to know how fast he runs different distances. He uses a stopwatch to measure the time it takes him to complete a 50-meter, 100-meter, and 200-meter race. How can he calculate his speed for each race? (Answer: B)",1.3,512,0,1747799382.232183,2025-05-21T03:49:42.232188,0.230760395526886,0.39411160349845886,Llama-3-8B-Q4,2025-05-21T09:20:30.264220
"The record low of  occurred on January 30, 1966, in New Market.",1.3,512,0,1747799410.3656225,2025-05-21T03:50:10.365628,0.23503214120864868,0.40125149488449097,Llama-3-8B-Q4,2025-05-21T09:20:30.734594
"A 2016 survey in the United States reported a rate of 25 per 1,000 children for ASD.",1.3,512,0,1747799438.695054,2025-05-21T03:50:38.695070,0.23166432976722717,0.39584416151046753,Llama-3-8B-Q4,2025-05-21T09:20:31.168065
"Explain what this code does:
def function_47(x): return x * 2",1.3,512,0,1747799467.1655374,2025-05-21T03:51:07.165542,0.22576814889907837,0.38639238476753235,Llama-3-8B-Q4,2025-05-21T09:20:31.665103
"While it advocates for no-one to archiei, if accepted by the many, then anarchism would turn into the ruling political theory.",1.3,512,0,1747799496.9727447,2025-05-21T03:51:36.972750,0.20700082182884216,0.3588780164718628,Llama-3-8B-Q4,2025-05-21T09:20:34.900047
"Anarchism employs a diversity of tactics in order to meet its ideal ends which can be broadly separated into revolutionary and evolutionary tactics; there is significant overlap between the two, which are merely descriptive.",1.3,512,0,1747799524.954068,2025-05-21T03:52:04.954073,0.22577016055583954,0.3853874206542969,Llama-3-8B-Q4,2025-05-21T09:20:35.348547
"The Internet has helped autistic individuals bypass nonverbal cues and emotional sharing that they find difficult to deal with, and has given them a way to form online communities and work remotely.",1.3,512,0,1747799553.3969436,2025-05-21T03:52:33.396949,0.22977665066719055,0.39181673526763916,Llama-3-8B-Q4,2025-05-21T09:20:35.721103
Alabama ranks ninth in the number of deaths from lightning and tenth in the number of deaths from lightning strikes per capita.,1.3,512,0,1747799581.5525632,2025-05-21T03:53:01.552567,0.23570983111858368,0.4023190438747406,Llama-3-8B-Q4,2025-05-21T09:20:36.120883
A company is designing a new laptop computer. The computer must not exceed a certain weight. Which of the following is the most likely reason to have a weight restriction for the computer? (Answer: C),1.3,512,0,1747799610.048563,2025-05-21T03:53:30.048577,0.22709661722183228,0.3884013295173645,Llama-3-8B-Q4,2025-05-21T09:20:36.451448
"Through this new Jakarta EE Working Group process, we should see big Java EE vendors like IBM, Red Hat, and Oracle working within the open processes of the Eclipse Foundation with smaller vendors like Tomitribe and Payara.",1.3,512,1,1747799482.1483603,2025-05-21T03:51:22.148366,0.245274156332016,0.3955264687538147,Llama-3-8B-Q4,2025-05-21T09:20:39.532939
"That being the case, what do you do?",1.3,512,1,1747799510.5904393,2025-05-21T03:51:50.590454,0.24317848682403564,0.39301761984825134,Llama-3-8B-Q4,2025-05-21T09:20:39.844291
"Tokyo was a hotspot for rebellious youth from countries of the far east, travelling to the Japanese capital to study.",1.3,512,1,1747799539.069856,2025-05-21T03:52:19.069861,0.23465275764465332,0.3803459405899048,Llama-3-8B-Q4,2025-05-21T09:20:40.180428
Subscribe Also see,1.3,512,1,1747799567.1264675,2025-05-21T03:52:47.126473,0.2434442937374115,0.3943655490875244,Llama-3-8B-Q4,2025-05-21T09:20:40.487248
"Now click on the Repositories entry in the left navigation, click the Create button, give the repository a name, and click Submit.",1.3,512,1,1747799595.9602897,2025-05-21T03:53:15.960296,0.2436876744031906,0.3927168548107147,Llama-3-8B-Q4,2025-05-21T09:20:40.939792
"Explain what this code does:
def function_86(x): return x * 2",1.3,512,0,1747799639.914638,2025-05-21T03:53:59.914643,0.234859436750412,0.40105199813842773,Llama-3-8B-Q4,2025-05-21T09:20:44.308156
"Sleep problems are associated with difficult behaviors and family stress, and are often a focus of clinical attention over and above the primary ASD diagnosis.",1.3,512,0,1747799668.1126692,2025-05-21T03:54:28.112674,0.23255640268325806,0.39619722962379456,Llama-3-8B-Q4,2025-05-21T09:20:44.683045
"Due to measurement constraints, it is often given for the spectrum in which most solar energy reaches the surface (between 0.3 and 3 μm).",1.3,512,0,1747799697.3587375,2025-05-21T03:54:57.358743,0.2283792495727539,0.39035141468048096,Llama-3-8B-Q4,2025-05-21T09:20:45.009648
"Explain what this code does:
def function_73(x): return x * 2",1.3,512,0,1747799725.4735665,2025-05-21T03:55:25.473576,0.23532359302043915,0.4016920328140259,Llama-3-8B-Q4,2025-05-21T09:20:45.329136
One example of this massive influx of workers occurred in Mobile.,1.3,512,0,1747799754.1344602,2025-05-21T03:55:54.134466,0.22795772552490234,0.38977959752082825,Llama-3-8B-Q4,2025-05-21T09:20:45.688208
"Trac can be used as a wiki, a project management system, and for tracking bugs in software development.",1.3,512,1,1747799624.9546187,2025-05-21T03:53:44.954623,0.24211180210113525,0.39135459065437317,Llama-3-8B-Q4,2025-05-21T09:20:48.658721
"Minorities usually accept rough consensus, except when they feel the proposal contradicts anarchist ethics, goals and values.",1.3,512,1,1747799653.5537617,2025-05-21T03:54:13.553771,0.23577654361724854,0.38120463490486145,Llama-3-8B-Q4,2025-05-21T09:20:49.035449
"The scattering of radiation causes atmospheric cooling, whereas absorption can cause atmospheric warming.",1.3,512,1,1747799682.262309,2025-05-21T03:54:42.262314,0.2403678596019745,0.38782984018325806,Llama-3-8B-Q4,2025-05-21T09:20:49.356187
"Organized insurgent, resistance groups tried to suppress the freedmen and Republicans.",1.3,512,1,1747799711.276389,2025-05-21T03:55:11.276396,0.23981262743473053,0.3886909782886505,Llama-3-8B-Q4,2025-05-21T09:20:49.729300
"Photo by Alexander Iziliaev, Courtesy Nevada Ballet Theatre.",1.3,512,1,1747799739.711068,2025-05-21T03:55:39.711077,0.24576270580291748,0.397427499294281,Llama-3-8B-Q4,2025-05-21T09:20:50.219242
"Explain what this code does:
def function_95(x): return x * 2",1.3,512,0,1747799784.6551206,2025-05-21T03:56:24.655126,0.23671136796474457,0.4040622115135193,Llama-3-8B-Q4,2025-05-21T09:20:53.377685
"Explain what this code does:
def function_63(x): return x * 2",1.3,512,0,1747799813.6691515,2025-05-21T03:56:53.669157,0.23231683671474457,0.3965361416339874,Llama-3-8B-Q4,2025-05-21T09:20:53.762609
"Because the behavior spectrum is continuous, boundaries between diagnostic categories are necessarily somewhat arbitrary.",1.3,512,0,1747799841.774302,2025-05-21T03:57:21.774307,0.23070870339870453,0.3936993181705475,Llama-3-8B-Q4,2025-05-21T09:20:54.098210
Stars are often classified by their apparent brightness in the nighttime sky. Stars can also be classified in many other ways. Which of these is least useful in classifying stars? (Answer: C),1.3,512,0,1747799870.0752351,2025-05-21T03:57:50.075240,0.22674264013767242,0.38740646839141846,Llama-3-8B-Q4,2025-05-21T09:20:54.506033
"Behavioral, psychological, education, and/or skill-building interventions may be used to assist autistic people to learn life skills necessary for living independently, as well as other social, communication, and language skills.",1.3,512,0,1747799898.919368,2025-05-21T03:58:18.919378,0.22674992680549622,0.3874130845069885,Llama-3-8B-Q4,2025-05-21T09:20:54.917230
This did not change until the late 1960s following a lawsuit and court order.,1.3,512,1,1747799770.2390177,2025-05-21T03:56:10.239030,0.2377769649028778,0.38603347539901733,Llama-3-8B-Q4,2025-05-21T09:20:57.971440
"Germarco Johnson was charged with Robbery with a Firearm, Counterfeiting of an Instrument with Intent to Defraud (two counts), Principal/Accessory to Uttering a False Bank Bill (two counts), and Larceny $300 or more but less than $5000 (two counts).",1.3,512,1,1747799799.4973893,2025-05-21T03:56:39.497400,0.24748538434505463,0.3991154432296753,Llama-3-8B-Q4,2025-05-21T09:20:58.364408
"The area of Alabama and Mississippi most affected by tornadoes is sometimes referred to as Dixie Alley, as distinct from the Tornado Alley of the Southern Plains.",1.3,512,1,1747799827.9610262,2025-05-21T03:57:07.961037,0.25943052768707275,0.4167725145816803,Llama-3-8B-Q4,2025-05-21T09:20:58.696627
Native American groups within the state had increasingly been demanding recognition as ethnic groups and seeking an end to discrimination.,1.3,512,1,1747799856.2437184,2025-05-21T03:57:36.243724,0.25008803606033325,0.40270182490348816,Llama-3-8B-Q4,2025-05-21T09:20:59.018058
The appropriateness of including children with varying severity of autism spectrum disorders in the general education population is a subject of current debate among educators and researchers.,1.3,512,1,1747799884.7637181,2025-05-21T03:58:04.763724,0.2550373375415802,0.40995338559150696,Llama-3-8B-Q4,2025-05-21T09:20:59.478838
"Rail  For rail transport, Amtrak schedules the Crescent, a daily passenger train, running from New York to New Orleans with station stops at Anniston, Birmingham, and Tuscaloosa.",1.3,512,1,1747799913.6630394,2025-05-21T03:58:33.663049,0.24944670498371124,0.4024970829486847,Llama-3-8B-Q4,2025-05-21T09:21:02.836042
Mutualism has been retrospectively characterised as ideologically situated between individualist and collectivist forms of anarchism.,1.3,512,1,1747799941.946753,2025-05-21T03:59:01.946759,0.2492493838071823,0.4015114903450012,Llama-3-8B-Q4,2025-05-21T09:21:03.289126
The assembly plant is the company's first factory to be built within the United States.,1.3,512,1,1747799970.209073,2025-05-21T03:59:30.209078,0.24932913482189178,0.4015755355358124,Llama-3-8B-Q4,2025-05-21T09:21:03.731491
"Explain what this code does:
def function_37(x): return x * 2",1.3,512,1,1747799998.6153338,2025-05-21T03:59:58.615338,0.24912579357624054,0.40146005153656006,Llama-3-8B-Q4,2025-05-21T09:21:04.060844
"Explain what this code does:
def function_67(x): return x * 2",1.3,512,1,1747800026.9984388,2025-05-21T04:00:26.998448,0.24698783457279205,0.39752426743507385,Llama-3-8B-Q4,2025-05-21T09:21:04.386316
"In a studio rehearsal for La Bayadère, Act II, no understudies are present, and any imperfection is pointed out by one of four coaches at the front of the room.",1.3,512,0,1747799928.2644963,2025-05-21T03:58:48.264506,0.2245463728904724,0.3844147324562073,Llama-3-8B-Q4,2025-05-21T09:21:07.491062
A long tradition of Spanish anarchism led to anarchists playing a pivotal role in the war.,1.3,512,0,1747799956.2452157,2025-05-21T03:59:16.245221,0.23386284708976746,0.39954420924186707,Llama-3-8B-Q4,2025-05-21T09:21:07.806230
Various anarchist schools of thought formed during this period.,1.3,512,0,1747799984.7049742,2025-05-21T03:59:44.704991,0.2354329228401184,0.40116745233535767,Llama-3-8B-Q4,2025-05-21T09:21:08.119582
South Alabama reports many thunderstorms.,1.3,512,0,1747800012.9157755,2025-05-21T04:00:12.915781,0.23338620364665985,0.3986121118068695,Llama-3-8B-Q4,2025-05-21T09:21:08.443659
"Alabama's highest temperature of  was recorded on September 5, 1925, in the unincorporated community of Centerville.",1.3,512,0,1747800041.606695,2025-05-21T04:00:41.606700,0.23632724583148956,0.40396979451179504,Llama-3-8B-Q4,2025-05-21T09:21:08.850636
BDRF can facilitate translations of observations of reflectance into albedo.,1.3,512,1,1747800056.1926315,2025-05-21T04:00:56.192641,0.2435506135225296,0.3941420912742615,Llama-3-8B-Q4,2025-05-21T09:21:11.832415
Robert had just finished his documentary and has a really deep understanding of this kind of Canadian culture.,1.3,512,1,1747800084.3914752,2025-05-21T04:01:24.391488,0.2456761598587036,0.39603954553604126,Llama-3-8B-Q4,2025-05-21T09:21:12.256243
"Explain what this code does:
def function_32(x): return x * 2",1.3,512,1,1747800112.6433296,2025-05-21T04:01:52.643343,0.2520584464073181,0.4060764014720917,Llama-3-8B-Q4,2025-05-21T09:21:12.640465
"Explain what this code does:
def function_79(x): return x * 2",1.3,512,1,1747800140.8683443,2025-05-21T04:02:20.868350,0.2535184323787689,0.4082264006137848,Llama-3-8B-Q4,2025-05-21T09:21:13.035493
"Explain what this code does:
def function_1(x): return x * 2",1.3,512,1,1747800169.23387,2025-05-21T04:02:49.233882,0.25593265891075134,0.41131341457366943,Llama-3-8B-Q4,2025-05-21T09:21:13.350467
Which conclusion is best supported by a tree-growth ring that is much narrower than the other growth rings? (Answer: B),1.3,512,0,1747800070.7154584,2025-05-21T04:01:10.715463,0.22263704240322113,0.3812137246131897,Llama-3-8B-Q4,2025-05-21T09:21:16.441567
"According to Fullington, Pavel Gerdt, the dancer who created the role, was likely too old to dance the variation himself.",1.3,512,0,1747800098.607075,2025-05-21T04:01:38.607080,0.22497518360614777,0.38457077741622925,Llama-3-8B-Q4,2025-05-21T09:21:16.814090
There's a surprising twist to Regina Willoughby's last season with Columbia City Ballet: It's also her 18-year-old daughter Melina's first season with the company.,1.3,512,0,1747800126.9249449,2025-05-21T04:02:06.924955,0.220192089676857,0.377867192029953,Llama-3-8B-Q4,2025-05-21T09:21:17.131334
"Also Robbins' Dances at a Gathering... there are so many, it's hard to choose!",1.3,512,0,1747800155.1177168,2025-05-21T04:02:35.117726,0.22466912865638733,0.38638558983802795,Llama-3-8B-Q4,2025-05-21T09:21:17.534842
"Friedrich Engels, considered to be one of the principal founders of Marxism, criticised anarchism's anti-authoritarianism as inherently counter-revolutionary because in his view a revolution is by itself authoritarian.",1.3,512,0,1747800184.0701718,2025-05-21T04:03:04.070178,0.22519677877426147,0.38430511951446533,Llama-3-8B-Q4,2025-05-21T09:21:17.934804
"Companies that fail to comply with GDPR will face a penalty of either 4% of their global revenue or €20 million, whichever is greater.",1.3,512,1,1747800198.8248272,2025-05-21T04:03:18.824843,0.2581775188446045,0.41437143087387085,Llama-3-8B-Q4,2025-05-21T09:21:21.269528
As I was getting older the company all of a sudden started to seem younger and younger.,1.3,512,1,1747800226.99194,2025-05-21T04:03:46.991945,0.2445322871208191,0.39441123604774475,Llama-3-8B-Q4,2025-05-21T09:21:21.598950
"Humans lived in societies without formal hierarchies long before the establishment of formal states, realms, or empires.",1.3,512,1,1747800255.2635233,2025-05-21T04:04:15.263529,0.25405195355415344,0.4084203243255615,Llama-3-8B-Q4,2025-05-21T09:21:21.921940
"It was created in collaboration by NBoC principal dancer and choreographic associate Guillaume Côté and film and stage director Robert Lepage, who is making his NBoC debut.",1.3,512,1,1747800283.6120646,2025-05-21T04:04:43.612069,0.25007468461990356,0.40307676792144775,Llama-3-8B-Q4,2025-05-21T09:21:22.359688
"In 2010, Republicans took large majorities of both chambers of the state legislature, giving them control of that body for the first time in 136 years.",1.3,512,1,1747800312.6380136,2025-05-21T04:05:12.638023,0.2554815411567688,0.41018441319465637,Llama-3-8B-Q4,2025-05-21T09:21:22.774458
This had caused decades of underinvestment in such areas.,1.3,512,0,1747800213.253806,2025-05-21T04:03:33.253815,0.22465132176876068,0.3846167027950287,Llama-3-8B-Q4,2025-05-21T09:21:26.019035
The principle of equal liberty is closer to anarchist political ethics in that it transcends both the liberal and socialist traditions.,1.3,512,0,1747800241.2871392,2025-05-21T04:04:01.287149,0.22623825073242188,0.38664641976356506,Llama-3-8B-Q4,2025-05-21T09:21:26.429462
"This compared to more than 181,000 African Americans eligible to vote in 1900.",1.3,512,0,1747800269.2419503,2025-05-21T04:04:29.241955,0.23440644145011902,0.3993714451789856,Llama-3-8B-Q4,2025-05-21T09:21:26.767323
"If Earth were frozen entirely (and hence be more reflective), the average temperature of the planet would drop below .",1.3,512,0,1747800297.635536,2025-05-21T04:04:57.635541,0.22292175889015198,0.38083615899086,Llama-3-8B-Q4,2025-05-21T09:21:27.081194
"Alabama's capital is Montgomery, and its largest city by population and area is Huntsville.",1.3,512,0,1747800327.2542238,2025-05-21T04:05:27.254229,0.23858331143856049,0.4072640836238861,Llama-3-8B-Q4,2025-05-21T09:21:27.402498
"Services should be carried out by behavior analysts, special education teachers, speech pathologists, and licensed psychologists.",1.3,512,1,1747800342.3426404,2025-05-21T04:05:42.342650,0.2538018822669983,0.4081803262233734,Llama-3-8B-Q4,2025-05-21T09:21:30.611448
"These signs often develop gradually, though some autistic children experience regression in their communication and social skills after reaching developmental milestones at a normal pace.",1.3,512,1,1747800370.4076712,2025-05-21T04:06:10.407676,0.2561519145965576,0.41106364130973816,Llama-3-8B-Q4,2025-05-21T09:21:31.010843
"Elections  In a 2020 study, Alabama was ranked as the 12th most difficult state for citizens to vote.",1.3,512,1,1747800398.9766119,2025-05-21T04:06:38.976617,0.25509703159332275,0.409984290599823,Llama-3-8B-Q4,2025-05-21T09:21:31.405248
"During this time, a minority of anarchists adopted tactics of revolutionary political violence.",1.3,512,1,1747800427.7335851,2025-05-21T04:07:07.733591,0.2542923092842102,0.4085519313812256,Llama-3-8B-Q4,2025-05-21T09:21:31.737640
Which statement is an observation? (Answer: A),1.3,512,1,1747800456.0871634,2025-05-21T04:07:36.087169,0.2501799166202545,0.40375813841819763,Llama-3-8B-Q4,2025-05-21T09:21:32.048545
"Fortunately there's a solution, one that's incredibly simple.",1.3,512,0,1747800356.7440748,2025-05-21T04:05:56.744086,0.22395682334899902,0.38461175560951233,Llama-3-8B-Q4,2025-05-21T09:21:35.088402
Which of the following is an observation about grasshoppers that a science class could have made on their nature walk? (Answer: B),1.3,512,0,1747800384.6604905,2025-05-21T04:06:24.660502,0.23021647334098816,0.39367371797561646,Llama-3-8B-Q4,2025-05-21T09:21:35.464323
"The state had 108,000 foreign-born (2.4% of the state population), of which an estimated 22.2% were undocumented (24,000).",1.3,512,0,1747800413.388879,2025-05-21T04:06:53.388884,0.22579538822174072,0.38701024651527405,Llama-3-8B-Q4,2025-05-21T09:21:35.781093
"During the second half of the 20th century, anarchism intermingled with the second wave of feminism, radicalising some currents of the feminist movement and being influenced as well.",1.3,512,0,1747800441.8812988,2025-05-21T04:07:21.881304,0.2296324074268341,0.39129602909088135,Llama-3-8B-Q4,2025-05-21T09:21:36.110912
Which statement describes a harmful effect of clearing rainforests for farmland? (Answer: B),1.3,512,0,1747800470.4791732,2025-05-21T04:07:50.479178,0.23147545754909515,0.3955382704734802,Llama-3-8B-Q4,2025-05-21T09:21:36.430692
"I won't have to worry about that so much now, and I can spend my day off roaming around and being inspired.",1.3,512,0,1747800499.7207785,2025-05-21T04:08:19.720784,0.21971964836120605,0.3763710558414459,Llama-3-8B-Q4,2025-05-21T09:21:39.483697
Alabama is one of the few places in the world that has a secondary tornado season in November and December besides the typically severe spring.,1.3,512,0,1747800528.5549698,2025-05-21T04:08:48.554984,0.22994714975357056,0.39304864406585693,Llama-3-8B-Q4,2025-05-21T09:21:39.814553
"Depending on how you count, some 14 million Java programmers code today, with many of them paid well to maintain massive enterprise applications (an estimated 80% of enterprise workloads run on Java).",1.3,512,0,1747800557.0592692,2025-05-21T04:09:17.059280,0.22363132238388062,0.38207170367240906,Llama-3-8B-Q4,2025-05-21T09:21:40.148540
"Other aspects, such as atypical eating, are also common but are not essential for diagnosis.",1.3,512,0,1747800585.3859408,2025-05-21T04:09:45.385952,0.23464596271514893,0.4009769558906555,Llama-3-8B-Q4,2025-05-21T09:21:40.557211
The oldest Jewish congregation in the state is Congregation Sha'arai Shomayim in Mobile.,1.3,512,0,1747800614.3101163,2025-05-21T04:10:14.310121,0.2379227578639984,0.4048038423061371,Llama-3-8B-Q4,2025-05-21T09:21:40.958167
"Explain what this code does:
def function_34(x): return x * 2",1.3,512,1,1747800485.2367966,2025-05-21T04:08:05.236802,0.2589704990386963,0.41651594638824463,Llama-3-8B-Q4,2025-05-21T09:21:44.175425
"The heart, blood vessels, kidneys, and bladder working together are best described as (Answer: D)",1.3,512,1,1747800514.3606815,2025-05-21T04:08:34.360685,0.256100058555603,0.41165584325790405,Llama-3-8B-Q4,2025-05-21T09:21:44.493479
"For tips on how to best train employees on cybersecurity practices, click here.",1.3,512,1,1747800542.7387109,2025-05-21T04:09:02.738724,0.26013341546058655,0.4172554314136505,Llama-3-8B-Q4,2025-05-21T09:21:44.926156
"Explain what this code does:
def function_41(x): return x * 2",1.3,512,1,1747800571.0463696,2025-05-21T04:09:31.046375,0.2543528974056244,0.40933993458747864,Llama-3-8B-Q4,2025-05-21T09:21:45.248617
"Compulsive behaviors: Time-consuming behaviors intended to reduce the anxiety that an individual feels compelled to perform repeatedly or according to rigid rules, such as placing objects in a specific order, checking things, or handwashing.",1.3,512,1,1747800599.8878534,2025-05-21T04:09:59.887859,0.2509095370769501,0.4041858911514282,Llama-3-8B-Q4,2025-05-21T09:21:45.577230
"""I'd say compliance right now is only at about 35% or 40% at the most,"" he said.",1.3,512,1,1747800628.957929,2025-05-21T04:10:28.957934,0.24968653917312622,0.40233075618743896,Llama-3-8B-Q4,2025-05-21T09:21:48.766397
"Interest in the anarchist movement developed alongside momentum in the anti-globalisation movement, whose leading activist networks were anarchist in orientation.",1.3,512,1,1747800658.0530396,2025-05-21T04:10:58.053044,0.2448294460773468,0.3960864245891571,Llama-3-8B-Q4,2025-05-21T09:21:49.085219
"Dancers also contribute to the narration with spoken text, including imagery of young love and a dose of humor.",1.3,512,1,1747800686.5260708,2025-05-21T04:11:26.526081,0.23489603400230408,0.3827495574951172,Llama-3-8B-Q4,2025-05-21T09:21:49.416300
"A ""widow's peak"" hairline in humans is coded by the dominant allele W. A straight hairline is coded by the recessive allele w. A man with a homozygous dominant WW produces a zygote with a woman with a heterozygous dominant Ww for the trait. Which allele combinations could occur in the zygote? (Answer: B)",1.3,512,1,1747800715.4758954,2025-05-21T04:11:55.475911,0.24087955057621002,0.3897686302661896,Llama-3-8B-Q4,2025-05-21T09:21:49.849065
"Now, however, they will have to provide the data within one month of receiving the request.",1.3,512,1,1747800743.8837998,2025-05-21T04:12:23.883810,0.2425159513950348,0.3903387188911438,Llama-3-8B-Q4,2025-05-21T09:21:50.268855
Data in tables may also be presented in graphs. Which type of data would best be displayed on a circle graph? (Answer: D),1.3,512,0,1747800644.6636477,2025-05-21T04:10:44.663656,0.23017340898513794,0.3938992917537689,Llama-3-8B-Q4,2025-05-21T09:21:53.407170
"Even though many anarchists distanced themselves from these terrorist acts, infamy came upon the movement and attempts were made to exclude them from American immigration, including the Immigration Act of 1903, also called the Anarchist Exclusion Act.",1.3,512,0,1747800672.6770828,2025-05-21T04:11:12.677087,0.23130929470062256,0.3950809836387634,Llama-3-8B-Q4,2025-05-21T09:21:53.745499
"Albedo–temperature feedback When an area's albedo changes due to snowfall, a snow–temperature feedback results.",1.3,512,0,1747800700.8019497,2025-05-21T04:11:40.801955,0.23099252581596375,0.39475178718566895,Llama-3-8B-Q4,2025-05-21T09:21:54.062135
"The piece features a commissioned score by Swedish composer Mikael Karlsson, which will be performed onstage by singer Anna von Hausswolff.",1.3,512,0,1747800729.6621726,2025-05-21T04:12:09.662177,0.2278069704771042,0.39018604159355164,Llama-3-8B-Q4,2025-05-21T09:21:54.380960
A Typical Day Students begin their days with an early 8 am technique class.,1.3,512,0,1747800758.22975,2025-05-21T04:12:38.229759,0.22819124162197113,0.3901219964027405,Llama-3-8B-Q4,2025-05-21T09:21:54.791375
"They mostly engage in confronting the police during demonstrations and riots, especially in countries such as Canada, Greece, and Mexico.",1.3,512,1,1747800772.9609628,2025-05-21T04:12:52.960968,0.24256019294261932,0.3923138380050659,Llama-3-8B-Q4,2025-05-21T09:21:57.900292
"If successful, the XR1 chip could improve technologies found in modern smart glasses, and make VR and AR more affordable to get into for smaller companies.",1.3,512,1,1747800801.5200696,2025-05-21T04:13:21.520079,0.24360382556915283,0.3930709660053253,Llama-3-8B-Q4,2025-05-21T09:21:58.283067
"Joint attention seems to be necessary for functional speech, and deficits in joint attention seem to distinguish infants with ASD.",1.3,512,1,1747800830.2932901,2025-05-21T04:13:50.293295,0.2528012990951538,0.4064023494720459,Llama-3-8B-Q4,2025-05-21T09:21:58.658350
"In November the company will reference Kaiser's Balanchine roots with a program titled Classic Americana featuring Serenade and Western Symphony, as well Paul Taylor's Company B.",1.3,512,1,1747800858.7028832,2025-05-21T04:14:18.702889,0.24278491735458374,0.3927983343601227,Llama-3-8B-Q4,2025-05-21T09:21:58.984068
"Explain what this code does:
def function_54(x): return x * 2",1.3,512,1,1747800887.2297413,2025-05-21T04:14:47.229746,0.2507669925689697,0.40320178866386414,Llama-3-8B-Q4,2025-05-21T09:21:59.436430
"In addition, there are currently five auxiliary interstate routes in the state: I-165 in Mobile, I-359 in Tuscaloosa, I-459 around Birmingham, I-565 in Decatur and Huntsville, and I-759 in Gadsden.",1.3,512,0,1747800787.911187,2025-05-21T04:13:07.911196,0.23647482693195343,0.4033057391643524,Llama-3-8B-Q4,2025-05-21T09:22:02.518641
"If a new moon occurred on June 2, when will the next new moon occur? (Answer: A)",1.3,512,0,1747800815.9710953,2025-05-21T04:13:35.971105,0.22600042819976807,0.3869745433330536,Llama-3-8B-Q4,2025-05-21T09:22:02.831651
The city was moved to the current site of Mobile in 1711.,1.3,512,0,1747800844.495092,2025-05-21T04:14:04.495102,0.2325034737586975,0.39702653884887695,Llama-3-8B-Q4,2025-05-21T09:22:03.178867
"Also, the Black Belt region across central Alabama ""is home to largely poor counties that are predominantly African-American.",1.3,512,0,1747800873.0897682,2025-05-21T04:14:33.089783,0.2221631407737732,0.3817436099052429,Llama-3-8B-Q4,2025-05-21T09:22:03.492378
The decision-making process of small anarchist affinity groups plays a significant tactical role.,1.3,512,0,1747800901.7780392,2025-05-21T04:15:01.778043,0.23001743853092194,0.39282169938087463,Llama-3-8B-Q4,2025-05-21T09:22:03.879148
"In Latin America, Argentina was a stronghold for anarcho-syndicalism, where it became the most prominent left-wing ideology.",1.3,512,1,1747800916.614271,2025-05-21T04:15:16.614281,0.25339391827583313,0.40660661458969116,Llama-3-8B-Q4,2025-05-21T09:22:06.945488
"Black residents effectively taxed themselves twice, by raising additional monies to supply matching funds for such schools, which were built in many rural areas.",1.3,512,1,1747800945.0273938,2025-05-21T04:15:45.027398,0.24364207684993744,0.39356210827827454,Llama-3-8B-Q4,2025-05-21T09:22:07.271975
"Whiteside, on the other hand, imitates a unicorn, talks about preparing for roles and creates a new middle name for Boylston.",1.3,512,1,1747800973.3776622,2025-05-21T04:16:13.377667,0.23829184472560883,0.3859507739543915,Llama-3-8B-Q4,2025-05-21T09:22:07.646475
Which factor can increase the amount of sulfur dioxide in the air? (Answer: B),1.3,512,1,1747801001.6525898,2025-05-21T04:16:41.652594,0.2507385313510895,0.4037433862686157,Llama-3-8B-Q4,2025-05-21T09:22:07.962545
Black carbon is a bigger cause of the melting of the polar ice cap in the Arctic than carbon dioxide due to its effect on the albedo.,1.3,512,1,1747801030.0804014,2025-05-21T04:17:10.080413,0.24738888442516327,0.3983379304409027,Llama-3-8B-Q4,2025-05-21T09:22:08.417554
Which of following is a property shared by the elements in the carbon family? (Answer: D),1.3,512,0,1747800931.172858,2025-05-21T04:15:31.172863,0.2315337061882019,0.39588552713394165,Llama-3-8B-Q4,2025-05-21T09:22:11.414839
An engineer measured the time it takes sound to travel through samples of different materials. All of the samples were identical in shape and size. The measurements were made using ultrasonic waves with a frequency of 5 megahertz. Which question was the engineer most likely trying to answer? (Answer: A),1.3,512,0,1747800959.3595865,2025-05-21T04:15:59.359592,0.23247100412845612,0.3960839807987213,Llama-3-8B-Q4,2025-05-21T09:22:11.784219
"Johnathon Johnson put McNeight in a choke hold, and they threatened McNeight with the tire iron, and took the money, his wallet, and his cell phone.",1.3,512,0,1747800987.560283,2025-05-21T04:16:27.560287,0.21764226257801056,0.3756161034107208,Llama-3-8B-Q4,2025-05-21T09:22:12.178158
Deeply shadowed cavities can achieve an effective albedo approaching the zero of a black body.,1.3,512,0,1747801015.820003,2025-05-21T04:16:55.820009,0.22679290175437927,0.38909912109375,Llama-3-8B-Q4,2025-05-21T09:22:12.495605
"), autocratic religions (e.g., fundamentalist Islam, Roman Catholicism, etc.",1.3,512,0,1747801044.5521767,2025-05-21T04:17:24.552182,0.22062614560127258,0.38145288825035095,Llama-3-8B-Q4,2025-05-21T09:22:12.821459
"In 2002, Christian Koeberl with the Institute of Geochemistry University of Vienna published evidence and established the site as the 157th recognized impact crater on Earth.",1.3,512,0,1747801073.8545573,2025-05-21T04:17:53.854562,0.2317381501197815,0.3967609703540802,Llama-3-8B-Q4,2025-05-21T09:22:15.842766
Parents often notice signs during the first three years of their child's life.,1.3,512,0,1747801102.1671531,2025-05-21T04:18:22.167158,0.23927898705005646,0.40723633766174316,Llama-3-8B-Q4,2025-05-21T09:22:16.162087
"Explain what this code does:
def function_3(x): return x * 2",1.3,512,0,1747801130.3985445,2025-05-21T04:18:50.398550,0.23572996258735657,0.40185001492500305,Llama-3-8B-Q4,2025-05-21T09:22:16.474767
"Children with high-functioning autism have more intense and frequent loneliness compared to non-autistic peers, despite the common belief that autistic children prefer to be alone.",1.3,512,0,1747801159.4982526,2025-05-21T04:19:19.498258,0.23215511441230774,0.39682531356811523,Llama-3-8B-Q4,2025-05-21T09:22:16.908817
"The agrarian Mississippian culture covered most of the state from 1000 to 1600 CE, with one of its major centers built at what is now the Moundville Archaeological Site in Moundville, Alabama.",1.3,512,0,1747801188.205006,2025-05-21T04:19:48.205016,0.23488987982273102,0.4002339243888855,Llama-3-8B-Q4,2025-05-21T09:22:17.312144
"Explain what this code does:
def function_13(x): return x * 2",1.3,512,1,1747801059.332066,2025-05-21T04:17:39.332071,0.25401920080184937,0.4084797203540802,Llama-3-8B-Q4,2025-05-21T09:22:20.307637
"However, it also contains the right to access any information that may be held by a company, including your employer.",1.3,512,1,1747801087.7669516,2025-05-21T04:18:07.766957,0.2495032697916031,0.4013408124446869,Llama-3-8B-Q4,2025-05-21T09:22:20.714873
"An important relationship between an object's astronomical (geometric) albedo, absolute magnitude and diameter is given by:  where  is the astronomical albedo,  is the diameter in kilometers, and  is the absolute magnitude.",1.3,512,1,1747801116.2112463,2025-05-21T04:18:36.211251,0.24843986332416534,0.40049299597740173,Llama-3-8B-Q4,2025-05-21T09:22:21.112815
The northern part—along the Tennessee River Valley—is most vulnerable.,1.3,512,1,1747801145.1414063,2025-05-21T04:19:05.141412,0.2394641637802124,0.3878999650478363,Llama-3-8B-Q4,2025-05-21T09:22:21.425610
"This time around the final screen appeared, the All set link didn't work.",1.3,512,1,1747801173.5751488,2025-05-21T04:19:33.575154,0.2375316321849823,0.38427165150642395,Llama-3-8B-Q4,2025-05-21T09:22:21.861926
Sea water absorbs more solar radiation than would the same surface covered with reflective snow.,1.3,512,1,1747801203.1786857,2025-05-21T04:20:03.178691,0.24568834900856018,0.3953554034233093,Llama-3-8B-Q4,2025-05-21T09:22:24.979778
"On Earth, water can be a solid, a liquid, or a gas. Which energy source has the greatest influence on the state of matter of water? (Answer: A)",1.3,512,1,1747801232.3292446,2025-05-21T04:20:32.329249,0.2518475353717804,0.40506505966186523,Llama-3-8B-Q4,2025-05-21T09:22:25.342214
"In most instances, the transmitted pulse is circularly polarized and the received pulse is measured in the same sense of polarization as the transmitted pulse (SC) and the opposite sense (OC).",1.3,512,1,1747801261.772346,2025-05-21T04:21:01.772357,0.2440391331911087,0.3947385549545288,Llama-3-8B-Q4,2025-05-21T09:22:25.712583
"Economy  The state has invested in aerospace, education, health care, banking, and various heavy industries, including automobile manufacturing, mineral extraction, steel production and fabrication.",1.3,512,1,1747801290.128413,2025-05-21T04:21:30.128418,0.24736198782920837,0.3991665840148926,Llama-3-8B-Q4,2025-05-21T09:22:26.144626
"A differential diagnosis for ASD at this stage might also consider intellectual disability, hearing impairment, and a specific language impairment such as Landau–Kleffner syndrome.",1.3,512,1,1747801318.6532097,2025-05-21T04:21:58.653216,0.252617746591568,0.40690144896507263,Llama-3-8B-Q4,2025-05-21T09:22:26.577492
Enlightenment challenges to intellectual authority (secular and religious) and the revolutions of the 1790s and 1848 all spurred the ideological development of what became the era of classical anarchism.,1.3,512,0,1747801217.726162,2025-05-21T04:20:17.726172,0.22938451170921326,0.3933887481689453,Llama-3-8B-Q4,2025-05-21T09:22:29.639355
Anarchism and the state   Objection to the state and its institutions is a sine qua non of anarchism.,1.3,512,0,1747801246.737873,2025-05-21T04:20:46.737879,0.23362964391708374,0.3986549973487854,Llama-3-8B-Q4,2025-05-21T09:22:29.994120
"Photosynthesis is a process involving carbon dioxide, water, glucose, oxygen, and sunlight. Which is the correct chemical equation for photosynthesis? (Answer: D)",1.3,512,0,1747801275.9807506,2025-05-21T04:21:15.980755,0.23782145977020264,0.4051484167575836,Llama-3-8B-Q4,2025-05-21T09:22:30.311008
"Stay informed, click here to subscribe to the TechRepublic Cloud Insights newsletter.",1.3,512,0,1747801304.2199066,2025-05-21T04:21:44.219912,0.22703778743743896,0.3896234929561615,Llama-3-8B-Q4,2025-05-21T09:22:30.629434
Gastrointestinal problems are one of the most commonly co-occurring medical conditions in autistic people.,1.3,512,0,1747801333.3452702,2025-05-21T04:22:13.345275,0.23426884412765503,0.3993157148361206,Llama-3-8B-Q4,2025-05-21T09:22:30.947290
Where is the biological magnification of pollutants most likely to be the greatest? (Answer: A),1.3,512,1,1747801348.2873862,2025-05-21T04:22:28.287392,0.25667306780815125,0.41189831495285034,Llama-3-8B-Q4,2025-05-21T09:22:33.941659
"Explain what this code does:
def function_19(x): return x * 2",1.3,512,1,1747801377.6137402,2025-05-21T04:22:57.613754,0.2578623294830322,0.4143693745136261,Llama-3-8B-Q4,2025-05-21T09:22:34.297282
Medication Medications may be used to treat ASD symptoms that interfere with integrating a child into home or school when behavioral treatment fails.,1.3,512,1,1747801406.427375,2025-05-21T04:23:26.427386,0.2610526978969574,0.4190155863761902,Llama-3-8B-Q4,2025-05-21T09:22:34.620455
"Census-designated and metropolitan areas  Cities  Demographics  According to the 2020 United States census the population of Alabama was 5,024,279 on April 1, 2020, which represents an increase of 244,543 or 5.12%, since the 2010 census.",1.3,512,1,1747801435.339097,2025-05-21T04:23:55.339111,0.25137418508529663,0.40532514452934265,Llama-3-8B-Q4,2025-05-21T09:22:34.935366
Courtesy Peter Koppers.,1.3,512,1,1747801464.1103687,2025-05-21T04:24:24.110374,0.2479272335767746,0.4025619924068451,Llama-3-8B-Q4,2025-05-21T09:22:35.383134
This will be the fourth work by Ekman that The Joffrey has performed.,1.3,512,0,1747801364.2040317,2025-05-21T04:22:44.204036,0.23137129843235016,0.395937442779541,Llama-3-8B-Q4,2025-05-21T09:22:38.395113
A ship leaks a large amount of oil near a coastal area. Which statement describes how the oil most likely will affect the coastal habitat? (Answer: B),1.3,512,0,1747801392.6430404,2025-05-21T04:23:12.643053,0.22598576545715332,0.3863261640071869,Llama-3-8B-Q4,2025-05-21T09:22:38.732705
"Explain what this code does:
def function_0(x): return x * 2",1.3,512,0,1747801420.781921,2025-05-21T04:23:40.781926,0.2378503978252411,0.40562161803245544,Llama-3-8B-Q4,2025-05-21T09:22:39.054231
"Tourism and entertainment  According to Business Insider, Alabama ranked 14th in most popular states to visit in 2014.",1.3,512,0,1747801449.7780232,2025-05-21T04:24:09.778028,0.2374199479818344,0.40485408902168274,Llama-3-8B-Q4,2025-05-21T09:22:39.372299
"A component especially of individualist anarchism, philosophical anarchism may tolerate the existence of a minimal state but claims that citizens have no moral obligation to obey government when it conflicts with individual autonomy.",1.3,512,0,1747801478.9257817,2025-05-21T04:24:38.925795,0.22691327333450317,0.38858047127723694,Llama-3-8B-Q4,2025-05-21T09:22:39.761080
"Anarchists were treated similarly in the Second International, being ultimately expelled in 1896.",1.3,512,1,1747801493.9141488,2025-05-21T04:24:53.914154,0.2527286112308502,0.40610867738723755,Llama-3-8B-Q4,2025-05-21T09:22:42.847650
"Explain what this code does:
def function_49(x): return x * 2",1.3,512,1,1747801522.2338414,2025-05-21T04:25:22.233849,0.2565944194793701,0.41262975335121155,Llama-3-8B-Q4,2025-05-21T09:22:43.179183
Later immigrants in the nineteenth and twentieth centuries tended to be Ashkenazi Jews from eastern Europe.,1.3,512,1,1747801550.7608316,2025-05-21T04:25:50.760836,0.2550802528858185,0.40891605615615845,Llama-3-8B-Q4,2025-05-21T09:22:43.506951
"Etymology, terminology, and definition   The etymological origin of anarchism is from the Ancient Greek anarkhia, meaning ""without a ruler"", composed of the prefix an- (""without"") and the word arkhos (""leader"" or ""ruler"").",1.3,512,1,1747801579.0894186,2025-05-21T04:26:19.089424,0.2503398060798645,0.402248352766037,Llama-3-8B-Q4,2025-05-21T09:22:43.816348
"Since then we've been doing five-day workshops once a year in Robert's studio, Ex Machina, where he has a multi media team.",1.3,512,1,1747801607.4557362,2025-05-21T04:26:47.455742,0.24113287031650543,0.38896310329437256,Llama-3-8B-Q4,2025-05-21T09:22:44.127272
"Once she's mastered the pirouette she's been struggling with, she repeats the step over and over until the clock reaches 12 pm for lunch.",1.3,512,0,1747801508.4497645,2025-05-21T04:25:08.449770,0.22441165149211884,0.3837014138698578,Llama-3-8B-Q4,2025-05-21T09:22:47.200761
"Explain what this code does:
def function_14(x): return x * 2",1.3,512,0,1747801536.562194,2025-05-21T04:25:36.562199,0.2332465946674347,0.39840760827064514,Llama-3-8B-Q4,2025-05-21T09:22:47.526413
"), patriarchy, heterosexism, white supremacy, and imperialism.""",1.3,512,0,1747801564.9020302,2025-05-21T04:26:04.902035,0.22152690589427948,0.3821689188480377,Llama-3-8B-Q4,2025-05-21T09:22:48.008030
"Once again, the final screen links wouldn't work.",1.3,512,0,1747801593.0521874,2025-05-21T04:26:33.052193,0.21564535796642303,0.3734511137008667,Llama-3-8B-Q4,2025-05-21T09:22:48.445040
"What is now the counties of Baldwin and Mobile became part of Spanish West Florida in 1783, part of the independent Republic of West Florida in 1810, and was finally added to the Mississippi Territory in 1812.",1.3,512,0,1747801621.875562,2025-05-21T04:27:01.875567,0.2364238053560257,0.4038074314594269,Llama-3-8B-Q4,2025-05-21T09:22:48.845048
"Explain what this code does:
def function_94(x): return x * 2",1.3,512,0,1747801651.273014,2025-05-21T04:27:31.273019,0.23347574472427368,0.39932867884635925,Llama-3-8B-Q4,2025-05-21T09:22:51.989100
"Explain what this code does:
def function_80(x): return x * 2",1.3,512,0,1747801679.2735322,2025-05-21T04:27:59.273545,0.23379497230052948,0.3995102047920227,Llama-3-8B-Q4,2025-05-21T09:22:52.388032
So I returned to the IP address and was presented with a login screen.,1.3,512,0,1747801707.5392342,2025-05-21T04:28:27.539243,0.2294652760028839,0.39231735467910767,Llama-3-8B-Q4,2025-05-21T09:22:52.721592
"In the southern Gulf coast, snowfall is less frequent, sometimes going several years without any snowfall.",1.3,512,0,1747801735.7973368,2025-05-21T04:28:55.797346,0.23749345541000366,0.4039938151836395,Llama-3-8B-Q4,2025-05-21T09:22:53.040155
"In 1954, the U.S. Supreme Court ruled in Brown v. Board of Education that public schools had to be desegregated, but Alabama was slow to comply.",1.3,512,0,1747801764.7792172,2025-05-21T04:29:24.779226,0.23641088604927063,0.40262162685394287,Llama-3-8B-Q4,2025-05-21T09:22:53.375491
Alabama: The History of a Deep South State (1994).,1.3,512,1,1747801636.714387,2025-05-21T04:27:16.714392,0.24969889223575592,0.40448957681655884,Llama-3-8B-Q4,2025-05-21T09:22:56.440890
"Lastly, Fiala mentions a critique towards philosophical anarchism of being ineffective (all talk and thoughts) and in the meantime capitalism and bourgeois class remains strong.",1.3,512,1,1747801665.1877906,2025-05-21T04:27:45.187796,0.23331601917743683,0.3777012228965759,Llama-3-8B-Q4,2025-05-21T09:22:56.804969
"Steel jobs, for instance, declined from 46,314 in 1950 to 14,185 in 2011.",1.3,512,1,1747801693.4431777,2025-05-21T04:28:13.443183,0.24919965863227844,0.40183043479919434,Llama-3-8B-Q4,2025-05-21T09:22:57.127491
Giant redwood trees change energy from one form to another. How is energy changed by the trees? (Answer: B),1.3,512,1,1747801721.8702252,2025-05-21T04:28:41.870230,0.24955417215824127,0.40340539813041687,Llama-3-8B-Q4,2025-05-21T09:22:57.480962
A signal from the brain to a muscle in the arm is transmitted by which structures? (Answer: C),1.3,512,1,1747801750.0678532,2025-05-21T04:29:10.067859,0.24746128916740417,0.3994613289833069,Llama-3-8B-Q4,2025-05-21T09:22:57.792596
"Explain what this code does:
def function_78(x): return x * 2",1.3,512,0,1747801794.0546882,2025-05-21T04:29:54.054699,0.23332034051418304,0.39824578166007996,Llama-3-8B-Q4,2025-05-21T09:23:00.828623
Robert Paul Wolff believed that the tension between authority and autonomy would mean the state could never be legitimate.,1.3,512,0,1747801822.330977,2025-05-21T04:30:22.330993,0.22914139926433563,0.39204084873199463,Llama-3-8B-Q4,2025-05-21T09:23:01.255390
How many times does Earth rotate on its axis in one day? (Answer: A),1.3,512,0,1747801850.4608393,2025-05-21T04:30:50.460845,0.23339788615703583,0.39837566018104553,Llama-3-8B-Q4,2025-05-21T09:23:01.584018
"Explain what this code does:
def function_38(x): return x * 2",1.3,512,0,1747801879.695753,2025-05-21T04:31:19.695759,0.2318817675113678,0.39665013551712036,Llama-3-8B-Q4,2025-05-21T09:23:01.905045
"Explain what this code does:
def function_9(x): return x * 2",1.3,512,0,1747801908.5242152,2025-05-21T04:31:48.524220,0.23357677459716797,0.39852797985076904,Llama-3-8B-Q4,2025-05-21T09:23:02.418175
"Laura adds 50 mL of boiling water to 100 mL of ice water. If the 150 mL of water is then put into a freezer, at what temperature will the water freeze? (Answer: A)",1.3,512,1,1747801779.5114412,2025-05-21T04:29:39.511450,0.24772807955741882,0.3986930847167969,Llama-3-8B-Q4,2025-05-21T09:23:05.411630
They include:  Genetic disorders.,1.3,512,1,1747801807.886761,2025-05-21T04:30:07.886766,0.25103792548179626,0.4045102000236511,Llama-3-8B-Q4,2025-05-21T09:23:05.824232
The school closed after constant harassment by the state and Ferrer was later arrested.,1.3,512,1,1747801836.2440073,2025-05-21T04:30:36.244012,0.2482246458530426,0.4001350998878479,Llama-3-8B-Q4,2025-05-21T09:23:06.186461
"However, most of the Democratic sheriffs preside over rural and less populated counties.",1.3,512,1,1747801865.8576324,2025-05-21T04:31:05.857662,0.25024956464767456,0.402523010969162,Llama-3-8B-Q4,2025-05-21T09:23:06.502642
"""An awful lot of companies may not think they have exposure to it, but there are lots of variables in that.""",1.3,512,1,1747801894.1205826,2025-05-21T04:31:34.120610,0.24535630643367767,0.3970620036125183,Llama-3-8B-Q4,2025-05-21T09:23:06.833612
"Explain what this code does:
def function_26(x): return x * 2",1.3,512,0,1747801933.8218126,2025-05-21T04:32:13.821818,0.23391154408454895,0.39938268065452576,Llama-3-8B-Q4,2025-05-21T09:23:09.820540
Which of the following statements best explains why magnets usually stick to a refrigerator door? (Answer: B),1.3,512,0,1747801962.4627087,2025-05-21T04:32:42.462714,0.23237888514995575,0.3965117931365967,Llama-3-8B-Q4,2025-05-21T09:23:10.233207
"Other spellings of the name have included Alibamu, Alabamo, Albama, Alebamon, Alibama, Alibamou, Alabamu, Allibamou.",1.3,512,0,1747801991.4027672,2025-05-21T04:33:11.402773,0.22873328626155853,0.3912130892276764,Llama-3-8B-Q4,2025-05-21T09:23:10.739028
"Starbucks in hand, they discuss their mutual love of food (particularly pasta and Japanese curry), the story behind the Cindy nickname and what it's like picking up contemporary choreography versus classical.",1.3,512,0,1747802019.8632474,2025-05-21T04:33:39.863253,0.21472042798995972,0.3717097342014313,Llama-3-8B-Q4,2025-05-21T09:23:11.191602
The available evidence does not rule out the possibility that autism's true prevalence has increased; a real increase would suggest directing more attention and funding toward psychosocial factors and changing environmental factors instead of continuing to focus on genetics.,1.3,512,0,1747802048.9659193,2025-05-21T04:34:08.965926,0.22240325808525085,0.38107526302337646,Llama-3-8B-Q4,2025-05-21T09:23:11.598582
The remaining portion of the ThyssenKrupp plant had final bids submitted by ArcelorMittal and Nippon Steel for $1.6billion in March 2013.,1.3,512,1,1747801923.4546192,2025-05-21T04:32:03.454637,0.24548955261707306,0.39660900831222534,Llama-3-8B-Q4,2025-05-21T09:23:14.786399
"Explain what this code does:
def function_18(x): return x * 2",1.3,512,1,1747801948.879909,2025-05-21T04:32:28.879917,0.25087970495224,0.4038928747177124,Llama-3-8B-Q4,2025-05-21T09:23:15.113649
Anarchism is contrasted to socialist forms which are state-oriented or from above.,1.3,512,1,1747801977.1563795,2025-05-21T04:32:57.156385,0.24051260948181152,0.3883371353149414,Llama-3-8B-Q4,2025-05-21T09:23:15.447292
"Across the Country… In 1944, San Francisco Ballet founding artistic director Willam Christensen choreographed the U.S.'s first full-length Nutcracker.",1.3,512,1,1747802005.4728274,2025-05-21T04:33:25.472844,0.24706792831420898,0.3984440565109253,Llama-3-8B-Q4,2025-05-21T09:23:15.845167
Aquaculture   Aquaculture is a large part of the economy of Alabama.,1.3,512,1,1747802034.141385,2025-05-21T04:33:54.141394,0.2556043267250061,0.4107326865196228,Llama-3-8B-Q4,2025-05-21T09:23:16.228749
"Explain what this code does:
def function_83(x): return x * 2",1.3,512,1,1747802063.7429392,2025-05-21T04:34:23.742952,0.25149431824684143,0.40469661355018616,Llama-3-8B-Q4,2025-05-21T09:23:19.278052
"Explain what this code does:
def function_66(x): return x * 2",1.3,512,1,1747802091.747176,2025-05-21T04:34:51.747188,0.25396889448165894,0.40818318724632263,Llama-3-8B-Q4,2025-05-21T09:23:19.616612
"Rain forests contain more species of trees than any other biome. However, scientists have found that the soil of the forest floor is relatively nutrient poor. What could most likely account for this? (Answer: B)",1.3,512,1,1747802120.8723822,2025-05-21T04:35:20.872395,0.24886858463287354,0.40002670884132385,Llama-3-8B-Q4,2025-05-21T09:23:19.945605
"Explain what this code does:
def function_50(x): return x * 2",1.3,512,1,1747802150.07431,2025-05-21T04:35:50.074324,0.2453579306602478,0.39481276273727417,Llama-3-8B-Q4,2025-05-21T09:23:20.404490
"Collectivist anarchists advocate collective ownership of the means of production which is theorised to be achieved through violent revolution and that workers be paid according to time worked, rather than goods being distributed according to need as in communism.",1.3,512,1,1747802178.5368056,2025-05-21T04:36:18.536818,0.24873964488506317,0.39982765913009644,Llama-3-8B-Q4,2025-05-21T09:23:20.772296
Which would a scientist use in trying to model the cause of planetary years? (Answer: D),1.3,512,0,1747802078.1667283,2025-05-21T04:34:38.166741,0.2135947048664093,0.368254154920578,Llama-3-8B-Q4,2025-05-21T09:23:23.794546
"In living things, smaller substances are linked to make up larger substances. Which of the following correctly describes a larger substance made by linking smaller substances? (Answer: A)",1.3,512,0,1747802106.1522026,2025-05-21T04:35:06.152207,0.22589483857154846,0.38680291175842285,Llama-3-8B-Q4,2025-05-21T09:23:24.127277
"Explain what this code does:
def function_52(x): return x * 2",1.3,512,0,1747802135.188904,2025-05-21T04:35:35.188914,0.23269547522068024,0.3975408971309662,Llama-3-8B-Q4,2025-05-21T09:23:24.451062
"Authority ultimately rests solely on power, regardless of whether that power is open or transparent, as it still has the ability to coerce people.",1.3,512,0,1747802164.2560766,2025-05-21T04:36:04.256086,0.22410935163497925,0.38337934017181396,Llama-3-8B-Q4,2025-05-21T09:23:24.855429
"Explain what this code does:
def function_96(x): return x * 2",1.3,512,0,1747802192.9924994,2025-05-21T04:36:32.992512,0.23132413625717163,0.3956358730792999,Llama-3-8B-Q4,2025-05-21T09:23:25.250978
"More than half of US children diagnosed with ASD are prescribed psychoactive drugs or anticonvulsants, with the most common drug classes being antidepressants, stimulants, and antipsychotics.",1.3,512,0,1747802222.3152356,2025-05-21T04:37:02.315245,0.2350829392671585,0.4009202718734741,Llama-3-8B-Q4,2025-05-21T09:23:28.305104
In which taxonomic group are organisms found that share the characteristic of storing hereditary material in a single loop of DNA? (Answer: A),1.3,512,0,1747802250.3102472,2025-05-21T04:37:30.310257,0.23262369632720947,0.39667466282844543,Llama-3-8B-Q4,2025-05-21T09:23:28.632018
"The white male with them was identified as Charles Edward Sinard, age 39, a transient.",1.3,512,0,1747802278.6082258,2025-05-21T04:37:58.608231,0.2238580733537674,0.38540250062942505,Llama-3-8B-Q4,2025-05-21T09:23:28.954164
"Explain what this code does:
def function_11(x): return x * 2",1.3,512,0,1747802307.0119913,2025-05-21T04:38:27.011996,0.22941745817661285,0.39207661151885986,Llama-3-8B-Q4,2025-05-21T09:23:29.409818
Rubbing sandpaper on a piece of wood produces what two types of energy? (Answer: B),1.3,512,0,1747802335.5871842,2025-05-21T04:38:55.587189,0.22493641078472137,0.3855713903903961,Llama-3-8B-Q4,2025-05-21T09:23:29.800810
"Explain what this code does:
def function_90(x): return x * 2",1.3,512,1,1747802207.6338406,2025-05-21T04:36:47.633854,0.25319406390190125,0.40713801980018616,Llama-3-8B-Q4,2025-05-21T09:23:32.876181
"As people are often sized up initially from their basic language skills, these studies suggest that people speaking to autistic individuals are more likely to overestimate what their audience comprehends.",1.3,512,1,1747802235.948756,2025-05-21T04:37:15.948766,0.24594098329544067,0.3959393799304962,Llama-3-8B-Q4,2025-05-21T09:23:33.420873
A significant event of this period was the confrontations at the 1999 Seattle WTO conference.,1.3,512,1,1747802264.4739542,2025-05-21T04:37:44.473959,0.24768954515457153,0.3990653455257416,Llama-3-8B-Q4,2025-05-21T09:23:33.758290
What adaptation is necessary in intertidal ecosystems but not in reef ecosystems? (Answer: C),1.3,512,1,1747802292.7674546,2025-05-21T04:38:12.767468,0.2526634931564331,0.40689751505851746,Llama-3-8B-Q4,2025-05-21T09:23:34.089280
"It had not redistricted congressional districts since passage of its constitution in 1901; as a result, urbanized areas were grossly underrepresented.",1.3,512,1,1747802321.2669187,2025-05-21T04:38:41.266924,0.25020483136177063,0.4022814929485321,Llama-3-8B-Q4,2025-05-21T09:23:34.408920
"During most of the year, the air over Boston, Massachusetts, contains a high amount of moisture. Which of the following best explains why there is a high amount of moisture in the air? (Answer: A)",1.3,512,1,1747802350.6256354,2025-05-21T04:39:10.625650,0.25243645906448364,0.40616121888160706,Llama-3-8B-Q4,2025-05-21T09:23:37.381993
"While employers state hiring concerns about productivity and supervision, experienced employers of autistic people give positive reports of above average memory and detail orientation as well as a high regard for rules and procedure in autistic employees.",1.3,512,1,1747802379.1001763,2025-05-21T04:39:39.100181,0.24337159097194672,0.3925391733646393,Llama-3-8B-Q4,2025-05-21T09:23:37.789952
"The latter is commonly used in handwriting and fonts based on it, especially fonts intended to be read by children, and is also found in italic type.",1.3,512,1,1747802407.3110862,2025-05-21T04:40:07.311091,0.2412981390953064,0.38978785276412964,Llama-3-8B-Q4,2025-05-21T09:23:38.141724
"Beyond the specific factions of anarchist movements which constitute political anarchism lies philosophical anarchism which holds that the state lacks moral legitimacy, without necessarily accepting the imperative of revolution to eliminate it.",1.3,512,1,1747802435.665459,2025-05-21T04:40:35.665464,0.2414485067129135,0.3902145326137543,Llama-3-8B-Q4,2025-05-21T09:23:38.537632
Password policies Passwords remain a common digital entry point into an organization for hackers.,1.3,512,1,1747802463.9635186,2025-05-21T04:41:03.963525,0.25037163496017456,0.4030020534992218,Llama-3-8B-Q4,2025-05-21T09:23:38.860835
"Its name in English is a (pronounced ), plural aes.",1.3,512,0,1747802365.0594134,2025-05-21T04:39:25.059418,0.2270919680595398,0.39013686776161194,Llama-3-8B-Q4,2025-05-21T09:23:41.880042
"It's not a story ballet per say, but there is a story from beginning to end.",1.3,512,0,1747802393.3604379,2025-05-21T04:39:53.360443,0.2274654358625412,0.38981643319129944,Llama-3-8B-Q4,2025-05-21T09:23:42.288197
"This entails that liberty and equality cannot be implemented within the state, resulting in the questioning of all forms of domination and hierarchy.",1.3,512,0,1747802421.49607,2025-05-21T04:40:21.496075,0.22181256115436554,0.38003671169281006,Llama-3-8B-Q4,2025-05-21T09:23:42.603433
"CDC estimates about 1 out of 59 (1.7%) for 2014, an increase from 1 out of every 68 children (1.5%) for 2010.",1.3,512,0,1747802449.7901862,2025-05-21T04:40:49.790192,0.23197653889656067,0.39569762349128723,Llama-3-8B-Q4,2025-05-21T09:23:42.924842
"Explain what this code does:
def function_97(x): return x * 2",1.3,512,0,1747802478.8272624,2025-05-21T04:41:18.827275,0.22991104423999786,0.39320194721221924,Llama-3-8B-Q4,2025-05-21T09:23:43.348085
"In the last decades of the 20th and into the 21st century, the anarchist movement has been resurgent once more.",1.3,512,0,1747802508.269814,2025-05-21T04:41:48.269819,0.23479826748371124,0.4005510210990906,Llama-3-8B-Q4,2025-05-21T09:23:46.337132
"""One of the easiest ways to breach a company is to put somebody on the janitorial staff and go looking at desks,"" Rickard said.",1.3,512,0,1747802536.5718052,2025-05-21T04:42:16.571810,0.22619517147541046,0.3870049715042114,Llama-3-8B-Q4,2025-05-21T09:23:46.660470
The authors concluded that a longer duration of the diet may be necessary to achieve the improvement of the ASD symptoms.,1.3,512,0,1747802564.744589,2025-05-21T04:42:44.744594,0.22877024114131927,0.391757607460022,Llama-3-8B-Q4,2025-05-21T09:23:46.979410
"There are many anecdotal reports, but few systematic studies, of aggression and violence in individuals with ASD.",1.3,512,0,1747802593.5977366,2025-05-21T04:43:13.597742,0.23405665159225464,0.39938464760780334,Llama-3-8B-Q4,2025-05-21T09:23:47.438861
The judiciary is responsible for interpreting the Constitution of Alabama and applying the law in state criminal and civil cases.,1.3,512,0,1747802622.2425628,2025-05-21T04:43:42.242568,0.23791605234146118,0.40516430139541626,Llama-3-8B-Q4,2025-05-21T09:23:47.764214
"In this article, autism refers to the classic autistic disorder; in clinical practice, though, autism, ASD, and PDD are often used interchangeably.",1.3,512,1,1747802493.5848508,2025-05-21T04:41:33.584865,0.2521364986896515,0.405256986618042,Llama-3-8B-Q4,2025-05-21T09:23:50.810053
"Here are five types of policies that companies must ensure they have in place and have trained employees on in the age of GDPR, according to Rickard.",1.3,512,1,1747802522.269743,2025-05-21T04:42:02.269748,0.2541879415512085,0.4091021418571472,Llama-3-8B-Q4,2025-05-21T09:23:51.132702
Alabama was heavily involved in the American Civil War.,1.3,512,1,1747802550.4572234,2025-05-21T04:42:30.457228,0.25752735137939453,0.4136248230934143,Llama-3-8B-Q4,2025-05-21T09:23:51.456230
"About 8.167% of letters used in English texts tend to be ; the number is around 7.636% in French, 11.525% in Spanish, and 14.634% for Portuguese.",1.3,512,1,1747802579.0049217,2025-05-21T04:42:59.004927,0.23964554071426392,0.38746121525764465,Llama-3-8B-Q4,2025-05-21T09:23:51.777342
"Following the Vaganova method, classes are strict and focus on precise positions and placement.",1.3,512,1,1747802607.6528118,2025-05-21T04:43:27.652817,0.24772979319095612,0.39811569452285767,Llama-3-8B-Q4,2025-05-21T09:23:52.118788
It is used to define scattering of electromagnetic waves on small particles.,1.3,512,0,1747802651.7523692,2025-05-21T04:44:11.752382,0.23278994858264923,0.39725637435913086,Llama-3-8B-Q4,2025-05-21T09:23:55.219342
"Former Royal Danish Ballet artistic director Frank Andersen has been a guest teacher at the school since 2002, and was awarded a professorship in 2012.",1.3,512,0,1747802680.1070404,2025-05-21T04:44:40.107046,0.22876396775245667,0.39110881090164185,Llama-3-8B-Q4,2025-05-21T09:23:55.645145
Masking may include making oneself perform normative facial expressions and eye contact.,1.3,512,0,1747802708.3901675,2025-05-21T04:45:08.390176,0.22680459916591644,0.3890506625175476,Llama-3-8B-Q4,2025-05-21T09:23:56.062361
This line of arguments most often calls for political action within the system to reform it.,1.3,512,0,1747802736.6884391,2025-05-21T04:45:36.688455,0.21849019825458527,0.3761833906173706,Llama-3-8B-Q4,2025-05-21T09:23:56.441104
There are two key differences between SAR requests made under the Data Privacy Act and those made under GDPR: The cost and time frame.,1.3,512,0,1747802765.2799642,2025-05-21T04:46:05.279974,0.23184335231781006,0.39575472474098206,Llama-3-8B-Q4,2025-05-21T09:23:56.815728
"Society and culture  An autistic culture has emerged, accompanied by the autistic rights and neurodiversity movements.",1.3,512,1,1747802637.0199935,2025-05-21T04:43:57.019999,0.24936611950397491,0.4009151756763458,Llama-3-8B-Q4,2025-05-21T09:23:59.796786
"Explain what this code does:
def function_7(x): return x * 2",1.3,512,1,1747802665.5266814,2025-05-21T04:44:25.526686,0.2529858350753784,0.40697720646858215,Llama-3-8B-Q4,2025-05-21T09:24:00.123416
"Sample symptoms include lack of social or emotional reciprocity, stereotyped and repetitive use of language or idiosyncratic language, and persistent preoccupation with unusual objects.",1.3,512,1,1747802694.06901,2025-05-21T04:44:54.069017,0.252750426530838,0.4057212173938751,Llama-3-8B-Q4,2025-05-21T09:24:00.434532
"In response to the army rebellion, an anarchist-inspired movement of peasants and workers, supported by armed militias, took control of Barcelona and of large areas of rural Spain, where they collectivised the land.",1.3,512,1,1747802722.5301957,2025-05-21T04:45:22.530201,0.24990570545196533,0.40236642956733704,Llama-3-8B-Q4,2025-05-21T09:24:00.864052
"From Page to Stage In 1892 St. Petersburg, choreographer Marius Petipa and composer Pyotr Ilyich Tchaikovsky pulled the story off the page and onto the stage of the Mariinsky Theatre.",1.3,512,1,1747802750.8258278,2025-05-21T04:45:50.825833,0.2538500130176544,0.4074423015117645,Llama-3-8B-Q4,2025-05-21T09:24:01.180001
A BOLO was put out to local law enforcement on the vehicles.,1.3,512,0,1747802794.7877734,2025-05-21T04:46:34.787783,0.22913503646850586,0.3945920765399933,Llama-3-8B-Q4,2025-05-21T09:24:04.312488
"Stage Time Performance is the most important aspect of BDA students' professional development, with annual productions featuring classical ballets, contemporary works and student choreography.",1.3,512,0,1747802823.0015857,2025-05-21T04:47:03.001591,0.2231176793575287,0.3827643394470215,Llama-3-8B-Q4,2025-05-21T09:24:04.648221
"NBoC's new work, titled Frame by Frame, will run June 1-10 in Toronto.",1.3,512,0,1747802851.330013,2025-05-21T04:47:31.330019,0.2253025323152542,0.38908275961875916,Llama-3-8B-Q4,2025-05-21T09:24:04.982144
The glint of light off water is a commonplace effect of this.,1.3,512,0,1747802879.5393598,2025-05-21T04:47:59.539365,0.22162669897079468,0.37978920340538025,Llama-3-8B-Q4,2025-05-21T09:24:05.385752
"Alabama has been identified as one of the most religious states in the United States, with about 58% of the population attending church regularly.",1.3,512,0,1747802908.6765275,2025-05-21T04:48:28.676532,0.23513980209827423,0.4013347625732422,Llama-3-8B-Q4,2025-05-21T09:24:05.717013
"Diagnosis Diagnosis is based on behavior, not cause or mechanism.",1.3,512,1,1747802780.1557941,2025-05-21T04:46:20.155799,0.2465132623910904,0.3964976370334625,Llama-3-8B-Q4,2025-05-21T09:24:08.859254
"A common criticism against autistic activists is that the majority of them are ""high-functioning"" or have Asperger syndrome and do not represent the views of ""low-functioning"" autistic people.",1.3,512,1,1747802808.4957383,2025-05-21T04:46:48.495744,0.25032198429107666,0.40267035365104675,Llama-3-8B-Q4,2025-05-21T09:24:09.186758
"The rural-dominated Alabama legislature consistently underfunded schools and services for the disenfranchised African Americans, but it did not relieve them of paying taxes.",1.3,512,1,1747802837.076052,2025-05-21T04:47:17.076057,0.2484528124332428,0.4000956118106842,Llama-3-8B-Q4,2025-05-21T09:24:09.509208
"Overall, contemporary anarchists are much less violent and militant than their ideological ancestors.",1.3,512,1,1747802865.364488,2025-05-21T04:47:45.364493,0.255071759223938,0.4094385802745819,Llama-3-8B-Q4,2025-05-21T09:24:09.826191
"As new genetic tests are developed several ethical, legal, and social issues will emerge.",1.3,512,1,1747802894.0853822,2025-05-21T04:48:14.085388,0.25353023409843445,0.407573401927948,Llama-3-8B-Q4,2025-05-21T09:24:10.144677
It has been in operation since 1929.,1.3,512,1,1747802923.4259942,2025-05-21T04:48:43.425999,0.2536078095436096,0.4081650376319885,Llama-3-8B-Q4,2025-05-21T09:24:13.166020
"Although you might find systems with more features (and a more powerful configuration system), Trac is very simple to set up and use.",1.3,512,1,1747802951.830548,2025-05-21T04:49:11.830553,0.24125993251800537,0.38911524415016174,Llama-3-8B-Q4,2025-05-21T09:24:13.512064
"Many individuals with ASD show superior skills in perception and attention, relative to the general population.",1.3,512,1,1747802980.2507951,2025-05-21T04:49:40.250800,0.25281915068626404,0.4063331186771393,Llama-3-8B-Q4,2025-05-21T09:24:13.825429
Figure A You can now go to Preferences and configure your installation of Trac.,1.3,512,1,1747803009.7288415,2025-05-21T04:50:09.728858,0.24331772327423096,0.3928101062774658,Llama-3-8B-Q4,2025-05-21T09:24:14.142120
Which of these would most likely improve the air quality in large Texas cities? (Answer: A),1.3,512,1,1747803038.324106,2025-05-21T04:50:38.324125,0.24924539029598236,0.40196114778518677,Llama-3-8B-Q4,2025-05-21T09:24:14.479644
Variants also existed that were intermediate between the monumental and cursive styles.,1.3,512,0,1747802937.947505,2025-05-21T04:48:57.947510,0.229429230093956,0.39221593737602234,Llama-3-8B-Q4,2025-05-21T09:24:17.453614
Anti-capitalism Anti-fascism Economic ideologies Left-wing politics Libertarian socialism Libertarianism Political culture Political movements Political ideologies Social theories Socialism Far-left politics,1.3,512,0,1747802966.0508854,2025-05-21T04:49:26.050890,0.22338633239269257,0.3830675482749939,Llama-3-8B-Q4,2025-05-21T09:24:17.785109
"Explain what this code does:
def function_71(x): return x * 2",1.3,512,0,1747802994.467893,2025-05-21T04:49:54.467956,0.23460224270820618,0.4011248052120209,Llama-3-8B-Q4,2025-05-21T09:24:18.122334
"Sexual violence was a concern for anarchists such as Benjamin Tucker, who opposed age of consent laws, believing they would benefit predatory men.",1.3,512,0,1747803023.8172188,2025-05-21T04:50:23.817224,0.23067256808280945,0.3935537040233612,Llama-3-8B-Q4,2025-05-21T09:24:18.538990
"Typically, autism cannot be traced to a Mendelian (single-gene) mutation or to a single chromosome abnormality, and none of the genetic syndromes associated with ASDs have been shown to selectively cause ASD.",1.3,512,0,1747803052.934199,2025-05-21T04:50:52.934204,0.23340357840061188,0.39824914932250977,Llama-3-8B-Q4,2025-05-21T09:24:18.903119
"Explain what this code does:
def function_74(x): return x * 2",1.3,512,0,1747803082.2515318,2025-05-21T04:51:22.251540,0.23578619956970215,0.4024476110935211,Llama-3-8B-Q4,2025-05-21T09:24:22.082398
Demarko Johnson and Johnathan Johnson were able to find McNeight at a gas station at Magnolia Beach Road and Thomas Drive.,1.3,512,0,1747803110.430946,2025-05-21T04:51:50.430952,0.22974789142608643,0.39434653520584106,Llama-3-8B-Q4,2025-05-21T09:24:22.395747
"In May 2013, the DSM-5 was released, updating the classification for pervasive developmental disorders.",1.3,512,0,1747803138.7845612,2025-05-21T04:52:18.784566,0.24051730334758759,0.4094655513763428,Llama-3-8B-Q4,2025-05-21T09:24:22.811390
"Explain what this code does:
def function_98(x): return x * 2",1.3,512,0,1747803167.9527235,2025-05-21T04:52:47.952733,0.2375781536102295,0.40562018752098083,Llama-3-8B-Q4,2025-05-21T09:24:23.224528
"While part of the same large language family, the Muskogee tribes developed distinct cultures and languages.",1.3,512,0,1747803197.0587206,2025-05-21T04:53:17.058725,0.23341023921966553,0.398836612701416,Llama-3-8B-Q4,2025-05-21T09:24:23.565151
"Tactics  Anarchists' tactics take various forms but in general serve two major goals, namely to first oppose the Establishment and secondly to promote anarchist ethics and reflect an anarchist vision of society, illustrating the unity of means and ends.",1.3,512,1,1747803067.694011,2025-05-21T04:51:07.694042,0.23615425825119019,0.3821738362312317,Llama-3-8B-Q4,2025-05-21T09:24:26.526614
"Explain what this code does:
def function_21(x): return x * 2",1.3,512,1,1747803095.997566,2025-05-21T04:51:35.997576,0.2555542588233948,0.4109155237674713,Llama-3-8B-Q4,2025-05-21T09:24:26.925172
"According to a pH scale, which pH would be the strongest acid? (Answer: A)",1.3,512,1,1747803124.4336522,2025-05-21T04:52:04.433657,0.254875510931015,0.40959858894348145,Llama-3-8B-Q4,2025-05-21T09:24:27.428368
New York City Ballet continues its first year without Peter Martins at the helm as our spring season opens tonight.,1.3,512,1,1747803153.3782282,2025-05-21T04:52:33.378239,0.24507591128349304,0.39505115151405334,Llama-3-8B-Q4,2025-05-21T09:24:27.790016
Which statement best compares single-celled and multi-celled organisms? (Answer: C),1.3,512,1,1747803182.208386,2025-05-21T04:53:02.208395,0.25341495871543884,0.40706750750541687,Llama-3-8B-Q4,2025-05-21T09:24:28.126078
"The four-person group is made up of members of the company's current artistic staff, led by ballet master and former principal dancer Jonathan Stafford.",1.3,512,1,1747803212.347789,2025-05-21T04:53:32.347802,0.24088841676712036,0.39000174403190613,Llama-3-8B-Q4,2025-05-21T09:24:31.121605
"Self-injury: Behaviors such as eye-poking, skin-picking, hand-biting and head-banging.",1.3,512,1,1747803240.5347042,2025-05-21T04:54:00.534713,0.25044089555740356,0.4033326208591461,Llama-3-8B-Q4,2025-05-21T09:24:31.482322
"I've noticed it the most during dress rehearsals, particularly for Balanchine ballets.",1.3,512,1,1747803269.3056161,2025-05-21T04:54:29.305621,0.2488107979297638,0.401283860206604,Llama-3-8B-Q4,2025-05-21T09:24:31.880310
Which of these is not an inherited trait in humans? (Answer: D),1.3,512,1,1747803297.7829928,2025-05-21T04:54:57.783006,0.24812650680541992,0.4004199504852295,Llama-3-8B-Q4,2025-05-21T09:24:32.208975
How autism occurs is not well understood.,1.3,512,1,1747803326.1437254,2025-05-21T04:55:26.143731,0.2608676254749298,0.4176723062992096,Llama-3-8B-Q4,2025-05-21T09:24:32.559529
The AWS Certified Security - Specialty Exam is now available to those who hold either an Associate or Cloud Practitioner certification from AWS.,1.3,512,0,1747803226.801518,2025-05-21T04:53:46.801526,0.23387308418750763,0.3986522853374481,Llama-3-8B-Q4,2025-05-21T09:24:35.592456
Anarchism pays significant attention to moral arguments since ethics have a central role in anarchist philosophy.,1.3,512,0,1747803255.553525,2025-05-21T04:54:15.553533,0.23282776772975922,0.3962513506412506,Llama-3-8B-Q4,2025-05-21T09:24:35.992323
"Despite African Americans making up a significant minority in the state, they had been unable to elect any representatives in most of the at-large jurisdictions.",1.3,512,0,1747803283.6823418,2025-05-21T04:54:43.682352,0.2266864776611328,0.38722220063209534,Llama-3-8B-Q4,2025-05-21T09:24:36.308282
"Epidemiology  As of 2007, reviews estimate a prevalence of 1–2 per 1,000 for autism and close to 6 per 1,000 for ASD.",1.3,512,0,1747803311.902588,2025-05-21T04:55:11.902594,0.23626890778541565,0.40254345536231995,Llama-3-8B-Q4,2025-05-21T09:24:36.619619
"Stay informed, click here to subscribe to the TechRepublic Cloud Insights newsletter.",1.3,512,0,1747803340.5568109,2025-05-21T04:55:40.556825,0.22775860130786896,0.39027106761932373,Llama-3-8B-Q4,2025-05-21T09:24:36.942970
"The Hunt Refining Company, a subsidiary of Hunt Consolidated, Inc., is based in Tuscaloosa and operates a refinery there.",1.3,512,0,1747803370.1736088,2025-05-21T04:56:10.173630,0.23494751751422882,0.40122556686401367,Llama-3-8B-Q4,2025-05-21T09:24:39.898031
"James Dean Riles, the other transient, was unable to cash his fraudulent check at the first bank, and was taken by Clarence Suggs and Reginald Hughes to a second bank where he was successful.",1.3,512,0,1747803398.1665823,2025-05-21T04:56:38.166595,0.21685199439525604,0.37349197268486023,Llama-3-8B-Q4,2025-05-21T09:24:40.225849
"NASA's Marshall Space Flight Center in Huntsville would help Alabama's economic growth in the mid-to-late 20th century, by developing an aerospace industry.",1.3,512,0,1747803426.551376,2025-05-21T04:57:06.551384,0.23015885055065155,0.39405056834220886,Llama-3-8B-Q4,2025-05-21T09:24:40.548143
"Explain what this code does:
def function_25(x): return x * 2",1.3,512,0,1747803454.9758873,2025-05-21T04:57:34.975921,0.2366173416376114,0.40374520421028137,Llama-3-8B-Q4,2025-05-21T09:24:40.860719
"That's how SFB describes their upcoming tribute to Jerome Robbins, March 20-25.",1.3,512,0,1747803483.7380133,2025-05-21T04:58:03.738018,0.22655226290225983,0.3885631263256073,Llama-3-8B-Q4,2025-05-21T09:24:41.246946
"Between run-throughs, each fastidiously practices difficult sections, never satisfied with the results.",1.3,512,1,1747803355.2693079,2025-05-21T04:55:55.269317,0.24421288073062897,0.3951679468154907,Llama-3-8B-Q4,2025-05-21T09:24:44.352833
Alabama receives an average of  of rainfall annually and enjoys a lengthy growing season of up to 300 days in the southern part of the state.,1.3,512,1,1747803383.7982874,2025-05-21T04:56:23.798292,0.2537691593170166,0.4077821969985962,Llama-3-8B-Q4,2025-05-21T09:24:44.726528
There's just an amazing sense of trust and spontaneity; I feel so connected when I'm out there.,1.3,512,1,1747803412.093786,2025-05-21T04:56:52.093795,0.2437334507703781,0.39315763115882874,Llama-3-8B-Q4,2025-05-21T09:24:45.047582
Cellular respiration results in the production of adenosine triphosphate (ATP) molecules for energy. The most efficient form of cellular respiration would result in the production of ATP along with which substances? (Answer: D),1.3,512,1,1747803440.7651713,2025-05-21T04:57:20.765177,0.2554526925086975,0.4103597402572632,Llama-3-8B-Q4,2025-05-21T09:24:45.358315
The source of energy for the Earth's water cycle is the (Answer: B),1.3,512,1,1747803469.113946,2025-05-21T04:57:49.113951,0.250879168510437,0.40434718132019043,Llama-3-8B-Q4,2025-05-21T09:24:45.745003
"Their values can differ significantly, which is a common source of confusion.",1.3,512,0,1747803514.178089,2025-05-21T04:58:34.178105,0.22968202829360962,0.39274606108665466,Llama-3-8B-Q4,2025-05-21T09:24:48.839032
1.,1.3,512,0,1747803542.1192868,2025-05-21T04:59:02.119301,0.23368528485298157,0.39951446652412415,Llama-3-8B-Q4,2025-05-21T09:24:49.256641
"Bryant–Denny Stadium is the home of the Alabama football team, and has a seating capacity of 101,821, and is the fifth largest stadium in America.",1.3,512,0,1747803570.788453,2025-05-21T04:59:30.788458,0.23342934250831604,0.39862319827079773,Llama-3-8B-Q4,2025-05-21T09:24:49.634233
"Construction of an Airbus A320 family aircraft assembly plant in Mobile was formally announced by Airbus CEO Fabrice Brégier from the Mobile Convention Center on July 2, 2012.",1.3,512,0,1747803599.0910592,2025-05-21T04:59:59.091070,0.2340231090784073,0.39923158288002014,Llama-3-8B-Q4,2025-05-21T09:24:49.966188
"Additionally, compliance and security whitepapers will also help prepare would-be test takers.",1.3,512,0,1747803627.971321,2025-05-21T05:00:27.971326,0.22599980235099792,0.38650813698768616,Llama-3-8B-Q4,2025-05-21T09:24:50.285808
Joseph Raz states that the acceptance of authority implies the belief that following their instructions will afford more success.,1.3,512,1,1747803498.439427,2025-05-21T04:58:18.439432,0.2455187439918518,0.3951999545097351,Llama-3-8B-Q4,2025-05-21T09:24:53.342654
"Explain what this code does:
def function_53(x): return x * 2",1.3,512,1,1747803527.607561,2025-05-21T04:58:47.607567,0.2547803819179535,0.4096929132938385,Llama-3-8B-Q4,2025-05-21T09:24:53.717874
"By the 9th century, the Caroline script, which was very similar to the present-day form, was the principal form used in book-making, before the advent of the printing press.",1.3,512,1,1747803556.24697,2025-05-21T04:59:16.246980,0.25147467851638794,0.40349575877189636,Llama-3-8B-Q4,2025-05-21T09:24:54.118817
Subscribe Also see,1.3,512,1,1747803584.6013007,2025-05-21T04:59:44.601307,0.2481437772512436,0.40119314193725586,Llama-3-8B-Q4,2025-05-21T09:24:54.450547
"Offered in two different styles and either 2.5"" or 3"" heels, top industry professionals are loving how versatile and supportive these shoes are!",1.3,512,1,1747803613.3769877,2025-05-21T05:00:13.376998,0.24796801805496216,0.39953023195266724,Llama-3-8B-Q4,2025-05-21T09:24:54.894368
Over Antarctica snow albedo averages a little more than 0.8.,1.3,512,1,1747803642.6849756,2025-05-21T05:00:42.684981,0.25299251079559326,0.4061637818813324,Llama-3-8B-Q4,2025-05-21T09:24:57.872321
"This benefited the urban areas that had developed, as well as all in the population who had been underrepresented for more than sixty years.",1.3,512,1,1747803671.40932,2025-05-21T05:01:11.409331,0.23795489966869354,0.38589563965797424,Llama-3-8B-Q4,2025-05-21T09:24:58.248591
Log in with the user admin and the password you set when you created admin user earlier.,1.3,512,1,1747803700.0741322,2025-05-21T05:01:40.074137,0.24635154008865356,0.39664655923843384,Llama-3-8B-Q4,2025-05-21T09:24:58.575750
"Williams, Benjamin Buford.",1.3,512,1,1747803728.1817112,2025-05-21T05:02:08.181716,0.2563999593257904,0.41274309158325195,Llama-3-8B-Q4,2025-05-21T09:24:58.895676
"One evening as it is getting dark, Alex sits on the front porch and watches the sun slowly disappear behind the neighbor's house across the street. Which explains this observation? (Answer: D)",1.3,512,1,1747803756.7637298,2025-05-21T05:02:36.763735,0.23900626599788666,0.3865455687046051,Llama-3-8B-Q4,2025-05-21T09:24:59.300477
The Bay County Sheriff’s Office announced the arrest of a local man on charges he committed sexual battery on a child.,1.3,512,0,1747803657.9255779,2025-05-21T05:00:57.925588,0.22934089601039886,0.3919159770011902,Llama-3-8B-Q4,2025-05-21T09:25:02.386808
The current state constitution requires a voter referendum to raise property taxes.,1.3,512,0,1747803685.908254,2025-05-21T05:01:25.908259,0.23348933458328247,0.3983922302722931,Llama-3-8B-Q4,2025-05-21T09:25:02.797166
"At the end of the Roman Empire (5th century AD), several variants of the cursive minuscule developed through Western Europe.",1.3,512,0,1747803714.3720388,2025-05-21T05:01:54.372044,0.23182864487171173,0.39505892992019653,Llama-3-8B-Q4,2025-05-21T09:25:03.158922
"Maternal inflammatory and autoimmune diseases may damage fetal tissues, aggravating a genetic problem or damaging the nervous system.",1.3,512,0,1747803742.622643,2025-05-21T05:02:22.622650,0.22738464176654816,0.3883938193321228,Llama-3-8B-Q4,2025-05-21T09:25:03.471836
"In some years, it imposes more death sentences than does Texas, a state which has a population five times larger.",1.3,512,0,1747803772.0613093,2025-05-21T05:02:52.061334,0.226995050907135,0.3881077468395233,Llama-3-8B-Q4,2025-05-21T09:25:03.925854
And then the last third is basically just direct quotes from his films and bringing them back to life.,1.3,512,1,1747803786.798994,2025-05-21T05:03:06.799007,0.24576435983181,0.39572873711586,Llama-3-8B-Q4,2025-05-21T09:25:06.934657
"The Bolshoi Premiere of John Neumeier's Anna Karenina Last July Hamburg Ballet presented the world premiere of John Neumeier's Anna Karenina, a modern adaptation on Leo Tolstoy's famous novel.",1.3,512,1,1747803815.416204,2025-05-21T05:03:35.416218,0.25266820192337036,0.4062356948852539,Llama-3-8B-Q4,2025-05-21T09:25:07.337671
"The device is smaller than a credit card, has no moving parts, generates no heat, is wall-mountable, is powered by a standard USB (or included mini USB), and offers a standard ethernet connection.",1.3,512,1,1747803844.6434968,2025-05-21T05:04:04.643509,0.2429502308368683,0.39204081892967224,Llama-3-8B-Q4,2025-05-21T09:25:07.661993
The atypical antipsychotic drugs risperidone and aripiprazole are FDA-approved for treating associated aggressive and self-injurious behaviors.,1.3,512,1,1747803873.900193,2025-05-21T05:04:33.900202,0.25638389587402344,0.4126216173171997,Llama-3-8B-Q4,2025-05-21T09:25:07.995951
"Different types of clouds exhibit different reflectivity, theoretically ranging in albedo from a minimum of near 0 to a maximum approaching 0.8.",1.3,512,1,1747803903.090342,2025-05-21T05:05:03.090348,0.2533206045627594,0.40778249502182007,Llama-3-8B-Q4,2025-05-21T09:25:08.319744
"It's part of my individuality,'"" he said.",1.3,512,0,1747803801.5013137,2025-05-21T05:03:21.501318,0.22639290988445282,0.3876834809780121,Llama-3-8B-Q4,2025-05-21T09:25:11.391005
"By 1941 more Whites than Blacks had been disenfranchised: 600,000 to 520,000.",1.3,512,0,1747803830.5771627,2025-05-21T05:03:50.577177,0.23738843202590942,0.4045535922050476,Llama-3-8B-Q4,2025-05-21T09:25:11.789811
"Water ports of Alabama, listed from north to south:  See also   Index of Alabama-related articles  Outline of Alabama—organized list of topics about Alabama  Notes  References  Further reading   Atkins, Leah Rawls, Wayne Flynt, William Warren Rogers, and David Ward.",1.3,512,0,1747803859.456083,2025-05-21T05:04:19.456096,0.21972611546516418,0.37761548161506653,Llama-3-8B-Q4,2025-05-21T09:25:12.184818
"The partnership is known for creatively intersecting design and dance; last summer they created a swimwear line based on Justin Peck costumes, and in November they presented their design-driven Nutcracker.",1.3,512,0,1747803888.8340986,2025-05-21T05:04:48.834108,0.21948876976966858,0.376388818025589,Llama-3-8B-Q4,2025-05-21T09:25:12.539677
"The big takeaways for tech leaders: Qualcomm has unveiled the Snapdragon XR1 chip, which could bring high-quality AR and VR experiences to more users, at a lower cost.",1.3,512,0,1747803917.833959,2025-05-21T05:05:17.833969,0.225343719124794,0.3851301968097687,Llama-3-8B-Q4,2025-05-21T09:25:12.864143
The Etruscans brought the Greek alphabet to their civilization in the Italian Peninsula and left the letter unchanged.,1.3,512,0,1747803947.1323352,2025-05-21T05:05:47.132343,0.22797103226184845,0.38999006152153015,Llama-3-8B-Q4,2025-05-21T09:25:15.943277
P A men's classical Chinese dance class.,1.3,512,0,1747803975.0256758,2025-05-21T05:06:15.025685,0.21873903274536133,0.37604811787605286,Llama-3-8B-Q4,2025-05-21T09:25:16.266372
"During and after World War II, Alabama grew as the state's economy diversified with new industries.",1.3,512,0,1747804003.2177634,2025-05-21T05:06:43.217773,0.2285727858543396,0.3888729214668274,Llama-3-8B-Q4,2025-05-21T09:25:16.658445
"Based on their locations in the periodic table, which element has chemical properties most similar to those of calcium, Ca? (Answer: A)",1.3,512,0,1747804031.8310015,2025-05-21T05:07:11.831016,0.2289104163646698,0.3914989233016968,Llama-3-8B-Q4,2025-05-21T09:25:17.064397
BDA does participate in exchange programs with ballet schools around the world.,1.3,512,0,1747804060.7725143,2025-05-21T05:07:40.772520,0.22507020831108093,0.38414645195007324,Llama-3-8B-Q4,2025-05-21T09:25:17.382550
The term albedo was introduced into optics by Johann Heinrich Lambert in his 1760 work Photometria.,1.3,512,1,1747803932.5657778,2025-05-21T05:05:32.565791,0.2556261718273163,0.4099156856536865,Llama-3-8B-Q4,2025-05-21T09:25:20.339540
"Nonetheless, his ideas formed the inspiration for a series of modern schools around the world.",1.3,512,1,1747803960.736637,2025-05-21T05:06:00.736642,0.2515472173690796,0.4055462181568146,Llama-3-8B-Q4,2025-05-21T09:25:20.743029
"Although the agreement was for the transients to get about $80 for their part in the scam, McNeight took half of the money and fled on foot.",1.3,512,1,1747803989.0551605,2025-05-21T05:06:29.055165,0.24340535700321198,0.3926931321620941,Llama-3-8B-Q4,2025-05-21T09:25:21.168582
"Alabama's constitution has been amended more than 700 times, and almost one-third of the amendments are local in nature, applying to only one county or city.",1.3,512,1,1747804017.601412,2025-05-21T05:06:57.601417,0.25059884786605835,0.40398111939430237,Llama-3-8B-Q4,2025-05-21T09:25:21.554565
"Said solution is Gitstorage, an easy-to-deploy appliance dedicated to housing your Git repositories.",1.3,512,1,1747804046.2717333,2025-05-21T05:07:26.271744,0.25042667984962463,0.403164267539978,Llama-3-8B-Q4,2025-05-21T09:25:21.937979
Preempted diagnoses.,1.3,512,0,1747804090.0501478,2025-05-21T05:08:10.050157,0.2292884886264801,0.3929670453071594,Llama-3-8B-Q4,2025-05-21T09:25:25.073710
Many autistic individuals have been successful in their fields.,1.3,512,0,1747804118.5425625,2025-05-21T05:08:38.542573,0.2314656525850296,0.39532986283302307,Llama-3-8B-Q4,2025-05-21T09:25:25.513406
"Photo by Paul Kolnik, Courtesy New York City Ballet.",1.3,512,0,1747804147.0004003,2025-05-21T05:09:07.000406,0.22486020624637604,0.385628879070282,Llama-3-8B-Q4,2025-05-21T09:25:25.900703
We had our first workshop four years ago.,1.3,512,0,1747804175.1738157,2025-05-21T05:09:35.173825,0.22438666224479675,0.38318106532096863,Llama-3-8B-Q4,2025-05-21T09:25:26.320640
"A scientist put several different plants in a sealed container. Every hour, she checked the oxygen in the container to see if it changed. How did the oxygen in the container most likely change? (Answer: A)",1.3,512,0,1747804204.19495,2025-05-21T05:10:04.194965,0.2215833216905594,0.37865185737609863,Llama-3-8B-Q4,2025-05-21T09:25:26.648403
"Owen Thomas M. History of Alabama and Dictionary of Alabama Biography (4 vols, 1921).",1.3,512,1,1747804075.5124629,2025-05-21T05:07:55.512476,0.25097185373306274,0.4056001305580139,Llama-3-8B-Q4,2025-05-21T09:25:29.766231
"Explain what this code does:
def function_12(x): return x * 2",1.3,512,1,1747804104.2906928,2025-05-21T05:08:24.290698,0.25239819288253784,0.40638893842697144,Llama-3-8B-Q4,2025-05-21T09:25:30.112990
"Even if you're a one-person shop consultancy, it can be easy to drown in a quagmire of projects.",1.3,512,1,1747804132.5050964,2025-05-21T05:08:52.505110,0.24624651670455933,0.3969218134880066,Llama-3-8B-Q4,2025-05-21T09:25:30.439523
and possibly Alabahmu.,1.3,512,1,1747804160.9750683,2025-05-21T05:09:20.975082,0.24559758603572845,0.39706307649612427,Llama-3-8B-Q4,2025-05-21T09:25:30.807009
"Krohn joined NYCB as an apprentice in the fall of 1998 and slowly rose through the ranks, becoming a principal in 2012.",1.3,512,1,1747804189.5714414,2025-05-21T05:09:49.571446,0.25034379959106445,0.40280985832214355,Llama-3-8B-Q4,2025-05-21T09:25:31.120829
"A genotype-first model of diagnosis has been proposed, which would routinely assess the genome's copy number variations.",1.3,512,1,1747804219.9926407,2025-05-21T05:10:19.992650,0.24656802415847778,0.3979654014110565,Llama-3-8B-Q4,2025-05-21T09:25:34.159467
"An estimated 60–80% of autistic people have motor signs that include poor muscle tone, poor motor planning, and toe walking;  deficits in motor coordination are pervasive across ASD and are greater in autism proper.",1.3,512,1,1747804249.3393962,2025-05-21T05:10:49.339406,0.24254156649112701,0.3909968435764313,Llama-3-8B-Q4,2025-05-21T09:25:34.474796
"According to Fullington, Balanchine took this slide from Ivanov's original choreography.",1.3,512,1,1747804277.7173991,2025-05-21T05:11:17.717408,0.2434176206588745,0.3918180763721466,Llama-3-8B-Q4,2025-05-21T09:25:34.880722
"Regina, 40, will retire from the stage in March, just as her daughter starts her own career as a trainee.",1.3,512,1,1747804306.1758358,2025-05-21T05:11:46.175846,0.24596020579338074,0.39623013138771057,Llama-3-8B-Q4,2025-05-21T09:25:35.259615
"I've always really loved the Balanchine black and white ballets, and there are some Robbins ballets that are always so fulfilling.",1.3,512,1,1747804334.788576,2025-05-21T05:12:14.788581,0.24387308955192566,0.3933084309101105,Llama-3-8B-Q4,2025-05-21T09:25:35.589694
Which of these is an example of liquid water? (Answer: C),1.3,512,0,1747804234.523085,2025-05-21T05:10:34.523094,0.22704043984413147,0.3880784809589386,Llama-3-8B-Q4,2025-05-21T09:25:38.684216
"During the first round, the final screen was blank.",1.3,512,0,1747804263.4936616,2025-05-21T05:11:03.493670,0.22048114240169525,0.37822529673576355,Llama-3-8B-Q4,2025-05-21T09:25:39.081366
"I approached him about doing a different project a long time ago, and he said ""well, maybe that's not the correct project.""",1.3,512,0,1747804291.9183178,2025-05-21T05:11:31.918323,0.2172895222902298,0.3715642988681793,Llama-3-8B-Q4,2025-05-21T09:25:39.396115
"Although popularly used as an alternative treatment for autistic people, as of 2018 there is no good evidence to recommend a gluten- and casein-free diet as a standard treatment.",1.3,512,0,1747804320.5134566,2025-05-21T05:12:00.513469,0.2294924110174179,0.39139482378959656,Llama-3-8B-Q4,2025-05-21T09:25:39.811077
An astronomer is studying two stars that are the same distance from Earth. Star X appears brighter than star Y. Which statement best explains this observation? (Answer: A),1.3,512,0,1747804349.3314557,2025-05-21T05:12:29.331461,0.2332531064748764,0.3975165784358978,Llama-3-8B-Q4,2025-05-21T09:25:40.130037
"Summers in Alabama are among the hottest in the U.S., with high temperatures averaging over  throughout the summer in some parts of the state.",1.3,512,1,1747804364.3646355,2025-05-21T05:12:44.364650,0.25334131717681885,0.40635377168655396,Llama-3-8B-Q4,2025-05-21T09:25:43.280295
In general I would say the time that I've had onstage with some of my friends and dancing partners has been so special.,1.3,512,1,1747804393.1676617,2025-05-21T05:13:13.167675,0.2466517835855484,0.39617490768432617,Llama-3-8B-Q4,2025-05-21T09:25:43.641171
"For some, that means setting up a server and running a Git repository for the housing of proprietary or open source code.",1.3,512,1,1747804421.5291984,2025-05-21T05:13:41.529204,0.24561938643455505,0.394920289516449,Llama-3-8B-Q4,2025-05-21T09:25:43.974372
"Alabama () is a state in the Southeastern region of the United States, bordered by Tennessee to the north; Georgia to the east; Florida and the Gulf of Mexico to the south; and Mississippi to the west.",1.3,512,1,1747804449.8641963,2025-05-21T05:14:09.864201,0.26126980781555176,0.41883015632629395,Llama-3-8B-Q4,2025-05-21T09:25:44.376346
"In comparison, for PDD-NOS the association with intellectual disability is much weaker, and by definition, the diagnosis of Asperger's excludes intellectual disability.",1.3,512,1,1747804478.62663,2025-05-21T05:14:38.626634,0.25208064913749695,0.4055805206298828,Llama-3-8B-Q4,2025-05-21T09:25:44.777277
"Of the parks and natural destinations, Alabama's Gulf Coast topped the list with 6,700,000 visitors.",1.3,512,0,1747804379.5531878,2025-05-21T05:12:59.553193,0.23019550740718842,0.392704039812088,Llama-3-8B-Q4,2025-05-21T09:25:47.810610
"Explain what this code does:
def function_4(x): return x * 2",1.3,512,0,1747804407.6291409,2025-05-21T05:13:27.629146,0.23301368951797485,0.3978590965270996,Llama-3-8B-Q4,2025-05-21T09:25:48.220062
"Other members of the executive branch include the cabinet, the lieutenant governor of Alabama, the Attorney General of Alabama, the Alabama Secretary of State, the Alabama State Treasurer, and the State Auditor of Alabama.",1.3,512,0,1747804435.9422274,2025-05-21T05:13:55.942240,0.23776543140411377,0.4051249921321869,Llama-3-8B-Q4,2025-05-21T09:25:48.534172
"Explain what this code does:
def function_16(x): return x * 2",1.3,512,0,1747804464.2782996,2025-05-21T05:14:24.278314,0.22891056537628174,0.39107745885849,Llama-3-8B-Q4,2025-05-21T09:25:48.846506
"Explain what this code does:
def function_55(x): return x * 2",1.3,512,0,1747804493.82818,2025-05-21T05:14:53.828192,0.23688048124313354,0.40397191047668457,Llama-3-8B-Q4,2025-05-21T09:25:49.216795
"Explain what this code does:
def function_23(x): return x * 2",1.3,512,1,1747804508.7760262,2025-05-21T05:15:08.776032,0.25416773557662964,0.4084547758102417,Llama-3-8B-Q4,2025-05-21T09:25:52.259339
"A defence of philosophical anarchism, stating that ""both kinds of 'anarchism' [i.e.",1.3,512,1,1747804537.910919,2025-05-21T05:15:37.910924,0.24174192547798157,0.39044189453125,Llama-3-8B-Q4,2025-05-21T09:25:52.590709
"Explain what this code does:
def function_10(x): return x * 2",1.3,512,1,1747804566.5033104,2025-05-21T05:16:06.503319,0.2573482394218445,0.41343551874160767,Llama-3-8B-Q4,2025-05-21T09:25:52.922808
Siblings of children with ASD report greater admiration of and less conflict with the affected sibling than siblings of unaffected children and were similar to siblings of children with Down syndrome in these aspects of the sibling relationship.,1.3,512,1,1747804594.8512774,2025-05-21T05:16:34.851288,0.25131869316101074,0.4041562080383301,Llama-3-8B-Q4,2025-05-21T09:25:53.356569
Cotton and other cash crops faded in importance as the state developed a manufacturing and service base.,1.3,512,1,1747804624.1293678,2025-05-21T05:17:04.129379,0.24744568765163422,0.3980843424797058,Llama-3-8B-Q4,2025-05-21T09:25:53.680170
"""This is not Shakespeare's Midsummer,"" says Joffrey Ballet artistic director Ashley Wheater.",1.3,512,0,1747804523.827781,2025-05-21T05:15:23.827794,0.2285928726196289,0.3906696140766144,Llama-3-8B-Q4,2025-05-21T09:25:56.625249
"SEE: Virtual and augmented reality policy (Tech Pro Research) The XR1 features an ARM-based multi-core CPU, a vector processor, a GPU, and a dedicated AI engine for on-board processing.",1.3,512,0,1747804552.3976188,2025-05-21T05:15:52.397631,0.22052845358848572,0.378962904214859,Llama-3-8B-Q4,2025-05-21T09:25:56.936449
"Health In 2018, life expectancy in Alabama was 75.1 years, below the national average of 78.7 years and is the third lowest life expectancy in the country.",1.3,512,0,1747804580.8248057,2025-05-21T05:16:20.824811,0.23389527201652527,0.39849960803985596,Llama-3-8B-Q4,2025-05-21T09:25:57.382677
"In music, anarchism has been associated with music scenes such as punk.",1.3,512,0,1747804609.3714666,2025-05-21T05:16:49.371472,0.23464128375053406,0.39935362339019775,Llama-3-8B-Q4,2025-05-21T09:25:57.764693
"Radar Albedos of Solar System Objects  The values reported for the Moon, Mercury, Mars, Venus, and Comet P/2005 JQ5 are derived from the total (OC+SC) radar albedo reported in those references.",1.3,512,0,1747804639.3590927,2025-05-21T05:17:19.359097,0.2141721248626709,0.3686956763267517,Llama-3-8B-Q4,2025-05-21T09:25:58.155107
Each appliance is a single board computer (based on the Raspberry Pi).,1.3,512,0,1747804669.1933618,2025-05-21T05:17:49.193367,0.21756260097026825,0.3734230697154999,Llama-3-8B-Q4,2025-05-21T09:26:01.345191
Notes  The Talladega Superspeedway motorsports complex hosts a series of NASCAR events.,1.3,512,0,1747804697.7825959,2025-05-21T05:18:17.782601,0.2327089011669159,0.39859673380851746,Llama-3-8B-Q4,2025-05-21T09:26:01.701167
Pei Yu learned Over Glow from Elo himself.,1.3,512,0,1747804726.4920802,2025-05-21T05:18:46.492085,0.2231447994709015,0.3833444118499756,Llama-3-8B-Q4,2025-05-21T09:26:02.027140
"The notes were incomplete and difficult to read, yet Sergeyev persisted, and The Nutcracker made it to the stage.",1.3,512,0,1747804754.9948962,2025-05-21T05:19:14.994906,0.22987011075019836,0.39374732971191406,Llama-3-8B-Q4,2025-05-21T09:26:02.354539
Rural workers poured into the largest cities in the state for better jobs and a higher standard of living.,1.3,512,0,1747804783.9978092,2025-05-21T05:19:43.997814,0.2239322066307068,0.38305971026420593,Llama-3-8B-Q4,2025-05-21T09:26:02.737496
"Not only did they confront state armed forces, as in Spain and Ukraine, but some of them also employed terrorism as propaganda of the deed.",1.3,512,1,1747804654.649209,2025-05-21T05:17:34.649220,0.24784189462661743,0.39876624941825867,Llama-3-8B-Q4,2025-05-21T09:26:05.803001
"Anarchism calls for the abolition of the state, which it holds to be unnecessary, undesirable, and harmful.",1.3,512,1,1747804683.472076,2025-05-21T05:18:03.472086,0.25963708758354187,0.41542762517929077,Llama-3-8B-Q4,2025-05-21T09:26:06.251038
Aerosols modify the properties of clouds through a subset of the aerosol population called cloud condensation nuclei.,1.3,512,1,1747804711.7629075,2025-05-21T05:18:31.762912,0.2541552484035492,0.4079708755016327,Llama-3-8B-Q4,2025-05-21T09:26:06.671427
"Once I had that IP address, I could point my browser to that address and login with user root and password password.",1.3,512,1,1747804740.5901947,2025-05-21T05:19:00.590200,0.24571171402931213,0.39468634128570557,Llama-3-8B-Q4,2025-05-21T09:26:07.030730
History  Pre-European settlement  Indigenous peoples of varying cultures lived in the area for thousands of years before the advent of European colonization.,1.3,512,1,1747804769.2483115,2025-05-21T05:19:29.248316,0.2539215087890625,0.407488077878952,Llama-3-8B-Q4,2025-05-21T09:26:07.409702
The Ceremonial Complex represents a major component of the religion of the Mississippian peoples; it is one of the primary means by which their religion is understood.,1.3,512,0,1747804813.4767036,2025-05-21T05:20:13.476709,0.22883442044258118,0.391533225774765,Llama-3-8B-Q4,2025-05-21T09:26:10.458096
Four materials are put into small containers. These materials are then moved from the small containers into larger containers. Which material will spread out to completely fill a larger container? (Answer: A),1.3,512,0,1747804841.6369596,2025-05-21T05:20:41.636964,0.2115268111228943,0.36339160799980164,Llama-3-8B-Q4,2025-05-21T09:26:10.766869
"After 1890, a coalition of White Democratic politicians passed laws to segregate and disenfranchise African American residents, a process completed in provisions of the 1901 constitution.",1.3,512,0,1747804870.0386488,2025-05-21T05:21:10.038653,0.2229447066783905,0.38144710659980774,Llama-3-8B-Q4,2025-05-21T09:26:11.103114
"Explain what this code does:
def function_82(x): return x * 2",1.3,512,0,1747804898.3801725,2025-05-21T05:21:38.380178,0.22878509759902954,0.3916304409503937,Llama-3-8B-Q4,2025-05-21T09:26:11.437914
"Some anarchists distanced themselves from this line of thinking, suggesting that it leaned towards an individualism that was dropping the cause of social liberation.",1.3,512,0,1747804927.2663522,2025-05-21T05:22:07.266357,0.22126120328903198,0.37882640957832336,Llama-3-8B-Q4,2025-05-21T09:26:11.841241
"21st century  In 2001, Alabama Supreme Court chief justice Roy Moore installed a statue of the Ten Commandments in the capitol in Montgomery.",1.3,512,1,1747804798.9374084,2025-05-21T05:19:58.937414,0.2517174184322357,0.4045936167240143,Llama-3-8B-Q4,2025-05-21T09:26:15.047059
"In 2010, per capita income for the state was $22,984.",1.3,512,1,1747804827.2654848,2025-05-21T05:20:27.265490,0.25106021761894226,0.40368571877479553,Llama-3-8B-Q4,2025-05-21T09:26:15.434621
"The Goodyear Tire and Rubber Company operates a large plant in Gadsden which employs about 1,400 people.",1.3,512,1,1747804855.6880918,2025-05-21T05:20:55.688097,0.2549639940261841,0.409552663564682,Llama-3-8B-Q4,2025-05-21T09:26:15.793638
"In sunlight, dark clothes absorb more heat and light-coloured clothes reflect it better, thus allowing some control over body temperature by exploiting the albedo effect of the colour of external clothing.",1.3,512,1,1747804884.1793823,2025-05-21T05:21:24.179387,0.24673402309417725,0.39617979526519775,Llama-3-8B-Q4,2025-05-21T09:26:16.105496
"Explain what this code does:
def function_30(x): return x * 2",1.3,512,1,1747804912.676877,2025-05-21T05:21:52.676882,0.24896511435508728,0.4008599519729614,Llama-3-8B-Q4,2025-05-21T09:26:16.417497
Some changes at the county level have occurred following court challenges to establish single-member districts that enable a more diverse representation among county boards.,1.3,512,0,1747804957.225502,2025-05-21T05:22:37.225507,0.2202780544757843,0.3771096467971802,Llama-3-8B-Q4,2025-05-21T09:26:19.407022
"Data is money.""",1.3,512,0,1747804985.4473724,2025-05-21T05:23:05.447378,0.22271054983139038,0.38083750009536743,Llama-3-8B-Q4,2025-05-21T09:26:19.748447
Stars are organized into patterns called constellations. One constellation is named Leo. Which statement best explains why Leo appears in different areas of the sky throughout the year? (Answer: A),1.3,512,0,1747805014.2040436,2025-05-21T05:23:34.204048,0.23166856169700623,0.3949071764945984,Llama-3-8B-Q4,2025-05-21T09:26:20.079453
Which is a nonrenewable resource? (Answer: A),1.3,512,0,1747805043.126133,2025-05-21T05:24:03.126138,0.22742177546024323,0.38982006907463074,Llama-3-8B-Q4,2025-05-21T09:26:20.490087
Intellectual disability.,1.3,512,0,1747805071.3728917,2025-05-21T05:24:31.372896,0.22719454765319824,0.3894313871860504,Llama-3-8B-Q4,2025-05-21T09:26:20.849523
"Anarcho-syndicalism is a branch of anarchism that views labour syndicates as a potential force for revolutionary social change, replacing capitalism and the state with a new society democratically self-managed by workers.",1.3,512,1,1747804942.5960126,2025-05-21T05:22:22.596017,0.25126728415489197,0.40319889783859253,Llama-3-8B-Q4,2025-05-21T09:26:23.922048
"Additional security trainings on AWS Security Fundamentals, Authentication and Authorization with AWS Identity and Access Management, AWS Shared Responsibility Model, and AWS Well-Architected Training are also helpful.",1.3,512,1,1747804971.309471,2025-05-21T05:22:51.309477,0.2553759813308716,0.41019466519355774,Llama-3-8B-Q4,2025-05-21T09:26:24.293815
"The overall federal, state, and local tax burden in Alabama ranks the state as the second least tax-burdened state in the country.",1.3,512,1,1747804999.910749,2025-05-21T05:23:19.910754,0.25719547271728516,0.4126224219799042,Llama-3-8B-Q4,2025-05-21T09:26:24.613515
It has been proposed to classify autism using genetics as well as behavior.,1.3,512,1,1747805028.4563286,2025-05-21T05:23:48.456334,0.2506014406681061,0.40292680263519287,Llama-3-8B-Q4,2025-05-21T09:26:24.930937
How is a moth's life cycle most different from an insect that goes through incomplete metamorphosis? (Answer: A),1.3,512,1,1747805057.2669568,2025-05-21T05:24:17.266964,0.25168704986572266,0.40534886717796326,Llama-3-8B-Q4,2025-05-21T09:26:25.323527
"An estimated 26 million tourists visited the state in 2017 and spent $14.3 billion, providing directly or indirectly 186,900 jobs in the state, which includes 362,000 International tourists spending $589 million.",1.3,512,0,1747805101.0803556,2025-05-21T05:25:01.080377,0.22123441100120544,0.3783167004585266,Llama-3-8B-Q4,2025-05-21T09:26:28.379338
"Explain what this code does:
def function_72(x): return x * 2",1.3,512,0,1747805129.6626678,2025-05-21T05:25:29.662672,0.22975708544254303,0.39309215545654297,Llama-3-8B-Q4,2025-05-21T09:26:28.770698
"Students studying membranes conducted an experiment using labeled paper cups filled with varying concentrations of red food coloring. After the experiment, the cups were empty and stained. What should be done with used cups? (Answer: C)",1.3,512,0,1747805158.3468041,2025-05-21T05:25:58.346814,0.22309164702892303,0.3824773132801056,Llama-3-8B-Q4,2025-05-21T09:26:29.088763
"Explain what this code does:
def function_75(x): return x * 2",1.3,512,0,1747805187.1441898,2025-05-21T05:26:27.144195,0.23206502199172974,0.39632970094680786,Llama-3-8B-Q4,2025-05-21T09:26:29.390695
A study following the burning of the Kuwaiti oil fields during Iraqi occupation showed that temperatures under the burning oil fires were as much as  colder than temperatures several miles away under clear skies.,1.3,512,0,1747805215.7586389,2025-05-21T05:26:55.758644,0.2226569801568985,0.3815666139125824,Llama-3-8B-Q4,2025-05-21T09:26:29.874550
"Email policies IT should have an email policy in place that hardens systems and can detect spam and viruses, Rickard said.",1.3,512,1,1747805086.469026,2025-05-21T05:24:46.469039,0.24357423186302185,0.39309075474739075,Llama-3-8B-Q4,2025-05-21T09:26:32.918052
The Canadian artist's many accolades include a 1952 Oscar for Best Documentary for his abstract short film Neighbours (watch the whole thing here).,1.3,512,1,1747805115.023864,2025-05-21T05:25:15.023872,0.2384704053401947,0.3871906101703644,Llama-3-8B-Q4,2025-05-21T09:26:33.331613
"Explain what this code does:
def function_84(x): return x * 2",1.3,512,1,1747805143.7501078,2025-05-21T05:25:43.750118,0.25634774565696716,0.4122358560562134,Llama-3-8B-Q4,2025-05-21T09:26:33.756846
Urban interests were consistently underrepresented in the legislature.,1.3,512,1,1747805172.7145932,2025-05-21T05:26:12.714605,0.24959823489189148,0.4028223156929016,Llama-3-8B-Q4,2025-05-21T09:26:34.287634
A student accidentally drops a test tube that breaks when it hits the floor. Which method is the best way to retrieve the broken glass? (Answer: C),1.3,512,1,1747805201.1458473,2025-05-21T05:26:41.145853,0.2446000725030899,0.39476674795150757,Llama-3-8B-Q4,2025-05-21T09:26:34.643852
"Edmundson says that while the individual does not owe the state a duty of obedience, this does not imply that anarchism is the inevitable conclusion and the state is still morally legitimate.",1.3,512,0,1747805245.6900604,2025-05-21T05:27:25.690065,0.2229309380054474,0.38226261734962463,Llama-3-8B-Q4,2025-05-21T09:26:37.666710
"For example, one online retailer Rickard works with has many customers from the EU, but can't geolocate them from the website.",1.3,512,0,1747805274.3433049,2025-05-21T05:27:54.343319,0.2204064428806305,0.3771655559539795,Llama-3-8B-Q4,2025-05-21T09:26:37.994956
The suffix -ism denotes the ideological current that favours anarchy.,1.3,512,0,1747805303.1830955,2025-05-21T05:28:23.183100,0.2203540802001953,0.3780977725982666,Llama-3-8B-Q4,2025-05-21T09:26:38.312445
"Balletomanes felt the work to be uneven, and lamented the lack of a main ballerina in the first act.",1.3,512,0,1747805331.8244855,2025-05-21T05:28:51.824506,0.22623376548290253,0.3869492709636688,Llama-3-8B-Q4,2025-05-21T09:26:38.627276
This can be especially overwhelming when you have a larger IT department and a staff working on numerous projects at once.,1.3,512,0,1747805360.7907987,2025-05-21T05:29:20.790809,0.22833339869976044,0.38905760645866394,Llama-3-8B-Q4,2025-05-21T09:26:38.974299
"Cahaba, now a ghost town, was the first permanent state capital from 1820 to 1825.",1.3,512,1,1747805231.0931554,2025-05-21T05:27:11.093164,0.25535231828689575,0.41006332635879517,Llama-3-8B-Q4,2025-05-21T09:26:41.969029
"Explain what this code does:
def function_69(x): return x * 2",1.3,512,1,1747805259.806768,2025-05-21T05:27:39.806782,0.2553453743457794,0.41014739871025085,Llama-3-8B-Q4,2025-05-21T09:26:42.301250
"In the UK, from 1998 to 2018, the autism diagnoses increased by 787%.",1.3,512,1,1747805288.6105466,2025-05-21T05:28:08.610555,0.25387346744537354,0.407324880361557,Llama-3-8B-Q4,2025-05-21T09:26:42.633852
The Nutcracker's first major exposure outside of Russia took place in London in 1934.,1.3,512,1,1747805317.721567,2025-05-21T05:28:37.721592,0.2576761543750763,0.4137983024120331,Llama-3-8B-Q4,2025-05-21T09:26:42.952299
"""I think it says something that Alex trusts us to bring the work to its full realization,"" says Wheater.",1.3,512,1,1747805346.0442407,2025-05-21T05:29:06.044249,0.24553339183330536,0.39714333415031433,Llama-3-8B-Q4,2025-05-21T09:26:43.411289
Two elements in the same group on the Periodic Table of the Elements are most similar in their (Answer: D),1.3,512,0,1747805391.0382965,2025-05-21T05:29:51.038306,0.2320711761713028,0.39641785621643066,Llama-3-8B-Q4,2025-05-21T09:26:46.475932
"In 2018, Mobile's Mardi Gras parade was the state's top event, producing the most tourists with an attendance of 892,811.",1.3,512,0,1747805419.430919,2025-05-21T05:30:19.430928,0.22693756222724915,0.3883417844772339,Llama-3-8B-Q4,2025-05-21T09:26:46.854730
Which property of a mineral can be determined just by looking at it? (Answer: A),1.3,512,0,1747805448.005801,2025-05-21T05:30:48.005809,0.22914503514766693,0.3917868733406067,Llama-3-8B-Q4,2025-05-21T09:26:47.248216
"Using the tag information, investigators were able to learn the two vehicles were rentals and eventually identified the four men from Atlanta.",1.3,512,0,1747805476.219997,2025-05-21T05:31:16.220010,0.2281857579946518,0.3896898031234741,Llama-3-8B-Q4,2025-05-21T09:26:47.584787
"Individual symptoms of autism occur in the general population and appear not to associate highly, without a sharp line separating pathologically severe from common traits.",1.3,512,0,1747805505.1974268,2025-05-21T05:31:45.197437,0.2213486284017563,0.3800133764743805,Llama-3-8B-Q4,2025-05-21T09:26:47.990865
"Explain what this code does:
def function_61(x): return x * 2",1.3,512,1,1747805376.5521278,2025-05-21T05:29:36.552137,0.2533857822418213,0.40740400552749634,Llama-3-8B-Q4,2025-05-21T09:26:51.094683
No single treatment is best and treatment is typically tailored to the child's needs.,1.3,512,1,1747805405.1820483,2025-05-21T05:30:05.182060,0.25344598293304443,0.4076738655567169,Llama-3-8B-Q4,2025-05-21T09:26:51.504995
The other detail that will change with personal data access under GDPR is how long companies have to respond to your request.,1.3,512,1,1747805433.4121196,2025-05-21T05:30:33.412128,0.25541889667510986,0.41013017296791077,Llama-3-8B-Q4,2025-05-21T09:26:51.853173
But the management of projects and ticket issues doesn't just fall on the heads of large companies.,1.3,512,1,1747805461.94046,2025-05-21T05:31:01.940465,0.25178125500679016,0.4042915403842926,Llama-3-8B-Q4,2025-05-21T09:26:52.228025
"In one of 60 spacious dance studios at the Beijing Dance Academy, Pei Yu Meng practices a tricky step from Jorma Elo's Over Glow.",1.3,512,1,1747805490.3978572,2025-05-21T05:31:30.397863,0.24583779275417328,0.3961266279220581,Llama-3-8B-Q4,2025-05-21T09:26:52.584890
