prompt,temp,seq_len,gpu_id,gen_time,timestamp,ED_mean,ED_std,model,timestamp_processed,model_size,rank,chkpt_id,domain
wiki: Two common optical albedos that are used in astronomy are the (V-band) geometric albedo (measuring brightness when illumination comes from directly behind the observer) and the Bond albedo (measuring total proportion of electromagnetic energy reflected).,0.7,512,1,1747898550.0270417,2025-05-22T07:22:30.027047,0.21425050497055054,0.3905198574066162,Mistral-7B,2025-05-22T10:59:11.674744,7300000000,0,5,wiki
news: Her undying passion for these pieces is incredibly inspiring.,0.7,512,1,1747898558.6493099,2025-05-22T07:22:38.649316,0.20280466973781586,0.3738173246383667,Mistral-7B,2025-05-22T10:59:11.757876,7300000000,1,5,news
"wiki: They were followed by the major currents of social anarchism (collectivist, communist and syndicalist).",0.7,512,1,1747898566.8531141,2025-05-22T07:22:46.853120,0.20217375457286835,0.3714311420917511,Mistral-7B,2025-05-22T10:59:11.835503,7300000000,2,5,wiki
"code: Explain what this code does:
def function_92(x): return x * 2",0.7,512,1,1747898574.9590127,2025-05-22T07:22:54.959019,0.22114723920822144,0.3986315131187439,Mistral-7B,2025-05-22T10:59:11.913232,7300000000,3,5,code
news: I want to walk you through the installation of one such tool: Trac.,0.7,512,1,1747898583.204451,2025-05-22T07:23:03.204458,0.2126787006855011,0.386229544878006,Mistral-7B,2025-05-22T10:59:11.990176,7300000000,4,5,news
"wiki: Muslims have been increasing in Alabama, with 31 mosques built by 2011, many by African-American converts.",0.7,512,0,1747898549.0793765,2025-05-22T07:22:29.079403,0.1444864720106125,0.3173270523548126,Mistral-7B,2025-05-22T10:59:13.404686,7300000000,0,5,wiki
"wiki: Among these approaches, interventions either treat autistic features comprehensively, or focalize treatment on a specific area of deficit.",0.7,512,0,1747898556.7452269,2025-05-22T07:22:36.745232,0.15140186250209808,0.3263363838195801,Mistral-7B,2025-05-22T10:59:13.487678,7300000000,1,5,wiki
"code: Explain what this code does:
def function_15(x): return x * 2",0.7,512,0,1747898563.9518611,2025-05-22T07:22:43.951865,0.16677281260490417,0.35489094257354736,Mistral-7B,2025-05-22T10:59:13.581784,7300000000,2,5,code
wiki: A -wide meteorite hit the area about 80 million years ago.,0.7,512,0,1747898571.603381,2025-05-22T07:22:51.603385,0.1501600742340088,0.3241634666919708,Mistral-7B,2025-05-22T10:59:13.673587,7300000000,3,5,wiki
"wiki: Ritualistic behavior: Unvarying pattern of daily activities, such as an unchanging menu or a dressing ritual.",0.7,512,0,1747898579.4628549,2025-05-22T07:22:59.462859,0.15274475514888763,0.3315810263156891,Mistral-7B,2025-05-22T10:59:13.764622,7300000000,4,5,wiki
"wiki: , Alabama has the sixth highest poverty rate among states in the U.S.",0.7,512,1,1747898591.8991027,2025-05-22T07:23:11.899109,0.21912997961044312,0.397055983543396,Mistral-7B,2025-05-22T10:59:15.203850,7300000000,0,10,wiki
"wiki: Of those who indicated a religious preference, 59% said they possessed a ""full understanding"" of their faith and needed no further learning.",0.7,512,1,1747898602.505561,2025-05-22T07:23:22.505566,0.2099628746509552,0.3820870518684387,Mistral-7B,2025-05-22T10:59:15.279959,7300000000,1,10,wiki
"code: Explain what this code does:
def function_33(x): return x * 2",0.7,512,1,1747898609.8150702,2025-05-22T07:23:29.815077,0.21585533022880554,0.390121191740036,Mistral-7B,2025-05-22T10:59:15.355766,7300000000,2,10,code
"code: Explain what this code does:
def function_57(x): return x * 2",0.7,512,1,1747898617.8793004,2025-05-22T07:23:37.879321,0.22016194462776184,0.3975001871585846,Mistral-7B,2025-05-22T10:59:15.430674,7300000000,3,10,code
wiki: (A Birmingham city ordinance would have raised theirs to $10.10.),0.7,512,1,1747898625.9690466,2025-05-22T07:23:45.969053,0.19952987134456635,0.36797675490379333,Mistral-7B,2025-05-22T10:59:15.530693,7300000000,4,10,wiki
"code: Explain what this code does:
def function_70(x): return x * 2",0.7,512,0,1747898587.9413238,2025-05-22T07:23:07.941328,0.16721145808696747,0.3554196059703827,Mistral-7B,2025-05-22T10:59:16.930136,7300000000,0,10,code
fiction: Which celestial object listed below has the greatest density? (Answer: D),0.7,512,0,1747898593.562968,2025-05-22T07:23:13.562972,0.16667930781841278,0.3554009795188904,Mistral-7B,2025-05-22T10:59:17.011918,7300000000,1,10,fiction
"code: Explain what this code does:
def function_58(x): return x * 2",0.7,512,0,1747898601.8540587,2025-05-22T07:23:21.854066,0.16642993688583374,0.35407203435897827,Mistral-7B,2025-05-22T10:59:17.117541,7300000000,2,10,code
"wiki: In 1861, the state seceded from the United States to become part of the Confederate States of America, with Montgomery acting as its first capital, and rejoined the Union in 1868.",0.7,512,0,1747898605.298784,2025-05-22T07:23:25.298788,0.16317415237426758,0.34957703948020935,Mistral-7B,2025-05-22T10:59:17.202036,7300000000,3,10,wiki
"code: Explain what this code does:
def function_24(x): return x * 2",0.7,512,0,1747898613.3878922,2025-05-22T07:23:33.387896,0.1683405488729477,0.3578628897666931,Mistral-7B,2025-05-22T10:59:17.288085,7300000000,4,10,code
"wiki: However, there are no correspondingly similar words in the Alabama language.",0.7,512,1,1747898631.8202457,2025-05-22T07:23:51.820255,0.20081979036331177,0.36948099732398987,Mistral-7B,2025-05-22T10:59:18.734093,7300000000,0,15,wiki
fiction: The male insects in a population are treated to prevent sperm production. Would this reduce this insect population? (Answer: C),0.7,512,1,1747898637.7212393,2025-05-22T07:23:57.721244,0.20056475698947906,0.36772528290748596,Mistral-7B,2025-05-22T10:59:18.820240,7300000000,1,15,fiction
"wiki: With the rise of organised hierarchical bodies, scepticism toward authority also rose.",0.7,512,1,1747898644.8058603,2025-05-22T07:24:04.805865,0.19342577457427979,0.3566250801086426,Mistral-7B,2025-05-22T10:59:18.899531,7300000000,2,15,wiki
fiction: George wants to warm his hands quickly by rubbing them. Which skin surface will produce the most heat? (Answer: A),0.7,512,1,1747898651.3934252,2025-05-22T07:24:11.393429,0.21042481064796448,0.3820987343788147,Mistral-7B,2025-05-22T10:59:18.980036,7300000000,3,15,fiction
"wiki: However, the link to climate change has not been explored to date and it is unclear whether or not this represents an ongoing trend.",0.7,512,1,1747898659.6083813,2025-05-22T07:24:19.608387,0.20112742483615875,0.36892813444137573,Mistral-7B,2025-05-22T10:59:19.069017,7300000000,4,15,wiki
"wiki: Its oldest city is Mobile, founded by French colonists in 1702 as the capital of French Louisiana.",0.7,512,0,1747898621.9941795,2025-05-22T07:23:41.994184,0.15961582958698273,0.3425769507884979,Mistral-7B,2025-05-22T10:59:20.468222,7300000000,0,15,wiki
wiki: The state has numerous place names of Native American origin.,0.7,512,0,1747898630.1156087,2025-05-22T07:23:50.115613,0.14856800436973572,0.3207513391971588,Mistral-7B,2025-05-22T10:59:20.561671,7300000000,1,15,wiki
"wiki: Law and government  State government  The foundational document for Alabama's government is the Alabama Constitution, which was ratified in 1901.",0.7,512,0,1747898639.1523747,2025-05-22T07:23:59.152379,0.17524492740631104,0.3628905713558197,Mistral-7B,2025-05-22T10:59:20.647733,7300000000,2,15,wiki
"news: She's standing among other students, but they all work alone, with the help of teachers calling out corrections from the front of the room.",0.7,512,0,1747898647.7465937,2025-05-22T07:24:07.746598,0.17155246436595917,0.35730162262916565,Mistral-7B,2025-05-22T10:59:20.735636,7300000000,3,15,news
"news: This week marks the world premiere of Frame by Frame, The National Ballet of Canada's new full length ballet based on the life and work of innovative filmmaker Norman McLaren.",0.7,512,0,1747898655.7410643,2025-05-22T07:24:15.741069,0.17899322509765625,0.3558088541030884,Mistral-7B,2025-05-22T10:59:20.822048,7300000000,4,15,news
"wiki: There was also a cursive style used for everyday or utilitarian writing, which was done on more perishable surfaces.",0.7,512,1,1747898668.2547064,2025-05-22T07:24:28.254712,0.20174387097358704,0.3697584569454193,Mistral-7B,2025-05-22T10:59:22.260909,7300000000,0,20,wiki
"code: Explain what this code does:
def function_2(x): return x * 2",0.7,512,1,1747898676.288148,2025-05-22T07:24:36.288154,0.22054022550582886,0.3978666067123413,Mistral-7B,2025-05-22T10:59:22.347045,7300000000,1,20,code
fiction: Why do areas in the middle of a large continent generally have more extreme differences in temperature than areas near the coastline? (Answer: D),0.7,512,1,1747898684.2677474,2025-05-22T07:24:44.267753,0.2106679081916809,0.38332515954971313,Mistral-7B,2025-05-22T10:59:22.430335,7300000000,2,20,fiction
news: Many thought that the story was too light compared to historically based stories.,0.7,512,1,1747898692.3134701,2025-05-22T07:24:52.313476,0.2080504447221756,0.38085219264030457,Mistral-7B,2025-05-22T10:59:22.517543,7300000000,3,20,news
"wiki: In contemporary anarchism, this current survives as a tendency to support polyamory and queer anarchism.",0.7,512,1,1747898693.8779752,2025-05-22T07:24:53.877981,0.21024295687675476,0.38373667001724243,Mistral-7B,2025-05-22T10:59:22.638498,7300000000,4,20,wiki
"news: ""Showing can be more effective than telling.",0.7,512,0,1747898664.2513127,2025-05-22T07:24:24.251317,0.17484144866466522,0.3480885624885559,Mistral-7B,2025-05-22T10:59:24.060119,7300000000,0,20,news
wiki: The use of state names derived from Native American languages is common in the U.S.; an estimated 27 states have names of Native American origin.,0.7,512,0,1747898672.3338895,2025-05-22T07:24:32.333894,0.17179767787456512,0.34302186965942383,Mistral-7B,2025-05-22T10:59:24.148974,7300000000,1,20,wiki
fiction: Trees most likely change the environment in which they are located by (Answer: D),0.7,512,0,1747898680.3288698,2025-05-22T07:24:40.328874,0.17529480159282684,0.34993067383766174,Mistral-7B,2025-05-22T10:59:24.233028,7300000000,2,20,fiction
"wiki: Generally prohibited in the West at large, school corporal punishment is not unusual in Alabama, with 27,260 public school students paddled at least one time, according to government data for the 2011–2012 school year.",0.7,512,0,1747898688.5692863,2025-05-22T07:24:48.569291,0.20469188690185547,0.36859405040740967,Mistral-7B,2025-05-22T10:59:24.315878,7300000000,3,20,wiki
fiction: Coal is solid rock that began as organic material that was deposited in a swamp. The formation of coal suggests that (Answer: D),0.7,512,0,1747898693.8393824,2025-05-22T07:24:53.839387,0.2082032561302185,0.37306463718414307,Mistral-7B,2025-05-22T10:59:24.398579,7300000000,4,20,fiction
"wiki: The grouping of disorders, including PDD-NOS, autism, Asperger syndrome, Rett syndrome, and CDD, has been removed and replaced with the general term of Autism Spectrum Disorders.",0.7,512,1,1747898701.7501855,2025-05-22T07:25:01.750205,0.20835064351558685,0.3805619776248932,Mistral-7B,2025-05-22T10:59:25.793464,7300000000,0,25,wiki
news: Pro tip: The heel is centered under the body so you can feel confident and stable!,0.7,512,1,1747898708.8774,2025-05-22T07:25:08.877406,0.20743072032928467,0.3785189390182495,Mistral-7B,2025-05-22T10:59:25.878292,7300000000,1,25,news
wiki: The Alabama Alcoholic Beverage Control Board controls the sale and distribution of alcoholic beverages in the state.,0.7,512,1,1747898716.5689535,2025-05-22T07:25:16.568980,0.21633034944534302,0.3926287293434143,Mistral-7B,2025-05-22T10:59:25.959375,7300000000,2,25,wiki
"wiki: Numerous candidate genes have been located, with only small effects attributable to any particular gene.",0.7,512,1,1747898724.7442005,2025-05-22T07:25:24.744204,0.2028195858001709,0.37210166454315186,Mistral-7B,2025-05-22T10:59:26.043009,7300000000,3,25,wiki
news: The dancers currently have little information about the search process and plans to move forward.,0.7,512,1,1747898728.6401079,2025-05-22T07:25:28.640113,0.2050047665834427,0.3741900324821472,Mistral-7B,2025-05-22T10:59:26.126468,7300000000,4,25,news
"wiki: For example, the effects of a spectrally responsive albedo are illustrated by the differences between the spectrally weighted albedo of solar photovoltaic technology based on hydrogenated amorphous silicon (a-Si:H) and crystalline silicon (c-Si)-based compared to traditional spectral-integrated albedo predictions.",0.7,512,0,1747898703.6031036,2025-05-22T07:25:03.603108,0.24253982305526733,0.3941419720649719,Mistral-7B,2025-05-22T10:59:27.538283,7300000000,0,25,wiki
fiction: Why are alternative fuels being used in some automobiles? (Answer: B),0.7,512,0,1747898711.677162,2025-05-22T07:25:11.677167,0.2559460699558258,0.4117821455001831,Mistral-7B,2025-05-22T10:59:27.639222,7300000000,1,25,fiction
"wiki: Ports The Port of Mobile, Alabama's only saltwater port, is a large seaport on the Gulf of Mexico with inland waterway access to the Midwest by way of the Tennessee–Tombigbee Waterway.",0.7,512,0,1747898720.1204455,2025-05-22T07:25:20.120449,0.23780302703380585,0.38439521193504333,Mistral-7B,2025-05-22T10:59:27.735792,7300000000,2,25,wiki
news: The Bay County Sheriff’s Office has arrested four men from Atlanta after they allegedly hired local transients to cash fraudulent checks for them using stolen personal information.,0.7,512,0,1747898729.530755,2025-05-22T07:25:29.530759,0.24048180878162384,0.38871529698371887,Mistral-7B,2025-05-22T10:59:27.833232,7300000000,3,25,news
"code: Explain what this code does:
def function_44(x): return x * 2",0.7,512,0,1747898740.549375,2025-05-22T07:25:40.549379,0.25438082218170166,0.40724942088127136,Mistral-7B,2025-05-22T10:59:27.929852,7300000000,4,25,code
news: Subscribe Also see,0.7,512,0,1747898749.6068056,2025-05-22T07:25:49.606809,0.24031391739845276,0.3919204771518707,Mistral-7B,2025-05-22T10:59:29.373699,7300000000,0,30,news
"news: For those looking to prepare for the exam, the post recommends going to the AWS Training website and working on the Advanced Architecting on AWS and Security Operations on AWS trainings.",0.7,512,0,1747898755.96784,2025-05-22T07:25:55.967844,0.24130621552467346,0.38832396268844604,Mistral-7B,2025-05-22T10:59:29.468379,7300000000,1,30,news
"news: One thing to note: If you need more users, you'll create them from the command line (in similar fashion as you did above).",0.7,512,0,1747898764.167509,2025-05-22T07:26:04.167512,0.24006949365139008,0.38695546984672546,Mistral-7B,2025-05-22T10:59:29.556834,7300000000,2,30,news
"wiki: Given the long history of slavery and associated racial segregation, the Native American peoples, who have sometimes been of mixed race, have insisted on having their cultural identification respected.",0.7,512,0,1747898772.5160167,2025-05-22T07:26:12.516020,0.23255495727062225,0.376486599445343,Mistral-7B,2025-05-22T10:59:29.642299,7300000000,3,30,wiki
"wiki: Acquiring language before age six, having an IQ above 50, and having a marketable skill all predict better outcomes; independent living is unlikely with severe autism.",0.7,512,0,1747898780.2555814,2025-05-22T07:26:20.255585,0.2399357557296753,0.39009207487106323,Mistral-7B,2025-05-22T10:59:29.726277,7300000000,4,30,wiki
fiction: What do earthquakes tell scientists about the history of the planet? (Answer: B),0.7,512,1,1747898740.3304217,2025-05-22T07:25:40.330435,0.21873855590820312,0.3947261571884155,Mistral-7B,2025-05-22T10:59:31.127680,7300000000,0,30,fiction
wiki: This coincided with its failure to gain traction in Northern Europe and its unprecedented height in Latin America.,0.7,512,1,1747898747.3244355,2025-05-22T07:25:47.324439,0.19705119729042053,0.36297598481178284,Mistral-7B,2025-05-22T10:59:31.205886,7300000000,1,30,wiki
fiction: Puddles on a sidewalk are evaporating quickly. What most likely causes the puddles to evaporate? (Answer: A),0.7,512,1,1747898751.497869,2025-05-22T07:25:51.497873,0.20536747574806213,0.3755966126918793,Mistral-7B,2025-05-22T10:59:31.282630,7300000000,2,30,fiction
news: After almost 20 years there are countless things.,0.7,512,1,1747898759.6600652,2025-05-22T07:25:59.660076,0.20966175198554993,0.3810121715068817,Mistral-7B,2025-05-22T10:59:31.359226,7300000000,3,30,news
"wiki: In Alabama, majority-white districts are now expected to regularly elect Republican candidates to federal, state and local office.",0.7,512,1,1747898767.9755316,2025-05-22T07:26:07.975535,0.2066309154033661,0.3764873147010803,Mistral-7B,2025-05-22T10:59:31.435673,7300000000,4,30,wiki
fiction: What characteristic of DNA results in cell differentiation in developing embryos? (Answer: C),0.7,512,1,1747898770.377861,2025-05-22T07:26:10.377866,0.21030288934707642,0.3816036581993103,Mistral-7B,2025-05-22T10:59:32.839986,7300000000,0,35,fiction
"wiki: The total effects were greater on the black community, as almost all its citizens were disfranchised and relegated to separate and unequal treatment under the law.",0.7,512,1,1747898775.2854939,2025-05-22T07:26:15.285502,0.20503905415534973,0.3758694529533386,Mistral-7B,2025-05-22T10:59:32.917632,7300000000,1,35,wiki
wiki: The current governor is Republican Kay Ivey.,0.7,512,1,1747898782.7830951,2025-05-22T07:26:22.783099,0.2132052332162857,0.3872465491294861,Mistral-7B,2025-05-22T10:59:32.994425,7300000000,2,35,wiki
wiki: Contemporary news coverage which emphasizes black bloc demonstrations has reinforced anarchism's historical association with chaos and violence.,0.7,512,1,1747898784.1856081,2025-05-22T07:26:24.185612,0.20827756822109222,0.3799271881580353,Mistral-7B,2025-05-22T10:59:33.091317,7300000000,3,35,wiki
"fiction: In a food pyramid, which best explains why the number of organisms decreases from one trophic level to the next? (Answer: B)",0.7,512,1,1747898792.4696288,2025-05-22T07:26:32.469633,0.21358050405979156,0.3884529173374176,Mistral-7B,2025-05-22T10:59:33.167663,7300000000,4,35,fiction
"news: Photo by Walter E. Owen, Courtesy Dance Magazine Archives.",0.7,512,0,1747898788.0410204,2025-05-22T07:26:28.041028,0.24376894533634186,0.3951416313648224,Mistral-7B,2025-05-22T10:59:34.590501,7300000000,0,35,news
"wiki: At the same time, many rural people migrated to the city of Birmingham to work in new industrial jobs.",0.7,512,0,1747898796.4718568,2025-05-22T07:26:36.471861,0.24815291166305542,0.39952659606933594,Mistral-7B,2025-05-22T10:59:34.688440,7300000000,1,35,wiki
"wiki: While medications have not been found to help with core symptoms, they may be used for associated symptoms, such as irritability, inattention, or repetitive behavior patterns.",0.7,512,0,1747898804.567249,2025-05-22T07:26:44.567253,0.24979612231254578,0.40225011110305786,Mistral-7B,2025-05-22T10:59:34.766065,7300000000,2,35,wiki
"wiki: No single repetitive or self-injurious behavior seems to be specific to autism, but autism appears to have an elevated pattern of occurrence and severity of these behaviors.",0.7,512,0,1747898812.910857,2025-05-22T07:26:52.910860,0.24001221358776093,0.3891087472438812,Mistral-7B,2025-05-22T10:59:34.842042,7300000000,3,35,wiki
"news: One was located at a business on East Avenue and contact was made with Clarence Suggs, age 27, and Reginald Hughes, age 26.",0.7,512,0,1747898821.2421827,2025-05-22T07:27:01.242186,0.23951616883277893,0.38896727561950684,Mistral-7B,2025-05-22T10:59:34.917849,7300000000,4,35,news
"wiki: All of them compared gluten- and casein-free diet versus normal diet with a control group (2 double-blind randomized controlled trials, 1 double-blind crossover trial, 1 single-blind trial).",0.7,512,0,1747898830.062981,2025-05-22T07:27:10.062984,0.25068941712379456,0.40563708543777466,Mistral-7B,2025-05-22T10:59:36.308143,7300000000,0,40,wiki
news: Log out and log back in with your new credentials.,0.7,512,0,1747898837.7388303,2025-05-22T07:27:17.738837,0.24717921018600464,0.3991035521030426,Mistral-7B,2025-05-22T10:59:36.403718,7300000000,1,40,news
"fiction: Heat, light, and sound are all different forms of ___. (Answer: B)",0.7,512,0,1747898839.7508516,2025-05-22T07:27:19.750859,0.24831371009349823,0.4009113907814026,Mistral-7B,2025-05-22T10:59:36.481616,7300000000,2,40,fiction
"code: Explain what this code does:
def function_81(x): return x * 2",0.7,512,0,1747898845.5923617,2025-05-22T07:27:25.592367,0.25959253311157227,0.41546428203582764,Mistral-7B,2025-05-22T10:59:36.570157,7300000000,3,40,code
"code: Explain what this code does:
def function_93(x): return x * 2",0.7,512,0,1747898853.5628874,2025-05-22T07:27:33.562894,0.263526052236557,0.42117056250572205,Mistral-7B,2025-05-22T10:59:36.648221,7300000000,4,40,code
"news: Snowflakes of the original cast, ""The Nutcracker"" at the Mariinsky Theatre, 1892.",0.7,512,1,1747898801.062466,2025-05-22T07:26:41.062474,0.20368921756744385,0.374658465385437,Mistral-7B,2025-05-22T10:59:38.080252,7300000000,0,40,news
fiction: The following mathematical expressions represent four different concentrations of a chemical solution to be used in a science experiment. Which one is equal in magnitude to 1/1000? (Answer: C),0.7,512,1,1747898809.1784334,2025-05-22T07:26:49.178437,0.21353746950626373,0.38727468252182007,Mistral-7B,2025-05-22T10:59:38.189870,7300000000,1,40,fiction
wiki: No babbling by 12 months.,0.7,512,1,1747898817.3893964,2025-05-22T07:26:57.389400,0.2023247629404068,0.373167484998703,Mistral-7B,2025-05-22T10:59:38.295325,7300000000,2,40,wiki
"code: Explain what this code does:
def function_56(x): return x * 2",0.7,512,1,1747898825.6007001,2025-05-22T07:27:05.600704,0.21893857419490814,0.3947235345840454,Mistral-7B,2025-05-22T10:59:38.393858,7300000000,3,40,code
"code: Explain what this code does:
def function_36(x): return x * 2",0.7,512,1,1747898832.6268206,2025-05-22T07:27:12.626828,0.21919363737106323,0.39523136615753174,Mistral-7B,2025-05-22T10:59:38.491765,7300000000,4,40,code
"wiki: These kinds of groups more often than not interconnect with each other, forming larger networks.",0.7,512,0,1747898862.2006996,2025-05-22T07:27:42.200717,0.24576641619205475,0.39813363552093506,Mistral-7B,2025-05-22T10:59:39.898047,7300000000,0,45,wiki
news: Three transients have also been arrested for their participation.,0.7,512,0,1747898870.212356,2025-05-22T07:27:50.212362,0.25011032819747925,0.4021473824977875,Mistral-7B,2025-05-22T10:59:39.978714,7300000000,1,45,news
fiction: What do cells break down to produce energy? (Answer: A),0.7,512,0,1747898872.2102063,2025-05-22T07:27:52.210213,0.25231465697288513,0.4053540527820587,Mistral-7B,2025-05-22T10:59:40.067061,7300000000,2,45,fiction
wiki: Alabama was under military rule from the end of the war in May 1865 until its official restoration to the Union in 1868.,0.7,512,0,1747898879.5039191,2025-05-22T07:27:59.503923,0.2528632879257202,0.4063361883163452,Mistral-7B,2025-05-22T10:59:40.146073,7300000000,3,45,wiki
"wiki: Jackson, Harvey H. Inside Alabama: A Personal History of My State (2004).",0.7,512,0,1747898887.5379472,2025-05-22T07:28:07.537953,0.2453877329826355,0.3968593180179596,Mistral-7B,2025-05-22T10:59:40.225366,7300000000,4,45,wiki
fiction: A chemical property of a mineral is evident if the mineral (Answer: 2),0.7,512,1,1747898841.5118306,2025-05-22T07:27:21.511835,0.206554114818573,0.37554284930229187,Mistral-7B,2025-05-22T10:59:41.610742,7300000000,0,45,fiction
"news: Sun Jie, a coach and men's teacher at BDA since 2008, explains how introducing works from Western choreographers has broadened the overall abilities of Chinese ballet dancers.",0.7,512,1,1747898849.362685,2025-05-22T07:27:29.362697,0.19717319309711456,0.3607616722583771,Mistral-7B,2025-05-22T10:59:41.689774,7300000000,1,45,news
news: The victim was interviewed at Gulf Coast Children’s Advocacy Center.,0.7,512,1,1747898857.666199,2025-05-22T07:27:37.666203,0.2159593105316162,0.3917878270149231,Mistral-7B,2025-05-22T10:59:41.765601,7300000000,2,45,news
"wiki: The Legislature is responsible for writing, debating, passing, or defeating state legislation.",0.7,512,1,1747898865.7007108,2025-05-22T07:27:45.700715,0.2126169502735138,0.38602012395858765,Mistral-7B,2025-05-22T10:59:41.841496,7300000000,3,45,wiki
"news: ""It's not just a few ballet steps here and there; he asks you to fully engage with yourself, not only as a dancer but as an actor and a person.""",0.7,512,1,1747898874.0081367,2025-05-22T07:27:54.008141,0.20144441723823547,0.3681897521018982,Mistral-7B,2025-05-22T10:59:41.916703,7300000000,4,45,news
"wiki: Many of these attacks were done by individual assailants and the majority took place in the late 1870s, the early 1880s and the 1890s, with some still occurring in the early 1900s.",0.7,512,0,1747898895.7597368,2025-05-22T07:28:15.759747,0.25660836696624756,0.415205180644989,Mistral-7B,2025-05-22T10:59:43.307729,7300000000,0,50,wiki
"wiki: Because of the constraints of the Alabama Constitution, which centralizes power in the state legislature, only seven counties (Jefferson, Lee, Mobile, Madison, Montgomery, Shelby, and Tuscaloosa) in the state have limited home rule.",0.7,512,0,1747898903.7977083,2025-05-22T07:28:23.797715,0.243656724691391,0.39376914501190186,Mistral-7B,2025-05-22T10:59:43.400307,7300000000,1,50,wiki
wiki: Sleep problems affect about two-thirds of individuals with ASD at some point in childhood.,0.7,512,0,1747898911.8620806,2025-05-22T07:28:31.862086,0.2505171597003937,0.4025862514972687,Mistral-7B,2025-05-22T10:59:43.502289,7300000000,2,50,wiki
"wiki: Albedo in Astronomy  In astronomy, the term albedo can be defined in several different ways, depending upon the application and the wavelength of electromagnetic radiation involved.",0.7,512,0,1747898919.9824088,2025-05-22T07:28:39.982414,0.2548066973686218,0.4087374806404114,Mistral-7B,2025-05-22T10:59:43.618267,7300000000,3,50,wiki
"news: Data processing policies Companies need to do data process flow mapping to see what data is being collected, how it's being processed, and who is receiving processed copies, Rickard said.",0.7,512,0,1747898928.1995244,2025-05-22T07:28:48.199530,0.24018633365631104,0.38724878430366516,Mistral-7B,2025-05-22T10:59:43.724603,7300000000,4,50,news
"wiki: Alabama English is predominantly Southern, and is related to South Midland speech which was taken across the border from Tennessee.",0.7,512,1,1747898882.9407616,2025-05-22T07:28:02.940780,0.19670043885707855,0.3585883677005768,Mistral-7B,2025-05-22T10:59:45.119443,7300000000,0,50,wiki
"news: The EU's General Data Protection Regulation (GDPR) went into effect in May, requiring all organizations that handle the data of EU citizens to comply with its provisions regarding collecting and using personal data.",0.7,512,1,1747898891.2375145,2025-05-22T07:28:11.237519,0.21932008862495422,0.3964220881462097,Mistral-7B,2025-05-22T10:59:45.203127,7300000000,1,50,news
wiki: Autism rights or neurodiversity advocates believe that the autism spectrum is genetic and should be accepted as a natural expression of the human genome.,0.7,512,1,1747898899.3522987,2025-05-22T07:28:19.352303,0.20654045045375824,0.3749811053276062,Mistral-7B,2025-05-22T10:59:45.290782,7300000000,2,50,wiki
news: The registration fee is $300.,0.7,512,1,1747898907.4216566,2025-05-22T07:28:27.421661,0.21352353692054749,0.3879839777946472,Mistral-7B,2025-05-22T10:59:45.369533,7300000000,3,50,news
"news: This time around, everything went smoothly and I was able to log into the Gitstorage interface (Figure B).",0.7,512,1,1747898915.467867,2025-05-22T07:28:35.467871,0.20676051080226898,0.37529632449150085,Mistral-7B,2025-05-22T10:59:45.448806,7300000000,4,50,news
wiki: One criticism of the current constitution claims that its complexity and length intentionally codify segregation and racism.,0.7,512,0,1747898935.6395204,2025-05-22T07:28:55.639526,0.251476913690567,0.40694141387939453,Mistral-7B,2025-05-22T10:59:46.841235,7300000000,0,55,wiki
"wiki: Mohl, Raymond A.",0.7,512,0,1747898943.6886692,2025-05-22T07:29:03.688675,0.24599453806877136,0.397186815738678,Mistral-7B,2025-05-22T10:59:46.934645,7300000000,1,55,wiki
"code: Explain what this code does:
def function_6(x): return x * 2",0.7,512,0,1747898950.508409,2025-05-22T07:29:10.508414,0.2517218589782715,0.40357401967048645,Mistral-7B,2025-05-22T10:59:47.010746,7300000000,2,55,code
wiki: Other anarchists advocated for or used art as a means to achieve anarchist ends.,0.7,512,0,1747898957.4185188,2025-05-22T07:29:17.418525,0.24468988180160522,0.39553749561309814,Mistral-7B,2025-05-22T10:59:47.119849,7300000000,3,55,wiki
news: You can also login with the non-admin user you created.,0.7,512,0,1747898965.2750874,2025-05-22T07:29:25.275094,0.23300665616989136,0.3783153295516968,Mistral-7B,2025-05-22T10:59:47.197503,7300000000,4,55,news
"wiki: Unusual eating behavior occurs in about three-quarters of children with ASD, to the extent that it was formerly a diagnostic indicator.",0.7,512,1,1747898924.279277,2025-05-22T07:28:44.279281,0.20085352659225464,0.36621445417404175,Mistral-7B,2025-05-22T10:59:48.583772,7300000000,0,55,wiki
"news: Over the past two decades, Java has arguably been the most successful programming language on the planet.",0.7,512,1,1747898932.358915,2025-05-22T07:28:52.358919,0.21173207461833954,0.38219815492630005,Mistral-7B,2025-05-22T10:59:48.667576,7300000000,1,55,news
"wiki: The state legislature has retained power over local governments by refusing to pass a constitutional amendment establishing home rule for counties, as recommended by the 1973 Alabama Constitutional Commission.",0.7,512,1,1747898940.2277942,2025-05-22T07:29:00.227798,0.20527008175849915,0.37457865476608276,Mistral-7B,2025-05-22T10:59:48.745762,7300000000,2,55,wiki
"wiki: The rural bias of the state legislature, which had also failed to redistrict seats in the state house, affected politics well into the 20th century, failing to recognize the rise of industrial cities and urbanized areas.",0.7,512,1,1747898950.3763337,2025-05-22T07:29:10.376339,0.19690348207950592,0.3609039783477783,Mistral-7B,2025-05-22T10:59:48.822777,7300000000,3,55,wiki
"wiki: Clouds keep Earth cool by reflecting sunlight, but they can also serve as blankets to trap warmth.""",0.7,512,1,1747898951.79975,2025-05-22T07:29:11.799756,0.20166264474391937,0.36724337935447693,Mistral-7B,2025-05-22T10:59:48.927023,7300000000,4,55,wiki
"wiki: Critics argue that Alabama's constitution maintains highly centralized power with the state legislature, leaving practically no power in local hands.",0.7,512,1,1747898960.6051917,2025-05-22T07:29:20.605196,0.2047128826379776,0.3733312487602234,Mistral-7B,2025-05-22T10:59:50.328444,7300000000,0,60,wiki
"code: Explain what this code does:
def function_76(x): return x * 2",0.7,512,1,1747898968.2180798,2025-05-22T07:29:28.218084,0.21463698148727417,0.3875265121459961,Mistral-7B,2025-05-22T10:59:50.415733,7300000000,1,60,code
"wiki: Ferrer's approach was secular, rejecting both state and church involvement in the educational process whilst giving pupils large amounts of autonomy in planning their work and attendance.",0.7,512,1,1747898976.4136026,2025-05-22T07:29:36.413607,0.19272221624851227,0.3535712957382202,Mistral-7B,2025-05-22T10:59:50.503845,7300000000,2,60,wiki
"fiction: As part of an experiment, an astronaut takes a scale to the Moon and weighs himself. The scale reads 31 pounds. If the astronaut has a mass of about 84 kilograms, which are the approximate weight and mass of the astronaut when standing on the Earth? (Answer: D)",0.7,512,1,1747898978.3182364,2025-05-22T07:29:38.318240,0.20342472195625305,0.36924296617507935,Mistral-7B,2025-05-22T10:59:50.612053,7300000000,3,60,fiction
"wiki: Since the mid- to late 20th century, however, white conservatives started shifting to the Republican Party.",0.7,512,1,1747898985.8864796,2025-05-22T07:29:45.886484,0.2005842626094818,0.36677616834640503,Mistral-7B,2025-05-22T10:59:50.691169,7300000000,4,60,wiki
"wiki: Autistic people may be severely impaired in some respects but average, or even superior, in others.",0.7,512,0,1747898973.528146,2025-05-22T07:29:33.528152,0.25147682428359985,0.4045295715332031,Mistral-7B,2025-05-22T10:59:52.100097,7300000000,0,60,wiki
"wiki: There are two intermediate appellate courts, the Court of Civil Appeals and the Court of Criminal Appeals, and four trial courts: the circuit court (trial court of general jurisdiction), and the district, probate, and municipal courts.",0.7,512,0,1747898977.8340566,2025-05-22T07:29:37.834062,0.24856913089752197,0.40028268098831177,Mistral-7B,2025-05-22T10:59:52.178862,7300000000,1,60,wiki
fiction: Which of these is never found in prokaryotic cells? (Answer: D),0.7,512,0,1747898979.6966105,2025-05-22T07:29:39.696616,0.2489401251077652,0.399674654006958,Mistral-7B,2025-05-22T10:59:52.260680,7300000000,2,60,fiction
"wiki: In Greek handwriting, it was common to join the left leg and horizontal stroke into a single loop, as demonstrated by the uncial version shown.",0.7,512,0,1747898981.1047268,2025-05-22T07:29:41.104733,0.24328987300395966,0.3922903835773468,Mistral-7B,2025-05-22T10:59:52.340071,7300000000,3,60,wiki
"fiction: When a mirror is placed by a fish bowl with a beta fish swimming inside, the beta fish sees what appears to be another fish. This occurs because of (Answer: C)",0.7,512,0,1747898982.9523075,2025-05-22T07:29:42.952313,0.24324247241020203,0.3916131258010864,Mistral-7B,2025-05-22T10:59:52.422087,7300000000,4,60,fiction
"news: 1892 ""Nutcracker"" costume sketch by Ivan Vsevolozhsky of the Sugar Plum Fairy's retinue.",0.7,512,1,1747898994.6304586,2025-05-22T07:29:54.630463,0.2097839117050171,0.38309165835380554,Mistral-7B,2025-05-22T10:59:53.814922,7300000000,0,65,news
news: What parts of your life outside of ballet do you most look forward to cultivating now that you'll have more time on your hands?,0.7,512,1,1747899002.6744068,2025-05-22T07:30:02.674411,0.21658389270305634,0.3905380666255951,Mistral-7B,2025-05-22T10:59:53.904685,7300000000,1,65,news
news: NYCB's Brittany Pollack and Chase Finlay in the grand pas de deux toe slide.,0.7,512,1,1747899010.7374618,2025-05-22T07:30:10.737466,0.1998913735151291,0.365201860666275,Mistral-7B,2025-05-22T10:59:53.980364,7300000000,2,65,news
"code: Explain what this code does:
def function_40(x): return x * 2",0.7,512,1,1747899018.8613527,2025-05-22T07:30:18.861357,0.22010773420333862,0.3968426287174225,Mistral-7B,2025-05-22T10:59:54.068455,7300000000,3,65,code
"news: Some days you might not feel good about yourself, or things in your body might not be working well—every day is different.",0.7,512,1,1747899024.5649521,2025-05-22T07:30:24.564956,0.21347969770431519,0.3864114582538605,Mistral-7B,2025-05-22T10:59:54.145148,7300000000,4,65,news
"wiki: Civil War and Reconstruction  By 1860, the population had increased to 964,201 people, of which nearly half, 435,080, were enslaved African Americans, and 2,690 were free people of color.",0.7,512,0,1747898991.3024344,2025-05-22T07:29:51.302441,0.24490442872047424,0.39412859082221985,Mistral-7B,2025-05-22T10:59:55.541522,7300000000,0,65,wiki
"code: Explain what this code does:
def function_46(x): return x * 2",0.7,512,0,1747898999.1833475,2025-05-22T07:29:59.183353,0.2574784755706787,0.41159772872924805,Mistral-7B,2025-05-22T10:59:55.621537,7300000000,1,65,code
"news: During a search warrant on the two vehicles two printers, blank checks, cash, and a computer with check-making software were located and seized.",0.7,512,0,1747899007.0953481,2025-05-22T07:30:07.095355,0.23997589945793152,0.38704758882522583,Mistral-7B,2025-05-22T10:59:55.700864,7300000000,2,65,news
"wiki: Instead of people being able to control the aspects of their life, major decisions are taken by a small elite.",0.7,512,0,1747899015.145671,2025-05-22T07:30:15.145677,0.24422121047973633,0.3940061926841736,Mistral-7B,2025-05-22T10:59:55.779892,7300000000,3,65,wiki
"code: Explain what this code does:
def function_28(x): return x * 2",0.7,512,0,1747899023.0164573,2025-05-22T07:30:23.016463,0.25700250267982483,0.41083139181137085,Mistral-7B,2025-05-22T10:59:55.858434,7300000000,4,65,code
"code: Explain what this code does:
def function_20(x): return x * 2",0.7,512,1,1747899032.490228,2025-05-22T07:30:32.490232,0.22071585059165955,0.3978497087955475,Mistral-7B,2025-05-22T10:59:57.266348,7300000000,0,70,code
news: Could some of us be out of a job?,0.7,512,1,1747899040.6101844,2025-05-22T07:30:40.610188,0.21253032982349396,0.3857475519180298,Mistral-7B,2025-05-22T10:59:57.348617,7300000000,1,70,news
"wiki: For instance, Birmingham and Jefferson County taxes had supplied one-third of the state budget, but Jefferson County received only 1/67th of state services in funding.",0.7,512,1,1747899048.8278315,2025-05-22T07:30:48.827837,0.20341137051582336,0.37061578035354614,Mistral-7B,2025-05-22T10:59:57.426725,7300000000,2,70,wiki
"wiki: In geometry, capital A, B, C etc.",0.7,512,1,1747899055.114052,2025-05-22T07:30:55.114058,0.20749317109584808,0.376891553401947,Mistral-7B,2025-05-22T10:59:57.504676,7300000000,3,70,wiki
wiki: European settlement  The Spanish were the first Europeans to reach Alabama during their exploration of North America in the 16th century.,0.7,512,1,1747899063.5127664,2025-05-22T07:31:03.512772,0.2120838463306427,0.38431334495544434,Mistral-7B,2025-05-22T10:59:57.629713,7300000000,4,70,wiki
fiction: Which term best describes the life cycle of an insect that reaches the adult stage without being a pupa? (Answer: A),0.7,512,0,1747899025.3286767,2025-05-22T07:30:25.328682,0.2523373067378998,0.4054301977157593,Mistral-7B,2025-05-22T10:59:59.109911,7300000000,0,70,fiction
"wiki: The Gulf Coast, around Mobile Bay, averages between 70 and 80 days per year with thunder reported.",0.7,512,0,1747899028.3691754,2025-05-22T07:30:28.369182,0.24689644575119019,0.3986608684062958,Mistral-7B,2025-05-22T10:59:59.194208,7300000000,1,70,wiki
"wiki: Anarchists also reinforced their propaganda within the arts, some of whom practiced naturism and nudism.",0.7,512,0,1747899036.5122166,2025-05-22T07:30:36.512223,0.24133116006851196,0.3905521631240845,Mistral-7B,2025-05-22T10:59:59.273071,7300000000,2,70,wiki
"wiki: During the antebellum period, Alabama was a major producer of cotton, and widely used African American slave labor.",0.7,512,0,1747899044.5510361,2025-05-22T07:30:44.551042,0.24937699735164642,0.4009205102920532,Mistral-7B,2025-05-22T10:59:59.351035,7300000000,3,70,wiki
"news: If I can't describe what I want with words, I have to show them.""",0.7,512,0,1747899052.8083062,2025-05-22T07:30:52.808312,0.24868693947792053,0.3995828926563263,Mistral-7B,2025-05-22T10:59:59.428997,7300000000,4,70,news
"fiction: Many common hand tools create a mechanical advantage by using the basic principles found in simple machines. For example, a screwdriver uses the principles of the wheel and axle. In order to increase gripping force, pliers use the principle demonstrated in the (Answer: B)",0.7,512,1,1747899071.905667,2025-05-22T07:31:11.905673,0.19836480915546417,0.3631332516670227,Mistral-7B,2025-05-22T11:00:00.837352,7300000000,0,75,fiction
"news: The ethereal twinkling sound in the Sugar Plum Fairy's solo comes from the celesta, a rare instrument Tchaikovsky heard in France.",0.7,512,1,1747899073.6654968,2025-05-22T07:31:13.665502,0.1961803436279297,0.3601597845554352,Mistral-7B,2025-05-22T11:00:00.924625,7300000000,1,75,news
"wiki: They wrote another constitution in 1875, and the legislature passed the Blaine Amendment, prohibiting public money from being used to finance religious-affiliated schools.",0.7,512,1,1747899081.531733,2025-05-22T07:31:21.531739,0.20594331622123718,0.37561172246932983,Mistral-7B,2025-05-22T11:00:01.021380,7300000000,2,75,wiki
"wiki: In the Sasanian Empire, Mazdak called for an egalitarian society and the abolition of monarchy, only to be soon executed by Emperor Kavad I.",0.7,512,1,1747899089.7893126,2025-05-22T07:31:29.789318,0.20680475234985352,0.3779701888561249,Mistral-7B,2025-05-22T11:00:01.121935,7300000000,3,75,wiki
"wiki: Functional friendships, such as those resulting in invitations to parties, may affect the quality of life more deeply.",0.7,512,1,1747899098.1336849,2025-05-22T07:31:38.133691,0.20429684221744537,0.37273550033569336,Mistral-7B,2025-05-22T11:00:01.200725,7300000000,4,75,wiki
"wiki: A. John Simmons and Leslie Green, who leaned toward philosophical anarchism, believed that the state could be legitimate if it is governed by consensus, although they saw this as highly unlikely.",0.7,512,0,1747899060.5282452,2025-05-22T07:31:00.528251,0.2317967563867569,0.37674838304519653,Mistral-7B,2025-05-22T11:00:02.633567,7300000000,0,75,wiki
news: New York City Ballet principal dancer Rebecca Krohn will take her final bow with the company this Saturday night.,0.7,512,0,1747899068.3952205,2025-05-22T07:31:08.395226,0.2503092288970947,0.4017897844314575,Mistral-7B,2025-05-22T11:00:02.723134,7300000000,1,75,news
"fiction: Hatchling sea turtles are typically dark in color. Occasionally, a sea turtle hatches that is almost white in color. When crawling from the nest on the beach to the ocean, this light-colored sea turtle could be at risk for sunburn. The light color of the turtles would most likely (Answer: C)",0.7,512,0,1747899076.7156088,2025-05-22T07:31:16.715615,0.24160151183605194,0.3896665871143341,Mistral-7B,2025-05-22T11:00:02.802591,7300000000,2,75,fiction
fiction: Which of these human activities does not contribute to the extinction of species? (Answer: C),0.7,512,0,1747899085.072432,2025-05-22T07:31:25.072438,0.2494729906320572,0.401205837726593,Mistral-7B,2025-05-22T11:00:02.882174,7300000000,3,75,fiction
fiction: How long does it take for Earth to rotate on its axis seven times? (Answer: B),0.7,512,0,1747899086.8138125,2025-05-22T07:31:26.813818,0.2513510584831238,0.4032260775566101,Mistral-7B,2025-05-22T11:00:02.961710,7300000000,4,75,fiction
"wiki: Because light specularly reflected from water does not usually reach the viewer, water is usually considered to have a very low albedo in spite of its high reflectivity at high angles of incident light.",0.7,512,1,1747899106.98421,2025-05-22T07:31:46.984216,0.20196346938610077,0.36808446049690247,Mistral-7B,2025-05-22T11:00:04.341240,7300000000,0,80,wiki
"wiki: As it appeals to both emotion and reason, art could appeal to the whole human and have a powerful effect.",0.7,512,1,1747899115.2030942,2025-05-22T07:31:55.203100,0.20569518208503723,0.37440168857574463,Mistral-7B,2025-05-22T11:00:04.447738,7300000000,1,80,wiki
"wiki: In addition, Alabama produces aerospace and electronic products, mostly in the Huntsville area, the location of NASA's George C. Marshall Space Flight Center and the U.S. Army Materiel Command, headquartered at Redstone Arsenal.",0.7,512,1,1747899123.5678828,2025-05-22T07:32:03.567888,0.20735254883766174,0.3777972161769867,Mistral-7B,2025-05-22T11:00:04.549614,7300000000,2,80,wiki
"wiki: Through many countries, individualist anarchism attracted a small yet diverse following of Bohemian artists and intellectuals as well as young anarchist outlaws in what became known as illegalism and individual reclamation.",0.7,512,1,1747899131.9324534,2025-05-22T07:32:11.932459,0.19575440883636475,0.3598743677139282,Mistral-7B,2025-05-22T11:00:04.649925,7300000000,3,80,wiki
"code: Explain what this code does:
def function_77(x): return x * 2",0.7,512,1,1747899140.149001,2025-05-22T07:32:20.149006,0.21733254194259644,0.39219048619270325,Mistral-7B,2025-05-22T11:00:04.758194,7300000000,4,80,code
"wiki: The first community of adherents of the Baháʼí Faith in Alabama was founded in 1896 by Paul K. Dealy, who moved from Chicago to Fairhope.",0.7,512,0,1747899094.8681746,2025-05-22T07:31:34.868180,0.23658916354179382,0.3838459253311157,Mistral-7B,2025-05-22T11:00:06.185270,7300000000,0,80,wiki
wiki: No known medication relieves autism's core symptoms of social and communication impairments.,0.7,512,0,1747899102.9499743,2025-05-22T07:31:42.949980,0.2532337009906769,0.4074878990650177,Mistral-7B,2025-05-22T11:00:06.281231,7300000000,1,80,wiki
"code: Explain what this code does:
def function_31(x): return x * 2",0.7,512,0,1747899111.14295,2025-05-22T07:31:51.142957,0.2578536570072174,0.4119783341884613,Mistral-7B,2025-05-22T11:00:06.361802,7300000000,2,80,code
"code: Explain what this code does:
def function_35(x): return x * 2",0.7,512,0,1747899119.3329282,2025-05-22T07:31:59.332934,0.25606587529182434,0.4090777337551117,Mistral-7B,2025-05-22T11:00:06.439448,7300000000,3,80,code
"news: 34 total views, 34 views today Share Us",0.7,512,0,1747899127.5640361,2025-05-22T07:32:07.564042,0.24653330445289612,0.3976617753505707,Mistral-7B,2025-05-22T11:00:06.517713,7300000000,4,80,news
news: That's something I'll never forget.,0.7,512,0,1747899136.2846437,2025-05-22T07:32:16.284649,0.2507345378398895,0.4013552963733673,Mistral-7B,2025-05-22T11:00:07.929782,7300000000,0,85,news
news: A number of dancers including New York City Ballet principal Russell Janzen will be acting as moving models.,0.7,512,0,1747899144.5708234,2025-05-22T07:32:24.570829,0.24198351800441742,0.39246073365211487,Mistral-7B,2025-05-22T11:00:08.024296,7300000000,1,85,news
"code: Explain what this code does:
def function_29(x): return x * 2",0.7,512,0,1747899152.1037745,2025-05-22T07:32:32.103780,0.2553879916667938,0.40836215019226074,Mistral-7B,2025-05-22T11:00:08.131534,7300000000,2,85,code
wiki: Education  Primary and secondary education  Public primary and secondary education in Alabama is under the purview of the Alabama State Board of Education as well as local oversight by 67 county school boards and 60 city boards of education.,0.7,512,0,1747899160.4469674,2025-05-22T07:32:40.446973,0.23917455971240997,0.38507845997810364,Mistral-7B,2025-05-22T11:00:08.213290,7300000000,3,85,wiki
wiki: About half of people in their 20s with autism are not employed.,0.7,512,0,1747899168.7063317,2025-05-22T07:32:48.706337,0.24531911313533783,0.3961745500564575,Mistral-7B,2025-05-22T11:00:08.293458,7300000000,4,85,wiki
news: Dumas even cheered up the name of the protagonist.,0.7,512,1,1747899148.8691845,2025-05-22T07:32:28.869190,0.20127373933792114,0.3701215088367462,Mistral-7B,2025-05-22T11:00:09.685179,7300000000,0,85,news
fiction: Cells are the basic unit of structure and function in all living organisms. Which describes the greatest difference between the cells of a baby gorilla and the cells of an adult gorilla? (Answer: A),0.7,512,1,1747899156.807889,2025-05-22T07:32:36.807895,0.21310631930828094,0.38569924235343933,Mistral-7B,2025-05-22T11:00:09.763380,7300000000,1,85,fiction
"wiki: A total of 387 schools, seven teachers' houses, and several vocational buildings were completed by 1937 in the state.",0.7,512,1,1747899165.0018349,2025-05-22T07:32:45.001840,0.19768352806568146,0.3602023720741272,Mistral-7B,2025-05-22T11:00:09.841385,7300000000,2,85,wiki
"wiki: Bakunin saw the state as meaning ""coercion, domination by means of coercion, camouflaged if possible but unceremonious and overt if need be.""",0.7,512,1,1747899173.1884606,2025-05-22T07:32:53.188466,0.1995161771774292,0.36470961570739746,Mistral-7B,2025-05-22T11:00:09.919055,7300000000,3,85,wiki
"wiki: After bitter disputes, the Bakuninists were expelled from the International by the Marxists at the 1872 Hague Congress.",0.7,512,1,1747899181.4686239,2025-05-22T07:33:01.468630,0.2018408477306366,0.368948757648468,Mistral-7B,2025-05-22T11:00:09.997251,7300000000,4,85,wiki
wiki: Legion Field is home of the UAB Blazers football program and the Birmingham Bowl.,0.7,512,0,1747899177.3857167,2025-05-22T07:32:57.385723,0.23800766468048096,0.3838280737400055,Mistral-7B,2025-05-22T11:00:11.377788,7300000000,0,90,wiki
news: 3.,0.7,512,0,1747899185.40817,2025-05-22T07:33:05.408175,0.2433958351612091,0.3927054703235626,Mistral-7B,2025-05-22T11:00:11.454955,7300000000,1,90,news
fiction: The composition of soil influences the soil's ability to retain and transmit water and air. What soil type would be best for planting a productive garden? (Answer: B),0.7,512,0,1747899191.4218142,2025-05-22T07:33:11.421821,0.2375682145357132,0.38376861810684204,Mistral-7B,2025-05-22T11:00:11.532755,7300000000,2,90,fiction
"wiki: History  The earliest certain ancestor of ""A"" is aleph (also written 'aleph), the first letter of the Phoenician alphabet, which consisted entirely of consonants (for that reason, it is also called an abjad to distinguish it from a true alphabet).",0.7,512,0,1747899200.2567925,2025-05-22T07:33:20.256799,0.23798683285713196,0.38481250405311584,Mistral-7B,2025-05-22T11:00:11.612570,7300000000,3,90,wiki
"wiki: Immigration from outside the U.S. resulted in a net increase of 31,180 people, and migration within the country produced a net gain of 73,811 people.",0.7,512,0,1747899204.4051855,2025-05-22T07:33:24.405192,0.23995700478553772,0.38687172532081604,Mistral-7B,2025-05-22T11:00:11.691823,7300000000,4,90,wiki
"news: Investigators now believe that four black males came from Atlanta to the Destin area on October 1, 2017, and rented two vehicles.",0.7,512,1,1747899190.914562,2025-05-22T07:33:10.914569,0.20063865184783936,0.3645845055580139,Mistral-7B,2025-05-22T11:00:13.099667,7300000000,0,90,news
wiki: Greater Birmingham is Alabama's largest metropolitan area and its economic center.,0.7,512,1,1747899197.8192956,2025-05-22T07:33:17.819301,0.21102039515972137,0.38244467973709106,Mistral-7B,2025-05-22T11:00:13.200558,7300000000,1,90,wiki
fiction: A fold observed in layers of sedimentary rock most likely resulted from the (Answer: B),0.7,512,1,1747899203.4979806,2025-05-22T07:33:23.497999,0.20782609283924103,0.37897348403930664,Mistral-7B,2025-05-22T11:00:13.286241,7300000000,2,90,fiction
"fiction: In the carbon cycle, carbon moves from reservoir to reservoir as various organic and inorganic processes occur on Earth. Only a small percentage of the global carbon is moved in this cycle each year. The remaining carbon is stored in these reservoirs. Which reservoir contains the greatest amount of stored carbon? (Answer: D)",0.7,512,1,1747899205.2114298,2025-05-22T07:33:25.211436,0.20966416597366333,0.3792000412940979,Mistral-7B,2025-05-22T11:00:13.371149,7300000000,3,90,fiction
news: San Francisco Ballet Honors Robbins Mysterious; romantic; witty; electrifying.,0.7,512,1,1747899217.003024,2025-05-22T07:33:37.003031,0.2065134346485138,0.377315491437912,Mistral-7B,2025-05-22T11:00:13.455259,7300000000,4,90,news
news: Balanchine included Shiryaev's original choreography in his Nutcracker.,0.7,512,0,1747899216.8861036,2025-05-22T07:33:36.886110,0.23587998747825623,0.3813674747943878,Mistral-7B,2025-05-22T11:00:14.878152,7300000000,0,95,news
"wiki: It has been established that vaccination is not a risk factor for autism and is not behind any increase in autism prevalence rates, if any change in the rate of autism exists at all.",0.7,512,0,1747899223.824708,2025-05-22T07:33:43.824714,0.2364034354686737,0.3813124895095825,Mistral-7B,2025-05-22T11:00:14.960268,7300000000,1,95,wiki
wiki: A smooth metallic sphere would have .,0.7,512,0,1747899226.4637692,2025-05-22T07:33:46.463775,0.23581446707248688,0.38064152002334595,Mistral-7B,2025-05-22T11:00:15.040837,7300000000,2,95,wiki
"code: Explain what this code does:
def function_89(x): return x * 2",0.7,512,0,1747899231.9242935,2025-05-22T07:33:51.924300,0.24858489632606506,0.39869579672813416,Mistral-7B,2025-05-22T11:00:15.151661,7300000000,3,95,code
fiction: An ice cube placed in sunlight melts quickly. Which BEST explains this event? (Answer: B),0.7,512,0,1747899235.1192703,2025-05-22T07:33:55.119277,0.24505072832107544,0.3947761356830597,Mistral-7B,2025-05-22T11:00:15.230927,7300000000,4,95,fiction
"wiki: In two of the studies, whose duration was 12 and 24 months, a significant improvement in ASD symptoms (efficacy rate 50%) was identified.",0.7,512,1,1747899226.3161664,2025-05-22T07:33:46.316173,0.2030705362558365,0.37096384167671204,Mistral-7B,2025-05-22T11:00:16.619698,7300000000,0,95,wiki
fiction: Which geologic process most likely led to the uplifting of the Rocky Mountains? (Answer: C),0.7,512,1,1747899234.7298114,2025-05-22T07:33:54.729817,0.21874704957008362,0.3952154517173767,Mistral-7B,2025-05-22T11:00:16.725421,7300000000,1,95,fiction
"news: Building a slide deck, pitch, or presentation?",0.7,512,1,1747899243.8087869,2025-05-22T07:34:03.808793,0.21283268928527832,0.38569310307502747,Mistral-7B,2025-05-22T11:00:16.818281,7300000000,2,95,news
"wiki: Since a direct connection from I-22 to I-422 will not be possible, I-222 has been proposed, as well.",0.7,512,1,1747899252.2902317,2025-05-22T07:34:12.290237,0.20129573345184326,0.3668610155582428,Mistral-7B,2025-05-22T11:00:16.899151,7300000000,3,95,wiki
"code: Explain what this code does:
def function_65(x): return x * 2",0.7,512,1,1747899260.696823,2025-05-22T07:34:20.696828,0.21722076833248138,0.3917272984981537,Mistral-7B,2025-05-22T11:00:16.977448,7300000000,4,95,code
"wiki: Unlike with autism, people with Asperger syndrome have no substantial delay in language development.",0.7,512,1,1747899270.6355963,2025-05-22T07:34:30.635603,0.21172897517681122,0.3845564126968384,Mistral-7B,2025-05-22T11:00:18.403370,7300000000,0,100,wiki
"wiki: Anarchism's emphasis on anti-capitalism, egalitarianism, and for the extension of community and individuality sets it apart from anarcho-capitalism and other types of economic libertarianism.",0.7,512,1,1747899279.1468384,2025-05-22T07:34:39.146844,0.19957150518894196,0.36385226249694824,Mistral-7B,2025-05-22T11:00:18.481824,7300000000,1,100,wiki
"wiki: The first anarchist currents developed throughout the 18th century as William Godwin espoused philosophical anarchism in England, morally delegitimising the state, Max Stirner's thinking paved the way to individualism and Pierre-Joseph Proudhon's theory of mutualism found fertile soil in France.",0.7,512,1,1747899287.7300649,2025-05-22T07:34:47.730071,0.22789165377616882,0.3792995512485504,Mistral-7B,2025-05-22T11:00:18.569778,7300000000,2,100,wiki
"news: ""It's a kind of otherworldly dream,"" says Wheater.",0.7,512,1,1747899296.0716414,2025-05-22T07:34:56.071647,0.22843214869499207,0.3795466125011444,Mistral-7B,2025-05-22T11:00:18.647453,7300000000,3,100,news
"wiki: Alabama's 67 county sheriffs are elected in partisan, at-large races, and Democrats still retain the narrow majority of those posts.",0.7,512,1,1747899304.4242878,2025-05-22T07:35:04.424294,0.22676415741443634,0.37546080350875854,Mistral-7B,2025-05-22T11:00:18.725398,7300000000,4,100,wiki
news: BDA alumni in American companies include San Francisco Ballet soloists Wei Wang and Wanting Zhao and ABT corps members Zhiyao Zhang and Xuelan Lu.,0.7,512,0,1747899242.658467,2025-05-22T07:34:02.658475,0.24074086546897888,0.39060869812965393,Mistral-7B,2025-05-22T11:00:20.116221,7300000000,0,100,news
wiki: Alabama's slaves were freed by the 13th Amendment in 1865.,0.7,512,0,1747899249.631063,2025-05-22T07:34:09.631069,0.25020429491996765,0.403783917427063,Mistral-7B,2025-05-22T11:00:20.204193,7300000000,1,100,wiki
"wiki: Indigenous animal species in the state include 62 mammal species, 93 reptile species, 73 amphibian species, roughly 307 native freshwater fish species, and 420 bird species that spend at least part of their year within the state.",0.7,512,0,1747899257.3902993,2025-05-22T07:34:17.390305,0.2432936131954193,0.3927881419658661,Mistral-7B,2025-05-22T11:00:20.280681,7300000000,2,100,wiki
fiction: Which of these do scientists offer as the most recent explanation as to why many plants and animals died out at the end of the Mesozoic era? (Answer: D),0.7,512,0,1747899265.4330623,2025-05-22T07:34:25.433068,0.24953611195087433,0.4011804759502411,Mistral-7B,2025-05-22T11:00:20.357007,7300000000,3,100,fiction
"fiction: Some animals are very rare. For example, there are very few Siberian tigers. If the only Siberian tigers left are female, what will most likely happen? (Answer: D)",0.7,512,0,1747899268.936137,2025-05-22T07:34:28.936143,0.24868741631507874,0.4005459249019623,Mistral-7B,2025-05-22T11:00:20.431525,7300000000,4,100,fiction
wiki: Both derive from the majuscule (capital) form.,0.7,512,1,1747899313.1770952,2025-05-22T07:35:13.177101,0.22748646140098572,0.37707987427711487,Mistral-7B,2025-05-22T11:00:21.822100,7300000000,0,105,wiki
"news: The research was truly enriching, because I realized how wonderful of a person he was as well, which dictates how we share his personal life onstage.",0.7,512,1,1747899320.950727,2025-05-22T07:35:20.950733,0.22958853840827942,0.3811677396297455,Mistral-7B,2025-05-22T11:00:21.925788,7300000000,1,105,news
wiki: It was the only state to allow judges to override jury decisions in whether or not to use a death sentence; in 10 cases judges overturned sentences of life imprisonment without parole that were voted unanimously by juries.,0.7,512,1,1747899329.3444653,2025-05-22T07:35:29.344471,0.2357773780822754,0.38877782225608826,Mistral-7B,2025-05-22T11:00:22.031182,7300000000,2,105,wiki
"wiki: In 2009, Bryant–Denny Stadium and Jordan-Hare Stadium became the homes of the Alabama High School Athletic Association state football championship games, after previously being held at Legion Field in Birmingham.",0.7,512,1,1747899336.7475958,2025-05-22T07:35:36.747602,0.22994008660316467,0.3794660270214081,Mistral-7B,2025-05-22T11:00:22.138041,7300000000,3,105,wiki
"wiki: JVC America, Inc. operates an optical disc replication and packaging plant in Tuscaloosa.",0.7,512,1,1747899344.811483,2025-05-22T07:35:44.811488,0.23123078048229218,0.38186466693878174,Mistral-7B,2025-05-22T11:00:22.241639,7300000000,4,105,wiki
wiki: Anarchist tactics have shifted during the course of the last century.,0.7,512,0,1747899276.6517847,2025-05-22T07:34:36.651791,0.24564029276371002,0.3957299292087555,Mistral-7B,2025-05-22T11:00:23.672967,7300000000,0,105,wiki
"wiki: In May 2007, German steelmaker ThyssenKrupp selected Calvert in Mobile County for a 4.65billion combined stainless and carbon steel processing facility.",0.7,512,0,1747899284.230195,2025-05-22T07:34:44.230201,0.23947633802890778,0.38761985301971436,Mistral-7B,2025-05-22T11:00:23.755026,7300000000,1,105,wiki
wiki: Some studies also find decreased earning among parents who care for autistic children.,0.7,512,0,1747899292.2687616,2025-05-22T07:34:52.268767,0.24202951788902283,0.3912293612957001,Mistral-7B,2025-05-22T11:00:23.832795,7300000000,2,105,wiki
fiction: A flowing stream contains water at 18°C. Cans of soft drinks at 28°C are lowered into the stream. Which of the following will most likely occur? (Answer: B),0.7,512,0,1747899300.4410982,2025-05-22T07:35:00.441104,0.24852342903614044,0.3997681140899658,Mistral-7B,2025-05-22T11:00:23.909323,7300000000,3,105,fiction
wiki: Collectivist anarchism is a revolutionary socialist form of anarchism commonly associated with Mikhail Bakunin.,0.7,512,0,1747899308.7169805,2025-05-22T07:35:08.716986,0.2508707046508789,0.4039512574672699,Mistral-7B,2025-05-22T11:00:23.989238,7300000000,4,105,wiki
wiki: The monument was removed in August 2003.,0.7,512,0,1747899310.6276004,2025-05-22T07:35:10.627606,0.2501070201396942,0.40334850549697876,Mistral-7B,2025-05-22T11:00:25.396722,7300000000,0,110,wiki
"wiki: There is tentative evidence that music therapy may improve social interactions, verbal communication, and non-verbal communication skills.",0.7,512,0,1747899313.9265418,2025-05-22T07:35:13.926549,0.24870383739471436,0.4007319509983063,Mistral-7B,2025-05-22T11:00:25.477479,7300000000,1,110,wiki
wiki: Their decrease in prevalence was the result of further judicial power and targeting and cataloging by state institutions.,0.7,512,0,1747899318.0130181,2025-05-22T07:35:18.013024,0.24380318820476532,0.3970426917076111,Mistral-7B,2025-05-22T11:00:25.580541,7300000000,2,110,wiki
"wiki: With the anarchists being crushed in Russia, two new antithetical currents emerged, namely platformism and synthesis anarchism.",0.7,512,0,1747899325.8311498,2025-05-22T07:35:25.831156,0.2385980635881424,0.3888873755931854,Mistral-7B,2025-05-22T11:00:25.670841,7300000000,3,110,wiki
"wiki: Local elections Many local offices (county commissioners, boards of education, tax assessors, tax collectors, etc.)",0.7,512,0,1747899331.3822644,2025-05-22T07:35:31.382270,0.24298636615276337,0.3922443687915802,Mistral-7B,2025-05-22T11:00:25.761256,7300000000,4,110,wiki
"news: Although many have won awards at international competitions, the school does not actively focus on competing.",0.7,512,1,1747899350.484972,2025-05-22T07:35:50.484978,0.2271951586008072,0.37468016147613525,Mistral-7B,2025-05-22T11:00:27.227061,7300000000,0,110,news
"fiction: Lactose intolerance is a condition of the digestive system in which an individual has an inability to digest lactose, the sugar found in milk. An individual affected with lactose intolerance does not produce enough of the enzyme lactase, which is needed to break down lactose. If more adults than children are diagnosed with lactose intolerance, what does this most likely suggest? (Answer: A)",0.7,512,1,1747899355.8295467,2025-05-22T07:35:55.829553,0.24508312344551086,0.40136849880218506,Mistral-7B,2025-05-22T11:00:27.320512,7300000000,1,110,fiction
"code: Explain what this code does:
def function_64(x): return x * 2",0.7,512,1,1747899362.7720673,2025-05-22T07:36:02.772073,0.24798552691936493,0.4052838981151581,Mistral-7B,2025-05-22T11:00:27.414973,7300000000,2,110,code
fiction: Which of the following is an example of a physical change? (Answer: B),0.7,512,1,1747899370.4719043,2025-05-22T07:36:10.471911,0.24620838463306427,0.40357521176338196,Mistral-7B,2025-05-22T11:00:27.520140,7300000000,3,110,fiction
"news: Fortunately, I was sent two devices, so I unplugged the first (a GS-16) and plugged in the second (a GS-64).",0.7,512,1,1747899378.5008469,2025-05-22T07:36:18.500853,0.2452874481678009,0.4034470319747925,Mistral-7B,2025-05-22T11:00:27.638586,7300000000,4,110,news
"wiki: In English grammar, ""a"", and its variant ""an"", is an indefinite article, used to introduce noun phrases.",0.7,512,0,1747899340.284971,2025-05-22T07:35:40.284976,0.25803864002227783,0.4150768220424652,Mistral-7B,2025-05-22T11:00:29.052007,7300000000,0,115,wiki
"fiction: After observing several dogs running, students ask the following question: Do dogs with long hair run faster than dogs with short hair? How can the students best answer their question? (Answer: B)",0.7,512,0,1747899347.797793,2025-05-22T07:35:47.797798,0.24920140206813812,0.40100252628326416,Mistral-7B,2025-05-22T11:00:29.144571,7300000000,1,115,fiction
"wiki: In China, small groups of students imported the humanistic pro-science version of anarcho-communism.",0.7,512,0,1747899357.1584222,2025-05-22T07:35:57.158428,0.23218655586242676,0.37869447469711304,Mistral-7B,2025-05-22T11:00:29.218799,7300000000,2,115,wiki
"code: Explain what this code does:
def function_5(x): return x * 2",0.7,512,0,1747899365.4745812,2025-05-22T07:36:05.474587,0.25719428062438965,0.4112604558467865,Mistral-7B,2025-05-22T11:00:29.293388,7300000000,3,115,code
"wiki: Peirce, Neal R. The Deep South States of America: People, Politics, and Power in the Seven Deep South States (1974).",0.7,512,0,1747899373.820807,2025-05-22T07:36:13.820812,0.24850428104400635,0.4019733965396881,Mistral-7B,2025-05-22T11:00:29.367598,7300000000,4,115,wiki
"news: OEMs like Meta, VIVE, Vuzix, and Picoare are already building on the XR1 platform, the release said.",0.7,512,1,1747899386.6167684,2025-05-22T07:36:26.616774,0.2303975224494934,0.381253182888031,Mistral-7B,2025-05-22T11:00:30.763966,7300000000,0,115,news
"wiki: In Basra, religious sects preached against the state.",0.7,512,1,1747899394.961208,2025-05-22T07:36:34.961213,0.2322397381067276,0.38407349586486816,Mistral-7B,2025-05-22T11:00:30.840336,7300000000,1,115,wiki
"news: Photo by Paul Kolnik, Courtesy NYCB.",0.7,512,1,1747899402.534459,2025-05-22T07:36:42.534465,0.24345135688781738,0.4005327522754669,Mistral-7B,2025-05-22T11:00:30.921989,7300000000,2,115,news
fiction: A toothpaste commercial states that a brand of toothpaste has a higher concentration of fluoride than any other toothpaste available. The commercial is most likely inferring that the advertised toothpaste (Answer: C),0.7,512,1,1747899406.4128165,2025-05-22T07:36:46.412822,0.24176600575447083,0.3979036808013916,Mistral-7B,2025-05-22T11:00:30.998285,7300000000,3,115,fiction
"code: Explain what this code does:
def function_48(x): return x * 2",0.7,512,1,1747899413.3129869,2025-05-22T07:36:53.312993,0.25190114974975586,0.41129589080810547,Mistral-7B,2025-05-22T11:00:31.099766,7300000000,4,115,code
wiki: Anarchism appears in English from 1642 as anarchisme and anarchy from 1539; early English usages emphasised a sense of disorder.,0.7,512,1,1747899421.326567,2025-05-22T07:37:01.326573,0.23146753013134003,0.38093096017837524,Mistral-7B,2025-05-22T11:00:32.499719,7300000000,0,120,wiki
news: We've pulled together some highlights.,0.7,512,1,1747899429.2380342,2025-05-22T07:37:09.238040,0.23104412853717804,0.38140028715133667,Mistral-7B,2025-05-22T11:00:32.592128,7300000000,1,120,news
"wiki: Jordan-Hare Stadium is the home field of the Auburn football team and seats up to 87,451.",0.7,512,1,1747899436.0864513,2025-05-22T07:37:16.086457,0.23788835108280182,0.39070969820022583,Mistral-7B,2025-05-22T11:00:32.679363,7300000000,2,120,wiki
"wiki: The Alabama Fever land rush was underway when the state was admitted to the Union, with settlers and land speculators pouring into the state to take advantage of fertile land suitable for cotton cultivation.",0.7,512,1,1747899445.204883,2025-05-22T07:37:25.204890,0.23750241100788116,0.3925584554672241,Mistral-7B,2025-05-22T11:00:32.765521,7300000000,3,120,wiki
"news: The Royal Swedish Ballet in Alexander Ekman's ""Midsummer Night's Dream.""",0.7,512,1,1747899452.931852,2025-05-22T07:37:32.931858,0.24251878261566162,0.3991161584854126,Mistral-7B,2025-05-22T11:00:32.852992,7300000000,4,120,news
"code: Explain what this code does:
def function_59(x): return x * 2",0.7,512,0,1747899380.3653367,2025-05-22T07:36:20.365343,0.25622645020484924,0.4107605516910553,Mistral-7B,2025-05-22T11:00:34.300419,7300000000,0,120,code
news: What are you most looking forward to in your new role?,0.7,512,0,1747899383.2845411,2025-05-22T07:36:23.284547,0.2576126158237457,0.41254177689552307,Mistral-7B,2025-05-22T11:00:34.384852,7300000000,1,120,news
fiction: Which land form is the result of the constructive force of a glacier? (Answer: B),0.7,512,0,1747899391.217939,2025-05-22T07:36:31.217945,0.2515656054019928,0.4041231870651245,Mistral-7B,2025-05-22T11:00:34.461246,7300000000,2,120,fiction
"wiki: The three GOP lieutenant governors are Steve Windom (1999–2003), Kay Ivey (2011–2017), and Will Ainsworth (2019–present).",0.7,512,0,1747899397.4313316,2025-05-22T07:36:37.431337,0.2480362206697464,0.40120887756347656,Mistral-7B,2025-05-22T11:00:34.540823,7300000000,3,120,wiki
"code: Explain what this code does:
def function_43(x): return x * 2",0.7,512,0,1747899406.5213046,2025-05-22T07:36:46.521310,0.255176842212677,0.4080096483230591,Mistral-7B,2025-05-22T11:00:34.657850,7300000000,4,120,code
wiki: Variation in summer albedo across both forest types is associated with maximum rates of photosynthesis because plants with high growth capacity display a greater fraction of their foliage for direct interception of incoming radiation in the upper canopy.,0.7,512,0,1747899416.0444324,2025-05-22T07:36:56.044439,0.24066562950611115,0.3907853364944458,Mistral-7B,2025-05-22T11:00:36.068031,7300000000,0,125,wiki
"code: Explain what this code does:
def function_87(x): return x * 2",0.7,512,0,1747899424.4753194,2025-05-22T07:37:04.475325,0.25667524337768555,0.4102799594402313,Mistral-7B,2025-05-22T11:00:36.176229,7300000000,1,125,code
wiki: Industrial development related to the demands of World War II brought a level of prosperity to the state not seen since before the civil war.,0.7,512,0,1747899432.8306558,2025-05-22T07:37:12.830661,0.24848738312721252,0.4027077555656433,Mistral-7B,2025-05-22T11:00:36.253805,7300000000,2,125,wiki
wiki: A historical current that arose and flourished during 1890 and 1920 within anarchism was free love.,0.7,512,0,1747899440.760978,2025-05-22T07:37:20.760984,0.23829053342342377,0.3860088586807251,Mistral-7B,2025-05-22T11:00:36.328538,7300000000,3,125,wiki
"fiction: Acid rain has a pH below 5.6. This rain can damage soil, lakes, crops, and buildings. Acid rain is caused by all of the following except (Answer: D)",0.7,512,0,1747899444.1033685,2025-05-22T07:37:24.103386,0.24514801800251007,0.39460673928260803,Mistral-7B,2025-05-22T11:00:36.402577,7300000000,4,125,fiction
"wiki: Terminology and distinction from schizophrenia  As late as the mid-1970s there was little evidence of a genetic role in autism, while in 2007 it was believed to be one of the most heritable psychiatric conditions.",0.7,512,1,1747899461.7743926,2025-05-22T07:37:41.774398,0.23938308656215668,0.39316198229789734,Mistral-7B,2025-05-22T11:00:37.799094,7300000000,0,125,wiki
"wiki: The way these hacktivists work to develop and distribute resembles the anarchist ideals, especially when it comes to preserving users' privacy from state surveillance.",0.7,512,1,1747899470.0151176,2025-05-22T07:37:50.015123,0.23257234692573547,0.38504213094711304,Mistral-7B,2025-05-22T11:00:37.875595,7300000000,1,125,wiki
wiki: The Marxist criticism of anarchism is that it has a utopian character because all individuals should have anarchist views and values.,0.7,512,1,1747899478.1880841,2025-05-22T07:37:58.188090,0.23332206904888153,0.38460421562194824,Mistral-7B,2025-05-22T11:00:37.952610,7300000000,2,125,wiki
"wiki: A 2018 review concluded that it may be a therapeutic option for specific groups of children with autism, such as those with known food intolerances or allergies, or with food intolerance markers.",0.7,512,1,1747899486.5089312,2025-05-22T07:38:06.508937,0.2282339483499527,0.37783515453338623,Mistral-7B,2025-05-22T11:00:38.028561,7300000000,3,125,wiki
"wiki: Among those who find work, most are employed in sheltered settings working for wages below the national minimum.",0.7,512,1,1747899493.4930832,2025-05-22T07:38:13.493089,0.2336045652627945,0.38580983877182007,Mistral-7B,2025-05-22T11:00:38.141341,7300000000,4,125,wiki
"news: Artists of the Ballet in rehearsal for ""Frame by Frame.""",0.7,512,1,1747899502.003847,2025-05-22T07:38:22.003853,0.22878578305244446,0.3779013156890869,Mistral-7B,2025-05-22T11:00:39.554849,7300000000,0,130,news
"news: ""GDPR closes all those gaps,"" he added.",0.7,512,1,1747899510.1839824,2025-05-22T07:38:30.183988,0.2250857800245285,0.37165653705596924,Mistral-7B,2025-05-22T11:00:39.636958,7300000000,1,130,news
wiki: Some authors suggest that automatic motor assessment could be useful to screen the children with ASD for instance with behavioural motor and emotionals reactions during smartphone watching.,0.7,512,1,1747899519.4641633,2025-05-22T07:38:39.464170,0.21774516999721527,0.36167511343955994,Mistral-7B,2025-05-22T11:00:39.715535,7300000000,2,130,wiki
"wiki: Epilepsy, with variations in risk of epilepsy due to age, cognitive level, and type of language disorder.",0.7,512,1,1747899528.516754,2025-05-22T07:38:48.516761,0.24077650904655457,0.39695048332214355,Mistral-7B,2025-05-22T11:00:39.794028,7300000000,3,130,wiki
news: Git is the largest revision control and collaboration system available for development.,0.7,512,1,1747899536.2241895,2025-05-22T07:38:56.224195,0.24156200885772705,0.39453738927841187,Mistral-7B,2025-05-22T11:00:39.872421,7300000000,4,130,news
"wiki: It has a seating capacity of 143,000 and is the thirteenth largest stadium in the world and sixth largest stadium in America.",0.7,512,0,1747899449.2626767,2025-05-22T07:37:29.262682,0.2487756609916687,0.40095028281211853,Mistral-7B,2025-05-22T11:00:41.292657,7300000000,0,130,wiki
wiki: Automakers accounted for approximately a third of the industrial expansion in the state in 2012.,0.7,512,0,1747899457.4645445,2025-05-22T07:37:37.464550,0.2504614591598511,0.4038991630077362,Mistral-7B,2025-05-22T11:00:41.374045,7300000000,1,130,wiki
wiki: Black anarchism began to take form at this time and influenced anarchism's move from a Eurocentric demographic.,0.7,512,0,1747899465.7299578,2025-05-22T07:37:45.729964,0.24244776368141174,0.39278748631477356,Mistral-7B,2025-05-22T11:00:41.450191,7300000000,2,130,wiki
fiction: Which of the following areas is most likely to form metamorphic rocks such as gneiss and schist? (Answer: C),0.7,512,0,1747899473.9841979,2025-05-22T07:37:53.984204,0.2584614157676697,0.4141349196434021,Mistral-7B,2025-05-22T11:00:41.536412,7300000000,3,130,fiction
"wiki: In general, higher IQs are correlated with greater responsiveness to treatment and improved treatment outcomes.",0.7,512,0,1747899482.1884463,2025-05-22T07:38:02.188453,0.2547491788864136,0.4099539518356323,Mistral-7B,2025-05-22T11:00:41.668514,7300000000,4,130,wiki
fiction: A plant that grows red flowers was crossed with the same kind of plant that grows white flowers. Their offspring grew pink flowers. Which best explains why the offspring grew pink flowers? (Answer: C),0.7,512,1,1747899541.8026178,2025-05-22T07:39:01.802627,0.23875734210014343,0.3920023441314697,Mistral-7B,2025-05-22T11:00:43.139753,7300000000,0,135,fiction
"wiki: Assassination attempts were carried out against heads of state, some of which were successful.",0.7,512,1,1747899547.015845,2025-05-22T07:39:07.015851,0.24106481671333313,0.39557793736457825,Mistral-7B,2025-05-22T11:00:43.219582,7300000000,1,135,wiki
"wiki: When seen from a distance, the ocean surface has a low albedo, as do most forests, whereas desert areas have some of the highest albedos among landforms.",0.7,512,1,1747899555.0972798,2025-05-22T07:39:15.097285,0.23431344330310822,0.38532063364982605,Mistral-7B,2025-05-22T11:00:43.295626,7300000000,2,135,wiki
fiction: A boat is acted on by a river current flowing north and by wind blowing on its sails. The boat travels northeast. In which direction is the wind most likely applying force to the sails of the boat? (Answer: B),0.7,512,1,1747899563.3971689,2025-05-22T07:39:23.397174,0.2392817586660385,0.39262324571609497,Mistral-7B,2025-05-22T11:00:43.374283,7300000000,3,135,fiction
"news: The two men entered the gas station after McNeight, one of them carrying a tire iron.",0.7,512,1,1747899571.6099668,2025-05-22T07:39:31.609972,0.23305362462997437,0.3855655789375305,Mistral-7B,2025-05-22T11:00:43.449707,7300000000,4,135,news
"news: He holds his hands towards his chest, indicating the sign for ""I.""",0.7,512,0,1747899490.8500512,2025-05-22T07:38:10.850056,0.24701733887195587,0.39916762709617615,Mistral-7B,2025-05-22T11:00:44.842413,7300000000,0,135,news
"code: Explain what this code does:
def function_68(x): return x * 2",0.7,512,0,1747899497.6731093,2025-05-22T07:38:17.673115,0.2589990198612213,0.41397231817245483,Mistral-7B,2025-05-22T11:00:44.918542,7300000000,1,135,code
wiki: These contributed to Congressional passage and enactment of the Civil Rights Act of 1964 and Voting Rights Act of 1965 by the U.S. Congress.,0.7,512,0,1747899505.9713793,2025-05-22T07:38:25.971386,0.25463491678237915,0.4106556475162506,Mistral-7B,2025-05-22T11:00:44.997581,7300000000,2,135,wiki
"news: Go is cool, Swift is nifty, but old-school Java keeps reinventing itself to power both yesterday's and tomorrow's applications.",0.7,512,0,1747899514.2019622,2025-05-22T07:38:34.201968,0.24521389603614807,0.395406574010849,Mistral-7B,2025-05-22T11:00:45.101932,7300000000,3,135,news
"wiki: Also, the Barber Motorsports Park has hosted IndyCar Series and Rolex Sports Car Series races.",0.7,512,0,1747899519.2996259,2025-05-22T07:38:39.299632,0.2484005242586136,0.4006332457065582,Mistral-7B,2025-05-22T11:00:45.176728,7300000000,4,135,wiki
news: The company is one of dozens of others honoring Robbins this year; last week we covered Cincinnati Ballet and New York Theatre Ballet.,0.7,512,0,1747899529.5066328,2025-05-22T07:38:49.506639,0.25457775592803955,0.41162553429603577,Mistral-7B,2025-05-22T11:00:46.594496,7300000000,0,140,news
"code: Explain what this code does:
def function_62(x): return x * 2",0.7,512,0,1747899533.6528356,2025-05-22T07:38:53.652841,0.26258203387260437,0.4198552966117859,Mistral-7B,2025-05-22T11:00:46.682877,7300000000,1,140,code
"wiki: Treatment approaches have little empirical support in quality-of-life contexts, and many programs focus on success measures that lack predictive validity and real-world relevance.",0.7,512,0,1747899542.5978713,2025-05-22T07:39:02.597878,0.24531102180480957,0.39744463562965393,Mistral-7B,2025-05-22T11:00:46.761200,7300000000,2,140,wiki
"code: Explain what this code does:
def function_51(x): return x * 2",0.7,512,0,1747899550.584799,2025-05-22T07:39:10.584805,0.2602177560329437,0.4158589541912079,Mistral-7B,2025-05-22T11:00:46.838206,7300000000,3,140,code
"wiki: Those free love movements contributed to the establishment of communal houses, where large groups of travelers, anarchists and other activists slept in beds together.",0.7,512,0,1747899558.8874662,2025-05-22T07:39:18.887472,0.2433045506477356,0.39481282234191895,Mistral-7B,2025-05-22T11:00:46.915253,7300000000,4,140,wiki
"news: This spring, The Joffrey Ballet will present the North American premiere of Alexander Ekman's Midsummer Night's Dream.",0.7,512,1,1747899580.338339,2025-05-22T07:39:40.338345,0.239802286028862,0.39399829506874084,Mistral-7B,2025-05-22T11:00:48.323583,7300000000,0,140,news
"news: I attempted to use the admin email/password I'd setup during the wizard, but that wouldn't work.",0.7,512,1,1747899588.4913633,2025-05-22T07:39:48.491368,0.22535306215286255,0.37230831384658813,Mistral-7B,2025-05-22T11:00:48.404247,7300000000,1,140,news
wiki: The former sought to create a coherent group that would push for revolution while the latter were against anything that would resemble a political party.,0.7,512,1,1747899596.6607916,2025-05-22T07:39:56.660797,0.24063566327095032,0.3994291424751282,Mistral-7B,2025-05-22T11:00:48.479358,7300000000,2,140,wiki
fiction: All of the following contain metric units of measurement except (Answer: C),0.7,512,1,1747899604.8039408,2025-05-22T07:40:04.803959,0.24328282475471497,0.39957666397094727,Mistral-7B,2025-05-22T11:00:48.564061,7300000000,3,140,fiction
"wiki: within anarcho-primitivism), and the democratic process may be sharply criticised within some anarchist tendencies and simultaneously lauded in others.",0.7,512,1,1747899613.087158,2025-05-22T07:40:13.087163,0.2424749732017517,0.40156811475753784,Mistral-7B,2025-05-22T11:00:48.639147,7300000000,4,140,wiki
"wiki: In the Alabama language, the word for a person of Alabama lineage is  (or variously  or  in different dialects; the plural form is ).",0.7,512,0,1747899567.6619449,2025-05-22T07:39:27.661950,0.23457284271717072,0.38060370087623596,Mistral-7B,2025-05-22T11:00:50.051733,7300000000,0,145,wiki
"wiki: Characteristics Autism is a highly variable neurodevelopmental disorder whose symptoms first appear during infancy or childhood, and generally follows a steady course without remission.",0.7,512,0,1747899575.920802,2025-05-22T07:39:35.920808,0.25194332003593445,0.4043056070804596,Mistral-7B,2025-05-22T11:00:50.134290,7300000000,1,145,wiki
"code: Explain what this code does:
def function_85(x): return x * 2",0.7,512,0,1747899584.1246114,2025-05-22T07:39:44.124617,0.2599999010562897,0.41541028022766113,Mistral-7B,2025-05-22T11:00:50.210228,7300000000,2,145,code
news: That was when McNeight called the BCSO to report the robbery.,0.7,512,0,1747899592.3213203,2025-05-22T07:39:52.321326,0.24549716711044312,0.39577287435531616,Mistral-7B,2025-05-22T11:00:50.286075,7300000000,3,145,news
news: SEE: IT project management: 10 ways to stay under budget (free PDF) (TechRepublic) Congratulations You now have your Trac system up and running.,0.7,512,0,1747899600.6192768,2025-05-22T07:40:00.619283,0.23900055885314941,0.38682904839515686,Mistral-7B,2025-05-22T11:00:50.362000,7300000000,4,145,news
news: He was paid $80 and was taken by the two men to Millville and left.,0.7,512,1,1747899621.8048415,2025-05-22T07:40:21.804847,0.23676761984825134,0.3909483850002289,Mistral-7B,2025-05-22T11:00:51.756355,7300000000,0,145,news
"news: It's an invaluable quality for a person to have, whether they continue to dance or end up doing other things.",0.7,512,1,1747899629.9277363,2025-05-22T07:40:29.927742,0.23387444019317627,0.3845203220844269,Mistral-7B,2025-05-22T11:00:51.840245,7300000000,1,145,news
"wiki: The state ranges in elevation from sea level at Mobile Bay to more than  in the northeast, to Mount Cheaha at .",0.7,512,1,1747899638.0834742,2025-05-22T07:40:38.083480,0.23285922408103943,0.38395628333091736,Mistral-7B,2025-05-22T11:00:51.916334,7300000000,2,145,wiki
"wiki: The uneven heating of Earth from albedo variations between land, ice, or ocean surfaces can drive weather.",0.7,512,1,1747899646.328459,2025-05-22T07:40:46.328465,0.2316242754459381,0.38220643997192383,Mistral-7B,2025-05-22T11:00:51.992333,7300000000,3,145,wiki
"wiki: This can take the form of disrupting and protesting against unjust hierarchy, or the form of self-managing their lives through the creation of counter-institutions such as communes and non-hierarchical collectives.",0.7,512,1,1747899654.6057649,2025-05-22T07:40:54.605771,0.23331394791603088,0.38614341616630554,Mistral-7B,2025-05-22T11:00:52.106625,7300000000,4,145,wiki
"wiki: Birmingham also serves as the headquarters for several large investment management companies, including Harbert Management Corporation.",0.7,512,0,1747899609.246524,2025-05-22T07:40:09.246530,0.2511915862560272,0.4033146798610687,Mistral-7B,2025-05-22T11:00:53.565658,7300000000,0,150,wiki
"wiki: Typographic variants  During Roman times, there were many variant forms of the letter ""A"".",0.7,512,0,1747899617.458938,2025-05-22T07:40:17.458943,0.24771273136138916,0.39931389689445496,Mistral-7B,2025-05-22T11:00:53.647981,7300000000,1,150,wiki
"wiki: Societal and cultural aspects of autism have developed: some in the community seek a cure, while others believe that autism is simply another way of being.",0.7,512,0,1747899625.6951208,2025-05-22T07:40:25.695127,0.2403135746717453,0.38933196663856506,Mistral-7B,2025-05-22T11:00:53.726439,7300000000,2,150,wiki
"wiki: As seen by anarchists, squatting is a way to regain urban space from the capitalist market, serving pragmatical needs and also being an exemplary direct action.",0.7,512,0,1747899633.9465206,2025-05-22T07:40:33.946526,0.23349715769290924,0.3788546323776245,Mistral-7B,2025-05-22T11:00:53.799956,7300000000,3,150,wiki
"wiki: The district's boundaries were roughly limited to the area within a few miles of the Tombigbee River and included portions of what is today southern Clarke County, northernmost Mobile County, and most of Washington County.",0.7,512,0,1747899642.1913655,2025-05-22T07:40:42.191371,0.23717603087425232,0.3853343427181244,Mistral-7B,2025-05-22T11:00:53.873828,7300000000,4,150,wiki
wiki: Many autistic people face significant obstacles in transitioning to adulthood.,0.7,512,1,1747899663.3441465,2025-05-22T07:41:03.344152,0.2413681596517563,0.39607104659080505,Mistral-7B,2025-05-22T11:00:55.285719,7300000000,0,150,wiki
fiction: An old T-shirt can be ripped into smaller pieces and used as rags. An empty milk jug can be used to water houseplants. Both of these are examples of how (Answer: D),0.7,512,1,1747899666.3285522,2025-05-22T07:41:06.328559,0.23626258969306946,0.388694703578949,Mistral-7B,2025-05-22T11:00:55.366427,7300000000,1,150,fiction
"code: Explain what this code does:
def function_22(x): return x * 2",0.7,512,1,1747899671.9867003,2025-05-22T07:41:11.986706,0.24867238104343414,0.4058274030685425,Mistral-7B,2025-05-22T11:00:55.442213,7300000000,2,150,code
"wiki: It is not known whether treatment programs for children lead to significant improvements after the children grow up, and the limited research on the effectiveness of adult residential programs shows mixed results.",0.7,512,1,1747899680.4166083,2025-05-22T07:41:20.416614,0.2330971509218216,0.38345080614089966,Mistral-7B,2025-05-22T11:00:55.517033,7300000000,3,150,wiki
"wiki: Snow Snow albedo is highly variable, ranging from as high as 0.9 for freshly fallen snow, to about 0.4 for melting snow, and as low as 0.2 for dirty snow.",0.7,512,1,1747899688.6544907,2025-05-22T07:41:28.654496,0.23925860226154327,0.39320287108421326,Mistral-7B,2025-05-22T11:00:55.629630,7300000000,4,150,wiki
wiki: The dismemberment of the French socialist movement into many groups and the execution and exile of many Communards to penal colonies following the suppression of the Paris Commune favoured individualist political expression and acts.,0.7,512,1,1747899697.3874774,2025-05-22T07:41:37.387484,0.22822901606559753,0.3800363540649414,Mistral-7B,2025-05-22T11:00:57.032074,7300000000,0,155,wiki
"wiki: The average albedo of the Earth from the upper atmosphere, its planetary albedo, is 30–35% because of cloud cover, but widely varies locally across the surface because of different geological and environmental features.",0.7,512,1,1747899705.618685,2025-05-22T07:41:45.618690,0.2267993688583374,0.37353092432022095,Mistral-7B,2025-05-22T11:00:57.125133,7300000000,1,155,wiki
"wiki: It was formally recognized by the state legislature on January 25, 1844.",0.7,512,1,1747899713.7537878,2025-05-22T07:41:53.753794,0.22734220325946808,0.37478235363960266,Mistral-7B,2025-05-22T11:00:57.212798,7300000000,2,155,wiki
"wiki: Small-scale effects Albedo works on a smaller scale, too.",0.7,512,1,1747899721.901429,2025-05-22T07:42:01.901434,0.22987914085388184,0.3791101574897766,Mistral-7B,2025-05-22T11:00:57.301146,7300000000,3,155,wiki
"wiki: Media  Major newspapers include Birmingham News, Mobile Press-Register, and Montgomery Advertiser.",0.7,512,1,1747899730.2063618,2025-05-22T07:42:10.206368,0.23293066024780273,0.38426244258880615,Mistral-7B,2025-05-22T11:00:57.389678,7300000000,4,155,wiki
"code: Explain what this code does:
def function_8(x): return x * 2",0.7,512,0,1747899650.8145585,2025-05-22T07:40:50.814564,0.2547426223754883,0.40726444125175476,Mistral-7B,2025-05-22T11:00:58.828686,7300000000,0,155,code
"news: Photo by Frederick Melton, Courtesy Dance Magazine Archives.",0.7,512,0,1747899658.9609053,2025-05-22T07:40:58.960911,0.24202051758766174,0.39172670245170593,Mistral-7B,2025-05-22T11:00:58.905893,7300000000,1,155,news
"wiki: According to the 2012 U.S. News & World Report, Alabama had four tier one universities (University of Alabama, Auburn University, University of Alabama at Birmingham and University of Alabama in Huntsville).",0.7,512,0,1747899667.812744,2025-05-22T07:41:07.812750,0.2510901689529419,0.4045375883579254,Mistral-7B,2025-05-22T11:00:58.980777,7300000000,2,155,wiki
"news: But for this one season, they're sharing the stage together.",0.7,512,0,1747899675.8046894,2025-05-22T07:41:15.804695,0.24253468215465546,0.392809122800827,Mistral-7B,2025-05-22T11:00:59.083010,7300000000,3,155,news
news: Willam Christensen (center) with his brothers Lew and Harold.,0.7,512,0,1747899684.2929785,2025-05-22T07:41:24.292984,0.24166639149188995,0.3916415870189667,Mistral-7B,2025-05-22T11:00:59.167860,7300000000,4,155,news
"wiki: In the 2000s, the number of autistic people worldwide was estimated at 1–2 per 1,000 people.",0.7,512,1,1747899738.8870087,2025-05-22T07:42:18.887015,0.235762819647789,0.3881970942020416,Mistral-7B,2025-05-22T11:01:00.642468,7300000000,0,160,wiki
wiki: They held on to old representation to maintain political and economic power in agricultural areas.,0.7,512,1,1747899746.825447,2025-05-22T07:42:26.825453,0.23468366265296936,0.38749414682388306,Mistral-7B,2025-05-22T11:01:00.745365,7300000000,1,160,wiki
"news: It offers degrees in performance, choreography and more.",0.7,512,1,1747899755.063644,2025-05-22T07:42:35.063650,0.23853352665901184,0.3908770680427551,Mistral-7B,2025-05-22T11:01:00.847021,7300000000,2,160,news
"code: Explain what this code does:
def function_88(x): return x * 2",0.7,512,1,1747899763.320301,2025-05-22T07:42:43.320307,0.24109144508838654,0.39374840259552,Mistral-7B,2025-05-22T11:01:00.948219,7300000000,3,160,code
fiction: Michael learned that the movement of Earth in the solar system causes changes that can be seen on the planet. Which change could be seen on Earth in the time it takes Earth to rotate once on its axis? (Answer: A),0.7,512,1,1747899771.5451925,2025-05-22T07:42:51.545198,0.23883961141109467,0.39328688383102417,Mistral-7B,2025-05-22T11:01:01.023339,7300000000,4,160,fiction
"wiki: Just as fresh snow has a higher albedo than does dirty snow, the albedo of snow-covered sea ice is far higher than that of sea water.",0.7,512,0,1747899693.0960839,2025-05-22T07:41:33.096090,0.24542003870010376,0.396403044462204,Mistral-7B,2025-05-22T11:01:02.404807,7300000000,0,160,wiki
"wiki: Contemporary-era anarchists have been engaging with various grassroots movements that are more or less based on horizontalism, although not explicitly anarchist, respecting personal autonomy and participating in mass activism such as strikes and demonstrations.",0.7,512,0,1747899701.4186506,2025-05-22T07:41:41.418656,0.23343457281589508,0.379052072763443,Mistral-7B,2025-05-22T11:01:02.485037,7300000000,1,160,wiki
"wiki: From 1826 to 1846, Tuscaloosa served as Alabama's capital.",0.7,512,0,1747899709.6134903,2025-05-22T07:41:49.613496,0.24531736969947815,0.3948366940021515,Mistral-7B,2025-05-22T11:01:02.580103,7300000000,2,160,wiki
"news: ""People often have Post-it notes on monitors with passwords on them.""",0.7,512,0,1747899717.841297,2025-05-22T07:41:57.841303,0.24493029713630676,0.3945651650428772,Mistral-7B,2025-05-22T11:01:02.666741,7300000000,3,160,news
"wiki: Anarchism has continued to generate many philosophies and movements, at times eclectic, drawing upon various sources and combining disparate concepts to create new philosophical approaches.",0.7,512,0,1747899726.1006725,2025-05-22T07:42:06.100678,0.2298985719680786,0.3728778064250946,Mistral-7B,2025-05-22T11:01:02.746748,7300000000,4,160,wiki
"wiki: About three-fifths of the land area is part of the Gulf Coastal Plain, a gentle plain with a general descent towards the Mississippi River and the Gulf of Mexico.",0.7,512,1,1747899779.6768653,2025-05-22T07:42:59.676872,0.23706698417663574,0.390892893075943,Mistral-7B,2025-05-22T11:01:04.127101,7300000000,0,165,wiki
wiki: The presence of autism can make it harder to diagnose coexisting psychiatric disorders such as depression.,0.7,512,1,1747899787.9086223,2025-05-22T07:43:07.908628,0.24579446017742157,0.40365585684776306,Mistral-7B,2025-05-22T11:01:04.204675,7300000000,1,165,wiki
"wiki: Jewish denominations in the state include two Orthodox, four Conservative, ten Reform, and one Humanistic synagogue.",0.7,512,1,1747899796.1982048,2025-05-22T07:43:16.198210,0.24637053906917572,0.40470758080482483,Mistral-7B,2025-05-22T11:01:04.276495,7300000000,2,165,wiki
"news: The team will be responsible for the day-to-day artistic needs of the company including scheduling, casting and conducting rehearsals.",0.7,512,1,1747899804.3050394,2025-05-22T07:43:24.305044,0.24214524030685425,0.39882609248161316,Mistral-7B,2025-05-22T11:01:04.348481,7300000000,3,165,news
wiki: WPA Guide to Alabama (1939).,0.7,512,1,1747899812.5767004,2025-05-22T07:43:32.576706,0.24073022603988647,0.39743831753730774,Mistral-7B,2025-05-22T11:01:04.421298,7300000000,4,165,wiki
"news: After both of the above commands, you'll be prompted to type (and confirm) a password.",0.7,512,0,1747899734.8362935,2025-05-22T07:42:14.836299,0.23911656439304352,0.38639479875564575,Mistral-7B,2025-05-22T11:01:05.805538,7300000000,0,165,news
"wiki: The company wore new uniforms with yellow trim on the sleeves, collar and coattails.",0.7,512,0,1747899743.0431597,2025-05-22T07:42:23.043166,0.24264708161354065,0.39273563027381897,Mistral-7B,2025-05-22T11:01:05.901827,7300000000,1,165,wiki
"news: But Petipa fell ill while choreographing The Nutcracker and handed his duties over to his assistant, Lev Ivanov.",0.7,512,0,1747899751.1290164,2025-05-22T07:42:31.129022,0.2431066334247589,0.3920055329799652,Mistral-7B,2025-05-22T11:01:06.006127,7300000000,2,165,news
"news: I wanted to be someone that the young dancers could look up to; I wanted to reach out and connect to them more, and to offer support and advice.",0.7,512,0,1747899759.3811927,2025-05-22T07:42:39.381198,0.23809543251991272,0.38449281454086304,Mistral-7B,2025-05-22T11:01:06.120057,7300000000,3,165,news
news: Plug the device into your network (you'll need a Cat5 cable).,0.7,512,0,1747899767.5701628,2025-05-22T07:42:47.570168,0.25059622526168823,0.402031809091568,Mistral-7B,2025-05-22T11:01:06.226096,7300000000,4,165,news
wiki: Such a dark surface is thought to be indicative of a primitive and heavily space weathered surface containing some organic compounds.,0.7,512,1,1747899821.276636,2025-05-22T07:43:41.276641,0.2296973168849945,0.3812601864337921,Mistral-7B,2025-05-22T11:01:07.637579,7300000000,0,170,wiki
wiki: The notion of free love was much broader and included a critique of the established order that limited women's sexual freedom and pleasure.,0.7,512,1,1747899823.5285883,2025-05-22T07:43:43.528594,0.23408184945583344,0.3860110640525818,Mistral-7B,2025-05-22T11:01:07.729371,7300000000,1,170,wiki
fiction: Scientists who disagree with the results of an experiment should (Answer: D),0.7,512,1,1747899827.3343034,2025-05-22T07:43:47.334309,0.238909512758255,0.3920477330684662,Mistral-7B,2025-05-22T11:01:07.803034,7300000000,2,170,fiction
"code: Explain what this code does:
def function_91(x): return x * 2",0.7,512,1,1747899831.1845345,2025-05-22T07:43:51.184540,0.2427884042263031,0.39657628536224365,Mistral-7B,2025-05-22T11:01:07.876525,7300000000,3,170,code
wiki: There has been a significant movement to rewrite and modernize Alabama's constitution.,0.7,512,1,1747899839.5328074,2025-05-22T07:43:59.532814,0.2379947304725647,0.39117348194122314,Mistral-7B,2025-05-22T11:01:07.949862,7300000000,4,170,wiki
"code: Explain what this code does:
def function_99(x): return x * 2",0.7,512,0,1747899776.196369,2025-05-22T07:42:56.196374,0.2571614980697632,0.41111743450164795,Mistral-7B,2025-05-22T11:01:09.388328,7300000000,0,170,code
fiction: The gravitational force exerted by an object depends on its (Answer: C),0.7,512,0,1747899784.1192794,2025-05-22T07:43:04.119286,0.2600996196269989,0.41724640130996704,Mistral-7B,2025-05-22T11:01:09.466527,7300000000,1,170,fiction
news: We had the chance to talk to the thoughtful and eloquent dancer about her time with the company and goals for the future.,0.7,512,0,1747899792.238887,2025-05-22T07:43:12.238893,0.2430732399225235,0.39386671781539917,Mistral-7B,2025-05-22T11:01:09.545996,7300000000,2,170,news
"news: Hoffmann, a German writer, penned the eerie and dark tale ""Nutcracker and Mouse King"" in 1816.",0.7,512,0,1747899800.2035496,2025-05-22T07:43:20.203556,0.24517394602298737,0.3943541944026947,Mistral-7B,2025-05-22T11:01:09.624596,7300000000,3,170,news
wiki: It is diagnosed four to five times more often in males than females.,0.7,512,0,1747899808.3929899,2025-05-22T07:43:28.392995,0.2569861114025116,0.41296347975730896,Mistral-7B,2025-05-22T11:01:09.703326,7300000000,4,170,wiki
"fiction: New engine technology has helped cars get more mileage per gallon of gas. Since gasoline comes from oil, this technology will affect the world supply of oil by (Answer: D)",0.7,512,0,1747899817.1310463,2025-05-22T07:43:37.131052,0.24593856930732727,0.39632120728492737,Mistral-7B,2025-05-22T11:01:11.121249,7300000000,0,175,fiction
wiki: A Literary History of Alabama: The Nineteenth Century (1979).,0.7,512,0,1747899818.5088553,2025-05-22T07:43:38.508861,0.2453463077545166,0.39650604128837585,Mistral-7B,2025-05-22T11:01:11.196395,7300000000,1,175,wiki
wiki: References  External links    1910s neologisms Articles containing video clips Communication disorders Neurological disorders in children Pervasive developmental disorders Wikipedia medicine articles ready to translate,0.7,512,0,1747899826.521455,2025-05-22T07:43:46.521461,0.23286622762680054,0.3806348145008087,Mistral-7B,2025-05-22T11:01:11.269015,7300000000,2,175,wiki
"wiki: The oldest institutions are the public University of North Alabama in Florence and the Catholic Church-affiliated Spring Hill College in Mobile, both founded in 1830.",0.7,512,0,1747899827.9596703,2025-05-22T07:43:47.959677,0.2390144318342209,0.38968199491500854,Mistral-7B,2025-05-22T11:01:11.343165,7300000000,3,175,wiki
"wiki: Similar to other former slave states, Alabamian legislators employed Jim Crow laws to disenfranchise and discriminate against African Americans from the late 19th century up until the 1960s.",0.7,512,0,1747899835.5952866,2025-05-22T07:43:55.595292,0.2431255429983139,0.39302369952201843,Mistral-7B,2025-05-22T11:01:11.443249,7300000000,4,175,wiki
news: Click here to subscribe to the TechRepublic Cybersecurity Insider newsletter.,0.7,512,1,1747899848.3244581,2025-05-22T07:44:08.324464,0.24202334880828857,0.396363765001297,Mistral-7B,2025-05-22T11:01:12.842510,7300000000,0,175,news
wiki: It was a notable feature of the international syndicalism movement.,0.7,512,1,1747899849.7004957,2025-05-22T07:44:09.700502,0.2365693300962448,0.3903602063655853,Mistral-7B,2025-05-22T11:01:12.917954,7300000000,1,175,wiki
"news: ""The kind of information that can be disclosed via email should be spelled out very clearly,"" he added.",0.7,512,1,1747899853.871252,2025-05-22T07:44:13.871258,0.2363540381193161,0.38935011625289917,Mistral-7B,2025-05-22T11:01:12.993636,7300000000,2,175,news
"code: Explain what this code does:
def function_45(x): return x * 2",0.7,512,1,1747899861.2672038,2025-05-22T07:44:21.267209,0.24636894464492798,0.4020324945449829,Mistral-7B,2025-05-22T11:01:13.094177,7300000000,3,175,code
"code: Explain what this code does:
def function_60(x): return x * 2",0.7,512,1,1747899869.2516608,2025-05-22T07:44:29.251666,0.2488197684288025,0.40605100989341736,Mistral-7B,2025-05-22T11:01:13.170368,7300000000,4,175,code
"news: As a result, preparation is intense.",0.7,512,1,1747899877.8550196,2025-05-22T07:44:37.855025,0.22709205746650696,0.3774915039539337,Mistral-7B,2025-05-22T11:01:13.986789,7300000000,0,180,news
news: Were you familiar with McLaren's work before this project?,0.7,512,1,1747899886.3324206,2025-05-22T07:44:46.332426,0.2419811189174652,0.3967086374759674,Mistral-7B,2025-05-22T11:01:14.074350,7300000000,1,180,news
wiki: Communication About one third to half of autistic people do not develop enough natural speech to meet their daily communication needs.,0.7,512,1,1747899894.709547,2025-05-22T07:44:54.709553,0.23210087418556213,0.38185763359069824,Mistral-7B,2025-05-22T11:01:14.157952,7300000000,2,180,wiki
"news: Redmonk, in its latest Q1 2018 survey, says Java is the second-most popular language after JavaScript among developers.",0.7,512,1,1747899903.266276,2025-05-22T07:45:03.266281,0.23529969155788422,0.3846939504146576,Mistral-7B,2025-05-22T11:01:14.233315,7300000000,3,180,news
"news: Over the next decade, the company toured the ballet extensively, exposing it to audiences nationwide.",0.7,512,1,1747899911.5841088,2025-05-22T07:45:11.584115,0.23620790243148804,0.3876948654651642,Mistral-7B,2025-05-22T11:01:14.309128,7300000000,4,180,news
"wiki: Evolutionary tactics embrace nonviolence, reject violence and take a gradual approach to anarchist aims, although there is significant overlap between the two.",0.7,512,0,1747899844.1882021,2025-05-22T07:44:04.188208,0.23242323100566864,0.3774125874042511,Mistral-7B,2025-05-22T11:01:15.702760,7300000000,0,180,wiki
"code: Explain what this code does:
def function_42(x): return x * 2",0.7,512,0,1747899852.3940256,2025-05-22T07:44:12.394031,0.25137948989868164,0.40281999111175537,Mistral-7B,2025-05-22T11:01:15.779450,7300000000,1,180,code
"fiction: Two students are asked to make a chart on the electromagnetic spectrum. Reading left to right, one student's chart shows the spectrum from gamma rays to radio waves, while the other student's chart shows the opposite. If the teacher says that both charts are correct, then (Answer: B)",0.7,512,0,1747899856.3691156,2025-05-22T07:44:16.369121,0.24047769606113434,0.3874005377292633,Mistral-7B,2025-05-22T11:01:15.855829,7300000000,2,180,fiction
news: I was unable to login with that user.,0.7,512,0,1747899864.7344892,2025-05-22T07:44:24.734494,0.24841393530368805,0.39815765619277954,Mistral-7B,2025-05-22T11:01:15.933697,7300000000,3,180,news
wiki: Other changes were made to implement representative state house and senate districts.,0.7,512,0,1747899872.9970992,2025-05-22T07:44:32.997105,0.2502259612083435,0.4055657684803009,Mistral-7B,2025-05-22T11:01:16.006566,7300000000,4,180,wiki
"code: Explain what this code does:
def function_17(x): return x * 2",0.7,512,1,1747899919.8624659,2025-05-22T07:45:19.862471,0.24914447963237762,0.40649914741516113,Mistral-7B,2025-05-22T11:01:16.499454,7300000000,0,185,code
fiction: Corn is widely being used in the United States to make ethanol for use in automobile fuel. How might the overproduction of corn negatively affect the environment? (Answer: A),0.7,512,1,1747899928.2184577,2025-05-22T07:45:28.218463,0.2431759089231491,0.39886754751205444,Mistral-7B,2025-05-22T11:01:16.593332,7300000000,1,185,fiction
wiki: Anarchy Archives is an online research center on the history and theory of anarchism.,0.7,512,1,1747899937.3397622,2025-05-22T07:45:37.339769,0.2417360544204712,0.39668816328048706,Mistral-7B,2025-05-22T11:01:16.666920,7300000000,2,185,wiki
"code: Explain what this code does:
def function_39(x): return x * 2",0.7,512,1,1747899943.932193,2025-05-22T07:45:43.932199,0.2495369017124176,0.40733733773231506,Mistral-7B,2025-05-22T11:01:16.742946,7300000000,3,185,code
"code: Explain what this code does:
def function_27(x): return x * 2",0.7,512,1,1747899947.7711048,2025-05-22T07:45:47.771111,0.24865056574344635,0.4060845673084259,Mistral-7B,2025-05-22T11:01:16.822323,7300000000,4,185,code
fiction: Which of the following is a trait that a dog does NOT inherit from its parents? (Answer: C),0.7,512,0,1747899881.9891307,2025-05-22T07:44:41.989137,0.24809888005256653,0.3990398049354553,Mistral-7B,2025-05-22T11:01:18.237019,7300000000,0,185,fiction
fiction: Which planet has the longest planetary year? (Answer: D),0.7,512,0,1747899883.798964,2025-05-22T07:44:43.798970,0.24804043769836426,0.398561030626297,Mistral-7B,2025-05-22T11:01:18.322969,7300000000,1,185,fiction
"news: Installation The installation isn't terribly challenging, but does require a bit of typing.",0.7,512,0,1747899891.3499308,2025-05-22T07:44:51.349936,0.24569468200206757,0.39539310336112976,Mistral-7B,2025-05-22T11:01:18.398508,7300000000,2,185,news
"wiki: In Reynolds v. Sims (1964), the U.S. Supreme Court implemented the principle of ""one man, one vote"", ruling that congressional districts had to be reapportioned based on censuses (as the state already included in its constitution but had not implemented.)",0.7,512,0,1747899899.7054763,2025-05-22T07:44:59.705481,0.2404317706823349,0.3884853720664978,Mistral-7B,2025-05-22T11:01:18.471327,7300000000,3,185,wiki
"wiki: According to an article, failure to meet any of the following milestones ""is an absolute indication to proceed with further evaluations.",0.7,512,0,1747899907.75523,2025-05-22T07:45:07.755235,0.23933571577072144,0.3883092999458313,Mistral-7B,2025-05-22T11:01:18.549104,7300000000,4,185,wiki
wiki: Belief in political nihilism has been espoused by anarchists.,0.7,512,1,1747899956.7008345,2025-05-22T07:45:56.700840,0.24003413319587708,0.3946586549282074,Mistral-7B,2025-05-22T11:01:19.595022,7300000000,0,190,wiki
"wiki: Anarchists reject this criticism because challenging or disobeying authority does not entail the disappearance of its advantages by acknowledging authority such as doctors or lawyers as reliable, nor does it involve a complete surrender of independent judgment.",0.7,512,1,1747899965.1129105,2025-05-22T07:46:05.112916,0.23819078505039215,0.39511430263519287,Mistral-7B,2025-05-22T11:01:19.693935,7300000000,1,190,wiki
"wiki: Most professionals believe that race, ethnicity, and socioeconomic background do not affect the occurrence of autism.",0.7,512,1,1747899973.3732936,2025-05-22T07:46:13.373299,0.24358533322811127,0.40065285563468933,Mistral-7B,2025-05-22T11:01:19.812113,7300000000,2,190,wiki
"wiki: In response to their expulsion from the First International, anarchists formed the St. Imier International.",0.7,512,1,1747899977.0419743,2025-05-22T07:46:17.041980,0.2467605620622635,0.40626469254493713,Mistral-7B,2025-05-22T11:01:19.913455,7300000000,3,190,wiki
"news: Although initially not forthcoming about the true circumstances surrounding the robbery, McNeight eventually told investigators how he got the money.",0.7,512,1,1747899984.5216205,2025-05-22T07:46:24.521626,0.2319032847881317,0.3826269507408142,Mistral-7B,2025-05-22T11:01:20.015017,7300000000,4,190,news
news: An open Java The one thing everyone agrees about Java is that it's imperfect.,0.7,512,0,1747899916.3908834,2025-05-22T07:45:16.390889,0.24668745696544647,0.3963305354118347,Mistral-7B,2025-05-22T11:01:20.580289,7300000000,0,190,news
"fiction: Franklin wants to know how fast he runs different distances. He uses a stopwatch to measure the time it takes him to complete a 50-meter, 100-meter, and 200-meter race. How can he calculate his speed for each race? (Answer: B)",0.7,512,0,1747899924.5497673,2025-05-22T07:45:24.549773,0.25879451632499695,0.4147665500640869,Mistral-7B,2025-05-22T11:01:20.666321,7300000000,1,190,fiction
"wiki: The record low of  occurred on January 30, 1966, in New Market.",0.7,512,0,1747899932.6099718,2025-05-22T07:45:32.609978,0.2557528018951416,0.4116630554199219,Mistral-7B,2025-05-22T11:01:20.742615,7300000000,2,190,wiki
"wiki: A 2016 survey in the United States reported a rate of 25 per 1,000 children for ASD.",0.7,512,0,1747899937.2045436,2025-05-22T07:45:37.204549,0.25481247901916504,0.4104048013687134,Mistral-7B,2025-05-22T11:01:20.820259,7300000000,3,190,wiki
"code: Explain what this code does:
def function_47(x): return x * 2",0.7,512,0,1747899945.737194,2025-05-22T07:45:45.737200,0.2595006227493286,0.4146725833415985,Mistral-7B,2025-05-22T11:01:20.895825,7300000000,4,190,code
"wiki: While it advocates for no-one to archiei, if accepted by the many, then anarchism would turn into the ruling political theory.",0.7,512,0,1747899953.5014763,2025-05-22T07:45:53.501482,0.2442891150712967,0.39578065276145935,Mistral-7B,2025-05-22T11:01:22.074128,7300000000,0,195,wiki
"wiki: Anarchism employs a diversity of tactics in order to meet its ideal ends which can be broadly separated into revolutionary and evolutionary tactics; there is significant overlap between the two, which are merely descriptive.",0.7,512,0,1747899961.5378213,2025-05-22T07:46:01.537827,0.2390541434288025,0.38586747646331787,Mistral-7B,2025-05-22T11:01:22.154147,7300000000,1,195,wiki
"wiki: The Internet has helped autistic individuals bypass nonverbal cues and emotional sharing that they find difficult to deal with, and has given them a way to form online communities and work remotely.",0.7,512,0,1747899969.6112225,2025-05-22T07:46:09.611228,0.24887681007385254,0.4009339511394501,Mistral-7B,2025-05-22T11:01:22.227375,7300000000,2,195,wiki
wiki: Alabama ranks ninth in the number of deaths from lightning and tenth in the number of deaths from lightning strikes per capita.,0.7,512,0,1747899971.015358,2025-05-22T07:46:11.015364,0.2517087459564209,0.4045768082141876,Mistral-7B,2025-05-22T11:01:22.301331,7300000000,3,195,wiki
fiction: A company is designing a new laptop computer. The computer must not exceed a certain weight. Which of the following is the most likely reason to have a weight restriction for the computer? (Answer: C),0.7,512,0,1747899979.3514564,2025-05-22T07:46:19.351462,0.24946653842926025,0.40064093470573425,Mistral-7B,2025-05-22T11:01:22.390550,7300000000,4,195,fiction
"news: Through this new Jakarta EE Working Group process, we should see big Java EE vendors like IBM, Red Hat, and Oracle working within the open processes of the Eclipse Foundation with smaller vendors like Tomitribe and Payara.",0.7,512,1,1747899992.567064,2025-05-22T07:46:32.567070,0.22485043108463287,0.37007132172584534,Mistral-7B,2025-05-22T11:01:23.648542,7300000000,0,195,news
"news: That being the case, what do you do?",0.7,512,1,1747899999.7420368,2025-05-22T07:46:39.742042,0.24119165539741516,0.3945406675338745,Mistral-7B,2025-05-22T11:01:23.733167,7300000000,1,195,news
"wiki: Tokyo was a hotspot for rebellious youth from countries of the far east, travelling to the Japanese capital to study.",0.7,512,1,1747900007.9355981,2025-05-22T07:46:47.935604,0.22765234112739563,0.375259667634964,Mistral-7B,2025-05-22T11:01:23.808161,7300000000,2,195,wiki
news: Subscribe Also see,0.7,512,1,1747900015.8207107,2025-05-22T07:46:55.820716,0.23874737322330475,0.3919081389904022,Mistral-7B,2025-05-22T11:01:23.883204,7300000000,3,195,news
"news: Now click on the Repositories entry in the left navigation, click the Create button, give the repository a name, and click Submit.",0.7,512,1,1747900024.1805067,2025-05-22T07:47:04.180512,0.22941026091575623,0.37661781907081604,Mistral-7B,2025-05-22T11:01:23.958781,7300000000,4,195,news
"code: Explain what this code does:
def function_86(x): return x * 2",0.7,512,0,1747899987.1610124,2025-05-22T07:46:27.161017,0.2583128809928894,0.4133189618587494,Mistral-7B,2025-05-22T11:01:25.337225,7300000000,0,200,code
"wiki: Sleep problems are associated with difficult behaviors and family stress, and are often a focus of clinical attention over and above the primary ASD diagnosis.",0.7,512,0,1747899995.5806756,2025-05-22T07:46:35.580681,0.24680182337760925,0.3989459276199341,Mistral-7B,2025-05-22T11:01:25.411748,7300000000,1,200,wiki
"wiki: Due to measurement constraints, it is often given for the spectrum in which most solar energy reaches the surface (between 0.3 and 3 μm).",0.7,512,0,1747900003.7464652,2025-05-22T07:46:43.746470,0.24042955040931702,0.3882322609424591,Mistral-7B,2025-05-22T11:01:25.484207,7300000000,2,200,wiki
"code: Explain what this code does:
def function_73(x): return x * 2",0.7,512,0,1747900011.4311142,2025-05-22T07:46:51.431120,0.2589806318283081,0.41415876150131226,Mistral-7B,2025-05-22T11:01:25.572455,7300000000,3,200,code
wiki: One example of this massive influx of workers occurred in Mobile.,0.7,512,0,1747900019.905942,2025-05-22T07:46:59.905948,0.2470790445804596,0.39875027537345886,Mistral-7B,2025-05-22T11:01:25.645888,7300000000,4,200,wiki
"news: Trac can be used as a wiki, a project management system, and for tracking bugs in software development.",0.7,512,1,1747900033.0452,2025-05-22T07:47:13.045206,0.24005478620529175,0.39378300309181213,Mistral-7B,2025-05-22T11:01:26.756566,7300000000,0,200,news
"wiki: Minorities usually accept rough consensus, except when they feel the proposal contradicts anarchist ethics, goals and values.",0.7,512,1,1747900040.5475638,2025-05-22T07:47:20.547569,0.23062001168727875,0.38069337606430054,Mistral-7B,2025-05-22T11:01:26.842151,7300000000,1,200,wiki
"wiki: The scattering of radiation causes atmospheric cooling, whereas absorption can cause atmospheric warming.",0.7,512,1,1747900048.4853141,2025-05-22T07:47:28.485319,0.23798373341560364,0.3916930854320526,Mistral-7B,2025-05-22T11:01:26.926842,7300000000,2,200,wiki
"wiki: Organized insurgent, resistance groups tried to suppress the freedmen and Republicans.",0.7,512,1,1747900056.195573,2025-05-22T07:47:36.195579,0.23374076187610626,0.3864411413669586,Mistral-7B,2025-05-22T11:01:27.012441,7300000000,3,200,wiki
"news: Photo by Alexander Iziliaev, Courtesy Nevada Ballet Theatre.",0.7,512,1,1747900064.2311606,2025-05-22T07:47:44.231166,0.23837518692016602,0.3928563892841339,Mistral-7B,2025-05-22T11:01:27.130727,7300000000,4,200,news
"code: Explain what this code does:
def function_95(x): return x * 2",0.7,512,0,1747900028.8184485,2025-05-22T07:47:08.818454,0.2614806592464447,0.4177602529525757,Mistral-7B,2025-05-22T11:01:28.583134,7300000000,0,205,code
"code: Explain what this code does:
def function_63(x): return x * 2",0.7,512,0,1747900035.4025288,2025-05-22T07:47:15.402534,0.26004114747047424,0.4155724048614502,Mistral-7B,2025-05-22T11:01:28.661589,7300000000,1,205,code
"wiki: Because the behavior spectrum is continuous, boundaries between diagnostic categories are necessarily somewhat arbitrary.",0.7,512,0,1747900043.7271,2025-05-22T07:47:23.727105,0.2510499060153961,0.40440842509269714,Mistral-7B,2025-05-22T11:01:28.733627,7300000000,2,205,wiki
fiction: Stars are often classified by their apparent brightness in the nighttime sky. Stars can also be classified in many other ways. Which of these is least useful in classifying stars? (Answer: C),0.7,512,0,1747900051.1525397,2025-05-22T07:47:31.152545,0.25209173560142517,0.40416058897972107,Mistral-7B,2025-05-22T11:01:28.805875,7300000000,3,205,fiction
"wiki: Behavioral, psychological, education, and/or skill-building interventions may be used to assist autistic people to learn life skills necessary for living independently, as well as other social, communication, and language skills.",0.7,512,0,1747900059.6387625,2025-05-22T07:47:39.638768,0.2471420019865036,0.39886969327926636,Mistral-7B,2025-05-22T11:01:28.878348,7300000000,4,205,wiki
wiki: This did not change until the late 1960s following a lawsuit and court order.,0.7,512,1,1747900074.454344,2025-05-22T07:47:54.454350,0.22283980250358582,0.3708641231060028,Mistral-7B,2025-05-22T11:01:30.242507,7300000000,0,205,wiki
"news: Germarco Johnson was charged with Robbery with a Firearm, Counterfeiting of an Instrument with Intent to Defraud (two counts), Principal/Accessory to Uttering a False Bank Bill (two counts), and Larceny $300 or more but less than $5000 (two counts).",0.7,512,1,1747900083.141097,2025-05-22T07:48:03.141102,0.24784912168979645,0.40782979130744934,Mistral-7B,2025-05-22T11:01:30.320290,7300000000,1,205,news
"wiki: The area of Alabama and Mississippi most affected by tornadoes is sometimes referred to as Dixie Alley, as distinct from the Tornado Alley of the Southern Plains.",0.7,512,1,1747900091.739053,2025-05-22T07:48:11.739058,0.24542035162448883,0.4038083255290985,Mistral-7B,2025-05-22T11:01:30.395476,7300000000,2,205,wiki
wiki: Native American groups within the state had increasingly been demanding recognition as ethnic groups and seeking an end to discrimination.,0.7,512,1,1747900100.4190185,2025-05-22T07:48:20.419024,0.23868003487586975,0.39444950222969055,Mistral-7B,2025-05-22T11:01:30.492574,7300000000,3,205,wiki
wiki: The appropriateness of including children with varying severity of autism spectrum disorders in the general education population is a subject of current debate among educators and researchers.,0.7,512,1,1747900109.2243667,2025-05-22T07:48:29.224373,0.24942000210285187,0.4098300337791443,Mistral-7B,2025-05-22T11:01:30.598066,7300000000,4,205,wiki
"wiki: Rail  For rail transport, Amtrak schedules the Crescent, a daily passenger train, running from New York to New Orleans with station stops at Anniston, Birmingham, and Tuscaloosa.",0.7,512,1,1747900117.994701,2025-05-22T07:48:37.994707,0.23707334697246552,0.3918672502040863,Mistral-7B,2025-05-22T11:01:31.956973,7300000000,0,210,wiki
wiki: Mutualism has been retrospectively characterised as ideologically situated between individualist and collectivist forms of anarchism.,0.7,512,1,1747900126.2126749,2025-05-22T07:48:46.212681,0.24302169680595398,0.39985185861587524,Mistral-7B,2025-05-22T11:01:32.056624,7300000000,1,210,wiki
wiki: The assembly plant is the company's first factory to be built within the United States.,0.7,512,1,1747900134.5476131,2025-05-22T07:48:54.547618,0.24674855172634125,0.40617576241493225,Mistral-7B,2025-05-22T11:01:32.146669,7300000000,2,210,wiki
"code: Explain what this code does:
def function_37(x): return x * 2",0.7,512,1,1747900142.865598,2025-05-22T07:49:02.865603,0.2531438171863556,0.4129463732242584,Mistral-7B,2025-05-22T11:01:32.231199,7300000000,3,210,code
"code: Explain what this code does:
def function_67(x): return x * 2",0.7,512,1,1747900150.919443,2025-05-22T07:49:10.919449,0.2566881477832794,0.418395459651947,Mistral-7B,2025-05-22T11:01:32.316435,7300000000,4,210,code
"news: In a studio rehearsal for La Bayadère, Act II, no understudies are present, and any imperfection is pointed out by one of four coaches at the front of the room.",0.7,512,0,1747900069.0237875,2025-05-22T07:47:49.023794,0.23981504142284393,0.387992799282074,Mistral-7B,2025-05-22T11:01:33.789015,7300000000,0,210,news
wiki: A long tradition of Spanish anarchism led to anarchists playing a pivotal role in the war.,0.7,512,0,1747900072.8566833,2025-05-22T07:47:52.856689,0.23877519369125366,0.3876083195209503,Mistral-7B,2025-05-22T11:01:33.878158,7300000000,1,210,wiki
wiki: Various anarchist schools of thought formed during this period.,0.7,512,0,1747900079.9250288,2025-05-22T07:47:59.925035,0.25105512142181396,0.40393298864364624,Mistral-7B,2025-05-22T11:01:33.953710,7300000000,2,210,wiki
wiki: South Alabama reports many thunderstorms.,0.7,512,0,1747900087.9726949,2025-05-22T07:48:07.972701,0.25558215379714966,0.41201654076576233,Mistral-7B,2025-05-22T11:01:34.031250,7300000000,3,210,wiki
"wiki: Alabama's highest temperature of  was recorded on September 5, 1925, in the unincorporated community of Centerville.",0.7,512,0,1747900096.182276,2025-05-22T07:48:16.182282,0.25390419363975525,0.4089159369468689,Mistral-7B,2025-05-22T11:01:34.139343,7300000000,4,210,wiki
wiki: BDRF can facilitate translations of observations of reflectance into albedo.,0.7,512,1,1747900159.6624901,2025-05-22T07:49:19.662496,0.24123121798038483,0.3985486924648285,Mistral-7B,2025-05-22T11:01:35.511274,7300000000,0,215,wiki
news: Robert had just finished his documentary and has a really deep understanding of this kind of Canadian culture.,0.7,512,1,1747900167.9394503,2025-05-22T07:49:27.939456,0.23954397439956665,0.3950227200984955,Mistral-7B,2025-05-22T11:01:35.611165,7300000000,1,215,news
"code: Explain what this code does:
def function_32(x): return x * 2",0.7,512,1,1747900176.3105063,2025-05-22T07:49:36.310512,0.25420716404914856,0.4142547845840454,Mistral-7B,2025-05-22T11:01:35.698374,7300000000,2,215,code
"code: Explain what this code does:
def function_79(x): return x * 2",0.7,512,1,1747900184.947695,2025-05-22T07:49:44.947701,0.25309112668037415,0.41278597712516785,Mistral-7B,2025-05-22T11:01:35.786728,7300000000,3,215,code
"code: Explain what this code does:
def function_1(x): return x * 2",0.7,512,1,1747900193.2129135,2025-05-22T07:49:53.212920,0.2579765021800995,0.4201291501522064,Mistral-7B,2025-05-22T11:01:35.875132,7300000000,4,215,code
fiction: Which conclusion is best supported by a tree-growth ring that is much narrower than the other growth rings? (Answer: B),0.7,512,0,1747900105.41602,2025-05-22T07:48:25.416025,0.25748416781425476,0.41261351108551025,Mistral-7B,2025-05-22T11:01:37.309095,7300000000,0,215,fiction
"news: According to Fullington, Pavel Gerdt, the dancer who created the role, was likely too old to dance the variation himself.",0.7,512,0,1747900113.5849054,2025-05-22T07:48:33.584911,0.23694561421871185,0.3839041292667389,Mistral-7B,2025-05-22T11:01:37.381368,7300000000,1,215,news
news: There's a surprising twist to Regina Willoughby's last season with Columbia City Ballet: It's also her 18-year-old daughter Melina's first season with the company.,0.7,512,0,1747900121.85998,2025-05-22T07:48:41.859986,0.24859017133712769,0.3993734121322632,Mistral-7B,2025-05-22T11:01:37.453786,7300000000,2,215,news
"news: Also Robbins' Dances at a Gathering... there are so many, it's hard to choose!",0.7,512,0,1747900130.1584942,2025-05-22T07:48:50.158500,0.24085918068885803,0.3910844027996063,Mistral-7B,2025-05-22T11:01:37.527896,7300000000,3,215,news
"wiki: Friedrich Engels, considered to be one of the principal founders of Marxism, criticised anarchism's anti-authoritarianism as inherently counter-revolutionary because in his view a revolution is by itself authoritarian.",0.7,512,0,1747900138.6547241,2025-05-22T07:48:58.654730,0.23974992334842682,0.38673463463783264,Mistral-7B,2025-05-22T11:01:37.635176,7300000000,4,215,wiki
wiki: This had caused decades of underinvestment in such areas.,0.7,512,0,1747900147.3287494,2025-05-22T07:49:07.328755,0.23879356682300568,0.3860143721103668,Mistral-7B,2025-05-22T11:01:39.052268,7300000000,0,220,wiki
wiki: The principle of equal liberty is closer to anarchist political ethics in that it transcends both the liberal and socialist traditions.,0.7,512,0,1747900155.4617603,2025-05-22T07:49:15.461766,0.2392282485961914,0.38695523142814636,Mistral-7B,2025-05-22T11:01:39.156377,7300000000,1,220,wiki
"wiki: This compared to more than 181,000 African Americans eligible to vote in 1900.",0.7,512,0,1747900163.7430623,2025-05-22T07:49:23.743068,0.24821749329566956,0.3999817967414856,Mistral-7B,2025-05-22T11:01:39.259648,7300000000,2,220,wiki
"wiki: If Earth were frozen entirely (and hence be more reflective), the average temperature of the planet would drop below .",0.7,512,0,1747900172.028207,2025-05-22T07:49:32.028213,0.24381320178508759,0.39314600825309753,Mistral-7B,2025-05-22T11:01:39.338644,7300000000,3,220,wiki
"wiki: Alabama's capital is Montgomery, and its largest city by population and area is Huntsville.",0.7,512,0,1747900180.4397335,2025-05-22T07:49:40.439739,0.25404980778694153,0.4084784984588623,Mistral-7B,2025-05-22T11:01:39.411652,7300000000,4,220,wiki
"news: Companies that fail to comply with GDPR will face a penalty of either 4% of their global revenue or €20 million, whichever is greater.",0.7,512,1,1747900201.8928773,2025-05-22T07:50:01.892883,0.25521889328956604,0.41683122515678406,Mistral-7B,2025-05-22T11:01:40.787080,7300000000,0,220,news
news: As I was getting older the company all of a sudden started to seem younger and younger.,0.7,512,1,1747900210.1025286,2025-05-22T07:50:10.102534,0.24029026925563812,0.3950853645801544,Mistral-7B,2025-05-22T11:01:40.865273,7300000000,1,220,news
"wiki: Humans lived in societies without formal hierarchies long before the establishment of formal states, realms, or empires.",0.7,512,1,1747900219.7318838,2025-05-22T07:50:19.731890,0.24051320552825928,0.3962537348270416,Mistral-7B,2025-05-22T11:01:40.942781,7300000000,2,220,wiki
"news: It was created in collaboration by NBoC principal dancer and choreographic associate Guillaume Côté and film and stage director Robert Lepage, who is making his NBoC debut.",0.7,512,1,1747900232.833743,2025-05-22T07:50:32.833750,0.2400815188884735,0.39553385972976685,Mistral-7B,2025-05-22T11:01:41.016088,7300000000,3,220,news
"wiki: In 2010, Republicans took large majorities of both chambers of the state legislature, giving them control of that body for the first time in 136 years.",0.7,512,1,1747900244.4963682,2025-05-22T07:50:44.496374,0.24611900746822357,0.4036572277545929,Mistral-7B,2025-05-22T11:01:41.127710,7300000000,4,220,wiki
"wiki: Services should be carried out by behavior analysts, special education teachers, speech pathologists, and licensed psychologists.",0.7,512,1,1747900253.6383567,2025-05-22T07:50:53.638363,0.24560606479644775,0.4031096398830414,Mistral-7B,2025-05-22T11:01:42.514294,7300000000,0,225,wiki
"wiki: These signs often develop gradually, though some autistic children experience regression in their communication and social skills after reaching developmental milestones at a normal pace.",0.7,512,1,1747900261.5442762,2025-05-22T07:51:01.544282,0.24340137839317322,0.39898526668548584,Mistral-7B,2025-05-22T11:01:42.620659,7300000000,1,225,wiki
"wiki: Elections  In a 2020 study, Alabama was ranked as the 12th most difficult state for citizens to vote.",0.7,512,1,1747900269.973652,2025-05-22T07:51:09.973657,0.2461756467819214,0.4043164849281311,Mistral-7B,2025-05-22T11:01:42.713132,7300000000,2,225,wiki
"wiki: During this time, a minority of anarchists adopted tactics of revolutionary political violence.",0.7,512,1,1747900276.8781402,2025-05-22T07:51:16.878146,0.24406251311302185,0.4017062783241272,Mistral-7B,2025-05-22T11:01:42.802995,7300000000,3,225,wiki
fiction: Which statement is an observation? (Answer: A),0.7,512,1,1747900284.0288475,2025-05-22T07:51:24.028853,0.2525562644004822,0.41236841678619385,Mistral-7B,2025-05-22T11:01:42.891780,7300000000,4,225,fiction
"news: Fortunately there's a solution, one that's incredibly simple.",0.7,512,0,1747900189.3224697,2025-05-22T07:49:49.322475,0.24672512710094452,0.39649733901023865,Mistral-7B,2025-05-22T11:01:44.344544,7300000000,0,225,news
fiction: Which of the following is an observation about grasshoppers that a science class could have made on their nature walk? (Answer: B),0.7,512,0,1747900197.500407,2025-05-22T07:49:57.500413,0.25592929124832153,0.40971800684928894,Mistral-7B,2025-05-22T11:01:44.448997,7300000000,1,225,fiction
"wiki: The state had 108,000 foreign-born (2.4% of the state population), of which an estimated 22.2% were undocumented (24,000).",0.7,512,0,1747900205.860828,2025-05-22T07:50:05.860834,0.24562300741672516,0.3960035741329193,Mistral-7B,2025-05-22T11:01:44.556503,7300000000,2,225,wiki
"wiki: During the second half of the 20th century, anarchism intermingled with the second wave of feminism, radicalising some currents of the feminist movement and being influenced as well.",0.7,512,0,1747900214.2021782,2025-05-22T07:50:14.202183,0.2443205565214157,0.3958602547645569,Mistral-7B,2025-05-22T11:01:44.661271,7300000000,3,225,wiki
fiction: Which statement describes a harmful effect of clearing rainforests for farmland? (Answer: B),0.7,512,0,1747900219.277393,2025-05-22T07:50:19.277399,0.2507433295249939,0.40414103865623474,Mistral-7B,2025-05-22T11:01:44.766246,7300000000,4,225,fiction
"news: I won't have to worry about that so much now, and I can spend my day off roaming around and being inspired.",0.7,512,0,1747900232.7506568,2025-05-22T07:50:32.750664,0.24510976672172546,0.39484739303588867,Mistral-7B,2025-05-22T11:01:46.182082,7300000000,0,230,news
wiki: Alabama is one of the few places in the world that has a secondary tornado season in November and December besides the typically severe spring.,0.7,512,0,1747900244.3015594,2025-05-22T07:50:44.301567,0.24869315326213837,0.401358425617218,Mistral-7B,2025-05-22T11:01:46.264456,7300000000,1,230,wiki
"news: Depending on how you count, some 14 million Java programmers code today, with many of them paid well to maintain massive enterprise applications (an estimated 80% of enterprise workloads run on Java).",0.7,512,0,1747900251.3091927,2025-05-22T07:50:51.309199,0.24221791326999664,0.39009958505630493,Mistral-7B,2025-05-22T11:01:46.337147,7300000000,2,230,news
"wiki: Other aspects, such as atypical eating, are also common but are not essential for diagnosis.",0.7,512,0,1747900258.8897386,2025-05-22T07:50:58.889744,0.24365198612213135,0.3960331082344055,Mistral-7B,2025-05-22T11:01:46.410348,7300000000,3,230,wiki
wiki: The oldest Jewish congregation in the state is Congregation Sha'arai Shomayim in Mobile.,0.7,512,0,1747900266.5659802,2025-05-22T07:51:06.565985,0.25685229897499084,0.4138076603412628,Mistral-7B,2025-05-22T11:01:46.483198,7300000000,4,230,wiki
"code: Explain what this code does:
def function_34(x): return x * 2",0.7,512,1,1747900292.5145414,2025-05-22T07:51:32.514547,0.2565144896507263,0.41785866022109985,Mistral-7B,2025-05-22T11:01:47.899738,7300000000,0,230,code
"fiction: The heart, blood vessels, kidneys, and bladder working together are best described as (Answer: D)",0.7,512,1,1747900300.6155324,2025-05-22T07:51:40.615538,0.2509484589099884,0.410565048456192,Mistral-7B,2025-05-22T11:01:48.007358,7300000000,1,230,fiction
"news: For tips on how to best train employees on cybersecurity practices, click here.",0.7,512,1,1747900308.8383176,2025-05-22T07:51:48.838324,0.24744035303592682,0.40579280257225037,Mistral-7B,2025-05-22T11:01:48.113395,7300000000,2,230,news
"code: Explain what this code does:
def function_41(x): return x * 2",0.7,512,1,1747900312.9642606,2025-05-22T07:51:52.964267,0.2544028162956238,0.4146653413772583,Mistral-7B,2025-05-22T11:01:48.195730,7300000000,3,230,code
"wiki: Compulsive behaviors: Time-consuming behaviors intended to reduce the anxiety that an individual feels compelled to perform repeatedly or according to rigid rules, such as placing objects in a specific order, checking things, or handwashing.",0.7,512,1,1747900316.0287755,2025-05-22T07:51:56.028782,0.24378861486911774,0.40100547671318054,Mistral-7B,2025-05-22T11:01:48.299417,7300000000,4,230,wiki
fiction: Data in tables may also be presented in graphs. Which type of data would best be displayed on a circle graph? (Answer: D),0.7,512,0,1747900270.799403,2025-05-22T07:51:10.799409,0.25256654620170593,0.4067857563495636,Mistral-7B,2025-05-22T11:01:49.697933,7300000000,0,235,fiction
"wiki: Even though many anarchists distanced themselves from these terrorist acts, infamy came upon the movement and attempts were made to exclude them from American immigration, including the Immigration Act of 1903, also called the Anarchist Exclusion Act.",0.7,512,0,1747900279.562706,2025-05-22T07:51:19.562712,0.234890416264534,0.38147681951522827,Mistral-7B,2025-05-22T11:01:49.788241,7300000000,1,235,wiki
"wiki: Albedo–temperature feedback When an area's albedo changes due to snowfall, a snow–temperature feedback results.",0.7,512,0,1747900287.8202014,2025-05-22T07:51:27.820207,0.24356378614902496,0.392145037651062,Mistral-7B,2025-05-22T11:01:49.881054,7300000000,2,235,wiki
"news: The piece features a commissioned score by Swedish composer Mikael Karlsson, which will be performed onstage by singer Anna von Hausswolff.",0.7,512,0,1747900296.1731446,2025-05-22T07:51:36.173150,0.23497137427330017,0.3808892071247101,Mistral-7B,2025-05-22T11:01:49.987153,7300000000,3,235,news
news: A Typical Day Students begin their days with an early 8 am technique class.,0.7,512,0,1747900304.7374113,2025-05-22T07:51:44.737417,0.2472090870141983,0.39726001024246216,Mistral-7B,2025-05-22T11:01:50.096497,7300000000,4,235,news
"news: ""I'd say compliance right now is only at about 35% or 40% at the most,"" he said.",0.7,512,1,1747900320.8165498,2025-05-22T07:52:00.816556,0.24047911167144775,0.39550063014030457,Mistral-7B,2025-05-22T11:01:51.498926,7300000000,0,235,news
"wiki: Interest in the anarchist movement developed alongside momentum in the anti-globalisation movement, whose leading activist networks were anarchist in orientation.",0.7,512,1,1747900328.4041102,2025-05-22T07:52:08.404116,0.23748499155044556,0.3932771384716034,Mistral-7B,2025-05-22T11:01:51.624562,7300000000,1,235,wiki
"news: Dancers also contribute to the narration with spoken text, including imagery of young love and a dose of humor.",0.7,512,1,1747900336.3596623,2025-05-22T07:52:16.359668,0.23290377855300903,0.3876784145832062,Mistral-7B,2025-05-22T11:01:51.728970,7300000000,2,235,news
"fiction: A ""widow's peak"" hairline in humans is coded by the dominant allele W. A straight hairline is coded by the recessive allele w. A man with a homozygous dominant WW produces a zygote with a woman with a heterozygous dominant Ww for the trait. Which allele combinations could occur in the zygote? (Answer: B)",0.7,512,1,1747900338.3260612,2025-05-22T07:52:18.326067,0.240926131606102,0.3965766727924347,Mistral-7B,2025-05-22T11:01:51.819050,7300000000,3,235,fiction
"news: Now, however, they will have to provide the data within one month of receiving the request.",0.7,512,1,1747900345.5517929,2025-05-22T07:52:25.551799,0.2412295788526535,0.3973512649536133,Mistral-7B,2025-05-22T11:01:51.907825,7300000000,4,235,news
"wiki: They mostly engage in confronting the police during demonstrations and riots, especially in countries such as Canada, Greece, and Mexico.",0.7,512,1,1747900351.7395012,2025-05-22T07:52:31.739507,0.23859234154224396,0.3948681354522705,Mistral-7B,2025-05-22T11:01:53.317169,7300000000,0,240,wiki
"news: If successful, the XR1 chip could improve technologies found in modern smart glasses, and make VR and AR more affordable to get into for smaller companies.",0.7,512,1,1747900358.7069676,2025-05-22T07:52:38.706973,0.242172509431839,0.3984733819961548,Mistral-7B,2025-05-22T11:01:53.404889,7300000000,1,240,news
"wiki: Joint attention seems to be necessary for functional speech, and deficits in joint attention seem to distinguish infants with ASD.",0.7,512,1,1747900366.22711,2025-05-22T07:52:46.227115,0.23455803096294403,0.38844478130340576,Mistral-7B,2025-05-22T11:01:53.483268,7300000000,2,240,wiki
"news: In November the company will reference Kaiser's Balanchine roots with a program titled Classic Americana featuring Serenade and Western Symphony, as well Paul Taylor's Company B.",0.7,512,1,1747900374.3807468,2025-05-22T07:52:54.380752,0.23411059379577637,0.388632208108902,Mistral-7B,2025-05-22T11:01:53.573942,7300000000,3,240,news
"code: Explain what this code does:
def function_54(x): return x * 2",0.7,512,1,1747900382.5392377,2025-05-22T07:53:02.539244,0.2560066878795624,0.4170647859573364,Mistral-7B,2025-05-22T11:01:53.651507,7300000000,4,240,code
"wiki: In addition, there are currently five auxiliary interstate routes in the state: I-165 in Mobile, I-359 in Tuscaloosa, I-459 around Birmingham, I-565 in Decatur and Huntsville, and I-759 in Gadsden.",0.7,512,0,1747900307.3838344,2025-05-22T07:51:47.383841,0.2451997697353363,0.3956981301307678,Mistral-7B,2025-05-22T11:01:55.063493,7300000000,0,240,wiki
"fiction: If a new moon occurred on June 2, when will the next new moon occur? (Answer: A)",0.7,512,0,1747900315.5476272,2025-05-22T07:51:55.547633,0.2518598437309265,0.4044911563396454,Mistral-7B,2025-05-22T11:01:55.150581,7300000000,1,240,fiction
wiki: The city was moved to the current site of Mobile in 1711.,0.7,512,0,1747900323.382227,2025-05-22T07:52:03.382233,0.24429519474506378,0.3938772976398468,Mistral-7B,2025-05-22T11:01:55.232556,7300000000,2,240,wiki
"wiki: Also, the Black Belt region across central Alabama ""is home to largely poor counties that are predominantly African-American.",0.7,512,0,1747900331.7710192,2025-05-22T07:52:11.771025,0.23845843970775604,0.3873598575592041,Mistral-7B,2025-05-22T11:01:55.307649,7300000000,3,240,wiki
wiki: The decision-making process of small anarchist affinity groups plays a significant tactical role.,0.7,512,0,1747900340.1941133,2025-05-22T07:52:20.194119,0.24794793128967285,0.399553507566452,Mistral-7B,2025-05-22T11:01:55.395565,7300000000,4,240,wiki
"wiki: In Latin America, Argentina was a stronghold for anarcho-syndicalism, where it became the most prominent left-wing ideology.",0.7,512,1,1747900391.343607,2025-05-22T07:53:11.343613,0.2374628633260727,0.39215248823165894,Mistral-7B,2025-05-22T11:01:56.809190,7300000000,0,245,wiki
"wiki: Black residents effectively taxed themselves twice, by raising additional monies to supply matching funds for such schools, which were built in many rural areas.",0.7,512,1,1747900399.7119155,2025-05-22T07:53:19.711921,0.2312151938676834,0.38253018260002136,Mistral-7B,2025-05-22T11:01:56.892548,7300000000,1,245,wiki
"news: Whiteside, on the other hand, imitates a unicorn, talks about preparing for roles and creates a new middle name for Boylston.",0.7,512,1,1747900406.8557243,2025-05-22T07:53:26.855729,0.23008832335472107,0.38419029116630554,Mistral-7B,2025-05-22T11:01:56.970181,7300000000,2,245,news
fiction: Which factor can increase the amount of sulfur dioxide in the air? (Answer: B),0.7,512,1,1747900413.7915843,2025-05-22T07:53:33.791590,0.2531210780143738,0.41412353515625,Mistral-7B,2025-05-22T11:01:57.071221,7300000000,3,245,fiction
wiki: Black carbon is a bigger cause of the melting of the polar ice cap in the Arctic than carbon dioxide due to its effect on the albedo.,0.7,512,1,1747900415.201971,2025-05-22T07:53:35.201977,0.25166431069374084,0.41222891211509705,Mistral-7B,2025-05-22T11:01:57.162278,7300000000,4,245,wiki
fiction: Which of following is a property shared by the elements in the carbon family? (Answer: D),0.7,512,0,1747900349.1822772,2025-05-22T07:52:29.182283,0.25129127502441406,0.40365129709243774,Mistral-7B,2025-05-22T11:01:58.637675,7300000000,0,245,fiction
fiction: An engineer measured the time it takes sound to travel through samples of different materials. All of the samples were identical in shape and size. The measurements were made using ultrasonic waves with a frequency of 5 megahertz. Which question was the engineer most likely trying to answer? (Answer: A),0.7,512,0,1747900352.6866763,2025-05-22T07:52:32.686682,0.24820740520954132,0.398519903421402,Mistral-7B,2025-05-22T11:01:58.727827,7300000000,1,245,fiction
"news: Johnathon Johnson put McNeight in a choke hold, and they threatened McNeight with the tire iron, and took the money, his wallet, and his cell phone.",0.7,512,0,1747900361.1854699,2025-05-22T07:52:41.185476,0.2323835790157318,0.3772507607936859,Mistral-7B,2025-05-22T11:01:58.808690,7300000000,2,245,news
wiki: Deeply shadowed cavities can achieve an effective albedo approaching the zero of a black body.,0.7,512,0,1747900369.5320897,2025-05-22T07:52:49.532095,0.2491762787103653,0.4038383364677429,Mistral-7B,2025-05-22T11:01:58.887065,7300000000,3,245,wiki
"wiki: ), autocratic religions (e.g., fundamentalist Islam, Roman Catholicism, etc.",0.7,512,0,1747900378.2997458,2025-05-22T07:52:58.299752,0.24095989763736725,0.3898780941963196,Mistral-7B,2025-05-22T11:01:58.965628,7300000000,4,245,wiki
"code: Explain what this code does:
def function_13(x): return x * 2",0.7,512,1,1747900423.758034,2025-05-22T07:53:43.758040,0.2515052258968353,0.4108145236968994,Mistral-7B,2025-05-22T11:02:00.345660,7300000000,0,250,code
"news: However, it also contains the right to access any information that may be held by a company, including your employer.",0.7,512,1,1747900431.9067512,2025-05-22T07:53:51.906757,0.24340401589870453,0.3995080292224884,Mistral-7B,2025-05-22T11:02:00.435499,7300000000,1,250,news
"wiki: An important relationship between an object's astronomical (geometric) albedo, absolute magnitude and diameter is given by:  where  is the astronomical albedo,  is the diameter in kilometers, and  is the absolute magnitude.",0.7,512,1,1747900440.3160045,2025-05-22T07:54:00.316009,0.23774638772010803,0.3925137221813202,Mistral-7B,2025-05-22T11:02:00.521835,7300000000,2,250,wiki
wiki: The northern part—along the Tennessee River Valley—is most vulnerable.,0.7,512,1,1747900448.6096504,2025-05-22T07:54:08.609656,0.23572514951229095,0.3899107277393341,Mistral-7B,2025-05-22T11:02:00.640622,7300000000,3,250,wiki
"news: This time around the final screen appeared, the All set link didn't work.",0.7,512,1,1747900457.2942166,2025-05-22T07:54:17.294223,0.22866643965244293,0.37854281067848206,Mistral-7B,2025-05-22T11:02:00.725525,7300000000,4,250,news
"wiki: In 2002, Christian Koeberl with the Institute of Geochemistry University of Vienna published evidence and established the site as the 157th recognized impact crater on Earth.",0.7,512,0,1747900387.1417956,2025-05-22T07:53:07.141801,0.23095685243606567,0.37669286131858826,Mistral-7B,2025-05-22T11:02:02.125724,7300000000,0,250,wiki
wiki: Parents often notice signs during the first three years of their child's life.,0.7,512,0,1747900395.6363463,2025-05-22T07:53:15.636352,0.24492478370666504,0.39420121908187866,Mistral-7B,2025-05-22T11:02:02.210660,7300000000,1,250,wiki
"code: Explain what this code does:
def function_3(x): return x * 2",0.7,512,0,1747900401.110641,2025-05-22T07:53:21.110647,0.250000536441803,0.4007842540740967,Mistral-7B,2025-05-22T11:02:02.290496,7300000000,2,250,code
"wiki: Children with high-functioning autism have more intense and frequent loneliness compared to non-autistic peers, despite the common belief that autistic children prefer to be alone.",0.7,512,0,1747900409.6915603,2025-05-22T07:53:29.691566,0.24635419249534607,0.3969907760620117,Mistral-7B,2025-05-22T11:02:02.369977,7300000000,3,250,wiki
"wiki: The agrarian Mississippian culture covered most of the state from 1000 to 1600 CE, with one of its major centers built at what is now the Moundville Archaeological Site in Moundville, Alabama.",0.7,512,0,1747900411.2087355,2025-05-22T07:53:31.208742,0.24783192574977875,0.3994174003601074,Mistral-7B,2025-05-22T11:02:02.449435,7300000000,4,250,wiki
wiki: Sea water absorbs more solar radiation than would the same surface covered with reflective snow.,0.7,512,1,1747900465.5242548,2025-05-22T07:54:25.524260,0.23864859342575073,0.39208298921585083,Mistral-7B,2025-05-22T11:02:03.848029,7300000000,0,255,wiki
"fiction: On Earth, water can be a solid, a liquid, or a gas. Which energy source has the greatest influence on the state of matter of water? (Answer: A)",0.7,512,1,1747900473.5521815,2025-05-22T07:54:33.552187,0.24528521299362183,0.4016955494880676,Mistral-7B,2025-05-22T11:02:03.937787,7300000000,1,255,fiction
"wiki: In most instances, the transmitted pulse is circularly polarized and the received pulse is measured in the same sense of polarization as the transmitted pulse (SC) and the opposite sense (OC).",0.7,512,1,1747900481.8509295,2025-05-22T07:54:41.850935,0.24177223443984985,0.39927181601524353,Mistral-7B,2025-05-22T11:02:04.037881,7300000000,2,255,wiki
"wiki: Economy  The state has invested in aerospace, education, health care, banking, and various heavy industries, including automobile manufacturing, mineral extraction, steel production and fabrication.",0.7,512,1,1747900490.2690125,2025-05-22T07:54:50.269018,0.2406294345855713,0.39623239636421204,Mistral-7B,2025-05-22T11:02:04.135969,7300000000,3,255,wiki
"wiki: A differential diagnosis for ASD at this stage might also consider intellectual disability, hearing impairment, and a specific language impairment such as Landau–Kleffner syndrome.",0.7,512,1,1747900498.610924,2025-05-22T07:54:58.610930,0.23816439509391785,0.3931141495704651,Mistral-7B,2025-05-22T11:02:04.233131,7300000000,4,255,wiki
wiki: Enlightenment challenges to intellectual authority (secular and religious) and the revolutions of the 1790s and 1848 all spurred the ideological development of what became the era of classical anarchism.,0.7,512,0,1747900419.1736822,2025-05-22T07:53:39.173688,0.24904899299144745,0.4039004147052765,Mistral-7B,2025-05-22T11:02:05.694001,7300000000,0,255,wiki
wiki: Anarchism and the state   Objection to the state and its institutions is a sine qua non of anarchism.,0.7,512,0,1747900427.4012346,2025-05-22T07:53:47.401240,0.2515806257724762,0.40554383397102356,Mistral-7B,2025-05-22T11:02:05.776676,7300000000,1,255,wiki
"fiction: Photosynthesis is a process involving carbon dioxide, water, glucose, oxygen, and sunlight. Which is the correct chemical equation for photosynthesis? (Answer: D)",0.7,512,0,1747900428.8357553,2025-05-22T07:53:48.835761,0.2580223083496094,0.4135119318962097,Mistral-7B,2025-05-22T11:02:05.855963,7300000000,2,255,fiction
"news: Stay informed, click here to subscribe to the TechRepublic Cloud Insights newsletter.",0.7,512,0,1747900436.7241874,2025-05-22T07:53:56.724192,0.25512197613716125,0.4093066453933716,Mistral-7B,2025-05-22T11:02:05.935798,7300000000,3,255,news
wiki: Gastrointestinal problems are one of the most commonly co-occurring medical conditions in autistic people.,0.7,512,0,1747900444.8400762,2025-05-22T07:54:04.840082,0.2609611749649048,0.41892746090888977,Mistral-7B,2025-05-22T11:02:06.015513,7300000000,4,255,wiki
fiction: Where is the biological magnification of pollutants most likely to be the greatest? (Answer: A),0.7,512,1,1747900506.1067622,2025-05-22T07:55:06.106768,0.24572718143463135,0.4033851623535156,Mistral-7B,2025-05-22T11:02:07.415298,7300000000,0,260,fiction
"code: Explain what this code does:
def function_19(x): return x * 2",0.7,512,1,1747900514.4688005,2025-05-22T07:55:14.468806,0.25163400173187256,0.4104064106941223,Mistral-7B,2025-05-22T11:02:07.492798,7300000000,1,260,code
wiki: Medication Medications may be used to treat ASD symptoms that interfere with integrating a child into home or school when behavioral treatment fails.,0.7,512,1,1747900522.8291419,2025-05-22T07:55:22.829147,0.2394057810306549,0.3936261236667633,Mistral-7B,2025-05-22T11:02:07.609390,7300000000,2,260,wiki
"wiki: Census-designated and metropolitan areas  Cities  Demographics  According to the 2020 United States census the population of Alabama was 5,024,279 on April 1, 2020, which represents an increase of 244,543 or 5.12%, since the 2010 census.",0.7,512,1,1747900531.398449,2025-05-22T07:55:31.398455,0.257694274187088,0.4080774486064911,Mistral-7B,2025-05-22T11:02:07.702752,7300000000,3,260,wiki
news: Courtesy Peter Koppers.,0.7,512,1,1747900540.0082202,2025-05-22T07:55:40.008226,0.24489669501781464,0.39250636100769043,Mistral-7B,2025-05-22T11:02:07.796058,7300000000,4,260,news
news: This will be the fourth work by Ekman that The Joffrey has performed.,0.7,512,0,1747900453.3178523,2025-05-22T07:54:13.317858,0.24943557381629944,0.4035700559616089,Mistral-7B,2025-05-22T11:02:09.265341,7300000000,0,260,news
fiction: A ship leaks a large amount of oil near a coastal area. Which statement describes how the oil most likely will affect the coastal habitat? (Answer: B),0.7,512,0,1747900460.5973365,2025-05-22T07:54:20.597343,0.25427189469337463,0.4086337387561798,Mistral-7B,2025-05-22T11:02:09.355700,7300000000,1,260,fiction
"code: Explain what this code does:
def function_0(x): return x * 2",0.7,512,0,1747900468.9203143,2025-05-22T07:54:28.920320,0.26095402240753174,0.4170137643814087,Mistral-7B,2025-05-22T11:02:09.441099,7300000000,2,260,code
"wiki: Tourism and entertainment  According to Business Insider, Alabama ranked 14th in most popular states to visit in 2014.",0.7,512,0,1747900477.2157829,2025-05-22T07:54:37.215788,0.25053539872169495,0.4028257131576538,Mistral-7B,2025-05-22T11:02:09.527426,7300000000,3,260,wiki
"wiki: A component especially of individualist anarchism, philosophical anarchism may tolerate the existence of a minimal state but claims that citizens have no moral obligation to obey government when it conflicts with individual autonomy.",0.7,512,0,1747900478.6837678,2025-05-22T07:54:38.683774,0.24704524874687195,0.3990088403224945,Mistral-7B,2025-05-22T11:02:09.652027,7300000000,4,260,wiki
"wiki: Anarchists were treated similarly in the Second International, being ultimately expelled in 1896.",0.7,512,1,1747900549.328839,2025-05-22T07:55:49.328845,0.2497304081916809,0.3972957730293274,Mistral-7B,2025-05-22T11:02:11.080726,7300000000,0,265,wiki
"code: Explain what this code does:
def function_49(x): return x * 2",0.7,512,1,1747900557.7560506,2025-05-22T07:55:57.756057,0.26316869258880615,0.4146592915058136,Mistral-7B,2025-05-22T11:02:11.188053,7300000000,1,265,code
wiki: Later immigrants in the nineteenth and twentieth centuries tended to be Ashkenazi Jews from eastern Europe.,0.7,512,1,1747900566.0232782,2025-05-22T07:56:06.023284,0.25583985447883606,0.40588316321372986,Mistral-7B,2025-05-22T11:02:11.268288,7300000000,2,265,wiki
"wiki: Etymology, terminology, and definition   The etymological origin of anarchism is from the Ancient Greek anarkhia, meaning ""without a ruler"", composed of the prefix an- (""without"") and the word arkhos (""leader"" or ""ruler"").",0.7,512,1,1747900575.3335898,2025-05-22T07:56:15.333595,0.25185370445251465,0.4005715548992157,Mistral-7B,2025-05-22T11:02:11.348690,7300000000,3,265,wiki
"news: Since then we've been doing five-day workshops once a year in Robert's studio, Ex Machina, where he has a multi media team.",0.7,512,1,1747900583.4861045,2025-05-22T07:56:23.486110,0.23865361511707306,0.3812120258808136,Mistral-7B,2025-05-22T11:02:11.428327,7300000000,4,265,news
"news: Once she's mastered the pirouette she's been struggling with, she repeats the step over and over until the clock reaches 12 pm for lunch.",0.7,512,0,1747900486.8744676,2025-05-22T07:54:46.874473,0.24471086263656616,0.3942514657974243,Mistral-7B,2025-05-22T11:02:12.836270,7300000000,0,265,news
"code: Explain what this code does:
def function_14(x): return x * 2",0.7,512,0,1747900494.846313,2025-05-22T07:54:54.846319,0.2591703534126282,0.41432440280914307,Mistral-7B,2025-05-22T11:02:12.943080,7300000000,1,265,code
"wiki: ), patriarchy, heterosexism, white supremacy, and imperialism.""",0.7,512,0,1747900502.9539936,2025-05-22T07:55:02.953999,0.2567044198513031,0.4138832986354828,Mistral-7B,2025-05-22T11:02:13.048824,7300000000,2,265,wiki
"news: Once again, the final screen links wouldn't work.",0.7,512,0,1747900510.760812,2025-05-22T07:55:10.760818,0.24209904670715332,0.3918275535106659,Mistral-7B,2025-05-22T11:02:13.129304,7300000000,3,265,news
"wiki: What is now the counties of Baldwin and Mobile became part of Spanish West Florida in 1783, part of the independent Republic of West Florida in 1810, and was finally added to the Mississippi Territory in 1812.",0.7,512,0,1747900518.9496908,2025-05-22T07:55:18.949696,0.2513006329536438,0.40465497970581055,Mistral-7B,2025-05-22T11:02:13.231430,7300000000,4,265,wiki
wiki: Alabama: The History of a Deep South State (1994).,0.7,512,1,1747900592.2093322,2025-05-22T07:56:32.209338,0.24612194299697876,0.3938678205013275,Mistral-7B,2025-05-22T11:02:14.627584,7300000000,0,270,wiki
"wiki: Lastly, Fiala mentions a critique towards philosophical anarchism of being ineffective (all talk and thoughts) and in the meantime capitalism and bourgeois class remains strong.",0.7,512,1,1747900600.5047297,2025-05-22T07:56:40.504736,0.23095577955245972,0.37279757857322693,Mistral-7B,2025-05-22T11:02:14.710775,7300000000,1,270,wiki
"wiki: Steel jobs, for instance, declined from 46,314 in 1950 to 14,185 in 2011.",0.7,512,1,1747900607.62835,2025-05-22T07:56:47.628356,0.24943424761295319,0.39794960618019104,Mistral-7B,2025-05-22T11:02:14.786326,7300000000,2,270,wiki
fiction: Giant redwood trees change energy from one form to another. How is energy changed by the trees? (Answer: B),0.7,512,1,1747900615.4814618,2025-05-22T07:56:55.481466,0.2513517737388611,0.4002979099750519,Mistral-7B,2025-05-22T11:02:14.861078,7300000000,3,270,fiction
fiction: A signal from the brain to a muscle in the arm is transmitted by which structures? (Answer: C),0.7,512,1,1747900623.544547,2025-05-22T07:57:03.544552,0.25285667181015015,0.402408629655838,Mistral-7B,2025-05-22T11:02:14.935854,7300000000,4,270,fiction
"code: Explain what this code does:
def function_94(x): return x * 2",0.7,512,0,1747900527.422417,2025-05-22T07:55:27.422422,0.25827479362487793,0.41283056139945984,Mistral-7B,2025-05-22T11:02:16.321072,7300000000,0,270,code
"code: Explain what this code does:
def function_80(x): return x * 2",0.7,512,0,1747900535.5871496,2025-05-22T07:55:35.587155,0.26061609387397766,0.4162849485874176,Mistral-7B,2025-05-22T11:02:16.397865,7300000000,1,270,code
news: So I returned to the IP address and was presented with a login screen.,0.7,512,0,1747900543.9508798,2025-05-22T07:55:43.950885,0.23727242648601532,0.3832521140575409,Mistral-7B,2025-05-22T11:02:16.471836,7300000000,2,270,news
"wiki: In the southern Gulf coast, snowfall is less frequent, sometimes going several years without any snowfall.",0.7,512,0,1747900547.0472693,2025-05-22T07:55:47.047276,0.2443101853132248,0.3936600685119629,Mistral-7B,2025-05-22T11:02:16.551797,7300000000,3,270,wiki
"wiki: In 1954, the U.S. Supreme Court ruled in Brown v. Board of Education that public schools had to be desegregated, but Alabama was slow to comply.",0.7,512,0,1747900554.5269253,2025-05-22T07:55:54.526931,0.24820908904075623,0.400455504655838,Mistral-7B,2025-05-22T11:02:16.666414,7300000000,4,270,wiki
"code: Explain what this code does:
def function_78(x): return x * 2",0.7,512,0,1747900562.7177517,2025-05-22T07:56:02.717758,0.2590174376964569,0.41417765617370605,Mistral-7B,2025-05-22T11:02:18.088242,7300000000,0,275,code
wiki: Robert Paul Wolff believed that the tension between authority and autonomy would mean the state could never be legitimate.,0.7,512,0,1747900570.652682,2025-05-22T07:56:10.652688,0.24693885445594788,0.39850956201553345,Mistral-7B,2025-05-22T11:02:18.185318,7300000000,1,275,wiki
fiction: How many times does Earth rotate on its axis in one day? (Answer: A),0.7,512,0,1747900573.702444,2025-05-22T07:56:13.702450,0.2528686821460724,0.40518271923065186,Mistral-7B,2025-05-22T11:02:18.292889,7300000000,2,275,fiction
"code: Explain what this code does:
def function_38(x): return x * 2",0.7,512,0,1747900579.754442,2025-05-22T07:56:19.754448,0.25434428453445435,0.40707841515541077,Mistral-7B,2025-05-22T11:02:18.398127,7300000000,3,275,code
"code: Explain what this code does:
def function_9(x): return x * 2",0.7,512,0,1747900587.8801064,2025-05-22T07:56:27.880112,0.2563679814338684,0.40986353158950806,Mistral-7B,2025-05-22T11:02:18.491230,7300000000,4,275,code
"fiction: Laura adds 50 mL of boiling water to 100 mL of ice water. If the 150 mL of water is then put into a freezer, at what temperature will the water freeze? (Answer: A)",0.7,512,1,1747900626.4199638,2025-05-22T07:57:06.419972,0.2529253661632538,0.40099987387657166,Mistral-7B,2025-05-22T11:02:19.884628,7300000000,0,275,fiction
wiki: They include:  Genetic disorders.,0.7,512,1,1747900633.779836,2025-05-22T07:57:13.779841,0.2584382891654968,0.4112781584262848,Mistral-7B,2025-05-22T11:02:19.965942,7300000000,1,275,wiki
wiki: The school closed after constant harassment by the state and Ferrer was later arrested.,0.7,512,1,1747900635.1963067,2025-05-22T07:57:15.196312,0.25393566489219666,0.4058627188205719,Mistral-7B,2025-05-22T11:02:20.051775,7300000000,2,275,wiki
"wiki: However, most of the Democratic sheriffs preside over rural and less populated counties.",0.7,512,1,1747900642.5731995,2025-05-22T07:57:22.573205,0.246626079082489,0.39294639229774475,Mistral-7B,2025-05-22T11:02:20.170409,7300000000,3,275,wiki
"news: ""An awful lot of companies may not think they have exposure to it, but there are lots of variables in that.""",0.7,512,1,1747900650.6433086,2025-05-22T07:57:30.643314,0.24107392132282257,0.3861708641052246,Mistral-7B,2025-05-22T11:02:20.254384,7300000000,4,275,news
"code: Explain what this code does:
def function_26(x): return x * 2",0.7,512,0,1747900596.5475006,2025-05-22T07:56:36.547506,0.25684690475463867,0.4105823040008545,Mistral-7B,2025-05-22T11:02:21.652988,7300000000,0,280,code
fiction: Which of the following statements best explains why magnets usually stick to a refrigerator door? (Answer: B),0.7,512,0,1747900602.0932398,2025-05-22T07:56:42.093246,0.2527645230293274,0.40465614199638367,Mistral-7B,2025-05-22T11:02:21.739324,7300000000,1,280,fiction
"wiki: Other spellings of the name have included Alibamu, Alabamo, Albama, Alebamon, Alibama, Alibamou, Alabamu, Allibamou.",0.7,512,0,1747900610.614908,2025-05-22T07:56:50.614913,0.24090249836444855,0.3892219066619873,Mistral-7B,2025-05-22T11:02:21.818677,7300000000,2,280,wiki
"news: Starbucks in hand, they discuss their mutual love of food (particularly pasta and Japanese curry), the story behind the Cindy nickname and what it's like picking up contemporary choreography versus classical.",0.7,512,0,1747900612.06704,2025-05-22T07:56:52.067045,0.23675325512886047,0.384556382894516,Mistral-7B,2025-05-22T11:02:21.897863,7300000000,3,280,news
wiki: The available evidence does not rule out the possibility that autism's true prevalence has increased; a real increase would suggest directing more attention and funding toward psychosocial factors and changing environmental factors instead of continuing to focus on genetics.,0.7,512,0,1747900619.1806037,2025-05-22T07:56:59.180610,0.25303468108177185,0.40919533371925354,Mistral-7B,2025-05-22T11:02:21.975656,7300000000,4,280,wiki
wiki: The remaining portion of the ThyssenKrupp plant had final bids submitted by ArcelorMittal and Nippon Steel for $1.6billion in March 2013.,0.7,512,1,1747900658.887734,2025-05-22T07:57:38.887740,0.24851056933403015,0.39809906482696533,Mistral-7B,2025-05-22T11:02:23.365959,7300000000,0,280,wiki
"code: Explain what this code does:
def function_18(x): return x * 2",0.7,512,1,1747900667.1783922,2025-05-22T07:57:47.178398,0.26533305644989014,0.418119341135025,Mistral-7B,2025-05-22T11:02:23.468131,7300000000,1,280,code
wiki: Anarchism is contrasted to socialist forms which are state-oriented or from above.,0.7,512,1,1747900675.570108,2025-05-22T07:57:55.570113,0.2500360310077667,0.39733922481536865,Mistral-7B,2025-05-22T11:02:23.583227,7300000000,2,280,wiki
"news: Across the Country… In 1944, San Francisco Ballet founding artistic director Willam Christensen choreographed the U.S.'s first full-length Nutcracker.",0.7,512,1,1747900684.8207984,2025-05-22T07:58:04.820805,0.24637086689472198,0.3938583433628082,Mistral-7B,2025-05-22T11:02:23.692615,7300000000,3,280,news
wiki: Aquaculture   Aquaculture is a large part of the economy of Alabama.,0.7,512,1,1747900692.8979893,2025-05-22T07:58:12.897995,0.2501099109649658,0.39798155426979065,Mistral-7B,2025-05-22T11:02:23.803039,7300000000,4,280,wiki
"code: Explain what this code does:
def function_83(x): return x * 2",0.7,512,1,1747900699.5575926,2025-05-22T07:58:19.557598,0.25648805499076843,0.40675026178359985,Mistral-7B,2025-05-22T11:02:25.228136,7300000000,0,285,code
"code: Explain what this code does:
def function_66(x): return x * 2",0.7,512,1,1747900707.2201667,2025-05-22T07:58:27.220172,0.25820106267929077,0.40926724672317505,Mistral-7B,2025-05-22T11:02:25.335706,7300000000,1,285,code
"fiction: Rain forests contain more species of trees than any other biome. However, scientists have found that the soil of the forest floor is relatively nutrient poor. What could most likely account for this? (Answer: B)",0.7,512,1,1747900713.6212807,2025-05-22T07:58:33.621286,0.2546587586402893,0.4031805992126465,Mistral-7B,2025-05-22T11:02:25.441109,7300000000,2,285,fiction
"code: Explain what this code does:
def function_50(x): return x * 2",0.7,512,1,1747900721.9174922,2025-05-22T07:58:41.917498,0.2647666037082672,0.4175552427768707,Mistral-7B,2025-05-22T11:02:25.547738,7300000000,3,285,code
"wiki: Collectivist anarchists advocate collective ownership of the means of production which is theorised to be achieved through violent revolution and that workers be paid according to time worked, rather than goods being distributed according to need as in communism.",0.7,512,1,1747900730.23547,2025-05-22T07:58:50.235489,0.2511855661869049,0.3991882801055908,Mistral-7B,2025-05-22T11:02:25.656579,7300000000,4,285,wiki
fiction: Which would a scientist use in trying to model the cause of planetary years? (Answer: D),0.7,512,0,1747900628.3480697,2025-05-22T07:57:08.348075,0.2519668638706207,0.406525582075119,Mistral-7B,2025-05-22T11:02:27.081400,7300000000,0,285,fiction
"fiction: In living things, smaller substances are linked to make up larger substances. Which of the following correctly describes a larger substance made by linking smaller substances? (Answer: A)",0.7,512,0,1747900630.0404997,2025-05-22T07:57:10.040505,0.2555848956108093,0.4098327159881592,Mistral-7B,2025-05-22T11:02:27.190957,7300000000,1,285,fiction
"code: Explain what this code does:
def function_52(x): return x * 2",0.7,512,0,1747900637.3863297,2025-05-22T07:57:17.386335,0.262646347284317,0.41947585344314575,Mistral-7B,2025-05-22T11:02:27.297348,7300000000,2,285,code
"wiki: Authority ultimately rests solely on power, regardless of whether that power is open or transparent, as it still has the ability to coerce people.",0.7,512,0,1747900645.8077831,2025-05-22T07:57:25.807789,0.25047409534454346,0.40269216895103455,Mistral-7B,2025-05-22T11:02:27.397895,7300000000,3,285,wiki
"code: Explain what this code does:
def function_96(x): return x * 2",0.7,512,0,1747900653.8276298,2025-05-22T07:57:33.827635,0.26125866174697876,0.41730237007141113,Mistral-7B,2025-05-22T11:02:27.499454,7300000000,4,285,code
"code: Explain what this code does:
def function_90(x): return x * 2",0.7,512,1,1747900738.9762807,2025-05-22T07:58:58.976319,0.26370769739151,0.4155193269252777,Mistral-7B,2025-05-22T11:02:28.910509,7300000000,0,290,code
"wiki: As people are often sized up initially from their basic language skills, these studies suggest that people speaking to autistic individuals are more likely to overestimate what their audience comprehends.",0.7,512,1,1747900747.1905665,2025-05-22T07:59:07.190572,0.24310848116874695,0.3876836597919464,Mistral-7B,2025-05-22T11:02:29.028534,7300000000,1,290,wiki
wiki: A significant event of this period was the confrontations at the 1999 Seattle WTO conference.,0.7,512,1,1747900755.3521988,2025-05-22T07:59:15.352204,0.2456793189048767,0.3921264708042145,Mistral-7B,2025-05-22T11:02:29.138383,7300000000,2,290,wiki
fiction: What adaptation is necessary in intertidal ecosystems but not in reef ecosystems? (Answer: C),0.7,512,1,1747900763.654451,2025-05-22T07:59:23.654456,0.2539859414100647,0.4033532440662384,Mistral-7B,2025-05-22T11:02:29.251016,7300000000,3,290,fiction
"wiki: It had not redistricted congressional districts since passage of its constitution in 1901; as a result, urbanized areas were grossly underrepresented.",0.7,512,1,1747900771.0657508,2025-05-22T07:59:31.065756,0.24739809334278107,0.39313381910324097,Mistral-7B,2025-05-22T11:02:29.365852,7300000000,4,290,wiki
"wiki: More than half of US children diagnosed with ASD are prescribed psychoactive drugs or anticonvulsants, with the most common drug classes being antidepressants, stimulants, and antipsychotics.",0.7,512,0,1747900662.701867,2025-05-22T07:57:42.701873,0.2565166652202606,0.4125533103942871,Mistral-7B,2025-05-22T11:02:30.772952,7300000000,0,290,wiki
fiction: In which taxonomic group are organisms found that share the characteristic of storing hereditary material in a single loop of DNA? (Answer: A),0.7,512,0,1747900664.4567847,2025-05-22T07:57:44.456791,0.25237318873405457,0.40628835558891296,Mistral-7B,2025-05-22T11:02:30.877872,7300000000,1,290,fiction
"news: The white male with them was identified as Charles Edward Sinard, age 39, a transient.",0.7,512,0,1747900672.1325421,2025-05-22T07:57:52.132548,0.24271000921726227,0.39379748702049255,Mistral-7B,2025-05-22T11:02:30.984512,7300000000,2,290,news
"code: Explain what this code does:
def function_11(x): return x * 2",0.7,512,0,1747900680.1911392,2025-05-22T07:58:00.191145,0.26205259561538696,0.4181087911128998,Mistral-7B,2025-05-22T11:02:31.090715,7300000000,3,290,code
fiction: Rubbing sandpaper on a piece of wood produces what two types of energy? (Answer: B),0.7,512,0,1747900682.9643981,2025-05-22T07:58:02.964404,0.2594713568687439,0.4156070947647095,Mistral-7B,2025-05-22T11:02:31.189049,7300000000,4,290,fiction
"wiki: Its name in English is a (pronounced ), plural aes.",0.7,512,0,1747900689.485313,2025-05-22T07:58:09.485319,0.24340136349201202,0.3951466679573059,Mistral-7B,2025-05-22T11:02:32.595321,7300000000,0,295,wiki
"news: It's not a story ballet per say, but there is a story from beginning to end.",0.7,512,0,1747900697.5450082,2025-05-22T07:58:17.545014,0.2532494366168976,0.4068771004676819,Mistral-7B,2025-05-22T11:02:32.721056,7300000000,1,295,news
"wiki: This entails that liberty and equality cannot be implemented within the state, resulting in the questioning of all forms of domination and hierarchy.",0.7,512,0,1747900704.7554612,2025-05-22T07:58:24.755467,0.2586089074611664,0.41671809554100037,Mistral-7B,2025-05-22T11:02:32.849672,7300000000,2,295,wiki
"wiki: CDC estimates about 1 out of 59 (1.7%) for 2014, an increase from 1 out of every 68 children (1.5%) for 2010.",0.7,512,0,1747900710.2395153,2025-05-22T07:58:30.239521,0.25199219584465027,0.405539870262146,Mistral-7B,2025-05-22T11:02:32.957202,7300000000,3,295,wiki
"code: Explain what this code does:
def function_97(x): return x * 2",0.7,512,0,1747900718.1091928,2025-05-22T07:58:38.109198,0.2621866464614868,0.4186757802963257,Mistral-7B,2025-05-22T11:02:33.040673,7300000000,4,295,code
"fiction: During most of the year, the air over Boston, Massachusetts, contains a high amount of moisture. Which of the following best explains why there is a high amount of moisture in the air? (Answer: A)",0.7,512,1,1747900775.4147644,2025-05-22T07:59:35.414770,0.2522595524787903,0.3997645974159241,Mistral-7B,2025-05-22T11:02:34.441050,7300000000,0,295,fiction
"wiki: While employers state hiring concerns about productivity and supervision, experienced employers of autistic people give positive reports of above average memory and detail orientation as well as a high regard for rules and procedure in autistic employees.",0.7,512,1,1747900784.5145845,2025-05-22T07:59:44.514593,0.2541254162788391,0.4063839912414551,Mistral-7B,2025-05-22T11:02:34.518297,7300000000,1,295,wiki
"wiki: The latter is commonly used in handwriting and fonts based on it, especially fonts intended to be read by children, and is also found in italic type.",0.7,512,1,1747900794.654768,2025-05-22T07:59:54.654775,0.2570151686668396,0.40995821356773376,Mistral-7B,2025-05-22T11:02:34.635606,7300000000,2,295,wiki
"wiki: Beyond the specific factions of anarchist movements which constitute political anarchism lies philosophical anarchism which holds that the state lacks moral legitimacy, without necessarily accepting the imperative of revolution to eliminate it.",0.7,512,1,1747900796.121676,2025-05-22T07:59:56.121682,0.256637305021286,0.4098222851753235,Mistral-7B,2025-05-22T11:02:34.741996,7300000000,3,295,wiki
news: Password policies Passwords remain a common digital entry point into an organization for hackers.,0.7,512,1,1747900804.6180274,2025-05-22T08:00:04.618033,0.2573416829109192,0.407505065202713,Mistral-7B,2025-05-22T11:02:34.848368,7300000000,4,295,news
"wiki: In this article, autism refers to the classic autistic disorder; in clinical practice, though, autism, ASD, and PDD are often used interchangeably.",0.7,512,1,1747900813.4692895,2025-05-22T08:00:13.469295,0.2539626955986023,0.4030844271183014,Mistral-7B,2025-05-22T11:02:36.249077,7300000000,0,300,wiki
"news: Here are five types of policies that companies must ensure they have in place and have trained employees on in the age of GDPR, according to Rickard.",0.7,512,1,1747900821.786473,2025-05-22T08:00:21.786479,0.25841277837753296,0.40866655111312866,Mistral-7B,2025-05-22T11:02:36.327074,7300000000,1,300,news
wiki: Alabama was heavily involved in the American Civil War.,0.7,512,1,1747900830.1131864,2025-05-22T08:00:30.113191,0.26420140266418457,0.41752225160598755,Mistral-7B,2025-05-22T11:02:36.401223,7300000000,2,300,wiki
"wiki: About 8.167% of letters used in English texts tend to be ; the number is around 7.636% in French, 11.525% in Spanish, and 14.634% for Portuguese.",0.7,512,1,1747900831.572816,2025-05-22T08:00:31.572821,0.25174272060394287,0.4003530740737915,Mistral-7B,2025-05-22T11:02:36.474507,7300000000,3,300,wiki
"news: Following the Vaganova method, classes are strict and focus on precise positions and placement.",0.7,512,1,1747900837.6314614,2025-05-22T08:00:37.631466,0.25283294916152954,0.40098658204078674,Mistral-7B,2025-05-22T11:02:36.555255,7300000000,4,300,news
"wiki: In the last decades of the 20th and into the 21st century, the anarchist movement has been resurgent once more.",0.7,512,0,1747900726.638188,2025-05-22T07:58:46.638193,0.25021931529045105,0.4041408896446228,Mistral-7B,2025-05-22T11:02:37.938590,7300000000,0,300,wiki
"news: ""One of the easiest ways to breach a company is to put somebody on the janitorial staff and go looking at desks,"" Rickard said.",0.7,512,0,1747900734.8852553,2025-05-22T07:58:54.885276,0.23940587043762207,0.3865351974964142,Mistral-7B,2025-05-22T11:02:38.025930,7300000000,1,300,news
wiki: The authors concluded that a longer duration of the diet may be necessary to achieve the improvement of the ASD symptoms.,0.7,512,0,1747900743.0325232,2025-05-22T07:59:03.032528,0.24288755655288696,0.39428189396858215,Mistral-7B,2025-05-22T11:02:38.146210,7300000000,2,300,wiki
"wiki: There are many anecdotal reports, but few systematic studies, of aggression and violence in individuals with ASD.",0.7,512,0,1747900751.2096543,2025-05-22T07:59:11.209659,0.24684026837348938,0.3978119194507599,Mistral-7B,2025-05-22T11:02:38.232678,7300000000,3,300,wiki
wiki: The judiciary is responsible for interpreting the Constitution of Alabama and applying the law in state criminal and civil cases.,0.7,512,0,1747900759.4125626,2025-05-22T07:59:19.412568,0.25746211409568787,0.4128667116165161,Mistral-7B,2025-05-22T11:02:38.320006,7300000000,4,300,wiki
"wiki: Society and culture  An autistic culture has emerged, accompanied by the autistic rights and neurodiversity movements.",0.7,512,1,1747900846.3870668,2025-05-22T08:00:46.387072,0.25452741980552673,0.4035041630268097,Mistral-7B,2025-05-22T11:02:39.715509,7300000000,0,305,wiki
"code: Explain what this code does:
def function_7(x): return x * 2",0.7,512,1,1747900854.1329997,2025-05-22T08:00:54.133005,0.26601237058639526,0.4188978970050812,Mistral-7B,2025-05-22T11:02:39.820176,7300000000,1,305,code
"wiki: Sample symptoms include lack of social or emotional reciprocity, stereotyped and repetitive use of language or idiosyncratic language, and persistent preoccupation with unusual objects.",0.7,512,1,1747900859.2643178,2025-05-22T08:00:59.264323,0.2570474147796631,0.40779420733451843,Mistral-7B,2025-05-22T11:02:39.931551,7300000000,2,305,wiki
"wiki: In response to the army rebellion, an anarchist-inspired movement of peasants and workers, supported by armed militias, took control of Barcelona and of large areas of rural Spain, where they collectivised the land.",0.7,512,1,1747900864.6502457,2025-05-22T08:01:04.650251,0.2427005022764206,0.38862061500549316,Mistral-7B,2025-05-22T11:02:40.041553,7300000000,3,305,wiki
"news: From Page to Stage In 1892 St. Petersburg, choreographer Marius Petipa and composer Pyotr Ilyich Tchaikovsky pulled the story off the page and onto the stage of the Mariinsky Theatre.",0.7,512,1,1747900872.617833,2025-05-22T08:01:12.617838,0.2527883052825928,0.4010012447834015,Mistral-7B,2025-05-22T11:02:40.156970,7300000000,4,305,news
wiki: It is used to define scattering of electromagnetic waves on small particles.,0.7,512,0,1747900765.8882644,2025-05-22T07:59:25.888270,0.2528987228870392,0.4062022268772125,Mistral-7B,2025-05-22T11:02:41.583972,7300000000,0,305,wiki
"news: Former Royal Danish Ballet artistic director Frank Andersen has been a guest teacher at the school since 2002, and was awarded a professorship in 2012.",0.7,512,0,1747900774.483506,2025-05-22T07:59:34.483512,0.24793080985546112,0.39869222044944763,Mistral-7B,2025-05-22T11:02:41.697557,7300000000,1,305,news
wiki: Masking may include making oneself perform normative facial expressions and eye contact.,0.7,512,0,1747900785.4164152,2025-05-22T07:59:45.416422,0.24183310568332672,0.39077824354171753,Mistral-7B,2025-05-22T11:02:41.808369,7300000000,2,305,wiki
wiki: This line of arguments most often calls for political action within the system to reform it.,0.7,512,0,1747900794.7971284,2025-05-22T07:59:54.797134,0.24370086193084717,0.3931606709957123,Mistral-7B,2025-05-22T11:02:41.923089,7300000000,3,305,wiki
news: There are two key differences between SAR requests made under the Data Privacy Act and those made under GDPR: The cost and time frame.,0.7,512,0,1747900801.7194667,2025-05-22T08:00:01.719472,0.2523758113384247,0.405156672000885,Mistral-7B,2025-05-22T11:02:42.038557,7300000000,4,305,news
"wiki: Diagnosis Diagnosis is based on behavior, not cause or mechanism.",0.7,512,1,1747900881.1215127,2025-05-22T08:01:21.121518,0.24672949314117432,0.39323690533638,Mistral-7B,2025-05-22T11:02:43.460053,7300000000,0,310,wiki
"wiki: A common criticism against autistic activists is that the majority of them are ""high-functioning"" or have Asperger syndrome and do not represent the views of ""low-functioning"" autistic people.",0.7,512,1,1747900889.2484179,2025-05-22T08:01:29.248423,0.25710755586624146,0.4081014096736908,Mistral-7B,2025-05-22T11:02:43.564102,7300000000,1,310,wiki
"wiki: The rural-dominated Alabama legislature consistently underfunded schools and services for the disenfranchised African Americans, but it did not relieve them of paying taxes.",0.7,512,1,1747900896.3026714,2025-05-22T08:01:36.302677,0.24595093727111816,0.39417949318885803,Mistral-7B,2025-05-22T11:02:43.654116,7300000000,2,310,wiki
"wiki: Overall, contemporary anarchists are much less violent and militant than their ideological ancestors.",0.7,512,1,1747900903.9457395,2025-05-22T08:01:43.945745,0.2482919543981552,0.3952133357524872,Mistral-7B,2025-05-22T11:02:43.745051,7300000000,3,310,wiki
"wiki: As new genetic tests are developed several ethical, legal, and social issues will emerge.",0.7,512,1,1747900911.9727178,2025-05-22T08:01:51.972723,0.25564759969711304,0.4046032726764679,Mistral-7B,2025-05-22T11:02:43.836105,7300000000,4,310,wiki
news: A BOLO was put out to local law enforcement on the vehicles.,0.7,512,0,1747900809.758703,2025-05-22T08:00:09.758708,0.25571227073669434,0.41045165061950684,Mistral-7B,2025-05-22T11:02:45.271789,7300000000,0,310,news
"news: Stage Time Performance is the most important aspect of BDA students' professional development, with annual productions featuring classical ballets, contemporary works and student choreography.",0.7,512,0,1747900817.9030797,2025-05-22T08:00:17.903085,0.24109017848968506,0.39091047644615173,Mistral-7B,2025-05-22T11:02:45.351865,7300000000,1,310,news
"news: NBoC's new work, titled Frame by Frame, will run June 1-10 in Toronto.",0.7,512,0,1747900826.158967,2025-05-22T08:00:26.158972,0.2436501830816269,0.39407455921173096,Mistral-7B,2025-05-22T11:02:45.430683,7300000000,2,310,news
wiki: The glint of light off water is a commonplace effect of this.,0.7,512,0,1747900834.383505,2025-05-22T08:00:34.383511,0.2364453226327896,0.3845924437046051,Mistral-7B,2025-05-22T11:02:45.509420,7300000000,3,310,wiki
"wiki: Alabama has been identified as one of the most religious states in the United States, with about 58% of the population attending church regularly.",0.7,512,0,1747900841.6929133,2025-05-22T08:00:41.692919,0.25065183639526367,0.40250518918037415,Mistral-7B,2025-05-22T11:02:45.636554,7300000000,4,310,wiki
wiki: Variants also existed that were intermediate between the monumental and cursive styles.,0.7,512,0,1747900850.4070346,2025-05-22T08:00:50.407040,0.24219100177288055,0.3925495445728302,Mistral-7B,2025-05-22T11:02:47.092012,7300000000,0,315,wiki
wiki: Anti-capitalism Anti-fascism Economic ideologies Left-wing politics Libertarian socialism Libertarianism Political culture Political movements Political ideologies Social theories Socialism Far-left politics,0.7,512,0,1747900859.7671702,2025-05-22T08:00:59.767176,0.2518790066242218,0.4052269756793976,Mistral-7B,2025-05-22T11:02:47.181432,7300000000,1,315,wiki
"code: Explain what this code does:
def function_71(x): return x * 2",0.7,512,0,1747900867.798192,2025-05-22T08:01:07.798197,0.26100438833236694,0.4167972505092621,Mistral-7B,2025-05-22T11:02:47.258090,7300000000,2,315,code
"wiki: Sexual violence was a concern for anarchists such as Benjamin Tucker, who opposed age of consent laws, believing they would benefit predatory men.",0.7,512,0,1747900876.2117558,2025-05-22T08:01:16.211761,0.24143825471401215,0.3897131085395813,Mistral-7B,2025-05-22T11:02:47.335199,7300000000,3,315,wiki
"wiki: Typically, autism cannot be traced to a Mendelian (single-gene) mutation or to a single chromosome abnormality, and none of the genetic syndromes associated with ASDs have been shown to selectively cause ASD.",0.7,512,0,1747900884.6208181,2025-05-22T08:01:24.620823,0.2494676560163498,0.40112656354904175,Mistral-7B,2025-05-22T11:02:47.412568,7300000000,4,315,wiki
wiki: It has been in operation since 1929.,0.7,512,1,1747900920.4473987,2025-05-22T08:02:00.447405,0.2549309730529785,0.4049513339996338,Mistral-7B,2025-05-22T11:02:48.809617,7300000000,0,315,wiki
"news: Although you might find systems with more features (and a more powerful configuration system), Trac is very simple to set up and use.",0.7,512,1,1747900928.6408088,2025-05-22T08:02:08.640814,0.24850310385227203,0.3945774435997009,Mistral-7B,2025-05-22T11:02:48.889183,7300000000,1,315,news
"wiki: Many individuals with ASD show superior skills in perception and attention, relative to the general population.",0.7,512,1,1747900936.3515456,2025-05-22T08:02:16.351551,0.254070520401001,0.4032033383846283,Mistral-7B,2025-05-22T11:02:48.968169,7300000000,2,315,wiki
news: Figure A You can now go to Preferences and configure your installation of Trac.,0.7,512,1,1747900944.4678574,2025-05-22T08:02:24.467864,0.24832311272621155,0.39509686827659607,Mistral-7B,2025-05-22T11:02:49.051276,7300000000,3,315,news
fiction: Which of these would most likely improve the air quality in large Texas cities? (Answer: A),0.7,512,1,1747900951.5299356,2025-05-22T08:02:31.529941,0.25847354531288147,0.40909743309020996,Mistral-7B,2025-05-22T11:02:49.169765,7300000000,4,315,fiction
"code: Explain what this code does:
def function_74(x): return x * 2",0.7,512,0,1747900890.4190025,2025-05-22T08:01:30.419009,0.2522686719894409,0.40405914187431335,Mistral-7B,2025-05-22T11:02:50.564970,7300000000,0,320,code
news: Demarko Johnson and Johnathan Johnson were able to find McNeight at a gas station at Magnolia Beach Road and Thomas Drive.,0.7,512,0,1747900898.9745557,2025-05-22T08:01:38.974561,0.24172179400920868,0.39257246255874634,Mistral-7B,2025-05-22T11:02:50.645205,7300000000,1,320,news
"wiki: In May 2013, the DSM-5 was released, updating the classification for pervasive developmental disorders.",0.7,512,0,1747900907.3925452,2025-05-22T08:01:47.392550,0.24914593994617462,0.40149974822998047,Mistral-7B,2025-05-22T11:02:50.723065,7300000000,2,320,wiki
"code: Explain what this code does:
def function_98(x): return x * 2",0.7,512,0,1747900915.6935008,2025-05-22T08:01:55.693506,0.26085272431373596,0.4166317284107208,Mistral-7B,2025-05-22T11:02:50.800846,7300000000,3,320,code
"wiki: While part of the same large language family, the Muskogee tribes developed distinct cultures and languages.",0.7,512,0,1747900924.0098126,2025-05-22T08:02:04.009818,0.2525007128715515,0.40719491243362427,Mistral-7B,2025-05-22T11:02:50.878988,7300000000,4,320,wiki
"wiki: Tactics  Anarchists' tactics take various forms but in general serve two major goals, namely to first oppose the Establishment and secondly to promote anarchist ethics and reflect an anarchist vision of society, illustrating the unity of means and ends.",0.7,512,1,1747900959.670796,2025-05-22T08:02:39.670802,0.2386365532875061,0.3823435604572296,Mistral-7B,2025-05-22T11:02:52.289235,7300000000,0,320,wiki
"code: Explain what this code does:
def function_21(x): return x * 2",0.7,512,1,1747900967.6644788,2025-05-22T08:02:47.664484,0.2572517991065979,0.40615740418434143,Mistral-7B,2025-05-22T11:02:52.379817,7300000000,1,320,code
"fiction: According to a pH scale, which pH would be the strongest acid? (Answer: A)",0.7,512,1,1747900975.862761,2025-05-22T08:02:55.862766,0.2573651969432831,0.40747082233428955,Mistral-7B,2025-05-22T11:02:52.467149,7300000000,2,320,fiction
news: New York City Ballet continues its first year without Peter Martins at the helm as our spring season opens tonight.,0.7,512,1,1747900983.9321518,2025-05-22T08:03:03.932157,0.24643144011497498,0.39223745465278625,Mistral-7B,2025-05-22T11:02:52.555518,7300000000,3,320,news
fiction: Which statement best compares single-celled and multi-celled organisms? (Answer: C),0.7,512,1,1747900985.3437738,2025-05-22T08:03:05.343780,0.2515363097190857,0.3989419639110565,Mistral-7B,2025-05-22T11:02:52.642288,7300000000,4,320,fiction
"news: The four-person group is made up of members of the company's current artistic staff, led by ballet master and former principal dancer Jonathan Stafford.",0.7,512,1,1747900993.3125722,2025-05-22T08:03:13.312577,0.2380262017250061,0.38333868980407715,Mistral-7B,2025-05-22T11:02:54.037077,7300000000,0,325,news
"wiki: Self-injury: Behaviors such as eye-poking, skin-picking, hand-biting and head-banging.",0.7,512,1,1747901000.7034585,2025-05-22T08:03:20.703464,0.2550731599330902,0.40460506081581116,Mistral-7B,2025-05-22T11:02:54.119364,7300000000,1,325,wiki
"news: I've noticed it the most during dress rehearsals, particularly for Balanchine ballets.",0.7,512,1,1747901008.6446767,2025-05-22T08:03:28.644681,0.2464965581893921,0.39069607853889465,Mistral-7B,2025-05-22T11:02:54.199227,7300000000,2,325,news
fiction: Which of these is not an inherited trait in humans? (Answer: D),0.7,512,1,1747901016.8636334,2025-05-22T08:03:36.863638,0.25997915863990784,0.41180306673049927,Mistral-7B,2025-05-22T11:02:54.276752,7300000000,3,325,fiction
wiki: How autism occurs is not well understood.,0.7,512,1,1747901025.0957246,2025-05-22T08:03:45.095730,0.2536933124065399,0.40208694338798523,Mistral-7B,2025-05-22T11:02:54.352759,7300000000,4,325,wiki
news: The AWS Certified Security - Specialty Exam is now available to those who hold either an Associate or Cloud Practitioner certification from AWS.,0.7,512,0,1747900931.5022447,2025-05-22T08:02:11.502250,0.2546195983886719,0.4078720211982727,Mistral-7B,2025-05-22T11:02:55.759814,7300000000,0,325,news
wiki: Anarchism pays significant attention to moral arguments since ethics have a central role in anarchist philosophy.,0.7,512,0,1747900939.9533274,2025-05-22T08:02:19.953332,0.25069427490234375,0.4029567837715149,Mistral-7B,2025-05-22T11:02:55.835934,7300000000,1,325,wiki
"wiki: Despite African Americans making up a significant minority in the state, they had been unable to elect any representatives in most of the at-large jurisdictions.",0.7,512,0,1747900946.0288303,2025-05-22T08:02:26.028835,0.2552782893180847,0.4108346700668335,Mistral-7B,2025-05-22T11:02:55.912358,7300000000,2,325,wiki
"wiki: Epidemiology  As of 2007, reviews estimate a prevalence of 1–2 per 1,000 for autism and close to 6 per 1,000 for ASD.",0.7,512,0,1747900954.5704246,2025-05-22T08:02:34.570430,0.24243700504302979,0.39112523198127747,Mistral-7B,2025-05-22T11:02:55.988050,7300000000,3,325,wiki
"news: Stay informed, click here to subscribe to the TechRepublic Cloud Insights newsletter.",0.7,512,0,1747900962.943582,2025-05-22T08:02:42.943586,0.23949378728866577,0.38477903604507446,Mistral-7B,2025-05-22T11:02:56.082207,7300000000,4,325,news
"wiki: The Hunt Refining Company, a subsidiary of Hunt Consolidated, Inc., is based in Tuscaloosa and operates a refinery there.",0.7,512,0,1747900971.7566462,2025-05-22T08:02:51.756652,0.2449631243944168,0.39556923508644104,Mistral-7B,2025-05-22T11:02:57.480238,7300000000,0,330,wiki
"news: James Dean Riles, the other transient, was unable to cash his fraudulent check at the first bank, and was taken by Clarence Suggs and Reginald Hughes to a second bank where he was successful.",0.7,512,0,1747900979.3731651,2025-05-22T08:02:59.373170,0.22581425309181213,0.3674548864364624,Mistral-7B,2025-05-22T11:02:57.633997,7300000000,1,330,news
"wiki: NASA's Marshall Space Flight Center in Huntsville would help Alabama's economic growth in the mid-to-late 20th century, by developing an aerospace industry.",0.7,512,0,1747900987.8987136,2025-05-22T08:03:07.898719,0.24264992773532867,0.39223694801330566,Mistral-7B,2025-05-22T11:02:57.759065,7300000000,2,330,wiki
"code: Explain what this code does:
def function_25(x): return x * 2",0.7,512,0,1747900995.3724947,2025-05-22T08:03:15.372500,0.2554224729537964,0.40825068950653076,Mistral-7B,2025-05-22T11:02:57.876629,7300000000,3,330,code
"news: That's how SFB describes their upcoming tribute to Jerome Robbins, March 20-25.",0.7,512,0,1747901003.801957,2025-05-22T08:03:23.801963,0.24479137361049652,0.3956420421600342,Mistral-7B,2025-05-22T11:02:57.999312,7300000000,4,330,news
"news: Between run-throughs, each fastidiously practices difficult sections, never satisfied with the results.",0.7,512,1,1747901033.587292,2025-05-22T08:03:53.587297,0.24859753251075745,0.3963545262813568,Mistral-7B,2025-05-22T11:02:59.428973,7300000000,0,330,news
wiki: Alabama receives an average of  of rainfall annually and enjoys a lengthy growing season of up to 300 days in the southern part of the state.,0.7,512,1,1747901041.6142209,2025-05-22T08:04:01.614226,0.254854679107666,0.4034150242805481,Mistral-7B,2025-05-22T11:02:59.534082,7300000000,1,330,wiki
news: There's just an amazing sense of trust and spontaneity; I feel so connected when I'm out there.,0.7,512,1,1747901049.8202424,2025-05-22T08:04:09.820248,0.24948979914188385,0.39579108357429504,Mistral-7B,2025-05-22T11:02:59.643357,7300000000,2,330,news
fiction: Cellular respiration results in the production of adenosine triphosphate (ATP) molecules for energy. The most efficient form of cellular respiration would result in the production of ATP along with which substances? (Answer: D),0.7,512,1,1747901051.7626,2025-05-22T08:04:11.762605,0.2550716698169708,0.40396347641944885,Mistral-7B,2025-05-22T11:02:59.743611,7300000000,3,330,fiction
fiction: The source of energy for the Earth's water cycle is the (Answer: B),0.7,512,1,1747901058.225549,2025-05-22T08:04:18.225554,0.25794246792793274,0.4080810248851776,Mistral-7B,2025-05-22T11:02:59.854793,7300000000,4,330,fiction
"wiki: Their values can differ significantly, which is a common source of confusion.",0.7,512,0,1747901012.6044066,2025-05-22T08:03:32.604412,0.24731630086898804,0.39908039569854736,Mistral-7B,2025-05-22T11:03:01.264059,7300000000,0,335,wiki
news: 1.,0.7,512,0,1747901020.6898813,2025-05-22T08:03:40.689886,0.23737624287605286,0.3854292929172516,Mistral-7B,2025-05-22T11:03:01.370590,7300000000,1,335,news
"wiki: Bryant–Denny Stadium is the home of the Alabama football team, and has a seating capacity of 101,821, and is the fifth largest stadium in America.",0.7,512,0,1747901029.0759523,2025-05-22T08:03:49.075957,0.24580194056034088,0.39524737000465393,Mistral-7B,2025-05-22T11:03:01.478014,7300000000,2,335,wiki
"wiki: Construction of an Airbus A320 family aircraft assembly plant in Mobile was formally announced by Airbus CEO Fabrice Brégier from the Mobile Convention Center on July 2, 2012.",0.7,512,0,1747901036.9336646,2025-05-22T08:03:56.933670,0.24643021821975708,0.39704665541648865,Mistral-7B,2025-05-22T11:03:01.615724,7300000000,3,335,wiki
"news: Additionally, compliance and security whitepapers will also help prepare would-be test takers.",0.7,512,0,1747901045.220934,2025-05-22T08:04:05.220939,0.24351875483989716,0.3926200866699219,Mistral-7B,2025-05-22T11:03:01.727860,7300000000,4,335,news
wiki: Joseph Raz states that the acceptance of authority implies the belief that following their instructions will afford more success.,0.7,512,1,1747901066.794881,2025-05-22T08:04:26.794887,0.245198056101799,0.39006736874580383,Mistral-7B,2025-05-22T11:03:03.172459,7300000000,0,335,wiki
"code: Explain what this code does:
def function_53(x): return x * 2",0.7,512,1,1747901074.3617444,2025-05-22T08:04:34.361750,0.2623720169067383,0.41350075602531433,Mistral-7B,2025-05-22T11:03:03.259909,7300000000,1,335,code
"wiki: By the 9th century, the Caroline script, which was very similar to the present-day form, was the principal form used in book-making, before the advent of the printing press.",0.7,512,1,1747901082.7499762,2025-05-22T08:04:42.749982,0.24336493015289307,0.38801121711730957,Mistral-7B,2025-05-22T11:03:03.336251,7300000000,2,335,wiki
news: Subscribe Also see,0.7,512,1,1747901090.9491658,2025-05-22T08:04:50.949171,0.25065141916275024,0.39914393424987793,Mistral-7B,2025-05-22T11:03:03.412227,7300000000,3,335,news
"news: Offered in two different styles and either 2.5"" or 3"" heels, top industry professionals are loving how versatile and supportive these shoes are!",0.7,512,1,1747901098.2126453,2025-05-22T08:04:58.212651,0.2482829988002777,0.3947087526321411,Mistral-7B,2025-05-22T11:03:03.488238,7300000000,4,335,news
news: The Bay County Sheriff’s Office announced the arrest of a local man on charges he committed sexual battery on a child.,0.7,512,0,1747901054.2115602,2025-05-22T08:04:14.211565,0.24921870231628418,0.4008341133594513,Mistral-7B,2025-05-22T11:03:04.896031,7300000000,0,340,news
wiki: The current state constitution requires a voter referendum to raise property taxes.,0.7,512,0,1747901062.252376,2025-05-22T08:04:22.252381,0.24368049204349518,0.39271900057792664,Mistral-7B,2025-05-22T11:03:04.981680,7300000000,1,340,wiki
"wiki: At the end of the Roman Empire (5th century AD), several variants of the cursive minuscule developed through Western Europe.",0.7,512,0,1747901070.5307934,2025-05-22T08:04:30.530799,0.2373553365468979,0.383646696805954,Mistral-7B,2025-05-22T11:03:05.076506,7300000000,2,340,wiki
"wiki: Maternal inflammatory and autoimmune diseases may damage fetal tissues, aggravating a genetic problem or damaging the nervous system.",0.7,512,0,1747901078.7654781,2025-05-22T08:04:38.765484,0.2504945695400238,0.40415647625923157,Mistral-7B,2025-05-22T11:03:05.164576,7300000000,3,340,wiki
"wiki: In some years, it imposes more death sentences than does Texas, a state which has a population five times larger.",0.7,512,0,1747901087.1466255,2025-05-22T08:04:47.146631,0.24491053819656372,0.39593368768692017,Mistral-7B,2025-05-22T11:03:05.254730,7300000000,4,340,wiki
wiki: Over Antarctica snow albedo averages a little more than 0.8.,0.7,512,1,1747901106.308841,2025-05-22T08:05:06.308847,0.2549358606338501,0.4053272008895874,Mistral-7B,2025-05-22T11:03:06.672313,7300000000,0,340,wiki
"wiki: This benefited the urban areas that had developed, as well as all in the population who had been underrepresented for more than sixty years.",0.7,512,1,1747901114.4328365,2025-05-22T08:05:14.432841,0.23253338038921356,0.3737122118473053,Mistral-7B,2025-05-22T11:03:06.771283,7300000000,1,340,wiki
news: Log in with the user admin and the password you set when you created admin user earlier.,0.7,512,1,1747901122.634114,2025-05-22T08:05:22.634119,0.2515604496002197,0.3982282876968384,Mistral-7B,2025-05-22T11:03:06.871059,7300000000,2,340,news
"wiki: Williams, Benjamin Buford.",0.7,512,1,1747901130.799105,2025-05-22T08:05:30.799111,0.2550126612186432,0.4050188362598419,Mistral-7B,2025-05-22T11:03:06.972746,7300000000,3,340,wiki
"fiction: One evening as it is getting dark, Alex sits on the front porch and watches the sun slowly disappear behind the neighbor's house across the street. Which explains this observation? (Answer: D)",0.7,512,1,1747901137.934138,2025-05-22T08:05:37.934144,0.2518358826637268,0.3991948366165161,Mistral-7B,2025-05-22T11:03:07.090856,7300000000,4,340,fiction
"news: It's part of my individuality,'"" he said.",0.7,512,0,1747901092.808359,2025-05-22T08:04:52.808364,0.2522963583469391,0.4051721692085266,Mistral-7B,2025-05-22T11:03:08.570580,7300000000,0,345,news
"wiki: By 1941 more Whites than Blacks had been disenfranchised: 600,000 to 520,000.",0.7,512,0,1747901101.2515254,2025-05-22T08:05:01.251532,0.2390611618757248,0.3871111273765564,Mistral-7B,2025-05-22T11:03:08.679989,7300000000,1,345,wiki
"wiki: Water ports of Alabama, listed from north to south:  See also   Index of Alabama-related articles  Outline of Alabama—organized list of topics about Alabama  Notes  References  Further reading   Atkins, Leah Rawls, Wayne Flynt, William Warren Rogers, and David Ward.",0.7,512,0,1747901109.874669,2025-05-22T08:05:09.874675,0.22964194416999817,0.37376531958580017,Mistral-7B,2025-05-22T11:03:08.781326,7300000000,2,345,wiki
"news: The partnership is known for creatively intersecting design and dance; last summer they created a swimwear line based on Justin Peck costumes, and in November they presented their design-driven Nutcracker.",0.7,512,0,1747901118.2446067,2025-05-22T08:05:18.244611,0.23471203446388245,0.380496621131897,Mistral-7B,2025-05-22T11:03:08.855849,7300000000,3,345,news
"news: The big takeaways for tech leaders: Qualcomm has unveiled the Snapdragon XR1 chip, which could bring high-quality AR and VR experiences to more users, at a lower cost.",0.7,512,0,1747901126.6736119,2025-05-22T08:05:26.673617,0.24752432107925415,0.39858028292655945,Mistral-7B,2025-05-22T11:03:08.930599,7300000000,4,345,news
news: And then the last third is basically just direct quotes from his films and bringing them back to life.,0.7,512,1,1747901146.9643812,2025-05-22T08:05:46.964386,0.2289460450410843,0.3681739568710327,Mistral-7B,2025-05-22T11:03:10.348005,7300000000,0,345,news
"news: The Bolshoi Premiere of John Neumeier's Anna Karenina Last July Hamburg Ballet presented the world premiere of John Neumeier's Anna Karenina, a modern adaptation on Leo Tolstoy's famous novel.",0.7,512,1,1747901154.7941823,2025-05-22T08:05:54.794188,0.2570922374725342,0.40817850828170776,Mistral-7B,2025-05-22T11:03:10.447685,7300000000,1,345,news
"news: The device is smaller than a credit card, has no moving parts, generates no heat, is wall-mountable, is powered by a standard USB (or included mini USB), and offers a standard ethernet connection.",0.7,512,1,1747901163.4156358,2025-05-22T08:06:03.415641,0.241933211684227,0.38514164090156555,Mistral-7B,2025-05-22T11:03:10.559886,7300000000,2,345,news
wiki: The atypical antipsychotic drugs risperidone and aripiprazole are FDA-approved for treating associated aggressive and self-injurious behaviors.,0.7,512,1,1747901171.8982182,2025-05-22T08:06:11.898223,0.25974130630493164,0.41370147466659546,Mistral-7B,2025-05-22T11:03:10.671580,7300000000,3,345,wiki
"wiki: Different types of clouds exhibit different reflectivity, theoretically ranging in albedo from a minimum of near 0 to a maximum approaching 0.8.",0.7,512,1,1747901180.2760012,2025-05-22T08:06:20.276007,0.2483145296573639,0.39603757858276367,Mistral-7B,2025-05-22T11:03:10.781968,7300000000,4,345,wiki
wiki: The Etruscans brought the Greek alphabet to their civilization in the Italian Peninsula and left the letter unchanged.,0.7,512,0,1747901128.813471,2025-05-22T08:05:28.813478,0.2432388812303543,0.3932124972343445,Mistral-7B,2025-05-22T11:03:12.249033,7300000000,0,350,wiki
news: P A men's classical Chinese dance class.,0.7,512,0,1747901138.5442176,2025-05-22T08:05:38.544224,0.2502498924732208,0.40381452441215515,Mistral-7B,2025-05-22T11:03:12.355032,7300000000,1,350,news
"wiki: During and after World War II, Alabama grew as the state's economy diversified with new industries.",0.7,512,0,1747901144.255114,2025-05-22T08:05:44.255120,0.24373973906040192,0.3925337493419647,Mistral-7B,2025-05-22T11:03:12.460887,7300000000,2,350,wiki
"fiction: Based on their locations in the periodic table, which element has chemical properties most similar to those of calcium, Ca? (Answer: A)",0.7,512,0,1747901149.997259,2025-05-22T08:05:49.997264,0.24946536123752594,0.4015381336212158,Mistral-7B,2025-05-22T11:03:12.555563,7300000000,3,350,fiction
news: BDA does participate in exchange programs with ballet schools around the world.,0.7,512,0,1747901158.3678083,2025-05-22T08:05:58.367812,0.24611420929431915,0.39628052711486816,Mistral-7B,2025-05-22T11:03:12.649673,7300000000,4,350,news
wiki: The term albedo was introduced into optics by Johann Heinrich Lambert in his 1760 work Photometria.,0.7,512,1,1747901188.4246101,2025-05-22T08:06:28.424615,0.25427213311195374,0.40400275588035583,Mistral-7B,2025-05-22T11:03:14.125935,7300000000,0,350,wiki
"wiki: Nonetheless, his ideas formed the inspiration for a series of modern schools around the world.",0.7,512,1,1747901196.3576245,2025-05-22T08:06:36.357630,0.24312183260917664,0.3899954855442047,Mistral-7B,2025-05-22T11:03:14.236422,7300000000,1,350,wiki
"news: Although the agreement was for the transients to get about $80 for their part in the scam, McNeight took half of the money and fled on foot.",0.7,512,1,1747901204.64183,2025-05-22T08:06:44.641836,0.22987066209316254,0.37063172459602356,Mistral-7B,2025-05-22T11:03:14.328940,7300000000,2,350,news
"wiki: Alabama's constitution has been amended more than 700 times, and almost one-third of the amendments are local in nature, applying to only one county or city.",0.7,512,1,1747901212.8782213,2025-05-22T08:06:52.878227,0.2499198168516159,0.3970734179019928,Mistral-7B,2025-05-22T11:03:14.417120,7300000000,3,350,wiki
"news: Said solution is Gitstorage, an easy-to-deploy appliance dedicated to housing your Git repositories.",0.7,512,1,1747901222.1640396,2025-05-22T08:07:02.164046,0.2449844479560852,0.3901583254337311,Mistral-7B,2025-05-22T11:03:14.507276,7300000000,4,350,news
wiki: Preempted diagnoses.,0.7,512,0,1747901161.339836,2025-05-22T08:06:01.339842,0.24443888664245605,0.3945714831352234,Mistral-7B,2025-05-22T11:03:15.909697,7300000000,0,355,wiki
wiki: Many autistic individuals have been successful in their fields.,0.7,512,0,1747901168.665856,2025-05-22T08:06:08.665861,0.2510944902896881,0.4046969711780548,Mistral-7B,2025-05-22T11:03:15.995447,7300000000,1,355,wiki
"news: Photo by Paul Kolnik, Courtesy New York City Ballet.",0.7,512,0,1747901176.6541388,2025-05-22T08:06:16.654144,0.25048327445983887,0.40387290716171265,Mistral-7B,2025-05-22T11:03:16.093557,7300000000,2,355,news
news: We had our first workshop four years ago.,0.7,512,0,1747901182.2709684,2025-05-22T08:06:22.270974,0.24684040248394012,0.39698684215545654,Mistral-7B,2025-05-22T11:03:16.184144,7300000000,3,355,news
"fiction: A scientist put several different plants in a sealed container. Every hour, she checked the oxygen in the container to see if it changed. How did the oxygen in the container most likely change? (Answer: A)",0.7,512,0,1747901185.4916885,2025-05-22T08:06:25.491694,0.24848681688308716,0.3995305895805359,Mistral-7B,2025-05-22T11:03:16.275673,7300000000,4,355,fiction
"wiki: Owen Thomas M. History of Alabama and Dictionary of Alabama Biography (4 vols, 1921).",0.7,512,1,1747901231.1317294,2025-05-22T08:07:11.131735,0.24829179048538208,0.3952385187149048,Mistral-7B,2025-05-22T11:03:17.741620,7300000000,0,355,wiki
"code: Explain what this code does:
def function_12(x): return x * 2",0.7,512,1,1747901237.572352,2025-05-22T08:07:17.572358,0.26055482029914856,0.4111434817314148,Mistral-7B,2025-05-22T11:03:17.821710,7300000000,1,355,code
"news: Even if you're a one-person shop consultancy, it can be easy to drown in a quagmire of projects.",0.7,512,1,1747901245.0178735,2025-05-22T08:07:25.017890,0.25425848364830017,0.40260830521583557,Mistral-7B,2025-05-22T11:03:17.899140,7300000000,2,355,news
wiki: and possibly Alabahmu.,0.7,512,1,1747901253.297095,2025-05-22T08:07:33.297100,0.250287801027298,0.4010709524154663,Mistral-7B,2025-05-22T11:03:17.976071,7300000000,3,355,wiki
"news: Krohn joined NYCB as an apprentice in the fall of 1998 and slowly rose through the ranks, becoming a principal in 2012.",0.7,512,1,1747901261.2810247,2025-05-22T08:07:41.281030,0.2566555142402649,0.4059164524078369,Mistral-7B,2025-05-22T11:03:18.078957,7300000000,4,355,news
"wiki: A genotype-first model of diagnosis has been proposed, which would routinely assess the genome's copy number variations.",0.7,512,1,1747901270.1393492,2025-05-22T08:07:50.139355,0.25105345249176025,0.3998473286628723,Mistral-7B,2025-05-22T11:03:19.536271,7300000000,0,360,wiki
"wiki: An estimated 60–80% of autistic people have motor signs that include poor muscle tone, poor motor planning, and toe walking;  deficits in motor coordination are pervasive across ASD and are greater in autism proper.",0.7,512,1,1747901278.2190049,2025-05-22T08:07:58.219009,0.2384725660085678,0.38141360878944397,Mistral-7B,2025-05-22T11:03:19.618812,7300000000,1,360,wiki
"news: According to Fullington, Balanchine took this slide from Ivanov's original choreography.",0.7,512,1,1747901285.2931147,2025-05-22T08:08:05.293119,0.24507446587085724,0.39272505044937134,Mistral-7B,2025-05-22T11:03:19.718667,7300000000,2,360,news
"news: Regina, 40, will retire from the stage in March, just as her daughter starts her own career as a trainee.",0.7,512,1,1747901293.0243,2025-05-22T08:08:13.024305,0.24652808904647827,0.39120054244995117,Mistral-7B,2025-05-22T11:03:19.815881,7300000000,3,360,news
"news: I've always really loved the Balanchine black and white ballets, and there are some Robbins ballets that are always so fulfilling.",0.7,512,1,1747901301.2224967,2025-05-22T08:08:21.222502,0.24094797670841217,0.38407859206199646,Mistral-7B,2025-05-22T11:03:19.918135,7300000000,4,360,news
fiction: Which of these is an example of liquid water? (Answer: C),0.7,512,0,1747901192.1874347,2025-05-22T08:06:32.187440,0.2501872181892395,0.4012712240219116,Mistral-7B,2025-05-22T11:03:21.337032,7300000000,0,360,fiction
"news: During the first round, the final screen was blank.",0.7,512,0,1747901200.4496212,2025-05-22T08:06:40.449627,0.24272197484970093,0.3920934498310089,Mistral-7B,2025-05-22T11:03:21.443619,7300000000,1,360,news
"news: I approached him about doing a different project a long time ago, and he said ""well, maybe that's not the correct project.""",0.7,512,0,1747901208.6491816,2025-05-22T08:06:48.649187,0.2456475794315338,0.3945450484752655,Mistral-7B,2025-05-22T11:03:21.526582,7300000000,2,360,news
"wiki: Although popularly used as an alternative treatment for autistic people, as of 2018 there is no good evidence to recommend a gluten- and casein-free diet as a standard treatment.",0.7,512,0,1747901216.9917877,2025-05-22T08:06:56.991793,0.2467573881149292,0.39744243025779724,Mistral-7B,2025-05-22T11:03:21.605737,7300000000,3,360,wiki
fiction: An astronomer is studying two stars that are the same distance from Earth. Star X appears brighter than star Y. Which statement best explains this observation? (Answer: A),0.7,512,0,1747901220.393345,2025-05-22T08:07:00.393351,0.25055211782455444,0.4023631811141968,Mistral-7B,2025-05-22T11:03:21.688837,7300000000,4,360,fiction
"wiki: Summers in Alabama are among the hottest in the U.S., with high temperatures averaging over  throughout the summer in some parts of the state.",0.7,512,1,1747901309.5651636,2025-05-22T08:08:29.565169,0.2600405514240265,0.4115987718105316,Mistral-7B,2025-05-22T11:03:23.112197,7300000000,0,365,wiki
news: In general I would say the time that I've had onstage with some of my friends and dancing partners has been so special.,0.7,512,1,1747901316.3652053,2025-05-22T08:08:36.365211,0.25004443526268005,0.39635026454925537,Mistral-7B,2025-05-22T11:03:23.213989,7300000000,1,365,news
"news: For some, that means setting up a server and running a Git repository for the housing of proprietary or open source code.",0.7,512,1,1747901324.677365,2025-05-22T08:08:44.677370,0.24750292301177979,0.3933383822441101,Mistral-7B,2025-05-22T11:03:23.320812,7300000000,2,365,news
"wiki: Alabama () is a state in the Southeastern region of the United States, bordered by Tennessee to the north; Georgia to the east; Florida and the Gulf of Mexico to the south; and Mississippi to the west.",0.7,512,1,1747901333.0742772,2025-05-22T08:08:53.074282,0.2669431269168854,0.42095667123794556,Mistral-7B,2025-05-22T11:03:23.424016,7300000000,3,365,wiki
"wiki: In comparison, for PDD-NOS the association with intellectual disability is much weaker, and by definition, the diagnosis of Asperger's excludes intellectual disability.",0.7,512,1,1747901341.437264,2025-05-22T08:09:01.437269,0.24823832511901855,0.39650478959083557,Mistral-7B,2025-05-22T11:03:23.529093,7300000000,4,365,wiki
"wiki: Of the parks and natural destinations, Alabama's Gulf Coast topped the list with 6,700,000 visitors.",0.7,512,0,1747901228.2913396,2025-05-22T08:07:08.291344,0.24749881029129028,0.3993375897407532,Mistral-7B,2025-05-22T11:03:24.932411,7300000000,0,365,wiki
"code: Explain what this code does:
def function_4(x): return x * 2",0.7,512,0,1747901237.8901954,2025-05-22T08:07:17.890201,0.25859779119491577,0.413154661655426,Mistral-7B,2025-05-22T11:03:25.054890,7300000000,1,365,code
"wiki: Other members of the executive branch include the cabinet, the lieutenant governor of Alabama, the Attorney General of Alabama, the Alabama Secretary of State, the Alabama State Treasurer, and the State Auditor of Alabama.",0.7,512,0,1747901241.0473218,2025-05-22T08:07:21.047328,0.25294676423072815,0.4066259562969208,Mistral-7B,2025-05-22T11:03:25.167222,7300000000,2,365,wiki
"code: Explain what this code does:
def function_16(x): return x * 2",0.7,512,0,1747901249.2469363,2025-05-22T08:07:29.246942,0.25931572914123535,0.41434168815612793,Mistral-7B,2025-05-22T11:03:25.253114,7300000000,3,365,code
"code: Explain what this code does:
def function_55(x): return x * 2",0.7,512,0,1747901256.4613233,2025-05-22T08:07:36.461328,0.25993865728378296,0.4154975116252899,Mistral-7B,2025-05-22T11:03:25.329262,7300000000,4,365,code
"code: Explain what this code does:
def function_23(x): return x * 2",0.7,512,1,1747901348.614357,2025-05-22T08:09:08.614363,0.2640877068042755,0.416014701128006,Mistral-7B,2025-05-22T11:03:26.729084,7300000000,0,370,code
"wiki: A defence of philosophical anarchism, stating that ""both kinds of 'anarchism' [i.e.",0.7,512,1,1747901356.994211,2025-05-22T08:09:16.994217,0.2467082291841507,0.3949151933193207,Mistral-7B,2025-05-22T11:03:26.811866,7300000000,1,370,wiki
"code: Explain what this code does:
def function_10(x): return x * 2",0.7,512,1,1747901365.235839,2025-05-22T08:09:25.235844,0.2637190520763397,0.41499778628349304,Mistral-7B,2025-05-22T11:03:26.890119,7300000000,2,370,code
wiki: Siblings of children with ASD report greater admiration of and less conflict with the affected sibling than siblings of unaffected children and were similar to siblings of children with Down syndrome in these aspects of the sibling relationship.,0.7,512,1,1747901366.754149,2025-05-22T08:09:26.754156,0.25637900829315186,0.40682342648506165,Mistral-7B,2025-05-22T11:03:26.966688,7300000000,3,370,wiki
wiki: Cotton and other cash crops faded in importance as the state developed a manufacturing and service base.,0.7,512,1,1747901374.6320586,2025-05-22T08:09:34.632064,0.250072717666626,0.39915379881858826,Mistral-7B,2025-05-22T11:03:27.048391,7300000000,4,370,wiki
"news: ""This is not Shakespeare's Midsummer,"" says Joffrey Ballet artistic director Ashley Wheater.",0.7,512,0,1747901265.2659988,2025-05-22T08:07:45.266005,0.24130293726921082,0.39019688963890076,Mistral-7B,2025-05-22T11:03:28.425729,7300000000,0,370,news
"news: SEE: Virtual and augmented reality policy (Tech Pro Research) The XR1 features an ARM-based multi-core CPU, a vector processor, a GPU, and a dedicated AI engine for on-board processing.",0.7,512,0,1747901273.6409702,2025-05-22T08:07:53.640976,0.23680450022220612,0.3827276825904846,Mistral-7B,2025-05-22T11:03:28.502145,7300000000,1,370,news
"wiki: Health In 2018, life expectancy in Alabama was 75.1 years, below the national average of 78.7 years and is the third lowest life expectancy in the country.",0.7,512,0,1747901275.0689094,2025-05-22T08:07:55.068913,0.24722571671009064,0.3972102999687195,Mistral-7B,2025-05-22T11:03:28.598612,7300000000,2,370,wiki
"wiki: In music, anarchism has been associated with music scenes such as punk.",0.7,512,0,1747901279.43516,2025-05-22T08:07:59.435166,0.2397916167974472,0.38698050379753113,Mistral-7B,2025-05-22T11:03:28.677385,7300000000,3,370,wiki
"wiki: Radar Albedos of Solar System Objects  The values reported for the Moon, Mercury, Mars, Venus, and Comet P/2005 JQ5 are derived from the total (OC+SC) radar albedo reported in those references.",0.7,512,0,1747901288.05838,2025-05-22T08:08:08.058385,0.2392285317182541,0.38781487941741943,Mistral-7B,2025-05-22T11:03:28.756444,7300000000,4,370,wiki
news: Each appliance is a single board computer (based on the Raspberry Pi).,0.7,512,0,1747901296.8966568,2025-05-22T08:08:16.896662,0.24306344985961914,0.39200350642204285,Mistral-7B,2025-05-22T11:03:30.158537,7300000000,0,375,news
wiki: Notes  The Talladega Superspeedway motorsports complex hosts a series of NASCAR events.,0.7,512,0,1747901304.6315987,2025-05-22T08:08:24.631604,0.2468184530735016,0.39790597558021545,Mistral-7B,2025-05-22T11:03:30.237884,7300000000,1,375,wiki
news: Pei Yu learned Over Glow from Elo himself.,0.7,512,0,1747901312.9251769,2025-05-22T08:08:32.925182,0.2441379874944687,0.3960303068161011,Mistral-7B,2025-05-22T11:03:30.319934,7300000000,2,375,news
"news: The notes were incomplete and difficult to read, yet Sergeyev persisted, and The Nutcracker made it to the stage.",0.7,512,0,1747901320.8969884,2025-05-22T08:08:40.896993,0.24803879857063293,0.40160298347473145,Mistral-7B,2025-05-22T11:03:30.406141,7300000000,3,375,news
wiki: Rural workers poured into the largest cities in the state for better jobs and a higher standard of living.,0.7,512,0,1747901329.0677385,2025-05-22T08:08:49.067746,0.2453450858592987,0.3964487314224243,Mistral-7B,2025-05-22T11:03:30.486782,7300000000,4,375,wiki
"wiki: Not only did they confront state armed forces, as in Spain and Ukraine, but some of them also employed terrorism as propaganda of the deed.",0.7,512,1,1747901383.1695874,2025-05-22T08:09:43.169593,0.23733894526958466,0.3812507390975952,Mistral-7B,2025-05-22T11:03:31.920517,7300000000,0,375,wiki
"wiki: Anarchism calls for the abolition of the state, which it holds to be unnecessary, undesirable, and harmful.",0.7,512,1,1747901391.2479393,2025-05-22T08:09:51.247944,0.256246417760849,0.40544992685317993,Mistral-7B,2025-05-22T11:03:32.005484,7300000000,1,375,wiki
wiki: Aerosols modify the properties of clouds through a subset of the aerosol population called cloud condensation nuclei.,0.7,512,1,1747901400.666008,2025-05-22T08:10:00.666013,0.2526503801345825,0.4016096293926239,Mistral-7B,2025-05-22T11:03:32.114868,7300000000,2,375,wiki
"news: Once I had that IP address, I could point my browser to that address and login with user root and password password.",0.7,512,1,1747901408.9163482,2025-05-22T08:10:08.916354,0.25271350145339966,0.4006637632846832,Mistral-7B,2025-05-22T11:03:32.200248,7300000000,3,375,news
wiki: History  Pre-European settlement  Indigenous peoples of varying cultures lived in the area for thousands of years before the advent of European colonization.,0.7,512,1,1747901417.4430168,2025-05-22T08:10:17.443021,0.25421249866485596,0.40318191051483154,Mistral-7B,2025-05-22T11:03:32.287834,7300000000,4,375,wiki
wiki: The Ceremonial Complex represents a major component of the religion of the Mississippian peoples; it is one of the primary means by which their religion is understood.,0.7,512,0,1747901337.6630285,2025-05-22T08:08:57.663034,0.24171870946884155,0.3923121988773346,Mistral-7B,2025-05-22T11:03:33.694514,7300000000,0,380,wiki
fiction: Four materials are put into small containers. These materials are then moved from the small containers into larger containers. Which material will spread out to completely fill a larger container? (Answer: A),0.7,512,0,1747901345.9863672,2025-05-22T08:09:05.986372,0.24770456552505493,0.3987552523612976,Mistral-7B,2025-05-22T11:03:33.776369,7300000000,1,380,fiction
"wiki: After 1890, a coalition of White Democratic politicians passed laws to segregate and disenfranchise African American residents, a process completed in provisions of the 1901 constitution.",0.7,512,0,1747901353.6853144,2025-05-22T08:09:13.685319,0.24261929094791412,0.3921906352043152,Mistral-7B,2025-05-22T11:03:33.856508,7300000000,2,380,wiki
"code: Explain what this code does:
def function_82(x): return x * 2",0.7,512,0,1747901361.4662795,2025-05-22T08:09:21.466285,0.2561110258102417,0.4093749523162842,Mistral-7B,2025-05-22T11:03:33.938423,7300000000,3,380,code
"wiki: Some anarchists distanced themselves from this line of thinking, suggesting that it leaned towards an individualism that was dropping the cause of social liberation.",0.7,512,0,1747901369.6605072,2025-05-22T08:09:29.660513,0.2432834506034851,0.3932846784591675,Mistral-7B,2025-05-22T11:03:34.021050,7300000000,4,380,wiki
"wiki: 21st century  In 2001, Alabama Supreme Court chief justice Roy Moore installed a statue of the Ten Commandments in the capitol in Montgomery.",0.7,512,1,1747901426.266831,2025-05-22T08:10:26.266837,0.2552662789821625,0.40455517172813416,Mistral-7B,2025-05-22T11:03:35.406999,7300000000,0,380,wiki
"wiki: In 2010, per capita income for the state was $22,984.",0.7,512,1,1747901434.5237317,2025-05-22T08:10:34.523738,0.24847035109996796,0.39440423250198364,Mistral-7B,2025-05-22T11:03:35.495929,7300000000,1,380,wiki
"wiki: The Goodyear Tire and Rubber Company operates a large plant in Gadsden which employs about 1,400 people.",0.7,512,1,1747901442.7614453,2025-05-22T08:10:42.761451,0.2530156672000885,0.40207532048225403,Mistral-7B,2025-05-22T11:03:35.592980,7300000000,2,380,wiki
"wiki: In sunlight, dark clothes absorb more heat and light-coloured clothes reflect it better, thus allowing some control over body temperature by exploiting the albedo effect of the colour of external clothing.",0.7,512,1,1747901444.249688,2025-05-22T08:10:44.249694,0.24972781538963318,0.3968241512775421,Mistral-7B,2025-05-22T11:03:35.675011,7300000000,3,380,wiki
"code: Explain what this code does:
def function_30(x): return x * 2",0.7,512,1,1747901451.9763093,2025-05-22T08:10:51.976314,0.26495933532714844,0.41726502776145935,Mistral-7B,2025-05-22T11:03:35.753545,7300000000,4,380,code
"wiki: Anarcho-syndicalism is a branch of anarchism that views labour syndicates as a potential force for revolutionary social change, replacing capitalism and the state with a new society democratically self-managed by workers.",0.7,512,1,1747901460.6215086,2025-05-22T08:11:00.621514,0.24899666011333466,0.3947334587574005,Mistral-7B,2025-05-22T11:03:37.159557,7300000000,0,385,wiki
"news: Additional security trainings on AWS Security Fundamentals, Authentication and Authorization with AWS Identity and Access Management, AWS Shared Responsibility Model, and AWS Well-Architected Training are also helpful.",0.7,512,1,1747901468.822829,2025-05-22T08:11:08.822834,0.25691330432891846,0.4070577919483185,Mistral-7B,2025-05-22T11:03:37.272944,7300000000,1,385,news
"wiki: The overall federal, state, and local tax burden in Alabama ranks the state as the second least tax-burdened state in the country.",0.7,512,1,1747901474.5492275,2025-05-22T08:11:14.549233,0.2551563084125519,0.4046843945980072,Mistral-7B,2025-05-22T11:03:37.387328,7300000000,2,385,wiki
wiki: It has been proposed to classify autism using genetics as well as behavior.,0.7,512,1,1747901482.0517397,2025-05-22T08:11:22.051746,0.2564379572868347,0.4061243236064911,Mistral-7B,2025-05-22T11:03:37.493149,7300000000,3,385,wiki
fiction: How is a moth's life cycle most different from an insect that goes through incomplete metamorphosis? (Answer: A),0.7,512,1,1747901490.866744,2025-05-22T08:11:30.866749,0.2543005645275116,0.40355002880096436,Mistral-7B,2025-05-22T11:03:37.602167,7300000000,4,385,fiction
wiki: Some changes at the county level have occurred following court challenges to establish single-member districts that enable a more diverse representation among county boards.,0.7,512,0,1747901378.6142309,2025-05-22T08:09:38.614236,0.2427547127008438,0.3921070992946625,Mistral-7B,2025-05-22T11:03:39.002868,7300000000,0,385,wiki
"news: Data is money.""",0.7,512,0,1747901386.746372,2025-05-22T08:09:46.746377,0.2491048127412796,0.400158166885376,Mistral-7B,2025-05-22T11:03:39.113958,7300000000,1,385,news
fiction: Stars are organized into patterns called constellations. One constellation is named Leo. Which statement best explains why Leo appears in different areas of the sky throughout the year? (Answer: A),0.7,512,0,1747901394.9445837,2025-05-22T08:09:54.944589,0.25495749711990356,0.4084766209125519,Mistral-7B,2025-05-22T11:03:39.224410,7300000000,2,385,fiction
fiction: Which is a nonrenewable resource? (Answer: A),0.7,512,0,1747901398.936127,2025-05-22T08:09:58.936132,0.2557693421840668,0.40978166460990906,Mistral-7B,2025-05-22T11:03:39.315056,7300000000,3,385,fiction
wiki: Intellectual disability.,0.7,512,0,1747901406.3714972,2025-05-22T08:10:06.371502,0.25860825181007385,0.4146392047405243,Mistral-7B,2025-05-22T11:03:39.403061,7300000000,4,385,wiki
"wiki: An estimated 26 million tourists visited the state in 2017 and spent $14.3 billion, providing directly or indirectly 186,900 jobs in the state, which includes 362,000 International tourists spending $589 million.",0.7,512,0,1747901414.381214,2025-05-22T08:10:14.381219,0.2383989840745926,0.3840967118740082,Mistral-7B,2025-05-22T11:03:40.793740,7300000000,0,390,wiki
"code: Explain what this code does:
def function_72(x): return x * 2",0.7,512,0,1747901422.2956467,2025-05-22T08:10:22.295652,0.25608566403388977,0.41000837087631226,Mistral-7B,2025-05-22T11:03:40.875395,7300000000,1,390,code
"fiction: Students studying membranes conducted an experiment using labeled paper cups filled with varying concentrations of red food coloring. After the experiment, the cups were empty and stained. What should be done with used cups? (Answer: C)",0.7,512,0,1747901430.4876826,2025-05-22T08:10:30.487688,0.24262984097003937,0.391730934381485,Mistral-7B,2025-05-22T11:03:40.955335,7300000000,2,390,fiction
"code: Explain what this code does:
def function_75(x): return x * 2",0.7,512,0,1747901438.6496441,2025-05-22T08:10:38.649648,0.25779595971107483,0.41238752007484436,Mistral-7B,2025-05-22T11:03:41.036485,7300000000,3,390,code
wiki: A study following the burning of the Kuwaiti oil fields during Iraqi occupation showed that temperatures under the burning oil fires were as much as  colder than temperatures several miles away under clear skies.,0.7,512,0,1747901447.0616643,2025-05-22T08:10:47.061669,0.23311415314674377,0.3782423436641693,Mistral-7B,2025-05-22T11:03:41.153840,7300000000,4,390,wiki
"news: Email policies IT should have an email policy in place that hardens systems and can detect spam and viruses, Rickard said.",0.7,512,1,1747901498.3767703,2025-05-22T08:11:38.376776,0.2440556138753891,0.3878495991230011,Mistral-7B,2025-05-22T11:03:42.613560,7300000000,0,390,news
news: The Canadian artist's many accolades include a 1952 Oscar for Best Documentary for his abstract short film Neighbours (watch the whole thing here).,0.7,512,1,1747901506.4022274,2025-05-22T08:11:46.402232,0.24686895310878754,0.3934374749660492,Mistral-7B,2025-05-22T11:03:42.724437,7300000000,1,390,news
"code: Explain what this code does:
def function_84(x): return x * 2",0.7,512,1,1747901511.7532318,2025-05-22T08:11:51.753238,0.25155818462371826,0.39807021617889404,Mistral-7B,2025-05-22T11:03:42.833893,7300000000,2,390,code
wiki: Urban interests were consistently underrepresented in the legislature.,0.7,512,1,1747901520.4921093,2025-05-22T08:12:00.492115,0.24864742159843445,0.3969429135322571,Mistral-7B,2025-05-22T11:03:42.936246,7300000000,3,390,wiki
fiction: A student accidentally drops a test tube that breaks when it hits the floor. Which method is the best way to retrieve the broken glass? (Answer: C),0.7,512,1,1747901528.9257672,2025-05-22T08:12:08.925772,0.25541961193084717,0.40453460812568665,Mistral-7B,2025-05-22T11:03:43.053111,7300000000,4,390,fiction
"wiki: Edmundson says that while the individual does not owe the state a duty of obedience, this does not imply that anarchism is the inevitable conclusion and the state is still morally legitimate.",0.7,512,0,1747901455.989261,2025-05-22T08:10:55.989267,0.23689620196819305,0.3839096128940582,Mistral-7B,2025-05-22T11:03:44.522965,7300000000,0,395,wiki
"news: For example, one online retailer Rickard works with has many customers from the EU, but can't geolocate them from the website.",0.7,512,0,1747901464.3743622,2025-05-22T08:11:04.374367,0.22756808996200562,0.3693627119064331,Mistral-7B,2025-05-22T11:03:44.667445,7300000000,1,395,news
wiki: The suffix -ism denotes the ideological current that favours anarchy.,0.7,512,0,1747901472.6918614,2025-05-22T08:11:12.691867,0.24265888333320618,0.3915417194366455,Mistral-7B,2025-05-22T11:03:44.798139,7300000000,2,395,wiki
"news: Balletomanes felt the work to be uneven, and lamented the lack of a main ballerina in the first act.",0.7,512,0,1747901481.4456332,2025-05-22T08:11:21.445639,0.23575490713119507,0.3839069902896881,Mistral-7B,2025-05-22T11:03:44.928068,7300000000,3,395,news
news: This can be especially overwhelming when you have a larger IT department and a staff working on numerous projects at once.,0.7,512,0,1747901488.5040057,2025-05-22T08:11:28.504011,0.2501498758792877,0.40082448720932007,Mistral-7B,2025-05-22T11:03:45.026352,7300000000,4,395,news
"wiki: Cahaba, now a ghost town, was the first permanent state capital from 1820 to 1825.",0.7,512,1,1747901537.616045,2025-05-22T08:12:17.616051,0.2519294321537018,0.40004488825798035,Mistral-7B,2025-05-22T11:03:46.500177,7300000000,0,395,wiki
"code: Explain what this code does:
def function_69(x): return x * 2",0.7,512,1,1747901545.83274,2025-05-22T08:12:25.832746,0.26169341802597046,0.4123101234436035,Mistral-7B,2025-05-22T11:03:46.606648,7300000000,1,395,code
"wiki: In the UK, from 1998 to 2018, the autism diagnoses increased by 787%.",0.7,512,1,1747901551.4968648,2025-05-22T08:12:31.496871,0.25479671359062195,0.40495720505714417,Mistral-7B,2025-05-22T11:03:46.703300,7300000000,2,395,wiki
news: The Nutcracker's first major exposure outside of Russia took place in London in 1934.,0.7,512,1,1747901557.9055104,2025-05-22T08:12:37.905516,0.25284454226493835,0.40097737312316895,Mistral-7B,2025-05-22T11:03:46.800610,7300000000,3,395,news
"news: ""I think it says something that Alex trusts us to bring the work to its full realization,"" says Wheater.",0.7,512,1,1747901566.0911593,2025-05-22T08:12:46.091164,0.24074816703796387,0.38432976603507996,Mistral-7B,2025-05-22T11:03:46.897834,7300000000,4,395,news
"code: Explain what this code does:
def function_61(x): return x * 2",0.7,512,1,1747901574.6329284,2025-05-22T08:12:54.632934,0.26283878087997437,0.4142439663410187,Mistral-7B,2025-05-22T11:03:48.433914,7300000000,0,400,code
wiki: No single treatment is best and treatment is typically tailored to the child's needs.,0.7,512,1,1747901582.7795365,2025-05-22T08:13:02.779542,0.2550508677959442,0.40506869554519653,Mistral-7B,2025-05-22T11:03:48.561171,7300000000,1,400,wiki
news: The other detail that will change with personal data access under GDPR is how long companies have to respond to your request.,0.7,512,1,1747901591.0471466,2025-05-22T08:13:11.047152,0.2563003599643707,0.4056236147880554,Mistral-7B,2025-05-22T11:03:48.670199,7300000000,2,400,news
news: But the management of projects and ticket issues doesn't just fall on the heads of large companies.,0.7,512,1,1747901599.2561512,2025-05-22T08:13:19.256157,0.2540764808654785,0.4029219150543213,Mistral-7B,2025-05-22T11:03:48.777776,7300000000,3,400,news
"news: In one of 60 spacious dance studios at the Beijing Dance Academy, Pei Yu Meng practices a tricky step from Jorma Elo's Over Glow.",0.7,512,1,1747901607.584071,2025-05-22T08:13:27.584077,0.2426728457212448,0.3864419162273407,Mistral-7B,2025-05-22T11:03:48.883347,7300000000,4,400,news
fiction: Two elements in the same group on the Periodic Table of the Elements are most similar in their (Answer: D),0.7,512,0,1747901491.076457,2025-05-22T08:11:31.076463,0.24993585050106049,0.40225306153297424,Mistral-7B,2025-05-22T11:03:50.322965,7300000000,0,400,fiction
"wiki: In 2018, Mobile's Mardi Gras parade was the state's top event, producing the most tourists with an attendance of 892,811.",0.7,512,0,1747901492.5094705,2025-05-22T08:11:32.509474,0.2457091063261032,0.39680996537208557,Mistral-7B,2025-05-22T11:03:50.399525,7300000000,1,400,wiki
fiction: Which property of a mineral can be determined just by looking at it? (Answer: A),0.7,512,0,1747901493.9953177,2025-05-22T08:11:33.995322,0.2482990026473999,0.3987981677055359,Mistral-7B,2025-05-22T11:03:50.476465,7300000000,2,400,fiction
"news: Using the tag information, investigators were able to learn the two vehicles were rentals and eventually identified the four men from Atlanta.",0.7,512,0,1747901501.7500405,2025-05-22T08:11:41.750045,0.2424885481595993,0.39163023233413696,Mistral-7B,2025-05-22T11:03:50.563345,7300000000,3,400,news
"wiki: Individual symptoms of autism occur in the general population and appear not to associate highly, without a sharp line separating pathologically severe from common traits.",0.7,512,0,1747901510.1961496,2025-05-22T08:11:50.196155,0.23176494240760803,0.37604716420173645,Mistral-7B,2025-05-22T11:03:50.640177,7300000000,4,400,wiki
"wiki: Muslims have been increasing in Alabama, with 31 mosques built by 2011, many by African-American converts.",1.0,512,0,1747901517.852745,2025-05-22T08:11:57.852750,0.2374875247478485,0.38443222641944885,Mistral-7B,2025-05-22T11:03:52.081487,7300000000,0,405,wiki
"wiki: Among these approaches, interventions either treat autistic features comprehensively, or focalize treatment on a specific area of deficit.",1.0,512,0,1747901525.5203843,2025-05-22T08:12:05.520390,0.23774267733097076,0.38433465361595154,Mistral-7B,2025-05-22T11:03:52.163869,7300000000,1,405,wiki
"code: Explain what this code does:
def function_15(x): return x * 2",1.0,512,0,1747901533.5575962,2025-05-22T08:12:13.557601,0.2548615336418152,0.40757325291633606,Mistral-7B,2025-05-22T11:03:52.244500,7300000000,2,405,code
wiki: A -wide meteorite hit the area about 80 million years ago.,1.0,512,0,1747901541.7532964,2025-05-22T08:12:21.753302,0.2447320520877838,0.3954789340496063,Mistral-7B,2025-05-22T11:03:52.325335,7300000000,3,405,wiki
"wiki: Ritualistic behavior: Unvarying pattern of daily activities, such as an unchanging menu or a dressing ritual.",1.0,512,0,1747901549.987627,2025-05-22T08:12:29.987631,0.2398165464401245,0.38951200246810913,Mistral-7B,2025-05-22T11:03:52.404396,7300000000,4,405,wiki
wiki: Two common optical albedos that are used in astronomy are the (V-band) geometric albedo (measuring brightness when illumination comes from directly behind the observer) and the Bond albedo (measuring total proportion of electromagnetic energy reflected).,1.0,512,1,1747901616.4030678,2025-05-22T08:13:36.403074,0.2599767744541168,0.413072794675827,Mistral-7B,2025-05-22T11:03:53.889298,7300000000,0,405,wiki
news: Her undying passion for these pieces is incredibly inspiring.,1.0,512,1,1747901623.884451,2025-05-22T08:13:43.884455,0.2585481107234955,0.409513384103775,Mistral-7B,2025-05-22T11:03:53.981692,7300000000,1,405,news
"wiki: They were followed by the major currents of social anarchism (collectivist, communist and syndicalist).",1.0,512,1,1747901631.957905,2025-05-22T08:13:51.957911,0.24986036121845245,0.3997650742530823,Mistral-7B,2025-05-22T11:03:54.070338,7300000000,2,405,wiki
"code: Explain what this code does:
def function_92(x): return x * 2",1.0,512,1,1747901640.2485583,2025-05-22T08:14:00.248563,0.2597259283065796,0.40985360741615295,Mistral-7B,2025-05-22T11:03:54.171613,7300000000,3,405,code
news: I want to walk you through the installation of one such tool: Trac.,1.0,512,1,1747901648.690693,2025-05-22T08:14:08.690699,0.2589222490787506,0.41031399369239807,Mistral-7B,2025-05-22T11:03:54.278263,7300000000,4,405,news
"code: Explain what this code does:
def function_70(x): return x * 2",1.0,512,0,1747901553.5002832,2025-05-22T08:12:33.500289,0.25241369009017944,0.40400025248527527,Mistral-7B,2025-05-22T11:03:55.732226,7300000000,0,410,code
fiction: Which celestial object listed below has the greatest density? (Answer: D),1.0,512,0,1747901561.6728327,2025-05-22T08:12:41.672837,0.25472524762153625,0.4081963896751404,Mistral-7B,2025-05-22T11:03:55.810037,7300000000,1,410,fiction
"code: Explain what this code does:
def function_58(x): return x * 2",1.0,512,0,1747901569.968534,2025-05-22T08:12:49.968539,0.256918340921402,0.4111294448375702,Mistral-7B,2025-05-22T11:03:55.887588,7300000000,2,410,code
"wiki: In 1861, the state seceded from the United States to become part of the Confederate States of America, with Montgomery acting as its first capital, and rejoined the Union in 1868.",1.0,512,0,1747901578.3249664,2025-05-22T08:12:58.324971,0.25606006383895874,0.4118102490901947,Mistral-7B,2025-05-22T11:03:55.964728,7300000000,3,410,wiki
"code: Explain what this code does:
def function_24(x): return x * 2",1.0,512,0,1747901586.6532087,2025-05-22T08:13:06.653214,0.2585299015045166,0.4132792353630066,Mistral-7B,2025-05-22T11:03:56.049789,7300000000,4,410,code
"wiki: , Alabama has the sixth highest poverty rate among states in the U.S.",1.0,512,1,1747901657.4025254,2025-05-22T08:14:17.402531,0.2601168155670166,0.4119439125061035,Mistral-7B,2025-05-22T11:03:57.553365,7300000000,0,410,wiki
"wiki: Of those who indicated a religious preference, 59% said they possessed a ""full understanding"" of their faith and needed no further learning.",1.0,512,1,1747901663.5522761,2025-05-22T08:14:23.552282,0.2600398361682892,0.4126462936401367,Mistral-7B,2025-05-22T11:03:57.652199,7300000000,1,410,wiki
"code: Explain what this code does:
def function_33(x): return x * 2",1.0,512,1,1747901672.7674878,2025-05-22T08:14:32.767494,0.26652488112449646,0.4197477698326111,Mistral-7B,2025-05-22T11:03:57.738980,7300000000,2,410,code
"code: Explain what this code does:
def function_57(x): return x * 2",1.0,512,1,1747901681.3431993,2025-05-22T08:14:41.343204,0.2689209282398224,0.4231925308704376,Mistral-7B,2025-05-22T11:03:57.825741,7300000000,3,410,code
wiki: (A Birmingham city ordinance would have raised theirs to $10.10.),1.0,512,1,1747901689.7962213,2025-05-22T08:14:49.796227,0.2504637837409973,0.40052470564842224,Mistral-7B,2025-05-22T11:03:57.909952,7300000000,4,410,wiki
"wiki: However, there are no correspondingly similar words in the Alabama language.",1.0,512,1,1747901691.735614,2025-05-22T08:14:51.735620,0.25025027990341187,0.40052926540374756,Mistral-7B,2025-05-22T11:03:59.372353,7300000000,0,415,wiki
fiction: The male insects in a population are treated to prevent sperm production. Would this reduce this insect population? (Answer: C),1.0,512,1,1747901699.4682214,2025-05-22T08:14:59.468227,0.2528073191642761,0.4019688069820404,Mistral-7B,2025-05-22T11:03:59.453756,7300000000,1,415,fiction
"wiki: With the rise of organised hierarchical bodies, scepticism toward authority also rose.",1.0,512,1,1747901707.0677824,2025-05-22T08:15:07.067788,0.24871718883514404,0.3972999155521393,Mistral-7B,2025-05-22T11:03:59.534155,7300000000,2,415,wiki
fiction: George wants to warm his hands quickly by rubbing them. Which skin surface will produce the most heat? (Answer: A),1.0,512,1,1747901708.6507025,2025-05-22T08:15:08.650709,0.2507009506225586,0.3984822928905487,Mistral-7B,2025-05-22T11:03:59.616023,7300000000,3,415,fiction
"wiki: However, the link to climate change has not been explored to date and it is unclear whether or not this represents an ongoing trend.",1.0,512,1,1747901715.956103,2025-05-22T08:15:15.956109,0.2570172846317291,0.409164160490036,Mistral-7B,2025-05-22T11:03:59.696946,7300000000,4,415,wiki
"wiki: Its oldest city is Mobile, founded by French colonists in 1702 as the capital of French Louisiana.",1.0,512,0,1747901595.296684,2025-05-22T08:13:15.296690,0.25453314185142517,0.40934622287750244,Mistral-7B,2025-05-22T11:04:01.163337,7300000000,0,415,wiki
wiki: The state has numerous place names of Native American origin.,1.0,512,0,1747901603.5533295,2025-05-22T08:13:23.553334,0.2413029670715332,0.3917303681373596,Mistral-7B,2025-05-22T11:04:01.243759,7300000000,1,415,wiki
"wiki: Law and government  State government  The foundational document for Alabama's government is the Alabama Constitution, which was ratified in 1901.",1.0,512,0,1747901611.8957186,2025-05-22T08:13:31.895723,0.25391286611557007,0.4078426957130432,Mistral-7B,2025-05-22T11:04:01.323108,7300000000,2,415,wiki
"news: She's standing among other students, but they all work alone, with the help of teachers calling out corrections from the front of the room.",1.0,512,0,1747901618.683412,2025-05-22T08:13:38.683417,0.23721829056739807,0.38272643089294434,Mistral-7B,2025-05-22T11:04:01.402224,7300000000,3,415,news
"news: This week marks the world premiere of Frame by Frame, The National Ballet of Canada's new full length ballet based on the life and work of innovative filmmaker Norman McLaren.",1.0,512,0,1747901627.2114282,2025-05-22T08:13:47.211433,0.24500440061092377,0.3949594795703888,Mistral-7B,2025-05-22T11:04:01.481957,7300000000,4,415,news
"wiki: There was also a cursive style used for everyday or utilitarian writing, which was done on more perishable surfaces.",1.0,512,1,1747901724.205981,2025-05-22T08:15:24.205986,0.25185635685920715,0.4011147916316986,Mistral-7B,2025-05-22T11:04:02.934972,7300000000,0,420,wiki
"code: Explain what this code does:
def function_2(x): return x * 2",1.0,512,1,1747901731.0014763,2025-05-22T08:15:31.001482,0.2667298913002014,0.41999590396881104,Mistral-7B,2025-05-22T11:04:03.042426,7300000000,1,420,code
fiction: Why do areas in the middle of a large continent generally have more extreme differences in temperature than areas near the coastline? (Answer: D),1.0,512,1,1747901739.3447554,2025-05-22T08:15:39.344761,0.25803089141845703,0.4100858271121979,Mistral-7B,2025-05-22T11:04:03.143177,7300000000,2,420,fiction
news: Many thought that the story was too light compared to historically based stories.,1.0,512,1,1747901747.6383617,2025-05-22T08:15:47.638367,0.25498583912849426,0.40617287158966064,Mistral-7B,2025-05-22T11:04:03.244422,7300000000,3,420,news
"wiki: In contemporary anarchism, this current survives as a tendency to support polyamory and queer anarchism.",1.0,512,1,1747901749.0165567,2025-05-22T08:15:49.016562,0.25465893745422363,0.40626218914985657,Mistral-7B,2025-05-22T11:04:03.338164,7300000000,4,420,wiki
"news: ""Showing can be more effective than telling.",1.0,512,0,1747901636.023075,2025-05-22T08:13:56.023080,0.2424435168504715,0.39136555790901184,Mistral-7B,2025-05-22T11:04:04.871188,7300000000,0,420,news
wiki: The use of state names derived from Native American languages is common in the U.S.; an estimated 27 states have names of Native American origin.,1.0,512,0,1747901637.4355974,2025-05-22T08:13:57.435603,0.2447901964187622,0.39515796303749084,Mistral-7B,2025-05-22T11:04:04.949828,7300000000,1,420,wiki
fiction: Trees most likely change the environment in which they are located by (Answer: D),1.0,512,0,1747901645.1910663,2025-05-22T08:14:05.191071,0.24874821305274963,0.40055856108665466,Mistral-7B,2025-05-22T11:04:05.029065,7300000000,2,420,fiction
"wiki: Generally prohibited in the West at large, school corporal punishment is not unusual in Alabama, with 27,260 public school students paddled at least one time, according to government data for the 2011–2012 school year.",1.0,512,0,1747901653.2533364,2025-05-22T08:14:13.253342,0.24216030538082123,0.3924560248851776,Mistral-7B,2025-05-22T11:04:05.142663,7300000000,3,420,wiki
fiction: Coal is solid rock that began as organic material that was deposited in a swamp. The formation of coal suggests that (Answer: D),1.0,512,0,1747901661.5320456,2025-05-22T08:14:21.532051,0.2491014301776886,0.40131497383117676,Mistral-7B,2025-05-22T11:04:05.223337,7300000000,4,420,fiction
"wiki: For example, the effects of a spectrally responsive albedo are illustrated by the differences between the spectrally weighted albedo of solar photovoltaic technology based on hydrogenated amorphous silicon (a-Si:H) and crystalline silicon (c-Si)-based compared to traditional spectral-integrated albedo predictions.",1.0,512,0,1747901672.0496178,2025-05-22T08:14:32.049624,0.23975449800491333,0.3894241154193878,Mistral-7B,2025-05-22T11:04:06.714653,7300000000,0,425,wiki
fiction: Why are alternative fuels being used in some automobiles? (Answer: B),1.0,512,0,1747901678.9896247,2025-05-22T08:14:38.989630,0.24987652897834778,0.4019838571548462,Mistral-7B,2025-05-22T11:04:06.795158,7300000000,1,425,fiction
"wiki: Ports The Port of Mobile, Alabama's only saltwater port, is a large seaport on the Gulf of Mexico with inland waterway access to the Midwest by way of the Tennessee–Tombigbee Waterway.",1.0,512,0,1747901686.4749665,2025-05-22T08:14:46.474972,0.2434862107038498,0.39262843132019043,Mistral-7B,2025-05-22T11:04:06.871580,7300000000,2,425,wiki
news: The Bay County Sheriff’s Office has arrested four men from Atlanta after they allegedly hired local transients to cash fraudulent checks for them using stolen personal information.,1.0,512,0,1747901694.5699856,2025-05-22T08:14:54.569991,0.23913425207138062,0.387869656085968,Mistral-7B,2025-05-22T11:04:06.964003,7300000000,3,425,news
"code: Explain what this code does:
def function_44(x): return x * 2",1.0,512,0,1747901701.953199,2025-05-22T08:15:01.953204,0.25406667590141296,0.40728113055229187,Mistral-7B,2025-05-22T11:04:07.066460,7300000000,4,425,code
"wiki: The grouping of disorders, including PDD-NOS, autism, Asperger syndrome, Rett syndrome, and CDD, has been removed and replaced with the general term of Autism Spectrum Disorders.",1.0,512,1,1747901757.4964585,2025-05-22T08:15:57.496464,0.25399911403656006,0.4043973982334137,Mistral-7B,2025-05-22T11:04:08.555713,7300000000,0,425,wiki
news: Pro tip: The heel is centered under the body so you can feel confident and stable!,1.0,512,1,1747901759.0651364,2025-05-22T08:15:59.065142,0.2525794804096222,0.4007527530193329,Mistral-7B,2025-05-22T11:04:08.637185,7300000000,1,425,news
wiki: The Alabama Alcoholic Beverage Control Board controls the sale and distribution of alcoholic beverages in the state.,1.0,512,1,1747901768.87413,2025-05-22T08:16:08.874136,0.2669384181499481,0.4220294952392578,Mistral-7B,2025-05-22T11:04:08.713309,7300000000,2,425,wiki
"wiki: Numerous candidate genes have been located, with only small effects attributable to any particular gene.",1.0,512,1,1747901781.5050082,2025-05-22T08:16:21.505014,0.24027687311172485,0.3859279751777649,Mistral-7B,2025-05-22T11:04:08.795578,7300000000,3,425,wiki
news: The dancers currently have little information about the search process and plans to move forward.,1.0,512,1,1747901789.862155,2025-05-22T08:16:29.862161,0.2412668615579605,0.38724884390830994,Mistral-7B,2025-05-22T11:04:08.874150,7300000000,4,425,news
fiction: What do earthquakes tell scientists about the history of the planet? (Answer: B),1.0,512,1,1747901798.7201529,2025-05-22T08:16:38.720158,0.26404502987861633,0.41632744669914246,Mistral-7B,2025-05-22T11:04:10.303201,7300000000,0,430,fiction
wiki: This coincided with its failure to gain traction in Northern Europe and its unprecedented height in Latin America.,1.0,512,1,1747901807.0964925,2025-05-22T08:16:47.096498,0.2476152777671814,0.3958510160446167,Mistral-7B,2025-05-22T11:04:10.380773,7300000000,1,430,wiki
fiction: Puddles on a sidewalk are evaporating quickly. What most likely causes the puddles to evaporate? (Answer: A),1.0,512,1,1747901808.734596,2025-05-22T08:16:48.734601,0.24960795044898987,0.3973071873188019,Mistral-7B,2025-05-22T11:04:10.457665,7300000000,2,430,fiction
news: After almost 20 years there are countless things.,1.0,512,1,1747901816.89324,2025-05-22T08:16:56.893244,0.263014554977417,0.4173777997493744,Mistral-7B,2025-05-22T11:04:10.537425,7300000000,3,430,news
"wiki: In Alabama, majority-white districts are now expected to regularly elect Republican candidates to federal, state and local office.",1.0,512,1,1747901825.164329,2025-05-22T08:17:05.164334,0.2475476711988449,0.39472249150276184,Mistral-7B,2025-05-22T11:04:10.649686,7300000000,4,430,wiki
news: Subscribe Also see,1.0,512,0,1747901710.6678298,2025-05-22T08:15:10.667835,0.24964939057826996,0.40256267786026,Mistral-7B,2025-05-22T11:04:12.110410,7300000000,0,430,news
"news: For those looking to prepare for the exam, the post recommends going to the AWS Training website and working on the Advanced Architecting on AWS and Security Operations on AWS trainings.",1.0,512,0,1747901719.163313,2025-05-22T08:15:19.163318,0.2452602982521057,0.3945131003856659,Mistral-7B,2025-05-22T11:04:12.191276,7300000000,1,430,news
"news: One thing to note: If you need more users, you'll create them from the command line (in similar fashion as you did above).",1.0,512,0,1747901727.5990953,2025-05-22T08:15:27.599100,0.2407953292131424,0.38662317395210266,Mistral-7B,2025-05-22T11:04:12.268405,7300000000,2,430,news
"wiki: Given the long history of slavery and associated racial segregation, the Native American peoples, who have sometimes been of mixed race, have insisted on having their cultural identification respected.",1.0,512,0,1747901735.5482059,2025-05-22T08:15:35.548211,0.230939120054245,0.37415316700935364,Mistral-7B,2025-05-22T11:04:12.345663,7300000000,3,430,wiki
"wiki: Acquiring language before age six, having an IQ above 50, and having a marketable skill all predict better outcomes; independent living is unlikely with severe autism.",1.0,512,0,1747901743.8066607,2025-05-22T08:15:43.806667,0.2345578372478485,0.38068825006484985,Mistral-7B,2025-05-22T11:04:12.422941,7300000000,4,430,wiki
"news: Photo by Walter E. Owen, Courtesy Dance Magazine Archives.",1.0,512,0,1747901752.605174,2025-05-22T08:15:52.605179,0.23354633152484894,0.37866219878196716,Mistral-7B,2025-05-22T11:04:13.891470,7300000000,0,435,news
"wiki: At the same time, many rural people migrated to the city of Birmingham to work in new industrial jobs.",1.0,512,0,1747901760.9113069,2025-05-22T08:16:00.911312,0.24640460312366486,0.3964543640613556,Mistral-7B,2025-05-22T11:04:13.979493,7300000000,1,435,wiki
"wiki: While medications have not been found to help with core symptoms, they may be used for associated symptoms, such as irritability, inattention, or repetitive behavior patterns.",1.0,512,0,1747901768.8132317,2025-05-22T08:16:08.813237,0.24779373407363892,0.3986703157424927,Mistral-7B,2025-05-22T11:04:14.072759,7300000000,2,435,wiki
"wiki: No single repetitive or self-injurious behavior seems to be specific to autism, but autism appears to have an elevated pattern of occurrence and severity of these behaviors.",1.0,512,0,1747901781.3959765,2025-05-22T08:16:21.395982,0.2470472902059555,0.39915040135383606,Mistral-7B,2025-05-22T11:04:14.180919,7300000000,3,435,wiki
"news: One was located at a business on East Avenue and contact was made with Clarence Suggs, age 27, and Reginald Hughes, age 26.",1.0,512,0,1747901787.2270324,2025-05-22T08:16:27.227037,0.24775004386901855,0.3997291326522827,Mistral-7B,2025-05-22T11:04:14.278639,7300000000,4,435,news
fiction: What characteristic of DNA results in cell differentiation in developing embryos? (Answer: C),1.0,512,1,1747901827.7385595,2025-05-22T08:17:07.738565,0.2510119080543518,0.39891523122787476,Mistral-7B,2025-05-22T11:04:15.780115,7300000000,0,435,fiction
"wiki: The total effects were greater on the black community, as almost all its citizens were disfranchised and relegated to separate and unequal treatment under the law.",1.0,512,1,1747901835.021149,2025-05-22T08:17:15.021155,0.2537856101989746,0.4053628444671631,Mistral-7B,2025-05-22T11:04:15.876863,7300000000,1,435,wiki
wiki: The current governor is Republican Kay Ivey.,1.0,512,1,1747901842.8739493,2025-05-22T08:17:22.873955,0.26102063059806824,0.4140825569629669,Mistral-7B,2025-05-22T11:04:15.956775,7300000000,2,435,wiki
wiki: Contemporary news coverage which emphasizes black bloc demonstrations has reinforced anarchism's historical association with chaos and violence.,1.0,512,1,1747901850.957788,2025-05-22T08:17:30.957793,0.25096002221107483,0.40031659603118896,Mistral-7B,2025-05-22T11:04:16.075271,7300000000,3,435,wiki
"fiction: In a food pyramid, which best explains why the number of organisms decreases from one trophic level to the next? (Answer: B)",1.0,512,1,1747901859.258762,2025-05-22T08:17:39.258768,0.2553335428237915,0.4051898121833801,Mistral-7B,2025-05-22T11:04:16.170042,7300000000,4,435,fiction
"news: Snowflakes of the original cast, ""The Nutcracker"" at the Mariinsky Theatre, 1892.",1.0,512,1,1747901868.2698243,2025-05-22T08:17:48.269830,0.2555029094219208,0.4078561067581177,Mistral-7B,2025-05-22T11:04:17.712630,7300000000,0,440,news
fiction: The following mathematical expressions represent four different concentrations of a chemical solution to be used in a science experiment. Which one is equal in magnitude to 1/1000? (Answer: C),1.0,512,1,1747901876.4964445,2025-05-22T08:17:56.496450,0.26380813121795654,0.4174051284790039,Mistral-7B,2025-05-22T11:04:17.792230,7300000000,1,440,fiction
wiki: No babbling by 12 months.,1.0,512,1,1747901884.7643692,2025-05-22T08:18:04.764374,0.2663254141807556,0.42350029945373535,Mistral-7B,2025-05-22T11:04:17.869963,7300000000,2,440,wiki
"code: Explain what this code does:
def function_56(x): return x * 2",1.0,512,1,1747901892.9441757,2025-05-22T08:18:12.944180,0.26857274770736694,0.42290404438972473,Mistral-7B,2025-05-22T11:04:17.948945,7300000000,3,440,code
"code: Explain what this code does:
def function_36(x): return x * 2",1.0,512,1,1747901901.2509418,2025-05-22T08:18:21.250947,0.26632940769195557,0.42003169655799866,Mistral-7B,2025-05-22T11:04:18.028539,7300000000,4,440,code
"wiki: All of them compared gluten- and casein-free diet versus normal diet with a control group (2 double-blind randomized controlled trials, 1 double-blind crossover trial, 1 single-blind trial).",1.0,512,0,1747901795.2842832,2025-05-22T08:16:35.284288,0.2534284293651581,0.4097467064857483,Mistral-7B,2025-05-22T11:04:19.499935,7300000000,0,440,wiki
news: Log out and log back in with your new credentials.,1.0,512,0,1747901803.2696774,2025-05-22T08:16:43.269683,0.2514703571796417,0.40387454628944397,Mistral-7B,2025-05-22T11:04:19.596234,7300000000,1,440,news
"fiction: Heat, light, and sound are all different forms of ___. (Answer: B)",1.0,512,0,1747901804.9492526,2025-05-22T08:16:44.949259,0.2505491375923157,0.40353402495384216,Mistral-7B,2025-05-22T11:04:19.685691,7300000000,2,440,fiction
"code: Explain what this code does:
def function_81(x): return x * 2",1.0,512,0,1747901812.3723829,2025-05-22T08:16:52.372389,0.2624819278717041,0.4193860590457916,Mistral-7B,2025-05-22T11:04:19.776000,7300000000,3,440,code
"code: Explain what this code does:
def function_93(x): return x * 2",1.0,512,0,1747901820.6560123,2025-05-22T08:17:00.656017,0.261783242225647,0.4181666672229767,Mistral-7B,2025-05-22T11:04:19.866090,7300000000,4,440,code
fiction: A chemical property of a mineral is evident if the mineral (Answer: 2),1.0,512,1,1747901905.2588413,2025-05-22T08:18:25.258847,0.26215869188308716,0.4155988395214081,Mistral-7B,2025-05-22T11:04:21.372784,7300000000,0,445,fiction
"news: Sun Jie, a coach and men's teacher at BDA since 2008, explains how introducing works from Western choreographers has broadened the overall abilities of Chinese ballet dancers.",1.0,512,1,1747901912.2368605,2025-05-22T08:18:32.236867,0.24964195489883423,0.3971293866634369,Mistral-7B,2025-05-22T11:04:21.477656,7300000000,1,445,news
news: The victim was interviewed at Gulf Coast Children’s Advocacy Center.,1.0,512,1,1747901919.9733067,2025-05-22T08:18:39.973311,0.25645172595977783,0.40680140256881714,Mistral-7B,2025-05-22T11:04:21.605634,7300000000,2,445,news
"wiki: The Legislature is responsible for writing, debating, passing, or defeating state legislation.",1.0,512,1,1747901928.05322,2025-05-22T08:18:48.053225,0.26204565167427063,0.414386123418808,Mistral-7B,2025-05-22T11:04:21.710097,7300000000,3,445,wiki
"news: ""It's not just a few ballet steps here and there; he asks you to fully engage with yourself, not only as a dancer but as an actor and a person.""",1.0,512,1,1747901936.2434413,2025-05-22T08:18:56.243447,0.2527581453323364,0.40227773785591125,Mistral-7B,2025-05-22T11:04:21.813740,7300000000,4,445,news
"wiki: These kinds of groups more often than not interconnect with each other, forming larger networks.",1.0,512,0,1747901829.7298188,2025-05-22T08:17:09.729824,0.2395293414592743,0.390241414308548,Mistral-7B,2025-05-22T11:04:23.333909,7300000000,0,445,wiki
news: Three transients have also been arrested for their participation.,1.0,512,0,1747901838.0600882,2025-05-22T08:17:18.060094,0.24217793345451355,0.39070168137550354,Mistral-7B,2025-05-22T11:04:23.438117,7300000000,1,445,news
fiction: What do cells break down to produce energy? (Answer: A),1.0,512,0,1747901846.486859,2025-05-22T08:17:26.486864,0.26341456174850464,0.42154353857040405,Mistral-7B,2025-05-22T11:04:23.545443,7300000000,2,445,fiction
wiki: Alabama was under military rule from the end of the war in May 1865 until its official restoration to the Union in 1868.,1.0,512,0,1747901854.8776996,2025-05-22T08:17:34.877705,0.2468026876449585,0.39799460768699646,Mistral-7B,2025-05-22T11:04:23.651923,7300000000,3,445,wiki
"wiki: Jackson, Harvey H. Inside Alabama: A Personal History of My State (2004).",1.0,512,0,1747901863.4175482,2025-05-22T08:17:43.417554,0.24425333738327026,0.393833726644516,Mistral-7B,2025-05-22T11:04:23.759258,7300000000,4,445,wiki
"wiki: Many of these attacks were done by individual assailants and the majority took place in the late 1870s, the early 1880s and the 1890s, with some still occurring in the early 1900s.",1.0,512,0,1747901872.2722335,2025-05-22T08:17:52.272239,0.2415446639060974,0.3919651508331299,Mistral-7B,2025-05-22T11:04:25.223536,7300000000,0,450,wiki
"wiki: Because of the constraints of the Alabama Constitution, which centralizes power in the state legislature, only seven counties (Jefferson, Lee, Mobile, Madison, Montgomery, Shelby, and Tuscaloosa) in the state have limited home rule.",1.0,512,0,1747901880.5567677,2025-05-22T08:18:00.556773,0.24651385843753815,0.39786532521247864,Mistral-7B,2025-05-22T11:04:25.329352,7300000000,1,450,wiki
wiki: Sleep problems affect about two-thirds of individuals with ASD at some point in childhood.,1.0,512,0,1747901888.814573,2025-05-22T08:18:08.814578,0.2523399293422699,0.40509942173957825,Mistral-7B,2025-05-22T11:04:25.435617,7300000000,2,450,wiki
"wiki: Albedo in Astronomy  In astronomy, the term albedo can be defined in several different ways, depending upon the application and the wavelength of electromagnetic radiation involved.",1.0,512,0,1747901897.144566,2025-05-22T08:18:17.144571,0.255079984664917,0.4089493751525879,Mistral-7B,2025-05-22T11:04:25.547208,7300000000,3,450,wiki
"news: Data processing policies Companies need to do data process flow mapping to see what data is being collected, how it's being processed, and who is receiving processed copies, Rickard said.",1.0,512,0,1747901906.088923,2025-05-22T08:18:26.088929,0.24021856486797333,0.38678479194641113,Mistral-7B,2025-05-22T11:04:25.652575,7300000000,4,450,news
"wiki: Alabama English is predominantly Southern, and is related to South Midland speech which was taken across the border from Tennessee.",1.0,512,1,1747901944.7676105,2025-05-22T08:19:04.767616,0.25211307406425476,0.4008333384990692,Mistral-7B,2025-05-22T11:04:27.155771,7300000000,0,450,wiki
"news: The EU's General Data Protection Regulation (GDPR) went into effect in May, requiring all organizations that handle the data of EU citizens to comply with its provisions regarding collecting and using personal data.",1.0,512,1,1747901952.8978798,2025-05-22T08:19:12.897885,0.26816311478614807,0.42298436164855957,Mistral-7B,2025-05-22T11:04:27.262943,7300000000,1,450,news
wiki: Autism rights or neurodiversity advocates believe that the autism spectrum is genetic and should be accepted as a natural expression of the human genome.,1.0,512,1,1747901961.0846274,2025-05-22T08:19:21.084633,0.25783398747444153,0.4078058898448944,Mistral-7B,2025-05-22T11:04:27.367153,7300000000,2,450,wiki
news: The registration fee is $300.,1.0,512,1,1747901963.066738,2025-05-22T08:19:23.066743,0.25890082120895386,0.4088244140148163,Mistral-7B,2025-05-22T11:04:27.472863,7300000000,3,450,news
"news: This time around, everything went smoothly and I was able to log into the Gitstorage interface (Figure B).",1.0,512,1,1747901970.5946302,2025-05-22T08:19:30.594635,0.2554616332054138,0.4046316146850586,Mistral-7B,2025-05-22T11:04:27.597992,7300000000,4,450,news
wiki: One criticism of the current constitution claims that its complexity and length intentionally codify segregation and racism.,1.0,512,0,1747901915.0779896,2025-05-22T08:18:35.077995,0.2478821873664856,0.4006364047527313,Mistral-7B,2025-05-22T11:04:29.131444,7300000000,0,455,wiki
"wiki: Mohl, Raymond A.",1.0,512,0,1747901923.416965,2025-05-22T08:18:43.416971,0.25393977761268616,0.4086688458919525,Mistral-7B,2025-05-22T11:04:29.237508,7300000000,1,455,wiki
"code: Explain what this code does:
def function_6(x): return x * 2",1.0,512,0,1747901931.7443054,2025-05-22T08:18:51.744310,0.2547926902770996,0.4068007171154022,Mistral-7B,2025-05-22T11:04:29.343014,7300000000,2,455,code
wiki: Other anarchists advocated for or used art as a means to achieve anarchist ends.,1.0,512,0,1747901940.0441272,2025-05-22T08:19:00.044132,0.23856955766677856,0.3861762583255768,Mistral-7B,2025-05-22T11:04:29.425553,7300000000,3,455,wiki
news: You can also login with the non-admin user you created.,1.0,512,0,1747901948.326882,2025-05-22T08:19:08.326887,0.25210684537887573,0.4041624367237091,Mistral-7B,2025-05-22T11:04:29.502792,7300000000,4,455,news
"wiki: Unusual eating behavior occurs in about three-quarters of children with ASD, to the extent that it was formerly a diagnostic indicator.",1.0,512,1,1747901979.4023666,2025-05-22T08:19:39.402372,0.251392662525177,0.3997882902622223,Mistral-7B,2025-05-22T11:04:30.950193,7300000000,0,455,wiki
"news: Over the past two decades, Java has arguably been the most successful programming language on the planet.",1.0,512,1,1747901987.8322213,2025-05-22T08:19:47.832227,0.25542739033699036,0.40367040038108826,Mistral-7B,2025-05-22T11:04:31.038486,7300000000,1,455,news
"wiki: The state legislature has retained power over local governments by refusing to pass a constitutional amendment establishing home rule for counties, as recommended by the 1973 Alabama Constitutional Commission.",1.0,512,1,1747901996.2972627,2025-05-22T08:19:56.297267,0.2560119032859802,0.407117635011673,Mistral-7B,2025-05-22T11:04:31.126571,7300000000,2,455,wiki
"wiki: The rural bias of the state legislature, which had also failed to redistrict seats in the state house, affected politics well into the 20th century, failing to recognize the rise of industrial cities and urbanized areas.",1.0,512,1,1747902001.8564067,2025-05-22T08:20:01.856413,0.24530833959579468,0.3920753002166748,Mistral-7B,2025-05-22T11:04:31.215191,7300000000,3,455,wiki
"wiki: Clouds keep Earth cool by reflecting sunlight, but they can also serve as blankets to trap warmth.""",1.0,512,1,1747902010.3465178,2025-05-22T08:20:10.346523,0.25492483377456665,0.40631312131881714,Mistral-7B,2025-05-22T11:04:31.303533,7300000000,4,455,wiki
"wiki: Critics argue that Alabama's constitution maintains highly centralized power with the state legislature, leaving practically no power in local hands.",1.0,512,1,1747902019.2307742,2025-05-22T08:20:19.230780,0.2537218928337097,0.4028008282184601,Mistral-7B,2025-05-22T11:04:32.847579,7300000000,0,460,wiki
"code: Explain what this code does:
def function_76(x): return x * 2",1.0,512,1,1747902026.9731717,2025-05-22T08:20:26.973177,0.26609912514686584,0.4190906584262848,Mistral-7B,2025-05-22T11:04:32.928371,7300000000,1,460,code
"wiki: Ferrer's approach was secular, rejecting both state and church involvement in the educational process whilst giving pupils large amounts of autonomy in planning their work and attendance.",1.0,512,1,1747902035.3755522,2025-05-22T08:20:35.375557,0.2391442507505417,0.3834969103336334,Mistral-7B,2025-05-22T11:04:33.005613,7300000000,2,460,wiki
"fiction: As part of an experiment, an astronaut takes a scale to the Moon and weighs himself. The scale reads 31 pounds. If the astronaut has a mass of about 84 kilograms, which are the approximate weight and mass of the astronaut when standing on the Earth? (Answer: D)",1.0,512,1,1747902043.9132988,2025-05-22T08:20:43.913304,0.25757965445518494,0.407365620136261,Mistral-7B,2025-05-22T11:04:33.132212,7300000000,3,460,fiction
"wiki: Since the mid- to late 20th century, however, white conservatives started shifting to the Republican Party.",1.0,512,1,1747902052.162642,2025-05-22T08:20:52.162648,0.2527026832103729,0.40185821056365967,Mistral-7B,2025-05-22T11:04:33.228655,7300000000,4,460,wiki
"wiki: Autistic people may be severely impaired in some respects but average, or even superior, in others.",1.0,512,0,1747901956.973496,2025-05-22T08:19:16.973501,0.24863658845424652,0.3999960422515869,Mistral-7B,2025-05-22T11:04:34.764438,7300000000,0,460,wiki
"wiki: There are two intermediate appellate courts, the Court of Civil Appeals and the Court of Criminal Appeals, and four trial courts: the circuit court (trial court of general jurisdiction), and the district, probate, and municipal courts.",1.0,512,0,1747901965.4111447,2025-05-22T08:19:25.411150,0.2488519251346588,0.40029168128967285,Mistral-7B,2025-05-22T11:04:34.848621,7300000000,1,460,wiki
fiction: Which of these is never found in prokaryotic cells? (Answer: D),1.0,512,0,1747901966.8115368,2025-05-22T08:19:26.811542,0.24975866079330444,0.40057262778282166,Mistral-7B,2025-05-22T11:04:34.928336,7300000000,2,460,fiction
"wiki: In Greek handwriting, it was common to join the left leg and horizontal stroke into a single loop, as demonstrated by the uncial version shown.",1.0,512,0,1747901973.5774667,2025-05-22T08:19:33.577472,0.2355770766735077,0.38028663396835327,Mistral-7B,2025-05-22T11:04:35.008795,7300000000,3,460,wiki
"fiction: When a mirror is placed by a fish bowl with a beta fish swimming inside, the beta fish sees what appears to be another fish. This occurs because of (Answer: C)",1.0,512,0,1747901976.3705947,2025-05-22T08:19:36.370600,0.24107150733470917,0.3876955509185791,Mistral-7B,2025-05-22T11:04:35.124657,7300000000,4,460,fiction
"wiki: Civil War and Reconstruction  By 1860, the population had increased to 964,201 people, of which nearly half, 435,080, were enslaved African Americans, and 2,690 were free people of color.",1.0,512,0,1747901984.6467469,2025-05-22T08:19:44.646752,0.24587610363960266,0.3952557146549225,Mistral-7B,2025-05-22T11:04:36.635578,7300000000,0,465,wiki
"code: Explain what this code does:
def function_46(x): return x * 2",1.0,512,0,1747901992.5847685,2025-05-22T08:19:52.584774,0.25557640194892883,0.40846920013427734,Mistral-7B,2025-05-22T11:04:36.723099,7300000000,1,465,code
"news: During a search warrant on the two vehicles two printers, blank checks, cash, and a computer with check-making software were located and seized.",1.0,512,0,1747902000.8287601,2025-05-22T08:20:00.828766,0.24083775281906128,0.38757380843162537,Mistral-7B,2025-05-22T11:04:36.802344,7300000000,2,465,news
"wiki: Instead of people being able to control the aspects of their life, major decisions are taken by a small elite.",1.0,512,0,1747902007.7751968,2025-05-22T08:20:07.775202,0.24519066512584686,0.3960038721561432,Mistral-7B,2025-05-22T11:04:36.878585,7300000000,3,465,wiki
"code: Explain what this code does:
def function_28(x): return x * 2",1.0,512,0,1747902015.378219,2025-05-22T08:20:15.378224,0.2588537037372589,0.4134836792945862,Mistral-7B,2025-05-22T11:04:36.955184,7300000000,4,465,code
"news: 1892 ""Nutcracker"" costume sketch by Ivan Vsevolozhsky of the Sugar Plum Fairy's retinue.",1.0,512,1,1747902060.915638,2025-05-22T08:21:00.915644,0.24308432638645172,0.38905417919158936,Mistral-7B,2025-05-22T11:04:38.445265,7300000000,0,465,news
news: What parts of your life outside of ballet do you most look forward to cultivating now that you'll have more time on your hands?,1.0,512,1,1747902069.0917895,2025-05-22T08:21:09.091796,0.2611956298351288,0.4118836224079132,Mistral-7B,2025-05-22T11:04:38.532319,7300000000,1,465,news
news: NYCB's Brittany Pollack and Chase Finlay in the grand pas de deux toe slide.,1.0,512,1,1747902077.31639,2025-05-22T08:21:17.316395,0.24987734854221344,0.40014272928237915,Mistral-7B,2025-05-22T11:04:38.623044,7300000000,2,465,news
"code: Explain what this code does:
def function_40(x): return x * 2",1.0,512,1,1747902085.5874674,2025-05-22T08:21:25.587473,0.2658030390739441,0.41856712102890015,Mistral-7B,2025-05-22T11:04:38.712364,7300000000,3,465,code
"news: Some days you might not feel good about yourself, or things in your body might not be working well—every day is different.",1.0,512,1,1747902093.835528,2025-05-22T08:21:33.835534,0.2550482749938965,0.4028755724430084,Mistral-7B,2025-05-22T11:04:38.802817,7300000000,4,465,news
fiction: Which term best describes the life cycle of an insect that reaches the adult stage without being a pupa? (Answer: A),1.0,512,0,1747902019.9832437,2025-05-22T08:20:19.983250,0.25108468532562256,0.4040537178516388,Mistral-7B,2025-05-22T11:04:40.323347,7300000000,0,470,fiction
"wiki: The Gulf Coast, around Mobile Bay, averages between 70 and 80 days per year with thunder reported.",1.0,512,0,1747902023.878151,2025-05-22T08:20:23.878156,0.24936658143997192,0.4021192789077759,Mistral-7B,2025-05-22T11:04:40.400831,7300000000,1,470,wiki
"wiki: Anarchists also reinforced their propaganda within the arts, some of whom practiced naturism and nudism.",1.0,512,0,1747902031.7638087,2025-05-22T08:20:31.763814,0.23718369007110596,0.385152667760849,Mistral-7B,2025-05-22T11:04:40.477329,7300000000,2,470,wiki
"wiki: During the antebellum period, Alabama was a major producer of cotton, and widely used African American slave labor.",1.0,512,0,1747902039.8793454,2025-05-22T08:20:39.879350,0.2508355975151062,0.4028394818305969,Mistral-7B,2025-05-22T11:04:40.563202,7300000000,3,470,wiki
"news: If I can't describe what I want with words, I have to show them.""",1.0,512,0,1747902048.0654538,2025-05-22T08:20:48.065459,0.24574799835681915,0.3944976329803467,Mistral-7B,2025-05-22T11:04:40.640540,7300000000,4,470,news
"code: Explain what this code does:
def function_20(x): return x * 2",1.0,512,1,1747902101.3653922,2025-05-22T08:21:41.365397,0.261447548866272,0.4118666648864746,Mistral-7B,2025-05-22T11:04:42.133087,7300000000,0,470,code
news: Could some of us be out of a job?,1.0,512,1,1747902109.7336056,2025-05-22T08:21:49.733611,0.2631303369998932,0.41525915265083313,Mistral-7B,2025-05-22T11:04:42.213542,7300000000,1,470,news
"wiki: For instance, Birmingham and Jefferson County taxes had supplied one-third of the state budget, but Jefferson County received only 1/67th of state services in funding.",1.0,512,1,1747902118.0722284,2025-05-22T08:21:58.072233,0.24550968408584595,0.3920608460903168,Mistral-7B,2025-05-22T11:04:42.291176,7300000000,2,470,wiki
"wiki: In geometry, capital A, B, C etc.",1.0,512,1,1747902126.3665538,2025-05-22T08:22:06.366559,0.2618269920349121,0.4142146706581116,Mistral-7B,2025-05-22T11:04:42.369215,7300000000,3,470,wiki
wiki: European settlement  The Spanish were the first Europeans to reach Alabama during their exploration of North America in the 16th century.,1.0,512,1,1747902134.7211688,2025-05-22T08:22:14.721174,0.260237455368042,0.411276638507843,Mistral-7B,2025-05-22T11:04:42.449661,7300000000,4,470,wiki
"fiction: Many common hand tools create a mechanical advantage by using the basic principles found in simple machines. For example, a screwdriver uses the principles of the wheel and axle. In order to increase gripping force, pliers use the principle demonstrated in the (Answer: B)",1.0,512,1,1747902136.9766064,2025-05-22T08:22:16.976612,0.2521322965621948,0.40110063552856445,Mistral-7B,2025-05-22T11:04:43.925058,7300000000,0,475,fiction
"news: The ethereal twinkling sound in the Sugar Plum Fairy's solo comes from the celesta, a rare instrument Tchaikovsky heard in France.",1.0,512,1,1747902144.5341265,2025-05-22T08:22:24.534131,0.24851039052009583,0.39713820815086365,Mistral-7B,2025-05-22T11:04:44.004890,7300000000,1,475,news
"wiki: They wrote another constitution in 1875, and the legislature passed the Blaine Amendment, prohibiting public money from being used to finance religious-affiliated schools.",1.0,512,1,1747902152.5207193,2025-05-22T08:22:32.520724,0.24409598112106323,0.3896520435810089,Mistral-7B,2025-05-22T11:04:44.120359,7300000000,2,475,wiki
"wiki: In the Sasanian Empire, Mazdak called for an egalitarian society and the abolition of monarchy, only to be soon executed by Emperor Kavad I.",1.0,512,1,1747902160.6732433,2025-05-22T08:22:40.673249,0.2476503551006317,0.3965679109096527,Mistral-7B,2025-05-22T11:04:44.215432,7300000000,3,475,wiki
"wiki: Functional friendships, such as those resulting in invitations to parties, may affect the quality of life more deeply.",1.0,512,1,1747902168.893517,2025-05-22T08:22:48.893522,0.24755322933197021,0.39597782492637634,Mistral-7B,2025-05-22T11:04:44.308684,7300000000,4,475,wiki
"wiki: A. John Simmons and Leslie Green, who leaned toward philosophical anarchism, believed that the state could be legitimate if it is governed by consensus, although they saw this as highly unlikely.",1.0,512,0,1747902056.6045702,2025-05-22T08:20:56.604576,0.2307070642709732,0.37435442209243774,Mistral-7B,2025-05-22T11:04:45.812251,7300000000,0,475,wiki
news: New York City Ballet principal dancer Rebecca Krohn will take her final bow with the company this Saturday night.,1.0,512,0,1747902064.8044686,2025-05-22T08:21:04.804474,0.2460247427225113,0.3952866494655609,Mistral-7B,2025-05-22T11:04:45.904197,7300000000,1,475,news
"fiction: Hatchling sea turtles are typically dark in color. Occasionally, a sea turtle hatches that is almost white in color. When crawling from the nest on the beach to the ocean, this light-colored sea turtle could be at risk for sunburn. The light color of the turtles would most likely (Answer: C)",1.0,512,0,1747902073.2548964,2025-05-22T08:21:13.254910,0.24003104865550995,0.3875003755092621,Mistral-7B,2025-05-22T11:04:45.980494,7300000000,2,475,fiction
fiction: Which of these human activities does not contribute to the extinction of species? (Answer: C),1.0,512,0,1747902081.4659123,2025-05-22T08:21:21.465917,0.2452140897512436,0.3950153887271881,Mistral-7B,2025-05-22T11:04:46.070022,7300000000,3,475,fiction
fiction: How long does it take for Earth to rotate on its axis seven times? (Answer: B),1.0,512,0,1747902089.7040262,2025-05-22T08:21:29.704031,0.2540355920791626,0.4076838493347168,Mistral-7B,2025-05-22T11:04:46.172725,7300000000,4,475,fiction
"wiki: The first community of adherents of the Baháʼí Faith in Alabama was founded in 1896 by Paul K. Dealy, who moved from Chicago to Fairhope.",1.0,512,0,1747902098.6229863,2025-05-22T08:21:38.623003,0.24020476639270782,0.39109721779823303,Mistral-7B,2025-05-22T11:04:47.659212,7300000000,0,480,wiki
wiki: No known medication relieves autism's core symptoms of social and communication impairments.,1.0,512,0,1747902106.333264,2025-05-22T08:21:46.333270,0.2469649612903595,0.39901915192604065,Mistral-7B,2025-05-22T11:04:47.743667,7300000000,1,480,wiki
"code: Explain what this code does:
def function_31(x): return x * 2",1.0,512,0,1747902114.2710729,2025-05-22T08:21:54.271077,0.2541853189468384,0.40682899951934814,Mistral-7B,2025-05-22T11:04:47.822224,7300000000,2,480,code
"code: Explain what this code does:
def function_35(x): return x * 2",1.0,512,0,1747902122.4759817,2025-05-22T08:22:02.475987,0.25694790482521057,0.41112831234931946,Mistral-7B,2025-05-22T11:04:47.902123,7300000000,3,480,code
"news: 34 total views, 34 views today Share Us",1.0,512,0,1747902130.5977237,2025-05-22T08:22:10.597729,0.23767834901809692,0.38454461097717285,Mistral-7B,2025-05-22T11:04:47.981645,7300000000,4,480,news
"wiki: Because light specularly reflected from water does not usually reach the viewer, water is usually considered to have a very low albedo in spite of its high reflectivity at high angles of incident light.",1.0,512,1,1747902171.137589,2025-05-22T08:22:51.137596,0.2504693865776062,0.3989425301551819,Mistral-7B,2025-05-22T11:04:49.448271,7300000000,0,480,wiki
"wiki: As it appeals to both emotion and reason, art could appeal to the whole human and have a powerful effect.",1.0,512,1,1747902178.4179678,2025-05-22T08:22:58.417974,0.24960599839687347,0.39791107177734375,Mistral-7B,2025-05-22T11:04:49.537628,7300000000,1,480,wiki
"wiki: In addition, Alabama produces aerospace and electronic products, mostly in the Huntsville area, the location of NASA's George C. Marshall Space Flight Center and the U.S. Army Materiel Command, headquartered at Redstone Arsenal.",1.0,512,1,1747902185.7410343,2025-05-22T08:23:05.741040,0.2519897520542145,0.4005233943462372,Mistral-7B,2025-05-22T11:04:49.663232,7300000000,2,480,wiki
"wiki: Through many countries, individualist anarchism attracted a small yet diverse following of Bohemian artists and intellectuals as well as young anarchist outlaws in what became known as illegalism and individual reclamation.",1.0,512,1,1747902193.5886152,2025-05-22T08:23:13.588620,0.2389310896396637,0.38352468609809875,Mistral-7B,2025-05-22T11:04:49.757298,7300000000,3,480,wiki
"code: Explain what this code does:
def function_77(x): return x * 2",1.0,512,1,1747902200.7068877,2025-05-22T08:23:20.706892,0.2612230181694031,0.4126327633857727,Mistral-7B,2025-05-22T11:04:49.834997,7300000000,4,480,code
news: That's something I'll never forget.,1.0,512,0,1747902139.3606362,2025-05-22T08:22:19.360641,0.2477082461118698,0.39804691076278687,Mistral-7B,2025-05-22T11:04:51.311235,7300000000,0,485,news
news: A number of dancers including New York City Ballet principal Russell Janzen will be acting as moving models.,1.0,512,0,1747902147.7255626,2025-05-22T08:22:27.725568,0.23835498094558716,0.38746803998947144,Mistral-7B,2025-05-22T11:04:51.422244,7300000000,1,485,news
"code: Explain what this code does:
def function_29(x): return x * 2",1.0,512,0,1747902156.1206176,2025-05-22T08:22:36.120623,0.25787678360939026,0.412651002407074,Mistral-7B,2025-05-22T11:04:51.535528,7300000000,2,485,code
wiki: Education  Primary and secondary education  Public primary and secondary education in Alabama is under the purview of the Alabama State Board of Education as well as local oversight by 67 county school boards and 60 city boards of education.,1.0,512,0,1747902164.4648519,2025-05-22T08:22:44.464857,0.2445041388273239,0.3933832049369812,Mistral-7B,2025-05-22T11:04:51.634308,7300000000,3,485,wiki
wiki: About half of people in their 20s with autism are not employed.,1.0,512,0,1747902171.2437632,2025-05-22T08:22:51.243770,0.24318040907382965,0.39323797821998596,Mistral-7B,2025-05-22T11:04:51.712538,7300000000,4,485,wiki
news: Dumas even cheered up the name of the protagonist.,1.0,512,1,1747902209.2056565,2025-05-22T08:23:29.205662,0.24478527903556824,0.3924025893211365,Mistral-7B,2025-05-22T11:04:53.184366,7300000000,0,485,news
fiction: Cells are the basic unit of structure and function in all living organisms. Which describes the greatest difference between the cells of a baby gorilla and the cells of an adult gorilla? (Answer: A),1.0,512,1,1747902215.4274707,2025-05-22T08:23:35.427476,0.25700581073760986,0.4075581133365631,Mistral-7B,2025-05-22T11:04:53.263030,7300000000,1,485,fiction
"wiki: A total of 387 schools, seven teachers' houses, and several vocational buildings were completed by 1937 in the state.",1.0,512,1,1747902223.8569653,2025-05-22T08:23:43.856971,0.23655298352241516,0.3777306079864502,Mistral-7B,2025-05-22T11:04:53.340000,7300000000,2,485,wiki
"wiki: Bakunin saw the state as meaning ""coercion, domination by means of coercion, camouflaged if possible but unceremonious and overt if need be.""",1.0,512,1,1747902231.2700844,2025-05-22T08:23:51.270090,0.24315795302391052,0.3882984220981598,Mistral-7B,2025-05-22T11:04:53.416998,7300000000,3,485,wiki
"wiki: After bitter disputes, the Bakuninists were expelled from the International by the Marxists at the 1872 Hague Congress.",1.0,512,1,1747902239.4532928,2025-05-22T08:23:59.453299,0.24007548391819,0.38402727246284485,Mistral-7B,2025-05-22T11:04:53.495498,7300000000,4,485,wiki
wiki: Legion Field is home of the UAB Blazers football program and the Birmingham Bowl.,1.0,512,0,1747902180.3775804,2025-05-22T08:23:00.377586,0.24239496886730194,0.39035362005233765,Mistral-7B,2025-05-22T11:04:54.932205,7300000000,0,490,wiki
news: 3.,1.0,512,0,1747902188.6437325,2025-05-22T08:23:08.643738,0.23748360574245453,0.3849789798259735,Mistral-7B,2025-05-22T11:04:55.007552,7300000000,1,490,news
fiction: The composition of soil influences the soil's ability to retain and transmit water and air. What soil type would be best for planting a productive garden? (Answer: B),1.0,512,0,1747902195.23565,2025-05-22T08:23:15.235656,0.2441639006137848,0.39340099692344666,Mistral-7B,2025-05-22T11:04:55.138005,7300000000,2,490,fiction
"wiki: History  The earliest certain ancestor of ""A"" is aleph (also written 'aleph), the first letter of the Phoenician alphabet, which consisted entirely of consonants (for that reason, it is also called an abjad to distinguish it from a true alphabet).",1.0,512,0,1747902204.0456223,2025-05-22T08:23:24.045628,0.23508429527282715,0.3801421821117401,Mistral-7B,2025-05-22T11:04:55.239864,7300000000,3,490,wiki
"wiki: Immigration from outside the U.S. resulted in a net increase of 31,180 people, and migration within the country produced a net gain of 73,811 people.",1.0,512,0,1747902212.627216,2025-05-22T08:23:32.627222,0.2431875765323639,0.39153581857681274,Mistral-7B,2025-05-22T11:04:55.334168,7300000000,4,490,wiki
"news: Investigators now believe that four black males came from Atlanta to the Destin area on October 1, 2017, and rented two vehicles.",1.0,512,1,1747902248.0904853,2025-05-22T08:24:08.090491,0.23951764404773712,0.3839172422885895,Mistral-7B,2025-05-22T11:04:56.895019,7300000000,0,490,news
wiki: Greater Birmingham is Alabama's largest metropolitan area and its economic center.,1.0,512,1,1747902257.2090538,2025-05-22T08:24:17.209062,0.2530083954334259,0.40213432908058167,Mistral-7B,2025-05-22T11:04:56.980052,7300000000,1,490,wiki
fiction: A fold observed in layers of sedimentary rock most likely resulted from the (Answer: B),1.0,512,1,1747902268.0615036,2025-05-22T08:24:28.061510,0.24810391664505005,0.3962295353412628,Mistral-7B,2025-05-22T11:04:57.073798,7300000000,2,490,fiction
"fiction: In the carbon cycle, carbon moves from reservoir to reservoir as various organic and inorganic processes occur on Earth. Only a small percentage of the global carbon is moved in this cycle each year. The remaining carbon is stored in these reservoirs. Which reservoir contains the greatest amount of stored carbon? (Answer: D)",1.0,512,1,1747902270.0761852,2025-05-22T08:24:30.076190,0.2509411871433258,0.39823397994041443,Mistral-7B,2025-05-22T11:04:57.165742,7300000000,3,490,fiction
news: San Francisco Ballet Honors Robbins Mysterious; romantic; witty; electrifying.,1.0,512,1,1747902278.4653807,2025-05-22T08:24:38.465386,0.24141022562980652,0.38842374086380005,Mistral-7B,2025-05-22T11:04:57.257806,7300000000,4,490,news
"wiki: In two of the studies, whose duration was 12 and 24 months, a significant improvement in ASD symptoms (efficacy rate 50%) was identified.",1.0,512,1,1747902280.757017,2025-05-22T08:24:40.757023,0.24260744452476501,0.3890276849269867,Mistral-7B,2025-05-22T11:04:58.803925,7300000000,0,495,wiki
fiction: Which geologic process most likely led to the uplifting of the Rocky Mountains? (Answer: C),1.0,512,1,1747902282.4727955,2025-05-22T08:24:42.472800,0.2506725490093231,0.3992203176021576,Mistral-7B,2025-05-22T11:04:58.892605,7300000000,1,495,fiction
"news: Building a slide deck, pitch, or presentation?",1.0,512,1,1747902290.2865148,2025-05-22T08:24:50.286520,0.25119835138320923,0.3995997905731201,Mistral-7B,2025-05-22T11:04:58.971973,7300000000,2,495,news
"wiki: Since a direct connection from I-22 to I-422 will not be possible, I-222 has been proposed, as well.",1.0,512,1,1747902298.532355,2025-05-22T08:24:58.532360,0.24316269159317017,0.3876468241214752,Mistral-7B,2025-05-22T11:04:59.056135,7300000000,3,495,wiki
"code: Explain what this code does:
def function_65(x): return x * 2",1.0,512,1,1747902304.0670896,2025-05-22T08:25:04.067096,0.253864049911499,0.40192458033561707,Mistral-7B,2025-05-22T11:04:59.161189,7300000000,4,495,code
news: Balanchine included Shiryaev's original choreography in his Nutcracker.,1.0,512,0,1747902220.6447978,2025-05-22T08:23:40.644803,0.23806966841220856,0.3846658170223236,Mistral-7B,2025-05-22T11:05:00.617487,7300000000,0,495,news
"wiki: It has been established that vaccination is not a risk factor for autism and is not behind any increase in autism prevalence rates, if any change in the rate of autism exists at all.",1.0,512,0,1747902225.9114404,2025-05-22T08:23:45.911446,0.23977825045585632,0.3863924443721771,Mistral-7B,2025-05-22T11:05:00.720209,7300000000,1,495,wiki
wiki: A smooth metallic sphere would have .,1.0,512,0,1747902234.602592,2025-05-22T08:23:54.602597,0.2490096092224121,0.4008980393409729,Mistral-7B,2025-05-22T11:05:00.823611,7300000000,2,495,wiki
"code: Explain what this code does:
def function_89(x): return x * 2",1.0,512,0,1747902242.9712274,2025-05-22T08:24:02.971233,0.24542136490345,0.39364510774612427,Mistral-7B,2025-05-22T11:05:00.926054,7300000000,3,495,code
fiction: An ice cube placed in sunlight melts quickly. Which BEST explains this event? (Answer: B),1.0,512,0,1747902251.5158787,2025-05-22T08:24:11.515884,0.24933817982673645,0.4015181362628937,Mistral-7B,2025-05-22T11:05:01.023179,7300000000,4,495,fiction
news: BDA alumni in American companies include San Francisco Ballet soloists Wei Wang and Wanting Zhao and ABT corps members Zhiyao Zhang and Xuelan Lu.,1.0,512,0,1747902257.013933,2025-05-22T08:24:17.013939,0.23502890765666962,0.3819001615047455,Mistral-7B,2025-05-22T11:05:02.465395,7300000000,0,500,news
wiki: Alabama's slaves were freed by the 13th Amendment in 1865.,1.0,512,0,1747902267.7219574,2025-05-22T08:24:27.721963,0.24844160676002502,0.40049296617507935,Mistral-7B,2025-05-22T11:05:02.559642,7300000000,1,500,wiki
"wiki: Indigenous animal species in the state include 62 mammal species, 93 reptile species, 73 amphibian species, roughly 307 native freshwater fish species, and 420 bird species that spend at least part of their year within the state.",1.0,512,0,1747902275.0153477,2025-05-22T08:24:35.015353,0.24767786264419556,0.39977529644966125,Mistral-7B,2025-05-22T11:05:02.648070,7300000000,2,500,wiki
fiction: Which of these do scientists offer as the most recent explanation as to why many plants and animals died out at the end of the Mesozoic era? (Answer: D),1.0,512,0,1747902281.0316496,2025-05-22T08:24:41.031655,0.2504929006099701,0.4039252996444702,Mistral-7B,2025-05-22T11:05:02.737572,7300000000,3,500,fiction
"fiction: Some animals are very rare. For example, there are very few Siberian tigers. If the only Siberian tigers left are female, what will most likely happen? (Answer: D)",1.0,512,0,1747902285.8252172,2025-05-22T08:24:45.825222,0.25129765272140503,0.4051660895347595,Mistral-7B,2025-05-22T11:05:02.826828,7300000000,4,500,fiction
"wiki: Unlike with autism, people with Asperger syndrome have no substantial delay in language development.",1.0,512,1,1747902313.4483125,2025-05-22T08:25:13.448319,0.2546403408050537,0.4044348895549774,Mistral-7B,2025-05-22T11:05:04.366648,7300000000,0,500,wiki
"wiki: Anarchism's emphasis on anti-capitalism, egalitarianism, and for the extension of community and individuality sets it apart from anarcho-capitalism and other types of economic libertarianism.",1.0,512,1,1747902314.866663,2025-05-22T08:25:14.866669,0.25388094782829285,0.4034976363182068,Mistral-7B,2025-05-22T11:05:04.446128,7300000000,1,500,wiki
"wiki: The first anarchist currents developed throughout the 18th century as William Godwin espoused philosophical anarchism in England, morally delegitimising the state, Max Stirner's thinking paved the way to individualism and Pierre-Joseph Proudhon's theory of mutualism found fertile soil in France.",1.0,512,1,1747902323.4367287,2025-05-22T08:25:23.436734,0.2421516627073288,0.3886433243751526,Mistral-7B,2025-05-22T11:05:04.525988,7300000000,2,500,wiki
"news: ""It's a kind of otherworldly dream,"" says Wheater.",1.0,512,1,1747902331.767125,2025-05-22T08:25:31.767131,0.23687830567359924,0.3796904683113098,Mistral-7B,2025-05-22T11:05:04.644496,7300000000,3,500,news
"wiki: Alabama's 67 county sheriffs are elected in partisan, at-large races, and Democrats still retain the narrow majority of those posts.",1.0,512,1,1747902340.1671164,2025-05-22T08:25:40.167121,0.23632082343101501,0.37788715958595276,Mistral-7B,2025-05-22T11:05:04.728323,7300000000,4,500,wiki
wiki: Anarchist tactics have shifted during the course of the last century.,1.0,512,0,1747902294.5653012,2025-05-22T08:24:54.565306,0.24345974624156952,0.3933367431163788,Mistral-7B,2025-05-22T11:05:06.176354,7300000000,0,505,wiki
"wiki: In May 2007, German steelmaker ThyssenKrupp selected Calvert in Mobile County for a 4.65billion combined stainless and carbon steel processing facility.",1.0,512,0,1747902303.9415088,2025-05-22T08:25:03.941514,0.24020430445671082,0.38847729563713074,Mistral-7B,2025-05-22T11:05:06.254055,7300000000,1,505,wiki
wiki: Some studies also find decreased earning among parents who care for autistic children.,1.0,512,0,1747902310.8817623,2025-05-22T08:25:10.881767,0.24530509114265442,0.3957671523094177,Mistral-7B,2025-05-22T11:05:06.332348,7300000000,2,505,wiki
fiction: A flowing stream contains water at 18°C. Cans of soft drinks at 28°C are lowered into the stream. Which of the following will most likely occur? (Answer: B),1.0,512,0,1747902312.5196652,2025-05-22T08:25:12.519671,0.24443529546260834,0.39350083470344543,Mistral-7B,2025-05-22T11:05:06.410241,7300000000,3,505,fiction
wiki: Collectivist anarchism is a revolutionary socialist form of anarchism commonly associated with Mikhail Bakunin.,1.0,512,0,1747902319.4823081,2025-05-22T08:25:19.482313,0.24490709602832794,0.39470788836479187,Mistral-7B,2025-05-22T11:05:06.487545,7300000000,4,505,wiki
wiki: Both derive from the majuscule (capital) form.,1.0,512,1,1747902346.3025126,2025-05-22T08:25:46.302518,0.24764086306095123,0.3959753215312958,Mistral-7B,2025-05-22T11:05:07.949214,7300000000,0,505,wiki
"news: The research was truly enriching, because I realized how wonderful of a person he was as well, which dictates how we share his personal life onstage.",1.0,512,1,1747902354.8356905,2025-05-22T08:25:54.835696,0.2324519008398056,0.3706446588039398,Mistral-7B,2025-05-22T11:05:08.062206,7300000000,1,505,news
wiki: It was the only state to allow judges to override jury decisions in whether or not to use a death sentence; in 10 cases judges overturned sentences of life imprisonment without parole that were voted unanimously by juries.,1.0,512,1,1747902363.2560365,2025-05-22T08:26:03.256043,0.24730998277664185,0.39539435505867004,Mistral-7B,2025-05-22T11:05:08.171462,7300000000,2,505,wiki
"wiki: In 2009, Bryant–Denny Stadium and Jordan-Hare Stadium became the homes of the Alabama High School Athletic Association state football championship games, after previously being held at Legion Field in Birmingham.",1.0,512,1,1747902371.605061,2025-05-22T08:26:11.605066,0.25200286507606506,0.4006595015525818,Mistral-7B,2025-05-22T11:05:08.250163,7300000000,3,505,wiki
"wiki: JVC America, Inc. operates an optical disc replication and packaging plant in Tuscaloosa.",1.0,512,1,1747902379.9579284,2025-05-22T08:26:19.957933,0.24785998463630676,0.3944582939147949,Mistral-7B,2025-05-22T11:05:08.330538,7300000000,4,505,wiki
"news: Although many have won awards at international competitions, the school does not actively focus on competing.",1.0,512,1,1747902385.52535,2025-05-22T08:26:25.525356,0.2496878206729889,0.39697378873825073,Mistral-7B,2025-05-22T11:05:09.776123,7300000000,0,510,news
"fiction: Lactose intolerance is a condition of the digestive system in which an individual has an inability to digest lactose, the sugar found in milk. An individual affected with lactose intolerance does not produce enough of the enzyme lactase, which is needed to break down lactose. If more adults than children are diagnosed with lactose intolerance, what does this most likely suggest? (Answer: A)",1.0,512,1,1747902391.5482051,2025-05-22T08:26:31.548211,0.2590465843677521,0.4097343981266022,Mistral-7B,2025-05-22T11:05:09.854285,7300000000,1,510,fiction
"code: Explain what this code does:
def function_64(x): return x * 2",1.0,512,1,1747902398.624353,2025-05-22T08:26:38.624357,0.25890398025512695,0.40885257720947266,Mistral-7B,2025-05-22T11:05:09.931681,7300000000,2,510,code
fiction: Which of the following is an example of a physical change? (Answer: B),1.0,512,1,1747902403.903593,2025-05-22T08:26:43.903599,0.25440138578414917,0.4036868214607239,Mistral-7B,2025-05-22T11:05:10.009516,7300000000,3,510,fiction
"news: Fortunately, I was sent two devices, so I unplugged the first (a GS-16) and plugged in the second (a GS-64).",1.0,512,1,1747902412.4130523,2025-05-22T08:26:52.413058,0.24305607378482819,0.3869761526584625,Mistral-7B,2025-05-22T11:05:10.140597,7300000000,4,510,news
wiki: The monument was removed in August 2003.,1.0,512,0,1747902328.0067825,2025-05-22T08:25:28.006788,0.25742146372795105,0.41458773612976074,Mistral-7B,2025-05-22T11:05:11.646622,7300000000,0,510,wiki
"wiki: There is tentative evidence that music therapy may improve social interactions, verbal communication, and non-verbal communication skills.",1.0,512,0,1747902336.1841707,2025-05-22T08:25:36.184176,0.2504240572452545,0.4031063914299011,Mistral-7B,2025-05-22T11:05:11.728202,7300000000,1,510,wiki
wiki: Their decrease in prevalence was the result of further judicial power and targeting and cataloging by state institutions.,1.0,512,0,1747902344.5210857,2025-05-22T08:25:44.521091,0.23553386330604553,0.38436105847358704,Mistral-7B,2025-05-22T11:05:11.806122,7300000000,2,510,wiki
"wiki: With the anarchists being crushed in Russia, two new antithetical currents emerged, namely platformism and synthesis anarchism.",1.0,512,0,1747902351.764714,2025-05-22T08:25:51.764720,0.23200935125350952,0.3771789073944092,Mistral-7B,2025-05-22T11:05:11.884601,7300000000,3,510,wiki
"wiki: Local elections Many local offices (county commissioners, boards of education, tax assessors, tax collectors, etc.)",1.0,512,0,1747902359.7252944,2025-05-22T08:25:59.725300,0.24603261053562164,0.3961884081363678,Mistral-7B,2025-05-22T11:05:11.962648,7300000000,4,510,wiki
"news: OEMs like Meta, VIVE, Vuzix, and Picoare are already building on the XR1 platform, the release said.",1.0,512,1,1747902420.2569993,2025-05-22T08:27:00.257004,0.2337956577539444,0.3747197985649109,Mistral-7B,2025-05-22T11:05:13.441033,7300000000,0,515,news
"wiki: In Basra, religious sects preached against the state.",1.0,512,1,1747902428.74405,2025-05-22T08:27:08.744055,0.2434435486793518,0.39012327790260315,Mistral-7B,2025-05-22T11:05:13.559398,7300000000,1,515,wiki
"news: Photo by Paul Kolnik, Courtesy NYCB.",1.0,512,1,1747902437.061119,2025-05-22T08:27:17.061124,0.23708662390708923,0.38055670261383057,Mistral-7B,2025-05-22T11:05:13.670128,7300000000,2,515,news
fiction: A toothpaste commercial states that a brand of toothpaste has a higher concentration of fluoride than any other toothpaste available. The commercial is most likely inferring that the advertised toothpaste (Answer: C),1.0,512,1,1747902439.1707199,2025-05-22T08:27:19.170725,0.2470984160900116,0.39319273829460144,Mistral-7B,2025-05-22T11:05:13.746946,7300000000,3,515,fiction
"code: Explain what this code does:
def function_48(x): return x * 2",1.0,512,1,1747902446.8830714,2025-05-22T08:27:26.883076,0.2592489719390869,0.4096532166004181,Mistral-7B,2025-05-22T11:05:13.821542,7300000000,4,515,code
"wiki: In English grammar, ""a"", and its variant ""an"", is an indefinite article, used to introduce noun phrases.",1.0,512,0,1747902368.0987983,2025-05-22T08:26:08.098804,0.2512844502925873,0.40462905168533325,Mistral-7B,2025-05-22T11:05:15.262265,7300000000,0,515,wiki
"fiction: After observing several dogs running, students ask the following question: Do dogs with long hair run faster than dogs with short hair? How can the students best answer their question? (Answer: B)",1.0,512,0,1747902376.1412482,2025-05-22T08:26:16.141253,0.2500261664390564,0.4026319086551666,Mistral-7B,2025-05-22T11:05:15.344145,7300000000,1,515,fiction
"wiki: In China, small groups of students imported the humanistic pro-science version of anarcho-communism.",1.0,512,0,1747902384.3035536,2025-05-22T08:26:24.303558,0.22722651064395905,0.37143224477767944,Mistral-7B,2025-05-22T11:05:15.423110,7300000000,2,515,wiki
"code: Explain what this code does:
def function_5(x): return x * 2",1.0,512,0,1747902393.1414082,2025-05-22T08:26:33.141413,0.25907424092292786,0.4146672189235687,Mistral-7B,2025-05-22T11:05:15.501598,7300000000,3,515,code
"wiki: Peirce, Neal R. The Deep South States of America: People, Politics, and Power in the Seven Deep South States (1974).",1.0,512,0,1747902401.674263,2025-05-22T08:26:41.674268,0.2450329065322876,0.397170752286911,Mistral-7B,2025-05-22T11:05:15.610080,7300000000,4,515,wiki
"code: Explain what this code does:
def function_59(x): return x * 2",1.0,512,0,1747902409.381072,2025-05-22T08:26:49.381077,0.25846076011657715,0.41366684436798096,Mistral-7B,2025-05-22T11:05:17.074715,7300000000,0,520,code
news: What are you most looking forward to in your new role?,1.0,512,0,1747902414.5937486,2025-05-22T08:26:54.593754,0.257805734872818,0.4122486710548401,Mistral-7B,2025-05-22T11:05:17.155845,7300000000,1,520,news
fiction: Which land form is the result of the constructive force of a glacier? (Answer: B),1.0,512,0,1747902416.419282,2025-05-22T08:26:56.419287,0.25385281443595886,0.40781697630882263,Mistral-7B,2025-05-22T11:05:17.249034,7300000000,2,520,fiction
"wiki: The three GOP lieutenant governors are Steve Windom (1999–2003), Kay Ivey (2011–2017), and Will Ainsworth (2019–present).",1.0,512,0,1747902417.8582752,2025-05-22T08:26:57.858280,0.2534151077270508,0.40982773900032043,Mistral-7B,2025-05-22T11:05:17.326784,7300000000,3,520,wiki
"code: Explain what this code does:
def function_43(x): return x * 2",1.0,512,0,1747902425.382956,2025-05-22T08:27:05.382961,0.25673961639404297,0.41105619072914124,Mistral-7B,2025-05-22T11:05:17.404571,7300000000,4,520,code
wiki: Anarchism appears in English from 1642 as anarchisme and anarchy from 1539; early English usages emphasised a sense of disorder.,1.0,512,1,1747902455.2255867,2025-05-22T08:27:35.225592,0.24451343715190887,0.38904088735580444,Mistral-7B,2025-05-22T11:05:18.864101,7300000000,0,520,wiki
news: We've pulled together some highlights.,1.0,512,1,1747902463.8611817,2025-05-22T08:27:43.861187,0.24995698034763336,0.39681845903396606,Mistral-7B,2025-05-22T11:05:18.971618,7300000000,1,520,news
"wiki: Jordan-Hare Stadium is the home field of the Auburn football team and seats up to 87,451.",1.0,512,1,1747902472.3660593,2025-05-22T08:27:52.366065,0.25762608647346497,0.4092470109462738,Mistral-7B,2025-05-22T11:05:19.112091,7300000000,2,520,wiki
"wiki: The Alabama Fever land rush was underway when the state was admitted to the Union, with settlers and land speculators pouring into the state to take advantage of fertile land suitable for cotton cultivation.",1.0,512,1,1747902479.500872,2025-05-22T08:27:59.500877,0.24488075077533722,0.39123424887657166,Mistral-7B,2025-05-22T11:05:19.213861,7300000000,3,520,wiki
"news: The Royal Swedish Ballet in Alexander Ekman's ""Midsummer Night's Dream.""",1.0,512,1,1747902487.1996467,2025-05-22T08:28:07.199652,0.24792209267616272,0.3955738842487335,Mistral-7B,2025-05-22T11:05:19.316737,7300000000,4,520,news
wiki: Variation in summer albedo across both forest types is associated with maximum rates of photosynthesis because plants with high growth capacity display a greater fraction of their foliage for direct interception of incoming radiation in the upper canopy.,1.0,512,0,1747902433.6907218,2025-05-22T08:27:13.690727,0.23477740585803986,0.38212770223617554,Mistral-7B,2025-05-22T11:05:20.799747,7300000000,0,525,wiki
"code: Explain what this code does:
def function_87(x): return x * 2",1.0,512,0,1747902441.8774052,2025-05-22T08:27:21.877411,0.25298458337783813,0.40542757511138916,Mistral-7B,2025-05-22T11:05:20.906004,7300000000,1,525,code
wiki: Industrial development related to the demands of World War II brought a level of prosperity to the state not seen since before the civil war.,1.0,512,0,1747902450.3067768,2025-05-22T08:27:30.306782,0.2361644208431244,0.3833085894584656,Mistral-7B,2025-05-22T11:05:21.019001,7300000000,2,525,wiki
wiki: A historical current that arose and flourished during 1890 and 1920 within anarchism was free love.,1.0,512,0,1747902458.736855,2025-05-22T08:27:38.736861,0.2350614368915558,0.38140976428985596,Mistral-7B,2025-05-22T11:05:21.152315,7300000000,3,525,wiki
"fiction: Acid rain has a pH below 5.6. This rain can damage soil, lakes, crops, and buildings. Acid rain is caused by all of the following except (Answer: D)",1.0,512,0,1747902461.3722718,2025-05-22T08:27:41.372277,0.24191290140151978,0.3904264569282532,Mistral-7B,2025-05-22T11:05:21.251790,7300000000,4,525,fiction
"wiki: Terminology and distinction from schizophrenia  As late as the mid-1970s there was little evidence of a genetic role in autism, while in 2007 it was believed to be one of the most heritable psychiatric conditions.",1.0,512,1,1747902496.0857162,2025-05-22T08:28:16.085722,0.2464301884174347,0.39224934577941895,Mistral-7B,2025-05-22T11:05:22.727551,7300000000,0,525,wiki
"wiki: The way these hacktivists work to develop and distribute resembles the anarchist ideals, especially when it comes to preserving users' privacy from state surveillance.",1.0,512,1,1747902504.4176762,2025-05-22T08:28:24.417682,0.23792721331119537,0.38164854049682617,Mistral-7B,2025-05-22T11:05:22.836034,7300000000,1,525,wiki
wiki: The Marxist criticism of anarchism is that it has a utopian character because all individuals should have anarchist views and values.,1.0,512,1,1747902505.8429525,2025-05-22T08:28:25.842957,0.23966805636882782,0.3831455409526825,Mistral-7B,2025-05-22T11:05:22.942818,7300000000,2,525,wiki
"wiki: A 2018 review concluded that it may be a therapeutic option for specific groups of children with autism, such as those with known food intolerances or allergies, or with food intolerance markers.",1.0,512,1,1747902513.6878424,2025-05-22T08:28:33.687848,0.24367745220661163,0.38949429988861084,Mistral-7B,2025-05-22T11:05:23.051214,7300000000,3,525,wiki
"wiki: Among those who find work, most are employed in sheltered settings working for wages below the national minimum.",1.0,512,1,1747902522.053828,2025-05-22T08:28:42.053833,0.2527042627334595,0.4042574167251587,Mistral-7B,2025-05-22T11:05:23.159279,7300000000,4,525,wiki
"wiki: It has a seating capacity of 143,000 and is the thirteenth largest stadium in the world and sixth largest stadium in America.",1.0,512,0,1747902469.2514343,2025-05-22T08:27:49.251439,0.2441527545452118,0.39425015449523926,Mistral-7B,2025-05-22T11:05:24.650052,7300000000,0,530,wiki
wiki: Automakers accounted for approximately a third of the industrial expansion in the state in 2012.,1.0,512,0,1747902473.9234009,2025-05-22T08:27:53.923407,0.24773462116718292,0.3999541997909546,Mistral-7B,2025-05-22T11:05:24.764019,7300000000,1,530,wiki
wiki: Black anarchism began to take form at this time and influenced anarchism's move from a Eurocentric demographic.,1.0,512,0,1747902482.1385748,2025-05-22T08:28:02.138580,0.2518932521343231,0.4077068865299225,Mistral-7B,2025-05-22T11:05:24.876772,7300000000,2,530,wiki
fiction: Which of the following areas is most likely to form metamorphic rocks such as gneiss and schist? (Answer: C),1.0,512,0,1747902483.8351908,2025-05-22T08:28:03.835196,0.2574722468852997,0.4138498902320862,Mistral-7B,2025-05-22T11:05:24.989107,7300000000,3,530,fiction
"wiki: In general, higher IQs are correlated with greater responsiveness to treatment and improved treatment outcomes.",1.0,512,0,1747902491.8722847,2025-05-22T08:28:11.872290,0.24890762567520142,0.4018760621547699,Mistral-7B,2025-05-22T11:05:25.103062,7300000000,4,530,wiki
"news: Artists of the Ballet in rehearsal for ""Frame by Frame.""",1.0,512,1,1747902530.038977,2025-05-22T08:28:50.038982,0.24666425585746765,0.39543217420578003,Mistral-7B,2025-05-22T11:05:26.615860,7300000000,0,530,news
"news: ""GDPR closes all those gaps,"" he added.",1.0,512,1,1747902538.1196718,2025-05-22T08:28:58.119677,0.2385115921497345,0.3815344274044037,Mistral-7B,2025-05-22T11:05:26.726703,7300000000,1,530,news
wiki: Some authors suggest that automatic motor assessment could be useful to screen the children with ASD for instance with behavioural motor and emotionals reactions during smartphone watching.,1.0,512,1,1747902546.3231359,2025-05-22T08:29:06.323141,0.24340075254440308,0.39017319679260254,Mistral-7B,2025-05-22T11:05:26.833714,7300000000,2,530,wiki
"wiki: Epilepsy, with variations in risk of epilepsy due to age, cognitive level, and type of language disorder.",1.0,512,1,1747902547.7361815,2025-05-22T08:29:07.736186,0.24829518795013428,0.3962615728378296,Mistral-7B,2025-05-22T11:05:26.940454,7300000000,3,530,wiki
news: Git is the largest revision control and collaboration system available for development.,1.0,512,1,1747902555.2799098,2025-05-22T08:29:15.279916,0.252943217754364,0.39975225925445557,Mistral-7B,2025-05-22T11:05:27.048151,7300000000,4,530,news
"news: He holds his hands towards his chest, indicating the sign for ""I.""",1.0,512,0,1747902500.467935,2025-05-22T08:28:20.467940,0.24372383952140808,0.39424195885658264,Mistral-7B,2025-05-22T11:05:28.510006,7300000000,0,535,news
"code: Explain what this code does:
def function_68(x): return x * 2",1.0,512,0,1747902508.7250571,2025-05-22T08:28:28.725062,0.25323522090911865,0.40657949447631836,Mistral-7B,2025-05-22T11:05:28.646910,7300000000,1,535,code
wiki: These contributed to Congressional passage and enactment of the Civil Rights Act of 1964 and Voting Rights Act of 1965 by the U.S. Congress.,1.0,512,0,1747902510.170731,2025-05-22T08:28:30.170736,0.25329744815826416,0.40963098406791687,Mistral-7B,2025-05-22T11:05:28.762192,7300000000,2,535,wiki
"news: Go is cool, Swift is nifty, but old-school Java keeps reinventing itself to power both yesterday's and tomorrow's applications.",1.0,512,0,1747902518.2947469,2025-05-22T08:28:38.294752,0.24041001498699188,0.38884955644607544,Mistral-7B,2025-05-22T11:05:28.881795,7300000000,3,535,news
"wiki: Also, the Barber Motorsports Park has hosted IndyCar Series and Rolex Sports Car Series races.",1.0,512,0,1747902524.7460158,2025-05-22T08:28:44.746022,0.2363126426935196,0.3833950459957123,Mistral-7B,2025-05-22T11:05:29.001008,7300000000,4,535,wiki
fiction: A plant that grows red flowers was crossed with the same kind of plant that grows white flowers. Their offspring grew pink flowers. Which best explains why the offspring grew pink flowers? (Answer: C),1.0,512,1,1747902560.1114144,2025-05-22T08:29:20.111419,0.2529723644256592,0.4018469750881195,Mistral-7B,2025-05-22T11:05:30.551008,7300000000,0,535,fiction
"wiki: Assassination attempts were carried out against heads of state, some of which were successful.",1.0,512,1,1747902568.686026,2025-05-22T08:29:28.686032,0.2527959644794464,0.40096697211265564,Mistral-7B,2025-05-22T11:05:30.658395,7300000000,1,535,wiki
"wiki: When seen from a distance, the ocean surface has a low albedo, as do most forests, whereas desert areas have some of the highest albedos among landforms.",1.0,512,1,1747902577.0197043,2025-05-22T08:29:37.019710,0.24844500422477722,0.3946485221385956,Mistral-7B,2025-05-22T11:05:30.765407,7300000000,2,535,wiki
fiction: A boat is acted on by a river current flowing north and by wind blowing on its sails. The boat travels northeast. In which direction is the wind most likely applying force to the sails of the boat? (Answer: B),1.0,512,1,1747902578.4768414,2025-05-22T08:29:38.476847,0.24935869872570038,0.3956366777420044,Mistral-7B,2025-05-22T11:05:30.857270,7300000000,3,535,fiction
"news: The two men entered the gas station after McNeight, one of them carrying a tire iron.",1.0,512,1,1747902586.493551,2025-05-22T08:29:46.493556,0.246048241853714,0.3925000727176666,Mistral-7B,2025-05-22T11:05:30.937306,7300000000,4,535,news
news: The company is one of dozens of others honoring Robbins this year; last week we covered Cincinnati Ballet and New York Theatre Ballet.,1.0,512,0,1747902533.6189728,2025-05-22T08:28:53.618978,0.23651123046875,0.38437625765800476,Mistral-7B,2025-05-22T11:05:32.385001,7300000000,0,540,news
"code: Explain what this code does:
def function_62(x): return x * 2",1.0,512,0,1747902541.8871658,2025-05-22T08:29:01.887171,0.25216883420944214,0.40453022718429565,Mistral-7B,2025-05-22T11:05:32.468037,7300000000,1,540,code
"wiki: Treatment approaches have little empirical support in quality-of-life contexts, and many programs focus on success measures that lack predictive validity and real-world relevance.",1.0,512,0,1747902550.1349404,2025-05-22T08:29:10.134945,0.24431189894676208,0.3954237997531891,Mistral-7B,2025-05-22T11:05:32.573822,7300000000,2,540,wiki
"code: Explain what this code does:
def function_51(x): return x * 2",1.0,512,0,1747902558.5030437,2025-05-22T08:29:18.503049,0.2575746774673462,0.41207894682884216,Mistral-7B,2025-05-22T11:05:32.673388,7300000000,3,540,code
"wiki: Those free love movements contributed to the establishment of communal houses, where large groups of travelers, anarchists and other activists slept in beds together.",1.0,512,0,1747902565.6774814,2025-05-22T08:29:25.677487,0.2437521070241928,0.39545395970344543,Mistral-7B,2025-05-22T11:05:32.770865,7300000000,4,540,wiki
"news: This spring, The Joffrey Ballet will present the North American premiere of Alexander Ekman's Midsummer Night's Dream.",1.0,512,1,1747902594.9451559,2025-05-22T08:29:54.945161,0.2544364929199219,0.40354180335998535,Mistral-7B,2025-05-22T11:05:34.286444,7300000000,0,540,news
"news: I attempted to use the admin email/password I'd setup during the wizard, but that wouldn't work.",1.0,512,1,1747902603.005588,2025-05-22T08:30:03.005593,0.23908400535583496,0.38116464018821716,Mistral-7B,2025-05-22T11:05:34.374711,7300000000,1,540,news
wiki: The former sought to create a coherent group that would push for revolution while the latter were against anything that would resemble a political party.,1.0,512,1,1747902608.7959852,2025-05-22T08:30:08.795990,0.23382176458835602,0.37660473585128784,Mistral-7B,2025-05-22T11:05:34.458538,7300000000,2,540,wiki
fiction: All of the following contain metric units of measurement except (Answer: C),1.0,512,1,1747902610.1670196,2025-05-22T08:30:10.167025,0.23734359443187714,0.3799159824848175,Mistral-7B,2025-05-22T11:05:34.545962,7300000000,3,540,fiction
"wiki: within anarcho-primitivism), and the democratic process may be sharply criticised within some anarchist tendencies and simultaneously lauded in others.",1.0,512,1,1747902618.6526866,2025-05-22T08:30:18.652692,0.2402140349149704,0.3854570686817169,Mistral-7B,2025-05-22T11:05:34.630873,7300000000,4,540,wiki
"wiki: In the Alabama language, the word for a person of Alabama lineage is  (or variously  or  in different dialects; the plural form is ).",1.0,512,0,1747902573.782179,2025-05-22T08:29:33.782184,0.2283814400434494,0.3718477189540863,Mistral-7B,2025-05-22T11:05:36.117650,7300000000,0,545,wiki
"wiki: Characteristics Autism is a highly variable neurodevelopmental disorder whose symptoms first appear during infancy or childhood, and generally follows a steady course without remission.",1.0,512,0,1747902581.7942553,2025-05-22T08:29:41.794260,0.25029122829437256,0.4022085666656494,Mistral-7B,2025-05-22T11:05:36.202319,7300000000,1,545,wiki
"code: Explain what this code does:
def function_85(x): return x * 2",1.0,512,0,1747902590.1311905,2025-05-22T08:29:50.131196,0.2585812509059906,0.41381925344467163,Mistral-7B,2025-05-22T11:05:36.281427,7300000000,2,545,code
news: That was when McNeight called the BCSO to report the robbery.,1.0,512,0,1747902598.455842,2025-05-22T08:29:58.455847,0.24267610907554626,0.39258185029029846,Mistral-7B,2025-05-22T11:05:36.361215,7300000000,3,545,news
news: SEE: IT project management: 10 ways to stay under budget (free PDF) (TechRepublic) Congratulations You now have your Trac system up and running.,1.0,512,0,1747902606.836307,2025-05-22T08:30:06.836312,0.2368188500404358,0.38355299830436707,Mistral-7B,2025-05-22T11:05:36.440644,7300000000,4,545,news
news: He was paid $80 and was taken by the two men to Millville and left.,1.0,512,1,1747902626.9426334,2025-05-22T08:30:26.942639,0.25172463059425354,0.3995136618614197,Mistral-7B,2025-05-22T11:05:37.884867,7300000000,0,545,news
"news: It's an invaluable quality for a person to have, whether they continue to dance or end up doing other things.",1.0,512,1,1747902635.184281,2025-05-22T08:30:35.184286,0.2504560947418213,0.3971969783306122,Mistral-7B,2025-05-22T11:05:37.970815,7300000000,1,545,news
"wiki: The state ranges in elevation from sea level at Mobile Bay to more than  in the northeast, to Mount Cheaha at .",1.0,512,1,1747902643.4526303,2025-05-22T08:30:43.452636,0.24887679517269135,0.3963436484336853,Mistral-7B,2025-05-22T11:05:38.062188,7300000000,2,545,wiki
"wiki: The uneven heating of Earth from albedo variations between land, ice, or ocean surfaces can drive weather.",1.0,512,1,1747902651.7068894,2025-05-22T08:30:51.706895,0.2516685128211975,0.4006260335445404,Mistral-7B,2025-05-22T11:05:38.144411,7300000000,3,545,wiki
"wiki: This can take the form of disrupting and protesting against unjust hierarchy, or the form of self-managing their lives through the creation of counter-institutions such as communes and non-hierarchical collectives.",1.0,512,1,1747902660.0187464,2025-05-22T08:31:00.018752,0.24236555397510529,0.38750597834587097,Mistral-7B,2025-05-22T11:05:38.232585,7300000000,4,545,wiki
wiki: Many autistic people face significant obstacles in transitioning to adulthood.,1.0,512,1,1747902668.6877832,2025-05-22T08:31:08.687789,0.2549455165863037,0.4038712680339813,Mistral-7B,2025-05-22T11:05:39.678431,7300000000,0,550,wiki
fiction: An old T-shirt can be ripped into smaller pieces and used as rags. An empty milk jug can be used to water houseplants. Both of these are examples of how (Answer: D),1.0,512,1,1747902671.0070267,2025-05-22T08:31:11.007032,0.24875372648239136,0.39523404836654663,Mistral-7B,2025-05-22T11:05:39.759067,7300000000,1,550,fiction
"code: Explain what this code does:
def function_22(x): return x * 2",1.0,512,1,1747902678.776243,2025-05-22T08:31:18.776249,0.2599858045578003,0.41025668382644653,Mistral-7B,2025-05-22T11:05:39.846578,7300000000,2,550,code
"wiki: It is not known whether treatment programs for children lead to significant improvements after the children grow up, and the limited research on the effectiveness of adult residential programs shows mixed results.",1.0,512,1,1747902686.8191135,2025-05-22T08:31:26.819119,0.24852107465267181,0.39510154724121094,Mistral-7B,2025-05-22T11:05:39.931112,7300000000,3,550,wiki
"wiki: Snow Snow albedo is highly variable, ranging from as high as 0.9 for freshly fallen snow, to about 0.4 for melting snow, and as low as 0.2 for dirty snow.",1.0,512,1,1747902695.1225932,2025-05-22T08:31:35.122598,0.24720780551433563,0.39261290431022644,Mistral-7B,2025-05-22T11:05:40.015719,7300000000,4,550,wiki
"wiki: Birmingham also serves as the headquarters for several large investment management companies, including Harbert Management Corporation.",1.0,512,0,1747902614.3618877,2025-05-22T08:30:14.361894,0.24775025248527527,0.3984796404838562,Mistral-7B,2025-05-22T11:05:41.553827,7300000000,0,550,wiki
"wiki: Typographic variants  During Roman times, there were many variant forms of the letter ""A"".",1.0,512,0,1747902622.9051118,2025-05-22T08:30:22.905117,0.24474021792411804,0.3946461081504822,Mistral-7B,2025-05-22T11:05:41.646243,7300000000,1,550,wiki
"wiki: Societal and cultural aspects of autism have developed: some in the community seek a cure, while others believe that autism is simply another way of being.",1.0,512,0,1747902631.0323398,2025-05-22T08:30:31.032345,0.23468896746635437,0.3806156814098358,Mistral-7B,2025-05-22T11:05:41.727916,7300000000,2,550,wiki
"wiki: As seen by anarchists, squatting is a way to regain urban space from the capitalist market, serving pragmatical needs and also being an exemplary direct action.",1.0,512,0,1747902639.3333852,2025-05-22T08:30:39.333390,0.24014437198638916,0.3889327049255371,Mistral-7B,2025-05-22T11:05:41.809558,7300000000,3,550,wiki
"wiki: The district's boundaries were roughly limited to the area within a few miles of the Tombigbee River and included portions of what is today southern Clarke County, northernmost Mobile County, and most of Washington County.",1.0,512,0,1747902647.647585,2025-05-22T08:30:47.647591,0.2341943383216858,0.38071802258491516,Mistral-7B,2025-05-22T11:05:41.892037,7300000000,4,550,wiki
wiki: The dismemberment of the French socialist movement into many groups and the execution and exile of many Communards to penal colonies following the suppression of the Paris Commune favoured individualist political expression and acts.,1.0,512,1,1747902703.8771281,2025-05-22T08:31:43.877133,0.23538275063037872,0.3795933425426483,Mistral-7B,2025-05-22T11:05:43.338190,7300000000,0,555,wiki
"wiki: The average albedo of the Earth from the upper atmosphere, its planetary albedo, is 30–35% because of cloud cover, but widely varies locally across the surface because of different geological and environmental features.",1.0,512,1,1747902712.0845308,2025-05-22T08:31:52.084536,0.23966558277606964,0.3819594383239746,Mistral-7B,2025-05-22T11:05:43.416624,7300000000,1,555,wiki
"wiki: It was formally recognized by the state legislature on January 25, 1844.",1.0,512,1,1747902720.2558122,2025-05-22T08:32:00.255817,0.2494603991508484,0.39637723565101624,Mistral-7B,2025-05-22T11:05:43.495232,7300000000,2,555,wiki
"wiki: Small-scale effects Albedo works on a smaller scale, too.",1.0,512,1,1747902728.5437183,2025-05-22T08:32:08.543724,0.24259820580482483,0.38715362548828125,Mistral-7B,2025-05-22T11:05:43.599460,7300000000,3,555,wiki
"wiki: Media  Major newspapers include Birmingham News, Mobile Press-Register, and Montgomery Advertiser.",1.0,512,1,1747902736.799735,2025-05-22T08:32:16.799740,0.2510879635810852,0.3984793424606323,Mistral-7B,2025-05-22T11:05:43.698347,7300000000,4,555,wiki
"code: Explain what this code does:
def function_8(x): return x * 2",1.0,512,0,1747902656.2127619,2025-05-22T08:30:56.212767,0.25415730476379395,0.4067818820476532,Mistral-7B,2025-05-22T11:05:45.178042,7300000000,0,555,code
"news: Photo by Frederick Melton, Courtesy Dance Magazine Archives.",1.0,512,0,1747902664.3422925,2025-05-22T08:31:04.342298,0.24990996718406677,0.40301427245140076,Mistral-7B,2025-05-22T11:05:45.265075,7300000000,1,555,news
"wiki: According to the 2012 U.S. News & World Report, Alabama had four tier one universities (University of Alabama, Auburn University, University of Alabama at Birmingham and University of Alabama in Huntsville).",1.0,512,0,1747902665.7590144,2025-05-22T08:31:05.759019,0.2520403563976288,0.4059305191040039,Mistral-7B,2025-05-22T11:05:45.344662,7300000000,2,555,wiki
"news: But for this one season, they're sharing the stage together.",1.0,512,0,1747902673.8330367,2025-05-22T08:31:13.833042,0.24015149474143982,0.3899409770965576,Mistral-7B,2025-05-22T11:05:45.426974,7300000000,3,555,news
news: Willam Christensen (center) with his brothers Lew and Harold.,1.0,512,0,1747902682.2179763,2025-05-22T08:31:22.217982,0.2395130693912506,0.3880848288536072,Mistral-7B,2025-05-22T11:05:45.509236,7300000000,4,555,news
"wiki: Just as fresh snow has a higher albedo than does dirty snow, the albedo of snow-covered sea ice is far higher than that of sea water.",1.0,512,0,1747902690.9805715,2025-05-22T08:31:30.980577,0.2406291961669922,0.3894212245941162,Mistral-7B,2025-05-22T11:05:46.997314,7300000000,0,560,wiki
"wiki: Contemporary-era anarchists have been engaging with various grassroots movements that are more or less based on horizontalism, although not explicitly anarchist, respecting personal autonomy and participating in mass activism such as strikes and demonstrations.",1.0,512,0,1747902699.3343065,2025-05-22T08:31:39.334312,0.23244059085845947,0.3781316578388214,Mistral-7B,2025-05-22T11:05:47.108523,7300000000,1,560,wiki
"wiki: From 1826 to 1846, Tuscaloosa served as Alabama's capital.",1.0,512,0,1747902707.6466498,2025-05-22T08:31:47.646656,0.24886733293533325,0.40129172801971436,Mistral-7B,2025-05-22T11:05:47.216895,7300000000,2,560,wiki
"news: ""People often have Post-it notes on monitors with passwords on them.""",1.0,512,0,1747902715.9391255,2025-05-22T08:31:55.939131,0.24432268738746643,0.39333462715148926,Mistral-7B,2025-05-22T11:05:47.325215,7300000000,3,560,news
"wiki: Anarchism has continued to generate many philosophies and movements, at times eclectic, drawing upon various sources and combining disparate concepts to create new philosophical approaches.",1.0,512,0,1747902724.18707,2025-05-22T08:32:04.187075,0.2354193925857544,0.38195517659187317,Mistral-7B,2025-05-22T11:05:47.432851,7300000000,4,560,wiki
"wiki: In the 2000s, the number of autistic people worldwide was estimated at 1–2 per 1,000 people.",1.0,512,1,1747902745.433076,2025-05-22T08:32:25.433082,0.24824535846710205,0.39487332105636597,Mistral-7B,2025-05-22T11:05:48.910718,7300000000,0,560,wiki
wiki: They held on to old representation to maintain political and economic power in agricultural areas.,1.0,512,1,1747902753.6420753,2025-05-22T08:32:33.642081,0.25667402148246765,0.4091600179672241,Mistral-7B,2025-05-22T11:05:49.011356,7300000000,1,560,wiki
"news: It offers degrees in performance, choreography and more.",1.0,512,1,1747902761.7976453,2025-05-22T08:32:41.797650,0.24373026192188263,0.3875417709350586,Mistral-7B,2025-05-22T11:05:49.126783,7300000000,2,560,news
"code: Explain what this code does:
def function_88(x): return x * 2",1.0,512,1,1747902770.0006046,2025-05-22T08:32:50.000610,0.2584310472011566,0.4079892337322235,Mistral-7B,2025-05-22T11:05:49.224879,7300000000,3,560,code
fiction: Michael learned that the movement of Earth in the solar system causes changes that can be seen on the planet. Which change could be seen on Earth in the time it takes Earth to rotate once on its axis? (Answer: A),1.0,512,1,1747902771.884928,2025-05-22T08:32:51.884933,0.24689966440200806,0.3933328092098236,Mistral-7B,2025-05-22T11:05:49.336468,7300000000,4,560,fiction
"wiki: About three-fifths of the land area is part of the Gulf Coastal Plain, a gentle plain with a general descent towards the Mississippi River and the Gulf of Mexico.",1.0,512,1,1747902779.982962,2025-05-22T08:32:59.982967,0.24610573053359985,0.3918522596359253,Mistral-7B,2025-05-22T11:05:50.832475,7300000000,0,565,wiki
wiki: The presence of autism can make it harder to diagnose coexisting psychiatric disorders such as depression.,1.0,512,1,1747902787.9391549,2025-05-22T08:33:07.939160,0.2532343566417694,0.4022558927536011,Mistral-7B,2025-05-22T11:05:50.915000,7300000000,1,565,wiki
"wiki: Jewish denominations in the state include two Orthodox, four Conservative, ten Reform, and one Humanistic synagogue.",1.0,512,1,1747902794.9490852,2025-05-22T08:33:14.949090,0.25158703327178955,0.39940330386161804,Mistral-7B,2025-05-22T11:05:50.996181,7300000000,2,565,wiki
"news: The team will be responsible for the day-to-day artistic needs of the company including scheduling, casting and conducting rehearsals.",1.0,512,1,1747902803.2820096,2025-05-22T08:33:23.282016,0.24329471588134766,0.3897210955619812,Mistral-7B,2025-05-22T11:05:51.100685,7300000000,3,565,news
wiki: WPA Guide to Alabama (1939).,1.0,512,1,1747902812.0335135,2025-05-22T08:33:32.033519,0.2508668303489685,0.39999350905418396,Mistral-7B,2025-05-22T11:05:51.183386,7300000000,4,565,wiki
"news: After both of the above commands, you'll be prompted to type (and confirm) a password.",1.0,512,0,1747902732.8469517,2025-05-22T08:32:12.846957,0.24292980134487152,0.3925292193889618,Mistral-7B,2025-05-22T11:05:52.678093,7300000000,0,565,news
"wiki: The company wore new uniforms with yellow trim on the sleeves, collar and coattails.",1.0,512,0,1747902741.0241232,2025-05-22T08:32:21.024128,0.23894882202148438,0.3870149850845337,Mistral-7B,2025-05-22T11:05:52.786564,7300000000,1,565,wiki
"news: But Petipa fell ill while choreographing The Nutcracker and handed his duties over to his assistant, Lev Ivanov.",1.0,512,0,1747902749.315871,2025-05-22T08:32:29.315877,0.24753707647323608,0.3983630836009979,Mistral-7B,2025-05-22T11:05:52.892662,7300000000,2,565,news
"news: I wanted to be someone that the young dancers could look up to; I wanted to reach out and connect to them more, and to offer support and advice.",1.0,512,0,1747902757.5961306,2025-05-22T08:32:37.596135,0.24279609322547913,0.3906277120113373,Mistral-7B,2025-05-22T11:05:52.989302,7300000000,3,565,news
news: Plug the device into your network (you'll need a Cat5 cable).,1.0,512,0,1747902765.9385426,2025-05-22T08:32:45.938548,0.2493436336517334,0.40033289790153503,Mistral-7B,2025-05-22T11:05:53.072799,7300000000,4,565,news
"code: Explain what this code does:
def function_99(x): return x * 2",1.0,512,0,1747902774.85048,2025-05-22T08:32:54.850485,0.25610584020614624,0.40969234704971313,Mistral-7B,2025-05-22T11:05:54.556270,7300000000,0,570,code
fiction: The gravitational force exerted by an object depends on its (Answer: C),1.0,512,0,1747902783.1739848,2025-05-22T08:33:03.173991,0.25753867626190186,0.4134817123413086,Mistral-7B,2025-05-22T11:05:54.639670,7300000000,1,570,fiction
news: We had the chance to talk to the thoughtful and eloquent dancer about her time with the company and goals for the future.,1.0,512,0,1747902791.504056,2025-05-22T08:33:11.504060,0.24754741787910461,0.39873990416526794,Mistral-7B,2025-05-22T11:05:54.722961,7300000000,2,570,news
"news: Hoffmann, a German writer, penned the eerie and dark tale ""Nutcracker and Mouse King"" in 1816.",1.0,512,0,1747902799.5119119,2025-05-22T08:33:19.511917,0.24473874270915985,0.3940260112285614,Mistral-7B,2025-05-22T11:05:54.805358,7300000000,3,570,news
wiki: It is diagnosed four to five times more often in males than females.,1.0,512,0,1747902807.6882753,2025-05-22T08:33:27.688282,0.24981313943862915,0.4026913046836853,Mistral-7B,2025-05-22T11:05:54.887479,7300000000,4,570,wiki
wiki: Such a dark surface is thought to be indicative of a primitive and heavily space weathered surface containing some organic compounds.,1.0,512,1,1747902821.0280135,2025-05-22T08:33:41.028019,0.2369638830423355,0.3807312250137329,Mistral-7B,2025-05-22T11:05:56.369482,7300000000,0,570,wiki
wiki: The notion of free love was much broader and included a critique of the established order that limited women's sexual freedom and pleasure.,1.0,512,1,1747902829.441974,2025-05-22T08:33:49.441979,0.24545425176620483,0.39169055223464966,Mistral-7B,2025-05-22T11:05:56.448699,7300000000,1,570,wiki
fiction: Scientists who disagree with the results of an experiment should (Answer: D),1.0,512,1,1747902831.1952903,2025-05-22T08:33:51.195296,0.2479434609413147,0.3940806984901428,Mistral-7B,2025-05-22T11:05:56.529514,7300000000,2,570,fiction
"code: Explain what this code does:
def function_91(x): return x * 2",1.0,512,1,1747902837.3671567,2025-05-22T08:33:57.367161,0.25965988636016846,0.4098629951477051,Mistral-7B,2025-05-22T11:05:56.648993,7300000000,3,570,code
wiki: There has been a significant movement to rewrite and modernize Alabama's constitution.,1.0,512,1,1747902845.6857402,2025-05-22T08:34:05.685746,0.24915914237499237,0.395603209733963,Mistral-7B,2025-05-22T11:05:56.731628,7300000000,4,570,wiki
"fiction: New engine technology has helped cars get more mileage per gallon of gas. Since gasoline comes from oil, this technology will affect the world supply of oil by (Answer: D)",1.0,512,0,1747902811.203308,2025-05-22T08:33:31.203313,0.2488885521888733,0.4011572301387787,Mistral-7B,2025-05-22T11:05:58.218644,7300000000,0,575,fiction
wiki: A Literary History of Alabama: The Nineteenth Century (1979).,1.0,512,0,1747902818.129265,2025-05-22T08:33:38.129271,0.24939966201782227,0.403791218996048,Mistral-7B,2025-05-22T11:05:58.321636,7300000000,1,575,wiki
wiki: References  External links    1910s neologisms Articles containing video clips Communication disorders Neurological disorders in children Pervasive developmental disorders Wikipedia medicine articles ready to translate,1.0,512,0,1747902825.9500883,2025-05-22T08:33:45.950093,0.23735752701759338,0.3880591094493866,Mistral-7B,2025-05-22T11:05:58.424360,7300000000,2,575,wiki
"wiki: The oldest institutions are the public University of North Alabama in Florence and the Catholic Church-affiliated Spring Hill College in Mobile, both founded in 1830.",1.0,512,0,1747902834.158738,2025-05-22T08:33:54.158743,0.2517440915107727,0.4064246118068695,Mistral-7B,2025-05-22T11:05:58.541070,7300000000,3,575,wiki
"wiki: Similar to other former slave states, Alabamian legislators employed Jim Crow laws to disenfranchise and discriminate against African Americans from the late 19th century up until the 1960s.",1.0,512,0,1747902842.04875,2025-05-22T08:34:02.048755,0.24400955438613892,0.3943859040737152,Mistral-7B,2025-05-22T11:05:58.650454,7300000000,4,575,wiki
news: Click here to subscribe to the TechRepublic Cybersecurity Insider newsletter.,1.0,512,1,1747902854.4441247,2025-05-22T08:34:14.444130,0.25143417716026306,0.39926281571388245,Mistral-7B,2025-05-22T11:06:00.135455,7300000000,0,575,news
wiki: It was a notable feature of the international syndicalism movement.,1.0,512,1,1747902863.3033037,2025-05-22T08:34:23.303310,0.24458421766757965,0.39049065113067627,Mistral-7B,2025-05-22T11:06:00.242304,7300000000,1,575,wiki
"news: ""The kind of information that can be disclosed via email should be spelled out very clearly,"" he added.",1.0,512,1,1747902872.2031348,2025-05-22T08:34:32.203141,0.24125640094280243,0.38507357239723206,Mistral-7B,2025-05-22T11:06:00.344668,7300000000,2,575,news
"code: Explain what this code does:
def function_45(x): return x * 2",1.0,512,1,1747902880.846181,2025-05-22T08:34:40.846186,0.2562653422355652,0.4044957756996155,Mistral-7B,2025-05-22T11:06:00.447045,7300000000,3,575,code
"code: Explain what this code does:
def function_60(x): return x * 2",1.0,512,1,1747902887.7292414,2025-05-22T08:34:47.729247,0.2527236342430115,0.3992915749549866,Mistral-7B,2025-05-22T11:06:00.528560,7300000000,4,575,code
"news: As a result, preparation is intense.",1.0,512,1,1747902896.566814,2025-05-22T08:34:56.566820,0.25649333000183105,0.4072645604610443,Mistral-7B,2025-05-22T11:06:01.967493,7300000000,0,580,news
news: Were you familiar with McLaren's work before this project?,1.0,512,1,1747902904.8548863,2025-05-22T08:35:04.854892,0.25655490159988403,0.40638571977615356,Mistral-7B,2025-05-22T11:06:02.074244,7300000000,1,580,news
wiki: Communication About one third to half of autistic people do not develop enough natural speech to meet their daily communication needs.,1.0,512,1,1747902913.1718922,2025-05-22T08:35:13.171905,0.24648752808570862,0.3926805257797241,Mistral-7B,2025-05-22T11:06:02.171926,7300000000,2,580,wiki
"news: Redmonk, in its latest Q1 2018 survey, says Java is the second-most popular language after JavaScript among developers.",1.0,512,1,1747902921.4962687,2025-05-22T08:35:21.496275,0.2500027120113373,0.3959333002567291,Mistral-7B,2025-05-22T11:06:02.293732,7300000000,3,580,news
"news: Over the next decade, the company toured the ballet extensively, exposing it to audiences nationwide.",1.0,512,1,1747902929.8057802,2025-05-22T08:35:29.805785,0.250839501619339,0.3983200192451477,Mistral-7B,2025-05-22T11:06:02.404047,7300000000,4,580,news
"wiki: Evolutionary tactics embrace nonviolence, reject violence and take a gradual approach to anarchist aims, although there is significant overlap between the two.",1.0,512,0,1747902850.5295243,2025-05-22T08:34:10.529529,0.23507851362228394,0.3821412920951843,Mistral-7B,2025-05-22T11:06:03.944555,7300000000,0,580,wiki
"code: Explain what this code does:
def function_42(x): return x * 2",1.0,512,0,1747902858.6712804,2025-05-22T08:34:18.671286,0.2536902129650116,0.4062008261680603,Mistral-7B,2025-05-22T11:06:04.063812,7300000000,1,580,code
"fiction: Two students are asked to make a chart on the electromagnetic spectrum. Reading left to right, one student's chart shows the spectrum from gamma rays to radio waves, while the other student's chart shows the opposite. If the teacher says that both charts are correct, then (Answer: B)",1.0,512,0,1747902862.762886,2025-05-22T08:34:22.762892,0.2431260645389557,0.39185893535614014,Mistral-7B,2025-05-22T11:06:04.170055,7300000000,2,580,fiction
news: I was unable to login with that user.,1.0,512,0,1747902870.820116,2025-05-22T08:34:30.820123,0.25110676884651184,0.4031614363193512,Mistral-7B,2025-05-22T11:06:04.271582,7300000000,3,580,news
wiki: Other changes were made to implement representative state house and senate districts.,1.0,512,0,1747902877.7810209,2025-05-22T08:34:37.781026,0.2376759648323059,0.3864521086215973,Mistral-7B,2025-05-22T11:06:04.354184,7300000000,4,580,wiki
"code: Explain what this code does:
def function_17(x): return x * 2",1.0,512,1,1747902938.4559145,2025-05-22T08:35:38.455920,0.26097196340560913,0.4118193984031677,Mistral-7B,2025-05-22T11:06:05.841068,7300000000,0,585,code
fiction: Corn is widely being used in the United States to make ethanol for use in automobile fuel. How might the overproduction of corn negatively affect the environment? (Answer: A),1.0,512,1,1747902939.8761575,2025-05-22T08:35:39.876162,0.25650861859321594,0.4067542254924774,Mistral-7B,2025-05-22T11:06:05.915971,7300000000,1,585,fiction
wiki: Anarchy Archives is an online research center on the history and theory of anarchism.,1.0,512,1,1747902947.1822834,2025-05-22T08:35:47.182289,0.2528804540634155,0.40145304799079895,Mistral-7B,2025-05-22T11:06:05.990578,7300000000,2,585,wiki
"code: Explain what this code does:
def function_39(x): return x * 2",1.0,512,1,1747902955.0817738,2025-05-22T08:35:55.081779,0.26019972562789917,0.4106855094432831,Mistral-7B,2025-05-22T11:06:06.088560,7300000000,3,585,code
"code: Explain what this code does:
def function_27(x): return x * 2",1.0,512,1,1747902963.4441388,2025-05-22T08:36:03.444144,0.26264655590057373,0.4144907593727112,Mistral-7B,2025-05-22T11:06:06.164444,7300000000,4,585,code
fiction: Which of the following is a trait that a dog does NOT inherit from its parents? (Answer: C),1.0,512,0,1747902885.4255936,2025-05-22T08:34:45.425599,0.24665002524852753,0.3971785008907318,Mistral-7B,2025-05-22T11:06:07.689879,7300000000,0,585,fiction
fiction: Which planet has the longest planetary year? (Answer: D),1.0,512,0,1747902892.841753,2025-05-22T08:34:52.841759,0.24990421533584595,0.40190988779067993,Mistral-7B,2025-05-22T11:06:07.769510,7300000000,1,585,fiction
"news: Installation The installation isn't terribly challenging, but does require a bit of typing.",1.0,512,0,1747902900.9891255,2025-05-22T08:35:00.989131,0.2395932823419571,0.3895092308521271,Mistral-7B,2025-05-22T11:06:07.847537,7300000000,2,585,news
"wiki: In Reynolds v. Sims (1964), the U.S. Supreme Court implemented the principle of ""one man, one vote"", ruling that congressional districts had to be reapportioned based on censuses (as the state already included in its constitution but had not implemented.)",1.0,512,0,1747902909.3574579,2025-05-22T08:35:09.357462,0.24511593580245972,0.3954693675041199,Mistral-7B,2025-05-22T11:06:07.924810,7300000000,3,585,wiki
"wiki: According to an article, failure to meet any of the following milestones ""is an absolute indication to proceed with further evaluations.",1.0,512,0,1747902917.507308,2025-05-22T08:35:17.507313,0.2365618497133255,0.38336533308029175,Mistral-7B,2025-05-22T11:06:08.002263,7300000000,4,585,wiki
wiki: Belief in political nihilism has been espoused by anarchists.,1.0,512,1,1747902970.9386053,2025-05-22T08:36:10.938611,0.2500293254852295,0.3978033661842346,Mistral-7B,2025-05-22T11:06:09.482677,7300000000,0,590,wiki
"wiki: Anarchists reject this criticism because challenging or disobeying authority does not entail the disappearance of its advantages by acknowledging authority such as doctors or lawyers as reliable, nor does it involve a complete surrender of independent judgment.",1.0,512,1,1747902978.6947107,2025-05-22T08:36:18.694716,0.23127368092536926,0.3707270324230194,Mistral-7B,2025-05-22T11:06:09.578501,7300000000,1,590,wiki
"wiki: Most professionals believe that race, ethnicity, and socioeconomic background do not affect the occurrence of autism.",1.0,512,1,1747902986.2127655,2025-05-22T08:36:26.212771,0.25523078441619873,0.4065363109111786,Mistral-7B,2025-05-22T11:06:09.692703,7300000000,2,590,wiki
"wiki: In response to their expulsion from the First International, anarchists formed the St. Imier International.",1.0,512,1,1747902994.3305626,2025-05-22T08:36:34.330567,0.23912417888641357,0.38275155425071716,Mistral-7B,2025-05-22T11:06:09.797471,7300000000,3,590,wiki
"news: Although initially not forthcoming about the true circumstances surrounding the robbery, McNeight eventually told investigators how he got the money.",1.0,512,1,1747903002.5780003,2025-05-22T08:36:42.578005,0.2385171800851822,0.3814602792263031,Mistral-7B,2025-05-22T11:06:09.895774,7300000000,4,590,news
news: An open Java The one thing everyone agrees about Java is that it's imperfect.,1.0,512,0,1747902926.0050862,2025-05-22T08:35:26.005092,0.24468600749969482,0.39336591958999634,Mistral-7B,2025-05-22T11:06:11.418562,7300000000,0,590,news
"fiction: Franklin wants to know how fast he runs different distances. He uses a stopwatch to measure the time it takes him to complete a 50-meter, 100-meter, and 200-meter race. How can he calculate his speed for each race? (Answer: B)",1.0,512,0,1747902933.0816877,2025-05-22T08:35:33.081693,0.2548459768295288,0.40924882888793945,Mistral-7B,2025-05-22T11:06:11.497493,7300000000,1,590,fiction
"wiki: The record low of  occurred on January 30, 1966, in New Market.",1.0,512,0,1747902935.485881,2025-05-22T08:35:35.485887,0.251881867647171,0.4058711528778076,Mistral-7B,2025-05-22T11:06:11.604124,7300000000,2,590,wiki
"wiki: A 2016 survey in the United States reported a rate of 25 per 1,000 children for ASD.",1.0,512,0,1747902941.8938873,2025-05-22T08:35:41.893894,0.25015556812286377,0.4035976231098175,Mistral-7B,2025-05-22T11:06:11.696164,7300000000,3,590,wiki
"code: Explain what this code does:
def function_47(x): return x * 2",1.0,512,0,1747902950.2374666,2025-05-22T08:35:50.237471,0.25805217027664185,0.4129556119441986,Mistral-7B,2025-05-22T11:06:11.788714,7300000000,4,590,code
"news: Through this new Jakarta EE Working Group process, we should see big Java EE vendors like IBM, Red Hat, and Oracle working within the open processes of the Eclipse Foundation with smaller vendors like Tomitribe and Payara.",1.0,512,1,1747903011.2571292,2025-05-22T08:36:51.257135,0.23581746220588684,0.3763980567455292,Mistral-7B,2025-05-22T11:06:13.344585,7300000000,0,595,news
"news: That being the case, what do you do?",1.0,512,1,1747903019.4357648,2025-05-22T08:36:59.435770,0.24153614044189453,0.38615235686302185,Mistral-7B,2025-05-22T11:06:13.427824,7300000000,1,595,news
"wiki: Tokyo was a hotspot for rebellious youth from countries of the far east, travelling to the Japanese capital to study.",1.0,512,1,1747903027.7406461,2025-05-22T08:37:07.740652,0.23414601385593414,0.37310370802879333,Mistral-7B,2025-05-22T11:06:13.506299,7300000000,2,595,wiki
news: Subscribe Also see,1.0,512,1,1747903036.1026757,2025-05-22T08:37:16.102681,0.23734501004219055,0.37943851947784424,Mistral-7B,2025-05-22T11:06:13.637075,7300000000,3,595,news
"news: Now click on the Repositories entry in the left navigation, click the Create button, give the repository a name, and click Submit.",1.0,512,1,1747903043.3411214,2025-05-22T08:37:23.341127,0.24611377716064453,0.3898634910583496,Mistral-7B,2025-05-22T11:06:13.736661,7300000000,4,595,news
"wiki: While it advocates for no-one to archiei, if accepted by the many, then anarchism would turn into the ruling political theory.",1.0,512,0,1747902952.2322924,2025-05-22T08:35:52.232298,0.2460467517375946,0.3987855315208435,Mistral-7B,2025-05-22T11:06:15.266742,7300000000,0,595,wiki
"wiki: Anarchism employs a diversity of tactics in order to meet its ideal ends which can be broadly separated into revolutionary and evolutionary tactics; there is significant overlap between the two, which are merely descriptive.",1.0,512,0,1747902959.938358,2025-05-22T08:35:59.938363,0.2367345243692398,0.38299474120140076,Mistral-7B,2025-05-22T11:06:15.350842,7300000000,1,595,wiki
"wiki: The Internet has helped autistic individuals bypass nonverbal cues and emotional sharing that they find difficult to deal with, and has given them a way to form online communities and work remotely.",1.0,512,0,1747902964.9834054,2025-05-22T08:36:04.983411,0.2356676161289215,0.3812103569507599,Mistral-7B,2025-05-22T11:06:15.446391,7300000000,2,595,wiki
wiki: Alabama ranks ninth in the number of deaths from lightning and tenth in the number of deaths from lightning strikes per capita.,1.0,512,0,1747902973.6672335,2025-05-22T08:36:13.667239,0.24417303502559662,0.3933436870574951,Mistral-7B,2025-05-22T11:06:15.546845,7300000000,3,595,wiki
fiction: A company is designing a new laptop computer. The computer must not exceed a certain weight. Which of the following is the most likely reason to have a weight restriction for the computer? (Answer: C),1.0,512,0,1747902981.044883,2025-05-22T08:36:21.044888,0.2460719645023346,0.39600470662117004,Mistral-7B,2025-05-22T11:06:15.647122,7300000000,4,595,fiction
"news: Trac can be used as a wiki, a project management system, and for tracking bugs in software development.",1.0,512,1,1747903051.4382982,2025-05-22T08:37:31.438304,0.251353919506073,0.3983973264694214,Mistral-7B,2025-05-22T11:06:17.122305,7300000000,0,600,news
"wiki: Minorities usually accept rough consensus, except when they feel the proposal contradicts anarchist ethics, goals and values.",1.0,512,1,1747903059.4385114,2025-05-22T08:37:39.438516,0.2366734743118286,0.378680944442749,Mistral-7B,2025-05-22T11:06:17.206170,7300000000,1,600,wiki
"wiki: The scattering of radiation causes atmospheric cooling, whereas absorption can cause atmospheric warming.",1.0,512,1,1747903067.5290937,2025-05-22T08:37:47.529100,0.24933934211730957,0.39658257365226746,Mistral-7B,2025-05-22T11:06:17.284193,7300000000,2,600,wiki
"wiki: Organized insurgent, resistance groups tried to suppress the freedmen and Republicans.",1.0,512,1,1747903075.7589087,2025-05-22T08:37:55.758914,0.24368932843208313,0.3904578685760498,Mistral-7B,2025-05-22T11:06:17.362519,7300000000,3,600,wiki
"news: Photo by Alexander Iziliaev, Courtesy Nevada Ballet Theatre.",1.0,512,1,1747903083.9161487,2025-05-22T08:38:03.916154,0.24810467660427094,0.3952169418334961,Mistral-7B,2025-05-22T11:06:17.441011,7300000000,4,600,news
"code: Explain what this code does:
def function_86(x): return x * 2",1.0,512,0,1747902989.8400185,2025-05-22T08:36:29.840024,0.2534182667732239,0.40634870529174805,Mistral-7B,2025-05-22T11:06:18.915797,7300000000,0,600,code
"wiki: Sleep problems are associated with difficult behaviors and family stress, and are often a focus of clinical attention over and above the primary ASD diagnosis.",1.0,512,0,1747902998.2868633,2025-05-22T08:36:38.286868,0.2399773895740509,0.3887026906013489,Mistral-7B,2025-05-22T11:06:18.994071,7300000000,1,600,wiki
"wiki: Due to measurement constraints, it is often given for the spectrum in which most solar energy reaches the surface (between 0.3 and 3 μm).",1.0,512,0,1747903006.6270726,2025-05-22T08:36:46.627078,0.23471373319625854,0.3800946772098541,Mistral-7B,2025-05-22T11:06:19.108881,7300000000,2,600,wiki
"code: Explain what this code does:
def function_73(x): return x * 2",1.0,512,0,1747903014.9496253,2025-05-22T08:36:54.949631,0.24337655305862427,0.39053046703338623,Mistral-7B,2025-05-22T11:06:19.201231,7300000000,3,600,code
wiki: One example of this massive influx of workers occurred in Mobile.,1.0,512,0,1747903023.3347173,2025-05-22T08:37:03.334722,0.24032998085021973,0.3881146013736725,Mistral-7B,2025-05-22T11:06:19.291869,7300000000,4,600,wiki
"code: Explain what this code does:
def function_95(x): return x * 2",1.0,512,0,1747903032.277952,2025-05-22T08:37:12.277957,0.25175753235816956,0.403889000415802,Mistral-7B,2025-05-22T11:06:20.806650,7300000000,0,605,code
"code: Explain what this code does:
def function_63(x): return x * 2",1.0,512,0,1747903037.9851253,2025-05-22T08:37:17.985131,0.25285205245018005,0.4056278467178345,Mistral-7B,2025-05-22T11:06:20.884969,7300000000,1,605,code
"wiki: Because the behavior spectrum is continuous, boundaries between diagnostic categories are necessarily somewhat arbitrary.",1.0,512,0,1747903046.4113789,2025-05-22T08:37:26.411384,0.24463574588298798,0.39503613114356995,Mistral-7B,2025-05-22T11:06:20.961956,7300000000,2,605,wiki
fiction: Stars are often classified by their apparent brightness in the nighttime sky. Stars can also be classified in many other ways. Which of these is least useful in classifying stars? (Answer: C),1.0,512,0,1747903054.8298945,2025-05-22T08:37:34.829907,0.24804773926734924,0.398428350687027,Mistral-7B,2025-05-22T11:06:21.042625,7300000000,3,605,fiction
"wiki: Behavioral, psychological, education, and/or skill-building interventions may be used to assist autistic people to learn life skills necessary for living independently, as well as other social, communication, and language skills.",1.0,512,0,1747903063.1385658,2025-05-22T08:37:43.138571,0.24042180180549622,0.388298898935318,Mistral-7B,2025-05-22T11:06:21.145051,7300000000,4,605,wiki
wiki: This did not change until the late 1960s following a lawsuit and court order.,1.0,512,1,1747903092.6704543,2025-05-22T08:38:12.670459,0.2338603287935257,0.3752821385860443,Mistral-7B,2025-05-22T11:06:22.623087,7300000000,0,605,wiki
"news: Germarco Johnson was charged with Robbery with a Firearm, Counterfeiting of an Instrument with Intent to Defraud (two counts), Principal/Accessory to Uttering a False Bank Bill (two counts), and Larceny $300 or more but less than $5000 (two counts).",1.0,512,1,1747903102.472674,2025-05-22T08:38:22.472679,0.2609490156173706,0.4148455262184143,Mistral-7B,2025-05-22T11:06:22.724652,7300000000,1,605,news
"wiki: The area of Alabama and Mississippi most affected by tornadoes is sometimes referred to as Dixie Alley, as distinct from the Tornado Alley of the Southern Plains.",1.0,512,1,1747903109.5605187,2025-05-22T08:38:29.560524,0.2608043849468231,0.4140666425228119,Mistral-7B,2025-05-22T11:06:22.821364,7300000000,2,605,wiki
wiki: Native American groups within the state had increasingly been demanding recognition as ethnic groups and seeking an end to discrimination.,1.0,512,1,1747903117.4036303,2025-05-22T08:38:37.403635,0.24942684173583984,0.39865490794181824,Mistral-7B,2025-05-22T11:06:22.899814,7300000000,3,605,wiki
wiki: The appropriateness of including children with varying severity of autism spectrum disorders in the general education population is a subject of current debate among educators and researchers.,1.0,512,1,1747903124.8269572,2025-05-22T08:38:44.826964,0.2616158723831177,0.41554754972457886,Mistral-7B,2025-05-22T11:06:22.978802,7300000000,4,605,wiki
"news: In a studio rehearsal for La Bayadère, Act II, no understudies are present, and any imperfection is pointed out by one of four coaches at the front of the room.",1.0,512,0,1747903071.8102694,2025-05-22T08:37:51.810275,0.2339228093624115,0.37935948371887207,Mistral-7B,2025-05-22T11:06:24.447932,7300000000,0,610,news
wiki: A long tradition of Spanish anarchism led to anarchists playing a pivotal role in the war.,1.0,512,0,1747903080.0418737,2025-05-22T08:38:00.041879,0.24135713279247284,0.3909362554550171,Mistral-7B,2025-05-22T11:06:24.551624,7300000000,1,610,wiki
wiki: Various anarchist schools of thought formed during this period.,1.0,512,0,1747903088.2880583,2025-05-22T08:38:08.288064,0.24706412851810455,0.398830771446228,Mistral-7B,2025-05-22T11:06:24.656596,7300000000,2,610,wiki
wiki: South Alabama reports many thunderstorms.,1.0,512,0,1747903096.508623,2025-05-22T08:38:16.508628,0.2517949044704437,0.4061974585056305,Mistral-7B,2025-05-22T11:06:24.764482,7300000000,3,610,wiki
"wiki: Alabama's highest temperature of  was recorded on September 5, 1925, in the unincorporated community of Centerville.",1.0,512,0,1747903101.6161876,2025-05-22T08:38:21.616193,0.2513812482357025,0.4049002528190613,Mistral-7B,2025-05-22T11:06:24.870303,7300000000,4,610,wiki
"wiki: Rail  For rail transport, Amtrak schedules the Crescent, a daily passenger train, running from New York to New Orleans with station stops at Anniston, Birmingham, and Tuscaloosa.",1.0,512,1,1747903132.9551957,2025-05-22T08:38:52.955201,0.2540395259857178,0.4046350419521332,Mistral-7B,2025-05-22T11:06:26.399935,7300000000,0,610,wiki
wiki: Mutualism has been retrospectively characterised as ideologically situated between individualist and collectivist forms of anarchism.,1.0,512,1,1747903140.9187558,2025-05-22T08:39:00.918761,0.2501857578754425,0.3991543650627136,Mistral-7B,2025-05-22T11:06:26.479289,7300000000,1,610,wiki
wiki: The assembly plant is the company's first factory to be built within the United States.,1.0,512,1,1747903149.1207683,2025-05-22T08:39:09.120773,0.2559739649295807,0.40706244111061096,Mistral-7B,2025-05-22T11:06:26.589053,7300000000,2,610,wiki
"code: Explain what this code does:
def function_37(x): return x * 2",1.0,512,1,1747903157.3182487,2025-05-22T08:39:17.318254,0.26875895261764526,0.42343708872795105,Mistral-7B,2025-05-22T11:06:26.708388,7300000000,3,610,code
"code: Explain what this code does:
def function_67(x): return x * 2",1.0,512,1,1747903165.554699,2025-05-22T08:39:25.554705,0.26650768518447876,0.4200398325920105,Mistral-7B,2025-05-22T11:06:26.804186,7300000000,4,610,code
wiki: BDRF can facilitate translations of observations of reflectance into albedo.,1.0,512,1,1747903174.2301955,2025-05-22T08:39:34.230201,0.25381529331207275,0.40556180477142334,Mistral-7B,2025-05-22T11:06:28.339278,7300000000,0,615,wiki
news: Robert had just finished his documentary and has a really deep understanding of this kind of Canadian culture.,1.0,512,1,1747903182.4769394,2025-05-22T08:39:42.476945,0.24651622772216797,0.3941362500190735,Mistral-7B,2025-05-22T11:06:28.429992,7300000000,1,615,news
"code: Explain what this code does:
def function_32(x): return x * 2",1.0,512,1,1747903190.6630864,2025-05-22T08:39:50.663092,0.2676222622394562,0.4218308627605438,Mistral-7B,2025-05-22T11:06:28.518854,7300000000,2,615,code
"code: Explain what this code does:
def function_79(x): return x * 2",1.0,512,1,1747903198.5691626,2025-05-22T08:39:58.569168,0.26929426193237305,0.42434293031692505,Mistral-7B,2025-05-22T11:06:28.640209,7300000000,3,615,code
"code: Explain what this code does:
def function_1(x): return x * 2",1.0,512,1,1747903207.3971305,2025-05-22T08:40:07.397137,0.2690890431404114,0.42359668016433716,Mistral-7B,2025-05-22T11:06:28.725208,7300000000,4,615,code
fiction: Which conclusion is best supported by a tree-growth ring that is much narrower than the other growth rings? (Answer: B),1.0,512,0,1747903104.2334738,2025-05-22T08:38:24.233479,0.2500869631767273,0.40170052647590637,Mistral-7B,2025-05-22T11:06:30.190956,7300000000,0,615,fiction
"news: According to Fullington, Pavel Gerdt, the dancer who created the role, was likely too old to dance the variation himself.",1.0,512,0,1747903112.6258442,2025-05-22T08:38:32.625849,0.2341943383216858,0.38036394119262695,Mistral-7B,2025-05-22T11:06:30.272429,7300000000,1,615,news
news: There's a surprising twist to Regina Willoughby's last season with Columbia City Ballet: It's also her 18-year-old daughter Melina's first season with the company.,1.0,512,0,1747903119.502344,2025-05-22T08:38:39.502349,0.24174833297729492,0.3890640437602997,Mistral-7B,2025-05-22T11:06:30.349848,7300000000,2,615,news
"news: Also Robbins' Dances at a Gathering... there are so many, it's hard to choose!",1.0,512,0,1747903127.8557346,2025-05-22T08:38:47.855740,0.23590955138206482,0.38276854157447815,Mistral-7B,2025-05-22T11:06:30.428360,7300000000,3,615,news
"wiki: Friedrich Engels, considered to be one of the principal founders of Marxism, criticised anarchism's anti-authoritarianism as inherently counter-revolutionary because in his view a revolution is by itself authoritarian.",1.0,512,0,1747903136.2709517,2025-05-22T08:38:56.270958,0.23561839759349823,0.381254106760025,Mistral-7B,2025-05-22T11:06:30.505928,7300000000,4,615,wiki
wiki: This had caused decades of underinvestment in such areas.,1.0,512,0,1747903144.9550962,2025-05-22T08:39:04.955102,0.2381194531917572,0.3858858346939087,Mistral-7B,2025-05-22T11:06:31.978684,7300000000,0,620,wiki
wiki: The principle of equal liberty is closer to anarchist political ethics in that it transcends both the liberal and socialist traditions.,1.0,512,0,1747903153.2115555,2025-05-22T08:39:13.211561,0.23267696797847748,0.37732890248298645,Mistral-7B,2025-05-22T11:06:32.071205,7300000000,1,620,wiki
"wiki: This compared to more than 181,000 African Americans eligible to vote in 1900.",1.0,512,0,1747903161.5235069,2025-05-22T08:39:21.523511,0.23975172638893127,0.38780003786087036,Mistral-7B,2025-05-22T11:06:32.164288,7300000000,2,620,wiki
"wiki: If Earth were frozen entirely (and hence be more reflective), the average temperature of the planet would drop below .",1.0,512,0,1747903169.7638078,2025-05-22T08:39:29.763813,0.23670969903469086,0.3820474147796631,Mistral-7B,2025-05-22T11:06:32.281184,7300000000,3,620,wiki
"wiki: Alabama's capital is Montgomery, and its largest city by population and area is Huntsville.",1.0,512,0,1747903178.0791802,2025-05-22T08:39:38.079186,0.25039395689964294,0.4034309685230255,Mistral-7B,2025-05-22T11:06:32.378089,7300000000,4,620,wiki
"news: Companies that fail to comply with GDPR will face a penalty of either 4% of their global revenue or €20 million, whichever is greater.",1.0,512,1,1747903215.519639,2025-05-22T08:40:15.519644,0.2688681185245514,0.42422693967819214,Mistral-7B,2025-05-22T11:06:33.910570,7300000000,0,620,news
news: As I was getting older the company all of a sudden started to seem younger and younger.,1.0,512,1,1747903223.6318374,2025-05-22T08:40:23.631843,0.24631252884864807,0.3922475278377533,Mistral-7B,2025-05-22T11:06:33.989118,7300000000,1,620,news
"wiki: Humans lived in societies without formal hierarchies long before the establishment of formal states, realms, or empires.",1.0,512,1,1747903231.7700858,2025-05-22T08:40:31.770091,0.25851842761039734,0.41022226214408875,Mistral-7B,2025-05-22T11:06:34.077398,7300000000,2,620,wiki
"news: It was created in collaboration by NBoC principal dancer and choreographic associate Guillaume Côté and film and stage director Robert Lepage, who is making his NBoC debut.",1.0,512,1,1747903239.9676526,2025-05-22T08:40:39.967658,0.2511318027973175,0.3999688923358917,Mistral-7B,2025-05-22T11:06:34.161698,7300000000,3,620,news
"wiki: In 2010, Republicans took large majorities of both chambers of the state legislature, giving them control of that body for the first time in 136 years.",1.0,512,1,1747903248.174201,2025-05-22T08:40:48.174206,0.2574286460876465,0.4083583950996399,Mistral-7B,2025-05-22T11:06:34.241666,7300000000,4,620,wiki
"wiki: Services should be carried out by behavior analysts, special education teachers, speech pathologists, and licensed psychologists.",1.0,512,1,1747903258.088892,2025-05-22T08:40:58.088915,0.26019957661628723,0.41242682933807373,Mistral-7B,2025-05-22T11:06:35.738395,7300000000,0,625,wiki
"wiki: These signs often develop gradually, though some autistic children experience regression in their communication and social skills after reaching developmental milestones at a normal pace.",1.0,512,1,1747903268.3324306,2025-05-22T08:41:08.332437,0.2552374601364136,0.40524616837501526,Mistral-7B,2025-05-22T11:06:35.819594,7300000000,1,625,wiki
"wiki: Elections  In a 2020 study, Alabama was ranked as the 12th most difficult state for citizens to vote.",1.0,512,1,1747903276.9491878,2025-05-22T08:41:16.949193,0.25598227977752686,0.4067455232143402,Mistral-7B,2025-05-22T11:06:35.897921,7300000000,2,625,wiki
"wiki: During this time, a minority of anarchists adopted tactics of revolutionary political violence.",1.0,512,1,1747903285.3380952,2025-05-22T08:41:25.338101,0.2530592679977417,0.4034053683280945,Mistral-7B,2025-05-22T11:06:35.976454,7300000000,3,625,wiki
fiction: Which statement is an observation? (Answer: A),1.0,512,1,1747903293.9884837,2025-05-22T08:41:33.988489,0.2626841366291046,0.4145498275756836,Mistral-7B,2025-05-22T11:06:36.064117,7300000000,4,625,fiction
"news: Fortunately there's a solution, one that's incredibly simple.",1.0,512,0,1747903186.7727706,2025-05-22T08:39:46.772776,0.24114271998405457,0.38851574063301086,Mistral-7B,2025-05-22T11:06:37.537146,7300000000,0,625,news
fiction: Which of the following is an observation about grasshoppers that a science class could have made on their nature walk? (Answer: B),1.0,512,0,1747903195.0144525,2025-05-22T08:39:55.014458,0.24984858930110931,0.40143612027168274,Mistral-7B,2025-05-22T11:06:37.633238,7300000000,1,625,fiction
"wiki: The state had 108,000 foreign-born (2.4% of the state population), of which an estimated 22.2% were undocumented (24,000).",1.0,512,0,1747903196.4912932,2025-05-22T08:39:56.491298,0.2444366067647934,0.395309180021286,Mistral-7B,2025-05-22T11:06:37.725683,7300000000,2,625,wiki
"wiki: During the second half of the 20th century, anarchism intermingled with the second wave of feminism, radicalising some currents of the feminist movement and being influenced as well.",1.0,512,0,1747903203.8388636,2025-05-22T08:40:03.838868,0.23503565788269043,0.3814510703086853,Mistral-7B,2025-05-22T11:06:37.816201,7300000000,3,625,wiki
fiction: Which statement describes a harmful effect of clearing rainforests for farmland? (Answer: B),1.0,512,0,1747903206.4621925,2025-05-22T08:40:06.462198,0.23645296692848206,0.3825632333755493,Mistral-7B,2025-05-22T11:06:37.906745,7300000000,4,625,fiction
"code: Explain what this code does:
def function_34(x): return x * 2",1.0,512,1,1747903302.1639855,2025-05-22T08:41:42.163991,0.26658323407173157,0.419979453086853,Mistral-7B,2025-05-22T11:06:39.412732,7300000000,0,630,code
"fiction: The heart, blood vessels, kidneys, and bladder working together are best described as (Answer: D)",1.0,512,1,1747903311.3190482,2025-05-22T08:41:51.319054,0.26463940739631653,0.4181976318359375,Mistral-7B,2025-05-22T11:06:39.494230,7300000000,1,630,fiction
"news: For tips on how to best train employees on cybersecurity practices, click here.",1.0,512,1,1747903318.8117313,2025-05-22T08:41:58.811736,0.26070207357406616,0.412753701210022,Mistral-7B,2025-05-22T11:06:39.598681,7300000000,2,630,news
"code: Explain what this code does:
def function_41(x): return x * 2",1.0,512,1,1747903326.7385955,2025-05-22T08:42:06.738600,0.26783496141433716,0.42178022861480713,Mistral-7B,2025-05-22T11:06:39.681518,7300000000,3,630,code
"wiki: Compulsive behaviors: Time-consuming behaviors intended to reduce the anxiety that an individual feels compelled to perform repeatedly or according to rigid rules, such as placing objects in a specific order, checking things, or handwashing.",1.0,512,1,1747903331.3527002,2025-05-22T08:42:11.352706,0.256193071603775,0.40767404437065125,Mistral-7B,2025-05-22T11:06:39.762403,7300000000,4,630,wiki
"news: I won't have to worry about that so much now, and I can spend my day off roaming around and being inspired.",1.0,512,0,1747903210.968746,2025-05-22T08:40:10.968751,0.23289848864078522,0.37626683712005615,Mistral-7B,2025-05-22T11:06:41.231747,7300000000,0,630,news
wiki: Alabama is one of the few places in the world that has a secondary tornado season in November and December besides the typically severe spring.,1.0,512,0,1747903219.2031698,2025-05-22T08:40:19.203175,0.24139390885829926,0.3898751437664032,Mistral-7B,2025-05-22T11:06:41.310170,7300000000,1,630,wiki
"news: Depending on how you count, some 14 million Java programmers code today, with many of them paid well to maintain massive enterprise applications (an estimated 80% of enterprise workloads run on Java).",1.0,512,0,1747903227.4582338,2025-05-22T08:40:27.458239,0.23013734817504883,0.371138334274292,Mistral-7B,2025-05-22T11:06:41.387545,7300000000,2,630,news
"wiki: Other aspects, such as atypical eating, are also common but are not essential for diagnosis.",1.0,512,0,1747903235.6526303,2025-05-22T08:40:35.652635,0.23423750698566437,0.3813236951828003,Mistral-7B,2025-05-22T11:06:41.465084,7300000000,3,630,wiki
wiki: The oldest Jewish congregation in the state is Congregation Sha'arai Shomayim in Mobile.,1.0,512,0,1747903243.928233,2025-05-22T08:40:43.928238,0.24358178675174713,0.3946629464626312,Mistral-7B,2025-05-22T11:06:41.548794,7300000000,4,630,wiki
"news: ""I'd say compliance right now is only at about 35% or 40% at the most,"" he said.",1.0,512,1,1747903339.627434,2025-05-22T08:42:19.627439,0.24243482947349548,0.387580007314682,Mistral-7B,2025-05-22T11:06:42.999910,7300000000,0,635,news
"wiki: Interest in the anarchist movement developed alongside momentum in the anti-globalisation movement, whose leading activist networks were anarchist in orientation.",1.0,512,1,1747903346.9381623,2025-05-22T08:42:26.938168,0.24548159539699554,0.393863707780838,Mistral-7B,2025-05-22T11:06:43.097101,7300000000,1,635,wiki
"news: Dancers also contribute to the narration with spoken text, including imagery of young love and a dose of humor.",1.0,512,1,1747903354.788013,2025-05-22T08:42:34.788019,0.25000736117362976,0.39973771572113037,Mistral-7B,2025-05-22T11:06:43.185736,7300000000,2,635,news
"fiction: A ""widow's peak"" hairline in humans is coded by the dominant allele W. A straight hairline is coded by the recessive allele w. A man with a homozygous dominant WW produces a zygote with a woman with a heterozygous dominant Ww for the trait. Which allele combinations could occur in the zygote? (Answer: B)",1.0,512,1,1747903363.0774546,2025-05-22T08:42:43.077460,0.2641909718513489,0.4065243601799011,Mistral-7B,2025-05-22T11:06:43.274478,7300000000,3,635,fiction
"news: Now, however, they will have to provide the data within one month of receiving the request.",1.0,512,1,1747903371.2361178,2025-05-22T08:42:51.236124,0.2586855888366699,0.39910876750946045,Mistral-7B,2025-05-22T11:06:43.363302,7300000000,4,635,news
fiction: Data in tables may also be presented in graphs. Which type of data would best be displayed on a circle graph? (Answer: D),1.0,512,0,1747903252.7290301,2025-05-22T08:40:52.729035,0.24553000926971436,0.39542558789253235,Mistral-7B,2025-05-22T11:06:44.909635,7300000000,0,635,fiction
"wiki: Even though many anarchists distanced themselves from these terrorist acts, infamy came upon the movement and attempts were made to exclude them from American immigration, including the Immigration Act of 1903, also called the Anarchist Exclusion Act.",1.0,512,0,1747903257.7733748,2025-05-22T08:40:57.773380,0.23472124338150024,0.38115647435188293,Mistral-7B,2025-05-22T11:06:45.023540,7300000000,1,635,wiki
"wiki: Albedo–temperature feedback When an area's albedo changes due to snowfall, a snow–temperature feedback results.",1.0,512,0,1747903267.7444868,2025-05-22T08:41:07.744493,0.23721854388713837,0.3832966685295105,Mistral-7B,2025-05-22T11:06:45.150680,7300000000,2,635,wiki
"news: The piece features a commissioned score by Swedish composer Mikael Karlsson, which will be performed onstage by singer Anna von Hausswolff.",1.0,512,0,1747903274.7114491,2025-05-22T08:41:14.711454,0.23702791333198547,0.38421523571014404,Mistral-7B,2025-05-22T11:06:45.253297,7300000000,3,635,news
news: A Typical Day Students begin their days with an early 8 am technique class.,1.0,512,0,1747903282.1410017,2025-05-22T08:41:22.141006,0.23899097740650177,0.38549718260765076,Mistral-7B,2025-05-22T11:06:45.345916,7300000000,4,635,news
"wiki: In addition, there are currently five auxiliary interstate routes in the state: I-165 in Mobile, I-359 in Tuscaloosa, I-459 around Birmingham, I-565 in Decatur and Huntsville, and I-759 in Gadsden.",1.0,512,0,1747903284.5843103,2025-05-22T08:41:24.584316,0.24473829567432404,0.3954680860042572,Mistral-7B,2025-05-22T11:06:46.819644,7300000000,0,640,wiki
"fiction: If a new moon occurred on June 2, when will the next new moon occur? (Answer: A)",1.0,512,0,1747903291.4828286,2025-05-22T08:41:31.482846,0.2500852048397064,0.402660995721817,Mistral-7B,2025-05-22T11:06:46.899626,7300000000,1,640,fiction
wiki: The city was moved to the current site of Mobile in 1711.,1.0,512,0,1747903293.2344332,2025-05-22T08:41:33.234439,0.24717369675636292,0.3993160128593445,Mistral-7B,2025-05-22T11:06:46.976976,7300000000,2,640,wiki
"wiki: Also, the Black Belt region across central Alabama ""is home to largely poor counties that are predominantly African-American.",1.0,512,0,1747903297.559335,2025-05-22T08:41:37.559340,0.2342434972524643,0.38161563873291016,Mistral-7B,2025-05-22T11:06:47.083168,7300000000,3,640,wiki
wiki: The decision-making process of small anarchist affinity groups plays a significant tactical role.,1.0,512,0,1747903305.9367173,2025-05-22T08:41:45.936722,0.23960599303245544,0.386940598487854,Mistral-7B,2025-05-22T11:06:47.175128,7300000000,4,640,wiki
"wiki: They mostly engage in confronting the police during demonstrations and riots, especially in countries such as Canada, Greece, and Mexico.",1.0,512,1,1747903374.7894146,2025-05-22T08:42:54.789422,0.25899839401245117,0.40075162053108215,Mistral-7B,2025-05-22T11:06:48.701976,7300000000,0,640,wiki
"news: If successful, the XR1 chip could improve technologies found in modern smart glasses, and make VR and AR more affordable to get into for smaller companies.",1.0,512,1,1747903381.7188413,2025-05-22T08:43:01.718847,0.2654721736907959,0.40801188349723816,Mistral-7B,2025-05-22T11:06:48.789200,7300000000,1,640,news
"wiki: Joint attention seems to be necessary for functional speech, and deficits in joint attention seem to distinguish infants with ASD.",1.0,512,1,1747903386.6439412,2025-05-22T08:43:06.643947,0.2690070867538452,0.4149359166622162,Mistral-7B,2025-05-22T11:06:48.868314,7300000000,2,640,wiki
"news: In November the company will reference Kaiser's Balanchine roots with a program titled Classic Americana featuring Serenade and Western Symphony, as well Paul Taylor's Company B.",1.0,512,1,1747903395.0802987,2025-05-22T08:43:15.080304,0.2642400562763214,0.40768080949783325,Mistral-7B,2025-05-22T11:06:48.946517,7300000000,3,640,news
"code: Explain what this code does:
def function_54(x): return x * 2",1.0,512,1,1747903403.4661882,2025-05-22T08:43:23.466194,0.27935728430747986,0.42575040459632874,Mistral-7B,2025-05-22T11:06:49.024413,7300000000,4,640,code
"wiki: In Latin America, Argentina was a stronghold for anarcho-syndicalism, where it became the most prominent left-wing ideology.",1.0,512,1,1747903412.2896585,2025-05-22T08:43:32.289664,0.266896516084671,0.41054174304008484,Mistral-7B,2025-05-22T11:06:50.501366,7300000000,0,645,wiki
"wiki: Black residents effectively taxed themselves twice, by raising additional monies to supply matching funds for such schools, which were built in many rural areas.",1.0,512,1,1747903420.5179925,2025-05-22T08:43:40.517998,0.2555100917816162,0.3960849642753601,Mistral-7B,2025-05-22T11:06:50.607942,7300000000,1,645,wiki
"news: Whiteside, on the other hand, imitates a unicorn, talks about preparing for roles and creates a new middle name for Boylston.",1.0,512,1,1747903428.8240795,2025-05-22T08:43:48.824085,0.258657306432724,0.4014095962047577,Mistral-7B,2025-05-22T11:06:50.706571,7300000000,2,645,news
fiction: Which factor can increase the amount of sulfur dioxide in the air? (Answer: B),1.0,512,1,1747903437.1615875,2025-05-22T08:43:57.161593,0.27948659658432007,0.42746371030807495,Mistral-7B,2025-05-22T11:06:50.800772,7300000000,3,645,fiction
wiki: Black carbon is a bigger cause of the melting of the polar ice cap in the Arctic than carbon dioxide due to its effect on the albedo.,1.0,512,1,1747903445.4991224,2025-05-22T08:44:05.499129,0.26496973633766174,0.407568097114563,Mistral-7B,2025-05-22T11:06:50.892224,7300000000,4,645,wiki
fiction: Which of following is a property shared by the elements in the carbon family? (Answer: D),1.0,512,0,1747903310.7249222,2025-05-22T08:41:50.724927,0.24196022748947144,0.38979747891426086,Mistral-7B,2025-05-22T11:06:52.386700,7300000000,0,645,fiction
fiction: An engineer measured the time it takes sound to travel through samples of different materials. All of the samples were identical in shape and size. The measurements were made using ultrasonic waves with a frequency of 5 megahertz. Which question was the engineer most likely trying to answer? (Answer: A),1.0,512,0,1747903314.3528152,2025-05-22T08:41:54.352821,0.24676719307899475,0.39719051122665405,Mistral-7B,2025-05-22T11:06:52.464446,7300000000,1,645,fiction
"news: Johnathon Johnson put McNeight in a choke hold, and they threatened McNeight with the tire iron, and took the money, his wallet, and his cell phone.",1.0,512,0,1747903322.665234,2025-05-22T08:42:02.665239,0.2319239228963852,0.3757293224334717,Mistral-7B,2025-05-22T11:06:52.547278,7300000000,2,645,news
wiki: Deeply shadowed cavities can achieve an effective albedo approaching the zero of a black body.,1.0,512,0,1747903331.8047664,2025-05-22T08:42:11.804772,0.2335716336965561,0.37954214215278625,Mistral-7B,2025-05-22T11:06:52.630027,7300000000,3,645,wiki
"wiki: ), autocratic religions (e.g., fundamentalist Islam, Roman Catholicism, etc.",1.0,512,0,1747903335.3567328,2025-05-22T08:42:15.356738,0.2339092642068863,0.3801059126853943,Mistral-7B,2025-05-22T11:06:52.708857,7300000000,4,645,wiki
"code: Explain what this code does:
def function_13(x): return x * 2",1.0,512,1,1747903454.1510847,2025-05-22T08:44:14.151090,0.2788166403770447,0.42494386434555054,Mistral-7B,2025-05-22T11:06:54.175586,7300000000,0,650,code
"news: However, it also contains the right to access any information that may be held by a company, including your employer.",1.0,512,1,1747903461.609684,2025-05-22T08:44:21.609689,0.26780781149864197,0.4105730354785919,Mistral-7B,2025-05-22T11:06:54.255406,7300000000,1,650,news
"wiki: An important relationship between an object's astronomical (geometric) albedo, absolute magnitude and diameter is given by:  where  is the astronomical albedo,  is the diameter in kilometers, and  is the absolute magnitude.",1.0,512,1,1747903469.9812818,2025-05-22T08:44:29.981287,0.2695961594581604,0.4154954254627228,Mistral-7B,2025-05-22T11:06:54.331848,7300000000,2,650,wiki
wiki: The northern part—along the Tennessee River Valley—is most vulnerable.,1.0,512,1,1747903478.514418,2025-05-22T08:44:38.514424,0.2668682038784027,0.41168174147605896,Mistral-7B,2025-05-22T11:06:54.408414,7300000000,3,650,wiki
"news: This time around the final screen appeared, the All set link didn't work.",1.0,512,1,1747903486.8388815,2025-05-22T08:44:46.838887,0.26958799362182617,0.41491153836250305,Mistral-7B,2025-05-22T11:06:54.484977,7300000000,4,650,news
"wiki: In 2002, Christian Koeberl with the Institute of Geochemistry University of Vienna published evidence and established the site as the 157th recognized impact crater on Earth.",1.0,512,0,1747903341.542996,2025-05-22T08:42:21.543002,0.23055793344974518,0.37586599588394165,Mistral-7B,2025-05-22T11:06:55.962104,7300000000,0,650,wiki
wiki: Parents often notice signs during the first three years of their child's life.,1.0,512,0,1747903349.9352617,2025-05-22T08:42:29.935267,0.24916526675224304,0.401486873626709,Mistral-7B,2025-05-22T11:06:56.080529,7300000000,1,650,wiki
"code: Explain what this code does:
def function_3(x): return x * 2",1.0,512,0,1747903358.3033748,2025-05-22T08:42:38.303380,0.25175943970680237,0.4030110239982605,Mistral-7B,2025-05-22T11:06:56.180505,7300000000,2,650,code
"wiki: Children with high-functioning autism have more intense and frequent loneliness compared to non-autistic peers, despite the common belief that autistic children prefer to be alone.",1.0,512,0,1747903366.744863,2025-05-22T08:42:46.744868,0.24450014531612396,0.39438092708587646,Mistral-7B,2025-05-22T11:06:56.273991,7300000000,3,650,wiki
"wiki: The agrarian Mississippian culture covered most of the state from 1000 to 1600 CE, with one of its major centers built at what is now the Moundville Archaeological Site in Moundville, Alabama.",1.0,512,0,1747903375.5121186,2025-05-22T08:42:55.512125,0.24255695939064026,0.3919832408428192,Mistral-7B,2025-05-22T11:06:56.354412,7300000000,4,650,wiki
wiki: Enlightenment challenges to intellectual authority (secular and religious) and the revolutions of the 1790s and 1848 all spurred the ideological development of what became the era of classical anarchism.,1.0,512,0,1747903384.583495,2025-05-22T08:43:04.583501,0.23770108819007874,0.3861348330974579,Mistral-7B,2025-05-22T11:06:57.809529,7300000000,0,655,wiki
wiki: Anarchism and the state   Objection to the state and its institutions is a sine qua non of anarchism.,1.0,512,0,1747903391.980853,2025-05-22T08:43:11.980858,0.24433034658432007,0.3943201005458832,Mistral-7B,2025-05-22T11:06:57.888659,7300000000,1,655,wiki
"fiction: Photosynthesis is a process involving carbon dioxide, water, glucose, oxygen, and sunlight. Which is the correct chemical equation for photosynthesis? (Answer: D)",1.0,512,0,1747903399.9604108,2025-05-22T08:43:19.960416,0.25983357429504395,0.41678839921951294,Mistral-7B,2025-05-22T11:06:57.966427,7300000000,2,655,fiction
"news: Stay informed, click here to subscribe to the TechRepublic Cloud Insights newsletter.",1.0,512,0,1747903408.1188123,2025-05-22T08:43:28.118817,0.2424570918083191,0.3912145495414734,Mistral-7B,2025-05-22T11:06:58.076409,7300000000,3,655,news
wiki: Gastrointestinal problems are one of the most commonly co-occurring medical conditions in autistic people.,1.0,512,0,1747903416.3460712,2025-05-22T08:43:36.346077,0.25631505250930786,0.4122023284435272,Mistral-7B,2025-05-22T11:06:58.167789,7300000000,4,655,wiki
wiki: Sea water absorbs more solar radiation than would the same surface covered with reflective snow.,1.0,512,1,1747903489.6442401,2025-05-22T08:44:49.644248,0.2726292014122009,0.41842275857925415,Mistral-7B,2025-05-22T11:06:59.628150,7300000000,0,655,wiki
"fiction: On Earth, water can be a solid, a liquid, or a gas. Which energy source has the greatest influence on the state of matter of water? (Answer: A)",1.0,512,1,1747903496.7095103,2025-05-22T08:44:56.709516,0.27633437514305115,0.4226495921611786,Mistral-7B,2025-05-22T11:06:59.713486,7300000000,1,655,fiction
"wiki: In most instances, the transmitted pulse is circularly polarized and the received pulse is measured in the same sense of polarization as the transmitted pulse (SC) and the opposite sense (OC).",1.0,512,1,1747903504.3660538,2025-05-22T08:45:04.366060,0.26545801758766174,0.4098447859287262,Mistral-7B,2025-05-22T11:06:59.792886,7300000000,2,655,wiki
"wiki: Economy  The state has invested in aerospace, education, health care, banking, and various heavy industries, including automobile manufacturing, mineral extraction, steel production and fabrication.",1.0,512,1,1747903512.4955683,2025-05-22T08:45:12.495574,0.26786789298057556,0.41200780868530273,Mistral-7B,2025-05-22T11:06:59.871005,7300000000,3,655,wiki
"wiki: A differential diagnosis for ASD at this stage might also consider intellectual disability, hearing impairment, and a specific language impairment such as Landau–Kleffner syndrome.",1.0,512,1,1747903520.5586455,2025-05-22T08:45:20.558650,0.26886504888534546,0.414409875869751,Mistral-7B,2025-05-22T11:06:59.950198,7300000000,4,655,wiki
news: This will be the fourth work by Ekman that The Joffrey has performed.,1.0,512,0,1747903424.9676077,2025-05-22T08:43:44.967613,0.2410711646080017,0.3900858163833618,Mistral-7B,2025-05-22T11:07:01.409892,7300000000,0,660,news
fiction: A ship leaks a large amount of oil near a coastal area. Which statement describes how the oil most likely will affect the coastal habitat? (Answer: B),1.0,512,0,1747903433.22549,2025-05-22T08:43:53.225496,0.24793794751167297,0.39920178055763245,Mistral-7B,2025-05-22T11:07:01.518643,7300000000,1,660,fiction
"code: Explain what this code does:
def function_0(x): return x * 2",1.0,512,0,1747903441.4370632,2025-05-22T08:44:01.437069,0.25562095642089844,0.40928003191947937,Mistral-7B,2025-05-22T11:07:01.645000,7300000000,2,660,code
"wiki: Tourism and entertainment  According to Business Insider, Alabama ranked 14th in most popular states to visit in 2014.",1.0,512,0,1747903449.6998715,2025-05-22T08:44:09.699889,0.2467755526304245,0.3971896767616272,Mistral-7B,2025-05-22T11:07:01.751563,7300000000,3,660,wiki
"wiki: A component especially of individualist anarchism, philosophical anarchism may tolerate the existence of a minimal state but claims that citizens have no moral obligation to obey government when it conflicts with individual autonomy.",1.0,512,0,1747903458.0269697,2025-05-22T08:44:18.026975,0.2348909080028534,0.3807515501976013,Mistral-7B,2025-05-22T11:07:01.856935,7300000000,4,660,wiki
fiction: Where is the biological magnification of pollutants most likely to be the greatest? (Answer: A),1.0,512,1,1747903529.0654058,2025-05-22T08:45:29.065411,0.27349743247032166,0.41944682598114014,Mistral-7B,2025-05-22T11:07:03.306454,7300000000,0,660,fiction
"code: Explain what this code does:
def function_19(x): return x * 2",1.0,512,1,1747903535.575827,2025-05-22T08:45:35.575832,0.2791357934474945,0.42538073658943176,Mistral-7B,2025-05-22T11:07:03.412451,7300000000,1,660,code
wiki: Medication Medications may be used to treat ASD symptoms that interfere with integrating a child into home or school when behavioral treatment fails.,1.0,512,1,1747903543.935623,2025-05-22T08:45:43.935629,0.2720717787742615,0.41762492060661316,Mistral-7B,2025-05-22T11:07:03.511625,7300000000,2,660,wiki
"wiki: Census-designated and metropolitan areas  Cities  Demographics  According to the 2020 United States census the population of Alabama was 5,024,279 on April 1, 2020, which represents an increase of 244,543 or 5.12%, since the 2010 census.",1.0,512,1,1747903551.7662578,2025-05-22T08:45:51.766263,0.27392318844795227,0.4194985628128052,Mistral-7B,2025-05-22T11:07:03.612374,7300000000,3,660,wiki
news: Courtesy Peter Koppers.,1.0,512,1,1747903559.7392442,2025-05-22T08:45:59.739250,0.26754555106163025,0.41132962703704834,Mistral-7B,2025-05-22T11:07:03.717891,7300000000,4,660,news
"wiki: Anarchists were treated similarly in the Second International, being ultimately expelled in 1896.",1.0,512,1,1747903568.373266,2025-05-22T08:46:08.373271,0.25875094532966614,0.39982911944389343,Mistral-7B,2025-05-22T11:07:05.216705,7300000000,0,665,wiki
"code: Explain what this code does:
def function_49(x): return x * 2",1.0,512,1,1747903576.5377126,2025-05-22T08:46:16.537718,0.2805643677711487,0.42734047770500183,Mistral-7B,2025-05-22T11:07:05.324283,7300000000,1,665,code
wiki: Later immigrants in the nineteenth and twentieth centuries tended to be Ashkenazi Jews from eastern Europe.,1.0,512,1,1747903584.8201003,2025-05-22T08:46:24.820106,0.27086830139160156,0.41511964797973633,Mistral-7B,2025-05-22T11:07:05.418268,7300000000,2,665,wiki
"wiki: Etymology, terminology, and definition   The etymological origin of anarchism is from the Ancient Greek anarkhia, meaning ""without a ruler"", composed of the prefix an- (""without"") and the word arkhos (""leader"" or ""ruler"").",1.0,512,1,1747903591.9859457,2025-05-22T08:46:31.985951,0.26602014899253845,0.4095691442489624,Mistral-7B,2025-05-22T11:07:05.498265,7300000000,3,665,wiki
"news: Since then we've been doing five-day workshops once a year in Robert's studio, Ex Machina, where he has a multi media team.",1.0,512,1,1747903599.576042,2025-05-22T08:46:39.576048,0.24986602365970612,0.38618892431259155,Mistral-7B,2025-05-22T11:07:05.605538,7300000000,4,665,news
"news: Once she's mastered the pirouette she's been struggling with, she repeats the step over and over until the clock reaches 12 pm for lunch.",1.0,512,0,1747903466.5296571,2025-05-22T08:44:26.529662,0.2333894968032837,0.37664663791656494,Mistral-7B,2025-05-22T11:07:07.080175,7300000000,0,665,news
"code: Explain what this code does:
def function_14(x): return x * 2",1.0,512,0,1747903474.5411127,2025-05-22T08:44:34.541118,0.2553267776966095,0.40915048122406006,Mistral-7B,2025-05-22T11:07:07.179214,7300000000,1,665,code
"wiki: ), patriarchy, heterosexism, white supremacy, and imperialism.""",1.0,512,0,1747903482.8209977,2025-05-22T08:44:42.821003,0.24596433341503143,0.39762136340141296,Mistral-7B,2025-05-22T11:07:07.286710,7300000000,2,665,wiki
"news: Once again, the final screen links wouldn't work.",1.0,512,0,1747903491.203459,2025-05-22T08:44:51.203464,0.22951140999794006,0.3731080889701843,Mistral-7B,2025-05-22T11:07:07.393626,7300000000,3,665,news
"wiki: What is now the counties of Baldwin and Mobile became part of Spanish West Florida in 1783, part of the independent Republic of West Florida in 1810, and was finally added to the Mississippi Territory in 1812.",1.0,512,0,1747903499.2877266,2025-05-22T08:44:59.287733,0.24735194444656372,0.39920690655708313,Mistral-7B,2025-05-22T11:07:07.501140,7300000000,4,665,wiki
wiki: Alabama: The History of a Deep South State (1994).,1.0,512,1,1747903607.8097718,2025-05-22T08:46:47.809777,0.2673358917236328,0.41236528754234314,Mistral-7B,2025-05-22T11:07:09.005745,7300000000,0,670,wiki
"wiki: Lastly, Fiala mentions a critique towards philosophical anarchism of being ineffective (all talk and thoughts) and in the meantime capitalism and bourgeois class remains strong.",1.0,512,1,1747903617.266177,2025-05-22T08:46:57.266186,0.24440793693065643,0.38218703866004944,Mistral-7B,2025-05-22T11:07:09.124784,7300000000,1,670,wiki
"wiki: Steel jobs, for instance, declined from 46,314 in 1950 to 14,185 in 2011.",1.0,512,1,1747903624.4642713,2025-05-22T08:47:04.464278,0.266659140586853,0.4104810655117035,Mistral-7B,2025-05-22T11:07:09.207806,7300000000,2,670,wiki
fiction: Giant redwood trees change energy from one form to another. How is energy changed by the trees? (Answer: B),1.0,512,1,1747903632.2600365,2025-05-22T08:47:12.260042,0.2661413252353668,0.40942227840423584,Mistral-7B,2025-05-22T11:07:09.287879,7300000000,3,670,fiction
fiction: A signal from the brain to a muscle in the arm is transmitted by which structures? (Answer: C),1.0,512,1,1747903640.1020188,2025-05-22T08:47:20.102024,0.2658804655075073,0.4087216556072235,Mistral-7B,2025-05-22T11:07:09.367420,7300000000,4,670,fiction
"code: Explain what this code does:
def function_94(x): return x * 2",1.0,512,0,1747903508.1233623,2025-05-22T08:45:08.123368,0.2509377598762512,0.4015475809574127,Mistral-7B,2025-05-22T11:07:10.853625,7300000000,0,670,code
"code: Explain what this code does:
def function_80(x): return x * 2",1.0,512,0,1747903515.9069338,2025-05-22T08:45:15.906939,0.2571241855621338,0.41144320368766785,Mistral-7B,2025-05-22T11:07:10.935016,7300000000,1,670,code
news: So I returned to the IP address and was presented with a login screen.,1.0,512,0,1747903524.2562041,2025-05-22T08:45:24.256209,0.24125763773918152,0.3895891308784485,Mistral-7B,2025-05-22T11:07:11.018699,7300000000,2,670,news
"wiki: In the southern Gulf coast, snowfall is less frequent, sometimes going several years without any snowfall.",1.0,512,0,1747903532.5258837,2025-05-22T08:45:32.525889,0.24414180219173431,0.39318862557411194,Mistral-7B,2025-05-22T11:07:11.137070,7300000000,3,670,wiki
"wiki: In 1954, the U.S. Supreme Court ruled in Brown v. Board of Education that public schools had to be desegregated, but Alabama was slow to comply.",1.0,512,0,1747903540.3621845,2025-05-22T08:45:40.362189,0.24613067507743835,0.39698025584220886,Mistral-7B,2025-05-22T11:07:11.222145,7300000000,4,670,wiki
"code: Explain what this code does:
def function_78(x): return x * 2",1.0,512,0,1747903546.7317824,2025-05-22T08:45:46.731788,0.2507922351360321,0.40168553590774536,Mistral-7B,2025-05-22T11:07:12.727930,7300000000,0,675,code
wiki: Robert Paul Wolff believed that the tension between authority and autonomy would mean the state could never be legitimate.,1.0,512,0,1747903554.8223376,2025-05-22T08:45:54.822343,0.23660050332546234,0.3821255564689636,Mistral-7B,2025-05-22T11:07:12.811725,7300000000,1,675,wiki
fiction: How many times does Earth rotate on its axis in one day? (Answer: A),1.0,512,0,1747903556.5080369,2025-05-22T08:45:56.508043,0.24259033799171448,0.38962119817733765,Mistral-7B,2025-05-22T11:07:12.906258,7300000000,2,675,fiction
"code: Explain what this code does:
def function_38(x): return x * 2",1.0,512,0,1747903563.8685741,2025-05-22T08:46:03.868580,0.25557005405426025,0.4090743660926819,Mistral-7B,2025-05-22T11:07:13.013608,7300000000,3,675,code
"code: Explain what this code does:
def function_9(x): return x * 2",1.0,512,0,1747903572.181237,2025-05-22T08:46:12.181242,0.25576844811439514,0.40905243158340454,Mistral-7B,2025-05-22T11:07:13.121893,7300000000,4,675,code
"fiction: Laura adds 50 mL of boiling water to 100 mL of ice water. If the 150 mL of water is then put into a freezer, at what temperature will the water freeze? (Answer: A)",1.0,512,1,1747903644.4747682,2025-05-22T08:47:24.474775,0.2664543688297272,0.4086081385612488,Mistral-7B,2025-05-22T11:07:14.631483,7300000000,0,675,fiction
wiki: They include:  Genetic disorders.,1.0,512,1,1747903651.555011,2025-05-22T08:47:31.555017,0.2712160050868988,0.41728675365448,Mistral-7B,2025-05-22T11:07:14.717235,7300000000,1,675,wiki
wiki: The school closed after constant harassment by the state and Ferrer was later arrested.,1.0,512,1,1747903655.9568517,2025-05-22T08:47:35.956857,0.2603513300418854,0.4042941629886627,Mistral-7B,2025-05-22T11:07:14.797762,7300000000,2,675,wiki
"wiki: However, most of the Democratic sheriffs preside over rural and less populated counties.",1.0,512,1,1747903662.906441,2025-05-22T08:47:42.906446,0.2616591155529022,0.4029013216495514,Mistral-7B,2025-05-22T11:07:14.876726,7300000000,3,675,wiki
"news: ""An awful lot of companies may not think they have exposure to it, but there are lots of variables in that.""",1.0,512,1,1747903670.8503575,2025-05-22T08:47:50.850363,0.26333338022232056,0.4056178629398346,Mistral-7B,2025-05-22T11:07:14.956093,7300000000,4,675,news
wiki: The remaining portion of the ThyssenKrupp plant had final bids submitted by ArcelorMittal and Nippon Steel for $1.6billion in March 2013.,1.0,512,1,1747903679.768348,2025-05-22T08:47:59.768353,0.25813037157058716,0.40060392022132874,Mistral-7B,2025-05-22T11:07:16.418975,7300000000,0,680,wiki
"code: Explain what this code does:
def function_18(x): return x * 2",1.0,512,1,1747903688.0821097,2025-05-22T08:48:08.082115,0.27685442566871643,0.4223932921886444,Mistral-7B,2025-05-22T11:07:16.512847,7300000000,1,680,code
wiki: Anarchism is contrasted to socialist forms which are state-oriented or from above.,1.0,512,1,1747903695.1418514,2025-05-22T08:48:15.141857,0.26688843965530396,0.40988823771476746,Mistral-7B,2025-05-22T11:07:16.624362,7300000000,2,680,wiki
"news: Across the Country… In 1944, San Francisco Ballet founding artistic director Willam Christensen choreographed the U.S.'s first full-length Nutcracker.",1.0,512,1,1747903702.9391627,2025-05-22T08:48:22.939167,0.26580625772476196,0.4099556505680084,Mistral-7B,2025-05-22T11:07:16.709593,7300000000,3,680,news
wiki: Aquaculture   Aquaculture is a large part of the economy of Alabama.,1.0,512,1,1747903710.9851394,2025-05-22T08:48:30.985145,0.26585498452186584,0.4087298512458801,Mistral-7B,2025-05-22T11:07:16.792231,7300000000,4,680,wiki
"code: Explain what this code does:
def function_26(x): return x * 2",1.0,512,0,1747903580.8399975,2025-05-22T08:46:20.840002,0.2561263144016266,0.40967363119125366,Mistral-7B,2025-05-22T11:07:18.294864,7300000000,0,680,code
fiction: Which of the following statements best explains why magnets usually stick to a refrigerator door? (Answer: B),1.0,512,0,1747903585.7942588,2025-05-22T08:46:25.794265,0.2551792562007904,0.40861713886260986,Mistral-7B,2025-05-22T11:07:18.380332,7300000000,1,680,fiction
"wiki: Other spellings of the name have included Alibamu, Alabamo, Albama, Alebamon, Alibama, Alibamou, Alabamu, Allibamou.",1.0,512,0,1747903594.39165,2025-05-22T08:46:34.391655,0.23750251531600952,0.38425514101982117,Mistral-7B,2025-05-22T11:07:18.463178,7300000000,2,680,wiki
"news: Starbucks in hand, they discuss their mutual love of food (particularly pasta and Japanese curry), the story behind the Cindy nickname and what it's like picking up contemporary choreography versus classical.",1.0,512,0,1747903602.795812,2025-05-22T08:46:42.795818,0.2332620620727539,0.3807186484336853,Mistral-7B,2025-05-22T11:07:18.550120,7300000000,3,680,news
wiki: The available evidence does not rule out the possibility that autism's true prevalence has increased; a real increase would suggest directing more attention and funding toward psychosocial factors and changing environmental factors instead of continuing to focus on genetics.,1.0,512,0,1747903611.200784,2025-05-22T08:46:51.200789,0.23964035511016846,0.3878485858440399,Mistral-7B,2025-05-22T11:07:18.672938,7300000000,4,680,wiki
"code: Explain what this code does:
def function_83(x): return x * 2",1.0,512,1,1747903718.1902852,2025-05-22T08:48:38.190291,0.27629679441452026,0.4219876527786255,Mistral-7B,2025-05-22T11:07:20.174341,7300000000,0,685,code
"code: Explain what this code does:
def function_66(x): return x * 2",1.0,512,1,1747903726.5608325,2025-05-22T08:48:46.560838,0.2748563587665558,0.41978728771209717,Mistral-7B,2025-05-22T11:07:20.281593,7300000000,1,685,code
"fiction: Rain forests contain more species of trees than any other biome. However, scientists have found that the soil of the forest floor is relatively nutrient poor. What could most likely account for this? (Answer: B)",1.0,512,1,1747903732.900179,2025-05-22T08:48:52.900184,0.26868802309036255,0.4114711880683899,Mistral-7B,2025-05-22T11:07:20.383679,7300000000,2,685,fiction
"code: Explain what this code does:
def function_50(x): return x * 2",1.0,512,1,1747903740.482603,2025-05-22T08:49:00.482608,0.2774064540863037,0.423241525888443,Mistral-7B,2025-05-22T11:07:20.462635,7300000000,3,685,code
"wiki: Collectivist anarchists advocate collective ownership of the means of production which is theorised to be achieved through violent revolution and that workers be paid according to time worked, rather than goods being distributed according to need as in communism.",1.0,512,1,1747903748.6780734,2025-05-22T08:49:08.678079,0.25404053926467896,0.39253631234169006,Mistral-7B,2025-05-22T11:07:20.547737,7300000000,4,685,wiki
fiction: Which would a scientist use in trying to model the cause of planetary years? (Answer: D),1.0,512,0,1747903617.0021381,2025-05-22T08:46:57.002144,0.23975230753421783,0.3876565098762512,Mistral-7B,2025-05-22T11:07:22.024654,7300000000,0,685,fiction
"fiction: In living things, smaller substances are linked to make up larger substances. Which of the following correctly describes a larger substance made by linking smaller substances? (Answer: A)",1.0,512,0,1747903618.684053,2025-05-22T08:46:58.684059,0.244058758020401,0.39251068234443665,Mistral-7B,2025-05-22T11:07:22.154745,7300000000,1,685,fiction
"code: Explain what this code does:
def function_52(x): return x * 2",1.0,512,0,1747903627.3416846,2025-05-22T08:47:07.341690,0.2555036246776581,0.40900078415870667,Mistral-7B,2025-05-22T11:07:22.259036,7300000000,2,685,code
"wiki: Authority ultimately rests solely on power, regardless of whether that power is open or transparent, as it still has the ability to coerce people.",1.0,512,0,1747903628.7799616,2025-05-22T08:47:08.779967,0.2517291009426117,0.40511080622673035,Mistral-7B,2025-05-22T11:07:22.350922,7300000000,3,685,wiki
"code: Explain what this code does:
def function_96(x): return x * 2",1.0,512,0,1747903636.9105034,2025-05-22T08:47:16.910509,0.25368282198905945,0.40611109137535095,Mistral-7B,2025-05-22T11:07:22.475327,7300000000,4,685,code
"code: Explain what this code does:
def function_90(x): return x * 2",1.0,512,1,1747903756.4041064,2025-05-22T08:49:16.404111,0.26925453543663025,0.41151899099349976,Mistral-7B,2025-05-22T11:07:23.934239,7300000000,0,690,code
"wiki: As people are often sized up initially from their basic language skills, these studies suggest that people speaking to autistic individuals are more likely to overestimate what their audience comprehends.",1.0,512,1,1747903764.172295,2025-05-22T08:49:24.172302,0.25111693143844604,0.3886566758155823,Mistral-7B,2025-05-22T11:07:24.028013,7300000000,1,690,wiki
wiki: A significant event of this period was the confrontations at the 1999 Seattle WTO conference.,1.0,512,1,1747903769.0214863,2025-05-22T08:49:29.021492,0.2592620551586151,0.40159064531326294,Mistral-7B,2025-05-22T11:07:24.119370,7300000000,2,690,wiki
fiction: What adaptation is necessary in intertidal ecosystems but not in reef ecosystems? (Answer: C),1.0,512,1,1747903770.4326766,2025-05-22T08:49:30.432682,0.26205316185951233,0.4041941463947296,Mistral-7B,2025-05-22T11:07:24.233283,7300000000,3,690,fiction
"wiki: It had not redistricted congressional districts since passage of its constitution in 1901; as a result, urbanized areas were grossly underrepresented.",1.0,512,1,1747903778.466545,2025-05-22T08:49:38.466551,0.2631513476371765,0.4047439396381378,Mistral-7B,2025-05-22T11:07:24.341399,7300000000,4,690,wiki
"wiki: More than half of US children diagnosed with ASD are prescribed psychoactive drugs or anticonvulsants, with the most common drug classes being antidepressants, stimulants, and antipsychotics.",1.0,512,0,1747903645.9565246,2025-05-22T08:47:25.956530,0.24895614385604858,0.40106379985809326,Mistral-7B,2025-05-22T11:07:25.791149,7300000000,0,690,wiki
fiction: In which taxonomic group are organisms found that share the characteristic of storing hereditary material in a single loop of DNA? (Answer: A),1.0,512,0,1747903647.6258457,2025-05-22T08:47:27.625852,0.2448563128709793,0.3946133852005005,Mistral-7B,2025-05-22T11:07:25.875148,7300000000,1,690,fiction
"news: The white male with them was identified as Charles Edward Sinard, age 39, a transient.",1.0,512,0,1747903657.0885832,2025-05-22T08:47:37.088589,0.22604718804359436,0.3695444166660309,Mistral-7B,2025-05-22T11:07:25.956168,7300000000,2,690,news
"code: Explain what this code does:
def function_11(x): return x * 2",1.0,512,0,1747903665.8001232,2025-05-22T08:47:45.800129,0.258015513420105,0.4124021530151367,Mistral-7B,2025-05-22T11:07:26.054051,7300000000,3,690,code
fiction: Rubbing sandpaper on a piece of wood produces what two types of energy? (Answer: B),1.0,512,0,1747903667.641513,2025-05-22T08:47:47.641518,0.25533685088157654,0.4096331000328064,Mistral-7B,2025-05-22T11:07:26.151248,7300000000,4,690,fiction
"wiki: Its name in English is a (pronounced ), plural aes.",1.0,512,0,1747903675.8820126,2025-05-22T08:47:55.882018,0.23561763763427734,0.3822614252567291,Mistral-7B,2025-05-22T11:07:27.698695,7300000000,0,695,wiki
"news: It's not a story ballet per say, but there is a story from beginning to end.",1.0,512,0,1747903684.0457723,2025-05-22T08:48:04.045777,0.2430446445941925,0.39131298661231995,Mistral-7B,2025-05-22T11:07:27.804405,7300000000,1,695,news
"wiki: This entails that liberty and equality cannot be implemented within the state, resulting in the questioning of all forms of domination and hierarchy.",1.0,512,0,1747903689.4919224,2025-05-22T08:48:09.491928,0.2493477463722229,0.40227943658828735,Mistral-7B,2025-05-22T11:07:27.902649,7300000000,2,695,wiki
"wiki: CDC estimates about 1 out of 59 (1.7%) for 2014, an increase from 1 out of every 68 children (1.5%) for 2010.",1.0,512,0,1747903698.0094883,2025-05-22T08:48:18.009494,0.2420623004436493,0.3910438120365143,Mistral-7B,2025-05-22T11:07:27.998113,7300000000,3,695,wiki
"code: Explain what this code does:
def function_97(x): return x * 2",1.0,512,0,1747903706.432249,2025-05-22T08:48:26.432255,0.2531464993953705,0.40537360310554504,Mistral-7B,2025-05-22T11:07:28.105215,7300000000,4,695,code
"fiction: During most of the year, the air over Boston, Massachusetts, contains a high amount of moisture. Which of the following best explains why there is a high amount of moisture in the air? (Answer: A)",1.0,512,1,1747903787.2257104,2025-05-22T08:49:47.225715,0.2715372145175934,0.4162447452545166,Mistral-7B,2025-05-22T11:07:29.609831,7300000000,0,695,fiction
"wiki: While employers state hiring concerns about productivity and supervision, experienced employers of autistic people give positive reports of above average memory and detail orientation as well as a high regard for rules and procedure in autistic employees.",1.0,512,1,1747903795.5468287,2025-05-22T08:49:55.546834,0.24782977998256683,0.38495302200317383,Mistral-7B,2025-05-22T11:07:29.720013,7300000000,1,695,wiki
"wiki: The latter is commonly used in handwriting and fonts based on it, especially fonts intended to be read by children, and is also found in italic type.",1.0,512,1,1747903803.8473885,2025-05-22T08:50:03.847393,0.2548234760761261,0.39378127455711365,Mistral-7B,2025-05-22T11:07:29.829797,7300000000,2,695,wiki
"wiki: Beyond the specific factions of anarchist movements which constitute political anarchism lies philosophical anarchism which holds that the state lacks moral legitimacy, without necessarily accepting the imperative of revolution to eliminate it.",1.0,512,1,1747903812.1444411,2025-05-22T08:50:12.144446,0.2527119815349579,0.39234626293182373,Mistral-7B,2025-05-22T11:07:29.937154,7300000000,3,695,wiki
news: Password policies Passwords remain a common digital entry point into an organization for hackers.,1.0,512,1,1747903820.5034332,2025-05-22T08:50:20.503440,0.2627750635147095,0.40322303771972656,Mistral-7B,2025-05-22T11:07:30.046853,7300000000,4,695,news
"wiki: In the last decades of the 20th and into the 21st century, the anarchist movement has been resurgent once more.",1.0,512,0,1747903715.3450496,2025-05-22T08:48:35.345055,0.24362584948539734,0.3937997817993164,Mistral-7B,2025-05-22T11:07:31.499577,7300000000,0,700,wiki
"news: ""One of the easiest ways to breach a company is to put somebody on the janitorial staff and go looking at desks,"" Rickard said.",1.0,512,0,1747903723.0664594,2025-05-22T08:48:43.066465,0.2469083070755005,0.39919134974479675,Mistral-7B,2025-05-22T11:07:31.587619,7300000000,1,700,news
wiki: The authors concluded that a longer duration of the diet may be necessary to achieve the improvement of the ASD symptoms.,1.0,512,0,1747903731.0787184,2025-05-22T08:48:51.078723,0.2426750659942627,0.39421093463897705,Mistral-7B,2025-05-22T11:07:31.676051,7300000000,2,700,wiki
"wiki: There are many anecdotal reports, but few systematic studies, of aggression and violence in individuals with ASD.",1.0,512,0,1747903735.4426892,2025-05-22T08:48:55.442694,0.24656033515930176,0.39775392413139343,Mistral-7B,2025-05-22T11:07:31.764201,7300000000,3,700,wiki
wiki: The judiciary is responsible for interpreting the Constitution of Alabama and applying the law in state criminal and civil cases.,1.0,512,0,1747903743.9356136,2025-05-22T08:49:03.935619,0.259231299161911,0.41669216752052307,Mistral-7B,2025-05-22T11:07:31.847783,7300000000,4,700,wiki
"wiki: In this article, autism refers to the classic autistic disorder; in clinical practice, though, autism, ASD, and PDD are often used interchangeably.",1.0,512,1,1747903829.417973,2025-05-22T08:50:29.417979,0.26368576288223267,0.40633872151374817,Mistral-7B,2025-05-22T11:07:33.347960,7300000000,0,700,wiki
"news: Here are five types of policies that companies must ensure they have in place and have trained employees on in the age of GDPR, according to Rickard.",1.0,512,1,1747903837.7227566,2025-05-22T08:50:37.722761,0.26979467272758484,0.41332346200942993,Mistral-7B,2025-05-22T11:07:33.430294,7300000000,1,700,news
wiki: Alabama was heavily involved in the American Civil War.,1.0,512,1,1747903845.9842548,2025-05-22T08:50:45.984259,0.2670621871948242,0.4101313054561615,Mistral-7B,2025-05-22T11:07:33.507866,7300000000,2,700,wiki
"wiki: About 8.167% of letters used in English texts tend to be ; the number is around 7.636% in French, 11.525% in Spanish, and 14.634% for Portuguese.",1.0,512,1,1747903854.3897266,2025-05-22T08:50:54.389731,0.259303480386734,0.399193674325943,Mistral-7B,2025-05-22T11:07:33.667943,7300000000,3,700,wiki
"news: Following the Vaganova method, classes are strict and focus on precise positions and placement.",1.0,512,1,1747903862.6223683,2025-05-22T08:51:02.622373,0.26507285237312317,0.4066043198108673,Mistral-7B,2025-05-22T11:07:33.787259,7300000000,4,700,news
wiki: It is used to define scattering of electromagnetic waves on small particles.,1.0,512,0,1747903750.4391792,2025-05-22T08:49:10.439186,0.253676176071167,0.40840160846710205,Mistral-7B,2025-05-22T11:07:35.347934,7300000000,0,705,wiki
"news: Former Royal Danish Ballet artistic director Frank Andersen has been a guest teacher at the school since 2002, and was awarded a professorship in 2012.",1.0,512,0,1747903759.220142,2025-05-22T08:49:19.220147,0.24337303638458252,0.39191699028015137,Mistral-7B,2025-05-22T11:07:35.455658,7300000000,1,705,news
wiki: Masking may include making oneself perform normative facial expressions and eye contact.,1.0,512,0,1747903767.6021733,2025-05-22T08:49:27.602178,0.24050508439540863,0.38896405696868896,Mistral-7B,2025-05-22T11:07:35.563324,7300000000,2,705,wiki
wiki: This line of arguments most often calls for political action within the system to reform it.,1.0,512,0,1747903774.673403,2025-05-22T08:49:34.673409,0.23703275620937347,0.3833672106266022,Mistral-7B,2025-05-22T11:07:35.667126,7300000000,3,705,wiki
news: There are two key differences between SAR requests made under the Data Privacy Act and those made under GDPR: The cost and time frame.,1.0,512,0,1747903782.8660517,2025-05-22T08:49:42.866057,0.24959008395671844,0.40138497948646545,Mistral-7B,2025-05-22T11:07:35.775819,7300000000,4,705,news
"wiki: Society and culture  An autistic culture has emerged, accompanied by the autistic rights and neurodiversity movements.",1.0,512,1,1747903871.3852892,2025-05-22T08:51:11.385295,0.26438605785369873,0.405856192111969,Mistral-7B,2025-05-22T11:07:37.294050,7300000000,0,705,wiki
"code: Explain what this code does:
def function_7(x): return x * 2",1.0,512,1,1747903879.5791707,2025-05-22T08:51:19.579176,0.2734253406524658,0.4174731969833374,Mistral-7B,2025-05-22T11:07:37.403546,7300000000,1,705,code
"wiki: Sample symptoms include lack of social or emotional reciprocity, stereotyped and repetitive use of language or idiosyncratic language, and persistent preoccupation with unusual objects.",1.0,512,1,1747903886.5858169,2025-05-22T08:51:26.585822,0.26098424196243286,0.40218186378479004,Mistral-7B,2025-05-22T11:07:37.511674,7300000000,2,705,wiki
"wiki: In response to the army rebellion, an anarchist-inspired movement of peasants and workers, supported by armed militias, took control of Barcelona and of large areas of rural Spain, where they collectivised the land.",1.0,512,1,1747903894.1149416,2025-05-22T08:51:34.114947,0.25066548585891724,0.3885110020637512,Mistral-7B,2025-05-22T11:07:37.628488,7300000000,3,705,wiki
"news: From Page to Stage In 1892 St. Petersburg, choreographer Marius Petipa and composer Pyotr Ilyich Tchaikovsky pulled the story off the page and onto the stage of the Mariinsky Theatre.",1.0,512,1,1747903902.3485477,2025-05-22T08:51:42.348553,0.26817432045936584,0.41139593720436096,Mistral-7B,2025-05-22T11:07:37.743472,7300000000,4,705,news
news: A BOLO was put out to local law enforcement on the vehicles.,1.0,512,0,1747903791.518618,2025-05-22T08:49:51.518624,0.2442183643579483,0.39397764205932617,Mistral-7B,2025-05-22T11:07:39.228711,7300000000,0,710,news
"news: Stage Time Performance is the most important aspect of BDA students' professional development, with annual productions featuring classical ballets, contemporary works and student choreography.",1.0,512,0,1747903799.7645116,2025-05-22T08:49:59.764517,0.24090954661369324,0.38927969336509705,Mistral-7B,2025-05-22T11:07:39.317516,7300000000,1,710,news
"news: NBoC's new work, titled Frame by Frame, will run June 1-10 in Toronto.",1.0,512,0,1747903808.0355406,2025-05-22T08:50:08.035545,0.23286619782447815,0.3801225423812866,Mistral-7B,2025-05-22T11:07:39.397545,7300000000,2,710,news
wiki: The glint of light off water is a commonplace effect of this.,1.0,512,0,1747903816.3086612,2025-05-22T08:50:16.308667,0.22476190328598022,0.3671899735927582,Mistral-7B,2025-05-22T11:07:39.477946,7300000000,3,710,wiki
"wiki: Alabama has been identified as one of the most religious states in the United States, with about 58% of the population attending church regularly.",1.0,512,0,1747903817.8626463,2025-05-22T08:50:17.862652,0.2370871901512146,0.3833285868167877,Mistral-7B,2025-05-22T11:07:39.571671,7300000000,4,710,wiki
"wiki: Diagnosis Diagnosis is based on behavior, not cause or mechanism.",1.0,512,1,1747903910.9398608,2025-05-22T08:51:50.939866,0.2653270363807678,0.4075707197189331,Mistral-7B,2025-05-22T11:07:41.043380,7300000000,0,710,wiki
"wiki: A common criticism against autistic activists is that the majority of them are ""high-functioning"" or have Asperger syndrome and do not represent the views of ""low-functioning"" autistic people.",1.0,512,1,1747903919.137935,2025-05-22T08:51:59.137939,0.26760444045066833,0.41140687465667725,Mistral-7B,2025-05-22T11:07:41.131088,7300000000,1,710,wiki
"wiki: The rural-dominated Alabama legislature consistently underfunded schools and services for the disenfranchised African Americans, but it did not relieve them of paying taxes.",1.0,512,1,1747903927.3493557,2025-05-22T08:52:07.349360,0.2613854706287384,0.4057692587375641,Mistral-7B,2025-05-22T11:07:41.214955,7300000000,2,710,wiki
"wiki: Overall, contemporary anarchists are much less violent and militant than their ideological ancestors.",1.0,512,1,1747903935.1639087,2025-05-22T08:52:15.163914,0.2612200081348419,0.40286925435066223,Mistral-7B,2025-05-22T11:07:41.324438,7300000000,3,710,wiki
"wiki: As new genetic tests are developed several ethical, legal, and social issues will emerge.",1.0,512,1,1747903943.177953,2025-05-22T08:52:23.177959,0.26489880681037903,0.4069695472717285,Mistral-7B,2025-05-22T11:07:41.417324,7300000000,4,710,wiki
wiki: It has been in operation since 1929.,1.0,512,1,1747903951.581145,2025-05-22T08:52:31.581151,0.26713821291923523,0.4116802215576172,Mistral-7B,2025-05-22T11:07:42.869700,7300000000,0,715,wiki
"news: Although you might find systems with more features (and a more powerful configuration system), Trac is very simple to set up and use.",1.0,512,1,1747903959.6276033,2025-05-22T08:52:39.627609,0.25930559635162354,0.3992597460746765,Mistral-7B,2025-05-22T11:07:42.948783,7300000000,1,715,news
"wiki: Many individuals with ASD show superior skills in perception and attention, relative to the general population.",1.0,512,1,1747903967.6634564,2025-05-22T08:52:47.663462,0.2683805227279663,0.41235798597335815,Mistral-7B,2025-05-22T11:07:43.028653,7300000000,2,715,wiki
news: Figure A You can now go to Preferences and configure your installation of Trac.,1.0,512,1,1747903975.8222873,2025-05-22T08:52:55.822292,0.2717569172382355,0.4169328212738037,Mistral-7B,2025-05-22T11:07:43.145597,7300000000,3,715,news
fiction: Which of these would most likely improve the air quality in large Texas cities? (Answer: A),1.0,512,1,1747903981.8783147,2025-05-22T08:53:01.878320,0.27006104588508606,0.41407835483551025,Mistral-7B,2025-05-22T11:07:43.229069,7300000000,4,715,fiction
wiki: Variants also existed that were intermediate between the monumental and cursive styles.,1.0,512,0,1747903825.8136172,2025-05-22T08:50:25.813623,0.24025948345661163,0.39019066095352173,Mistral-7B,2025-05-22T11:07:44.728728,7300000000,0,715,wiki
wiki: Anti-capitalism Anti-fascism Economic ideologies Left-wing politics Libertarian socialism Libertarianism Political culture Political movements Political ideologies Social theories Socialism Far-left politics,1.0,512,0,1747903833.9334352,2025-05-22T08:50:33.933440,0.24396581947803497,0.3929978609085083,Mistral-7B,2025-05-22T11:07:44.808691,7300000000,1,715,wiki
"code: Explain what this code does:
def function_71(x): return x * 2",1.0,512,0,1747903842.0253313,2025-05-22T08:50:42.025336,0.24825996160507202,0.39788147807121277,Mistral-7B,2025-05-22T11:07:44.887005,7300000000,2,715,code
"wiki: Sexual violence was a concern for anarchists such as Benjamin Tucker, who opposed age of consent laws, believing they would benefit predatory men.",1.0,512,0,1747903850.2258909,2025-05-22T08:50:50.225896,0.24098102748394012,0.38866519927978516,Mistral-7B,2025-05-22T11:07:44.964657,7300000000,3,715,wiki
"wiki: Typically, autism cannot be traced to a Mendelian (single-gene) mutation or to a single chromosome abnormality, and none of the genetic syndromes associated with ASDs have been shown to selectively cause ASD.",1.0,512,0,1747903858.5353453,2025-05-22T08:50:58.535351,0.2476622462272644,0.3982059359550476,Mistral-7B,2025-05-22T11:07:45.047224,7300000000,4,715,wiki
"code: Explain what this code does:
def function_74(x): return x * 2",1.0,512,0,1747903867.2082574,2025-05-22T08:51:07.208263,0.2566874027252197,0.41058549284935,Mistral-7B,2025-05-22T11:07:46.524382,7300000000,0,720,code
news: Demarko Johnson and Johnathan Johnson were able to find McNeight at a gas station at Magnolia Beach Road and Thomas Drive.,1.0,512,0,1747903875.3929162,2025-05-22T08:51:15.392921,0.2346222698688507,0.3814657926559448,Mistral-7B,2025-05-22T11:07:46.612509,7300000000,1,720,news
"wiki: In May 2013, the DSM-5 was released, updating the classification for pervasive developmental disorders.",1.0,512,0,1747903883.6483312,2025-05-22T08:51:23.648336,0.24709124863147736,0.3993057608604431,Mistral-7B,2025-05-22T11:07:46.701885,7300000000,2,720,wiki
"code: Explain what this code does:
def function_98(x): return x * 2",1.0,512,0,1747903889.131029,2025-05-22T08:51:29.131034,0.25449585914611816,0.4076513946056366,Mistral-7B,2025-05-22T11:07:46.789148,7300000000,3,720,code
"wiki: While part of the same large language family, the Muskogee tribes developed distinct cultures and languages.",1.0,512,0,1747903897.47012,2025-05-22T08:51:37.470126,0.24198468029499054,0.3921666741371155,Mistral-7B,2025-05-22T11:07:46.869402,7300000000,4,720,wiki
"wiki: Tactics  Anarchists' tactics take various forms but in general serve two major goals, namely to first oppose the Establishment and secondly to promote anarchist ethics and reflect an anarchist vision of society, illustrating the unity of means and ends.",1.0,512,1,1747903991.0743403,2025-05-22T08:53:11.074346,0.255740761756897,0.3961745500564575,Mistral-7B,2025-05-22T11:07:48.318645,7300000000,0,720,wiki
"code: Explain what this code does:
def function_21(x): return x * 2",1.0,512,1,1747903999.3805823,2025-05-22T08:53:19.380589,0.2716948390007019,0.4155515432357788,Mistral-7B,2025-05-22T11:07:48.399341,7300000000,1,720,code
"fiction: According to a pH scale, which pH would be the strongest acid? (Answer: A)",1.0,512,1,1747904000.8136594,2025-05-22T08:53:20.813666,0.2699332535266876,0.4139131009578705,Mistral-7B,2025-05-22T11:07:48.478663,7300000000,2,720,fiction
news: New York City Ballet continues its first year without Peter Martins at the helm as our spring season opens tonight.,1.0,512,1,1747904011.2681696,2025-05-22T08:53:31.268176,0.2610240876674652,0.40288445353507996,Mistral-7B,2025-05-22T11:07:48.571234,7300000000,3,720,news
fiction: Which statement best compares single-celled and multi-celled organisms? (Answer: C),1.0,512,1,1747904020.60894,2025-05-22T08:53:40.608946,0.2777180075645447,0.42493629455566406,Mistral-7B,2025-05-22T11:07:48.650793,7300000000,4,720,fiction
"news: The four-person group is made up of members of the company's current artistic staff, led by ballet master and former principal dancer Jonathan Stafford.",1.0,512,1,1747904029.8423233,2025-05-22T08:53:49.842329,0.2533070147037506,0.3947616219520569,Mistral-7B,2025-05-22T11:07:50.124331,7300000000,0,725,news
"wiki: Self-injury: Behaviors such as eye-poking, skin-picking, hand-biting and head-banging.",1.0,512,1,1747904038.175366,2025-05-22T08:53:58.175371,0.2560423016548157,0.396394819021225,Mistral-7B,2025-05-22T11:07:50.206130,7300000000,1,725,wiki
"news: I've noticed it the most during dress rehearsals, particularly for Balanchine ballets.",1.0,512,1,1747904046.4520957,2025-05-22T08:54:06.452102,0.2574033737182617,0.39594000577926636,Mistral-7B,2025-05-22T11:07:50.286691,7300000000,2,725,news
fiction: Which of these is not an inherited trait in humans? (Answer: D),1.0,512,1,1747904052.0435748,2025-05-22T08:54:12.043580,0.26423415541648865,0.4058670699596405,Mistral-7B,2025-05-22T11:07:50.367009,7300000000,3,725,fiction
wiki: How autism occurs is not well understood.,1.0,512,1,1747904060.465708,2025-05-22T08:54:20.465713,0.2645895481109619,0.40683889389038086,Mistral-7B,2025-05-22T11:07:50.447070,7300000000,4,725,wiki
news: The AWS Certified Security - Specialty Exam is now available to those who hold either an Associate or Cloud Practitioner certification from AWS.,1.0,512,0,1747903906.4501095,2025-05-22T08:51:46.450115,0.25510096549987793,0.4086681008338928,Mistral-7B,2025-05-22T11:07:51.950300,7300000000,0,725,news
wiki: Anarchism pays significant attention to moral arguments since ethics have a central role in anarchist philosophy.,1.0,512,0,1747903914.7567346,2025-05-22T08:51:54.756740,0.24433819949626923,0.3942495286464691,Mistral-7B,2025-05-22T11:07:52.080365,7300000000,1,725,wiki
"wiki: Despite African Americans making up a significant minority in the state, they had been unable to elect any representatives in most of the at-large jurisdictions.",1.0,512,0,1747903923.023397,2025-05-22T08:52:03.023402,0.24819602072238922,0.3997666835784912,Mistral-7B,2025-05-22T11:07:52.183916,7300000000,2,725,wiki
"wiki: Epidemiology  As of 2007, reviews estimate a prevalence of 1–2 per 1,000 for autism and close to 6 per 1,000 for ASD.",1.0,512,0,1747903930.1875253,2025-05-22T08:52:10.187531,0.24331532418727875,0.3927004337310791,Mistral-7B,2025-05-22T11:07:52.285476,7300000000,3,725,wiki
"news: Stay informed, click here to subscribe to the TechRepublic Cloud Insights newsletter.",1.0,512,0,1747903938.5285304,2025-05-22T08:52:18.528535,0.24628816545009613,0.3957839608192444,Mistral-7B,2025-05-22T11:07:52.363540,7300000000,4,725,news
"wiki: The Hunt Refining Company, a subsidiary of Hunt Consolidated, Inc., is based in Tuscaloosa and operates a refinery there.",1.0,512,0,1747903946.7341862,2025-05-22T08:52:26.734191,0.2434828281402588,0.39358410239219666,Mistral-7B,2025-05-22T11:07:53.823469,7300000000,0,730,wiki
"news: James Dean Riles, the other transient, was unable to cash his fraudulent check at the first bank, and was taken by Clarence Suggs and Reginald Hughes to a second bank where he was successful.",1.0,512,0,1747903955.1122453,2025-05-22T08:52:35.112251,0.2236211895942688,0.3661041557788849,Mistral-7B,2025-05-22T11:07:53.904279,7300000000,1,730,news
"wiki: NASA's Marshall Space Flight Center in Huntsville would help Alabama's economic growth in the mid-to-late 20th century, by developing an aerospace industry.",1.0,512,0,1747903963.4534948,2025-05-22T08:52:43.453500,0.24803034961223602,0.4010567367076874,Mistral-7B,2025-05-22T11:07:53.981698,7300000000,2,730,wiki
"code: Explain what this code does:
def function_25(x): return x * 2",1.0,512,0,1747903971.7036722,2025-05-22T08:52:51.703677,0.25823867321014404,0.4132786691188812,Mistral-7B,2025-05-22T11:07:54.091486,7300000000,3,730,code
"news: That's how SFB describes their upcoming tribute to Jerome Robbins, March 20-25.",1.0,512,0,1747903979.898227,2025-05-22T08:52:59.898232,0.2482748180627823,0.40205118060112,Mistral-7B,2025-05-22T11:07:54.183879,7300000000,4,730,news
"news: Between run-throughs, each fastidiously practices difficult sections, never satisfied with the results.",1.0,512,1,1747904069.5353777,2025-05-22T08:54:29.535383,0.26351094245910645,0.4068966805934906,Mistral-7B,2025-05-22T11:07:55.703635,7300000000,0,730,news
wiki: Alabama receives an average of  of rainfall annually and enjoys a lengthy growing season of up to 300 days in the southern part of the state.,1.0,512,1,1747904074.6657612,2025-05-22T08:54:34.665767,0.2696480453014374,0.41336947679519653,Mistral-7B,2025-05-22T11:07:55.785729,7300000000,1,730,wiki
news: There's just an amazing sense of trust and spontaneity; I feel so connected when I'm out there.,1.0,512,1,1747904083.4374018,2025-05-22T08:54:43.437407,0.2511959373950958,0.3914201855659485,Mistral-7B,2025-05-22T11:07:55.862836,7300000000,2,730,news
fiction: Cellular respiration results in the production of adenosine triphosphate (ATP) molecules for energy. The most efficient form of cellular respiration would result in the production of ATP along with which substances? (Answer: D),1.0,512,1,1747904085.760248,2025-05-22T08:54:45.760254,0.2651402950286865,0.4085629880428314,Mistral-7B,2025-05-22T11:07:55.941960,7300000000,3,730,fiction
fiction: The source of energy for the Earth's water cycle is the (Answer: B),1.0,512,1,1747904087.6931012,2025-05-22T08:54:47.693107,0.26074302196502686,0.4026699364185333,Mistral-7B,2025-05-22T11:07:56.049105,7300000000,4,730,fiction
"wiki: Their values can differ significantly, which is a common source of confusion.",1.0,512,0,1747903987.4464955,2025-05-22T08:53:07.446501,0.24425849318504333,0.39506277441978455,Mistral-7B,2025-05-22T11:07:57.535691,7300000000,0,735,wiki
news: 1.,1.0,512,0,1747903995.5150585,2025-05-22T08:53:15.515064,0.24614785611629486,0.39753755927085876,Mistral-7B,2025-05-22T11:07:57.631960,7300000000,1,735,news
"wiki: Bryant–Denny Stadium is the home of the Alabama football team, and has a seating capacity of 101,821, and is the fifth largest stadium in America.",1.0,512,0,1747904000.465826,2025-05-22T08:53:20.465830,0.2503034770488739,0.4022769331932068,Mistral-7B,2025-05-22T11:07:57.723237,7300000000,2,735,wiki
"wiki: Construction of an Airbus A320 family aircraft assembly plant in Mobile was formally announced by Airbus CEO Fabrice Brégier from the Mobile Convention Center on July 2, 2012.",1.0,512,0,1747904010.7596123,2025-05-22T08:53:30.759618,0.2415737509727478,0.38935229182243347,Mistral-7B,2025-05-22T11:07:57.815011,7300000000,3,735,wiki
"news: Additionally, compliance and security whitepapers will also help prepare would-be test takers.",1.0,512,0,1747904019.2667456,2025-05-22T08:53:39.266753,0.24031266570091248,0.38782528042793274,Mistral-7B,2025-05-22T11:07:57.906882,7300000000,4,735,news
wiki: Joseph Raz states that the acceptance of authority implies the belief that following their instructions will afford more success.,1.0,512,1,1747904095.3155584,2025-05-22T08:54:55.315564,0.25298169255256653,0.3910899758338928,Mistral-7B,2025-05-22T11:07:59.395009,7300000000,0,735,wiki
"code: Explain what this code does:
def function_53(x): return x * 2",1.0,512,1,1747904102.83547,2025-05-22T08:55:02.835476,0.2718285322189331,0.4154300391674042,Mistral-7B,2025-05-22T11:07:59.478077,7300000000,1,735,code
"wiki: By the 9th century, the Caroline script, which was very similar to the present-day form, was the principal form used in book-making, before the advent of the printing press.",1.0,512,1,1747904110.9406192,2025-05-22T08:55:10.940625,0.25691479444503784,0.39663681387901306,Mistral-7B,2025-05-22T11:07:59.560570,7300000000,2,735,wiki
news: Subscribe Also see,1.0,512,1,1747904118.9194398,2025-05-22T08:55:18.919445,0.262362539768219,0.4040853679180145,Mistral-7B,2025-05-22T11:07:59.644159,7300000000,3,735,news
"news: Offered in two different styles and either 2.5"" or 3"" heels, top industry professionals are loving how versatile and supportive these shoes are!",1.0,512,1,1747904127.1816688,2025-05-22T08:55:27.181674,0.2618902027606964,0.40402859449386597,Mistral-7B,2025-05-22T11:07:59.727919,7300000000,4,735,news
wiki: Over Antarctica snow albedo averages a little more than 0.8.,1.0,512,1,1747904136.0688212,2025-05-22T08:55:36.068827,0.26925548911094666,0.4139682948589325,Mistral-7B,2025-05-22T11:08:01.186066,7300000000,0,740,wiki
"wiki: This benefited the urban areas that had developed, as well as all in the population who had been underrepresented for more than sixty years.",1.0,512,1,1747904144.431549,2025-05-22T08:55:44.431555,0.2598428726196289,0.4025936424732208,Mistral-7B,2025-05-22T11:08:01.266162,7300000000,1,740,wiki
news: Log in with the user admin and the password you set when you created admin user earlier.,1.0,512,1,1747904152.6883407,2025-05-22T08:55:52.688346,0.26287999749183655,0.4025998115539551,Mistral-7B,2025-05-22T11:08:01.345650,7300000000,2,740,news
"wiki: Williams, Benjamin Buford.",1.0,512,1,1747904161.0244532,2025-05-22T08:56:01.024458,0.2655773460865021,0.4087941348552704,Mistral-7B,2025-05-22T11:08:01.424165,7300000000,3,740,wiki
"fiction: One evening as it is getting dark, Alex sits on the front porch and watches the sun slowly disappear behind the neighbor's house across the street. Which explains this observation? (Answer: D)",1.0,512,1,1747904166.2922685,2025-05-22T08:56:06.292275,0.2631666660308838,0.4042305052280426,Mistral-7B,2025-05-22T11:08:01.502000,7300000000,4,740,fiction
news: The Bay County Sheriff’s Office announced the arrest of a local man on charges he committed sexual battery on a child.,1.0,512,0,1747904026.8703668,2025-05-22T08:53:46.870373,0.2508268654346466,0.4021603465080261,Mistral-7B,2025-05-22T11:08:02.959100,7300000000,0,740,news
wiki: The current state constitution requires a voter referendum to raise property taxes.,1.0,512,0,1747904034.6351492,2025-05-22T08:53:54.635155,0.24659639596939087,0.3972885012626648,Mistral-7B,2025-05-22T11:08:03.091355,7300000000,1,740,wiki
"wiki: At the end of the Roman Empire (5th century AD), several variants of the cursive minuscule developed through Western Europe.",1.0,512,0,1747904042.657828,2025-05-22T08:54:02.657833,0.2449047565460205,0.3948664367198944,Mistral-7B,2025-05-22T11:08:03.215303,7300000000,2,740,wiki
"wiki: Maternal inflammatory and autoimmune diseases may damage fetal tissues, aggravating a genetic problem or damaging the nervous system.",1.0,512,0,1747904048.8663943,2025-05-22T08:54:08.866399,0.24064376950263977,0.38889744877815247,Mistral-7B,2025-05-22T11:08:03.318460,7300000000,3,740,wiki
"wiki: In some years, it imposes more death sentences than does Texas, a state which has a population five times larger.",1.0,512,0,1747904056.626267,2025-05-22T08:54:16.626272,0.23835474252700806,0.3850422203540802,Mistral-7B,2025-05-22T11:08:03.411142,7300000000,4,740,wiki
news: And then the last third is basically just direct quotes from his films and bringing them back to life.,1.0,512,1,1747904175.6609678,2025-05-22T08:56:15.660973,0.25587955117225647,0.3959393799304962,Mistral-7B,2025-05-22T11:08:04.861478,7300000000,0,745,news
"news: The Bolshoi Premiere of John Neumeier's Anna Karenina Last July Hamburg Ballet presented the world premiere of John Neumeier's Anna Karenina, a modern adaptation on Leo Tolstoy's famous novel.",1.0,512,1,1747904183.505989,2025-05-22T08:56:23.505994,0.27176669239997864,0.41703444719314575,Mistral-7B,2025-05-22T11:08:04.943030,7300000000,1,745,news
"news: The device is smaller than a credit card, has no moving parts, generates no heat, is wall-mountable, is powered by a standard USB (or included mini USB), and offers a standard ethernet connection.",1.0,512,1,1747904191.7826083,2025-05-22T08:56:31.782613,0.25817474722862244,0.3983420431613922,Mistral-7B,2025-05-22T11:08:05.025246,7300000000,2,745,news
wiki: The atypical antipsychotic drugs risperidone and aripiprazole are FDA-approved for treating associated aggressive and self-injurious behaviors.,1.0,512,1,1747904193.236764,2025-05-22T08:56:33.236769,0.2618281841278076,0.40557610988616943,Mistral-7B,2025-05-22T11:08:05.142580,7300000000,3,745,wiki
"wiki: Different types of clouds exhibit different reflectivity, theoretically ranging in albedo from a minimum of near 0 to a maximum approaching 0.8.",1.0,512,1,1747904200.8582313,2025-05-22T08:56:40.858236,0.2618680000305176,0.4044102430343628,Mistral-7B,2025-05-22T11:08:05.228081,7300000000,4,745,wiki
"news: It's part of my individuality,'"" he said.",1.0,512,0,1747904065.2494779,2025-05-22T08:54:25.249483,0.2405080795288086,0.38688594102859497,Mistral-7B,2025-05-22T11:08:06.707280,7300000000,0,745,news
"wiki: By 1941 more Whites than Blacks had been disenfranchised: 600,000 to 520,000.",1.0,512,0,1747904073.6946456,2025-05-22T08:54:33.694651,0.23341421782970428,0.37991634011268616,Mistral-7B,2025-05-22T11:08:06.787044,7300000000,1,745,wiki
"wiki: Water ports of Alabama, listed from north to south:  See also   Index of Alabama-related articles  Outline of Alabama—organized list of topics about Alabama  Notes  References  Further reading   Atkins, Leah Rawls, Wayne Flynt, William Warren Rogers, and David Ward.",1.0,512,0,1747904080.9013853,2025-05-22T08:54:40.901391,0.22322574257850647,0.3643907904624939,Mistral-7B,2025-05-22T11:08:06.863766,7300000000,2,745,wiki
"news: The partnership is known for creatively intersecting design and dance; last summer they created a swimwear line based on Justin Peck costumes, and in November they presented their design-driven Nutcracker.",1.0,512,0,1747904089.085984,2025-05-22T08:54:49.085990,0.22550630569458008,0.36797502636909485,Mistral-7B,2025-05-22T11:08:06.941253,7300000000,3,745,news
"news: The big takeaways for tech leaders: Qualcomm has unveiled the Snapdragon XR1 chip, which could bring high-quality AR and VR experiences to more users, at a lower cost.",1.0,512,0,1747904097.6893713,2025-05-22T08:54:57.689376,0.24648478627204895,0.3990621268749237,Mistral-7B,2025-05-22T11:08:07.017463,7300000000,4,745,news
wiki: The Etruscans brought the Greek alphabet to their civilization in the Italian Peninsula and left the letter unchanged.,1.0,512,0,1747904106.4742332,2025-05-22T08:55:06.474238,0.23696154356002808,0.38530248403549194,Mistral-7B,2025-05-22T11:08:08.507391,7300000000,0,750,wiki
news: P A men's classical Chinese dance class.,1.0,512,0,1747904114.7328942,2025-05-22T08:55:14.732908,0.24238267540931702,0.393558144569397,Mistral-7B,2025-05-22T11:08:08.611288,7300000000,1,750,news
"wiki: During and after World War II, Alabama grew as the state's economy diversified with new industries.",1.0,512,0,1747904122.971765,2025-05-22T08:55:22.971770,0.23688170313835144,0.3831448256969452,Mistral-7B,2025-05-22T11:08:08.699189,7300000000,2,750,wiki
"fiction: Based on their locations in the periodic table, which element has chemical properties most similar to those of calcium, Ca? (Answer: A)",1.0,512,0,1747904124.4087198,2025-05-22T08:55:24.408724,0.23805147409439087,0.3853640556335449,Mistral-7B,2025-05-22T11:08:08.794200,7300000000,3,750,fiction
news: BDA does participate in exchange programs with ballet schools around the world.,1.0,512,0,1747904132.0950954,2025-05-22T08:55:32.095101,0.23904426395893097,0.3878450393676758,Mistral-7B,2025-05-22T11:08:08.890711,7300000000,4,750,news
wiki: The term albedo was introduced into optics by Johann Heinrich Lambert in his 1760 work Photometria.,1.0,512,1,1747904211.5375113,2025-05-22T08:56:51.537518,0.2668934464454651,0.41011670231819153,Mistral-7B,2025-05-22T11:08:10.405879,7300000000,0,750,wiki
"wiki: Nonetheless, his ideas formed the inspiration for a series of modern schools around the world.",1.0,512,1,1747904220.0387824,2025-05-22T08:57:00.038788,0.25622043013572693,0.39777448773384094,Mistral-7B,2025-05-22T11:08:10.504640,7300000000,1,750,wiki
"news: Although the agreement was for the transients to get about $80 for their part in the scam, McNeight took half of the money and fled on foot.",1.0,512,1,1747904228.0704947,2025-05-22T08:57:08.070500,0.2509589195251465,0.38848876953125,Mistral-7B,2025-05-22T11:08:10.608977,7300000000,2,750,news
"wiki: Alabama's constitution has been amended more than 700 times, and almost one-third of the amendments are local in nature, applying to only one county or city.",1.0,512,1,1747904236.3456504,2025-05-22T08:57:16.345656,0.26483532786369324,0.4074840545654297,Mistral-7B,2025-05-22T11:08:10.693379,7300000000,3,750,wiki
"news: Said solution is Gitstorage, an easy-to-deploy appliance dedicated to housing your Git repositories.",1.0,512,1,1747904244.7158036,2025-05-22T08:57:24.715809,0.26128527522087097,0.4022523760795593,Mistral-7B,2025-05-22T11:08:10.778764,7300000000,4,750,news
"wiki: Owen Thomas M. History of Alabama and Dictionary of Alabama Biography (4 vols, 1921).",1.0,512,1,1747904253.2118304,2025-05-22T08:57:33.211836,0.2649868130683899,0.4090104401111603,Mistral-7B,2025-05-22T11:08:12.245287,7300000000,0,755,wiki
"code: Explain what this code does:
def function_12(x): return x * 2",1.0,512,1,1747904261.3183203,2025-05-22T08:57:41.318326,0.27512046694755554,0.4197336733341217,Mistral-7B,2025-05-22T11:08:12.330689,7300000000,1,755,code
"news: Even if you're a one-person shop consultancy, it can be easy to drown in a quagmire of projects.",1.0,512,1,1747904269.5306122,2025-05-22T08:57:49.530618,0.2727070748806,0.41788747906684875,Mistral-7B,2025-05-22T11:08:12.408021,7300000000,2,755,news
wiki: and possibly Alabahmu.,1.0,512,1,1747904277.7002532,2025-05-22T08:57:57.700258,0.27129891514778137,0.41967225074768066,Mistral-7B,2025-05-22T11:08:12.484860,7300000000,3,755,wiki
"news: Krohn joined NYCB as an apprentice in the fall of 1998 and slowly rose through the ranks, becoming a principal in 2012.",1.0,512,1,1747904286.1074688,2025-05-22T08:58:06.107474,0.26914578676223755,0.4127207398414612,Mistral-7B,2025-05-22T11:08:12.577671,7300000000,4,755,news
wiki: Preempted diagnoses.,1.0,512,0,1747904140.613824,2025-05-22T08:55:40.613830,0.23686832189559937,0.38464683294296265,Mistral-7B,2025-05-22T11:08:14.118504,7300000000,0,755,wiki
wiki: Many autistic individuals have been successful in their fields.,1.0,512,0,1747904148.7543354,2025-05-22T08:55:48.754341,0.2388215959072113,0.38721415400505066,Mistral-7B,2025-05-22T11:08:14.225778,7300000000,1,755,wiki
"news: Photo by Paul Kolnik, Courtesy New York City Ballet.",1.0,512,0,1747904156.8949823,2025-05-22T08:55:56.894987,0.24563278257846832,0.39756619930267334,Mistral-7B,2025-05-22T11:08:14.329864,7300000000,2,755,news
news: We had our first workshop four years ago.,1.0,512,0,1747904166.2345736,2025-05-22T08:56:06.234579,0.2390795648097992,0.3857291638851166,Mistral-7B,2025-05-22T11:08:14.431511,7300000000,3,755,news
"fiction: A scientist put several different plants in a sealed container. Every hour, she checked the oxygen in the container to see if it changed. How did the oxygen in the container most likely change? (Answer: A)",1.0,512,0,1747904173.2269528,2025-05-22T08:56:13.226958,0.24187543988227844,0.39150312542915344,Mistral-7B,2025-05-22T11:08:14.517037,7300000000,4,755,fiction
fiction: Which of these is an example of liquid water? (Answer: C),1.0,512,0,1747904179.174057,2025-05-22T08:56:19.174062,0.24894459545612335,0.40131059288978577,Mistral-7B,2025-05-22T11:08:15.957468,7300000000,0,760,fiction
"news: During the first round, the final screen was blank.",1.0,512,0,1747904187.414735,2025-05-22T08:56:27.414741,0.23439829051494598,0.3817261755466461,Mistral-7B,2025-05-22T11:08:16.054463,7300000000,1,760,news
"news: I approached him about doing a different project a long time ago, and he said ""well, maybe that's not the correct project.""",1.0,512,0,1747904195.7209327,2025-05-22T08:56:35.720938,0.22531120479106903,0.3648858666419983,Mistral-7B,2025-05-22T11:08:16.145818,7300000000,2,760,news
"wiki: Although popularly used as an alternative treatment for autistic people, as of 2018 there is no good evidence to recommend a gluten- and casein-free diet as a standard treatment.",1.0,512,0,1747904204.1365404,2025-05-22T08:56:44.136546,0.24062219262123108,0.388919472694397,Mistral-7B,2025-05-22T11:08:16.237154,7300000000,3,760,wiki
fiction: An astronomer is studying two stars that are the same distance from Earth. Star X appears brighter than star Y. Which statement best explains this observation? (Answer: A),1.0,512,0,1747904209.8276188,2025-05-22T08:56:49.827624,0.24255014955997467,0.39137592911720276,Mistral-7B,2025-05-22T11:08:16.328168,7300000000,4,760,fiction
"wiki: A genotype-first model of diagnosis has been proposed, which would routinely assess the genome's copy number variations.",1.0,512,1,1747904294.7403548,2025-05-22T08:58:14.740360,0.25913289189338684,0.3995470404624939,Mistral-7B,2025-05-22T11:08:17.863043,7300000000,0,760,wiki
"wiki: An estimated 60–80% of autistic people have motor signs that include poor muscle tone, poor motor planning, and toe walking;  deficits in motor coordination are pervasive across ASD and are greater in autism proper.",1.0,512,1,1747904299.843254,2025-05-22T08:58:19.843259,0.26441848278045654,0.40716472268104553,Mistral-7B,2025-05-22T11:08:17.946399,7300000000,1,760,wiki
"news: According to Fullington, Balanchine took this slide from Ivanov's original choreography.",1.0,512,1,1747904310.4563928,2025-05-22T08:58:30.456399,0.26004964113235474,0.40170058608055115,Mistral-7B,2025-05-22T11:08:18.036300,7300000000,2,760,news
"news: Regina, 40, will retire from the stage in March, just as her daughter starts her own career as a trainee.",1.0,512,1,1747904320.5704732,2025-05-22T08:58:40.570479,0.2634098529815674,0.4049835801124573,Mistral-7B,2025-05-22T11:08:18.153922,7300000000,3,760,news
"news: I've always really loved the Balanchine black and white ballets, and there are some Robbins ballets that are always so fulfilling.",1.0,512,1,1747904329.8890376,2025-05-22T08:58:49.889043,0.2610557973384857,0.40256574749946594,Mistral-7B,2025-05-22T11:08:18.236994,7300000000,4,760,news
"wiki: Summers in Alabama are among the hottest in the U.S., with high temperatures averaging over  throughout the summer in some parts of the state.",1.0,512,1,1747904341.7358181,2025-05-22T08:59:01.735825,0.276682585477829,0.4234565794467926,Mistral-7B,2025-05-22T11:08:19.714869,7300000000,0,765,wiki
news: In general I would say the time that I've had onstage with some of my friends and dancing partners has been so special.,1.0,512,1,1747904348.3366292,2025-05-22T08:59:08.336636,0.2630985677242279,0.40362805128097534,Mistral-7B,2025-05-22T11:08:19.796013,7300000000,1,765,news
"news: For some, that means setting up a server and running a Git repository for the housing of proprietary or open source code.",1.0,512,1,1747904356.0733345,2025-05-22T08:59:16.073340,0.25942760705947876,0.39993759989738464,Mistral-7B,2025-05-22T11:08:19.872813,7300000000,2,765,news
"wiki: Alabama () is a state in the Southeastern region of the United States, bordered by Tennessee to the north; Georgia to the east; Florida and the Gulf of Mexico to the south; and Mississippi to the west.",1.0,512,1,1747904363.416797,2025-05-22T08:59:23.416802,0.27964484691619873,0.4272293746471405,Mistral-7B,2025-05-22T11:08:19.950121,7300000000,3,765,wiki
"wiki: In comparison, for PDD-NOS the association with intellectual disability is much weaker, and by definition, the diagnosis of Asperger's excludes intellectual disability.",1.0,512,1,1747904365.210991,2025-05-22T08:59:25.210996,0.2668136954307556,0.4116544723510742,Mistral-7B,2025-05-22T11:08:20.027614,7300000000,4,765,wiki
"wiki: Of the parks and natural destinations, Alabama's Gulf Coast topped the list with 6,700,000 visitors.",1.0,512,0,1747904217.6635668,2025-05-22T08:56:57.663572,0.2395351082086563,0.38804444670677185,Mistral-7B,2025-05-22T11:08:21.461986,7300000000,0,765,wiki
"code: Explain what this code does:
def function_4(x): return x * 2",1.0,512,0,1747904223.9063723,2025-05-22T08:57:03.906378,0.25160685181617737,0.40463128685951233,Mistral-7B,2025-05-22T11:08:21.559813,7300000000,1,765,code
"wiki: Other members of the executive branch include the cabinet, the lieutenant governor of Alabama, the Attorney General of Alabama, the Alabama Secretary of State, the Alabama State Treasurer, and the State Auditor of Alabama.",1.0,512,0,1747904232.1737204,2025-05-22T08:57:12.173725,0.24933254718780518,0.4029747545719147,Mistral-7B,2025-05-22T11:08:21.652873,7300000000,2,765,wiki
"code: Explain what this code does:
def function_16(x): return x * 2",1.0,512,0,1747904240.3620927,2025-05-22T08:57:20.362098,0.2516859769821167,0.40484365820884705,Mistral-7B,2025-05-22T11:08:21.747394,7300000000,3,765,code
"code: Explain what this code does:
def function_55(x): return x * 2",1.0,512,0,1747904248.426013,2025-05-22T08:57:28.426019,0.25312134623527527,0.4068881571292877,Mistral-7B,2025-05-22T11:08:21.839688,7300000000,4,765,code
"code: Explain what this code does:
def function_23(x): return x * 2",1.0,512,1,1747904372.833559,2025-05-22T08:59:32.833565,0.27888330817222595,0.4253517985343933,Mistral-7B,2025-05-22T11:08:23.382493,7300000000,0,770,code
"wiki: A defence of philosophical anarchism, stating that ""both kinds of 'anarchism' [i.e.",1.0,512,1,1747904380.4830844,2025-05-22T08:59:40.483089,0.26014286279678345,0.40439391136169434,Mistral-7B,2025-05-22T11:08:23.463329,7300000000,1,770,wiki
"code: Explain what this code does:
def function_10(x): return x * 2",1.0,512,1,1747904388.483775,2025-05-22T08:59:48.483780,0.27989476919174194,0.4266079366207123,Mistral-7B,2025-05-22T11:08:23.558569,7300000000,2,770,code
wiki: Siblings of children with ASD report greater admiration of and less conflict with the affected sibling than siblings of unaffected children and were similar to siblings of children with Down syndrome in these aspects of the sibling relationship.,1.0,512,1,1747904396.7510407,2025-05-22T08:59:56.751045,0.2742191553115845,0.42212650179862976,Mistral-7B,2025-05-22T11:08:23.648288,7300000000,3,770,wiki
wiki: Cotton and other cash crops faded in importance as the state developed a manufacturing and service base.,1.0,512,1,1747904404.9955812,2025-05-22T09:00:04.995586,0.25922393798828125,0.40244558453559875,Mistral-7B,2025-05-22T11:08:23.738213,7300000000,4,770,wiki
"news: ""This is not Shakespeare's Midsummer,"" says Joffrey Ballet artistic director Ashley Wheater.",1.0,512,0,1747904257.2204807,2025-05-22T08:57:37.220486,0.24049393832683563,0.3903677761554718,Mistral-7B,2025-05-22T11:08:25.257156,7300000000,0,770,news
"news: SEE: Virtual and augmented reality policy (Tech Pro Research) The XR1 features an ARM-based multi-core CPU, a vector processor, a GPU, and a dedicated AI engine for on-board processing.",1.0,512,0,1747904265.4738567,2025-05-22T08:57:45.473862,0.23206405341625214,0.37673211097717285,Mistral-7B,2025-05-22T11:08:25.337673,7300000000,1,770,news
"wiki: Health In 2018, life expectancy in Alabama was 75.1 years, below the national average of 78.7 years and is the third lowest life expectancy in the country.",1.0,512,0,1747904273.6802568,2025-05-22T08:57:53.680262,0.2506730556488037,0.4047147333621979,Mistral-7B,2025-05-22T11:08:25.415211,7300000000,2,770,wiki
"wiki: In music, anarchism has been associated with music scenes such as punk.",1.0,512,0,1747904281.9230163,2025-05-22T08:58:01.923021,0.24453844130039215,0.395283967256546,Mistral-7B,2025-05-22T11:08:25.491638,7300000000,3,770,wiki
"wiki: Radar Albedos of Solar System Objects  The values reported for the Moon, Mercury, Mars, Venus, and Comet P/2005 JQ5 are derived from the total (OC+SC) radar albedo reported in those references.",1.0,512,0,1747904290.202447,2025-05-22T08:58:10.202452,0.22661684453487396,0.3686053454875946,Mistral-7B,2025-05-22T11:08:25.590047,7300000000,4,770,wiki
news: Each appliance is a single board computer (based on the Raspberry Pi).,1.0,512,0,1747904300.1018867,2025-05-22T08:58:20.101895,0.23315298557281494,0.3769510090351105,Mistral-7B,2025-05-22T11:08:27.078119,7300000000,0,775,news
wiki: Notes  The Talladega Superspeedway motorsports complex hosts a series of NASCAR events.,1.0,512,0,1747904310.8324687,2025-05-22T08:58:30.832486,0.2418837547302246,0.3910483717918396,Mistral-7B,2025-05-22T11:08:27.157228,7300000000,1,775,wiki
news: Pei Yu learned Over Glow from Elo himself.,1.0,512,0,1747904321.0549476,2025-05-22T08:58:41.054954,0.23617330193519592,0.38329702615737915,Mistral-7B,2025-05-22T11:08:27.232313,7300000000,2,775,news
"news: The notes were incomplete and difficult to read, yet Sergeyev persisted, and The Nutcracker made it to the stage.",1.0,512,0,1747904330.909739,2025-05-22T08:58:50.909745,0.2426532506942749,0.39571255445480347,Mistral-7B,2025-05-22T11:08:27.307487,7300000000,3,775,news
wiki: Rural workers poured into the largest cities in the state for better jobs and a higher standard of living.,1.0,512,0,1747904341.953894,2025-05-22T08:59:01.953908,0.23888841271400452,0.38685888051986694,Mistral-7B,2025-05-22T11:08:27.382279,7300000000,4,775,wiki
"wiki: Not only did they confront state armed forces, as in Spain and Ukraine, but some of them also employed terrorism as propaganda of the deed.",1.0,512,1,1747904413.6905925,2025-05-22T09:00:13.690597,0.2501904368400574,0.3899073898792267,Mistral-7B,2025-05-22T11:08:28.856648,7300000000,0,775,wiki
"wiki: Anarchism calls for the abolition of the state, which it holds to be unnecessary, undesirable, and harmful.",1.0,512,1,1747904422.1043859,2025-05-22T09:00:22.104391,0.2773872911930084,0.424807071685791,Mistral-7B,2025-05-22T11:08:28.939958,7300000000,1,775,wiki
wiki: Aerosols modify the properties of clouds through a subset of the aerosol population called cloud condensation nuclei.,1.0,512,1,1747904430.4958453,2025-05-22T09:00:30.495851,0.2705724239349365,0.4168258309364319,Mistral-7B,2025-05-22T11:08:29.020511,7300000000,2,775,wiki
"news: Once I had that IP address, I could point my browser to that address and login with user root and password password.",1.0,512,1,1747904439.5543277,2025-05-22T09:00:39.554334,0.27130118012428284,0.41628456115722656,Mistral-7B,2025-05-22T11:08:29.107377,7300000000,3,775,news
wiki: History  Pre-European settlement  Indigenous peoples of varying cultures lived in the area for thousands of years before the advent of European colonization.,1.0,512,1,1747904449.1309352,2025-05-22T09:00:49.130941,0.26891469955444336,0.4133423864841461,Mistral-7B,2025-05-22T11:08:29.187940,7300000000,4,775,wiki
"wiki: 21st century  In 2001, Alabama Supreme Court chief justice Roy Moore installed a statue of the Ten Commandments in the capitol in Montgomery.",1.0,512,1,1747904458.183711,2025-05-22T09:00:58.183717,0.2689450979232788,0.41333097219467163,Mistral-7B,2025-05-22T11:08:30.661669,7300000000,0,780,wiki
"wiki: In 2010, per capita income for the state was $22,984.",1.0,512,1,1747904465.4320066,2025-05-22T09:01:05.432012,0.2694024443626404,0.41402050852775574,Mistral-7B,2025-05-22T11:08:30.738374,7300000000,1,780,wiki
"wiki: The Goodyear Tire and Rubber Company operates a large plant in Gadsden which employs about 1,400 people.",1.0,512,1,1747904470.991542,2025-05-22T09:01:10.991547,0.27451464533805847,0.4221593737602234,Mistral-7B,2025-05-22T11:08:30.828733,7300000000,2,780,wiki
"wiki: In sunlight, dark clothes absorb more heat and light-coloured clothes reflect it better, thus allowing some control over body temperature by exploiting the albedo effect of the colour of external clothing.",1.0,512,1,1747904472.4320755,2025-05-22T09:01:12.432081,0.27155983448028564,0.4176008403301239,Mistral-7B,2025-05-22T11:08:30.920362,7300000000,3,780,wiki
"code: Explain what this code does:
def function_30(x): return x * 2",1.0,512,1,1747904480.6164553,2025-05-22T09:01:20.616461,0.28103965520858765,0.4284772574901581,Mistral-7B,2025-05-22T11:08:31.012429,7300000000,4,780,code
wiki: The Ceremonial Complex represents a major component of the religion of the Mississippian peoples; it is one of the primary means by which their religion is understood.,1.0,512,0,1747904351.2117414,2025-05-22T08:59:11.211747,0.23251670598983765,0.3784235715866089,Mistral-7B,2025-05-22T11:08:32.566648,7300000000,0,780,wiki
fiction: Four materials are put into small containers. These materials are then moved from the small containers into larger containers. Which material will spread out to completely fill a larger container? (Answer: A),1.0,512,0,1747904358.109843,2025-05-22T08:59:18.109848,0.24108505249023438,0.38923180103302,Mistral-7B,2025-05-22T11:08:32.657691,7300000000,1,780,fiction
"wiki: After 1890, a coalition of White Democratic politicians passed laws to segregate and disenfranchise African American residents, a process completed in provisions of the 1901 constitution.",1.0,512,0,1747904366.7431405,2025-05-22T08:59:26.743147,0.23522448539733887,0.38177379965782166,Mistral-7B,2025-05-22T11:08:32.740484,7300000000,2,780,wiki
"code: Explain what this code does:
def function_82(x): return x * 2",1.0,512,0,1747904375.4896054,2025-05-22T08:59:35.489611,0.25309962034225464,0.40608999133110046,Mistral-7B,2025-05-22T11:08:32.819889,7300000000,3,780,code
"wiki: Some anarchists distanced themselves from this line of thinking, suggesting that it leaned towards an individualism that was dropping the cause of social liberation.",1.0,512,0,1747904383.8900974,2025-05-22T08:59:43.890102,0.22625668346881866,0.3679981827735901,Mistral-7B,2025-05-22T11:08:32.901429,7300000000,4,780,wiki
"wiki: Anarcho-syndicalism is a branch of anarchism that views labour syndicates as a potential force for revolutionary social change, replacing capitalism and the state with a new society democratically self-managed by workers.",1.0,512,1,1747904489.3094723,2025-05-22T09:01:29.309478,0.26058661937713623,0.40101709961891174,Mistral-7B,2025-05-22T11:08:34.369417,7300000000,0,785,wiki
"news: Additional security trainings on AWS Security Fundamentals, Authentication and Authorization with AWS Identity and Access Management, AWS Shared Responsibility Model, and AWS Well-Architected Training are also helpful.",1.0,512,1,1747904493.1593406,2025-05-22T09:01:33.159346,0.26241767406463623,0.40415140986442566,Mistral-7B,2025-05-22T11:08:34.447732,7300000000,1,785,news
"wiki: The overall federal, state, and local tax burden in Alabama ranks the state as the second least tax-burdened state in the country.",1.0,512,1,1747904500.4199076,2025-05-22T09:01:40.419913,0.27007797360420227,0.4150366187095642,Mistral-7B,2025-05-22T11:08:34.526723,7300000000,2,785,wiki
wiki: It has been proposed to classify autism using genetics as well as behavior.,1.0,512,1,1747904508.0092933,2025-05-22T09:01:48.009299,0.2659063935279846,0.4086771309375763,Mistral-7B,2025-05-22T11:08:34.641271,7300000000,3,785,wiki
fiction: How is a moth's life cycle most different from an insect that goes through incomplete metamorphosis? (Answer: A),1.0,512,1,1747904515.858993,2025-05-22T09:01:55.858999,0.270946204662323,0.4170072674751282,Mistral-7B,2025-05-22T11:08:34.722186,7300000000,4,785,fiction
wiki: Some changes at the county level have occurred following court challenges to establish single-member districts that enable a more diverse representation among county boards.,1.0,512,0,1747904392.6165004,2025-05-22T08:59:52.616506,0.23046629130840302,0.37316617369651794,Mistral-7B,2025-05-22T11:08:36.200322,7300000000,0,785,wiki
"news: Data is money.""",1.0,512,0,1747904400.8023424,2025-05-22T09:00:00.802348,0.24223032593727112,0.3906324803829193,Mistral-7B,2025-05-22T11:08:36.279243,7300000000,1,785,news
fiction: Stars are organized into patterns called constellations. One constellation is named Leo. Which statement best explains why Leo appears in different areas of the sky throughout the year? (Answer: A),1.0,512,0,1747904409.1637151,2025-05-22T09:00:09.163721,0.24858126044273376,0.3992473781108856,Mistral-7B,2025-05-22T11:08:36.356574,7300000000,2,785,fiction
fiction: Which is a nonrenewable resource? (Answer: A),1.0,512,0,1747904410.6199067,2025-05-22T09:00:10.619912,0.24836884438991547,0.39880526065826416,Mistral-7B,2025-05-22T11:08:36.434600,7300000000,3,785,fiction
wiki: Intellectual disability.,1.0,512,0,1747904418.4714468,2025-05-22T09:00:18.471452,0.2440074384212494,0.3943540155887604,Mistral-7B,2025-05-22T11:08:36.511840,7300000000,4,785,wiki
"wiki: An estimated 26 million tourists visited the state in 2017 and spent $14.3 billion, providing directly or indirectly 186,900 jobs in the state, which includes 362,000 International tourists spending $589 million.",1.0,512,0,1747904427.0352535,2025-05-22T09:00:27.035259,0.23815909028053284,0.38346362113952637,Mistral-7B,2025-05-22T11:08:37.984878,7300000000,0,790,wiki
"code: Explain what this code does:
def function_72(x): return x * 2",1.0,512,0,1747904435.0709982,2025-05-22T09:00:35.071004,0.2524600625038147,0.40443283319473267,Mistral-7B,2025-05-22T11:08:38.094180,7300000000,1,790,code
"fiction: Students studying membranes conducted an experiment using labeled paper cups filled with varying concentrations of red food coloring. After the experiment, the cups were empty and stained. What should be done with used cups? (Answer: C)",1.0,512,0,1747904439.1430316,2025-05-22T09:00:39.143038,0.24040831625461578,0.38805896043777466,Mistral-7B,2025-05-22T11:08:38.213709,7300000000,2,790,fiction
"code: Explain what this code does:
def function_75(x): return x * 2",1.0,512,0,1747904448.2566328,2025-05-22T09:00:48.256639,0.2512943148612976,0.40255096554756165,Mistral-7B,2025-05-22T11:08:38.319175,7300000000,3,790,code
wiki: A study following the burning of the Kuwaiti oil fields during Iraqi occupation showed that temperatures under the burning oil fires were as much as  colder than temperatures several miles away under clear skies.,1.0,512,0,1747904455.2437556,2025-05-22T09:00:55.243761,0.23627912998199463,0.38296830654144287,Mistral-7B,2025-05-22T11:08:38.412566,7300000000,4,790,wiki
"news: Email policies IT should have an email policy in place that hardens systems and can detect spam and viruses, Rickard said.",1.0,512,1,1747904524.179958,2025-05-22T09:02:04.179964,0.2608111798763275,0.4016476273536682,Mistral-7B,2025-05-22T11:08:39.925939,7300000000,0,790,news
news: The Canadian artist's many accolades include a 1952 Oscar for Best Documentary for his abstract short film Neighbours (watch the whole thing here).,1.0,512,1,1747904532.3460233,2025-05-22T09:02:12.346028,0.25577929615974426,0.3957641124725342,Mistral-7B,2025-05-22T11:08:40.019961,7300000000,1,790,news
"code: Explain what this code does:
def function_84(x): return x * 2",1.0,512,1,1747904540.5914335,2025-05-22T09:02:20.591439,0.2725658118724823,0.41755929589271545,Mistral-7B,2025-05-22T11:08:40.154960,7300000000,2,790,code
wiki: Urban interests were consistently underrepresented in the legislature.,1.0,512,1,1747904547.6380713,2025-05-22T09:02:27.638077,0.2615054249763489,0.40399521589279175,Mistral-7B,2025-05-22T11:08:40.256134,7300000000,3,790,wiki
fiction: A student accidentally drops a test tube that breaks when it hits the floor. Which method is the best way to retrieve the broken glass? (Answer: C),1.0,512,1,1747904555.4246082,2025-05-22T09:02:35.424614,0.26847580075263977,0.4123730957508087,Mistral-7B,2025-05-22T11:08:40.351948,7300000000,4,790,fiction
"wiki: Edmundson says that while the individual does not owe the state a duty of obedience, this does not imply that anarchism is the inevitable conclusion and the state is still morally legitimate.",1.0,512,0,1747904463.2607431,2025-05-22T09:01:03.260748,0.23575280606746674,0.3817923367023468,Mistral-7B,2025-05-22T11:08:41.860634,7300000000,0,795,wiki
"news: For example, one online retailer Rickard works with has many customers from the EU, but can't geolocate them from the website.",1.0,512,0,1747904469.3193092,2025-05-22T09:01:09.319315,0.23630711436271667,0.3820079267024994,Mistral-7B,2025-05-22T11:08:41.941517,7300000000,1,795,news
wiki: The suffix -ism denotes the ideological current that favours anarchy.,1.0,512,0,1747904476.4520085,2025-05-22T09:01:16.452012,0.24434170126914978,0.3939707279205322,Mistral-7B,2025-05-22T11:08:42.020522,7300000000,2,795,wiki
"news: Balletomanes felt the work to be uneven, and lamented the lack of a main ballerina in the first act.",1.0,512,0,1747904484.7852743,2025-05-22T09:01:24.785280,0.24077382683753967,0.3907265067100525,Mistral-7B,2025-05-22T11:08:42.101361,7300000000,3,795,news
news: This can be especially overwhelming when you have a larger IT department and a staff working on numerous projects at once.,1.0,512,0,1747904492.6758893,2025-05-22T09:01:32.675934,0.24706308543682098,0.395793080329895,Mistral-7B,2025-05-22T11:08:42.182691,7300000000,4,795,news
"wiki: Cahaba, now a ghost town, was the first permanent state capital from 1820 to 1825.",1.0,512,1,1747904566.035237,2025-05-22T09:02:46.035243,0.26995089650154114,0.41495922207832336,Mistral-7B,2025-05-22T11:08:43.653862,7300000000,0,795,wiki
"code: Explain what this code does:
def function_69(x): return x * 2",1.0,512,1,1747904574.5464597,2025-05-22T09:02:54.546465,0.27654486894607544,0.42235642671585083,Mistral-7B,2025-05-22T11:08:43.733332,7300000000,1,795,code
"wiki: In the UK, from 1998 to 2018, the autism diagnoses increased by 787%.",1.0,512,1,1747904582.0672174,2025-05-22T09:03:02.067223,0.26659998297691345,0.4114956557750702,Mistral-7B,2025-05-22T11:08:43.812135,7300000000,2,795,wiki
news: The Nutcracker's first major exposure outside of Russia took place in London in 1934.,1.0,512,1,1747904590.1194453,2025-05-22T09:03:10.119451,0.2715226113796234,0.4174518883228302,Mistral-7B,2025-05-22T11:08:43.891005,7300000000,3,795,news
"news: ""I think it says something that Alex trusts us to bring the work to its full realization,"" says Wheater.",1.0,512,1,1747904598.4405758,2025-05-22T09:03:18.440580,0.25750139355659485,0.39779216051101685,Mistral-7B,2025-05-22T11:08:43.970181,7300000000,4,795,news
fiction: Two elements in the same group on the Periodic Table of the Elements are most similar in their (Answer: D),1.0,512,0,1747904495.8530629,2025-05-22T09:01:35.853068,0.24548882246017456,0.3954588770866394,Mistral-7B,2025-05-22T11:08:45.421993,7300000000,0,800,fiction
"wiki: In 2018, Mobile's Mardi Gras parade was the state's top event, producing the most tourists with an attendance of 892,811.",1.0,512,0,1747904504.1196327,2025-05-22T09:01:44.119638,0.23570586740970612,0.38130608201026917,Mistral-7B,2025-05-22T11:08:45.498869,7300000000,1,800,wiki
fiction: Which property of a mineral can be determined just by looking at it? (Answer: A),1.0,512,0,1747904511.0090241,2025-05-22T09:01:51.009029,0.24626557528972626,0.39677977561950684,Mistral-7B,2025-05-22T11:08:45.607293,7300000000,2,800,fiction
"news: Using the tag information, investigators were able to learn the two vehicles were rentals and eventually identified the four men from Atlanta.",1.0,512,0,1747904519.3138468,2025-05-22T09:01:59.313852,0.2301206886768341,0.3744053840637207,Mistral-7B,2025-05-22T11:08:45.699624,7300000000,3,800,news
"wiki: Individual symptoms of autism occur in the general population and appear not to associate highly, without a sharp line separating pathologically severe from common traits.",1.0,512,0,1747904527.6625237,2025-05-22T09:02:07.662528,0.22396335005760193,0.364671528339386,Mistral-7B,2025-05-22T11:08:45.792079,7300000000,4,800,wiki
"code: Explain what this code does:
def function_61(x): return x * 2",1.0,512,1,1747904607.177638,2025-05-22T09:03:27.177643,0.273080050945282,0.4172903299331665,Mistral-7B,2025-05-22T11:08:47.317836,7300000000,0,800,code
wiki: No single treatment is best and treatment is typically tailored to the child's needs.,1.0,512,1,1747904611.3852127,2025-05-22T09:03:31.385219,0.2688280940055847,0.4134804606437683,Mistral-7B,2025-05-22T11:08:47.411001,7300000000,1,800,wiki
news: The other detail that will change with personal data access under GDPR is how long companies have to respond to your request.,1.0,512,1,1747904618.463617,2025-05-22T09:03:38.463622,0.2675773501396179,0.4104469418525696,Mistral-7B,2025-05-22T11:08:47.494047,7300000000,2,800,news
news: But the management of projects and ticket issues doesn't just fall on the heads of large companies.,1.0,512,1,1747904626.334272,2025-05-22T09:03:46.334277,0.26506751775741577,0.4077669680118561,Mistral-7B,2025-05-22T11:08:47.614807,7300000000,3,800,news
"news: In one of 60 spacious dance studios at the Beijing Dance Academy, Pei Yu Meng practices a tricky step from Jorma Elo's Over Glow.",1.0,512,1,1747904634.454701,2025-05-22T09:03:54.454706,0.2524518072605133,0.3898923099040985,Mistral-7B,2025-05-22T11:08:47.712139,7300000000,4,800,news
"wiki: Muslims have been increasing in Alabama, with 31 mosques built by 2011, many by African-American converts.",1.3,512,0,1747904536.5280106,2025-05-22T09:02:16.528016,0.24572521448135376,0.39638927578926086,Mistral-7B,2025-05-22T11:08:49.216459,7300000000,0,805,wiki
"wiki: Among these approaches, interventions either treat autistic features comprehensively, or focalize treatment on a specific area of deficit.",1.3,512,0,1747904541.915032,2025-05-22T09:02:21.915038,0.24489013850688934,0.39485788345336914,Mistral-7B,2025-05-22T11:08:49.292037,7300000000,1,805,wiki
"code: Explain what this code does:
def function_15(x): return x * 2",1.3,512,0,1747904550.3994982,2025-05-22T09:02:30.399503,0.2577770948410034,0.41243165731430054,Mistral-7B,2025-05-22T11:08:49.366662,7300000000,2,805,code
wiki: A -wide meteorite hit the area about 80 million years ago.,1.3,512,0,1747904558.81421,2025-05-22T09:02:38.814215,0.24237102270126343,0.3929325044155121,Mistral-7B,2025-05-22T11:08:49.441386,7300000000,3,805,wiki
"wiki: Ritualistic behavior: Unvarying pattern of daily activities, such as an unchanging menu or a dressing ritual.",1.3,512,0,1747904564.373936,2025-05-22T09:02:44.373942,0.23926615715026855,0.38868609070777893,Mistral-7B,2025-05-22T11:08:49.516452,7300000000,4,805,wiki
wiki: Two common optical albedos that are used in astronomy are the (V-band) geometric albedo (measuring brightness when illumination comes from directly behind the observer) and the Bond albedo (measuring total proportion of electromagnetic energy reflected).,1.3,512,1,1747904639.3606,2025-05-22T09:03:59.360606,0.2623831331729889,0.40457984805107117,Mistral-7B,2025-05-22T11:08:50.943070,7300000000,0,805,wiki
news: Her undying passion for these pieces is incredibly inspiring.,1.3,512,1,1747904648.6046555,2025-05-22T09:04:08.604662,0.24877966940402985,0.3869132101535797,Mistral-7B,2025-05-22T11:08:51.031306,7300000000,1,805,news
"wiki: They were followed by the major currents of social anarchism (collectivist, communist and syndicalist).",1.3,512,1,1747904656.9300156,2025-05-22T09:04:16.930021,0.2545120120048523,0.3959171772003174,Mistral-7B,2025-05-22T11:08:51.161974,7300000000,2,805,wiki
"code: Explain what this code does:
def function_92(x): return x * 2",1.3,512,1,1747904664.2478654,2025-05-22T09:04:24.247870,0.2719239592552185,0.41545769572257996,Mistral-7B,2025-05-22T11:08:51.259019,7300000000,3,805,code
news: I want to walk you through the installation of one such tool: Trac.,1.3,512,1,1747904672.165394,2025-05-22T09:04:32.165399,0.25749337673187256,0.3964308500289917,Mistral-7B,2025-05-22T11:08:51.351666,7300000000,4,805,news
"wiki: , Alabama has the sixth highest poverty rate among states in the U.S.",1.3,512,1,1747904680.7142582,2025-05-22T09:04:40.714264,0.2678012549877167,0.41097745299339294,Mistral-7B,2025-05-22T11:08:52.857800,7300000000,0,810,wiki
"wiki: Of those who indicated a religious preference, 59% said they possessed a ""full understanding"" of their faith and needed no further learning.",1.3,512,1,1747904690.0568483,2025-05-22T09:04:50.056855,0.26551684737205505,0.40748199820518494,Mistral-7B,2025-05-22T11:08:52.936991,7300000000,1,810,wiki
"code: Explain what this code does:
def function_33(x): return x * 2",1.3,512,1,1747904698.7346156,2025-05-22T09:04:58.734622,0.2767179012298584,0.4222550392150879,Mistral-7B,2025-05-22T11:08:53.015222,7300000000,2,810,code
"code: Explain what this code does:
def function_57(x): return x * 2",1.3,512,1,1747904706.5631623,2025-05-22T09:05:06.563168,0.2778136134147644,0.42398926615715027,Mistral-7B,2025-05-22T11:08:53.133934,7300000000,3,810,code
wiki: (A Birmingham city ordinance would have raised theirs to $10.10.),1.3,512,1,1747904714.8759234,2025-05-22T09:05:14.875929,0.26197874546051025,0.4067416787147522,Mistral-7B,2025-05-22T11:08:53.238765,7300000000,4,810,wiki
"code: Explain what this code does:
def function_70(x): return x * 2",1.3,512,0,1747904571.962504,2025-05-22T09:02:51.962509,0.25410234928131104,0.40664005279541016,Mistral-7B,2025-05-22T11:08:54.689357,7300000000,0,810,code
fiction: Which celestial object listed below has the greatest density? (Answer: D),1.3,512,0,1747904576.986846,2025-05-22T09:02:56.986851,0.25503697991371155,0.409103125333786,Mistral-7B,2025-05-22T11:08:54.803428,7300000000,1,810,fiction
"code: Explain what this code does:
def function_58(x): return x * 2",1.3,512,0,1747904585.3663445,2025-05-22T09:03:05.366349,0.25613006949424744,0.4098721742630005,Mistral-7B,2025-05-22T11:08:54.884833,7300000000,2,810,code
"wiki: In 1861, the state seceded from the United States to become part of the Confederate States of America, with Montgomery acting as its first capital, and rejoined the Union in 1868.",1.3,512,0,1747904586.8089573,2025-05-22T09:03:06.808963,0.2558121681213379,0.41152387857437134,Mistral-7B,2025-05-22T11:08:54.963608,7300000000,3,810,wiki
"code: Explain what this code does:
def function_24(x): return x * 2",1.3,512,0,1747904594.8838656,2025-05-22T09:03:14.883871,0.25478824973106384,0.4076300859451294,Mistral-7B,2025-05-22T11:08:55.046355,7300000000,4,810,code
"wiki: Its oldest city is Mobile, founded by French colonists in 1702 as the capital of French Louisiana.",1.3,512,0,1747904603.323297,2025-05-22T09:03:23.323302,0.2505325376987457,0.4032576084136963,Mistral-7B,2025-05-22T11:08:56.507278,7300000000,0,815,wiki
wiki: The state has numerous place names of Native American origin.,1.3,512,0,1747904612.9652705,2025-05-22T09:03:32.965276,0.23680941760540009,0.3850114047527313,Mistral-7B,2025-05-22T11:08:56.613609,7300000000,1,815,wiki
"wiki: Law and government  State government  The foundational document for Alabama's government is the Alabama Constitution, which was ratified in 1901.",1.3,512,0,1747904621.4584036,2025-05-22T09:03:41.458409,0.2530234754085541,0.4065203368663788,Mistral-7B,2025-05-22T11:08:56.708052,7300000000,2,815,wiki
"news: She's standing among other students, but they all work alone, with the help of teachers calling out corrections from the front of the room.",1.3,512,0,1747904629.8347466,2025-05-22T09:03:49.834752,0.23845353722572327,0.3845413029193878,Mistral-7B,2025-05-22T11:08:56.802071,7300000000,3,815,news
"news: This week marks the world premiere of Frame by Frame, The National Ballet of Canada's new full length ballet based on the life and work of innovative filmmaker Norman McLaren.",1.3,512,0,1747904638.2483056,2025-05-22T09:03:58.248312,0.2352599948644638,0.38111400604248047,Mistral-7B,2025-05-22T11:08:56.894840,7300000000,4,815,news
"wiki: However, there are no correspondingly similar words in the Alabama language.",1.3,512,1,1747904722.703208,2025-05-22T09:05:22.703214,0.263304203748703,0.4071098268032074,Mistral-7B,2025-05-22T11:08:58.393767,7300000000,0,815,wiki
fiction: The male insects in a population are treated to prevent sperm production. Would this reduce this insect population? (Answer: C),1.3,512,1,1747904724.102501,2025-05-22T09:05:24.102507,0.2633630335330963,0.40601322054862976,Mistral-7B,2025-05-22T11:08:58.475073,7300000000,1,815,fiction
"wiki: With the rise of organised hierarchical bodies, scepticism toward authority also rose.",1.3,512,1,1747904732.0639727,2025-05-22T09:05:32.063978,0.25529900193214417,0.3952363133430481,Mistral-7B,2025-05-22T11:08:58.564678,7300000000,2,815,wiki
fiction: George wants to warm his hands quickly by rubbing them. Which skin surface will produce the most heat? (Answer: A),1.3,512,1,1747904740.2067852,2025-05-22T09:05:40.206790,0.26956549286842346,0.41327962279319763,Mistral-7B,2025-05-22T11:08:58.646028,7300000000,3,815,fiction
"wiki: However, the link to climate change has not been explored to date and it is unclear whether or not this represents an ongoing trend.",1.3,512,1,1747904745.1869576,2025-05-22T09:05:45.186963,0.26485347747802734,0.4082900285720825,Mistral-7B,2025-05-22T11:08:58.727510,7300000000,4,815,wiki
"news: ""Showing can be more effective than telling.",1.3,512,0,1747904647.7367425,2025-05-22T09:04:07.736749,0.23118726909160614,0.37514328956604004,Mistral-7B,2025-05-22T11:09:00.185773,7300000000,0,820,news
wiki: The use of state names derived from Native American languages is common in the U.S.; an estimated 27 states have names of Native American origin.,1.3,512,0,1747904654.21595,2025-05-22T09:04:14.215955,0.24150750041007996,0.3897688090801239,Mistral-7B,2025-05-22T11:09:00.271598,7300000000,1,820,wiki
fiction: Trees most likely change the environment in which they are located by (Answer: D),1.3,512,0,1747904658.8985548,2025-05-22T09:04:18.898560,0.2400200515985489,0.3874620795249939,Mistral-7B,2025-05-22T11:09:00.350999,7300000000,2,820,fiction
"wiki: Generally prohibited in the West at large, school corporal punishment is not unusual in Alabama, with 27,260 public school students paddled at least one time, according to government data for the 2011–2012 school year.",1.3,512,0,1747904667.343006,2025-05-22T09:04:27.343011,0.24071718752384186,0.3894217610359192,Mistral-7B,2025-05-22T11:09:00.432502,7300000000,3,820,wiki
fiction: Coal is solid rock that began as organic material that was deposited in a swamp. The formation of coal suggests that (Answer: D),1.3,512,0,1747904675.7444944,2025-05-22T09:04:35.744500,0.2413192242383957,0.38796308636665344,Mistral-7B,2025-05-22T11:09:00.513746,7300000000,4,820,fiction
"wiki: There was also a cursive style used for everyday or utilitarian writing, which was done on more perishable surfaces.",1.3,512,1,1747904755.751639,2025-05-22T09:05:55.751645,0.2601235508918762,0.4016597270965576,Mistral-7B,2025-05-22T11:09:01.992074,7300000000,0,820,wiki
"code: Explain what this code does:
def function_2(x): return x * 2",1.3,512,1,1747904762.1262813,2025-05-22T09:06:02.126286,0.27672863006591797,0.4223390817642212,Mistral-7B,2025-05-22T11:09:02.088076,7300000000,1,820,code
fiction: Why do areas in the middle of a large continent generally have more extreme differences in temperature than areas near the coastline? (Answer: D),1.3,512,1,1747904770.6251922,2025-05-22T09:06:10.625197,0.26661917567253113,0.4098465144634247,Mistral-7B,2025-05-22T11:09:02.182202,7300000000,2,820,fiction
news: Many thought that the story was too light compared to historically based stories.,1.3,512,1,1747904779.0448654,2025-05-22T09:06:19.044871,0.2578403353691101,0.3977726101875305,Mistral-7B,2025-05-22T11:09:02.276208,7300000000,3,820,news
"wiki: In contemporary anarchism, this current survives as a tendency to support polyamory and queer anarchism.",1.3,512,1,1747904787.5123713,2025-05-22T09:06:27.512376,0.25141793489456177,0.3910123407840729,Mistral-7B,2025-05-22T11:09:02.370131,7300000000,4,820,wiki
"wiki: The grouping of disorders, including PDD-NOS, autism, Asperger syndrome, Rett syndrome, and CDD, has been removed and replaced with the general term of Autism Spectrum Disorders.",1.3,512,1,1747904797.4045384,2025-05-22T09:06:37.404544,0.2703925371170044,0.4166184067726135,Mistral-7B,2025-05-22T11:09:03.880685,7300000000,0,825,wiki
news: Pro tip: The heel is centered under the body so you can feel confident and stable!,1.3,512,1,1747904798.800006,2025-05-22T09:06:38.800010,0.26897287368774414,0.4131380319595337,Mistral-7B,2025-05-22T11:09:03.959610,7300000000,1,825,news
wiki: The Alabama Alcoholic Beverage Control Board controls the sale and distribution of alcoholic beverages in the state.,1.3,512,1,1747904800.216203,2025-05-22T09:06:40.216223,0.2736830711364746,0.4203864634037018,Mistral-7B,2025-05-22T11:09:04.043275,7300000000,2,825,wiki
"wiki: Numerous candidate genes have been located, with only small effects attributable to any particular gene.",1.3,512,1,1747904807.265891,2025-05-22T09:06:47.265905,0.2572152614593506,0.39906638860702515,Mistral-7B,2025-05-22T11:09:04.124091,7300000000,3,825,wiki
news: The dancers currently have little information about the search process and plans to move forward.,1.3,512,1,1747904815.5075598,2025-05-22T09:06:55.507565,0.26004064083099365,0.4011594355106354,Mistral-7B,2025-05-22T11:09:04.206091,7300000000,4,825,news
"wiki: For example, the effects of a spectrally responsive albedo are illustrated by the differences between the spectrally weighted albedo of solar photovoltaic technology based on hydrogenated amorphous silicon (a-Si:H) and crystalline silicon (c-Si)-based compared to traditional spectral-integrated albedo predictions.",1.3,512,0,1747904684.8353028,2025-05-22T09:04:44.835309,0.23235514760017395,0.3788437247276306,Mistral-7B,2025-05-22T11:09:05.680682,7300000000,0,825,wiki
fiction: Why are alternative fuels being used in some automobiles? (Answer: B),1.3,512,0,1747904688.9342828,2025-05-22T09:04:48.934289,0.23699375987052917,0.38384437561035156,Mistral-7B,2025-05-22T11:09:05.770549,7300000000,1,825,fiction
"wiki: Ports The Port of Mobile, Alabama's only saltwater port, is a large seaport on the Gulf of Mexico with inland waterway access to the Midwest by way of the Tennessee–Tombigbee Waterway.",1.3,512,0,1747904695.9233663,2025-05-22T09:04:55.923372,0.23852580785751343,0.3857216238975525,Mistral-7B,2025-05-22T11:09:05.879115,7300000000,2,825,wiki
news: The Bay County Sheriff’s Office has arrested four men from Atlanta after they allegedly hired local transients to cash fraudulent checks for them using stolen personal information.,1.3,512,0,1747904703.6658752,2025-05-22T09:05:03.665880,0.23501135408878326,0.38269296288490295,Mistral-7B,2025-05-22T11:09:05.979465,7300000000,3,825,news
"code: Explain what this code does:
def function_44(x): return x * 2",1.3,512,0,1747904711.4453456,2025-05-22T09:05:11.445351,0.25266340374946594,0.4057880938053131,Mistral-7B,2025-05-22T11:09:06.081833,7300000000,4,825,code
fiction: What do earthquakes tell scientists about the history of the planet? (Answer: B),1.3,512,1,1747904824.3115346,2025-05-22T09:07:04.311540,0.2798607349395752,0.426896870136261,Mistral-7B,2025-05-22T11:09:07.548727,7300000000,0,830,fiction
wiki: This coincided with its failure to gain traction in Northern Europe and its unprecedented height in Latin America.,1.3,512,1,1747904832.4901648,2025-05-22T09:07:12.490170,0.264830619096756,0.40878209471702576,Mistral-7B,2025-05-22T11:09:07.655353,7300000000,1,830,wiki
fiction: Puddles on a sidewalk are evaporating quickly. What most likely causes the puddles to evaporate? (Answer: A),1.3,512,1,1747904836.1970985,2025-05-22T09:07:16.197106,0.26717567443847656,0.4107060432434082,Mistral-7B,2025-05-22T11:09:07.746712,7300000000,2,830,fiction
news: After almost 20 years there are countless things.,1.3,512,1,1747904838.5328422,2025-05-22T09:07:18.532846,0.26525619626045227,0.4078761041164398,Mistral-7B,2025-05-22T11:09:07.839039,7300000000,3,830,news
"wiki: In Alabama, majority-white districts are now expected to regularly elect Republican candidates to federal, state and local office.",1.3,512,1,1747904845.9947717,2025-05-22T09:07:25.994776,0.2725948691368103,0.4193599224090576,Mistral-7B,2025-05-22T11:09:07.924886,7300000000,4,830,wiki
news: Subscribe Also see,1.3,512,0,1747904719.6901128,2025-05-22T09:05:19.690118,0.23873454332351685,0.38539251685142517,Mistral-7B,2025-05-22T11:09:09.370026,7300000000,0,830,news
"news: For those looking to prepare for the exam, the post recommends going to the AWS Training website and working on the Advanced Architecting on AWS and Security Operations on AWS trainings.",1.3,512,0,1747904727.4840748,2025-05-22T09:05:27.484089,0.23913557827472687,0.38530293107032776,Mistral-7B,2025-05-22T11:09:09.452516,7300000000,1,830,news
"news: One thing to note: If you need more users, you'll create them from the command line (in similar fashion as you did above).",1.3,512,0,1747904735.791643,2025-05-22T09:05:35.791648,0.23415274918079376,0.3773863911628723,Mistral-7B,2025-05-22T11:09:09.537042,7300000000,2,830,news
"wiki: Given the long history of slavery and associated racial segregation, the Native American peoples, who have sometimes been of mixed race, have insisted on having their cultural identification respected.",1.3,512,0,1747904745.3248844,2025-05-22T09:05:45.324891,0.2271156907081604,0.3676380515098572,Mistral-7B,2025-05-22T11:09:09.621800,7300000000,3,830,wiki
"wiki: Acquiring language before age six, having an IQ above 50, and having a marketable skill all predict better outcomes; independent living is unlikely with severe autism.",1.3,512,0,1747904756.2080472,2025-05-22T09:05:56.208054,0.23008263111114502,0.37431344389915466,Mistral-7B,2025-05-22T11:09:09.704927,7300000000,4,830,wiki
fiction: What characteristic of DNA results in cell differentiation in developing embryos? (Answer: C),1.3,512,1,1747904849.8050272,2025-05-22T09:07:29.805032,0.2755507528781891,0.42217448353767395,Mistral-7B,2025-05-22T11:09:11.154014,7300000000,0,835,fiction
"wiki: The total effects were greater on the black community, as almost all its citizens were disfranchised and relegated to separate and unequal treatment under the law.",1.3,512,1,1747904861.4892175,2025-05-22T09:07:41.489223,0.2646753489971161,0.4095621407032013,Mistral-7B,2025-05-22T11:09:11.246665,7300000000,1,835,wiki
wiki: The current governor is Republican Kay Ivey.,1.3,512,1,1747904864.9696445,2025-05-22T09:07:44.969650,0.26974546909332275,0.41571149230003357,Mistral-7B,2025-05-22T11:09:11.324580,7300000000,2,835,wiki
wiki: Contemporary news coverage which emphasizes black bloc demonstrations has reinforced anarchism's historical association with chaos and violence.,1.3,512,1,1747904873.2872288,2025-05-22T09:07:53.287234,0.2578354477882385,0.3993293046951294,Mistral-7B,2025-05-22T11:09:11.402460,7300000000,3,835,wiki
"fiction: In a food pyramid, which best explains why the number of organisms decreases from one trophic level to the next? (Answer: B)",1.3,512,1,1747904874.7226331,2025-05-22T09:07:54.722638,0.2641306519508362,0.40696650743484497,Mistral-7B,2025-05-22T11:09:11.480172,7300000000,4,835,fiction
"news: Photo by Walter E. Owen, Courtesy Dance Magazine Archives.",1.3,512,0,1747904765.0771585,2025-05-22T09:06:05.077164,0.24153007566928864,0.39136478304862976,Mistral-7B,2025-05-22T11:09:12.922319,7300000000,0,835,news
"wiki: At the same time, many rural people migrated to the city of Birmingham to work in new industrial jobs.",1.3,512,0,1747904768.2728195,2025-05-22T09:06:08.272825,0.240995854139328,0.38939833641052246,Mistral-7B,2025-05-22T11:09:13.007129,7300000000,1,835,wiki
"wiki: While medications have not been found to help with core symptoms, they may be used for associated symptoms, such as irritability, inattention, or repetitive behavior patterns.",1.3,512,0,1747904775.7529426,2025-05-22T09:06:15.752948,0.24411991238594055,0.3935219645500183,Mistral-7B,2025-05-22T11:09:13.144300,7300000000,2,835,wiki
"wiki: No single repetitive or self-injurious behavior seems to be specific to autism, but autism appears to have an elevated pattern of occurrence and severity of these behaviors.",1.3,512,0,1747904783.8365085,2025-05-22T09:06:23.836514,0.24040085077285767,0.3890131115913391,Mistral-7B,2025-05-22T11:09:13.246487,7300000000,3,835,wiki
"news: One was located at a business on East Avenue and contact was made with Clarence Suggs, age 27, and Reginald Hughes, age 26.",1.3,512,0,1747904791.982912,2025-05-22T09:06:31.982917,0.23176932334899902,0.3755760192871094,Mistral-7B,2025-05-22T11:09:13.344587,7300000000,4,835,news
"wiki: All of them compared gluten- and casein-free diet versus normal diet with a control group (2 double-blind randomized controlled trials, 1 double-blind crossover trial, 1 single-blind trial).",1.3,512,0,1747904796.5219648,2025-05-22T09:06:36.521969,0.23606151342391968,0.38242340087890625,Mistral-7B,2025-05-22T11:09:14.863535,7300000000,0,840,wiki
news: Log out and log back in with your new credentials.,1.3,512,0,1747904801.7854717,2025-05-22T09:06:41.785477,0.24346478283405304,0.3910476565361023,Mistral-7B,2025-05-22T11:09:14.948133,7300000000,1,840,news
"fiction: Heat, light, and sound are all different forms of ___. (Answer: B)",1.3,512,0,1747904803.198237,2025-05-22T09:06:43.198242,0.24124565720558167,0.38918453454971313,Mistral-7B,2025-05-22T11:09:15.029884,7300000000,2,840,fiction
"code: Explain what this code does:
def function_81(x): return x * 2",1.3,512,0,1747904811.4149306,2025-05-22T09:06:51.414935,0.25344496965408325,0.40618857741355896,Mistral-7B,2025-05-22T11:09:15.146539,7300000000,3,840,code
"code: Explain what this code does:
def function_93(x): return x * 2",1.3,512,0,1747904819.7028477,2025-05-22T09:06:59.702853,0.24787256121635437,0.3969247341156006,Mistral-7B,2025-05-22T11:09:15.232036,7300000000,4,840,code
"news: Snowflakes of the original cast, ""The Nutcracker"" at the Mariinsky Theatre, 1892.",1.3,512,1,1747904882.8105364,2025-05-22T09:08:02.810541,0.264253705739975,0.40888702869415283,Mistral-7B,2025-05-22T11:09:16.686726,7300000000,0,840,news
fiction: The following mathematical expressions represent four different concentrations of a chemical solution to be used in a science experiment. Which one is equal in magnitude to 1/1000? (Answer: C),1.3,512,1,1747904890.8901944,2025-05-22T09:08:10.890199,0.2750650644302368,0.4215604066848755,Mistral-7B,2025-05-22T11:09:16.769181,7300000000,1,840,fiction
wiki: No babbling by 12 months.,1.3,512,1,1747904893.360865,2025-05-22T09:08:13.360871,0.2731129229068756,0.4200218915939331,Mistral-7B,2025-05-22T11:09:16.848228,7300000000,2,840,wiki
"code: Explain what this code does:
def function_56(x): return x * 2",1.3,512,1,1747904900.3630323,2025-05-22T09:08:20.363037,0.2807970643043518,0.4280743896961212,Mistral-7B,2025-05-22T11:09:16.930359,7300000000,3,840,code
"code: Explain what this code does:
def function_36(x): return x * 2",1.3,512,1,1747904908.2130194,2025-05-22T09:08:28.213025,0.2798883318901062,0.4271298944950104,Mistral-7B,2025-05-22T11:09:17.042214,7300000000,4,840,code
"wiki: These kinds of groups more often than not interconnect with each other, forming larger networks.",1.3,512,0,1747904828.4204776,2025-05-22T09:07:08.420483,0.2309318333864212,0.37550726532936096,Mistral-7B,2025-05-22T11:09:18.514959,7300000000,0,845,wiki
news: Three transients have also been arrested for their participation.,1.3,512,0,1747904837.4704385,2025-05-22T09:07:17.470444,0.23578816652297974,0.3803211748600006,Mistral-7B,2025-05-22T11:09:18.624623,7300000000,1,845,news
fiction: What do cells break down to produce energy? (Answer: A),1.3,512,0,1747904841.1207101,2025-05-22T09:07:21.120715,0.2442469596862793,0.39260202646255493,Mistral-7B,2025-05-22T11:09:18.718441,7300000000,2,845,fiction
wiki: Alabama was under military rule from the end of the war in May 1865 until its official restoration to the Union in 1868.,1.3,512,0,1747904849.9847608,2025-05-22T09:07:29.984767,0.2460503727197647,0.39596447348594666,Mistral-7B,2025-05-22T11:09:18.807855,7300000000,3,845,wiki
"wiki: Jackson, Harvey H. Inside Alabama: A Personal History of My State (2004).",1.3,512,0,1747904861.555372,2025-05-22T09:07:41.555378,0.24273581802845,0.39215388894081116,Mistral-7B,2025-05-22T11:09:18.897608,7300000000,4,845,wiki
fiction: A chemical property of a mineral is evident if the mineral (Answer: 2),1.3,512,1,1747904916.9397182,2025-05-22T09:08:36.939723,0.2647888660430908,0.40762782096862793,Mistral-7B,2025-05-22T11:09:20.378716,7300000000,0,845,fiction
"news: Sun Jie, a coach and men's teacher at BDA since 2008, explains how introducing works from Western choreographers has broadened the overall abilities of Chinese ballet dancers.",1.3,512,1,1747904925.36617,2025-05-22T09:08:45.366176,0.25516220927238464,0.39530327916145325,Mistral-7B,2025-05-22T11:09:20.461791,7300000000,1,845,news
news: The victim was interviewed at Gulf Coast Children’s Advocacy Center.,1.3,512,1,1747904933.6262748,2025-05-22T09:08:53.626279,0.2604237496852875,0.40146729350090027,Mistral-7B,2025-05-22T11:09:20.557358,7300000000,2,845,news
"wiki: The Legislature is responsible for writing, debating, passing, or defeating state legislation.",1.3,512,1,1747904941.881689,2025-05-22T09:09:01.881694,0.2706723213195801,0.4161545932292938,Mistral-7B,2025-05-22T11:09:20.639106,7300000000,3,845,wiki
"news: ""It's not just a few ballet steps here and there; he asks you to fully engage with yourself, not only as a dancer but as an actor and a person.""",1.3,512,1,1747904950.2033165,2025-05-22T09:09:10.203322,0.2579144239425659,0.3984389007091522,Mistral-7B,2025-05-22T11:09:20.718439,7300000000,4,845,news
"wiki: Many of these attacks were done by individual assailants and the majority took place in the late 1870s, the early 1880s and the 1890s, with some still occurring in the early 1900s.",1.3,512,0,1747904869.6303465,2025-05-22T09:07:49.630352,0.23589731752872467,0.3830530047416687,Mistral-7B,2025-05-22T11:09:22.203673,7300000000,0,850,wiki
"wiki: Because of the constraints of the Alabama Constitution, which centralizes power in the state legislature, only seven counties (Jefferson, Lee, Mobile, Madison, Montgomery, Shelby, and Tuscaloosa) in the state have limited home rule.",1.3,512,0,1747904877.799226,2025-05-22T09:07:57.799232,0.24492952227592468,0.3951669931411743,Mistral-7B,2025-05-22T11:09:22.285094,7300000000,1,850,wiki
wiki: Sleep problems affect about two-thirds of individuals with ASD at some point in childhood.,1.3,512,0,1747904886.0859437,2025-05-22T09:08:06.085949,0.2496931552886963,0.40097734332084656,Mistral-7B,2025-05-22T11:09:22.366656,7300000000,2,850,wiki
"wiki: Albedo in Astronomy  In astronomy, the term albedo can be defined in several different ways, depending upon the application and the wavelength of electromagnetic radiation involved.",1.3,512,0,1747904894.8124416,2025-05-22T09:08:14.812446,0.25196054577827454,0.4043417274951935,Mistral-7B,2025-05-22T11:09:22.447042,7300000000,3,850,wiki
"news: Data processing policies Companies need to do data process flow mapping to see what data is being collected, how it's being processed, and who is receiving processed copies, Rickard said.",1.3,512,0,1747904903.4487777,2025-05-22T09:08:23.448783,0.23751288652420044,0.38254648447036743,Mistral-7B,2025-05-22T11:09:22.530016,7300000000,4,850,news
"wiki: Alabama English is predominantly Southern, and is related to South Midland speech which was taken across the border from Tennessee.",1.3,512,1,1747904958.8705378,2025-05-22T09:09:18.870543,0.2582605183124542,0.399420827627182,Mistral-7B,2025-05-22T11:09:23.993046,7300000000,0,850,wiki
"news: The EU's General Data Protection Regulation (GDPR) went into effect in May, requiring all organizations that handle the data of EU citizens to comply with its provisions regarding collecting and using personal data.",1.3,512,1,1747904967.2046103,2025-05-22T09:09:27.204615,0.27518272399902344,0.42094630002975464,Mistral-7B,2025-05-22T11:09:24.098388,7300000000,1,850,news
wiki: Autism rights or neurodiversity advocates believe that the autism spectrum is genetic and should be accepted as a natural expression of the human genome.,1.3,512,1,1747904975.3375683,2025-05-22T09:09:35.337573,0.2684999704360962,0.411772221326828,Mistral-7B,2025-05-22T11:09:24.202549,7300000000,2,850,wiki
news: The registration fee is $300.,1.3,512,1,1747904983.591217,2025-05-22T09:09:43.591223,0.2695889174938202,0.4133263826370239,Mistral-7B,2025-05-22T11:09:24.312428,7300000000,3,850,news
"news: This time around, everything went smoothly and I was able to log into the Gitstorage interface (Figure B).",1.3,512,1,1747904991.9013343,2025-05-22T09:09:51.901340,0.26379913091659546,0.4054236114025116,Mistral-7B,2025-05-22T11:09:24.417002,7300000000,4,850,news
"wiki: Unusual eating behavior occurs in about three-quarters of children with ASD, to the extent that it was formerly a diagnostic indicator.",1.3,512,1,1747905000.6062038,2025-05-22T09:10:00.606209,0.26518604159355164,0.40891027450561523,Mistral-7B,2025-05-22T11:09:25.881958,7300000000,0,855,wiki
"news: Over the past two decades, Java has arguably been the most successful programming language on the planet.",1.3,512,1,1747905008.7613919,2025-05-22T09:10:08.761398,0.2662521302700043,0.4075421988964081,Mistral-7B,2025-05-22T11:09:25.965939,7300000000,1,855,news
"wiki: The state legislature has retained power over local governments by refusing to pass a constitutional amendment establishing home rule for counties, as recommended by the 1973 Alabama Constitutional Commission.",1.3,512,1,1747905012.8690343,2025-05-22T09:10:12.869040,0.2611203193664551,0.4026831090450287,Mistral-7B,2025-05-22T11:09:26.068285,7300000000,2,855,wiki
"wiki: The rural bias of the state legislature, which had also failed to redistrict seats in the state house, affected politics well into the 20th century, failing to recognize the rise of industrial cities and urbanized areas.",1.3,512,1,1747905019.9711168,2025-05-22T09:10:19.971122,0.25177595019340515,0.3904452919960022,Mistral-7B,2025-05-22T11:09:26.162123,7300000000,3,855,wiki
"wiki: Clouds keep Earth cool by reflecting sunlight, but they can also serve as blankets to trap warmth.""",1.3,512,1,1747905027.4210906,2025-05-22T09:10:27.421096,0.270352303981781,0.41597631573677063,Mistral-7B,2025-05-22T11:09:26.256685,7300000000,4,855,wiki
wiki: One criticism of the current constitution claims that its complexity and length intentionally codify segregation and racism.,1.3,512,0,1747904912.3503363,2025-05-22T09:08:32.350342,0.2392580807209015,0.38691824674606323,Mistral-7B,2025-05-22T11:09:27.791039,7300000000,0,855,wiki
"wiki: Mohl, Raymond A.",1.3,512,0,1747904913.7301457,2025-05-22T09:08:33.730151,0.240428626537323,0.38809850811958313,Mistral-7B,2025-05-22T11:09:27.875863,7300000000,1,855,wiki
"code: Explain what this code does:
def function_6(x): return x * 2",1.3,512,0,1747904921.6462896,2025-05-22T09:08:41.646295,0.2539781630039215,0.4062716066837311,Mistral-7B,2025-05-22T11:09:27.954239,7300000000,2,855,code
wiki: Other anarchists advocated for or used art as a means to achieve anarchist ends.,1.3,512,0,1747904929.7426493,2025-05-22T09:08:49.742654,0.23891091346740723,0.38697806000709534,Mistral-7B,2025-05-22T11:09:28.050125,7300000000,3,855,wiki
news: You can also login with the non-admin user you created.,1.3,512,0,1747904937.907525,2025-05-22T09:08:57.907531,0.2379983365535736,0.3826499879360199,Mistral-7B,2025-05-22T11:09:28.143431,7300000000,4,855,news
"wiki: Autistic people may be severely impaired in some respects but average, or even superior, in others.",1.3,512,0,1747904946.429953,2025-05-22T09:09:06.429958,0.23819996416568756,0.38406461477279663,Mistral-7B,2025-05-22T11:09:29.648428,7300000000,0,860,wiki
"wiki: There are two intermediate appellate courts, the Court of Civil Appeals and the Court of Criminal Appeals, and four trial courts: the circuit court (trial court of general jurisdiction), and the district, probate, and municipal courts.",1.3,512,0,1747904954.6297708,2025-05-22T09:09:14.629777,0.24965083599090576,0.4015454649925232,Mistral-7B,2025-05-22T11:09:29.729583,7300000000,1,860,wiki
fiction: Which of these is never found in prokaryotic cells? (Answer: D),1.3,512,0,1747904962.3780172,2025-05-22T09:09:22.378023,0.25443562865257263,0.40781447291374207,Mistral-7B,2025-05-22T11:09:29.807087,7300000000,2,860,fiction
"wiki: In Greek handwriting, it was common to join the left leg and horizontal stroke into a single loop, as demonstrated by the uncial version shown.",1.3,512,0,1747904970.9222445,2025-05-22T09:09:30.922249,0.24884024262428284,0.40187007188796997,Mistral-7B,2025-05-22T11:09:29.884621,7300000000,3,860,wiki
"fiction: When a mirror is placed by a fish bowl with a beta fish swimming inside, the beta fish sees what appears to be another fish. This occurs because of (Answer: C)",1.3,512,0,1747904979.2450595,2025-05-22T09:09:39.245065,0.2434704601764679,0.39178070425987244,Mistral-7B,2025-05-22T11:09:29.962880,7300000000,4,860,fiction
"wiki: Critics argue that Alabama's constitution maintains highly centralized power with the state legislature, leaving practically no power in local hands.",1.3,512,1,1747905037.8936057,2025-05-22T09:10:37.893612,0.25805315375328064,0.3974539041519165,Mistral-7B,2025-05-22T11:09:31.446107,7300000000,0,860,wiki
"code: Explain what this code does:
def function_76(x): return x * 2",1.3,512,1,1747905046.439505,2025-05-22T09:10:46.439510,0.2637143135070801,0.4032561480998993,Mistral-7B,2025-05-22T11:09:31.547338,7300000000,1,860,code
"wiki: Ferrer's approach was secular, rejecting both state and church involvement in the educational process whilst giving pupils large amounts of autonomy in planning their work and attendance.",1.3,512,1,1747905054.831628,2025-05-22T09:10:54.831632,0.2636969983577728,0.4075784385204315,Mistral-7B,2025-05-22T11:09:31.678079,7300000000,2,860,wiki
"fiction: As part of an experiment, an astronaut takes a scale to the Moon and weighs himself. The scale reads 31 pounds. If the astronaut has a mass of about 84 kilograms, which are the approximate weight and mass of the astronaut when standing on the Earth? (Answer: D)",1.3,512,1,1747905056.5144486,2025-05-22T09:10:56.514454,0.2702735960483551,0.41452673077583313,Mistral-7B,2025-05-22T11:09:31.779574,7300000000,3,860,fiction
"wiki: Since the mid- to late 20th century, however, white conservatives started shifting to the Republican Party.",1.3,512,1,1747905064.3219576,2025-05-22T09:11:04.321963,0.27290117740631104,0.41964733600616455,Mistral-7B,2025-05-22T11:09:31.877020,7300000000,4,860,wiki
"wiki: Civil War and Reconstruction  By 1860, the population had increased to 964,201 people, of which nearly half, 435,080, were enslaved African Americans, and 2,690 were free people of color.",1.3,512,0,1747904988.1330502,2025-05-22T09:09:48.133056,0.2488631010055542,0.4000331461429596,Mistral-7B,2025-05-22T11:09:33.383457,7300000000,0,865,wiki
"code: Explain what this code does:
def function_46(x): return x * 2",1.3,512,0,1747904996.2616022,2025-05-22T09:09:56.261608,0.25548845529556274,0.40881630778312683,Mistral-7B,2025-05-22T11:09:33.464127,7300000000,1,865,code
"news: During a search warrant on the two vehicles two printers, blank checks, cash, and a computer with check-making software were located and seized.",1.3,512,0,1747905004.4953809,2025-05-22T09:10:04.495386,0.23515507578849792,0.38172125816345215,Mistral-7B,2025-05-22T11:09:33.551448,7300000000,2,865,news
"wiki: Instead of people being able to control the aspects of their life, major decisions are taken by a small elite.",1.3,512,0,1747905013.7612245,2025-05-22T09:10:13.761230,0.24057845771312714,0.38810476660728455,Mistral-7B,2025-05-22T11:09:33.637226,7300000000,3,865,wiki
"code: Explain what this code does:
def function_28(x): return x * 2",1.3,512,0,1747905022.3149605,2025-05-22T09:10:22.314964,0.25708436965942383,0.4112536907196045,Mistral-7B,2025-05-22T11:09:33.719615,7300000000,4,865,code
"news: 1892 ""Nutcracker"" costume sketch by Ivan Vsevolozhsky of the Sugar Plum Fairy's retinue.",1.3,512,1,1747905066.543082,2025-05-22T09:11:06.543089,0.2708927392959595,0.41681066155433655,Mistral-7B,2025-05-22T11:09:35.221596,7300000000,0,865,news
news: What parts of your life outside of ballet do you most look forward to cultivating now that you'll have more time on your hands?,1.3,512,1,1747905073.7577724,2025-05-22T09:11:13.757778,0.27837684750556946,0.42468884587287903,Mistral-7B,2025-05-22T11:09:35.301642,7300000000,1,865,news
news: NYCB's Brittany Pollack and Chase Finlay in the grand pas de deux toe slide.,1.3,512,1,1747905081.6674745,2025-05-22T09:11:21.667479,0.26173871755599976,0.40550509095191956,Mistral-7B,2025-05-22T11:09:35.380070,7300000000,2,865,news
"code: Explain what this code does:
def function_40(x): return x * 2",1.3,512,1,1747905089.7035072,2025-05-22T09:11:29.703513,0.2751835286617279,0.4201189875602722,Mistral-7B,2025-05-22T11:09:35.459652,7300000000,3,865,code
"news: Some days you might not feel good about yourself, or things in your body might not be working well—every day is different.",1.3,512,1,1747905099.772794,2025-05-22T09:11:39.772802,0.27246713638305664,0.41669610142707825,Mistral-7B,2025-05-22T11:09:35.557173,7300000000,4,865,news
"code: Explain what this code does:
def function_20(x): return x * 2",1.3,512,1,1747905108.7885273,2025-05-22T09:11:48.788533,0.28046008944511414,0.4275558292865753,Mistral-7B,2025-05-22T11:09:37.113314,7300000000,0,870,code
news: Could some of us be out of a job?,1.3,512,1,1747905117.2023628,2025-05-22T09:11:57.202368,0.26076915860176086,0.4020463824272156,Mistral-7B,2025-05-22T11:09:37.195869,7300000000,1,870,news
"wiki: For instance, Birmingham and Jefferson County taxes had supplied one-third of the state budget, but Jefferson County received only 1/67th of state services in funding.",1.3,512,1,1747905123.8202372,2025-05-22T09:12:03.820242,0.25791192054748535,0.39838907122612,Mistral-7B,2025-05-22T11:09:37.275991,7300000000,2,870,wiki
"wiki: In geometry, capital A, B, C etc.",1.3,512,1,1747905132.3541343,2025-05-22T09:12:12.354140,0.26405853033065796,0.4061048626899719,Mistral-7B,2025-05-22T11:09:37.356137,7300000000,3,870,wiki
wiki: European settlement  The Spanish were the first Europeans to reach Alabama during their exploration of North America in the 16th century.,1.3,512,1,1747905140.7274375,2025-05-22T09:12:20.727443,0.2708181142807007,0.414933443069458,Mistral-7B,2025-05-22T11:09:37.436989,7300000000,4,870,wiki
fiction: Which term best describes the life cycle of an insect that reaches the adult stage without being a pupa? (Answer: A),1.3,512,0,1747905031.1869564,2025-05-22T09:10:31.186961,0.2504146993160248,0.40321412682533264,Mistral-7B,2025-05-22T11:09:38.877815,7300000000,0,870,fiction
"wiki: The Gulf Coast, around Mobile Bay, averages between 70 and 80 days per year with thunder reported.",1.3,512,0,1747905036.8701646,2025-05-22T09:10:36.870170,0.2518073618412018,0.4059896767139435,Mistral-7B,2025-05-22T11:09:38.965973,7300000000,1,870,wiki
"wiki: Anarchists also reinforced their propaganda within the arts, some of whom practiced naturism and nudism.",1.3,512,0,1747905043.7624657,2025-05-22T09:10:43.762471,0.23065370321273804,0.3765604496002197,Mistral-7B,2025-05-22T11:09:39.077330,7300000000,2,870,wiki
"wiki: During the antebellum period, Alabama was a major producer of cotton, and widely used African American slave labor.",1.3,512,0,1747905051.4395382,2025-05-22T09:10:51.439543,0.25135618448257446,0.40445995330810547,Mistral-7B,2025-05-22T11:09:39.179874,7300000000,3,870,wiki
"news: If I can't describe what I want with words, I have to show them.""",1.3,512,0,1747905059.5175147,2025-05-22T09:10:59.517520,0.24615764617919922,0.39522412419319153,Mistral-7B,2025-05-22T11:09:39.281774,7300000000,4,870,news
"fiction: Many common hand tools create a mechanical advantage by using the basic principles found in simple machines. For example, a screwdriver uses the principles of the wheel and axle. In order to increase gripping force, pliers use the principle demonstrated in the (Answer: B)",1.3,512,1,1747905147.6624727,2025-05-22T09:12:27.662479,0.2600560486316681,0.40111374855041504,Mistral-7B,2025-05-22T11:09:40.776598,7300000000,0,875,fiction
"news: The ethereal twinkling sound in the Sugar Plum Fairy's solo comes from the celesta, a rare instrument Tchaikovsky heard in France.",1.3,512,1,1747905156.2206345,2025-05-22T09:12:36.220641,0.26438018679618835,0.4076331853866577,Mistral-7B,2025-05-22T11:09:40.855499,7300000000,1,875,news
"wiki: They wrote another constitution in 1875, and the legislature passed the Blaine Amendment, prohibiting public money from being used to finance religious-affiliated schools.",1.3,512,1,1747905164.6553886,2025-05-22T09:12:44.655393,0.2592100203037262,0.399376779794693,Mistral-7B,2025-05-22T11:09:40.933416,7300000000,2,875,wiki
"wiki: In the Sasanian Empire, Mazdak called for an egalitarian society and the abolition of monarchy, only to be soon executed by Emperor Kavad I.",1.3,512,1,1747905172.9957333,2025-05-22T09:12:52.995739,0.2612377107143402,0.40355023741722107,Mistral-7B,2025-05-22T11:09:41.012037,7300000000,3,875,wiki
"wiki: Functional friendships, such as those resulting in invitations to parties, may affect the quality of life more deeply.",1.3,512,1,1747905181.3023863,2025-05-22T09:13:01.302391,0.2589326798915863,0.40025368332862854,Mistral-7B,2025-05-22T11:09:41.124845,7300000000,4,875,wiki
"wiki: A. John Simmons and Leslie Green, who leaned toward philosophical anarchism, believed that the state could be legitimate if it is governed by consensus, although they saw this as highly unlikely.",1.3,512,0,1747905068.420615,2025-05-22T09:11:08.420621,0.23011118173599243,0.37425997853279114,Mistral-7B,2025-05-22T11:09:42.571136,7300000000,0,875,wiki
news: New York City Ballet principal dancer Rebecca Krohn will take her final bow with the company this Saturday night.,1.3,512,0,1747905076.8279533,2025-05-22T09:11:16.827958,0.2512488067150116,0.40354326367378235,Mistral-7B,2025-05-22T11:09:42.653246,7300000000,1,875,news
"fiction: Hatchling sea turtles are typically dark in color. Occasionally, a sea turtle hatches that is almost white in color. When crawling from the nest on the beach to the ocean, this light-colored sea turtle could be at risk for sunburn. The light color of the turtles would most likely (Answer: C)",1.3,512,0,1747905083.1327896,2025-05-22T09:11:23.132794,0.2416152060031891,0.38961315155029297,Mistral-7B,2025-05-22T11:09:42.732551,7300000000,2,875,fiction
fiction: Which of these human activities does not contribute to the extinction of species? (Answer: C),1.3,512,0,1747905086.9561017,2025-05-22T09:11:26.956106,0.241981640458107,0.39015719294548035,Mistral-7B,2025-05-22T11:09:42.812265,7300000000,3,875,fiction
fiction: How long does it take for Earth to rotate on its axis seven times? (Answer: B),1.3,512,0,1747905088.642574,2025-05-22T09:11:28.642579,0.2447161227464676,0.3937666416168213,Mistral-7B,2025-05-22T11:09:42.891737,7300000000,4,875,fiction
"wiki: Because light specularly reflected from water does not usually reach the viewer, water is usually considered to have a very low albedo in spite of its high reflectivity at high angles of incident light.",1.3,512,1,1747905183.2824492,2025-05-22T09:13:03.282455,0.26315343379974365,0.40480926632881165,Mistral-7B,2025-05-22T11:09:44.342483,7300000000,0,880,wiki
"wiki: As it appeals to both emotion and reason, art could appeal to the whole human and have a powerful effect.",1.3,512,1,1747905190.7005904,2025-05-22T09:13:10.700595,0.2654273211956024,0.408073365688324,Mistral-7B,2025-05-22T11:09:44.433535,7300000000,1,880,wiki
"wiki: In addition, Alabama produces aerospace and electronic products, mostly in the Huntsville area, the location of NASA's George C. Marshall Space Flight Center and the U.S. Army Materiel Command, headquartered at Redstone Arsenal.",1.3,512,1,1747905198.7836995,2025-05-22T09:13:18.783705,0.2677733600139618,0.41179659962654114,Mistral-7B,2025-05-22T11:09:44.515339,7300000000,2,880,wiki
"wiki: Through many countries, individualist anarchism attracted a small yet diverse following of Bohemian artists and intellectuals as well as young anarchist outlaws in what became known as illegalism and individual reclamation.",1.3,512,1,1747905206.9733245,2025-05-22T09:13:26.973329,0.2577296495437622,0.3985503911972046,Mistral-7B,2025-05-22T11:09:44.649089,7300000000,3,880,wiki
"code: Explain what this code does:
def function_77(x): return x * 2",1.3,512,1,1747905213.6543841,2025-05-22T09:13:33.654389,0.2721911668777466,0.4154784083366394,Mistral-7B,2025-05-22T11:09:44.754498,7300000000,4,880,code
"wiki: The first community of adherents of the Baháʼí Faith in Alabama was founded in 1896 by Paul K. Dealy, who moved from Chicago to Fairhope.",1.3,512,0,1747905099.2572825,2025-05-22T09:11:39.257289,0.23903363943099976,0.3884897232055664,Mistral-7B,2025-05-22T11:09:46.272706,7300000000,0,880,wiki
wiki: No known medication relieves autism's core symptoms of social and communication impairments.,1.3,512,0,1747905106.2175012,2025-05-22T09:11:46.217507,0.2518691420555115,0.40593549609184265,Mistral-7B,2025-05-22T11:09:46.359079,7300000000,1,880,wiki
"code: Explain what this code does:
def function_31(x): return x * 2",1.3,512,0,1747905113.791722,2025-05-22T09:11:53.791727,0.2581702470779419,0.41298604011535645,Mistral-7B,2025-05-22T11:09:46.437395,7300000000,2,880,code
"code: Explain what this code does:
def function_35(x): return x * 2",1.3,512,0,1747905121.461413,2025-05-22T09:12:01.461418,0.2597038745880127,0.41536185145378113,Mistral-7B,2025-05-22T11:09:46.517246,7300000000,3,880,code
"news: 34 total views, 34 views today Share Us",1.3,512,0,1747905128.918953,2025-05-22T09:12:08.918958,0.25544217228889465,0.40991461277008057,Mistral-7B,2025-05-22T11:09:46.631207,7300000000,4,880,news
news: That's something I'll never forget.,1.3,512,0,1747905137.2554615,2025-05-22T09:12:17.255467,0.2495955526828766,0.40016794204711914,Mistral-7B,2025-05-22T11:09:48.106010,7300000000,0,885,news
news: A number of dancers including New York City Ballet principal Russell Janzen will be acting as moving models.,1.3,512,0,1747905145.320645,2025-05-22T09:12:25.320650,0.23942233622074127,0.3876359760761261,Mistral-7B,2025-05-22T11:09:48.189144,7300000000,1,885,news
"code: Explain what this code does:
def function_29(x): return x * 2",1.3,512,0,1747905152.874016,2025-05-22T09:12:32.874021,0.2577584385871887,0.4124085307121277,Mistral-7B,2025-05-22T11:09:48.266931,7300000000,2,885,code
wiki: Education  Primary and secondary education  Public primary and secondary education in Alabama is under the purview of the Alabama State Board of Education as well as local oversight by 67 county school boards and 60 city boards of education.,1.3,512,0,1747905160.931008,2025-05-22T09:12:40.931018,0.24684873223304749,0.3966042399406433,Mistral-7B,2025-05-22T11:09:48.344477,7300000000,3,885,wiki
wiki: About half of people in their 20s with autism are not employed.,1.3,512,0,1747905169.1020806,2025-05-22T09:12:49.102086,0.2297924906015396,0.3716108202934265,Mistral-7B,2025-05-22T11:09:48.421993,7300000000,4,885,wiki
news: Dumas even cheered up the name of the protagonist.,1.3,512,1,1747905222.5517554,2025-05-22T09:13:42.551761,0.2630005180835724,0.4063901901245117,Mistral-7B,2025-05-22T11:09:49.883173,7300000000,0,885,news
fiction: Cells are the basic unit of structure and function in all living organisms. Which describes the greatest difference between the cells of a baby gorilla and the cells of an adult gorilla? (Answer: A),1.3,512,1,1747905227.8792508,2025-05-22T09:13:47.879257,0.2731418013572693,0.4177689552307129,Mistral-7B,2025-05-22T11:09:49.961251,7300000000,1,885,fiction
"wiki: A total of 387 schools, seven teachers' houses, and several vocational buildings were completed by 1937 in the state.",1.3,512,1,1747905236.350511,2025-05-22T09:13:56.350516,0.2583337128162384,0.3977445662021637,Mistral-7B,2025-05-22T11:09:50.057572,7300000000,2,885,wiki
"wiki: Bakunin saw the state as meaning ""coercion, domination by means of coercion, camouflaged if possible but unceremonious and overt if need be.""",1.3,512,1,1747905244.8370023,2025-05-22T09:14:04.837008,0.2608959972858429,0.4021909534931183,Mistral-7B,2025-05-22T11:09:50.160192,7300000000,3,885,wiki
"wiki: After bitter disputes, the Bakuninists were expelled from the International by the Marxists at the 1872 Hague Congress.",1.3,512,1,1747905253.2200823,2025-05-22T09:14:13.220087,0.25808292627334595,0.3999931514263153,Mistral-7B,2025-05-22T11:09:50.254313,7300000000,4,885,wiki
wiki: Legion Field is home of the UAB Blazers football program and the Birmingham Bowl.,1.3,512,0,1747905177.5490978,2025-05-22T09:12:57.549104,0.2501099407672882,0.4013892412185669,Mistral-7B,2025-05-22T11:09:51.766483,7300000000,0,890,wiki
news: 3.,1.3,512,0,1747905185.547025,2025-05-22T09:13:05.547030,0.24241366982460022,0.3902176022529602,Mistral-7B,2025-05-22T11:09:51.844918,7300000000,1,890,news
fiction: The composition of soil influences the soil's ability to retain and transmit water and air. What soil type would be best for planting a productive garden? (Answer: B),1.3,512,0,1747905194.0235524,2025-05-22T09:13:14.023557,0.24496722221374512,0.394248366355896,Mistral-7B,2025-05-22T11:09:51.921701,7300000000,2,890,fiction
"wiki: History  The earliest certain ancestor of ""A"" is aleph (also written 'aleph), the first letter of the Phoenician alphabet, which consisted entirely of consonants (for that reason, it is also called an abjad to distinguish it from a true alphabet).",1.3,512,0,1747905202.6016982,2025-05-22T09:13:22.601702,0.23969045281410217,0.38712209463119507,Mistral-7B,2025-05-22T11:09:51.998190,7300000000,3,890,wiki
"wiki: Immigration from outside the U.S. resulted in a net increase of 31,180 people, and migration within the country produced a net gain of 73,811 people.",1.3,512,0,1747905210.4556458,2025-05-22T09:13:30.455651,0.2462233006954193,0.3957032561302185,Mistral-7B,2025-05-22T11:09:52.099585,7300000000,4,890,wiki
"news: Investigators now believe that four black males came from Atlanta to the Destin area on October 1, 2017, and rented two vehicles.",1.3,512,1,1747905262.007242,2025-05-22T09:14:22.007247,0.2578366994857788,0.3964097797870636,Mistral-7B,2025-05-22T11:09:53.577378,7300000000,0,890,news
wiki: Greater Birmingham is Alabama's largest metropolitan area and its economic center.,1.3,512,1,1747905270.2037582,2025-05-22T09:14:30.203763,0.2694323658943176,0.4136303663253784,Mistral-7B,2025-05-22T11:09:53.683842,7300000000,1,890,wiki
fiction: A fold observed in layers of sedimentary rock most likely resulted from the (Answer: B),1.3,512,1,1747905278.4633863,2025-05-22T09:14:38.463391,0.2605409324169159,0.4027298092842102,Mistral-7B,2025-05-22T11:09:53.777159,7300000000,2,890,fiction
"fiction: In the carbon cycle, carbon moves from reservoir to reservoir as various organic and inorganic processes occur on Earth. Only a small percentage of the global carbon is moved in this cycle each year. The remaining carbon is stored in these reservoirs. Which reservoir contains the greatest amount of stored carbon? (Answer: D)",1.3,512,1,1747905281.1861472,2025-05-22T09:14:41.186152,0.26934462785720825,0.4123416244983673,Mistral-7B,2025-05-22T11:09:53.856383,7300000000,3,890,fiction
news: San Francisco Ballet Honors Robbins Mysterious; romantic; witty; electrifying.,1.3,512,1,1747905289.0195584,2025-05-22T09:14:49.019564,0.26029884815216064,0.4023708403110504,Mistral-7B,2025-05-22T11:09:53.934174,7300000000,4,890,news
"wiki: In two of the studies, whose duration was 12 and 24 months, a significant improvement in ASD symptoms (efficacy rate 50%) was identified.",1.3,512,1,1747905297.584532,2025-05-22T09:14:57.584537,0.2569451928138733,0.39714065194129944,Mistral-7B,2025-05-22T11:09:55.392353,7300000000,0,895,wiki
fiction: Which geologic process most likely led to the uplifting of the Rocky Mountains? (Answer: C),1.3,512,1,1747905302.1524885,2025-05-22T09:15:02.152495,0.2698356807231903,0.413791298866272,Mistral-7B,2025-05-22T11:09:55.501075,7300000000,1,895,fiction
"news: Building a slide deck, pitch, or presentation?",1.3,512,1,1747905305.9321468,2025-05-22T09:15:05.932152,0.2641836106777191,0.4062575101852417,Mistral-7B,2025-05-22T11:09:55.609769,7300000000,2,895,news
"wiki: Since a direct connection from I-22 to I-422 will not be possible, I-222 has been proposed, as well.",1.3,512,1,1747905313.1095364,2025-05-22T09:15:13.109541,0.2601189911365509,0.40148332715034485,Mistral-7B,2025-05-22T11:09:55.706767,7300000000,3,895,wiki
"code: Explain what this code does:
def function_65(x): return x * 2",1.3,512,1,1747905317.327413,2025-05-22T09:15:17.327419,0.2707037627696991,0.4144699275493622,Mistral-7B,2025-05-22T11:09:55.816808,7300000000,4,895,code
news: Balanchine included Shiryaev's original choreography in his Nutcracker.,1.3,512,0,1747905218.780599,2025-05-22T09:13:38.780605,0.25011754035949707,0.4020172655582428,Mistral-7B,2025-05-22T11:09:57.355102,7300000000,0,895,news
"wiki: It has been established that vaccination is not a risk factor for autism and is not behind any increase in autism prevalence rates, if any change in the rate of autism exists at all.",1.3,512,0,1747905226.6614244,2025-05-22T09:13:46.661430,0.2381390780210495,0.38341644406318665,Mistral-7B,2025-05-22T11:09:57.480378,7300000000,1,895,wiki
wiki: A smooth metallic sphere would have .,1.3,512,0,1747905233.6868927,2025-05-22T09:13:53.686904,0.24495992064476013,0.39516669511795044,Mistral-7B,2025-05-22T11:09:57.598895,7300000000,2,895,wiki
"code: Explain what this code does:
def function_89(x): return x * 2",1.3,512,0,1747905241.324603,2025-05-22T09:14:01.324608,0.2518686056137085,0.4031916856765747,Mistral-7B,2025-05-22T11:09:57.706024,7300000000,3,895,code
fiction: An ice cube placed in sunlight melts quickly. Which BEST explains this event? (Answer: B),1.3,512,0,1747905249.421848,2025-05-22T09:14:09.421852,0.24432441592216492,0.39342665672302246,Mistral-7B,2025-05-22T11:09:57.785255,7300000000,4,895,fiction
news: BDA alumni in American companies include San Francisco Ballet soloists Wei Wang and Wanting Zhao and ABT corps members Zhiyao Zhang and Xuelan Lu.,1.3,512,0,1747905258.0092459,2025-05-22T09:14:18.009252,0.240993469953537,0.3909103572368622,Mistral-7B,2025-05-22T11:09:59.247880,7300000000,0,900,news
wiki: Alabama's slaves were freed by the 13th Amendment in 1865.,1.3,512,0,1747905266.1362207,2025-05-22T09:14:26.136226,0.25197502970695496,0.40600571036338806,Mistral-7B,2025-05-22T11:09:59.336030,7300000000,1,900,wiki
"wiki: Indigenous animal species in the state include 62 mammal species, 93 reptile species, 73 amphibian species, roughly 307 native freshwater fish species, and 420 bird species that spend at least part of their year within the state.",1.3,512,0,1747905274.5650475,2025-05-22T09:14:34.565053,0.24352599680423737,0.392429381608963,Mistral-7B,2025-05-22T11:09:59.424192,7300000000,2,900,wiki
fiction: Which of these do scientists offer as the most recent explanation as to why many plants and animals died out at the end of the Mesozoic era? (Answer: D),1.3,512,0,1747905276.007547,2025-05-22T09:14:36.007552,0.24260610342025757,0.390444815158844,Mistral-7B,2025-05-22T11:09:59.513752,7300000000,3,900,fiction
"fiction: Some animals are very rare. For example, there are very few Siberian tigers. If the only Siberian tigers left are female, what will most likely happen? (Answer: D)",1.3,512,0,1747905283.9065394,2025-05-22T09:14:43.906545,0.25084128975868225,0.4037698209285736,Mistral-7B,2025-05-22T11:09:59.633508,7300000000,4,900,fiction
"wiki: Unlike with autism, people with Asperger syndrome have no substantial delay in language development.",1.3,512,1,1747905326.4131231,2025-05-22T09:15:26.413128,0.2635279893875122,0.4052982032299042,Mistral-7B,2025-05-22T11:10:01.085600,7300000000,0,900,wiki
"wiki: Anarchism's emphasis on anti-capitalism, egalitarianism, and for the extension of community and individuality sets it apart from anarcho-capitalism and other types of economic libertarianism.",1.3,512,1,1747905334.7937331,2025-05-22T09:15:34.793739,0.26189059019088745,0.40334710478782654,Mistral-7B,2025-05-22T11:10:01.186144,7300000000,1,900,wiki
"wiki: The first anarchist currents developed throughout the 18th century as William Godwin espoused philosophical anarchism in England, morally delegitimising the state, Max Stirner's thinking paved the way to individualism and Pierre-Joseph Proudhon's theory of mutualism found fertile soil in France.",1.3,512,1,1747905343.2596304,2025-05-22T09:15:43.259636,0.25555482506752014,0.3965345621109009,Mistral-7B,2025-05-22T11:10:01.262677,7300000000,2,900,wiki
"news: ""It's a kind of otherworldly dream,"" says Wheater.",1.3,512,1,1747905351.6628723,2025-05-22T09:15:51.662877,0.25045520067214966,0.3887711763381958,Mistral-7B,2025-05-22T11:10:01.339740,7300000000,3,900,news
"wiki: Alabama's 67 county sheriffs are elected in partisan, at-large races, and Democrats still retain the narrow majority of those posts.",1.3,512,1,1747905353.1123936,2025-05-22T09:15:53.112399,0.25309187173843384,0.3914387822151184,Mistral-7B,2025-05-22T11:10:01.416372,7300000000,4,900,wiki
wiki: Both derive from the majuscule (capital) form.,1.3,512,1,1747905361.5204873,2025-05-22T09:16:01.520492,0.25377920269966125,0.3924810290336609,Mistral-7B,2025-05-22T11:10:02.863118,7300000000,0,905,wiki
"news: The research was truly enriching, because I realized how wonderful of a person he was as well, which dictates how we share his personal life onstage.",1.3,512,1,1747905369.5784109,2025-05-22T09:16:09.578416,0.2475011646747589,0.382453590631485,Mistral-7B,2025-05-22T11:10:02.947431,7300000000,1,905,news
wiki: It was the only state to allow judges to override jury decisions in whether or not to use a death sentence; in 10 cases judges overturned sentences of life imprisonment without parole that were voted unanimously by juries.,1.3,512,1,1747905376.8282106,2025-05-22T09:16:16.828216,0.26745063066482544,0.41363078355789185,Mistral-7B,2025-05-22T11:10:03.051746,7300000000,2,905,wiki
"wiki: In 2009, Bryant–Denny Stadium and Jordan-Hare Stadium became the homes of the Alabama High School Athletic Association state football championship games, after previously being held at Legion Field in Birmingham.",1.3,512,1,1747905381.2199185,2025-05-22T09:16:21.219925,0.2673600912094116,0.41273438930511475,Mistral-7B,2025-05-22T11:10:03.189142,7300000000,3,905,wiki
"wiki: JVC America, Inc. operates an optical disc replication and packaging plant in Tuscaloosa.",1.3,512,1,1747905388.1830635,2025-05-22T09:16:28.183068,0.2594268321990967,0.40134739875793457,Mistral-7B,2025-05-22T11:10:03.292637,7300000000,4,905,wiki
wiki: Anarchist tactics have shifted during the course of the last century.,1.3,512,0,1747905292.9266117,2025-05-22T09:14:52.926618,0.2466246783733368,0.39745280146598816,Mistral-7B,2025-05-22T11:10:04.817257,7300000000,0,905,wiki
"wiki: In May 2007, German steelmaker ThyssenKrupp selected Calvert in Mobile County for a 4.65billion combined stainless and carbon steel processing facility.",1.3,512,0,1747905301.4662042,2025-05-22T09:15:01.466210,0.23817701637744904,0.3845704197883606,Mistral-7B,2025-05-22T11:10:04.924557,7300000000,1,905,wiki
wiki: Some studies also find decreased earning among parents who care for autistic children.,1.3,512,0,1747905306.1078267,2025-05-22T09:15:06.107835,0.23942291736602783,0.3872465193271637,Mistral-7B,2025-05-22T11:10:05.024145,7300000000,2,905,wiki
fiction: A flowing stream contains water at 18°C. Cans of soft drinks at 28°C are lowered into the stream. Which of the following will most likely occur? (Answer: B),1.3,512,0,1747905308.060583,2025-05-22T09:15:08.060589,0.24083878099918365,0.38695669174194336,Mistral-7B,2025-05-22T11:10:05.115821,7300000000,3,905,fiction
wiki: Collectivist anarchism is a revolutionary socialist form of anarchism commonly associated with Mikhail Bakunin.,1.3,512,0,1747905316.520181,2025-05-22T09:15:16.520186,0.2434253990650177,0.3928021490573883,Mistral-7B,2025-05-22T11:10:05.205195,7300000000,4,905,wiki
wiki: The monument was removed in August 2003.,1.3,512,0,1747905324.1530032,2025-05-22T09:15:24.153009,0.23847173154354095,0.3870258629322052,Mistral-7B,2025-05-22T11:10:06.721783,7300000000,0,910,wiki
"wiki: There is tentative evidence that music therapy may improve social interactions, verbal communication, and non-verbal communication skills.",1.3,512,0,1747905331.5758514,2025-05-22T09:15:31.575857,0.2506517469882965,0.4030735492706299,Mistral-7B,2025-05-22T11:10:06.802517,7300000000,1,910,wiki
wiki: Their decrease in prevalence was the result of further judicial power and targeting and cataloging by state institutions.,1.3,512,0,1747905339.4876797,2025-05-22T09:15:39.487685,0.2369701862335205,0.3860907256603241,Mistral-7B,2025-05-22T11:10:06.880976,7300000000,2,910,wiki
"wiki: With the anarchists being crushed in Russia, two new antithetical currents emerged, namely platformism and synthesis anarchism.",1.3,512,0,1747905340.9342544,2025-05-22T09:15:40.934260,0.23853641748428345,0.3879804015159607,Mistral-7B,2025-05-22T11:10:06.961514,7300000000,3,910,wiki
"wiki: Local elections Many local offices (county commissioners, boards of education, tax assessors, tax collectors, etc.)",1.3,512,0,1747905348.4170475,2025-05-22T09:15:48.417053,0.24233871698379517,0.39014697074890137,Mistral-7B,2025-05-22T11:10:07.046591,7300000000,4,910,wiki
"news: Although many have won awards at international competitions, the school does not actively focus on competing.",1.3,512,1,1747905396.205765,2025-05-22T09:16:36.205771,0.2509620487689972,0.3905928432941437,Mistral-7B,2025-05-22T11:10:08.539655,7300000000,0,910,news
"fiction: Lactose intolerance is a condition of the digestive system in which an individual has an inability to digest lactose, the sugar found in milk. An individual affected with lactose intolerance does not produce enough of the enzyme lactase, which is needed to break down lactose. If more adults than children are diagnosed with lactose intolerance, what does this most likely suggest? (Answer: A)",1.3,512,1,1747905398.0160215,2025-05-22T09:16:38.016027,0.27023935317993164,0.41495129466056824,Mistral-7B,2025-05-22T11:10:08.637022,7300000000,1,910,fiction
"code: Explain what this code does:
def function_64(x): return x * 2",1.3,512,1,1747905407.552201,2025-05-22T09:16:47.552208,0.27276962995529175,0.4181087911128998,Mistral-7B,2025-05-22T11:10:08.730767,7300000000,2,910,code
fiction: Which of the following is an example of a physical change? (Answer: B),1.3,512,1,1747905415.8154595,2025-05-22T09:16:55.815464,0.2657630741596222,0.40866485238075256,Mistral-7B,2025-05-22T11:10:08.824022,7300000000,3,910,fiction
"news: Fortunately, I was sent two devices, so I unplugged the first (a GS-16) and plugged in the second (a GS-64).",1.3,512,1,1747905424.2431033,2025-05-22T09:17:04.243108,0.25171005725860596,0.38884544372558594,Mistral-7B,2025-05-22T11:10:08.918341,7300000000,4,910,news
"wiki: In English grammar, ""a"", and its variant ""an"", is an indefinite article, used to introduce noun phrases.",1.3,512,0,1747905356.7336292,2025-05-22T09:15:56.733634,0.24738699197769165,0.3980907201766968,Mistral-7B,2025-05-22T11:10:10.428332,7300000000,0,915,wiki
"fiction: After observing several dogs running, students ask the following question: Do dogs with long hair run faster than dogs with short hair? How can the students best answer their question? (Answer: B)",1.3,512,0,1747905365.0556827,2025-05-22T09:16:05.055688,0.2495504915714264,0.4016474783420563,Mistral-7B,2025-05-22T11:10:10.506626,7300000000,1,915,fiction
"wiki: In China, small groups of students imported the humanistic pro-science version of anarcho-communism.",1.3,512,0,1747905373.301125,2025-05-22T09:16:13.301130,0.23524856567382812,0.38316279649734497,Mistral-7B,2025-05-22T11:10:10.637363,7300000000,2,915,wiki
"code: Explain what this code does:
def function_5(x): return x * 2",1.3,512,0,1747905382.305204,2025-05-22T09:16:22.305210,0.2590869665145874,0.4141881465911865,Mistral-7B,2025-05-22T11:10:10.738106,7300000000,3,915,code
"wiki: Peirce, Neal R. The Deep South States of America: People, Politics, and Power in the Seven Deep South States (1974).",1.3,512,0,1747905390.9516437,2025-05-22T09:16:30.951649,0.23918083310127258,0.388017863035202,Mistral-7B,2025-05-22T11:10:10.857780,7300000000,4,915,wiki
"news: OEMs like Meta, VIVE, Vuzix, and Picoare are already building on the XR1 platform, the release said.",1.3,512,1,1747905426.2284112,2025-05-22T09:17:06.228416,0.24579796195030212,0.3818213939666748,Mistral-7B,2025-05-22T11:10:12.398726,7300000000,0,915,news
"wiki: In Basra, religious sects preached against the state.",1.3,512,1,1747905433.878484,2025-05-22T09:17:13.878489,0.24783873558044434,0.3850501775741577,Mistral-7B,2025-05-22T11:10:12.479419,7300000000,1,915,wiki
"news: Photo by Paul Kolnik, Courtesy NYCB.",1.3,512,1,1747905441.9152594,2025-05-22T09:17:21.915264,0.25685620307922363,0.39784085750579834,Mistral-7B,2025-05-22T11:10:12.560672,7300000000,2,915,news
fiction: A toothpaste commercial states that a brand of toothpaste has a higher concentration of fluoride than any other toothpaste available. The commercial is most likely inferring that the advertised toothpaste (Answer: C),1.3,512,1,1747905450.131397,2025-05-22T09:17:30.131403,0.2567332088947296,0.39585810899734497,Mistral-7B,2025-05-22T11:10:12.641010,7300000000,3,915,fiction
"code: Explain what this code does:
def function_48(x): return x * 2",1.3,512,1,1747905458.367124,2025-05-22T09:17:38.367129,0.2674406170845032,0.40953153371810913,Mistral-7B,2025-05-22T11:10:12.718629,7300000000,4,915,code
"code: Explain what this code does:
def function_59(x): return x * 2",1.3,512,0,1747905399.7984138,2025-05-22T09:16:39.798419,0.2568035125732422,0.41065046191215515,Mistral-7B,2025-05-22T11:10:14.185234,7300000000,0,920,code
news: What are you most looking forward to in your new role?,1.3,512,0,1747905406.829244,2025-05-22T09:16:46.829250,0.26070624589920044,0.41624653339385986,Mistral-7B,2025-05-22T11:10:14.259950,7300000000,1,920,news
fiction: Which land form is the result of the constructive force of a glacier? (Answer: B),1.3,512,0,1747905412.8229816,2025-05-22T09:16:52.822987,0.2549792528152466,0.40921416878700256,Mistral-7B,2025-05-22T11:10:14.337922,7300000000,2,920,fiction
"wiki: The three GOP lieutenant governors are Steve Windom (1999–2003), Kay Ivey (2011–2017), and Will Ainsworth (2019–present).",1.3,512,0,1747905420.7281,2025-05-22T09:17:00.728105,0.25388067960739136,0.41071856021881104,Mistral-7B,2025-05-22T11:10:14.415082,7300000000,3,920,wiki
"code: Explain what this code does:
def function_43(x): return x * 2",1.3,512,0,1747905428.764857,2025-05-22T09:17:08.764863,0.258306622505188,0.4132772386074066,Mistral-7B,2025-05-22T11:10:14.491189,7300000000,4,920,code
wiki: Anarchism appears in English from 1642 as anarchisme and anarchy from 1539; early English usages emphasised a sense of disorder.,1.3,512,1,1747905468.8323655,2025-05-22T09:17:48.832369,0.2500941753387451,0.38524502515792847,Mistral-7B,2025-05-22T11:10:15.963447,7300000000,0,920,wiki
news: We've pulled together some highlights.,1.3,512,1,1747905479.8036544,2025-05-22T09:17:59.803660,0.2424948364496231,0.37594905495643616,Mistral-7B,2025-05-22T11:10:16.063397,7300000000,1,920,news
"wiki: Jordan-Hare Stadium is the home field of the Auburn football team and seats up to 87,451.",1.3,512,1,1747905483.9654515,2025-05-22T09:18:03.965457,0.25708869099617004,0.39538443088531494,Mistral-7B,2025-05-22T11:10:16.155870,7300000000,2,920,wiki
"wiki: The Alabama Fever land rush was underway when the state was admitted to the Union, with settlers and land speculators pouring into the state to take advantage of fertile land suitable for cotton cultivation.",1.3,512,1,1747905492.2062757,2025-05-22T09:18:12.206280,0.2592433989048004,0.40165814757347107,Mistral-7B,2025-05-22T11:10:16.249681,7300000000,3,920,wiki
"news: The Royal Swedish Ballet in Alexander Ekman's ""Midsummer Night's Dream.""",1.3,512,1,1747905500.4000645,2025-05-22T09:18:20.400070,0.2603195607662201,0.4031578600406647,Mistral-7B,2025-05-22T11:10:16.341276,7300000000,4,920,news
wiki: Variation in summer albedo across both forest types is associated with maximum rates of photosynthesis because plants with high growth capacity display a greater fraction of their foliage for direct interception of incoming radiation in the upper canopy.,1.3,512,0,1747905437.5547838,2025-05-22T09:17:17.554789,0.22514858841896057,0.36688247323036194,Mistral-7B,2025-05-22T11:10:17.840763,7300000000,0,925,wiki
"code: Explain what this code does:
def function_87(x): return x * 2",1.3,512,0,1747905445.8226147,2025-05-22T09:17:25.822620,0.2435142993927002,0.3908589780330658,Mistral-7B,2025-05-22T11:10:17.928832,7300000000,1,925,code
wiki: Industrial development related to the demands of World War II brought a level of prosperity to the state not seen since before the civil war.,1.3,512,0,1747905454.1082945,2025-05-22T09:17:34.108300,0.23208144307136536,0.3769208490848541,Mistral-7B,2025-05-22T11:10:18.013472,7300000000,2,925,wiki
wiki: A historical current that arose and flourished during 1890 and 1920 within anarchism was free love.,1.3,512,0,1747905461.8254004,2025-05-22T09:17:41.825405,0.24263882637023926,0.39334920048713684,Mistral-7B,2025-05-22T11:10:18.102756,7300000000,3,925,wiki
"fiction: Acid rain has a pH below 5.6. This rain can damage soil, lakes, crops, and buildings. Acid rain is caused by all of the following except (Answer: D)",1.3,512,0,1747905468.2393064,2025-05-22T09:17:48.239311,0.2411327213048935,0.3892439305782318,Mistral-7B,2025-05-22T11:10:18.186391,7300000000,4,925,fiction
"wiki: Terminology and distinction from schizophrenia  As late as the mid-1970s there was little evidence of a genetic role in autism, while in 2007 it was believed to be one of the most heritable psychiatric conditions.",1.3,512,1,1747905509.4476278,2025-05-22T09:18:29.447634,0.262759804725647,0.40396571159362793,Mistral-7B,2025-05-22T11:10:19.644046,7300000000,0,925,wiki
"wiki: The way these hacktivists work to develop and distribute resembles the anarchist ideals, especially when it comes to preserving users' privacy from state surveillance.",1.3,512,1,1747905517.5823243,2025-05-22T09:18:37.582330,0.2518447935581207,0.3902868628501892,Mistral-7B,2025-05-22T11:10:19.723407,7300000000,1,925,wiki
wiki: The Marxist criticism of anarchism is that it has a utopian character because all individuals should have anarchist views and values.,1.3,512,1,1747905525.029525,2025-05-22T09:18:45.029531,0.25718483328819275,0.39663591980934143,Mistral-7B,2025-05-22T11:10:19.803105,7300000000,2,925,wiki
"wiki: A 2018 review concluded that it may be a therapeutic option for specific groups of children with autism, such as those with known food intolerances or allergies, or with food intolerance markers.",1.3,512,1,1747905533.3413777,2025-05-22T09:18:53.341382,0.25856369733810425,0.3998262584209442,Mistral-7B,2025-05-22T11:10:19.881582,7300000000,3,925,wiki
"wiki: Among those who find work, most are employed in sheltered settings working for wages below the national minimum.",1.3,512,1,1747905541.643057,2025-05-22T09:19:01.643062,0.24718068540096283,0.38397321105003357,Mistral-7B,2025-05-22T11:10:19.960489,7300000000,4,925,wiki
"news: Artists of the Ballet in rehearsal for ""Frame by Frame.""",1.3,512,1,1747905551.6828368,2025-05-22T09:19:11.682843,0.25128740072250366,0.3898859918117523,Mistral-7B,2025-05-22T11:10:21.416118,7300000000,0,930,news
"news: ""GDPR closes all those gaps,"" he added.",1.3,512,1,1747905563.1915295,2025-05-22T09:19:23.191538,0.25425755977630615,0.3918551206588745,Mistral-7B,2025-05-22T11:10:21.499033,7300000000,1,930,news
wiki: Some authors suggest that automatic motor assessment could be useful to screen the children with ASD for instance with behavioural motor and emotionals reactions during smartphone watching.,1.3,512,1,1747905574.2492936,2025-05-22T09:19:34.249300,0.2471824437379837,0.3840480148792267,Mistral-7B,2025-05-22T11:10:21.602006,7300000000,2,930,wiki
"wiki: Epilepsy, with variations in risk of epilepsy due to age, cognitive level, and type of language disorder.",1.3,512,1,1747905582.8397958,2025-05-22T09:19:42.839801,0.26301392912864685,0.40585777163505554,Mistral-7B,2025-05-22T11:10:21.685927,7300000000,3,930,wiki
news: Git is the largest revision control and collaboration system available for development.,1.3,512,1,1747905591.4650078,2025-05-22T09:19:51.465013,0.26479920744895935,0.40485286712646484,Mistral-7B,2025-05-22T11:10:21.788475,7300000000,4,930,news
"wiki: It has a seating capacity of 143,000 and is the thirteenth largest stadium in the world and sixth largest stadium in America.",1.3,512,0,1747905480.1561933,2025-05-22T09:18:00.156200,0.23726606369018555,0.38295695185661316,Mistral-7B,2025-05-22T11:10:23.279106,7300000000,0,930,wiki
wiki: Automakers accounted for approximately a third of the industrial expansion in the state in 2012.,1.3,512,0,1747905487.840286,2025-05-22T09:18:07.840291,0.24140265583992004,0.38961416482925415,Mistral-7B,2025-05-22T11:10:23.365708,7300000000,1,930,wiki
wiki: Black anarchism began to take form at this time and influenced anarchism's move from a Eurocentric demographic.,1.3,512,0,1747905496.1621654,2025-05-22T09:18:16.162170,0.23087811470031738,0.3746207356452942,Mistral-7B,2025-05-22T11:10:23.445743,7300000000,2,930,wiki
fiction: Which of the following areas is most likely to form metamorphic rocks such as gneiss and schist? (Answer: C),1.3,512,0,1747905504.4862654,2025-05-22T09:18:24.486271,0.24975115060806274,0.4006907343864441,Mistral-7B,2025-05-22T11:10:23.526227,7300000000,3,930,fiction
"wiki: In general, higher IQs are correlated with greater responsiveness to treatment and improved treatment outcomes.",1.3,512,0,1747905512.9886713,2025-05-22T09:18:32.988677,0.24500617384910583,0.3948432505130768,Mistral-7B,2025-05-22T11:10:23.640345,7300000000,4,930,wiki
fiction: A plant that grows red flowers was crossed with the same kind of plant that grows white flowers. Their offspring grew pink flowers. Which best explains why the offspring grew pink flowers? (Answer: C),1.3,512,1,1747905599.91967,2025-05-22T09:19:59.919675,0.26559537649154663,0.4082473814487457,Mistral-7B,2025-05-22T11:10:25.109542,7300000000,0,935,fiction
"wiki: Assassination attempts were carried out against heads of state, some of which were successful.",1.3,512,1,1747905607.5379295,2025-05-22T09:20:07.537934,0.2757505178451538,0.42288926243782043,Mistral-7B,2025-05-22T11:10:25.200376,7300000000,1,935,wiki
"wiki: When seen from a distance, the ocean surface has a low albedo, as do most forests, whereas desert areas have some of the highest albedos among landforms.",1.3,512,1,1747905615.7748728,2025-05-22T09:20:15.774878,0.25900161266326904,0.39859819412231445,Mistral-7B,2025-05-22T11:10:25.287971,7300000000,2,935,wiki
fiction: A boat is acted on by a river current flowing north and by wind blowing on its sails. The boat travels northeast. In which direction is the wind most likely applying force to the sails of the boat? (Answer: B),1.3,512,1,1747905624.000863,2025-05-22T09:20:24.000867,0.26456570625305176,0.4061899483203888,Mistral-7B,2025-05-22T11:10:25.397692,7300000000,3,935,fiction
"news: The two men entered the gas station after McNeight, one of them carrying a tire iron.",1.3,512,1,1747905632.4400175,2025-05-22T09:20:32.440022,0.2577483654022217,0.3972403109073639,Mistral-7B,2025-05-22T11:10:25.501367,7300000000,4,935,news
"news: He holds his hands towards his chest, indicating the sign for ""I.""",1.3,512,0,1747905521.650537,2025-05-22T09:18:41.650541,0.2371324747800827,0.3835364878177643,Mistral-7B,2025-05-22T11:10:26.983667,7300000000,0,935,news
"code: Explain what this code does:
def function_68(x): return x * 2",1.3,512,0,1747905529.5887284,2025-05-22T09:18:49.588734,0.23263879120349884,0.3724971115589142,Mistral-7B,2025-05-22T11:10:27.089875,7300000000,1,935,code
wiki: These contributed to Congressional passage and enactment of the Civil Rights Act of 1964 and Voting Rights Act of 1965 by the U.S. Congress.,1.3,512,0,1747905537.754403,2025-05-22T09:18:57.754409,0.2489617019891739,0.40303948521614075,Mistral-7B,2025-05-22T11:10:27.191600,7300000000,2,935,wiki
"news: Go is cool, Swift is nifty, but old-school Java keeps reinventing itself to power both yesterday's and tomorrow's applications.",1.3,512,0,1747905545.9823477,2025-05-22T09:19:05.982353,0.23239776492118835,0.37512803077697754,Mistral-7B,2025-05-22T11:10:27.289257,7300000000,3,935,news
"wiki: Also, the Barber Motorsports Park has hosted IndyCar Series and Rolex Sports Car Series races.",1.3,512,0,1747905550.8393452,2025-05-22T09:19:10.839352,0.23817411065101624,0.3858076333999634,Mistral-7B,2025-05-22T11:10:27.385174,7300000000,4,935,wiki
news: The company is one of dozens of others honoring Robbins this year; last week we covered Cincinnati Ballet and New York Theatre Ballet.,1.3,512,0,1747905562.9910698,2025-05-22T09:19:22.991075,0.23171918094158173,0.3758185803890228,Mistral-7B,2025-05-22T11:10:28.929648,7300000000,0,940,news
"code: Explain what this code does:
def function_62(x): return x * 2",1.3,512,0,1747905573.5242555,2025-05-22T09:19:33.524262,0.2517648935317993,0.40342074632644653,Mistral-7B,2025-05-22T11:10:29.060044,7300000000,1,940,code
"wiki: Treatment approaches have little empirical support in quality-of-life contexts, and many programs focus on success measures that lack predictive validity and real-world relevance.",1.3,512,0,1747905580.4627335,2025-05-22T09:19:40.462739,0.24576759338378906,0.3978525996208191,Mistral-7B,2025-05-22T11:10:29.169217,7300000000,2,940,wiki
"code: Explain what this code does:
def function_51(x): return x * 2",1.3,512,0,1747905587.9222932,2025-05-22T09:19:47.922299,0.25361892580986023,0.40576624870300293,Mistral-7B,2025-05-22T11:10:29.267248,7300000000,3,940,code
"wiki: Those free love movements contributed to the establishment of communal houses, where large groups of travelers, anarchists and other activists slept in beds together.",1.3,512,0,1747905594.7901359,2025-05-22T09:19:54.790141,0.23648715019226074,0.38350826501846313,Mistral-7B,2025-05-22T11:10:29.362868,7300000000,4,940,wiki
"news: This spring, The Joffrey Ballet will present the North American premiere of Alexander Ekman's Midsummer Night's Dream.",1.3,512,1,1747905641.025385,2025-05-22T09:20:41.025390,0.26658445596694946,0.40967798233032227,Mistral-7B,2025-05-22T11:10:30.905603,7300000000,0,940,news
"news: I attempted to use the admin email/password I'd setup during the wizard, but that wouldn't work.",1.3,512,1,1747905649.1986632,2025-05-22T09:20:49.198669,0.24863804876804352,0.3834209740161896,Mistral-7B,2025-05-22T11:10:30.984975,7300000000,1,940,news
wiki: The former sought to create a coherent group that would push for revolution while the latter were against anything that would resemble a political party.,1.3,512,1,1747905657.4117796,2025-05-22T09:20:57.411784,0.25785136222839355,0.40064406394958496,Mistral-7B,2025-05-22T11:10:31.077232,7300000000,2,940,wiki
fiction: All of the following contain metric units of measurement except (Answer: C),1.3,512,1,1747905658.815404,2025-05-22T09:20:58.815409,0.2613731622695923,0.40354815125465393,Mistral-7B,2025-05-22T11:10:31.187061,7300000000,3,940,fiction
"wiki: within anarcho-primitivism), and the democratic process may be sharply criticised within some anarchist tendencies and simultaneously lauded in others.",1.3,512,1,1747905666.5380983,2025-05-22T09:21:06.538104,0.25180375576019287,0.3908226191997528,Mistral-7B,2025-05-22T11:10:31.294828,7300000000,4,940,wiki
"wiki: In the Alabama language, the word for a person of Alabama lineage is  (or variously  or  in different dialects; the plural form is ).",1.3,512,0,1747905603.6719303,2025-05-22T09:20:03.671936,0.22957509756088257,0.37238064408302307,Mistral-7B,2025-05-22T11:10:32.753938,7300000000,0,945,wiki
"wiki: Characteristics Autism is a highly variable neurodevelopmental disorder whose symptoms first appear during infancy or childhood, and generally follows a steady course without remission.",1.3,512,0,1747905611.755215,2025-05-22T09:20:11.755220,0.2482287883758545,0.3988321125507355,Mistral-7B,2025-05-22T11:10:32.840515,7300000000,1,945,wiki
"code: Explain what this code does:
def function_85(x): return x * 2",1.3,512,0,1747905619.9440558,2025-05-22T09:20:19.944061,0.2537619471549988,0.4059680998325348,Mistral-7B,2025-05-22T11:10:32.920012,7300000000,2,945,code
news: That was when McNeight called the BCSO to report the robbery.,1.3,512,0,1747905628.1824806,2025-05-22T09:20:28.182485,0.2397621124982834,0.3873443603515625,Mistral-7B,2025-05-22T11:10:33.000309,7300000000,3,945,news
news: SEE: IT project management: 10 ways to stay under budget (free PDF) (TechRepublic) Congratulations You now have your Trac system up and running.,1.3,512,0,1747905636.3844974,2025-05-22T09:20:36.384503,0.23609966039657593,0.38177940249443054,Mistral-7B,2025-05-22T11:10:33.127830,7300000000,4,945,news
news: He was paid $80 and was taken by the two men to Millville and left.,1.3,512,1,1747905674.8430147,2025-05-22T09:21:14.843020,0.2603546380996704,0.4015463888645172,Mistral-7B,2025-05-22T11:10:34.700609,7300000000,0,945,news
"news: It's an invaluable quality for a person to have, whether they continue to dance or end up doing other things.",1.3,512,1,1747905676.4095762,2025-05-22T09:21:16.409581,0.26359888911247253,0.405161052942276,Mistral-7B,2025-05-22T11:10:34.800945,7300000000,1,945,news
"wiki: The state ranges in elevation from sea level at Mobile Bay to more than  in the northeast, to Mount Cheaha at .",1.3,512,1,1747905683.7214167,2025-05-22T09:21:23.721421,0.265288382768631,0.40874502062797546,Mistral-7B,2025-05-22T11:10:34.907542,7300000000,2,945,wiki
"wiki: The uneven heating of Earth from albedo variations between land, ice, or ocean surfaces can drive weather.",1.3,512,1,1747905691.78617,2025-05-22T09:21:31.786175,0.264403760433197,0.4085029661655426,Mistral-7B,2025-05-22T11:10:34.986222,7300000000,3,945,wiki
"wiki: This can take the form of disrupting and protesting against unjust hierarchy, or the form of self-managing their lives through the creation of counter-institutions such as communes and non-hierarchical collectives.",1.3,512,1,1747905699.639685,2025-05-22T09:21:39.639690,0.2522176206111908,0.39078086614608765,Mistral-7B,2025-05-22T11:10:35.083468,7300000000,4,945,wiki
wiki: Many autistic people face significant obstacles in transitioning to adulthood.,1.3,512,1,1747905708.034458,2025-05-22T09:21:48.034463,0.2653830349445343,0.4079194664955139,Mistral-7B,2025-05-22T11:10:36.504070,7300000000,0,950,wiki
fiction: An old T-shirt can be ripped into smaller pieces and used as rags. An empty milk jug can be used to water houseplants. Both of these are examples of how (Answer: D),1.3,512,1,1747905712.5203896,2025-05-22T09:21:52.520395,0.26040181517601013,0.40130379796028137,Mistral-7B,2025-05-22T11:10:36.610074,7300000000,1,950,fiction
"code: Explain what this code does:
def function_22(x): return x * 2",1.3,512,1,1747905717.4649434,2025-05-22T09:21:57.464950,0.26998066902160645,0.4130944013595581,Mistral-7B,2025-05-22T11:10:36.734337,7300000000,2,950,code
"wiki: It is not known whether treatment programs for children lead to significant improvements after the children grow up, and the limited research on the effectiveness of adult residential programs shows mixed results.",1.3,512,1,1747905724.4088423,2025-05-22T09:22:04.408848,0.25287508964538574,0.3897151052951813,Mistral-7B,2025-05-22T11:10:36.841746,7300000000,3,950,wiki
"wiki: Snow Snow albedo is highly variable, ranging from as high as 0.9 for freshly fallen snow, to about 0.4 for melting snow, and as low as 0.2 for dirty snow.",1.3,512,1,1747905734.2444043,2025-05-22T09:22:14.244410,0.2655125856399536,0.40800365805625916,Mistral-7B,2025-05-22T11:10:36.949784,7300000000,4,950,wiki
"wiki: Birmingham also serves as the headquarters for several large investment management companies, including Harbert Management Corporation.",1.3,512,0,1747905645.097007,2025-05-22T09:20:45.097013,0.24386222660541534,0.3928637206554413,Mistral-7B,2025-05-22T11:10:38.409203,7300000000,0,950,wiki
"wiki: Typographic variants  During Roman times, there were many variant forms of the letter ""A"".",1.3,512,0,1747905653.331308,2025-05-22T09:20:53.331313,0.24371299147605896,0.39307889342308044,Mistral-7B,2025-05-22T11:10:38.520222,7300000000,1,950,wiki
"wiki: Societal and cultural aspects of autism have developed: some in the community seek a cure, while others believe that autism is simply another way of being.",1.3,512,0,1747905661.5678794,2025-05-22T09:21:01.567885,0.23443058133125305,0.38025614619255066,Mistral-7B,2025-05-22T11:10:38.644224,7300000000,2,950,wiki
"wiki: As seen by anarchists, squatting is a way to regain urban space from the capitalist market, serving pragmatical needs and also being an exemplary direct action.",1.3,512,0,1747905670.0497582,2025-05-22T09:21:10.049764,0.22269362211227417,0.3618949353694916,Mistral-7B,2025-05-22T11:10:38.735555,7300000000,3,950,wiki
"wiki: The district's boundaries were roughly limited to the area within a few miles of the Tombigbee River and included portions of what is today southern Clarke County, northernmost Mobile County, and most of Washington County.",1.3,512,0,1747905678.4151156,2025-05-22T09:21:18.415121,0.2367849498987198,0.3848107159137726,Mistral-7B,2025-05-22T11:10:38.821000,7300000000,4,950,wiki
"code: Explain what this code does:
def function_8(x): return x * 2",1.3,512,0,1747905687.2314055,2025-05-22T09:21:27.231411,0.2507050335407257,0.40112581849098206,Mistral-7B,2025-05-22T11:10:40.254580,7300000000,0,955,code
"news: Photo by Frederick Melton, Courtesy Dance Magazine Archives.",1.3,512,0,1747905695.5812912,2025-05-22T09:21:35.581296,0.23446893692016602,0.3799605369567871,Mistral-7B,2025-05-22T11:10:40.334024,7300000000,1,955,news
"wiki: According to the 2012 U.S. News & World Report, Alabama had four tier one universities (University of Alabama, Auburn University, University of Alabama at Birmingham and University of Alabama in Huntsville).",1.3,512,0,1747905703.8167884,2025-05-22T09:21:43.816794,0.2545221447944641,0.4103539288043976,Mistral-7B,2025-05-22T11:10:40.412989,7300000000,2,955,wiki
"news: But for this one season, they're sharing the stage together.",1.3,512,0,1747905713.041507,2025-05-22T09:21:53.041515,0.24256789684295654,0.3931438624858856,Mistral-7B,2025-05-22T11:10:40.491667,7300000000,3,955,news
news: Willam Christensen (center) with his brothers Lew and Harold.,1.3,512,0,1747905716.3960197,2025-05-22T09:21:56.396025,0.24674232304096222,0.3990699350833893,Mistral-7B,2025-05-22T11:10:40.594190,7300000000,4,955,news
wiki: The dismemberment of the French socialist movement into many groups and the execution and exile of many Communards to penal colonies following the suppression of the Paris Commune favoured individualist political expression and acts.,1.3,512,1,1747905743.1878026,2025-05-22T09:22:23.187808,0.24989774823188782,0.38942795991897583,Mistral-7B,2025-05-22T11:10:42.037722,7300000000,0,955,wiki
"wiki: The average albedo of the Earth from the upper atmosphere, its planetary albedo, is 30–35% because of cloud cover, but widely varies locally across the surface because of different geological and environmental features.",1.3,512,1,1747905751.2093456,2025-05-22T09:22:31.209351,0.25281181931495667,0.3902696371078491,Mistral-7B,2025-05-22T11:10:42.142653,7300000000,1,955,wiki
"wiki: It was formally recognized by the state legislature on January 25, 1844.",1.3,512,1,1747905758.9052265,2025-05-22T09:22:38.905231,0.25971344113349915,0.399150550365448,Mistral-7B,2025-05-22T11:10:42.249367,7300000000,2,955,wiki
"wiki: Small-scale effects Albedo works on a smaller scale, too.",1.3,512,1,1747905766.9947195,2025-05-22T09:22:46.994725,0.2563510239124298,0.3958336412906647,Mistral-7B,2025-05-22T11:10:42.360049,7300000000,3,955,wiki
"wiki: Media  Major newspapers include Birmingham News, Mobile Press-Register, and Montgomery Advertiser.",1.3,512,1,1747905775.2745228,2025-05-22T09:22:55.274529,0.2629004120826721,0.40448686480522156,Mistral-7B,2025-05-22T11:10:42.469352,7300000000,4,955,wiki
"wiki: Just as fresh snow has a higher albedo than does dirty snow, the albedo of snow-covered sea ice is far higher than that of sea water.",1.3,512,0,1747905718.516873,2025-05-22T09:21:58.516876,0.2465537190437317,0.39926084876060486,Mistral-7B,2025-05-22T11:10:43.906514,7300000000,0,960,wiki
"wiki: Contemporary-era anarchists have been engaging with various grassroots movements that are more or less based on horizontalism, although not explicitly anarchist, respecting personal autonomy and participating in mass activism such as strikes and demonstrations.",1.3,512,0,1747905727.129792,2025-05-22T09:22:07.129797,0.2270466834306717,0.3702287971973419,Mistral-7B,2025-05-22T11:10:44.027823,7300000000,1,960,wiki
"wiki: From 1826 to 1846, Tuscaloosa served as Alabama's capital.",1.3,512,0,1747905732.984495,2025-05-22T09:22:12.984500,0.23579981923103333,0.3824109137058258,Mistral-7B,2025-05-22T11:10:44.141725,7300000000,2,960,wiki
"news: ""People often have Post-it notes on monitors with passwords on them.""",1.3,512,0,1747905739.958184,2025-05-22T09:22:19.958189,0.23856604099273682,0.3856414258480072,Mistral-7B,2025-05-22T11:10:44.247702,7300000000,3,960,news
"wiki: Anarchism has continued to generate many philosophies and movements, at times eclectic, drawing upon various sources and combining disparate concepts to create new philosophical approaches.",1.3,512,0,1747905745.7319436,2025-05-22T09:22:25.731948,0.2309761941432953,0.3750978410243988,Mistral-7B,2025-05-22T11:10:44.356978,7300000000,4,960,wiki
"wiki: In the 2000s, the number of autistic people worldwide was estimated at 1–2 per 1,000 people.",1.3,512,1,1747905783.9436314,2025-05-22T09:23:03.943636,0.2617506980895996,0.4031272232532501,Mistral-7B,2025-05-22T11:10:45.787274,7300000000,0,960,wiki
wiki: They held on to old representation to maintain political and economic power in agricultural areas.,1.3,512,1,1747905788.6104379,2025-05-22T09:23:08.610443,0.25692811608314514,0.3964976668357849,Mistral-7B,2025-05-22T11:10:45.894085,7300000000,1,960,wiki
"news: It offers degrees in performance, choreography and more.",1.3,512,1,1747905792.3674765,2025-05-22T09:23:12.367482,0.2618022561073303,0.4013456404209137,Mistral-7B,2025-05-22T11:10:46.000100,7300000000,2,960,news
"code: Explain what this code does:
def function_88(x): return x * 2",1.3,512,1,1747905800.627542,2025-05-22T09:23:20.627548,0.275533527135849,0.42083320021629333,Mistral-7B,2025-05-22T11:10:46.135338,7300000000,3,960,code
fiction: Michael learned that the movement of Earth in the solar system causes changes that can be seen on the planet. Which change could be seen on Earth in the time it takes Earth to rotate once on its axis? (Answer: A),1.3,512,1,1747905804.4309723,2025-05-22T09:23:24.430978,0.2613390386104584,0.4025557041168213,Mistral-7B,2025-05-22T11:10:46.256949,7300000000,4,960,fiction
"news: After both of the above commands, you'll be prompted to type (and confirm) a password.",1.3,512,0,1747905748.5097675,2025-05-22T09:22:28.509773,0.23249684274196625,0.37649425864219666,Mistral-7B,2025-05-22T11:10:47.762357,7300000000,0,965,news
"wiki: The company wore new uniforms with yellow trim on the sleeves, collar and coattails.",1.3,512,0,1747905756.149429,2025-05-22T09:22:36.149435,0.23812484741210938,0.3868456780910492,Mistral-7B,2025-05-22T11:10:47.870082,7300000000,1,965,wiki
"news: But Petipa fell ill while choreographing The Nutcracker and handed his duties over to his assistant, Lev Ivanov.",1.3,512,0,1747905762.857575,2025-05-22T09:22:42.857580,0.23836833238601685,0.3854278326034546,Mistral-7B,2025-05-22T11:10:47.978110,7300000000,2,965,news
"news: I wanted to be someone that the young dancers could look up to; I wanted to reach out and connect to them more, and to offer support and advice.",1.3,512,0,1747905771.1245885,2025-05-22T09:22:51.124594,0.23989123106002808,0.3861915171146393,Mistral-7B,2025-05-22T11:10:48.118062,7300000000,3,965,news
news: Plug the device into your network (you'll need a Cat5 cable).,1.3,512,0,1747905779.3407073,2025-05-22T09:22:59.340712,0.24487951397895813,0.3937470018863678,Mistral-7B,2025-05-22T11:10:48.218872,7300000000,4,965,news
"wiki: About three-fifths of the land area is part of the Gulf Coastal Plain, a gentle plain with a general descent towards the Mississippi River and the Gulf of Mexico.",1.3,512,1,1747905812.4863648,2025-05-22T09:23:32.486370,0.25576454401016235,0.3945794403553009,Mistral-7B,2025-05-22T11:10:49.705572,7300000000,0,965,wiki
wiki: The presence of autism can make it harder to diagnose coexisting psychiatric disorders such as depression.,1.3,512,1,1747905819.2040973,2025-05-22T09:23:39.204104,0.26101556420326233,0.40178149938583374,Mistral-7B,2025-05-22T11:10:49.789791,7300000000,1,965,wiki
"wiki: Jewish denominations in the state include two Orthodox, four Conservative, ten Reform, and one Humanistic synagogue.",1.3,512,1,1747905827.2064512,2025-05-22T09:23:47.206457,0.2681947946548462,0.41252776980400085,Mistral-7B,2025-05-22T11:10:49.870491,7300000000,2,965,wiki
"news: The team will be responsible for the day-to-day artistic needs of the company including scheduling, casting and conducting rehearsals.",1.3,512,1,1747905835.5033405,2025-05-22T09:23:55.503346,0.2680492401123047,0.4125450551509857,Mistral-7B,2025-05-22T11:10:49.951442,7300000000,3,965,news
wiki: WPA Guide to Alabama (1939).,1.3,512,1,1747905839.0182455,2025-05-22T09:23:59.018251,0.2641870975494385,0.4068831205368042,Mistral-7B,2025-05-22T11:10:50.035728,7300000000,4,965,wiki
"code: Explain what this code does:
def function_99(x): return x * 2",1.3,512,0,1747905789.1818345,2025-05-22T09:23:09.181841,0.2528338134288788,0.40539640188217163,Mistral-7B,2025-05-22T11:10:51.464932,7300000000,0,970,code
fiction: The gravitational force exerted by an object depends on its (Answer: C),1.3,512,0,1747905796.740719,2025-05-22T09:23:16.740724,0.24999406933784485,0.4019545614719391,Mistral-7B,2025-05-22T11:10:51.553919,7300000000,1,970,fiction
news: We had the chance to talk to the thoughtful and eloquent dancer about her time with the company and goals for the future.,1.3,512,0,1747905806.3172605,2025-05-22T09:23:26.317266,0.23688751459121704,0.38365545868873596,Mistral-7B,2025-05-22T11:10:51.644420,7300000000,2,970,news
"news: Hoffmann, a German writer, penned the eerie and dark tale ""Nutcracker and Mouse King"" in 1816.",1.3,512,0,1747905814.9960744,2025-05-22T09:23:34.996079,0.24111637473106384,0.3891199231147766,Mistral-7B,2025-05-22T11:10:51.738305,7300000000,3,970,news
wiki: It is diagnosed four to five times more often in males than females.,1.3,512,0,1747905816.9893262,2025-05-22T09:23:36.989332,0.24236103892326355,0.3905823826789856,Mistral-7B,2025-05-22T11:10:51.823474,7300000000,4,970,wiki
wiki: Such a dark surface is thought to be indicative of a primitive and heavily space weathered surface containing some organic compounds.,1.3,512,1,1747905846.7900898,2025-05-22T09:24:06.790095,0.2543843388557434,0.395387202501297,Mistral-7B,2025-05-22T11:10:53.254568,7300000000,0,970,wiki
wiki: The notion of free love was much broader and included a critique of the established order that limited women's sexual freedom and pleasure.,1.3,512,1,1747905854.5382736,2025-05-22T09:24:14.538280,0.2583498954772949,0.3986945152282715,Mistral-7B,2025-05-22T11:10:53.362234,7300000000,1,970,wiki
fiction: Scientists who disagree with the results of an experiment should (Answer: D),1.3,512,1,1747905862.538043,2025-05-22T09:24:22.538049,0.2619239389896393,0.4026676118373871,Mistral-7B,2025-05-22T11:10:53.474819,7300000000,2,970,fiction
"code: Explain what this code does:
def function_91(x): return x * 2",1.3,512,1,1747905867.8841496,2025-05-22T09:24:27.884155,0.2647876739501953,0.40532568097114563,Mistral-7B,2025-05-22T11:10:53.574860,7300000000,3,970,code
wiki: There has been a significant movement to rewrite and modernize Alabama's constitution.,1.3,512,1,1747905876.3888958,2025-05-22T09:24:36.388909,0.2633266746997833,0.40439942479133606,Mistral-7B,2025-05-22T11:10:53.669189,7300000000,4,970,wiki
news: Click here to subscribe to the TechRepublic Cybersecurity Insider newsletter.,1.3,512,1,1747905885.9781387,2025-05-22T09:24:45.978144,0.26505306363105774,0.4071708619594574,Mistral-7B,2025-05-22T11:10:55.105118,7300000000,0,975,news
wiki: It was a notable feature of the international syndicalism movement.,1.3,512,1,1747905892.9179213,2025-05-22T09:24:52.917927,0.25697314739227295,0.3967706859111786,Mistral-7B,2025-05-22T11:10:55.197203,7300000000,1,975,wiki
"news: ""The kind of information that can be disclosed via email should be spelled out very clearly,"" he added.",1.3,512,1,1747905902.0731156,2025-05-22T09:25:02.073121,0.25688812136650085,0.3963564336299896,Mistral-7B,2025-05-22T11:10:55.282073,7300000000,2,975,news
"code: Explain what this code does:
def function_45(x): return x * 2",1.3,512,1,1747905909.5436897,2025-05-22T09:25:09.543695,0.2738385498523712,0.41802728176116943,Mistral-7B,2025-05-22T11:10:55.365463,7300000000,3,975,code
"code: Explain what this code does:
def function_60(x): return x * 2",1.3,512,1,1747905917.7391376,2025-05-22T09:25:17.739143,0.2719127833843231,0.4154525697231293,Mistral-7B,2025-05-22T11:10:55.450723,7300000000,4,975,code
"fiction: New engine technology has helped cars get more mileage per gallon of gas. Since gasoline comes from oil, this technology will affect the world supply of oil by (Answer: D)",1.3,512,0,1747905823.306064,2025-05-22T09:23:43.306070,0.24142204225063324,0.3897303640842438,Mistral-7B,2025-05-22T11:10:56.898914,7300000000,0,975,fiction
wiki: A Literary History of Alabama: The Nineteenth Century (1979).,1.3,512,0,1747905831.5917914,2025-05-22T09:23:51.591796,0.24405597150325775,0.39591777324676514,Mistral-7B,2025-05-22T11:10:56.983077,7300000000,1,975,wiki
wiki: References  External links    1910s neologisms Articles containing video clips Communication disorders Neurological disorders in children Pervasive developmental disorders Wikipedia medicine articles ready to translate,1.3,512,0,1747905840.9431734,2025-05-22T09:24:00.943180,0.23625484108924866,0.3843773901462555,Mistral-7B,2025-05-22T11:10:57.066794,7300000000,2,975,wiki
"wiki: The oldest institutions are the public University of North Alabama in Florence and the Catholic Church-affiliated Spring Hill College in Mobile, both founded in 1830.",1.3,512,0,1747905849.544253,2025-05-22T09:24:09.544259,0.243277907371521,0.39330196380615234,Mistral-7B,2025-05-22T11:10:57.150192,7300000000,3,975,wiki
"wiki: Similar to other former slave states, Alabamian legislators employed Jim Crow laws to disenfranchise and discriminate against African Americans from the late 19th century up until the 1960s.",1.3,512,0,1747905857.904067,2025-05-22T09:24:17.904072,0.24425160884857178,0.39426189661026,Mistral-7B,2025-05-22T11:10:57.233173,7300000000,4,975,wiki
"wiki: Evolutionary tactics embrace nonviolence, reject violence and take a gradual approach to anarchist aims, although there is significant overlap between the two.",1.3,512,0,1747905866.6184816,2025-05-22T09:24:26.618487,0.23580826818943024,0.38242730498313904,Mistral-7B,2025-05-22T11:10:58.654195,7300000000,0,980,wiki
"code: Explain what this code does:
def function_42(x): return x * 2",1.3,512,0,1747905873.621709,2025-05-22T09:24:33.621715,0.2557854652404785,0.40939387679100037,Mistral-7B,2025-05-22T11:10:58.734561,7300000000,1,980,code
"fiction: Two students are asked to make a chart on the electromagnetic spectrum. Reading left to right, one student's chart shows the spectrum from gamma rays to radio waves, while the other student's chart shows the opposite. If the teacher says that both charts are correct, then (Answer: B)",1.3,512,0,1747905877.451227,2025-05-22T09:24:37.451233,0.24615122377872467,0.3962586224079132,Mistral-7B,2025-05-22T11:10:58.825118,7300000000,2,980,fiction
news: I was unable to login with that user.,1.3,512,0,1747905887.1127243,2025-05-22T09:24:47.112730,0.2503257989883423,0.4013099670410156,Mistral-7B,2025-05-22T11:10:58.939919,7300000000,3,980,news
wiki: Other changes were made to implement representative state house and senate districts.,1.3,512,0,1747905895.7178724,2025-05-22T09:24:55.717878,0.23804084956645966,0.38612374663352966,Mistral-7B,2025-05-22T11:10:59.075244,7300000000,4,980,wiki
"news: As a result, preparation is intense.",1.3,512,1,1747905926.4771025,2025-05-22T09:25:26.477108,0.2590169608592987,0.4000034034252167,Mistral-7B,2025-05-22T11:11:00.593529,7300000000,0,980,news
news: Were you familiar with McLaren's work before this project?,1.3,512,1,1747905928.206363,2025-05-22T09:25:28.206369,0.26196902990341187,0.4032655358314514,Mistral-7B,2025-05-22T11:11:00.703097,7300000000,1,980,news
wiki: Communication About one third to half of autistic people do not develop enough natural speech to meet their daily communication needs.,1.3,512,1,1747905935.9174738,2025-05-22T09:25:35.917479,0.25963854789733887,0.3994804322719574,Mistral-7B,2025-05-22T11:11:00.817165,7300000000,2,980,wiki
"news: Redmonk, in its latest Q1 2018 survey, says Java is the second-most popular language after JavaScript among developers.",1.3,512,1,1747905943.988532,2025-05-22T09:25:43.988537,0.26377740502357483,0.4037632346153259,Mistral-7B,2025-05-22T11:11:00.921127,7300000000,3,980,news
"news: Over the next decade, the company toured the ballet extensively, exposing it to audiences nationwide.",1.3,512,1,1747905952.7064483,2025-05-22T09:25:52.706453,0.25634339451789856,0.3950328528881073,Mistral-7B,2025-05-22T11:11:01.020580,7300000000,4,980,news
"code: Explain what this code does:
def function_17(x): return x * 2",1.3,512,1,1747905961.5987267,2025-05-22T09:26:01.598731,0.2725164294242859,0.4162776470184326,Mistral-7B,2025-05-22T11:11:02.469942,7300000000,0,985,code
fiction: Corn is widely being used in the United States to make ethanol for use in automobile fuel. How might the overproduction of corn negatively affect the environment? (Answer: A),1.3,512,1,1747905969.9246573,2025-05-22T09:26:09.924664,0.26776763796806335,0.41061586141586304,Mistral-7B,2025-05-22T11:11:02.575025,7300000000,1,985,fiction
wiki: Anarchy Archives is an online research center on the history and theory of anarchism.,1.3,512,1,1747905978.0019603,2025-05-22T09:26:18.001965,0.26880720257759094,0.4121333062648773,Mistral-7B,2025-05-22T11:11:02.674545,7300000000,2,985,wiki
"code: Explain what this code does:
def function_39(x): return x * 2",1.3,512,1,1747905984.9123378,2025-05-22T09:26:24.912343,0.2732580602169037,0.41750040650367737,Mistral-7B,2025-05-22T11:11:02.800461,7300000000,3,985,code
"code: Explain what this code does:
def function_27(x): return x * 2",1.3,512,1,1747905992.711134,2025-05-22T09:26:32.711139,0.2768958508968353,0.42261946201324463,Mistral-7B,2025-05-22T11:11:02.919374,7300000000,4,985,code
fiction: Which of the following is a trait that a dog does NOT inherit from its parents? (Answer: C),1.3,512,0,1747905902.2434626,2025-05-22T09:25:02.243468,0.24802614748477936,0.39870485663414,Mistral-7B,2025-05-22T11:11:04.400693,7300000000,0,985,fiction
fiction: Which planet has the longest planetary year? (Answer: D),1.3,512,0,1747905905.5969357,2025-05-22T09:25:05.596941,0.2516937255859375,0.40327608585357666,Mistral-7B,2025-05-22T11:11:04.508529,7300000000,1,985,fiction
"news: Installation The installation isn't terribly challenging, but does require a bit of typing.",1.3,512,0,1747905913.777739,2025-05-22T09:25:13.777744,0.2457154542207718,0.39535731077194214,Mistral-7B,2025-05-22T11:11:04.636630,7300000000,2,985,news
"wiki: In Reynolds v. Sims (1964), the U.S. Supreme Court implemented the principle of ""one man, one vote"", ruling that congressional districts had to be reapportioned based on censuses (as the state already included in its constitution but had not implemented.)",1.3,512,0,1747905922.2037141,2025-05-22T09:25:22.203719,0.24670249223709106,0.3975008428096771,Mistral-7B,2025-05-22T11:11:04.748301,7300000000,3,985,wiki
"wiki: According to an article, failure to meet any of the following milestones ""is an absolute indication to proceed with further evaluations.",1.3,512,0,1747905930.8269737,2025-05-22T09:25:30.826979,0.24379852414131165,0.3945648968219757,Mistral-7B,2025-05-22T11:11:04.857180,7300000000,4,985,wiki
news: An open Java The one thing everyone agrees about Java is that it's imperfect.,1.3,512,0,1747905939.6506279,2025-05-22T09:25:39.650633,0.2481505423784256,0.39770516753196716,Mistral-7B,2025-05-22T11:11:06.291589,7300000000,0,990,news
"fiction: Franklin wants to know how fast he runs different distances. He uses a stopwatch to measure the time it takes him to complete a 50-meter, 100-meter, and 200-meter race. How can he calculate his speed for each race? (Answer: B)",1.3,512,0,1747905941.2934139,2025-05-22T09:25:41.293419,0.2514701783657074,0.4031161069869995,Mistral-7B,2025-05-22T11:11:06.392057,7300000000,1,990,fiction
"wiki: The record low of  occurred on January 30, 1966, in New Market.",1.3,512,0,1747905942.9766407,2025-05-22T09:25:42.976648,0.25044581294059753,0.40257564187049866,Mistral-7B,2025-05-22T11:11:06.488594,7300000000,2,990,wiki
"wiki: A 2016 survey in the United States reported a rate of 25 per 1,000 children for ASD.",1.3,512,0,1747905949.8782067,2025-05-22T09:25:49.878212,0.2499145269393921,0.4025396406650543,Mistral-7B,2025-05-22T11:11:06.575727,7300000000,3,990,wiki
"code: Explain what this code does:
def function_47(x): return x * 2",1.3,512,0,1747905957.5921104,2025-05-22T09:25:57.592115,0.25771787762641907,0.4116365611553192,Mistral-7B,2025-05-22T11:11:06.657293,7300000000,4,990,code
wiki: Belief in political nihilism has been espoused by anarchists.,1.3,512,1,1747906000.5816822,2025-05-22T09:26:40.581688,0.2647712230682373,0.40681830048561096,Mistral-7B,2025-05-22T11:11:08.087722,7300000000,0,990,wiki
"wiki: Anarchists reject this criticism because challenging or disobeying authority does not entail the disappearance of its advantages by acknowledging authority such as doctors or lawyers as reliable, nor does it involve a complete surrender of independent judgment.",1.3,512,1,1747906002.339417,2025-05-22T09:26:42.339423,0.2549442946910858,0.3944063186645508,Mistral-7B,2025-05-22T11:11:08.164894,7300000000,1,990,wiki
"wiki: Most professionals believe that race, ethnicity, and socioeconomic background do not affect the occurrence of autism.",1.3,512,1,1747906010.4204242,2025-05-22T09:26:50.420431,0.26506200432777405,0.40734395384788513,Mistral-7B,2025-05-22T11:11:08.241555,7300000000,2,990,wiki
"wiki: In response to their expulsion from the First International, anarchists formed the St. Imier International.",1.3,512,1,1747906019.0888367,2025-05-22T09:26:59.088842,0.25458428263664246,0.3941521942615509,Mistral-7B,2025-05-22T11:11:08.318148,7300000000,3,990,wiki
"news: Although initially not forthcoming about the true circumstances surrounding the robbery, McNeight eventually told investigators how he got the money.",1.3,512,1,1747906027.5023828,2025-05-22T09:27:07.502388,0.2584441006183624,0.3985637128353119,Mistral-7B,2025-05-22T11:11:08.405747,7300000000,4,990,news
"news: Through this new Jakarta EE Working Group process, we should see big Java EE vendors like IBM, Red Hat, and Oracle working within the open processes of the Eclipse Foundation with smaller vendors like Tomitribe and Payara.",1.3,512,1,1747906036.309933,2025-05-22T09:27:16.309939,0.2455693781375885,0.37993448972702026,Mistral-7B,2025-05-22T11:11:09.828146,7300000000,0,995,news
"news: That being the case, what do you do?",1.3,512,1,1747906041.6825643,2025-05-22T09:27:21.682570,0.2475697249174118,0.3822821080684662,Mistral-7B,2025-05-22T11:11:09.925832,7300000000,1,995,news
"wiki: Tokyo was a hotspot for rebellious youth from countries of the far east, travelling to the Japanese capital to study.",1.3,512,1,1747906050.158469,2025-05-22T09:27:30.158474,0.2503240406513214,0.3880070745944977,Mistral-7B,2025-05-22T11:11:10.027095,7300000000,2,995,wiki
news: Subscribe Also see,1.3,512,1,1747906058.402544,2025-05-22T09:27:38.402550,0.2536107301712036,0.3927214443683624,Mistral-7B,2025-05-22T11:11:10.134320,7300000000,3,995,news
"news: Now click on the Repositories entry in the left navigation, click the Create button, give the repository a name, and click Submit.",1.3,512,1,1747906060.3015163,2025-05-22T09:27:40.301522,0.2590349018573761,0.39828622341156006,Mistral-7B,2025-05-22T11:11:10.247098,7300000000,4,995,news
"wiki: While it advocates for no-one to archiei, if accepted by the many, then anarchism would turn into the ruling political theory.",1.3,512,0,1747905962.178973,2025-05-22T09:26:02.178978,0.23458918929100037,0.3829666078090668,Mistral-7B,2025-05-22T11:11:11.685628,7300000000,0,995,wiki
"wiki: Anarchism employs a diversity of tactics in order to meet its ideal ends which can be broadly separated into revolutionary and evolutionary tactics; there is significant overlap between the two, which are merely descriptive.",1.3,512,0,1747905971.2481594,2025-05-22T09:26:11.248166,0.236868217587471,0.3826215863227844,Mistral-7B,2025-05-22T11:11:11.767578,7300000000,1,995,wiki
"wiki: The Internet has helped autistic individuals bypass nonverbal cues and emotional sharing that they find difficult to deal with, and has given them a way to form online communities and work remotely.",1.3,512,0,1747905975.2983515,2025-05-22T09:26:15.298357,0.2407657951116562,0.38786590099334717,Mistral-7B,2025-05-22T11:11:11.843891,7300000000,2,995,wiki
wiki: Alabama ranks ninth in the number of deaths from lightning and tenth in the number of deaths from lightning strikes per capita.,1.3,512,0,1747905979.0601695,2025-05-22T09:26:19.060173,0.24467259645462036,0.39338260889053345,Mistral-7B,2025-05-22T11:11:11.920259,7300000000,3,995,wiki
fiction: A company is designing a new laptop computer. The computer must not exceed a certain weight. Which of the following is the most likely reason to have a weight restriction for the computer? (Answer: C),1.3,512,0,1747905987.76544,2025-05-22T09:26:27.765445,0.2451058030128479,0.39382219314575195,Mistral-7B,2025-05-22T11:11:11.997356,7300000000,4,995,fiction
"code: Explain what this code does:
def function_86(x): return x * 2",1.3,512,0,1747905995.2124164,2025-05-22T09:26:35.212422,0.25646495819091797,0.4103216528892517,Mistral-7B,2025-05-22T11:11:13.413348,7300000000,0,1000,code
"wiki: Sleep problems are associated with difficult behaviors and family stress, and are often a focus of clinical attention over and above the primary ASD diagnosis.",1.3,512,0,1747906003.6266923,2025-05-22T09:26:43.626698,0.24007973074913025,0.38791605830192566,Mistral-7B,2025-05-22T11:11:13.490910,7300000000,1,1000,wiki
"wiki: Due to measurement constraints, it is often given for the spectrum in which most solar energy reaches the surface (between 0.3 and 3 μm).",1.3,512,0,1747906005.0584817,2025-05-22T09:26:45.058487,0.2432723492383957,0.3921264708042145,Mistral-7B,2025-05-22T11:11:13.592473,7300000000,2,1000,wiki
"code: Explain what this code does:
def function_73(x): return x * 2",1.3,512,0,1747906009.5631337,2025-05-22T09:26:49.563139,0.24913428723812103,0.3993511497974396,Mistral-7B,2025-05-22T11:11:13.685065,7300000000,3,1000,code
wiki: One example of this massive influx of workers occurred in Mobile.,1.3,512,0,1747906016.4097624,2025-05-22T09:26:56.409768,0.2450774908065796,0.39505907893180847,Mistral-7B,2025-05-22T11:11:13.778520,7300000000,4,1000,wiki
"news: Trac can be used as a wiki, a project management system, and for tracking bugs in software development.",1.3,512,1,1747906067.3458374,2025-05-22T09:27:47.345843,0.2595498859882355,0.39894840121269226,Mistral-7B,2025-05-22T11:11:15.268222,7300000000,0,1000,news
"wiki: Minorities usually accept rough consensus, except when they feel the proposal contradicts anarchist ethics, goals and values.",1.3,512,1,1747906068.7230392,2025-05-22T09:27:48.723045,0.2564775049686432,0.39568403363227844,Mistral-7B,2025-05-22T11:11:15.349380,7300000000,1,1000,wiki
"wiki: The scattering of radiation causes atmospheric cooling, whereas absorption can cause atmospheric warming.",1.3,512,1,1747906076.5478406,2025-05-22T09:27:56.547846,0.26016002893447876,0.4015844166278839,Mistral-7B,2025-05-22T11:11:15.453616,7300000000,2,1000,wiki
"wiki: Organized insurgent, resistance groups tried to suppress the freedmen and Republicans.",1.3,512,1,1747906081.5829916,2025-05-22T09:28:01.582997,0.25488901138305664,0.3955090045928955,Mistral-7B,2025-05-22T11:11:15.573710,7300000000,3,1000,wiki
"news: Photo by Alexander Iziliaev, Courtesy Nevada Ballet Theatre.",1.3,512,1,1747906090.22871,2025-05-22T09:28:10.228716,0.2572605609893799,0.397668719291687,Mistral-7B,2025-05-22T11:11:15.691751,7300000000,4,1000,news
"code: Explain what this code does:
def function_95(x): return x * 2",1.3,512,0,1747906024.3508022,2025-05-22T09:27:04.350807,0.2577022314071655,0.41213151812553406,Mistral-7B,2025-05-22T11:11:17.201878,7300000000,0,1005,code
"code: Explain what this code does:
def function_63(x): return x * 2",1.3,512,0,1747906032.3189812,2025-05-22T09:27:12.318986,0.2561613619327545,0.4096159338951111,Mistral-7B,2025-05-22T11:11:17.309248,7300000000,1,1005,code
"wiki: Because the behavior spectrum is continuous, boundaries between diagnostic categories are necessarily somewhat arbitrary.",1.3,512,0,1747906040.4365325,2025-05-22T09:27:20.436537,0.24308256804943085,0.39196521043777466,Mistral-7B,2025-05-22T11:11:17.415779,7300000000,2,1005,wiki
fiction: Stars are often classified by their apparent brightness in the nighttime sky. Stars can also be classified in many other ways. Which of these is least useful in classifying stars? (Answer: C),1.3,512,0,1747906047.4531412,2025-05-22T09:27:27.453147,0.24995902180671692,0.40029972791671753,Mistral-7B,2025-05-22T11:11:17.522739,7300000000,3,1005,fiction
"wiki: Behavioral, psychological, education, and/or skill-building interventions may be used to assist autistic people to learn life skills necessary for living independently, as well as other social, communication, and language skills.",1.3,512,0,1747906055.1071396,2025-05-22T09:27:35.107147,0.23828554153442383,0.3845887780189514,Mistral-7B,2025-05-22T11:11:17.631944,7300000000,4,1005,wiki
wiki: This did not change until the late 1960s following a lawsuit and court order.,1.3,512,1,1747906102.3202395,2025-05-22T09:28:22.320246,0.2548699378967285,0.39488160610198975,Mistral-7B,2025-05-22T11:11:19.079677,7300000000,0,1005,wiki
"news: Germarco Johnson was charged with Robbery with a Firearm, Counterfeiting of an Instrument with Intent to Defraud (two counts), Principal/Accessory to Uttering a False Bank Bill (two counts), and Larceny $300 or more but less than $5000 (two counts).",1.3,512,1,1747906114.4255297,2025-05-22T09:28:34.425536,0.25567105412483215,0.39449647068977356,Mistral-7B,2025-05-22T11:11:19.163215,7300000000,1,1005,news
"wiki: The area of Alabama and Mississippi most affected by tornadoes is sometimes referred to as Dixie Alley, as distinct from the Tornado Alley of the Southern Plains.",1.3,512,1,1747906115.8657238,2025-05-22T09:28:35.865730,0.2581787705421448,0.3986528515815735,Mistral-7B,2025-05-22T11:11:19.240839,7300000000,2,1005,wiki
wiki: Native American groups within the state had increasingly been demanding recognition as ethnic groups and seeking an end to discrimination.,1.3,512,1,1747906124.0371063,2025-05-22T09:28:44.037111,0.25178924202919006,0.3905637562274933,Mistral-7B,2025-05-22T11:11:19.318942,7300000000,3,1005,wiki
wiki: The appropriateness of including children with varying severity of autism spectrum disorders in the general education population is a subject of current debate among educators and researchers.,1.3,512,1,1747906132.3841305,2025-05-22T09:28:52.384136,0.2631783187389374,0.4060523509979248,Mistral-7B,2025-05-22T11:11:19.397407,7300000000,4,1005,wiki
"wiki: Rail  For rail transport, Amtrak schedules the Crescent, a daily passenger train, running from New York to New Orleans with station stops at Anniston, Birmingham, and Tuscaloosa.",1.3,512,1,1747906141.249821,2025-05-22T09:29:01.249826,0.2519511878490448,0.39021381735801697,Mistral-7B,2025-05-22T11:11:20.817663,7300000000,0,1010,wiki
wiki: Mutualism has been retrospectively characterised as ideologically situated between individualist and collectivist forms of anarchism.,1.3,512,1,1747906149.4436703,2025-05-22T09:29:09.443675,0.25355014204978943,0.39235931634902954,Mistral-7B,2025-05-22T11:11:20.913977,7300000000,1,1010,wiki
wiki: The assembly plant is the company's first factory to be built within the United States.,1.3,512,1,1747906157.7258809,2025-05-22T09:29:17.725886,0.25756001472473145,0.3978065252304077,Mistral-7B,2025-05-22T11:11:21.021305,7300000000,2,1010,wiki
"code: Explain what this code does:
def function_37(x): return x * 2",1.3,512,1,1747906165.9164877,2025-05-22T09:29:25.916492,0.26901566982269287,0.41254922747612,Mistral-7B,2025-05-22T11:11:21.123828,7300000000,3,1010,code
"code: Explain what this code does:
def function_67(x): return x * 2",1.3,512,1,1747906174.2335303,2025-05-22T09:29:34.233536,0.26982343196868896,0.41368329524993896,Mistral-7B,2025-05-22T11:11:21.230819,7300000000,4,1010,code
"news: In a studio rehearsal for La Bayadère, Act II, no understudies are present, and any imperfection is pointed out by one of four coaches at the front of the room.",1.3,512,0,1747906063.5934727,2025-05-22T09:27:43.593478,0.22577521204948425,0.36637818813323975,Mistral-7B,2025-05-22T11:11:22.649941,7300000000,0,1010,news
wiki: A long tradition of Spanish anarchism led to anarchists playing a pivotal role in the war.,1.3,512,0,1747906071.6792612,2025-05-22T09:27:51.679266,0.2380070686340332,0.3846008777618408,Mistral-7B,2025-05-22T11:11:22.732670,7300000000,1,1010,wiki
wiki: Various anarchist schools of thought formed during this period.,1.3,512,0,1747906080.0289047,2025-05-22T09:28:00.028910,0.23293240368366241,0.37647801637649536,Mistral-7B,2025-05-22T11:11:22.811766,7300000000,2,1010,wiki
wiki: South Alabama reports many thunderstorms.,1.3,512,0,1747906087.086092,2025-05-22T09:28:07.086097,0.23472249507904053,0.3795126676559448,Mistral-7B,2025-05-22T11:11:22.892214,7300000000,3,1010,wiki
"wiki: Alabama's highest temperature of  was recorded on September 5, 1925, in the unincorporated community of Centerville.",1.3,512,0,1747906088.9127104,2025-05-22T09:28:08.912716,0.2387782633304596,0.3854042589664459,Mistral-7B,2025-05-22T11:11:22.994615,7300000000,4,1010,wiki
fiction: Which conclusion is best supported by a tree-growth ring that is much narrower than the other growth rings? (Answer: B),1.3,512,0,1747906090.9908633,2025-05-22T09:28:10.990869,0.23672209680080414,0.3810455799102783,Mistral-7B,2025-05-22T11:11:24.411127,7300000000,0,1015,fiction
"news: According to Fullington, Pavel Gerdt, the dancer who created the role, was likely too old to dance the variation himself.",1.3,512,0,1747906102.50327,2025-05-22T09:28:22.503276,0.2274298071861267,0.36870434880256653,Mistral-7B,2025-05-22T11:11:24.493172,7300000000,1,1015,news
news: There's a surprising twist to Regina Willoughby's last season with Columbia City Ballet: It's also her 18-year-old daughter Melina's first season with the company.,1.3,512,0,1747906114.3717165,2025-05-22T09:28:34.371723,0.24157488346099854,0.3883979618549347,Mistral-7B,2025-05-22T11:11:24.589091,7300000000,2,1015,news
"news: Also Robbins' Dances at a Gathering... there are so many, it's hard to choose!",1.3,512,0,1747906120.3334181,2025-05-22T09:28:40.333423,0.22321519255638123,0.3657967150211334,Mistral-7B,2025-05-22T11:11:24.671258,7300000000,3,1015,news
"wiki: Friedrich Engels, considered to be one of the principal founders of Marxism, criticised anarchism's anti-authoritarianism as inherently counter-revolutionary because in his view a revolution is by itself authoritarian.",1.3,512,0,1747906128.456317,2025-05-22T09:28:48.456322,0.2386758178472519,0.38587579131126404,Mistral-7B,2025-05-22T11:11:24.753993,7300000000,4,1015,wiki
wiki: BDRF can facilitate translations of observations of reflectance into albedo.,1.3,512,1,1747906176.1735072,2025-05-22T09:29:36.173513,0.2634410262107849,0.40778911113739014,Mistral-7B,2025-05-22T11:11:26.173509,7300000000,0,1015,wiki
news: Robert had just finished his documentary and has a really deep understanding of this kind of Canadian culture.,1.3,512,1,1747906183.7770882,2025-05-22T09:29:43.777094,0.2529411017894745,0.39094674587249756,Mistral-7B,2025-05-22T11:11:26.260541,7300000000,1,1015,news
"code: Explain what this code does:
def function_32(x): return x * 2",1.3,512,1,1747906191.7466772,2025-05-22T09:29:51.746682,0.2693358063697815,0.4126555323600769,Mistral-7B,2025-05-22T11:11:26.339045,7300000000,2,1015,code
"code: Explain what this code does:
def function_79(x): return x * 2",1.3,512,1,1747906199.8867145,2025-05-22T09:29:59.886719,0.2660273015499115,0.40771427750587463,Mistral-7B,2025-05-22T11:11:26.444313,7300000000,3,1015,code
"code: Explain what this code does:
def function_1(x): return x * 2",1.3,512,1,1747906208.1013024,2025-05-22T09:30:08.101308,0.2713686227798462,0.41576331853866577,Mistral-7B,2025-05-22T11:11:26.560804,7300000000,4,1015,code
"news: Companies that fail to comply with GDPR will face a penalty of either 4% of their global revenue or €20 million, whichever is greater.",1.3,512,1,1747906216.754331,2025-05-22T09:30:16.754337,0.27308833599090576,0.4188350737094879,Mistral-7B,2025-05-22T11:11:27.997154,7300000000,0,1020,news
news: As I was getting older the company all of a sudden started to seem younger and younger.,1.3,512,1,1747906224.9174,2025-05-22T09:30:24.917406,0.2520373463630676,0.3888930678367615,Mistral-7B,2025-05-22T11:11:28.124250,7300000000,1,1020,news
"wiki: Humans lived in societies without formal hierarchies long before the establishment of formal states, realms, or empires.",1.3,512,1,1747906231.9457138,2025-05-22T09:30:31.945718,0.258566290140152,0.39843592047691345,Mistral-7B,2025-05-22T11:11:28.234219,7300000000,2,1020,wiki
"news: It was created in collaboration by NBoC principal dancer and choreographic associate Guillaume Côté and film and stage director Robert Lepage, who is making his NBoC debut.",1.3,512,1,1747906239.771377,2025-05-22T09:30:39.771382,0.25812065601348877,0.3985937833786011,Mistral-7B,2025-05-22T11:11:28.331592,7300000000,3,1020,news
"wiki: In 2010, Republicans took large majorities of both chambers of the state legislature, giving them control of that body for the first time in 136 years.",1.3,512,1,1747906247.8322568,2025-05-22T09:30:47.832261,0.2752397358417511,0.4231688976287842,Mistral-7B,2025-05-22T11:11:28.408606,7300000000,4,1020,wiki
wiki: This had caused decades of underinvestment in such areas.,1.3,512,0,1747906137.0284634,2025-05-22T09:28:57.028468,0.23533640801906586,0.38193580508232117,Mistral-7B,2025-05-22T11:11:29.808228,7300000000,0,1020,wiki
wiki: The principle of equal liberty is closer to anarchist political ethics in that it transcends both the liberal and socialist traditions.,1.3,512,0,1747906145.2945428,2025-05-22T09:29:05.294548,0.24063800275325775,0.38868609070777893,Mistral-7B,2025-05-22T11:11:29.906958,7300000000,1,1020,wiki
"wiki: This compared to more than 181,000 African Americans eligible to vote in 1900.",1.3,512,0,1747906153.5001483,2025-05-22T09:29:13.500153,0.24437883496284485,0.3938041627407074,Mistral-7B,2025-05-22T11:11:29.990301,7300000000,2,1020,wiki
"wiki: If Earth were frozen entirely (and hence be more reflective), the average temperature of the planet would drop below .",1.3,512,0,1747906161.7310562,2025-05-22T09:29:21.731061,0.24074260890483856,0.38760998845100403,Mistral-7B,2025-05-22T11:11:30.112505,7300000000,3,1020,wiki
"wiki: Alabama's capital is Montgomery, and its largest city by population and area is Huntsville.",1.3,512,0,1747906170.031326,2025-05-22T09:29:30.031330,0.2531692385673523,0.40686213970184326,Mistral-7B,2025-05-22T11:11:30.213284,7300000000,4,1020,wiki
"news: Fortunately there's a solution, one that's incredibly simple.",1.3,512,0,1747906178.7594266,2025-05-22T09:29:38.759432,0.24910816550254822,0.4006044268608093,Mistral-7B,2025-05-22T11:11:31.696209,7300000000,0,1025,news
fiction: Which of the following is an observation about grasshoppers that a science class could have made on their nature walk? (Answer: B),1.3,512,0,1747906187.1164184,2025-05-22T09:29:47.116423,0.25107288360595703,0.4021722674369812,Mistral-7B,2025-05-22T11:11:31.787219,7300000000,1,1025,fiction
"wiki: The state had 108,000 foreign-born (2.4% of the state population), of which an estimated 22.2% were undocumented (24,000).",1.3,512,0,1747906195.4734588,2025-05-22T09:29:55.473463,0.24244889616966248,0.3909223973751068,Mistral-7B,2025-05-22T11:11:31.879610,7300000000,2,1025,wiki
"wiki: During the second half of the 20th century, anarchism intermingled with the second wave of feminism, radicalising some currents of the feminist movement and being influenced as well.",1.3,512,0,1747906203.8498497,2025-05-22T09:30:03.849854,0.2404254972934723,0.38917770981788635,Mistral-7B,2025-05-22T11:11:31.995128,7300000000,3,1025,wiki
fiction: Which statement describes a harmful effect of clearing rainforests for farmland? (Answer: B),1.3,512,0,1747906212.1620536,2025-05-22T09:30:12.162059,0.2508198618888855,0.4033537209033966,Mistral-7B,2025-05-22T11:11:32.097818,7300000000,4,1025,fiction
"wiki: Services should be carried out by behavior analysts, special education teachers, speech pathologists, and licensed psychologists.",1.3,512,1,1747906256.2996552,2025-05-22T09:30:56.299661,0.2679106295108795,0.41198381781578064,Mistral-7B,2025-05-22T11:11:33.534370,7300000000,0,1025,wiki
"wiki: These signs often develop gradually, though some autistic children experience regression in their communication and social skills after reaching developmental milestones at a normal pace.",1.3,512,1,1747906264.441604,2025-05-22T09:31:04.441609,0.26150989532470703,0.4019322693347931,Mistral-7B,2025-05-22T11:11:33.620530,7300000000,1,1025,wiki
"wiki: Elections  In a 2020 study, Alabama was ranked as the 12th most difficult state for citizens to vote.",1.3,512,1,1747906272.2937598,2025-05-22T09:31:12.293765,0.26088184118270874,0.4022611975669861,Mistral-7B,2025-05-22T11:11:33.700324,7300000000,2,1025,wiki
"wiki: During this time, a minority of anarchists adopted tactics of revolutionary political violence.",1.3,512,1,1747906280.381541,2025-05-22T09:31:20.381547,0.2582797706127167,0.4000908434391022,Mistral-7B,2025-05-22T11:11:33.802793,7300000000,3,1025,wiki
fiction: Which statement is an observation? (Answer: A),1.3,512,1,1747906281.7845814,2025-05-22T09:31:21.784586,0.2622107267379761,0.4038664996623993,Mistral-7B,2025-05-22T11:11:33.904592,7300000000,4,1025,fiction
"code: Explain what this code does:
def function_34(x): return x * 2",1.3,512,1,1747906289.7139473,2025-05-22T09:31:29.713953,0.2735787332057953,0.41857823729515076,Mistral-7B,2025-05-22T11:11:35.333158,7300000000,0,1030,code
"fiction: The heart, blood vessels, kidneys, and bladder working together are best described as (Answer: D)",1.3,512,1,1747906297.6129692,2025-05-22T09:31:37.612974,0.2730499505996704,0.4189322590827942,Mistral-7B,2025-05-22T11:11:35.419937,7300000000,1,1030,fiction
"news: For tips on how to best train employees on cybersecurity practices, click here.",1.3,512,1,1747906299.0147448,2025-05-22T09:31:39.014749,0.272154837846756,0.4174450933933258,Mistral-7B,2025-05-22T11:11:35.500389,7300000000,2,1030,news
"code: Explain what this code does:
def function_41(x): return x * 2",1.3,512,1,1747906307.1501112,2025-05-22T09:31:47.150116,0.2733386158943176,0.4178501069545746,Mistral-7B,2025-05-22T11:11:35.608770,7300000000,3,1030,code
"wiki: Compulsive behaviors: Time-consuming behaviors intended to reduce the anxiety that an individual feels compelled to perform repeatedly or according to rigid rules, such as placing objects in a specific order, checking things, or handwashing.",1.3,512,1,1747906315.384964,2025-05-22T09:31:55.384970,0.26324933767318726,0.40545856952667236,Mistral-7B,2025-05-22T11:11:35.692217,7300000000,4,1030,wiki
"news: I won't have to worry about that so much now, and I can spend my day off roaming around and being inspired.",1.3,512,0,1747906220.937649,2025-05-22T09:30:20.937654,0.2353089153766632,0.37999340891838074,Mistral-7B,2025-05-22T11:11:37.122864,7300000000,0,1030,news
wiki: Alabama is one of the few places in the world that has a secondary tornado season in November and December besides the typically severe spring.,1.3,512,0,1747906226.4131508,2025-05-22T09:30:26.413156,0.23698145151138306,0.38267531991004944,Mistral-7B,2025-05-22T11:11:37.205492,7300000000,1,1030,wiki
"news: Depending on how you count, some 14 million Java programmers code today, with many of them paid well to maintain massive enterprise applications (an estimated 80% of enterprise workloads run on Java).",1.3,512,0,1747906234.8863258,2025-05-22T09:30:34.886331,0.231163889169693,0.37190675735473633,Mistral-7B,2025-05-22T11:11:37.284435,7300000000,2,1030,news
"wiki: Other aspects, such as atypical eating, are also common but are not essential for diagnosis.",1.3,512,0,1747906243.2473505,2025-05-22T09:30:43.247356,0.23923267424106598,0.3888964354991913,Mistral-7B,2025-05-22T11:11:37.371543,7300000000,3,1030,wiki
wiki: The oldest Jewish congregation in the state is Congregation Sha'arai Shomayim in Mobile.,1.3,512,0,1747906251.4472327,2025-05-22T09:30:51.447238,0.23813261091709137,0.38423970341682434,Mistral-7B,2025-05-22T11:11:37.477754,7300000000,4,1030,wiki
"news: ""I'd say compliance right now is only at about 35% or 40% at the most,"" he said.",1.3,512,1,1747906323.866611,2025-05-22T09:32:03.866616,0.25619640946388245,0.39469608664512634,Mistral-7B,2025-05-22T11:11:38.909555,7300000000,0,1035,news
"wiki: Interest in the anarchist movement developed alongside momentum in the anti-globalisation movement, whose leading activist networks were anarchist in orientation.",1.3,512,1,1747906332.100154,2025-05-22T09:32:12.100159,0.2543223798274994,0.3947739601135254,Mistral-7B,2025-05-22T11:11:39.008397,7300000000,1,1035,wiki
"news: Dancers also contribute to the narration with spoken text, including imagery of young love and a dose of humor.",1.3,512,1,1747906341.295688,2025-05-22T09:32:21.295694,0.26074519753456116,0.40233784914016724,Mistral-7B,2025-05-22T11:11:39.127939,7300000000,2,1035,news
"fiction: A ""widow's peak"" hairline in humans is coded by the dominant allele W. A straight hairline is coded by the recessive allele w. A man with a homozygous dominant WW produces a zygote with a woman with a heterozygous dominant Ww for the trait. Which allele combinations could occur in the zygote? (Answer: B)",1.3,512,1,1747906342.9797106,2025-05-22T09:32:22.979716,0.26232603192329407,0.40389105677604675,Mistral-7B,2025-05-22T11:11:39.230927,7300000000,3,1035,fiction
"news: Now, however, they will have to provide the data within one month of receiving the request.",1.3,512,1,1747906350.0106657,2025-05-22T09:32:30.010671,0.2449231743812561,0.38056087493896484,Mistral-7B,2025-05-22T11:11:39.327117,7300000000,4,1035,news
fiction: Data in tables may also be presented in graphs. Which type of data would best be displayed on a circle graph? (Answer: D),1.3,512,0,1747906260.181916,2025-05-22T09:31:00.181921,0.24768513441085815,0.39832785725593567,Mistral-7B,2025-05-22T11:11:40.762597,7300000000,0,1035,fiction
"wiki: Even though many anarchists distanced themselves from these terrorist acts, infamy came upon the movement and attempts were made to exclude them from American immigration, including the Immigration Act of 1903, also called the Anarchist Exclusion Act.",1.3,512,0,1747906267.4745896,2025-05-22T09:31:07.474595,0.2286418378353119,0.37211811542510986,Mistral-7B,2025-05-22T11:11:40.854577,7300000000,1,1035,wiki
"wiki: Albedo–temperature feedback When an area's albedo changes due to snowfall, a snow–temperature feedback results.",1.3,512,0,1747906275.913285,2025-05-22T09:31:15.913290,0.23550818860530853,0.38115549087524414,Mistral-7B,2025-05-22T11:11:40.940421,7300000000,2,1035,wiki
"news: The piece features a commissioned score by Swedish composer Mikael Karlsson, which will be performed onstage by singer Anna von Hausswolff.",1.3,512,0,1747906284.363206,2025-05-22T09:31:24.363211,0.22783663868904114,0.3704751133918762,Mistral-7B,2025-05-22T11:11:41.028935,7300000000,3,1035,news
news: A Typical Day Students begin their days with an early 8 am technique class.,1.3,512,0,1747906292.7607207,2025-05-22T09:31:32.760725,0.23497693240642548,0.3791092038154602,Mistral-7B,2025-05-22T11:11:41.147245,7300000000,4,1035,news
"wiki: They mostly engage in confronting the police during demonstrations and riots, especially in countries such as Canada, Greece, and Mexico.",1.3,512,1,1747906354.7414448,2025-05-22T09:32:34.741451,0.24900104105472565,0.3869101405143738,Mistral-7B,2025-05-22T11:11:42.637213,7300000000,0,1040,wiki
"news: If successful, the XR1 chip could improve technologies found in modern smart glasses, and make VR and AR more affordable to get into for smaller companies.",1.3,512,1,1747906363.2392292,2025-05-22T09:32:43.239235,0.2597234845161438,0.3999892771244049,Mistral-7B,2025-05-22T11:11:42.722432,7300000000,1,1040,news
"wiki: Joint attention seems to be necessary for functional speech, and deficits in joint attention seem to distinguish infants with ASD.",1.3,512,1,1747906371.5841036,2025-05-22T09:32:51.584110,0.2618391513824463,0.4044485092163086,Mistral-7B,2025-05-22T11:11:42.802791,7300000000,2,1040,wiki
"news: In November the company will reference Kaiser's Balanchine roots with a program titled Classic Americana featuring Serenade and Western Symphony, as well Paul Taylor's Company B.",1.3,512,1,1747906379.7890263,2025-05-22T09:32:59.789031,0.2553708255290985,0.39560458064079285,Mistral-7B,2025-05-22T11:11:42.892398,7300000000,3,1040,news
"code: Explain what this code does:
def function_54(x): return x * 2",1.3,512,1,1747906386.6223023,2025-05-22T09:33:06.622307,0.2690839171409607,0.41229188442230225,Mistral-7B,2025-05-22T11:11:42.999258,7300000000,4,1040,code
"wiki: In addition, there are currently five auxiliary interstate routes in the state: I-165 in Mobile, I-359 in Tuscaloosa, I-459 around Birmingham, I-565 in Decatur and Huntsville, and I-759 in Gadsden.",1.3,512,0,1747906294.9720414,2025-05-22T09:31:34.972047,0.23707880079746246,0.3842373490333557,Mistral-7B,2025-05-22T11:11:44.448476,7300000000,0,1040,wiki
"fiction: If a new moon occurred on June 2, when will the next new moon occur? (Answer: A)",1.3,512,0,1747906302.5886858,2025-05-22T09:31:42.588691,0.24863921105861664,0.4011707007884979,Mistral-7B,2025-05-22T11:11:44.539339,7300000000,1,1040,fiction
wiki: The city was moved to the current site of Mobile in 1711.,1.3,512,0,1747906310.8350444,2025-05-22T09:31:50.835049,0.23240771889686584,0.37651732563972473,Mistral-7B,2025-05-22T11:11:44.630204,7300000000,2,1040,wiki
"wiki: Also, the Black Belt region across central Alabama ""is home to largely poor counties that are predominantly African-American.",1.3,512,0,1747906319.1735322,2025-05-22T09:31:59.173538,0.22534234821796417,0.3669675886631012,Mistral-7B,2025-05-22T11:11:44.721290,7300000000,3,1040,wiki
wiki: The decision-making process of small anarchist affinity groups plays a significant tactical role.,1.3,512,0,1747906327.4813135,2025-05-22T09:32:07.481319,0.237427219748497,0.3836641013622284,Mistral-7B,2025-05-22T11:11:44.812512,7300000000,4,1040,wiki
fiction: Which of following is a property shared by the elements in the carbon family? (Answer: D),1.3,512,0,1747906336.2220063,2025-05-22T09:32:16.222012,0.24239660799503326,0.3907363712787628,Mistral-7B,2025-05-22T11:11:46.311767,7300000000,0,1045,fiction
fiction: An engineer measured the time it takes sound to travel through samples of different materials. All of the samples were identical in shape and size. The measurements were made using ultrasonic waves with a frequency of 5 megahertz. Which question was the engineer most likely trying to answer? (Answer: A),1.3,512,0,1747906340.4932024,2025-05-22T09:32:20.493208,0.24159209430217743,0.3892183303833008,Mistral-7B,2025-05-22T11:11:46.392896,7300000000,1,1045,fiction
"news: Johnathon Johnson put McNeight in a choke hold, and they threatened McNeight with the tire iron, and took the money, his wallet, and his cell phone.",1.3,512,0,1747906344.2080328,2025-05-22T09:32:24.208039,0.2298104166984558,0.3738115727901459,Mistral-7B,2025-05-22T11:11:46.472755,7300000000,2,1045,news
wiki: Deeply shadowed cavities can achieve an effective albedo approaching the zero of a black body.,1.3,512,0,1747906352.7387557,2025-05-22T09:32:32.738761,0.23150499165058136,0.37624815106391907,Mistral-7B,2025-05-22T11:11:46.562279,7300000000,3,1045,wiki
"wiki: ), autocratic religions (e.g., fundamentalist Islam, Roman Catholicism, etc.",1.3,512,0,1747906359.9919975,2025-05-22T09:32:39.992002,0.22723767161369324,0.36965304613113403,Mistral-7B,2025-05-22T11:11:46.643449,7300000000,4,1045,wiki
"wiki: In Latin America, Argentina was a stronghold for anarcho-syndicalism, where it became the most prominent left-wing ideology.",1.3,512,1,1747906391.7260063,2025-05-22T09:33:11.726011,0.2587822377681732,0.4000530242919922,Mistral-7B,2025-05-22T11:11:48.085229,7300000000,0,1045,wiki
"wiki: Black residents effectively taxed themselves twice, by raising additional monies to supply matching funds for such schools, which were built in many rural areas.",1.3,512,1,1747906398.7476547,2025-05-22T09:33:18.747660,0.24449704587459564,0.3791641294956207,Mistral-7B,2025-05-22T11:11:48.168575,7300000000,1,1045,wiki
"news: Whiteside, on the other hand, imitates a unicorn, talks about preparing for roles and creates a new middle name for Boylston.",1.3,512,1,1747906406.8971539,2025-05-22T09:33:26.897159,0.2475806176662445,0.3853274881839752,Mistral-7B,2025-05-22T11:11:48.249145,7300000000,2,1045,news
fiction: Which factor can increase the amount of sulfur dioxide in the air? (Answer: B),1.3,512,1,1747906412.5632637,2025-05-22T09:33:32.563270,0.26603248715400696,0.4087422788143158,Mistral-7B,2025-05-22T11:11:48.329666,7300000000,3,1045,fiction
wiki: Black carbon is a bigger cause of the melting of the polar ice cap in the Arctic than carbon dioxide due to its effect on the albedo.,1.3,512,1,1747906420.1787174,2025-05-22T09:33:40.178723,0.2734778821468353,0.4199450612068176,Mistral-7B,2025-05-22T11:11:48.436723,7300000000,4,1045,wiki
"code: Explain what this code does:
def function_13(x): return x * 2",1.3,512,1,1747906428.93178,2025-05-22T09:33:48.931786,0.2736174464225769,0.4176527261734009,Mistral-7B,2025-05-22T11:11:49.873969,7300000000,0,1050,code
"news: However, it also contains the right to access any information that may be held by a company, including your employer.",1.3,512,1,1747906437.210284,2025-05-22T09:33:57.210290,0.2612527906894684,0.4013043940067291,Mistral-7B,2025-05-22T11:11:49.955080,7300000000,1,1050,news
"wiki: An important relationship between an object's astronomical (geometric) albedo, absolute magnitude and diameter is given by:  where  is the astronomical albedo,  is the diameter in kilometers, and  is the absolute magnitude.",1.3,512,1,1747906446.0303903,2025-05-22T09:34:06.030397,0.2656843364238739,0.40956735610961914,Mistral-7B,2025-05-22T11:11:50.040591,7300000000,2,1050,wiki
wiki: The northern part—along the Tennessee River Valley—is most vulnerable.,1.3,512,1,1747906454.5919847,2025-05-22T09:34:14.591990,0.2708797752857208,0.41963452100753784,Mistral-7B,2025-05-22T11:11:50.125646,7300000000,3,1050,wiki
"news: This time around the final screen appeared, the All set link didn't work.",1.3,512,1,1747906462.9947073,2025-05-22T09:34:22.994712,0.25591570138931274,0.39661669731140137,Mistral-7B,2025-05-22T11:11:50.210502,7300000000,4,1050,news
"wiki: In 2002, Christian Koeberl with the Institute of Geochemistry University of Vienna published evidence and established the site as the 157th recognized impact crater on Earth.",1.3,512,0,1747906368.2032194,2025-05-22T09:32:48.203225,0.2284577488899231,0.37252554297447205,Mistral-7B,2025-05-22T11:11:51.648464,7300000000,0,1050,wiki
wiki: Parents often notice signs during the first three years of their child's life.,1.3,512,0,1747906375.9878414,2025-05-22T09:32:55.987847,0.2435169219970703,0.3923414349555969,Mistral-7B,2025-05-22T11:11:51.731595,7300000000,1,1050,wiki
"code: Explain what this code does:
def function_3(x): return x * 2",1.3,512,0,1747906384.0815923,2025-05-22T09:33:04.081598,0.25188305974006653,0.4039977788925171,Mistral-7B,2025-05-22T11:11:51.817208,7300000000,2,1050,code
"wiki: Children with high-functioning autism have more intense and frequent loneliness compared to non-autistic peers, despite the common belief that autistic children prefer to be alone.",1.3,512,0,1747906393.2144647,2025-05-22T09:33:13.214470,0.2431609332561493,0.39198559522628784,Mistral-7B,2025-05-22T11:11:51.921090,7300000000,3,1050,wiki
"wiki: The agrarian Mississippian culture covered most of the state from 1000 to 1600 CE, with one of its major centers built at what is now the Moundville Archaeological Site in Moundville, Alabama.",1.3,512,0,1747906401.7210236,2025-05-22T09:33:21.721029,0.2332054078578949,0.3789561986923218,Mistral-7B,2025-05-22T11:11:52.002438,7300000000,4,1050,wiki
wiki: Sea water absorbs more solar radiation than would the same surface covered with reflective snow.,1.3,512,1,1747906464.9375408,2025-05-22T09:34:24.937547,0.25742122530937195,0.3983268737792969,Mistral-7B,2025-05-22T11:11:53.422053,7300000000,0,1055,wiki
"fiction: On Earth, water can be a solid, a liquid, or a gas. Which energy source has the greatest influence on the state of matter of water? (Answer: A)",1.3,512,1,1747906472.8081744,2025-05-22T09:34:32.808180,0.2702268362045288,0.41364386677742004,Mistral-7B,2025-05-22T11:11:53.503706,7300000000,1,1055,fiction
"wiki: In most instances, the transmitted pulse is circularly polarized and the received pulse is measured in the same sense of polarization as the transmitted pulse (SC) and the opposite sense (OC).",1.3,512,1,1747906481.0138958,2025-05-22T09:34:41.013909,0.25594356656074524,0.3967318832874298,Mistral-7B,2025-05-22T11:11:53.615307,7300000000,2,1055,wiki
"wiki: Economy  The state has invested in aerospace, education, health care, banking, and various heavy industries, including automobile manufacturing, mineral extraction, steel production and fabrication.",1.3,512,1,1747906489.6998646,2025-05-22T09:34:49.699870,0.2612123191356659,0.4024704396724701,Mistral-7B,2025-05-22T11:11:53.699569,7300000000,3,1055,wiki
"wiki: A differential diagnosis for ASD at this stage might also consider intellectual disability, hearing impairment, and a specific language impairment such as Landau–Kleffner syndrome.",1.3,512,1,1747906498.0506213,2025-05-22T09:34:58.050626,0.25806480646133423,0.3983771800994873,Mistral-7B,2025-05-22T11:11:53.779567,7300000000,4,1055,wiki
wiki: Enlightenment challenges to intellectual authority (secular and religious) and the revolutions of the 1790s and 1848 all spurred the ideological development of what became the era of classical anarchism.,1.3,512,0,1747906403.7060976,2025-05-22T09:33:23.706103,0.2289600372314453,0.3733755052089691,Mistral-7B,2025-05-22T11:11:55.207381,7300000000,0,1055,wiki
wiki: Anarchism and the state   Objection to the state and its institutions is a sine qua non of anarchism.,1.3,512,0,1747906413.4305341,2025-05-22T09:33:33.430540,0.23797446489334106,0.384757399559021,Mistral-7B,2025-05-22T11:11:55.291648,7300000000,1,1055,wiki
"fiction: Photosynthesis is a process involving carbon dioxide, water, glucose, oxygen, and sunlight. Which is the correct chemical equation for photosynthesis? (Answer: D)",1.3,512,0,1747906416.8935103,2025-05-22T09:33:36.893516,0.25014543533325195,0.4019317924976349,Mistral-7B,2025-05-22T11:11:55.374292,7300000000,2,1055,fiction
"news: Stay informed, click here to subscribe to the TechRepublic Cloud Insights newsletter.",1.3,512,0,1747906424.9447815,2025-05-22T09:33:44.944787,0.2434287965297699,0.392098605632782,Mistral-7B,2025-05-22T11:11:55.455049,7300000000,3,1055,news
wiki: Gastrointestinal problems are one of the most commonly co-occurring medical conditions in autistic people.,1.3,512,0,1747906433.1731114,2025-05-22T09:33:53.173117,0.24995101988315582,0.40271738171577454,Mistral-7B,2025-05-22T11:11:55.540300,7300000000,4,1055,wiki
fiction: Where is the biological magnification of pollutants most likely to be the greatest? (Answer: A),1.3,512,1,1747906501.985507,2025-05-22T09:35:01.985512,0.260124146938324,0.4007471203804016,Mistral-7B,2025-05-22T11:11:56.946078,7300000000,0,1060,fiction
"code: Explain what this code does:
def function_19(x): return x * 2",1.3,512,1,1747906508.8603292,2025-05-22T09:35:08.860335,0.27506035566329956,0.4199689030647278,Mistral-7B,2025-05-22T11:11:57.044061,7300000000,1,1060,code
wiki: Medication Medications may be used to treat ASD symptoms that interfere with integrating a child into home or school when behavioral treatment fails.,1.3,512,1,1747906512.792583,2025-05-22T09:35:12.792588,0.2651784121990204,0.4076313376426697,Mistral-7B,2025-05-22T11:11:57.138033,7300000000,2,1060,wiki
"wiki: Census-designated and metropolitan areas  Cities  Demographics  According to the 2020 United States census the population of Alabama was 5,024,279 on April 1, 2020, which represents an increase of 244,543 or 5.12%, since the 2010 census.",1.3,512,1,1747906520.8896327,2025-05-22T09:35:20.889638,0.2696300745010376,0.4135141968727112,Mistral-7B,2025-05-22T11:11:57.232338,7300000000,3,1060,wiki
news: Courtesy Peter Koppers.,1.3,512,1,1747906529.0103154,2025-05-22T09:35:29.010320,0.2786410450935364,0.4263598322868347,Mistral-7B,2025-05-22T11:11:57.325944,7300000000,4,1060,news
news: This will be the fourth work by Ekman that The Joffrey has performed.,1.3,512,0,1747906441.732401,2025-05-22T09:34:01.732406,0.23683404922485352,0.3840214014053345,Mistral-7B,2025-05-22T11:11:58.788219,7300000000,0,1060,news
fiction: A ship leaks a large amount of oil near a coastal area. Which statement describes how the oil most likely will affect the coastal habitat? (Answer: B),1.3,512,0,1747906445.1255186,2025-05-22T09:34:05.125525,0.24220015108585358,0.39097338914871216,Mistral-7B,2025-05-22T11:11:58.872425,7300000000,1,1060,fiction
"code: Explain what this code does:
def function_0(x): return x * 2",1.3,512,0,1747906452.0325606,2025-05-22T09:34:12.032565,0.2540619671344757,0.40717288851737976,Mistral-7B,2025-05-22T11:11:58.952178,7300000000,2,1060,code
"wiki: Tourism and entertainment  According to Business Insider, Alabama ranked 14th in most popular states to visit in 2014.",1.3,512,0,1747906459.7276387,2025-05-22T09:34:19.727643,0.24056094884872437,0.3879677951335907,Mistral-7B,2025-05-22T11:11:59.032270,7300000000,3,1060,wiki
"wiki: A component especially of individualist anarchism, philosophical anarchism may tolerate the existence of a minimal state but claims that citizens have no moral obligation to obey government when it conflicts with individual autonomy.",1.3,512,0,1747906467.7859395,2025-05-22T09:34:27.785945,0.2333887368440628,0.37817397713661194,Mistral-7B,2025-05-22T11:11:59.146653,7300000000,4,1060,wiki
"news: Once she's mastered the pirouette she's been struggling with, she repeats the step over and over until the clock reaches 12 pm for lunch.",1.3,512,0,1747906476.6911287,2025-05-22T09:34:36.691134,0.23463818430900574,0.37849369645118713,Mistral-7B,2025-05-22T11:12:00.559066,7300000000,0,1065,news
"code: Explain what this code does:
def function_14(x): return x * 2",1.3,512,0,1747906484.8835936,2025-05-22T09:34:44.883598,0.24756619334220886,0.3969631493091583,Mistral-7B,2025-05-22T11:12:00.644149,7300000000,1,1065,code
"wiki: ), patriarchy, heterosexism, white supremacy, and imperialism.""",1.3,512,0,1747906486.7965915,2025-05-22T09:34:46.796596,0.24312110245227814,0.3931233286857605,Mistral-7B,2025-05-22T11:12:00.723971,7300000000,2,1065,wiki
"news: Once again, the final screen links wouldn't work.",1.3,512,0,1747906494.5536344,2025-05-22T09:34:54.553639,0.23310360312461853,0.3773866593837738,Mistral-7B,2025-05-22T11:12:00.804401,7300000000,3,1065,news
"wiki: What is now the counties of Baldwin and Mobile became part of Spanish West Florida in 1783, part of the independent Republic of West Florida in 1810, and was finally added to the Mississippi Territory in 1812.",1.3,512,0,1747906502.694577,2025-05-22T09:35:02.694583,0.23932673037052155,0.38672614097595215,Mistral-7B,2025-05-22T11:12:00.884165,7300000000,4,1065,wiki
"wiki: Anarchists were treated similarly in the Second International, being ultimately expelled in 1896.",1.3,512,1,1747906531.2342005,2025-05-22T09:35:31.234205,0.274177610874176,0.42138156294822693,Mistral-7B,2025-05-22T11:12:02.290038,7300000000,0,1065,wiki
"code: Explain what this code does:
def function_49(x): return x * 2",1.3,512,1,1747906538.3315337,2025-05-22T09:35:38.331539,0.27423110604286194,0.41857531666755676,Mistral-7B,2025-05-22T11:12:02.372542,7300000000,1,1065,code
wiki: Later immigrants in the nineteenth and twentieth centuries tended to be Ashkenazi Jews from eastern Europe.,1.3,512,1,1747906546.2152317,2025-05-22T09:35:46.215237,0.263171911239624,0.40497833490371704,Mistral-7B,2025-05-22T11:12:02.451703,7300000000,2,1065,wiki
"wiki: Etymology, terminology, and definition   The etymological origin of anarchism is from the Ancient Greek anarkhia, meaning ""without a ruler"", composed of the prefix an- (""without"") and the word arkhos (""leader"" or ""ruler"").",1.3,512,1,1747906554.548722,2025-05-22T09:35:54.548727,0.2598882019519806,0.4013504981994629,Mistral-7B,2025-05-22T11:12:02.534378,7300000000,3,1065,wiki
"news: Since then we've been doing five-day workshops once a year in Robert's studio, Ex Machina, where he has a multi media team.",1.3,512,1,1747906563.202546,2025-05-22T09:36:03.202551,0.2457159012556076,0.3806668221950531,Mistral-7B,2025-05-22T11:12:02.650062,7300000000,4,1065,news
wiki: Alabama: The History of a Deep South State (1994).,1.3,512,1,1747906571.9356246,2025-05-22T09:36:11.935630,0.25373533368110657,0.393179327249527,Mistral-7B,2025-05-22T11:12:04.072498,7300000000,0,1070,wiki
"wiki: Lastly, Fiala mentions a critique towards philosophical anarchism of being ineffective (all talk and thoughts) and in the meantime capitalism and bourgeois class remains strong.",1.3,512,1,1747906580.2822843,2025-05-22T09:36:20.282290,0.24290534853935242,0.37883374094963074,Mistral-7B,2025-05-22T11:12:04.154572,7300000000,1,1070,wiki
"wiki: Steel jobs, for instance, declined from 46,314 in 1950 to 14,185 in 2011.",1.3,512,1,1747906588.5650296,2025-05-22T09:36:28.565035,0.2554803192615509,0.39409786462783813,Mistral-7B,2025-05-22T11:12:04.232823,7300000000,2,1070,wiki
fiction: Giant redwood trees change energy from one form to another. How is energy changed by the trees? (Answer: B),1.3,512,1,1747906596.8234,2025-05-22T09:36:36.823405,0.2611827254295349,0.402181476354599,Mistral-7B,2025-05-22T11:12:04.309297,7300000000,3,1070,fiction
fiction: A signal from the brain to a muscle in the arm is transmitted by which structures? (Answer: C),1.3,512,1,1747906605.1786668,2025-05-22T09:36:45.178671,0.2662411630153656,0.410255491733551,Mistral-7B,2025-05-22T11:12:04.388174,7300000000,4,1070,fiction
"code: Explain what this code does:
def function_94(x): return x * 2",1.3,512,0,1747906511.7638452,2025-05-22T09:35:11.763851,0.25069576501846313,0.4020533263683319,Mistral-7B,2025-05-22T11:12:05.794345,7300000000,0,1070,code
"code: Explain what this code does:
def function_80(x): return x * 2",1.3,512,0,1747906516.4793231,2025-05-22T09:35:16.479328,0.24905499815940857,0.3993043005466461,Mistral-7B,2025-05-22T11:12:05.873083,7300000000,1,1070,code
news: So I returned to the IP address and was presented with a login screen.,1.3,512,0,1747906524.7357833,2025-05-22T09:35:24.735789,0.23633362352848053,0.38051530718803406,Mistral-7B,2025-05-22T11:12:05.951779,7300000000,2,1070,news
"wiki: In the southern Gulf coast, snowfall is less frequent, sometimes going several years without any snowfall.",1.3,512,0,1747906532.9702625,2025-05-22T09:35:32.970268,0.23452645540237427,0.3785645365715027,Mistral-7B,2025-05-22T11:12:06.032535,7300000000,3,1070,wiki
"wiki: In 1954, the U.S. Supreme Court ruled in Brown v. Board of Education that public schools had to be desegregated, but Alabama was slow to comply.",1.3,512,0,1747906541.4509232,2025-05-22T09:35:41.450929,0.24375754594802856,0.393591970205307,Mistral-7B,2025-05-22T11:12:06.146648,7300000000,4,1070,wiki
"code: Explain what this code does:
def function_78(x): return x * 2",1.3,512,0,1747906550.1507163,2025-05-22T09:35:50.150722,0.2488531470298767,0.39856407046318054,Mistral-7B,2025-05-22T11:12:07.596711,7300000000,0,1075,code
wiki: Robert Paul Wolff believed that the tension between authority and autonomy would mean the state could never be legitimate.,1.3,512,0,1747906558.413353,2025-05-22T09:35:58.413358,0.2322324812412262,0.37534230947494507,Mistral-7B,2025-05-22T11:12:07.679655,7300000000,1,1075,wiki
fiction: How many times does Earth rotate on its axis in one day? (Answer: A),1.3,512,0,1747906560.3553565,2025-05-22T09:36:00.355362,0.23912157118320465,0.3842581808567047,Mistral-7B,2025-05-22T11:12:07.757149,7300000000,2,1075,fiction
"code: Explain what this code does:
def function_38(x): return x * 2",1.3,512,0,1747906568.1176262,2025-05-22T09:36:08.117632,0.2513010799884796,0.40278592705726624,Mistral-7B,2025-05-22T11:12:07.834315,7300000000,3,1075,code
"code: Explain what this code does:
def function_9(x): return x * 2",1.3,512,0,1747906576.251718,2025-05-22T09:36:16.251724,0.25064817070961,0.40150225162506104,Mistral-7B,2025-05-22T11:12:07.911265,7300000000,4,1075,code
"fiction: Laura adds 50 mL of boiling water to 100 mL of ice water. If the 150 mL of water is then put into a freezer, at what temperature will the water freeze? (Answer: A)",1.3,512,1,1747906613.915204,2025-05-22T09:36:53.915210,0.2690398693084717,0.4127582311630249,Mistral-7B,2025-05-22T11:12:09.341970,7300000000,0,1075,fiction
wiki: They include:  Genetic disorders.,1.3,512,1,1747906622.0588286,2025-05-22T09:37:02.058834,0.2739422917366028,0.42043575644493103,Mistral-7B,2025-05-22T11:12:09.420325,7300000000,1,1075,wiki
wiki: The school closed after constant harassment by the state and Ferrer was later arrested.,1.3,512,1,1747906631.2856567,2025-05-22T09:37:11.285663,0.25348785519599915,0.3933308720588684,Mistral-7B,2025-05-22T11:12:09.499318,7300000000,2,1075,wiki
"wiki: However, most of the Democratic sheriffs preside over rural and less populated counties.",1.3,512,1,1747906643.7760675,2025-05-22T09:37:23.776074,0.2658851146697998,0.40901365876197815,Mistral-7B,2025-05-22T11:12:09.606907,7300000000,3,1075,wiki
"news: ""An awful lot of companies may not think they have exposure to it, but there are lots of variables in that.""",1.3,512,1,1747906652.1888754,2025-05-22T09:37:32.188881,0.25481629371643066,0.3939949572086334,Mistral-7B,2025-05-22T11:12:09.687424,7300000000,4,1075,news
wiki: The remaining portion of the ThyssenKrupp plant had final bids submitted by ArcelorMittal and Nippon Steel for $1.6billion in March 2013.,1.3,512,1,1747906660.950482,2025-05-22T09:37:40.950487,0.2570452094078064,0.39846181869506836,Mistral-7B,2025-05-22T11:12:11.105594,7300000000,0,1080,wiki
"code: Explain what this code does:
def function_18(x): return x * 2",1.3,512,1,1747906669.2277243,2025-05-22T09:37:49.227730,0.2704505920410156,0.41284841299057007,Mistral-7B,2025-05-22T11:12:11.187526,7300000000,1,1080,code
wiki: Anarchism is contrasted to socialist forms which are state-oriented or from above.,1.3,512,1,1747906676.2108765,2025-05-22T09:37:56.210881,0.25693902373313904,0.3952477276325226,Mistral-7B,2025-05-22T11:12:11.287118,7300000000,2,1080,wiki
"news: Across the Country… In 1944, San Francisco Ballet founding artistic director Willam Christensen choreographed the U.S.'s first full-length Nutcracker.",1.3,512,1,1747906684.002221,2025-05-22T09:38:04.002227,0.2616415023803711,0.4026739299297333,Mistral-7B,2025-05-22T11:12:11.369575,7300000000,3,1080,news
wiki: Aquaculture   Aquaculture is a large part of the economy of Alabama.,1.3,512,1,1747906692.0210414,2025-05-22T09:38:12.021047,0.2619185149669647,0.403277188539505,Mistral-7B,2025-05-22T11:12:11.450974,7300000000,4,1080,wiki
"code: Explain what this code does:
def function_26(x): return x * 2",1.3,512,0,1747906584.7986338,2025-05-22T09:36:24.798639,0.2486267387866974,0.3982686400413513,Mistral-7B,2025-05-22T11:12:12.874083,7300000000,0,1080,code
fiction: Which of the following statements best explains why magnets usually stick to a refrigerator door? (Answer: B),1.3,512,0,1747906592.9015224,2025-05-22T09:36:32.901528,0.24574270844459534,0.3943549692630768,Mistral-7B,2025-05-22T11:12:12.952444,7300000000,1,1080,fiction
"wiki: Other spellings of the name have included Alibamu, Alabamo, Albama, Alebamon, Alibama, Alibamou, Alabamu, Allibamou.",1.3,512,0,1747906601.1291118,2025-05-22T09:36:41.129117,0.23286274075508118,0.37688499689102173,Mistral-7B,2025-05-22T11:12:13.033412,7300000000,2,1080,wiki
"news: Starbucks in hand, they discuss their mutual love of food (particularly pasta and Japanese curry), the story behind the Cindy nickname and what it's like picking up contemporary choreography versus classical.",1.3,512,0,1747906609.3659737,2025-05-22T09:36:49.365979,0.2211027592420578,0.3618241548538208,Mistral-7B,2025-05-22T11:12:13.148877,7300000000,3,1080,news
wiki: The available evidence does not rule out the possibility that autism's true prevalence has increased; a real increase would suggest directing more attention and funding toward psychosocial factors and changing environmental factors instead of continuing to focus on genetics.,1.3,512,0,1747906617.6782568,2025-05-22T09:36:57.678262,0.2442309409379959,0.3946443498134613,Mistral-7B,2025-05-22T11:12:13.232792,7300000000,4,1080,wiki
"code: Explain what this code does:
def function_83(x): return x * 2",1.3,512,1,1747906700.5143094,2025-05-22T09:38:20.514315,0.2749371826648712,0.41974565386772156,Mistral-7B,2025-05-22T11:12:14.658890,7300000000,0,1085,code
"code: Explain what this code does:
def function_66(x): return x * 2",1.3,512,1,1747906708.6404548,2025-05-22T09:38:28.640461,0.2741048336029053,0.41845378279685974,Mistral-7B,2025-05-22T11:12:14.746187,7300000000,1,1085,code
"fiction: Rain forests contain more species of trees than any other biome. However, scientists have found that the soil of the forest floor is relatively nutrient poor. What could most likely account for this? (Answer: B)",1.3,512,1,1747906715.8052392,2025-05-22T09:38:35.805244,0.2692054510116577,0.41192924976348877,Mistral-7B,2025-05-22T11:12:14.828984,7300000000,2,1085,fiction
"code: Explain what this code does:
def function_50(x): return x * 2",1.3,512,1,1747906724.1479404,2025-05-22T09:38:44.147945,0.27077528834342957,0.41325199604034424,Mistral-7B,2025-05-22T11:12:14.912020,7300000000,3,1085,code
"wiki: Collectivist anarchists advocate collective ownership of the means of production which is theorised to be achieved through violent revolution and that workers be paid according to time worked, rather than goods being distributed according to need as in communism.",1.3,512,1,1747906732.467252,2025-05-22T09:38:52.467256,0.2612350285053253,0.40310031175613403,Mistral-7B,2025-05-22T11:12:14.996195,7300000000,4,1085,wiki
fiction: Which would a scientist use in trying to model the cause of planetary years? (Answer: D),1.3,512,0,1747906626.372605,2025-05-22T09:37:06.372611,0.24703103303909302,0.39877399802207947,Mistral-7B,2025-05-22T11:12:16.407700,7300000000,0,1085,fiction
"fiction: In living things, smaller substances are linked to make up larger substances. Which of the following correctly describes a larger substance made by linking smaller substances? (Answer: A)",1.3,512,0,1747906631.3308175,2025-05-22T09:37:11.330824,0.24942868947982788,0.4008220434188843,Mistral-7B,2025-05-22T11:12:16.486974,7300000000,1,1085,fiction
"code: Explain what this code does:
def function_52(x): return x * 2",1.3,512,0,1747906643.7014177,2025-05-22T09:37:23.701423,0.2589321434497833,0.4141661822795868,Mistral-7B,2025-05-22T11:12:16.571308,7300000000,2,1085,code
"wiki: Authority ultimately rests solely on power, regardless of whether that power is open or transparent, as it still has the ability to coerce people.",1.3,512,0,1747906649.6892917,2025-05-22T09:37:29.689297,0.24483780562877655,0.39431697130203247,Mistral-7B,2025-05-22T11:12:16.654878,7300000000,3,1085,wiki
"code: Explain what this code does:
def function_96(x): return x * 2",1.3,512,0,1747906656.6991942,2025-05-22T09:37:36.699199,0.2562404274940491,0.4098469913005829,Mistral-7B,2025-05-22T11:12:16.735248,7300000000,4,1085,code
"wiki: More than half of US children diagnosed with ASD are prescribed psychoactive drugs or anticonvulsants, with the most common drug classes being antidepressants, stimulants, and antipsychotics.",1.3,512,0,1747906665.3742285,2025-05-22T09:37:45.374234,0.24953043460845947,0.40216392278671265,Mistral-7B,2025-05-22T11:12:18.157972,7300000000,0,1090,wiki
fiction: In which taxonomic group are organisms found that share the characteristic of storing hereditary material in a single loop of DNA? (Answer: A),1.3,512,0,1747906670.572758,2025-05-22T09:37:50.572765,0.2454034686088562,0.39508938789367676,Mistral-7B,2025-05-22T11:12:18.239948,7300000000,1,1090,fiction
"news: The white male with them was identified as Charles Edward Sinard, age 39, a transient.",1.3,512,0,1747906679.0472143,2025-05-22T09:37:59.047220,0.24245969951152802,0.39285531640052795,Mistral-7B,2025-05-22T11:12:18.318459,7300000000,2,1090,news
"code: Explain what this code does:
def function_11(x): return x * 2",1.3,512,0,1747906687.4472816,2025-05-22T09:38:07.447287,0.2582665681838989,0.4127050042152405,Mistral-7B,2025-05-22T11:12:18.397836,7300000000,3,1090,code
fiction: Rubbing sandpaper on a piece of wood produces what two types of energy? (Answer: B),1.3,512,0,1747906695.5132787,2025-05-22T09:38:15.513284,0.2557979226112366,0.4107351005077362,Mistral-7B,2025-05-22T11:12:18.476522,7300000000,4,1090,fiction
"code: Explain what this code does:
def function_90(x): return x * 2",1.3,512,1,1747906741.165937,2025-05-22T09:39:01.165943,0.27295583486557007,0.41726741194725037,Mistral-7B,2025-05-22T11:12:19.917741,7300000000,0,1090,code
"wiki: As people are often sized up initially from their basic language skills, these studies suggest that people speaking to autistic individuals are more likely to overestimate what their audience comprehends.",1.3,512,1,1747906749.4409866,2025-05-22T09:39:09.440992,0.250221312046051,0.38703298568725586,Mistral-7B,2025-05-22T11:12:19.995644,7300000000,1,1090,wiki
wiki: A significant event of this period was the confrontations at the 1999 Seattle WTO conference.,1.3,512,1,1747906757.6832542,2025-05-22T09:39:17.683259,0.25911974906921387,0.40036308765411377,Mistral-7B,2025-05-22T11:12:20.116861,7300000000,2,1090,wiki
fiction: What adaptation is necessary in intertidal ecosystems but not in reef ecosystems? (Answer: C),1.3,512,1,1747906765.9798722,2025-05-22T09:39:25.979877,0.26680707931518555,0.4103718101978302,Mistral-7B,2025-05-22T11:12:20.211400,7300000000,3,1090,fiction
"wiki: It had not redistricted congressional districts since passage of its constitution in 1901; as a result, urbanized areas were grossly underrepresented.",1.3,512,1,1747906774.2194407,2025-05-22T09:39:34.219445,0.2555912137031555,0.394880086183548,Mistral-7B,2025-05-22T11:12:20.305072,7300000000,4,1090,wiki
"fiction: During most of the year, the air over Boston, Massachusetts, contains a high amount of moisture. Which of the following best explains why there is a high amount of moisture in the air? (Answer: A)",1.3,512,1,1747906782.7187028,2025-05-22T09:39:42.718708,0.2661343216896057,0.4084407091140747,Mistral-7B,2025-05-22T11:12:21.797884,7300000000,0,1095,fiction
"wiki: While employers state hiring concerns about productivity and supervision, experienced employers of autistic people give positive reports of above average memory and detail orientation as well as a high regard for rules and procedure in autistic employees.",1.3,512,1,1747906791.0085437,2025-05-22T09:39:51.008549,0.2567381262779236,0.3975408375263214,Mistral-7B,2025-05-22T11:12:21.904081,7300000000,1,1095,wiki
"wiki: The latter is commonly used in handwriting and fonts based on it, especially fonts intended to be read by children, and is also found in italic type.",1.3,512,1,1747906799.3579683,2025-05-22T09:39:59.357973,0.24845553934574127,0.38491377234458923,Mistral-7B,2025-05-22T11:12:21.982356,7300000000,2,1095,wiki
"wiki: Beyond the specific factions of anarchist movements which constitute political anarchism lies philosophical anarchism which holds that the state lacks moral legitimacy, without necessarily accepting the imperative of revolution to eliminate it.",1.3,512,1,1747906807.6903417,2025-05-22T09:40:07.690347,0.2533184587955475,0.3927292823791504,Mistral-7B,2025-05-22T11:12:22.095723,7300000000,3,1095,wiki
news: Password policies Passwords remain a common digital entry point into an organization for hackers.,1.3,512,1,1747906814.7955642,2025-05-22T09:40:14.795570,0.2657933235168457,0.4071682095527649,Mistral-7B,2025-05-22T11:12:22.189877,7300000000,4,1095,news
"wiki: Its name in English is a (pronounced ), plural aes.",1.3,512,0,1747906704.362622,2025-05-22T09:38:24.362627,0.23989024758338928,0.3888077437877655,Mistral-7B,2025-05-22T11:12:23.679556,7300000000,0,1095,wiki
"news: It's not a story ballet per say, but there is a story from beginning to end.",1.3,512,0,1747906712.5653236,2025-05-22T09:38:32.565329,0.2398579716682434,0.38671156764030457,Mistral-7B,2025-05-22T11:12:23.765540,7300000000,1,1095,news
"wiki: This entails that liberty and equality cannot be implemented within the state, resulting in the questioning of all forms of domination and hierarchy.",1.3,512,0,1747906720.4424806,2025-05-22T09:38:40.442486,0.24433787167072296,0.3939530551433563,Mistral-7B,2025-05-22T11:12:23.846861,7300000000,2,1095,wiki
"wiki: CDC estimates about 1 out of 59 (1.7%) for 2014, an increase from 1 out of every 68 children (1.5%) for 2010.",1.3,512,0,1747906728.638942,2025-05-22T09:38:48.638947,0.23726493120193481,0.38411712646484375,Mistral-7B,2025-05-22T11:12:23.928735,7300000000,3,1095,wiki
"code: Explain what this code does:
def function_97(x): return x * 2",1.3,512,0,1747906736.833424,2025-05-22T09:38:56.833430,0.25457853078842163,0.40724560618400574,Mistral-7B,2025-05-22T11:12:24.010213,7300000000,4,1095,code
"wiki: In the last decades of the 20th and into the 21st century, the anarchist movement has been resurgent once more.",1.3,512,0,1747906745.5380526,2025-05-22T09:39:05.538058,0.24242880940437317,0.39237573742866516,Mistral-7B,2025-05-22T11:12:25.437123,7300000000,0,1100,wiki
"news: ""One of the easiest ways to breach a company is to put somebody on the janitorial staff and go looking at desks,"" Rickard said.",1.3,512,0,1747906753.7399268,2025-05-22T09:39:13.739932,0.23605746030807495,0.3811001181602478,Mistral-7B,2025-05-22T11:12:25.533466,7300000000,1,1100,news
wiki: The authors concluded that a longer duration of the diet may be necessary to achieve the improvement of the ASD symptoms.,1.3,512,0,1747906761.9593513,2025-05-22T09:39:21.959357,0.23652279376983643,0.38372570276260376,Mistral-7B,2025-05-22T11:12:25.631554,7300000000,2,1100,wiki
"wiki: There are many anecdotal reports, but few systematic studies, of aggression and violence in individuals with ASD.",1.3,512,0,1747906770.160271,2025-05-22T09:39:30.160276,0.2435065507888794,0.39281877875328064,Mistral-7B,2025-05-22T11:12:25.727726,7300000000,3,1100,wiki
wiki: The judiciary is responsible for interpreting the Constitution of Alabama and applying the law in state criminal and civil cases.,1.3,512,0,1747906778.3513541,2025-05-22T09:39:38.351359,0.25403761863708496,0.4079464375972748,Mistral-7B,2025-05-22T11:12:25.805878,7300000000,4,1100,wiki
"wiki: In this article, autism refers to the classic autistic disorder; in clinical practice, though, autism, ASD, and PDD are often used interchangeably.",1.3,512,1,1747906822.779728,2025-05-22T09:40:22.779733,0.263605535030365,0.40558016300201416,Mistral-7B,2025-05-22T11:12:27.225246,7300000000,0,1100,wiki
"news: Here are five types of policies that companies must ensure they have in place and have trained employees on in the age of GDPR, according to Rickard.",1.3,512,1,1747906830.7094688,2025-05-22T09:40:30.709475,0.2675926685333252,0.41019219160079956,Mistral-7B,2025-05-22T11:12:27.316450,7300000000,1,1100,news
wiki: Alabama was heavily involved in the American Civil War.,1.3,512,1,1747906838.8311298,2025-05-22T09:40:38.831134,0.2726581394672394,0.4179554283618927,Mistral-7B,2025-05-22T11:12:27.402273,7300000000,2,1100,wiki
"wiki: About 8.167% of letters used in English texts tend to be ; the number is around 7.636% in French, 11.525% in Spanish, and 14.634% for Portuguese.",1.3,512,1,1747906840.29324,2025-05-22T09:40:40.293245,0.2618842124938965,0.40351995825767517,Mistral-7B,2025-05-22T11:12:27.492427,7300000000,3,1100,wiki
"news: Following the Vaganova method, classes are strict and focus on precise positions and placement.",1.3,512,1,1747906847.8634002,2025-05-22T09:40:47.863405,0.25952672958374023,0.39940202236175537,Mistral-7B,2025-05-22T11:12:27.599307,7300000000,4,1100,news
"wiki: Society and culture  An autistic culture has emerged, accompanied by the autistic rights and neurodiversity movements.",1.3,512,1,1747906856.1862514,2025-05-22T09:40:56.186257,0.2629406452178955,0.40389707684516907,Mistral-7B,2025-05-22T11:12:29.043368,7300000000,0,1105,wiki
"code: Explain what this code does:
def function_7(x): return x * 2",1.3,512,1,1747906864.2739673,2025-05-22T09:41:04.273973,0.272620290517807,0.4165845811367035,Mistral-7B,2025-05-22T11:12:29.148189,7300000000,1,1105,code
"wiki: Sample symptoms include lack of social or emotional reciprocity, stereotyped and repetitive use of language or idiosyncratic language, and persistent preoccupation with unusual objects.",1.3,512,1,1747906871.9244456,2025-05-22T09:41:11.924452,0.2643478810787201,0.4065931737422943,Mistral-7B,2025-05-22T11:12:29.247054,7300000000,2,1105,wiki
"wiki: In response to the army rebellion, an anarchist-inspired movement of peasants and workers, supported by armed militias, took control of Barcelona and of large areas of rural Spain, where they collectivised the land.",1.3,512,1,1747906879.0292583,2025-05-22T09:41:19.029263,0.250732958316803,0.3886101543903351,Mistral-7B,2025-05-22T11:12:29.344113,7300000000,3,1105,wiki
"news: From Page to Stage In 1892 St. Petersburg, choreographer Marius Petipa and composer Pyotr Ilyich Tchaikovsky pulled the story off the page and onto the stage of the Mariinsky Theatre.",1.3,512,1,1747906887.50807,2025-05-22T09:41:27.508075,0.26051798462867737,0.40042468905448914,Mistral-7B,2025-05-22T11:12:29.440514,7300000000,4,1105,news
wiki: It is used to define scattering of electromagnetic waves on small particles.,1.3,512,0,1747906787.03306,2025-05-22T09:39:47.033066,0.24954265356063843,0.4013097882270813,Mistral-7B,2025-05-22T11:12:30.883461,7300000000,0,1105,wiki
"news: Former Royal Danish Ballet artistic director Frank Andersen has been a guest teacher at the school since 2002, and was awarded a professorship in 2012.",1.3,512,0,1747906795.3204732,2025-05-22T09:39:55.320479,0.2447906732559204,0.3936690092086792,Mistral-7B,2025-05-22T11:12:30.993143,7300000000,1,1105,news
wiki: Masking may include making oneself perform normative facial expressions and eye contact.,1.3,512,0,1747906803.509431,2025-05-22T09:40:03.509435,0.232243150472641,0.37582436203956604,Mistral-7B,2025-05-22T11:12:31.122943,7300000000,2,1105,wiki
wiki: This line of arguments most often calls for political action within the system to reform it.,1.3,512,0,1747906808.9351017,2025-05-22T09:40:08.935109,0.23016351461410522,0.3724305033683777,Mistral-7B,2025-05-22T11:12:31.220006,7300000000,3,1105,wiki
news: There are two key differences between SAR requests made under the Data Privacy Act and those made under GDPR: The cost and time frame.,1.3,512,0,1747906817.5053883,2025-05-22T09:40:17.505393,0.25108546018600464,0.4033992886543274,Mistral-7B,2025-05-22T11:12:31.325453,7300000000,4,1105,news
news: A BOLO was put out to local law enforcement on the vehicles.,1.3,512,0,1747906826.044881,2025-05-22T09:40:26.044886,0.24473220109939575,0.39377275109291077,Mistral-7B,2025-05-22T11:12:32.751582,7300000000,0,1110,news
"news: Stage Time Performance is the most important aspect of BDA students' professional development, with annual productions featuring classical ballets, contemporary works and student choreography.",1.3,512,0,1747906834.4763892,2025-05-22T09:40:34.476394,0.23953895270824432,0.38748666644096375,Mistral-7B,2025-05-22T11:12:32.857321,7300000000,1,1110,news
"news: NBoC's new work, titled Frame by Frame, will run June 1-10 in Toronto.",1.3,512,0,1747906842.7731678,2025-05-22T09:40:42.773173,0.23318006098270416,0.3780730962753296,Mistral-7B,2025-05-22T11:12:32.965154,7300000000,2,1110,news
wiki: The glint of light off water is a commonplace effect of this.,1.3,512,0,1747906851.225489,2025-05-22T09:40:51.225495,0.22865964472293854,0.37221160531044006,Mistral-7B,2025-05-22T11:12:33.093156,7300000000,3,1110,wiki
"wiki: Alabama has been identified as one of the most religious states in the United States, with about 58% of the population attending church regularly.",1.3,512,0,1747906859.62796,2025-05-22T09:40:59.627964,0.24666348099708557,0.3965730369091034,Mistral-7B,2025-05-22T11:12:33.186256,7300000000,4,1110,wiki
"wiki: Diagnosis Diagnosis is based on behavior, not cause or mechanism.",1.3,512,1,1747906898.7563941,2025-05-22T09:41:38.756400,0.2581106126308441,0.39803555607795715,Mistral-7B,2025-05-22T11:12:34.619384,7300000000,0,1110,wiki
"wiki: A common criticism against autistic activists is that the majority of them are ""high-functioning"" or have Asperger syndrome and do not represent the views of ""low-functioning"" autistic people.",1.3,512,1,1747906905.7196047,2025-05-22T09:41:45.719610,0.2637085020542145,0.40537014603614807,Mistral-7B,2025-05-22T11:12:34.712455,7300000000,1,1110,wiki
"wiki: The rural-dominated Alabama legislature consistently underfunded schools and services for the disenfranchised African Americans, but it did not relieve them of paying taxes.",1.3,512,1,1747906913.7415674,2025-05-22T09:41:53.741573,0.2503114342689514,0.38882461190223694,Mistral-7B,2025-05-22T11:12:34.796558,7300000000,2,1110,wiki
"wiki: Overall, contemporary anarchists are much less violent and militant than their ideological ancestors.",1.3,512,1,1747906922.1056323,2025-05-22T09:42:02.105638,0.2587708830833435,0.39984986186027527,Mistral-7B,2025-05-22T11:12:34.881108,7300000000,3,1110,wiki
"wiki: As new genetic tests are developed several ethical, legal, and social issues will emerge.",1.3,512,1,1747906929.574107,2025-05-22T09:42:09.574112,0.26419496536254883,0.4059916138648987,Mistral-7B,2025-05-22T11:12:34.966829,7300000000,4,1110,wiki
wiki: Variants also existed that were intermediate between the monumental and cursive styles.,1.3,512,0,1747906868.5840394,2025-05-22T09:41:08.584044,0.2347286343574524,0.38065895438194275,Mistral-7B,2025-05-22T11:12:36.410269,7300000000,0,1115,wiki
wiki: Anti-capitalism Anti-fascism Economic ideologies Left-wing politics Libertarian socialism Libertarianism Political culture Political movements Political ideologies Social theories Socialism Far-left politics,1.3,512,0,1747906876.5221786,2025-05-22T09:41:16.522184,0.24302779138088226,0.3923150599002838,Mistral-7B,2025-05-22T11:12:36.490756,7300000000,1,1115,wiki
"code: Explain what this code does:
def function_71(x): return x * 2",1.3,512,0,1747906884.117976,2025-05-22T09:41:24.117981,0.2553289532661438,0.4084843695163727,Mistral-7B,2025-05-22T11:12:36.591117,7300000000,2,1115,code
"wiki: Sexual violence was a concern for anarchists such as Benjamin Tucker, who opposed age of consent laws, believing they would benefit predatory men.",1.3,512,0,1747906888.4855063,2025-05-22T09:41:28.485513,0.24336573481559753,0.39333394169807434,Mistral-7B,2025-05-22T11:12:36.677165,7300000000,3,1115,wiki
"wiki: Typically, autism cannot be traced to a Mendelian (single-gene) mutation or to a single chromosome abnormality, and none of the genetic syndromes associated with ASDs have been shown to selectively cause ASD.",1.3,512,0,1747906899.1645644,2025-05-22T09:41:39.164571,0.24703654646873474,0.3971840739250183,Mistral-7B,2025-05-22T11:12:36.755318,7300000000,4,1115,wiki
wiki: It has been in operation since 1929.,1.3,512,1,1747906937.676412,2025-05-22T09:42:17.676418,0.25860267877578735,0.3988098204135895,Mistral-7B,2025-05-22T11:12:38.177170,7300000000,0,1115,wiki
"news: Although you might find systems with more features (and a more powerful configuration system), Trac is very simple to set up and use.",1.3,512,1,1747906945.6336768,2025-05-22T09:42:25.633682,0.25013548135757446,0.38549110293388367,Mistral-7B,2025-05-22T11:12:38.274481,7300000000,1,1115,news
"wiki: Many individuals with ASD show superior skills in perception and attention, relative to the general population.",1.3,512,1,1747906953.8164585,2025-05-22T09:42:33.816464,0.257938951253891,0.39776670932769775,Mistral-7B,2025-05-22T11:12:38.355224,7300000000,2,1115,wiki
news: Figure A You can now go to Preferences and configure your installation of Trac.,1.3,512,1,1747906958.6871183,2025-05-22T09:42:38.687124,0.2604846656322479,0.4010223150253296,Mistral-7B,2025-05-22T11:12:38.436967,7300000000,3,1115,news
fiction: Which of these would most likely improve the air quality in large Texas cities? (Answer: A),1.3,512,1,1747906968.9179459,2025-05-22T09:42:48.917963,0.2658407986164093,0.4088249206542969,Mistral-7B,2025-05-22T11:12:38.518775,7300000000,4,1115,fiction
"wiki: Tactics  Anarchists' tactics take various forms but in general serve two major goals, namely to first oppose the Establishment and secondly to promote anarchist ethics and reflect an anarchist vision of society, illustrating the unity of means and ends.",1.3,512,1,1747906981.4603922,2025-05-22T09:43:01.460398,0.2429363876581192,0.37738633155822754,Mistral-7B,2025-05-22T11:12:39.929724,7300000000,0,1120,wiki
"code: Explain what this code does:
def function_21(x): return x * 2",1.3,512,1,1747906990.9852214,2025-05-22T09:43:10.985228,0.2655704617500305,0.4076692759990692,Mistral-7B,2025-05-22T11:12:40.010188,7300000000,1,1120,code
"fiction: According to a pH scale, which pH would be the strongest acid? (Answer: A)",1.3,512,1,1747906992.3958871,2025-05-22T09:43:12.395893,0.26380887627601624,0.4059723913669586,Mistral-7B,2025-05-22T11:12:40.104393,7300000000,2,1120,fiction
news: New York City Ballet continues its first year without Peter Martins at the helm as our spring season opens tonight.,1.3,512,1,1747907001.366032,2025-05-22T09:43:21.366037,0.250015527009964,0.3864222764968872,Mistral-7B,2025-05-22T11:12:40.198362,7300000000,3,1120,news
fiction: Which statement best compares single-celled and multi-celled organisms? (Answer: C),1.3,512,1,1747907007.4813683,2025-05-22T09:43:27.481373,0.26607632637023926,0.4091326594352722,Mistral-7B,2025-05-22T11:12:40.292789,7300000000,4,1120,fiction
"code: Explain what this code does:
def function_74(x): return x * 2",1.3,512,0,1747906908.2446976,2025-05-22T09:41:48.244703,0.253719687461853,0.405851274728775,Mistral-7B,2025-05-22T11:12:41.778033,7300000000,0,1120,code
news: Demarko Johnson and Johnathan Johnson were able to find McNeight at a gas station at Magnolia Beach Road and Thomas Drive.,1.3,512,0,1747906910.7633407,2025-05-22T09:41:50.763347,0.24039892852306366,0.390155166387558,Mistral-7B,2025-05-22T11:12:41.863818,7300000000,1,1120,news
"wiki: In May 2013, the DSM-5 was released, updating the classification for pervasive developmental disorders.",1.3,512,0,1747906918.5652344,2025-05-22T09:41:58.565239,0.24166801571846008,0.3905412554740906,Mistral-7B,2025-05-22T11:12:41.944497,7300000000,2,1120,wiki
"code: Explain what this code does:
def function_98(x): return x * 2",1.3,512,0,1747906923.76538,2025-05-22T09:42:03.765386,0.2459653615951538,0.394023060798645,Mistral-7B,2025-05-22T11:12:42.036943,7300000000,3,1120,code
"wiki: While part of the same large language family, the Muskogee tribes developed distinct cultures and languages.",1.3,512,0,1747906932.4553862,2025-05-22T09:42:12.455392,0.24246056377887726,0.3922192454338074,Mistral-7B,2025-05-22T11:12:42.173123,7300000000,4,1120,wiki
"news: The four-person group is made up of members of the company's current artistic staff, led by ballet master and former principal dancer Jonathan Stafford.",1.3,512,1,1747907013.4006803,2025-05-22T09:43:33.400686,0.25959187746047974,0.40378013253211975,Mistral-7B,2025-05-22T11:12:43.661167,7300000000,0,1125,news
"wiki: Self-injury: Behaviors such as eye-poking, skin-picking, hand-biting and head-banging.",1.3,512,1,1747907021.6211824,2025-05-22T09:43:41.621190,0.2637498378753662,0.4067092835903168,Mistral-7B,2025-05-22T11:12:43.750959,7300000000,1,1125,wiki
"news: I've noticed it the most during dress rehearsals, particularly for Balanchine ballets.",1.3,512,1,1747907029.8935587,2025-05-22T09:43:49.893565,0.24660724401474,0.38102757930755615,Mistral-7B,2025-05-22T11:12:43.857541,7300000000,2,1125,news
fiction: Which of these is not an inherited trait in humans? (Answer: D),1.3,512,1,1747907038.187938,2025-05-22T09:43:58.187944,0.2601434290409088,0.4004895091056824,Mistral-7B,2025-05-22T11:12:43.961208,7300000000,3,1125,fiction
wiki: How autism occurs is not well understood.,1.3,512,1,1747907046.5684443,2025-05-22T09:44:06.568449,0.26729798316955566,0.4109034836292267,Mistral-7B,2025-05-22T11:12:44.045827,7300000000,4,1125,wiki
news: The AWS Certified Security - Specialty Exam is now available to those who hold either an Associate or Cloud Practitioner certification from AWS.,1.3,512,0,1747906941.398712,2025-05-22T09:42:21.398717,0.2526581585407257,0.4050441384315491,Mistral-7B,2025-05-22T11:12:45.467921,7300000000,0,1125,news
wiki: Anarchism pays significant attention to moral arguments since ethics have a central role in anarchist philosophy.,1.3,512,0,1747906949.5427353,2025-05-22T09:42:29.542741,0.2392999529838562,0.38660767674446106,Mistral-7B,2025-05-22T11:12:45.566769,7300000000,1,1125,wiki
"wiki: Despite African Americans making up a significant minority in the state, they had been unable to elect any representatives in most of the at-large jurisdictions.",1.3,512,0,1747906958.9615765,2025-05-22T09:42:38.961583,0.2445889413356781,0.3945230543613434,Mistral-7B,2025-05-22T11:12:45.646959,7300000000,2,1125,wiki
"wiki: Epidemiology  As of 2007, reviews estimate a prevalence of 1–2 per 1,000 for autism and close to 6 per 1,000 for ASD.",1.3,512,0,1747906969.5978708,2025-05-22T09:42:49.597878,0.2446936070919037,0.39519765973091125,Mistral-7B,2025-05-22T11:12:45.731488,7300000000,3,1125,wiki
"news: Stay informed, click here to subscribe to the TechRepublic Cloud Insights newsletter.",1.3,512,0,1747906981.229881,2025-05-22T09:43:01.229888,0.24091403186321259,0.38699471950531006,Mistral-7B,2025-05-22T11:12:45.812759,7300000000,4,1125,news
"wiki: The Hunt Refining Company, a subsidiary of Hunt Consolidated, Inc., is based in Tuscaloosa and operates a refinery there.",1.3,512,0,1747906991.8591502,2025-05-22T09:43:11.859156,0.24484649300575256,0.39567992091178894,Mistral-7B,2025-05-22T11:12:47.230715,7300000000,0,1130,wiki
"news: James Dean Riles, the other transient, was unable to cash his fraudulent check at the first bank, and was taken by Clarence Suggs and Reginald Hughes to a second bank where he was successful.",1.3,512,0,1747907002.1960814,2025-05-22T09:43:22.196088,0.22252219915390015,0.3638782203197479,Mistral-7B,2025-05-22T11:12:47.315646,7300000000,1,1130,news
"wiki: NASA's Marshall Space Flight Center in Huntsville would help Alabama's economic growth in the mid-to-late 20th century, by developing an aerospace industry.",1.3,512,0,1747907010.5739546,2025-05-22T09:43:30.573961,0.24326184391975403,0.3941373825073242,Mistral-7B,2025-05-22T11:12:47.399288,7300000000,2,1130,wiki
"code: Explain what this code does:
def function_25(x): return x * 2",1.3,512,0,1747907017.7371655,2025-05-22T09:43:37.737172,0.2555178105831146,0.40906956791877747,Mistral-7B,2025-05-22T11:12:47.482441,7300000000,3,1130,code
"news: That's how SFB describes their upcoming tribute to Jerome Robbins, March 20-25.",1.3,512,0,1747907025.8917565,2025-05-22T09:43:45.891763,0.23362715542316437,0.38005977869033813,Mistral-7B,2025-05-22T11:12:47.581223,7300000000,4,1130,news
"news: Between run-throughs, each fastidiously practices difficult sections, never satisfied with the results.",1.3,512,1,1747907053.9911404,2025-05-22T09:44:13.991146,0.25413456559181213,0.3940593898296356,Mistral-7B,2025-05-22T11:12:49.024160,7300000000,0,1130,news
wiki: Alabama receives an average of  of rainfall annually and enjoys a lengthy growing season of up to 300 days in the southern part of the state.,1.3,512,1,1747907062.5190334,2025-05-22T09:44:22.519039,0.26283377408981323,0.40358877182006836,Mistral-7B,2025-05-22T11:12:49.149427,7300000000,1,1130,wiki
news: There's just an amazing sense of trust and spontaneity; I feel so connected when I'm out there.,1.3,512,1,1747907070.967552,2025-05-22T09:44:30.967558,0.24997040629386902,0.3884519040584564,Mistral-7B,2025-05-22T11:12:49.258605,7300000000,2,1130,news
fiction: Cellular respiration results in the production of adenosine triphosphate (ATP) molecules for energy. The most efficient form of cellular respiration would result in the production of ATP along with which substances? (Answer: D),1.3,512,1,1747907072.6745682,2025-05-22T09:44:32.674573,0.261370986700058,0.40262168645858765,Mistral-7B,2025-05-22T11:12:49.361839,7300000000,3,1130,fiction
fiction: The source of energy for the Earth's water cycle is the (Answer: B),1.3,512,1,1747907075.291258,2025-05-22T09:44:35.291263,0.2571004629135132,0.3967741131782532,Mistral-7B,2025-05-22T11:12:49.465882,7300000000,4,1130,fiction
"wiki: Their values can differ significantly, which is a common source of confusion.",1.3,512,0,1747907034.4423132,2025-05-22T09:43:54.442318,0.24425595998764038,0.3947221636772156,Mistral-7B,2025-05-22T11:12:50.935455,7300000000,0,1135,wiki
news: 1.,1.3,512,0,1747907042.4699674,2025-05-22T09:44:02.469973,0.2499728500843048,0.40044644474983215,Mistral-7B,2025-05-22T11:12:51.063693,7300000000,1,1135,news
"wiki: Bryant–Denny Stadium is the home of the Alabama football team, and has a seating capacity of 101,821, and is the fifth largest stadium in America.",1.3,512,0,1747907050.6610458,2025-05-22T09:44:10.661052,0.2476329803466797,0.39844173192977905,Mistral-7B,2025-05-22T11:12:51.160097,7300000000,2,1135,wiki
"wiki: Construction of an Airbus A320 family aircraft assembly plant in Mobile was formally announced by Airbus CEO Fabrice Brégier from the Mobile Convention Center on July 2, 2012.",1.3,512,0,1747907058.6187246,2025-05-22T09:44:18.618730,0.24231599271297455,0.3908686935901642,Mistral-7B,2025-05-22T11:12:51.259970,7300000000,3,1135,wiki
"news: Additionally, compliance and security whitepapers will also help prepare would-be test takers.",1.3,512,0,1747907060.0149114,2025-05-22T09:44:20.014917,0.24478080868721008,0.3934852182865143,Mistral-7B,2025-05-22T11:12:51.359587,7300000000,4,1135,news
wiki: Joseph Raz states that the acceptance of authority implies the belief that following their instructions will afford more success.,1.3,512,1,1747907084.9306352,2025-05-22T09:44:44.930643,0.2592925727367401,0.4001847207546234,Mistral-7B,2025-05-22T11:12:52.787547,7300000000,0,1135,wiki
"code: Explain what this code does:
def function_53(x): return x * 2",1.3,512,1,1747907092.1347864,2025-05-22T09:44:52.134792,0.26628395915031433,0.4082927107810974,Mistral-7B,2025-05-22T11:12:52.892920,7300000000,1,1135,code
"wiki: By the 9th century, the Caroline script, which was very similar to the present-day form, was the principal form used in book-making, before the advent of the printing press.",1.3,512,1,1747907100.7080657,2025-05-22T09:45:00.708071,0.25320181250572205,0.39089420437812805,Mistral-7B,2025-05-22T11:12:53.003769,7300000000,2,1135,wiki
news: Subscribe Also see,1.3,512,1,1747907108.9310606,2025-05-22T09:45:08.931066,0.2597060203552246,0.40035298466682434,Mistral-7B,2025-05-22T11:12:53.110740,7300000000,3,1135,news
"news: Offered in two different styles and either 2.5"" or 3"" heels, top industry professionals are loving how versatile and supportive these shoes are!",1.3,512,1,1747907110.353179,2025-05-22T09:45:10.353183,0.25703975558280945,0.39599746465682983,Mistral-7B,2025-05-22T11:12:53.203415,7300000000,4,1135,news
wiki: Over Antarctica snow albedo averages a little more than 0.8.,1.3,512,1,1747907118.7093945,2025-05-22T09:45:18.709400,0.26438474655151367,0.40692779421806335,Mistral-7B,2025-05-22T11:12:54.681146,7300000000,0,1140,wiki
"wiki: This benefited the urban areas that had developed, as well as all in the population who had been underrepresented for more than sixty years.",1.3,512,1,1747907125.3711095,2025-05-22T09:45:25.371114,0.24773576855659485,0.38471677899360657,Mistral-7B,2025-05-22T11:12:54.792378,7300000000,1,1140,wiki
news: Log in with the user admin and the password you set when you created admin user earlier.,1.3,512,1,1747907133.6977437,2025-05-22T09:45:33.697748,0.2534445822238922,0.3910025358200073,Mistral-7B,2025-05-22T11:12:54.900932,7300000000,2,1140,news
"wiki: Williams, Benjamin Buford.",1.3,512,1,1747907142.2133522,2025-05-22T09:45:42.213358,0.2689705491065979,0.4143943190574646,Mistral-7B,2025-05-22T11:12:55.007255,7300000000,3,1140,wiki
"fiction: One evening as it is getting dark, Alex sits on the front porch and watches the sun slowly disappear behind the neighbor's house across the street. Which explains this observation? (Answer: D)",1.3,512,1,1747907148.0743346,2025-05-22T09:45:48.074341,0.2612369954586029,0.40200430154800415,Mistral-7B,2025-05-22T11:12:55.105633,7300000000,4,1140,fiction
news: The Bay County Sheriff’s Office announced the arrest of a local man on charges he committed sexual battery on a child.,1.3,512,0,1747907067.8850343,2025-05-22T09:44:27.885039,0.24795454740524292,0.3990226686000824,Mistral-7B,2025-05-22T11:12:56.556710,7300000000,0,1140,news
wiki: The current state constitution requires a voter referendum to raise property taxes.,1.3,512,0,1747907076.394151,2025-05-22T09:44:36.394157,0.24365533888339996,0.3934004008769989,Mistral-7B,2025-05-22T11:12:56.666151,7300000000,1,1140,wiki
"wiki: At the end of the Roman Empire (5th century AD), several variants of the cursive minuscule developed through Western Europe.",1.3,512,0,1747907085.905409,2025-05-22T09:44:45.905416,0.24170319736003876,0.3907397985458374,Mistral-7B,2025-05-22T11:12:56.765373,7300000000,2,1140,wiki
"wiki: Maternal inflammatory and autoimmune diseases may damage fetal tissues, aggravating a genetic problem or damaging the nervous system.",1.3,512,0,1747907094.6347947,2025-05-22T09:44:54.634801,0.238045334815979,0.38502833247184753,Mistral-7B,2025-05-22T11:12:56.858522,7300000000,3,1140,wiki
"wiki: In some years, it imposes more death sentences than does Texas, a state which has a population five times larger.",1.3,512,0,1747907097.6935203,2025-05-22T09:44:57.693526,0.23787647485733032,0.38468775153160095,Mistral-7B,2025-05-22T11:12:56.952111,7300000000,4,1140,wiki
"news: It's part of my individuality,'"" he said.",1.3,512,0,1747907105.8558593,2025-05-22T09:45:05.855865,0.2504734694957733,0.40252313017845154,Mistral-7B,2025-05-22T11:12:58.392163,7300000000,0,1145,news
"wiki: By 1941 more Whites than Blacks had been disenfranchised: 600,000 to 520,000.",1.3,512,0,1747907113.820638,2025-05-22T09:45:13.820643,0.24463120102882385,0.3959971070289612,Mistral-7B,2025-05-22T11:12:58.474100,7300000000,1,1145,wiki
"wiki: Water ports of Alabama, listed from north to south:  See also   Index of Alabama-related articles  Outline of Alabama—organized list of topics about Alabama  Notes  References  Further reading   Atkins, Leah Rawls, Wayne Flynt, William Warren Rogers, and David Ward.",1.3,512,0,1747907122.3076406,2025-05-22T09:45:22.307646,0.22758179903030396,0.3701596260070801,Mistral-7B,2025-05-22T11:12:58.557546,7300000000,2,1145,wiki
"news: The partnership is known for creatively intersecting design and dance; last summer they created a swimwear line based on Justin Peck costumes, and in November they presented their design-driven Nutcracker.",1.3,512,0,1747907130.1515064,2025-05-22T09:45:30.151512,0.2293359935283661,0.3720061480998993,Mistral-7B,2025-05-22T11:12:58.663305,7300000000,3,1145,news
"news: The big takeaways for tech leaders: Qualcomm has unveiled the Snapdragon XR1 chip, which could bring high-quality AR and VR experiences to more users, at a lower cost.",1.3,512,0,1747907138.220709,2025-05-22T09:45:38.220714,0.24688711762428284,0.3978002071380615,Mistral-7B,2025-05-22T11:12:58.751861,7300000000,4,1145,news
news: And then the last third is basically just direct quotes from his films and bringing them back to life.,1.3,512,1,1747907159.5062938,2025-05-22T09:45:59.506300,0.24178814888000488,0.3756205141544342,Mistral-7B,2025-05-22T11:13:00.221674,7300000000,0,1145,news
"news: The Bolshoi Premiere of John Neumeier's Anna Karenina Last July Hamburg Ballet presented the world premiere of John Neumeier's Anna Karenina, a modern adaptation on Leo Tolstoy's famous novel.",1.3,512,1,1747907162.2631526,2025-05-22T09:46:02.263158,0.2570924758911133,0.3961043655872345,Mistral-7B,2025-05-22T11:13:00.330990,7300000000,1,1145,news
"news: The device is smaller than a credit card, has no moving parts, generates no heat, is wall-mountable, is powered by a standard USB (or included mini USB), and offers a standard ethernet connection.",1.3,512,1,1747907170.557603,2025-05-22T09:46:10.557608,0.25275588035583496,0.3905993402004242,Mistral-7B,2025-05-22T11:13:00.436872,7300000000,2,1145,news
wiki: The atypical antipsychotic drugs risperidone and aripiprazole are FDA-approved for treating associated aggressive and self-injurious behaviors.,1.3,512,1,1747907178.9212875,2025-05-22T09:46:18.921294,0.2600497305393219,0.40319573879241943,Mistral-7B,2025-05-22T11:13:00.542284,7300000000,3,1145,wiki
"wiki: Different types of clouds exhibit different reflectivity, theoretically ranging in albedo from a minimum of near 0 to a maximum approaching 0.8.",1.3,512,1,1747907187.2556498,2025-05-22T09:46:27.255655,0.25553154945373535,0.395171582698822,Mistral-7B,2025-05-22T11:13:00.644647,7300000000,4,1145,wiki
wiki: The Etruscans brought the Greek alphabet to their civilization in the Italian Peninsula and left the letter unchanged.,1.3,512,0,1747907148.5460026,2025-05-22T09:45:48.546009,0.23174914717674255,0.3769340515136719,Mistral-7B,2025-05-22T11:13:02.062787,7300000000,0,1150,wiki
news: P A men's classical Chinese dance class.,1.3,512,0,1747907159.1532295,2025-05-22T09:45:59.153236,0.23785284161567688,0.38498422503471375,Mistral-7B,2025-05-22T11:13:02.145389,7300000000,1,1150,news
"wiki: During and after World War II, Alabama grew as the state's economy diversified with new industries.",1.3,512,0,1747907166.4123194,2025-05-22T09:46:06.412324,0.24260485172271729,0.39169833064079285,Mistral-7B,2025-05-22T11:13:02.223961,7300000000,2,1150,wiki
"fiction: Based on their locations in the periodic table, which element has chemical properties most similar to those of calcium, Ca? (Answer: A)",1.3,512,0,1747907167.8368604,2025-05-22T09:46:07.836865,0.24314622581005096,0.39263081550598145,Mistral-7B,2025-05-22T11:13:02.301612,7300000000,3,1150,fiction
news: BDA does participate in exchange programs with ballet schools around the world.,1.3,512,0,1747907175.5082264,2025-05-22T09:46:15.508232,0.2422000914812088,0.3909163475036621,Mistral-7B,2025-05-22T11:13:02.379480,7300000000,4,1150,news
wiki: The term albedo was introduced into optics by Johann Heinrich Lambert in his 1760 work Photometria.,1.3,512,1,1747907195.9672854,2025-05-22T09:46:35.967291,0.24919502437114716,0.3863607943058014,Mistral-7B,2025-05-22T11:13:03.785319,7300000000,0,1150,wiki
"wiki: Nonetheless, his ideas formed the inspiration for a series of modern schools around the world.",1.3,512,1,1747907204.1397312,2025-05-22T09:46:44.139737,0.25310778617858887,0.3917291462421417,Mistral-7B,2025-05-22T11:13:03.872184,7300000000,1,1150,wiki
"news: Although the agreement was for the transients to get about $80 for their part in the scam, McNeight took half of the money and fled on foot.",1.3,512,1,1747907212.4271295,2025-05-22T09:46:52.427135,0.2445896714925766,0.37966540455818176,Mistral-7B,2025-05-22T11:13:03.949788,7300000000,2,1150,news
"wiki: Alabama's constitution has been amended more than 700 times, and almost one-third of the amendments are local in nature, applying to only one county or city.",1.3,512,1,1747907219.6341333,2025-05-22T09:46:59.634139,0.2567746341228485,0.395449697971344,Mistral-7B,2025-05-22T11:13:04.030176,7300000000,3,1150,wiki
"news: Said solution is Gitstorage, an easy-to-deploy appliance dedicated to housing your Git repositories.",1.3,512,1,1747907227.375031,2025-05-22T09:47:07.375036,0.26247602701187134,0.4040674567222595,Mistral-7B,2025-05-22T11:13:04.143710,7300000000,4,1150,news
"wiki: Owen Thomas M. History of Alabama and Dictionary of Alabama Biography (4 vols, 1921).",1.3,512,1,1747907235.6437628,2025-05-22T09:47:15.643768,0.2537170648574829,0.39114993810653687,Mistral-7B,2025-05-22T11:13:05.584491,7300000000,0,1155,wiki
"code: Explain what this code does:
def function_12(x): return x * 2",1.3,512,1,1747907244.2563238,2025-05-22T09:47:24.256329,0.2673605680465698,0.40866711735725403,Mistral-7B,2025-05-22T11:13:05.676613,7300000000,1,1155,code
"news: Even if you're a one-person shop consultancy, it can be easy to drown in a quagmire of projects.",1.3,512,1,1747907252.6361299,2025-05-22T09:47:32.636135,0.260526180267334,0.40083181858062744,Mistral-7B,2025-05-22T11:13:05.766958,7300000000,2,1155,news
wiki: and possibly Alabahmu.,1.3,512,1,1747907260.9450226,2025-05-22T09:47:40.945028,0.2568736672401428,0.39761993288993835,Mistral-7B,2025-05-22T11:13:05.872018,7300000000,3,1155,wiki
"news: Krohn joined NYCB as an apprentice in the fall of 1998 and slowly rose through the ranks, becoming a principal in 2012.",1.3,512,1,1747907268.277947,2025-05-22T09:47:48.277951,0.26888033747673035,0.41273942589759827,Mistral-7B,2025-05-22T11:13:05.952727,7300000000,4,1155,news
wiki: Preempted diagnoses.,1.3,512,0,1747907183.8096886,2025-05-22T09:46:23.809694,0.2377927154302597,0.3852490186691284,Mistral-7B,2025-05-22T11:13:07.364055,7300000000,0,1155,wiki
wiki: Many autistic individuals have been successful in their fields.,1.3,512,0,1747907191.8029056,2025-05-22T09:46:31.802910,0.25060251355171204,0.4039323329925537,Mistral-7B,2025-05-22T11:13:07.446861,7300000000,1,1155,wiki
"news: Photo by Paul Kolnik, Courtesy New York City Ballet.",1.3,512,0,1747907199.9228525,2025-05-22T09:46:39.922858,0.2414712756872177,0.3894391655921936,Mistral-7B,2025-05-22T11:13:07.537823,7300000000,2,1155,news
news: We had our first workshop four years ago.,1.3,512,0,1747907208.1138353,2025-05-22T09:46:48.113841,0.24023625254631042,0.3873603641986847,Mistral-7B,2025-05-22T11:13:07.671751,7300000000,3,1155,news
"fiction: A scientist put several different plants in a sealed container. Every hour, she checked the oxygen in the container to see if it changed. How did the oxygen in the container most likely change? (Answer: A)",1.3,512,0,1747907209.5617814,2025-05-22T09:46:49.561787,0.24278409779071808,0.39147326350212097,Mistral-7B,2025-05-22T11:13:07.774527,7300000000,4,1155,fiction
"wiki: A genotype-first model of diagnosis has been proposed, which would routinely assess the genome's copy number variations.",1.3,512,1,1747907276.3863661,2025-05-22T09:47:56.386371,0.2561153769493103,0.39585572481155396,Mistral-7B,2025-05-22T11:13:09.275940,7300000000,0,1160,wiki
"wiki: An estimated 60–80% of autistic people have motor signs that include poor muscle tone, poor motor planning, and toe walking;  deficits in motor coordination are pervasive across ASD and are greater in autism proper.",1.3,512,1,1747907284.4894025,2025-05-22T09:48:04.489408,0.25339841842651367,0.39130544662475586,Mistral-7B,2025-05-22T11:13:09.357441,7300000000,1,1160,wiki
"news: According to Fullington, Balanchine took this slide from Ivanov's original choreography.",1.3,512,1,1747907292.6695907,2025-05-22T09:48:12.669596,0.2525302469730377,0.3904973268508911,Mistral-7B,2025-05-22T11:13:09.437100,7300000000,2,1160,news
"news: Regina, 40, will retire from the stage in March, just as her daughter starts her own career as a trainee.",1.3,512,1,1747907301.905116,2025-05-22T09:48:21.905122,0.26198506355285645,0.40284186601638794,Mistral-7B,2025-05-22T11:13:09.523310,7300000000,3,1160,news
"news: I've always really loved the Balanchine black and white ballets, and there are some Robbins ballets that are always so fulfilling.",1.3,512,1,1747907310.922513,2025-05-22T09:48:30.922519,0.25330299139022827,0.3919934332370758,Mistral-7B,2025-05-22T11:13:09.658042,7300000000,4,1160,news
fiction: Which of these is an example of liquid water? (Answer: C),1.3,512,0,1747907213.9777167,2025-05-22T09:46:53.977723,0.2477342188358307,0.3982481360435486,Mistral-7B,2025-05-22T11:13:11.153191,7300000000,0,1160,fiction
"news: During the first round, the final screen was blank.",1.3,512,0,1747907222.3812318,2025-05-22T09:47:02.381236,0.23946388065814972,0.3884103000164032,Mistral-7B,2025-05-22T11:13:11.262264,7300000000,1,1160,news
"news: I approached him about doing a different project a long time ago, and he said ""well, maybe that's not the correct project.""",1.3,512,0,1747907230.6927185,2025-05-22T09:47:10.692724,0.24053479731082916,0.3878111243247986,Mistral-7B,2025-05-22T11:13:11.370054,7300000000,2,1160,news
"wiki: Although popularly used as an alternative treatment for autistic people, as of 2018 there is no good evidence to recommend a gluten- and casein-free diet as a standard treatment.",1.3,512,0,1747907239.1248758,2025-05-22T09:47:19.124881,0.24507340788841248,0.39509326219558716,Mistral-7B,2025-05-22T11:13:11.474394,7300000000,3,1160,wiki
fiction: An astronomer is studying two stars that are the same distance from Earth. Star X appears brighter than star Y. Which statement best explains this observation? (Answer: A),1.3,512,0,1747907241.4827046,2025-05-22T09:47:21.482710,0.24782386422157288,0.39868253469467163,Mistral-7B,2025-05-22T11:13:11.592369,7300000000,4,1160,fiction
"wiki: Of the parks and natural destinations, Alabama's Gulf Coast topped the list with 6,700,000 visitors.",1.3,512,0,1747907249.5364618,2025-05-22T09:47:29.536467,0.2457011342048645,0.3969697058200836,Mistral-7B,2025-05-22T11:13:13.051600,7300000000,0,1165,wiki
"code: Explain what this code does:
def function_4(x): return x * 2",1.3,512,0,1747907257.384539,2025-05-22T09:47:37.384545,0.2584206759929657,0.4134407043457031,Mistral-7B,2025-05-22T11:13:13.152167,7300000000,1,1165,code
"wiki: Other members of the executive branch include the cabinet, the lieutenant governor of Alabama, the Attorney General of Alabama, the Alabama Secretary of State, the Alabama State Treasurer, and the State Auditor of Alabama.",1.3,512,0,1747907262.9160256,2025-05-22T09:47:42.916031,0.2529095411300659,0.40672770142555237,Mistral-7B,2025-05-22T11:13:13.246612,7300000000,2,1165,wiki
"code: Explain what this code does:
def function_16(x): return x * 2",1.3,512,0,1747907271.335464,2025-05-22T09:47:51.335469,0.2574436366558075,0.41199585795402527,Mistral-7B,2025-05-22T11:13:13.340421,7300000000,3,1165,code
"code: Explain what this code does:
def function_55(x): return x * 2",1.3,512,0,1747907279.672336,2025-05-22T09:47:59.672342,0.2506170868873596,0.4013846218585968,Mistral-7B,2025-05-22T11:13:13.433345,7300000000,4,1165,code
"wiki: Summers in Alabama are among the hottest in the U.S., with high temperatures averaging over  throughout the summer in some parts of the state.",1.3,512,1,1747907319.9059596,2025-05-22T09:48:39.905965,0.2693156599998474,0.41312122344970703,Mistral-7B,2025-05-22T11:13:14.881893,7300000000,0,1165,wiki
news: In general I would say the time that I've had onstage with some of my friends and dancing partners has been so special.,1.3,512,1,1747907328.3569772,2025-05-22T09:48:48.356983,0.26010990142822266,0.3993613123893738,Mistral-7B,2025-05-22T11:13:14.990327,7300000000,1,1165,news
"news: For some, that means setting up a server and running a Git repository for the housing of proprietary or open source code.",1.3,512,1,1747907336.6474142,2025-05-22T09:48:56.647419,0.254836767911911,0.3927825391292572,Mistral-7B,2025-05-22T11:13:15.112793,7300000000,2,1165,news
"wiki: Alabama () is a state in the Southeastern region of the United States, bordered by Tennessee to the north; Georgia to the east; Florida and the Gulf of Mexico to the south; and Mississippi to the west.",1.3,512,1,1747907345.049437,2025-05-22T09:49:05.049442,0.2762458920478821,0.42236465215682983,Mistral-7B,2025-05-22T11:13:15.218687,7300000000,3,1165,wiki
"wiki: In comparison, for PDD-NOS the association with intellectual disability is much weaker, and by definition, the diagnosis of Asperger's excludes intellectual disability.",1.3,512,1,1747907346.74585,2025-05-22T09:49:06.745856,0.26341474056243896,0.40649595856666565,Mistral-7B,2025-05-22T11:13:15.322756,7300000000,4,1165,wiki
"code: Explain what this code does:
def function_23(x): return x * 2",1.3,512,1,1747907354.337527,2025-05-22T09:49:14.337532,0.27570730447769165,0.4209364056587219,Mistral-7B,2025-05-22T11:13:16.767976,7300000000,0,1170,code
"wiki: A defence of philosophical anarchism, stating that ""both kinds of 'anarchism' [i.e.",1.3,512,1,1747907362.0321078,2025-05-22T09:49:22.032114,0.25446149706840515,0.394713819026947,Mistral-7B,2025-05-22T11:13:16.876287,7300000000,1,1170,wiki
"code: Explain what this code does:
def function_10(x): return x * 2",1.3,512,1,1747907369.4292166,2025-05-22T09:49:29.429222,0.27461880445480347,0.41923457384109497,Mistral-7B,2025-05-22T11:13:16.975875,7300000000,2,1170,code
wiki: Siblings of children with ASD report greater admiration of and less conflict with the affected sibling than siblings of unaffected children and were similar to siblings of children with Down syndrome in these aspects of the sibling relationship.,1.3,512,1,1747907377.8441591,2025-05-22T09:49:37.844165,0.2604868412017822,0.40095996856689453,Mistral-7B,2025-05-22T11:13:17.059486,7300000000,3,1170,wiki
wiki: Cotton and other cash crops faded in importance as the state developed a manufacturing and service base.,1.3,512,1,1747907386.2254121,2025-05-22T09:49:46.225418,0.25464630126953125,0.3938664197921753,Mistral-7B,2025-05-22T11:13:17.140235,7300000000,4,1170,wiki
"news: ""This is not Shakespeare's Midsummer,"" says Joffrey Ballet artistic director Ashley Wheater.",1.3,512,0,1747907288.3995647,2025-05-22T09:48:08.399570,0.2372628152370453,0.3835900127887726,Mistral-7B,2025-05-22T11:13:18.568303,7300000000,0,1170,news
"news: SEE: Virtual and augmented reality policy (Tech Pro Research) The XR1 features an ARM-based multi-core CPU, a vector processor, a GPU, and a dedicated AI engine for on-board processing.",1.3,512,0,1747907296.6054182,2025-05-22T09:48:16.605424,0.23832708597183228,0.385939359664917,Mistral-7B,2025-05-22T11:13:18.653209,7300000000,1,1170,news
"wiki: Health In 2018, life expectancy in Alabama was 75.1 years, below the national average of 78.7 years and is the third lowest life expectancy in the country.",1.3,512,0,1747907301.1774592,2025-05-22T09:48:21.177465,0.24929414689540863,0.40101003646850586,Mistral-7B,2025-05-22T11:13:18.733522,7300000000,2,1170,wiki
"wiki: In music, anarchism has been associated with music scenes such as punk.",1.3,512,0,1747907308.3932629,2025-05-22T09:48:28.393269,0.2426995187997818,0.39137494564056396,Mistral-7B,2025-05-22T11:13:18.813982,7300000000,3,1170,wiki
"wiki: Radar Albedos of Solar System Objects  The values reported for the Moon, Mercury, Mars, Venus, and Comet P/2005 JQ5 are derived from the total (OC+SC) radar albedo reported in those references.",1.3,512,0,1747907315.9805284,2025-05-22T09:48:35.980534,0.2344786822795868,0.3812336027622223,Mistral-7B,2025-05-22T11:13:18.894346,7300000000,4,1170,wiki
"wiki: Not only did they confront state armed forces, as in Spain and Ukraine, but some of them also employed terrorism as propaganda of the deed.",1.3,512,1,1747907395.1003966,2025-05-22T09:49:55.100402,0.24804633855819702,0.38457760214805603,Mistral-7B,2025-05-22T11:13:20.316634,7300000000,0,1175,wiki
"wiki: Anarchism calls for the abolition of the state, which it holds to be unnecessary, undesirable, and harmful.",1.3,512,1,1747907402.7596924,2025-05-22T09:50:02.759697,0.2650720179080963,0.4065174162387848,Mistral-7B,2025-05-22T11:13:20.425730,7300000000,1,1175,wiki
wiki: Aerosols modify the properties of clouds through a subset of the aerosol population called cloud condensation nuclei.,1.3,512,1,1747907410.087011,2025-05-22T09:50:10.087016,0.2653365433216095,0.4084976613521576,Mistral-7B,2025-05-22T11:13:20.517086,7300000000,2,1175,wiki
"news: Once I had that IP address, I could point my browser to that address and login with user root and password password.",1.3,512,1,1747907418.4315174,2025-05-22T09:50:18.431523,0.2574772536754608,0.3958600163459778,Mistral-7B,2025-05-22T11:13:20.635977,7300000000,3,1175,news
wiki: History  Pre-European settlement  Indigenous peoples of varying cultures lived in the area for thousands of years before the advent of European colonization.,1.3,512,1,1747907426.803509,2025-05-22T09:50:26.803514,0.26178690791130066,0.4028552770614624,Mistral-7B,2025-05-22T11:13:20.721504,7300000000,4,1175,wiki
news: Each appliance is a single board computer (based on the Raspberry Pi).,1.3,512,0,1747907324.905064,2025-05-22T09:48:44.905069,0.24319735169410706,0.3926371932029724,Mistral-7B,2025-05-22T11:13:22.152025,7300000000,0,1175,news
wiki: Notes  The Talladega Superspeedway motorsports complex hosts a series of NASCAR events.,1.3,512,0,1747907332.9237847,2025-05-22T09:48:52.923790,0.2458181232213974,0.39708471298217773,Mistral-7B,2025-05-22T11:13:22.260860,7300000000,1,1175,wiki
news: Pei Yu learned Over Glow from Elo himself.,1.3,512,0,1747907340.989796,2025-05-22T09:49:00.989800,0.25347670912742615,0.4097503125667572,Mistral-7B,2025-05-22T11:13:22.366494,7300000000,2,1175,news
"news: The notes were incomplete and difficult to read, yet Sergeyev persisted, and The Nutcracker made it to the stage.",1.3,512,0,1747907348.3099778,2025-05-22T09:49:08.309984,0.24057534337043762,0.3898566663265228,Mistral-7B,2025-05-22T11:13:22.443781,7300000000,3,1175,news
wiki: Rural workers poured into the largest cities in the state for better jobs and a higher standard of living.,1.3,512,0,1747907357.023469,2025-05-22T09:49:17.023475,0.23846310377120972,0.38747256994247437,Mistral-7B,2025-05-22T11:13:22.521315,7300000000,4,1175,wiki
wiki: The Ceremonial Complex represents a major component of the religion of the Mississippian peoples; it is one of the primary means by which their religion is understood.,1.3,512,0,1747907365.8468194,2025-05-22T09:49:25.846825,0.23039279878139496,0.37480542063713074,Mistral-7B,2025-05-22T11:13:23.927089,7300000000,0,1180,wiki
fiction: Four materials are put into small containers. These materials are then moved from the small containers into larger containers. Which material will spread out to completely fill a larger container? (Answer: A),1.3,512,0,1747907367.258692,2025-05-22T09:49:27.258698,0.2328188419342041,0.3763313293457031,Mistral-7B,2025-05-22T11:13:24.010294,7300000000,1,1180,fiction
"wiki: After 1890, a coalition of White Democratic politicians passed laws to segregate and disenfranchise African American residents, a process completed in provisions of the 1901 constitution.",1.3,512,0,1747907374.6554196,2025-05-22T09:49:34.655425,0.24164077639579773,0.3905632793903351,Mistral-7B,2025-05-22T11:13:24.104339,7300000000,2,1180,wiki
"code: Explain what this code does:
def function_82(x): return x * 2",1.3,512,0,1747907382.598423,2025-05-22T09:49:42.598428,0.2540404498577118,0.4070042669773102,Mistral-7B,2025-05-22T11:13:24.198732,7300000000,3,1180,code
"wiki: Some anarchists distanced themselves from this line of thinking, suggesting that it leaned towards an individualism that was dropping the cause of social liberation.",1.3,512,0,1747907390.7471619,2025-05-22T09:49:50.747167,0.2332233190536499,0.37947359681129456,Mistral-7B,2025-05-22T11:13:24.293338,7300000000,4,1180,wiki
"wiki: 21st century  In 2001, Alabama Supreme Court chief justice Roy Moore installed a statue of the Ten Commandments in the capitol in Montgomery.",1.3,512,1,1747907435.7826786,2025-05-22T09:50:35.782684,0.26706016063690186,0.41001901030540466,Mistral-7B,2025-05-22T11:13:25.769796,7300000000,0,1180,wiki
"wiki: In 2010, per capita income for the state was $22,984.",1.3,512,1,1747907444.0832994,2025-05-22T09:50:44.083305,0.26806309819221497,0.41178178787231445,Mistral-7B,2025-05-22T11:13:25.852012,7300000000,1,1180,wiki
"wiki: The Goodyear Tire and Rubber Company operates a large plant in Gadsden which employs about 1,400 people.",1.3,512,1,1747907452.4793174,2025-05-22T09:50:52.479323,0.2657948136329651,0.4089438319206238,Mistral-7B,2025-05-22T11:13:25.928474,7300000000,2,1180,wiki
"wiki: In sunlight, dark clothes absorb more heat and light-coloured clothes reflect it better, thus allowing some control over body temperature by exploiting the albedo effect of the colour of external clothing.",1.3,512,1,1747907460.8881867,2025-05-22T09:51:00.888192,0.26094552874565125,0.4012644290924072,Mistral-7B,2025-05-22T11:13:26.006560,7300000000,3,1180,wiki
"code: Explain what this code does:
def function_30(x): return x * 2",1.3,512,1,1747907467.8617094,2025-05-22T09:51:07.861715,0.2748138904571533,0.41930222511291504,Mistral-7B,2025-05-22T11:13:26.138351,7300000000,4,1180,code
wiki: Some changes at the county level have occurred following court challenges to establish single-member districts that enable a more diverse representation among county boards.,1.3,512,0,1747907399.4701815,2025-05-22T09:49:59.470187,0.23571275174617767,0.3816528618335724,Mistral-7B,2025-05-22T11:13:27.632439,7300000000,0,1185,wiki
"news: Data is money.""",1.3,512,0,1747907401.6957574,2025-05-22T09:50:01.695763,0.2379443347454071,0.38373786211013794,Mistral-7B,2025-05-22T11:13:27.726875,7300000000,1,1185,news
fiction: Stars are organized into patterns called constellations. One constellation is named Leo. Which statement best explains why Leo appears in different areas of the sky throughout the year? (Answer: A),1.3,512,0,1747907404.891152,2025-05-22T09:50:04.891156,0.24934770166873932,0.39992454648017883,Mistral-7B,2025-05-22T11:13:27.822486,7300000000,2,1185,fiction
fiction: Which is a nonrenewable resource? (Answer: A),1.3,512,0,1747907406.459776,2025-05-22T09:50:06.459781,0.2489197999238968,0.39917176961898804,Mistral-7B,2025-05-22T11:13:27.901742,7300000000,3,1185,fiction
wiki: Intellectual disability.,1.3,512,0,1747907414.5014634,2025-05-22T09:50:14.501467,0.2460387796163559,0.3968784213066101,Mistral-7B,2025-05-22T11:13:27.980998,7300000000,4,1185,wiki
"wiki: Anarcho-syndicalism is a branch of anarchism that views labour syndicates as a potential force for revolutionary social change, replacing capitalism and the state with a new society democratically self-managed by workers.",1.3,512,1,1747907476.9593384,2025-05-22T09:51:16.959344,0.26403817534446716,0.405574232339859,Mistral-7B,2025-05-22T11:13:29.387041,7300000000,0,1185,wiki
"news: Additional security trainings on AWS Security Fundamentals, Authentication and Authorization with AWS Identity and Access Management, AWS Shared Responsibility Model, and AWS Well-Architected Training are also helpful.",1.3,512,1,1747907485.3214295,2025-05-22T09:51:25.321435,0.27043795585632324,0.41430211067199707,Mistral-7B,2025-05-22T11:13:29.484381,7300000000,1,1185,news
"wiki: The overall federal, state, and local tax burden in Alabama ranks the state as the second least tax-burdened state in the country.",1.3,512,1,1747907493.12751,2025-05-22T09:51:33.127516,0.2679693102836609,0.4114474058151245,Mistral-7B,2025-05-22T11:13:29.589180,7300000000,2,1185,wiki
wiki: It has been proposed to classify autism using genetics as well as behavior.,1.3,512,1,1747907501.2633464,2025-05-22T09:51:41.263352,0.26881474256515503,0.4128548800945282,Mistral-7B,2025-05-22T11:13:29.685617,7300000000,3,1185,wiki
fiction: How is a moth's life cycle most different from an insect that goes through incomplete metamorphosis? (Answer: A),1.3,512,1,1747907509.4109538,2025-05-22T09:51:49.410960,0.27737337350845337,0.4256906807422638,Mistral-7B,2025-05-22T11:13:29.780743,7300000000,4,1185,fiction
"news: Email policies IT should have an email policy in place that hardens systems and can detect spam and viruses, Rickard said.",1.3,512,1,1747907517.9645877,2025-05-22T09:51:57.964593,0.26438695192337036,0.4059879183769226,Mistral-7B,2025-05-22T11:13:31.270608,7300000000,0,1190,news
news: The Canadian artist's many accolades include a 1952 Oscar for Best Documentary for his abstract short film Neighbours (watch the whole thing here).,1.3,512,1,1747907526.1113174,2025-05-22T09:52:06.111323,0.25935137271881104,0.4006193280220032,Mistral-7B,2025-05-22T11:13:31.350562,7300000000,1,1190,news
"code: Explain what this code does:
def function_84(x): return x * 2",1.3,512,1,1747907532.9609277,2025-05-22T09:52:12.960933,0.2750547230243683,0.4209035634994507,Mistral-7B,2025-05-22T11:13:31.430526,7300000000,2,1190,code
wiki: Urban interests were consistently underrepresented in the legislature.,1.3,512,1,1747907536.9986098,2025-05-22T09:52:16.998615,0.268582284450531,0.4143773019313812,Mistral-7B,2025-05-22T11:13:31.512882,7300000000,3,1190,wiki
fiction: A student accidentally drops a test tube that breaks when it hits the floor. Which method is the best way to retrieve the broken glass? (Answer: C),1.3,512,1,1747907539.2003095,2025-05-22T09:52:19.200315,0.267803430557251,0.4119846522808075,Mistral-7B,2025-05-22T11:13:31.649354,7300000000,4,1190,fiction
"wiki: An estimated 26 million tourists visited the state in 2017 and spent $14.3 billion, providing directly or indirectly 186,900 jobs in the state, which includes 362,000 International tourists spending $589 million.",1.3,512,0,1747907423.1276157,2025-05-22T09:50:23.127621,0.2440348118543625,0.394782692193985,Mistral-7B,2025-05-22T11:13:33.135281,7300000000,0,1190,wiki
"code: Explain what this code does:
def function_72(x): return x * 2",1.3,512,0,1747907431.273395,2025-05-22T09:50:31.273400,0.2578963041305542,0.413250595331192,Mistral-7B,2025-05-22T11:13:33.228125,7300000000,1,1190,code
"fiction: Students studying membranes conducted an experiment using labeled paper cups filled with varying concentrations of red food coloring. After the experiment, the cups were empty and stained. What should be done with used cups? (Answer: C)",1.3,512,0,1747907432.6916318,2025-05-22T09:50:32.691638,0.2500125765800476,0.4039629399776459,Mistral-7B,2025-05-22T11:13:33.321828,7300000000,2,1190,fiction
"code: Explain what this code does:
def function_75(x): return x * 2",1.3,512,0,1747907437.817253,2025-05-22T09:50:37.817259,0.25862592458724976,0.4143809974193573,Mistral-7B,2025-05-22T11:13:33.410684,7300000000,3,1190,code
wiki: A study following the burning of the Kuwaiti oil fields during Iraqi occupation showed that temperatures under the burning oil fires were as much as  colder than temperatures several miles away under clear skies.,1.3,512,0,1747907441.5950713,2025-05-22T09:50:41.595077,0.24438785016536713,0.3970211148262024,Mistral-7B,2025-05-22T11:13:33.487623,7300000000,4,1190,wiki
"wiki: Edmundson says that while the individual does not owe the state a duty of obedience, this does not imply that anarchism is the inevitable conclusion and the state is still morally legitimate.",1.3,512,0,1747907449.5008006,2025-05-22T09:50:49.500806,0.23360233008861542,0.3793448209762573,Mistral-7B,2025-05-22T11:13:34.898506,7300000000,0,1195,wiki
"news: For example, one online retailer Rickard works with has many customers from the EU, but can't geolocate them from the website.",1.3,512,0,1747907457.3540506,2025-05-22T09:50:57.354055,0.23064829409122467,0.3732858896255493,Mistral-7B,2025-05-22T11:13:34.979454,7300000000,1,1195,news
wiki: The suffix -ism denotes the ideological current that favours anarchy.,1.3,512,0,1747907465.372823,2025-05-22T09:51:05.372828,0.23368708789348602,0.37866804003715515,Mistral-7B,2025-05-22T11:13:35.062787,7300000000,2,1195,wiki
"news: Balletomanes felt the work to be uneven, and lamented the lack of a main ballerina in the first act.",1.3,512,0,1747907473.2832234,2025-05-22T09:51:13.283229,0.23017080128192902,0.3762739300727844,Mistral-7B,2025-05-22T11:13:35.143465,7300000000,3,1195,news
news: This can be especially overwhelming when you have a larger IT department and a staff working on numerous projects at once.,1.3,512,0,1747907481.3862286,2025-05-22T09:51:21.386234,0.24571293592453003,0.3946058750152588,Mistral-7B,2025-05-22T11:13:35.224311,7300000000,4,1195,news
"wiki: Cahaba, now a ghost town, was the first permanent state capital from 1820 to 1825.",1.3,512,1,1747907546.6377697,2025-05-22T09:52:26.637776,0.2695605456829071,0.41381242871284485,Mistral-7B,2025-05-22T11:13:36.657797,7300000000,0,1195,wiki
"code: Explain what this code does:
def function_69(x): return x * 2",1.3,512,1,1747907553.4489148,2025-05-22T09:52:33.448920,0.26858067512512207,0.4103339612483978,Mistral-7B,2025-05-22T11:13:36.741584,7300000000,1,1195,code
"wiki: In the UK, from 1998 to 2018, the autism diagnoses increased by 787%.",1.3,512,1,1747907560.3161488,2025-05-22T09:52:40.316154,0.2650146484375,0.40766340494155884,Mistral-7B,2025-05-22T11:13:36.824437,7300000000,2,1195,wiki
news: The Nutcracker's first major exposure outside of Russia took place in London in 1934.,1.3,512,1,1747907567.158269,2025-05-22T09:52:47.158274,0.2627527713775635,0.40388649702072144,Mistral-7B,2025-05-22T11:13:36.904611,7300000000,3,1195,news
"news: ""I think it says something that Alex trusts us to bring the work to its full realization,"" says Wheater.",1.3,512,1,1747907573.9850624,2025-05-22T09:52:53.985068,0.24829600751399994,0.38421830534935,Mistral-7B,2025-05-22T11:13:36.984757,7300000000,4,1195,news
fiction: Two elements in the same group on the Periodic Table of the Elements are most similar in their (Answer: D),1.3,512,0,1747907488.4149833,2025-05-22T09:51:28.414988,0.24739879369735718,0.3991421163082123,Mistral-7B,2025-05-22T11:13:38.386769,7300000000,0,1200,fiction
"wiki: In 2018, Mobile's Mardi Gras parade was the state's top event, producing the most tourists with an attendance of 892,811.",1.3,512,0,1747907496.7386022,2025-05-22T09:51:36.738608,0.24040958285331726,0.3892541229724884,Mistral-7B,2025-05-22T11:13:38.465550,7300000000,1,1200,wiki
fiction: Which property of a mineral can be determined just by looking at it? (Answer: A),1.3,512,0,1747907504.9854605,2025-05-22T09:51:44.985465,0.2527881860733032,0.40622544288635254,Mistral-7B,2025-05-22T11:13:38.551079,7300000000,2,1200,fiction
"news: Using the tag information, investigators were able to learn the two vehicles were rentals and eventually identified the four men from Atlanta.",1.3,512,0,1747907513.2627778,2025-05-22T09:51:53.262783,0.232570618391037,0.3787383437156677,Mistral-7B,2025-05-22T11:13:38.643699,7300000000,3,1200,news
"wiki: Individual symptoms of autism occur in the general population and appear not to associate highly, without a sharp line separating pathologically severe from common traits.",1.3,512,0,1747907521.6027887,2025-05-22T09:52:01.602794,0.23076185584068298,0.37468934059143066,Mistral-7B,2025-05-22T11:13:38.746647,7300000000,4,1200,wiki
"code: Explain what this code does:
def function_61(x): return x * 2",1.3,512,1,1747907581.3823214,2025-05-22T09:53:01.382327,0.274308443069458,0.4188310205936432,Mistral-7B,2025-05-22T11:13:40.162144,7300000000,0,1200,code
wiki: No single treatment is best and treatment is typically tailored to the child's needs.,1.3,512,1,1747907588.199479,2025-05-22T09:53:08.199486,0.2645989656448364,0.4070555567741394,Mistral-7B,2025-05-22T11:13:40.266396,7300000000,1,1200,wiki
news: The other detail that will change with personal data access under GDPR is how long companies have to respond to your request.,1.3,512,1,1747907595.0489933,2025-05-22T09:53:15.048999,0.26635050773620605,0.40831878781318665,Mistral-7B,2025-05-22T11:13:40.359379,7300000000,2,1200,news
news: But the management of projects and ticket issues doesn't just fall on the heads of large companies.,1.3,512,1,1747907601.8562238,2025-05-22T09:53:21.856230,0.2617667317390442,0.40243518352508545,Mistral-7B,2025-05-22T11:13:40.436561,7300000000,3,1200,news
"news: In one of 60 spacious dance studios at the Beijing Dance Academy, Pei Yu Meng practices a tricky step from Jorma Elo's Over Glow.",1.3,512,1,1747907608.71877,2025-05-22T09:53:28.718776,0.2538757026195526,0.3933781683444977,Mistral-7B,2025-05-22T11:13:40.514443,7300000000,4,1200,news
