prompt,temp,seq_len,gen_time,timestamp,ED_mean,ED_std,model,model_size,domain,rank,chkpt_id
"wiki: Muslims have been increasing in Alabama, with 31 mosques built by 2011, many by African-American converts.",0.7,486,1773008660.6368115,2026-03-08T23:24:20.637456,0.2409749031066894,0.408890813589096,Llama-3.3-70B-Instruct,70000000000,wiki,0,0
"wiki: Among these approaches, interventions either treat autistic features comprehensively, or focalize treatment on a specific area of deficit.",0.7,486,1773008710.440431,2026-03-08T23:25:10.440437,0.2210853546857834,0.3772338628768921,Llama-3.3-70B-Instruct,70000000000,wiki,1,0
"code: Explain what this code does:
def function_15(x): return x * 2",0.7,492,1773008762.2483573,2026-03-08T23:26:02.248363,0.2611488699913025,0.4305288195610046,Llama-3.3-70B-Instruct,70000000000,code,2,0
wiki: A -wide meteorite hit the area about 80 million years ago.,0.7,494,1773008813.7285814,2026-03-08T23:26:53.728588,0.2496209591627121,0.4108494222164154,Llama-3.3-70B-Instruct,70000000000,wiki,3,0
"wiki: Ritualistic behavior: Unvarying pattern of daily activities, such as an unchanging menu or a dressing ritual.",0.7,486,1773008865.201655,2026-03-08T23:27:45.201660,0.2424562126398086,0.4112897217273712,Llama-3.3-70B-Instruct,70000000000,wiki,4,0
"code: Explain what this code does:
def function_70(x): return x * 2",0.7,492,1773008917.0295317,2026-03-08T23:28:37.029537,0.2612491846084595,0.4306153655052185,Llama-3.3-70B-Instruct,70000000000,code,5,0
fiction: Which celestial object listed below has the greatest density? (Answer: D),0.7,494,1773008968.4955146,2026-03-08T23:29:28.495521,0.2610167860984802,0.4274895489215851,Llama-3.3-70B-Instruct,70000000000,fiction,6,0
"code: Explain what this code does:
def function_58(x): return x * 2",0.7,492,1773009020.1231112,2026-03-08T23:30:20.123116,0.26084965467453,0.4300863146781921,Llama-3.3-70B-Instruct,70000000000,code,7,0
"wiki: In 1861, the state seceded from the United States to become part of the Confederate States of America, with Montgomery acting as its first capital, and rejoined the Union in 1868.",0.7,467,1773009072.3749638,2026-03-08T23:31:12.374968,0.2601001858711242,0.4272893071174621,Llama-3.3-70B-Instruct,70000000000,wiki,8,0
"code: Explain what this code does:
def function_24(x): return x * 2",0.7,492,1773009124.006906,2026-03-08T23:32:04.006917,0.3003847599029541,0.4505164325237274,Llama-3.3-70B-Instruct,70000000000,code,9,0
"wiki: Its oldest city is Mobile, founded by French colonists in 1702 as the capital of French Louisiana.",0.7,487,1773009175.6450434,2026-03-08T23:32:55.645050,0.284017950296402,0.4347360730171203,Llama-3.3-70B-Instruct,70000000000,wiki,10,0
wiki: The state has numerous place names of Native American origin.,0.7,498,1773009203.193981,2026-03-08T23:33:23.193986,0.2945400476455688,0.4350093603134155,Llama-3.3-70B-Instruct,70000000000,wiki,11,0
"wiki: Law and government  State government  The foundational document for Alabama's government is the Alabama Constitution, which was ratified in 1901.",0.7,482,1773009254.6292772,2026-03-08T23:34:14.629284,0.2779878079891205,0.4317527413368225,Llama-3.3-70B-Instruct,70000000000,wiki,12,0
"news: She's standing among other students, but they all work alone, with the help of teachers calling out corrections from the front of the room.",0.7,481,1773009283.610177,2026-03-08T23:34:43.610182,0.2753186821937561,0.430723637342453,Llama-3.3-70B-Instruct,70000000000,news,13,0
"news: This week marks the world premiere of Frame by Frame, The National Ballet of Canada's new full length ballet based on the life and work of innovative filmmaker Norman McLaren.",0.7,476,1773009335.2219691,2026-03-08T23:35:35.221990,0.264314740896225,0.4204186797142029,Llama-3.3-70B-Instruct,70000000000,news,14,0
"news: ""Showing can be more effective than telling.",0.7,500,1773009386.7787197,2026-03-08T23:36:26.778724,0.2951363623142242,0.4348703622817993,Llama-3.3-70B-Instruct,70000000000,news,15,0
wiki: The use of state names derived from Native American languages is common in the U.S.; an estimated 27 states have names of Native American origin.,0.7,480,1773009438.306821,2026-03-08T23:37:18.306825,0.2677702903747558,0.4215750992298126,Llama-3.3-70B-Instruct,70000000000,wiki,16,0
fiction: Trees most likely change the environment in which they are located by (Answer: D),0.7,492,1773009489.70679,2026-03-08T23:38:09.706796,0.2803216874599457,0.4239276051521301,Llama-3.3-70B-Instruct,70000000000,fiction,17,0
"wiki: Generally prohibited in the West at large, school corporal punishment is not unusual in Alabama, with 27,260 public school students paddled at least one time, according to government data for the 2011–2012 school year.",0.7,461,1773009541.3343327,2026-03-08T23:39:01.334339,0.2586148679256439,0.4225617349147796,Llama-3.3-70B-Instruct,70000000000,wiki,18,0
fiction: Coal is solid rock that began as organic material that was deposited in a swamp. The formation of coal suggests that (Answer: D),0.7,482,1773009592.7629702,2026-03-08T23:39:52.762975,0.2851496338844299,0.4312783181667328,Llama-3.3-70B-Instruct,70000000000,fiction,19,0
"wiki: For example, the effects of a spectrally responsive albedo are illustrated by the differences between the spectrally weighted albedo of solar photovoltaic technology based on hydrogenated amorphous silicon (a-Si:H) and crystalline silicon (c-Si)-based compared to traditional spectral-integrated albedo predictions.",0.7,443,1773009645.2217526,2026-03-08T23:40:45.221757,0.2640572786331177,0.4202913641929626,Llama-3.3-70B-Instruct,70000000000,wiki,20,1
fiction: Why are alternative fuels being used in some automobiles? (Answer: B),0.7,494,1773009693.1766503,2026-03-08T23:41:33.176655,0.3282369673252105,0.4424414038658142,Llama-3.3-70B-Instruct,70000000000,fiction,21,1
"wiki: Ports The Port of Mobile, Alabama's only saltwater port, is a large seaport on the Gulf of Mexico with inland waterway access to the Midwest by way of the Tennessee–Tombigbee Waterway.",0.7,464,1773009745.241608,2026-03-08T23:42:25.241613,0.2999405264854431,0.4421716034412384,Llama-3.3-70B-Instruct,70000000000,wiki,22,1
news: The Bay County Sheriff’s Office has arrested four men from Atlanta after they allegedly hired local transients to cash fraudulent checks for them using stolen personal information.,0.7,479,1773009796.82253,2026-03-08T23:43:16.822534,0.3075989484786987,0.4349186420440674,Llama-3.3-70B-Instruct,70000000000,news,23,1
"code: Explain what this code does:
def function_44(x): return x * 2",0.7,492,1773009848.287762,2026-03-08T23:44:08.287767,0.3489727675914764,0.4690643548965454,Llama-3.3-70B-Instruct,70000000000,code,24,1
news: Subscribe Also see,0.7,506,1773009899.7845254,2026-03-08T23:44:59.784530,0.3396450579166412,0.4475482702255249,Llama-3.3-70B-Instruct,70000000000,news,25,1
"news: For those looking to prepare for the exam, the post recommends going to the AWS Training website and working on the Advanced Architecting on AWS and Security Operations on AWS trainings.",0.7,474,1773009951.357129,2026-03-08T23:45:51.357135,0.3193467557430267,0.4540907144546509,Llama-3.3-70B-Instruct,70000000000,news,26,1
"news: One thing to note: If you need more users, you'll create them from the command line (in similar fashion as you did above).",0.7,481,1773010002.7982638,2026-03-08T23:46:42.798268,0.301771730184555,0.4230622351169586,Llama-3.3-70B-Instruct,70000000000,news,27,1
"wiki: Given the long history of slavery and associated racial segregation, the Native American peoples, who have sometimes been of mixed race, have insisted on having their cultural identification respected.",0.7,476,1773010054.6445768,2026-03-08T23:47:34.644581,0.2987442314624786,0.4252673387527466,Llama-3.3-70B-Instruct,70000000000,wiki,28,1
"wiki: Acquiring language before age six, having an IQ above 50, and having a marketable skill all predict better outcomes; independent living is unlikely with severe autism.",0.7,476,1773010106.2778506,2026-03-08T23:48:26.277863,0.3258862495422363,0.4606125354766845,Llama-3.3-70B-Instruct,70000000000,wiki,29,1
"news: Photo by Walter E. Owen, Courtesy Dance Magazine Archives.",0.7,497,1773010157.6996028,2026-03-08T23:49:17.699608,0.3384672105312347,0.4532087445259094,Llama-3.3-70B-Instruct,70000000000,news,30,1
"wiki: At the same time, many rural people migrated to the city of Birmingham to work in new industrial jobs.",0.7,488,1773010209.5108547,2026-03-08T23:50:09.510866,0.326898843050003,0.4468308091163635,Llama-3.3-70B-Instruct,70000000000,wiki,31,1
"wiki: While medications have not been found to help with core symptoms, they may be used for associated symptoms, such as irritability, inattention, or repetitive behavior patterns.",0.7,476,1773010261.1010811,2026-03-08T23:51:01.101088,0.3075433075428009,0.4361263513565063,Llama-3.3-70B-Instruct,70000000000,wiki,32,1
"wiki: No single repetitive or self-injurious behavior seems to be specific to autism, but autism appears to have an elevated pattern of occurrence and severity of these behaviors.",0.7,477,1773010312.6381714,2026-03-08T23:51:52.638180,0.3183145225048065,0.4485911428928375,Llama-3.3-70B-Instruct,70000000000,wiki,33,1
"news: One was located at a business on East Avenue and contact was made with Clarence Suggs, age 27, and Reginald Hughes, age 26.",0.7,476,1773010364.4038355,2026-03-08T23:52:44.403840,0.3153387010097503,0.4472793638706207,Llama-3.3-70B-Instruct,70000000000,news,34,1
"wiki: All of them compared gluten- and casein-free diet versus normal diet with a control group (2 double-blind randomized controlled trials, 1 double-blind crossover trial, 1 single-blind trial).",0.7,470,1773010415.9733915,2026-03-08T23:53:35.973396,0.2977060377597809,0.4314423501491546,Llama-3.3-70B-Instruct,70000000000,wiki,35,1
news: Log out and log back in with your new credentials.,0.7,498,1773010467.0083492,2026-03-08T23:54:27.008354,0.3389417827129364,0.4520881474018097,Llama-3.3-70B-Instruct,70000000000,news,36,1
"fiction: Heat, light, and sound are all different forms of ___. (Answer: B)",0.7,491,1773010479.0600412,2026-03-08T23:54:39.060046,0.3391857147216797,0.4587106704711914,Llama-3.3-70B-Instruct,70000000000,fiction,37,1
"code: Explain what this code does:
def function_81(x): return x * 2",0.7,492,1773010530.260458,2026-03-08T23:55:30.260463,0.3466882407665252,0.4661077857017517,Llama-3.3-70B-Instruct,70000000000,code,38,1
"code: Explain what this code does:
def function_93(x): return x * 2",0.7,492,1773010581.4454472,2026-03-08T23:56:21.445452,0.3419249057769775,0.459908127784729,Llama-3.3-70B-Instruct,70000000000,code,39,1
"wiki: These kinds of groups more often than not interconnect with each other, forming larger networks.",0.7,491,1773010632.769488,2026-03-08T23:57:12.769497,0.3170007169246673,0.4330532848834991,Llama-3.3-70B-Instruct,70000000000,wiki,40,2
news: Three transients have also been arrested for their participation.,0.7,498,1773010683.8134503,2026-03-08T23:58:03.813455,0.3431615531444549,0.4563418328762054,Llama-3.3-70B-Instruct,70000000000,news,41,2
fiction: What do cells break down to produce energy? (Answer: A),0.7,495,1773010697.3428545,2026-03-08T23:58:17.342859,0.3446164131164551,0.4610462188720703,Llama-3.3-70B-Instruct,70000000000,fiction,42,2
wiki: Alabama was under military rule from the end of the war in May 1865 until its official restoration to the Union in 1868.,0.7,481,1773010748.7769277,2026-03-08T23:59:08.776939,0.3269490301609039,0.4544302225112915,Llama-3.3-70B-Instruct,70000000000,wiki,43,2
"wiki: Jackson, Harvey H. Inside Alabama: A Personal History of My State (2004).",0.7,491,1773010799.923168,2026-03-08T23:59:59.923173,0.3305234611034393,0.4488454163074493,Llama-3.3-70B-Instruct,70000000000,wiki,44,2
"wiki: Many of these attacks were done by individual assailants and the majority took place in the late 1870s, the early 1880s and the 1890s, with some still occurring in the early 1900s.",0.7,461,1773010851.6989844,2026-03-09T00:00:51.698989,0.2843457460403442,0.4244206547737121,Llama-3.3-70B-Instruct,70000000000,wiki,45,2
"wiki: Because of the constraints of the Alabama Constitution, which centralizes power in the state legislature, only seven counties (Jefferson, Lee, Mobile, Madison, Montgomery, Shelby, and Tuscaloosa) in the state have limited home rule.",0.7,460,1773010903.3453913,2026-03-09T00:01:43.345400,0.2955993115901947,0.4410069584846496,Llama-3.3-70B-Instruct,70000000000,wiki,46,2
wiki: Sleep problems affect about two-thirds of individuals with ASD at some point in childhood.,0.7,493,1773010954.5761445,2026-03-09T00:02:34.576154,0.3399211764335632,0.457126259803772,Llama-3.3-70B-Instruct,70000000000,wiki,47,2
"wiki: Albedo in Astronomy  In astronomy, the term albedo can be defined in several different ways, depending upon the application and the wavelength of electromagnetic radiation involved.",0.7,477,1773011006.0120437,2026-03-09T00:03:26.012052,0.3114308416843414,0.4388380348682403,Llama-3.3-70B-Instruct,70000000000,wiki,48,2
"news: Data processing policies Companies need to do data process flow mapping to see what data is being collected, how it's being processed, and who is receiving processed copies, Rickard said.",0.7,473,1773011057.7593884,2026-03-09T00:04:17.759393,0.3142273724079132,0.4496640264987945,Llama-3.3-70B-Instruct,70000000000,news,49,2
wiki: One criticism of the current constitution claims that its complexity and length intentionally codify segregation and racism.,0.7,490,1773011109.334082,2026-03-09T00:05:09.334087,0.3325921893119812,0.4523074924945831,Llama-3.3-70B-Instruct,70000000000,wiki,50,2
"wiki: Mohl, Raymond A.",0.7,503,1773011160.4120295,2026-03-09T00:06:00.412034,0.3556519150733948,0.465099036693573,Llama-3.3-70B-Instruct,70000000000,wiki,51,2
"code: Explain what this code does:
def function_6(x): return x * 2",0.7,492,1773011211.6648998,2026-03-09T00:06:51.664904,0.3438358902931213,0.4630845189094543,Llama-3.3-70B-Instruct,70000000000,code,52,2
wiki: Other anarchists advocated for or used art as a means to achieve anarchist ends.,0.7,494,1773011263.275813,2026-03-09T00:07:43.275818,0.3216674923896789,0.4337767958641052,Llama-3.3-70B-Instruct,70000000000,wiki,53,2
news: You can also login with the non-admin user you created.,0.7,497,1773011314.3815727,2026-03-09T00:08:34.381577,0.3227818310260772,0.4330570697784424,Llama-3.3-70B-Instruct,70000000000,news,54,2
"wiki: Autistic people may be severely impaired in some respects but average, or even superior, in others.",0.7,489,1773011365.8371935,2026-03-09T00:09:25.837203,0.3382072448730469,0.4603168964385986,Llama-3.3-70B-Instruct,70000000000,wiki,55,2
"wiki: There are two intermediate appellate courts, the Court of Civil Appeals and the Court of Criminal Appeals, and four trial courts: the circuit court (trial court of general jurisdiction), and the district, probate, and municipal courts.",0.7,464,1773011417.514134,2026-03-09T00:10:17.514138,0.3043177723884582,0.4472275078296661,Llama-3.3-70B-Instruct,70000000000,wiki,56,2
fiction: Which of these is never found in prokaryotic cells? (Answer: D),0.7,491,1773011468.7175612,2026-03-09T00:11:08.717566,0.332014262676239,0.4501337707042694,Llama-3.3-70B-Instruct,70000000000,fiction,57,2
"wiki: In Greek handwriting, it was common to join the left leg and horizontal stroke into a single loop, as demonstrated by the uncial version shown.",0.7,480,1773011520.1971028,2026-03-09T00:12:00.197107,0.3188456296920776,0.4473741948604584,Llama-3.3-70B-Instruct,70000000000,wiki,58,2
"fiction: When a mirror is placed by a fish bowl with a beta fish swimming inside, the beta fish sees what appears to be another fish. This occurs because of (Answer: C)",0.7,473,1773011572.2034578,2026-03-09T00:12:52.203464,0.3128103017807007,0.4468935132026672,Llama-3.3-70B-Instruct,70000000000,fiction,59,2
"wiki: Civil War and Reconstruction  By 1860, the population had increased to 964,201 people, of which nearly half, 435,080, were enslaved African Americans, and 2,690 were free people of color.",0.7,462,1773011624.04318,2026-03-09T00:13:44.043190,0.2980936765670776,0.4415598213672638,Llama-3.3-70B-Instruct,70000000000,wiki,60,3
"code: Explain what this code does:
def function_46(x): return x * 2",0.7,492,1773011675.3004508,2026-03-09T00:14:35.300461,0.3386933803558349,0.4563478827476501,Llama-3.3-70B-Instruct,70000000000,code,61,3
"news: During a search warrant on the two vehicles two printers, blank checks, cash, and a computer with check-making software were located and seized.",0.7,481,1773011726.6228812,2026-03-09T00:15:26.622892,0.3026914894580841,0.4248212575912475,Llama-3.3-70B-Instruct,70000000000,news,62,3
"wiki: Instead of people being able to control the aspects of their life, major decisions are taken by a small elite.",0.7,487,1773011777.8832614,2026-03-09T00:16:17.883272,0.3157811164855957,0.4338619112968445,Llama-3.3-70B-Instruct,70000000000,wiki,63,3
"code: Explain what this code does:
def function_28(x): return x * 2",0.7,492,1773011829.1392264,2026-03-09T00:17:09.139237,0.3329401016235351,0.4493883848190307,Llama-3.3-70B-Instruct,70000000000,code,64,3
fiction: Which term best describes the life cycle of an insect that reaches the adult stage without being a pupa? (Answer: A),0.7,483,1773011880.7669702,2026-03-09T00:18:00.766980,0.3251739740371704,0.4501768350601196,Llama-3.3-70B-Instruct,70000000000,fiction,65,3
"wiki: The Gulf Coast, around Mobile Bay, averages between 70 and 80 days per year with thunder reported.",0.7,487,1773011932.1356928,2026-03-09T00:18:52.135702,0.3316003084182739,0.4536646008491516,Llama-3.3-70B-Instruct,70000000000,wiki,66,3
"wiki: Anarchists also reinforced their propaganda within the arts, some of whom practiced naturism and nudism.",0.7,488,1773011983.3641293,2026-03-09T00:19:43.364134,0.3267978429794311,0.4474164843559265,Llama-3.3-70B-Instruct,70000000000,wiki,67,3
"wiki: During the antebellum period, Alabama was a major producer of cotton, and widely used African American slave labor.",0.7,485,1773012034.7842357,2026-03-09T00:20:34.784244,0.323990911245346,0.4465834498405456,Llama-3.3-70B-Instruct,70000000000,wiki,68,3
"news: If I can't describe what I want with words, I have to show them.""",0.7,492,1773012086.0094268,2026-03-09T00:21:26.009433,0.3189177215099334,0.4332602322101593,Llama-3.3-70B-Instruct,70000000000,news,69,3
"wiki: A. John Simmons and Leslie Green, who leaned toward philosophical anarchism, believed that the state could be legitimate if it is governed by consensus, although they saw this as highly unlikely.",0.7,472,1773012137.6619046,2026-03-09T00:22:17.661910,0.3122726082801819,0.4471096098423004,Llama-3.3-70B-Instruct,70000000000,wiki,70,3
news: New York City Ballet principal dancer Rebecca Krohn will take her final bow with the company this Saturday night.,0.7,488,1773012188.948382,2026-03-09T00:23:08.948386,0.3316938579082489,0.4523812234401703,Llama-3.3-70B-Instruct,70000000000,news,71,3
"fiction: Hatchling sea turtles are typically dark in color. Occasionally, a sea turtle hatches that is almost white in color. When crawling from the nest on the beach to the ocean, this light-colored sea turtle could be at risk for sunburn. The light color of the turtles would most likely (Answer: C)",0.7,446,1773012241.0072412,2026-03-09T00:24:01.007250,0.2806538939476013,0.4393522441387176,Llama-3.3-70B-Instruct,70000000000,fiction,72,3
fiction: Which of these human activities does not contribute to the extinction of species? (Answer: C),0.7,490,1773012259.7084436,2026-03-09T00:24:19.708448,0.3405437767505646,0.4610848724842071,Llama-3.3-70B-Instruct,70000000000,fiction,73,3
fiction: How long does it take for Earth to rotate on its axis seven times? (Answer: B),0.7,489,1773012310.963942,2026-03-09T00:25:10.963951,0.3441614210605621,0.4666153788566589,Llama-3.3-70B-Instruct,70000000000,fiction,74,3
"wiki: The first community of adherents of the Baháʼí Faith in Alabama was founded in 1896 by Paul K. Dealy, who moved from Chicago to Fairhope.",0.7,472,1773012362.3883128,2026-03-09T00:26:02.388323,0.3077259957790375,0.4422864317893982,Llama-3.3-70B-Instruct,70000000000,wiki,75,3
wiki: No known medication relieves autism's core symptoms of social and communication impairments.,0.7,493,1773012413.6063771,2026-03-09T00:26:53.606386,0.3437647819519043,0.4614397883415222,Llama-3.3-70B-Instruct,70000000000,wiki,76,3
"code: Explain what this code does:
def function_31(x): return x * 2",0.7,492,1773012464.91841,2026-03-09T00:27:44.918414,0.3425975143909454,0.4615059792995453,Llama-3.3-70B-Instruct,70000000000,code,77,3
"code: Explain what this code does:
def function_35(x): return x * 2",0.7,492,1773012516.2501502,2026-03-09T00:28:36.250155,0.3445108830928802,0.4636878073215484,Llama-3.3-70B-Instruct,70000000000,code,78,3
"news: 34 total views, 34 views today Share Us",0.7,498,1773012567.3835888,2026-03-09T00:29:27.383599,0.3539781272411346,0.4702435433864593,Llama-3.3-70B-Instruct,70000000000,news,79,3
news: That's something I'll never forget.,0.7,501,1773012618.565549,2026-03-09T00:30:18.565559,0.3477098643779754,0.458209365606308,Llama-3.3-70B-Instruct,70000000000,news,80,4
news: A number of dancers including New York City Ballet principal Russell Janzen will be acting as moving models.,0.7,489,1773012663.21431,2026-03-09T00:31:03.214314,0.323186844587326,0.4421220123767853,Llama-3.3-70B-Instruct,70000000000,news,81,4
"code: Explain what this code does:
def function_29(x): return x * 2",0.7,492,1773012714.549349,2026-03-09T00:31:54.549358,0.3499338626861572,0.4704184830188751,Llama-3.3-70B-Instruct,70000000000,code,82,4
wiki: Education  Primary and secondary education  Public primary and secondary education in Alabama is under the purview of the Alabama State Board of Education as well as local oversight by 67 county school boards and 60 city boards of education.,0.7,464,1773012767.07217,2026-03-09T00:32:47.072176,0.3098528683185577,0.4544897973537445,Llama-3.3-70B-Instruct,70000000000,wiki,83,4
wiki: About half of people in their 20s with autism are not employed.,0.7,494,1773012819.214161,2026-03-09T00:33:39.214170,0.3363726437091827,0.4520763754844665,Llama-3.3-70B-Instruct,70000000000,wiki,84,4
wiki: Legion Field is home of the UAB Blazers football program and the Birmingham Bowl.,0.7,493,1773012870.971859,2026-03-09T00:34:30.971865,0.3414583206176758,0.4590655267238617,Llama-3.3-70B-Instruct,70000000000,wiki,85,4
news: 3.,0.7,506,1773012922.6152894,2026-03-09T00:35:22.615298,0.3406846523284912,0.4466953575611114,Llama-3.3-70B-Instruct,70000000000,news,86,4
fiction: The composition of soil influences the soil's ability to retain and transmit water and air. What soil type would be best for planting a productive garden? (Answer: B),0.7,475,1773012936.6349237,2026-03-09T00:35:36.634928,0.3139422237873077,0.4455414116382599,Llama-3.3-70B-Instruct,70000000000,fiction,87,4
"wiki: History  The earliest certain ancestor of ""A"" is aleph (also written 'aleph), the first letter of the Phoenician alphabet, which consisted entirely of consonants (for that reason, it is also called an abjad to distinguish it from a true alphabet).",0.7,453,1773012989.462366,2026-03-09T00:36:29.462371,0.2804939448833465,0.4291617572307586,Llama-3.3-70B-Instruct,70000000000,wiki,88,4
"wiki: Immigration from outside the U.S. resulted in a net increase of 31,180 people, and migration within the country produced a net gain of 73,811 people.",0.7,474,1773013041.7038815,2026-03-09T00:37:21.703886,0.316207617521286,0.4502875804901123,Llama-3.3-70B-Instruct,70000000000,wiki,89,4
news: Balanchine included Shiryaev's original choreography in his Nutcracker.,0.7,492,1773013093.6773028,2026-03-09T00:38:13.677309,0.3296017050743103,0.4461842775344848,Llama-3.3-70B-Instruct,70000000000,news,90,4
"wiki: It has been established that vaccination is not a risk factor for autism and is not behind any increase in autism prevalence rates, if any change in the rate of autism exists at all.",0.7,473,1773013146.2654865,2026-03-09T00:39:06.265495,0.3043201267719269,0.435517281293869,Llama-3.3-70B-Instruct,70000000000,wiki,91,4
wiki: A smooth metallic sphere would have .,0.7,502,1773013198.5850008,2026-03-09T00:39:58.585007,0.3450172245502472,0.4533936977386474,Llama-3.3-70B-Instruct,70000000000,wiki,92,4
"code: Explain what this code does:
def function_89(x): return x * 2",0.7,492,1773013249.8006346,2026-03-09T00:40:49.800644,0.3474759459495544,0.4672500193119049,Llama-3.3-70B-Instruct,70000000000,code,93,4
fiction: An ice cube placed in sunlight melts quickly. Which BEST explains this event? (Answer: B),0.7,489,1773013301.9824204,2026-03-09T00:41:41.982425,0.3371113240718841,0.4586249887943268,Llama-3.3-70B-Instruct,70000000000,fiction,94,4
news: BDA alumni in American companies include San Francisco Ballet soloists Wei Wang and Wanting Zhao and ABT corps members Zhiyao Zhang and Xuelan Lu.,0.7,475,1773013353.7176485,2026-03-09T00:42:33.717653,0.3061048984527588,0.4363689422607422,Llama-3.3-70B-Instruct,70000000000,news,95,4
wiki: Alabama's slaves were freed by the 13th Amendment in 1865.,0.7,493,1773013404.83719,2026-03-09T00:43:24.837194,0.3354150354862213,0.4521749913692474,Llama-3.3-70B-Instruct,70000000000,wiki,96,4
"wiki: Indigenous animal species in the state include 62 mammal species, 93 reptile species, 73 amphibian species, roughly 307 native freshwater fish species, and 420 bird species that spend at least part of their year within the state.",0.7,459,1773013456.5184546,2026-03-09T00:44:16.518460,0.296441376209259,0.4431582987308502,Llama-3.3-70B-Instruct,70000000000,wiki,97,4
fiction: Which of these do scientists offer as the most recent explanation as to why many plants and animals died out at the end of the Mesozoic era? (Answer: D),0.7,474,1773013508.1335473,2026-03-09T00:45:08.133556,0.3163816630840301,0.4499157667160034,Llama-3.3-70B-Instruct,70000000000,fiction,98,4
"fiction: Some animals are very rare. For example, there are very few Siberian tigers. If the only Siberian tigers left are female, what will most likely happen? (Answer: D)",0.7,469,1773013559.6683376,2026-03-09T00:45:59.668344,0.2940670847892761,0.427177220582962,Llama-3.3-70B-Instruct,70000000000,fiction,99,4
wiki: Anarchist tactics have shifted during the course of the last century.,0.7,495,1773013611.2868998,2026-03-09T00:46:51.286909,0.3380009829998016,0.4519102275371551,Llama-3.3-70B-Instruct,70000000000,wiki,100,5
"wiki: In May 2007, German steelmaker ThyssenKrupp selected Calvert in Mobile County for a 4.65billion combined stainless and carbon steel processing facility.",0.7,472,1773013662.9582095,2026-03-09T00:47:42.958216,0.3043152689933777,0.4371236562728882,Llama-3.3-70B-Instruct,70000000000,wiki,101,5
wiki: Some studies also find decreased earning among parents who care for autistic children.,0.7,495,1773013714.2217193,2026-03-09T00:48:34.221728,0.3236302733421325,0.4366908669471741,Llama-3.3-70B-Instruct,70000000000,wiki,102,5
fiction: A flowing stream contains water at 18°C. Cans of soft drinks at 28°C are lowered into the stream. Which of the following will most likely occur? (Answer: B),0.7,470,1773013766.176334,2026-03-09T00:49:26.176340,0.314547598361969,0.4523011744022369,Llama-3.3-70B-Instruct,70000000000,fiction,103,5
wiki: Collectivist anarchism is a revolutionary socialist form of anarchism commonly associated with Mikhail Bakunin.,0.7,489,1773013817.9551196,2026-03-09T00:50:17.955137,0.3305867910385132,0.4496193528175354,Llama-3.3-70B-Instruct,70000000000,wiki,104,5
wiki: The monument was removed in August 2003.,0.7,499,1773013868.9397774,2026-03-09T00:51:08.939782,0.3527774810791015,0.4665209352970123,Llama-3.3-70B-Instruct,70000000000,wiki,105,5
"wiki: There is tentative evidence that music therapy may improve social interactions, verbal communication, and non-verbal communication skills.",0.7,487,1773013920.182025,2026-03-09T00:52:00.182029,0.3278248906135559,0.4487434327602386,Llama-3.3-70B-Instruct,70000000000,wiki,106,5
wiki: Their decrease in prevalence was the result of further judicial power and targeting and cataloging by state institutions.,0.7,489,1773013971.7424717,2026-03-09T00:52:51.742497,0.3130995035171509,0.4321197271347046,Llama-3.3-70B-Instruct,70000000000,wiki,107,5
"wiki: With the anarchists being crushed in Russia, two new antithetical currents emerged, namely platformism and synthesis anarchism.",0.7,485,1773014023.0356348,2026-03-09T00:53:43.035641,0.3186610639095306,0.4396350681781769,Llama-3.3-70B-Instruct,70000000000,wiki,108,5
"wiki: Local elections Many local offices (county commissioners, boards of education, tax assessors, tax collectors, etc.)",0.7,487,1773014074.3544872,2026-03-09T00:54:34.354498,0.3148844242095947,0.4327772855758667,Llama-3.3-70B-Instruct,70000000000,wiki,109,5
"wiki: In English grammar, ""a"", and its variant ""an"", is an indefinite article, used to introduce noun phrases.",0.7,485,1773014125.6632688,2026-03-09T00:55:25.663278,0.3332200050354004,0.4577283263206482,Llama-3.3-70B-Instruct,70000000000,wiki,110,5
"fiction: After observing several dogs running, students ask the following question: Do dogs with long hair run faster than dogs with short hair? How can the students best answer their question? (Answer: B)",0.7,470,1773014177.1127262,2026-03-09T00:56:17.112735,0.3004494905471802,0.4340288937091827,Llama-3.3-70B-Instruct,70000000000,fiction,111,5
"wiki: In China, small groups of students imported the humanistic pro-science version of anarcho-communism.",0.7,486,1773014228.4311266,2026-03-09T00:57:08.431137,0.3188715577125549,0.4403056204319,Llama-3.3-70B-Instruct,70000000000,wiki,112,5
"code: Explain what this code does:
def function_5(x): return x * 2",0.7,492,1773014279.6917188,2026-03-09T00:57:59.691728,0.3481056988239288,0.4678716957569122,Llama-3.3-70B-Instruct,70000000000,code,113,5
"wiki: Peirce, Neal R. The Deep South States of America: People, Politics, and Power in the Seven Deep South States (1974).",0.7,479,1773014331.0803015,2026-03-09T00:58:51.080306,0.3325008749961853,0.465209424495697,Llama-3.3-70B-Instruct,70000000000,wiki,114,5
"code: Explain what this code does:
def function_59(x): return x * 2",0.7,492,1773014382.3560405,2026-03-09T00:59:42.356050,0.3471921682357788,0.4670397937297821,Llama-3.3-70B-Instruct,70000000000,code,115,5
news: What are you most looking forward to in your new role?,0.7,497,1773014433.619876,2026-03-09T01:00:33.619887,0.3434515297412872,0.4576928615570068,Llama-3.3-70B-Instruct,70000000000,news,116,5
fiction: Which land form is the result of the constructive force of a glacier? (Answer: B),0.7,490,1773014484.8685737,2026-03-09T01:01:24.868584,0.3333228230476379,0.4518339931964874,Llama-3.3-70B-Instruct,70000000000,fiction,117,5
"wiki: The three GOP lieutenant governors are Steve Windom (1999–2003), Kay Ivey (2011–2017), and Will Ainsworth (2019–present).",0.7,472,1773014536.2975316,2026-03-09T01:02:16.297542,0.3029684722423553,0.4347441792488098,Llama-3.3-70B-Instruct,70000000000,wiki,118,5
"code: Explain what this code does:
def function_43(x): return x * 2",0.7,492,1773014587.8346963,2026-03-09T01:03:07.834706,0.343589574098587,0.4625064730644226,Llama-3.3-70B-Instruct,70000000000,code,119,5
wiki: Variation in summer albedo across both forest types is associated with maximum rates of photosynthesis because plants with high growth capacity display a greater fraction of their foliage for direct interception of incoming radiation in the upper canopy.,0.7,468,1773014622.1483269,2026-03-09T01:03:42.148332,0.2886892259120941,0.4223558604717254,Llama-3.3-70B-Instruct,70000000000,wiki,120,6
"code: Explain what this code does:
def function_87(x): return x * 2",0.7,492,1773014673.483053,2026-03-09T01:04:33.483062,0.3390013575553894,0.4567781388759613,Llama-3.3-70B-Instruct,70000000000,code,121,6
wiki: Industrial development related to the demands of World War II brought a level of prosperity to the state not seen since before the civil war.,0.7,483,1773014725.2284307,2026-03-09T01:05:25.228437,0.322813481092453,0.4472438097000122,Llama-3.3-70B-Instruct,70000000000,wiki,122,6
wiki: A historical current that arose and flourished during 1890 and 1920 within anarchism was free love.,0.7,486,1773014776.866105,2026-03-09T01:06:16.866114,0.3274914920330047,0.4492734670639038,Llama-3.3-70B-Instruct,70000000000,wiki,123,6
"fiction: Acid rain has a pH below 5.6. This rain can damage soil, lakes, crops, and buildings. Acid rain is caused by all of the following except (Answer: D)",0.7,470,1773014828.4407482,2026-03-09T01:07:08.440753,0.3189666867256164,0.4584700167179107,Llama-3.3-70B-Instruct,70000000000,fiction,124,6
"wiki: It has a seating capacity of 143,000 and is the thirteenth largest stadium in the world and sixth largest stadium in America.",0.7,481,1773014880.1320496,2026-03-09T01:08:00.132054,0.3304218649864197,0.4596139788627624,Llama-3.3-70B-Instruct,70000000000,wiki,125,6
wiki: Automakers accounted for approximately a third of the industrial expansion in the state in 2012.,0.7,490,1773014931.388164,2026-03-09T01:08:51.388169,0.3201206028461456,0.4363513588905334,Llama-3.3-70B-Instruct,70000000000,wiki,126,6
wiki: Black anarchism began to take form at this time and influenced anarchism's move from a Eurocentric demographic.,0.7,486,1773014982.7363052,2026-03-09T01:09:42.736311,0.3215727508068084,0.4424741566181183,Llama-3.3-70B-Instruct,70000000000,wiki,127,6
fiction: Which of the following areas is most likely to form metamorphic rocks such as gneiss and schist? (Answer: C),0.7,482,1773015034.3741474,2026-03-09T01:10:34.374160,0.3165289461612701,0.4407357275485992,Llama-3.3-70B-Instruct,70000000000,fiction,128,6
"wiki: In general, higher IQs are correlated with greater responsiveness to treatment and improved treatment outcomes.",0.7,491,1773015085.8359716,2026-03-09T01:11:25.835978,0.3415054976940155,0.4611581563949585,Llama-3.3-70B-Instruct,70000000000,wiki,129,6
"news: He holds his hands towards his chest, indicating the sign for ""I.""",0.7,494,1773015137.257778,2026-03-09T01:12:17.257783,0.3306263089179992,0.4441631734371185,Llama-3.3-70B-Instruct,70000000000,news,130,6
"code: Explain what this code does:
def function_68(x): return x * 2",0.7,492,1773015188.562167,2026-03-09T01:13:08.562176,0.3442608714103699,0.4633074998855591,Llama-3.3-70B-Instruct,70000000000,code,131,6
wiki: These contributed to Congressional passage and enactment of the Civil Rights Act of 1964 and Voting Rights Act of 1965 by the U.S. Congress.,0.7,478,1773015240.1924956,2026-03-09T01:14:00.192502,0.3226426243782043,0.4536632895469665,Llama-3.3-70B-Instruct,70000000000,wiki,132,6
"news: Go is cool, Swift is nifty, but old-school Java keeps reinventing itself to power both yesterday's and tomorrow's applications.",0.7,482,1773015291.6264484,2026-03-09T01:14:51.626457,0.3189302682876587,0.443574845790863,Llama-3.3-70B-Instruct,70000000000,news,133,6
"wiki: Also, the Barber Motorsports Park has hosted IndyCar Series and Rolex Sports Car Series races.",0.7,490,1773015342.8894415,2026-03-09T01:15:42.889448,0.3355927169322967,0.454757958650589,Llama-3.3-70B-Instruct,70000000000,wiki,134,6
news: The company is one of dozens of others honoring Robbins this year; last week we covered Cincinnati Ballet and New York Theatre Ballet.,0.7,484,1773015394.320658,2026-03-09T01:16:34.320667,0.310717761516571,0.4311513304710388,Llama-3.3-70B-Instruct,70000000000,news,135,6
"code: Explain what this code does:
def function_62(x): return x * 2",0.7,492,1773015445.74112,2026-03-09T01:17:25.741125,0.3458512425422668,0.4650984406471252,Llama-3.3-70B-Instruct,70000000000,code,136,6
"wiki: Treatment approaches have little empirical support in quality-of-life contexts, and many programs focus on success measures that lack predictive validity and real-world relevance.",0.7,481,1773015497.158195,2026-03-09T01:18:17.158199,0.3168820440769195,0.4430298805236816,Llama-3.3-70B-Instruct,70000000000,wiki,137,6
"code: Explain what this code does:
def function_51(x): return x * 2",0.7,492,1773015548.4477272,2026-03-09T01:19:08.447732,0.3429428339004516,0.4616637527942657,Llama-3.3-70B-Instruct,70000000000,code,138,6
"wiki: Those free love movements contributed to the establishment of communal houses, where large groups of travelers, anarchists and other activists slept in beds together.",0.7,482,1773015599.8499684,2026-03-09T01:19:59.849980,0.3067652583122253,0.4291574954986572,Llama-3.3-70B-Instruct,70000000000,wiki,139,6
"wiki: In the Alabama language, the word for a person of Alabama lineage is  (or variously  or  in different dialects; the plural form is ).",0.7,477,1773015651.392465,2026-03-09T01:20:51.392476,0.3157479166984558,0.4445449411869049,Llama-3.3-70B-Instruct,70000000000,wiki,140,7
"wiki: Characteristics Autism is a highly variable neurodevelopmental disorder whose symptoms first appear during infancy or childhood, and generally follows a steady course without remission.",0.7,480,1773015702.717289,2026-03-09T01:21:42.717298,0.324271023273468,0.4522958695888519,Llama-3.3-70B-Instruct,70000000000,wiki,141,7
"code: Explain what this code does:
def function_85(x): return x * 2",0.7,492,1773015754.0170746,2026-03-09T01:22:34.017084,0.3459371030330658,0.4654242992401123,Llama-3.3-70B-Instruct,70000000000,code,142,7
news: That was when McNeight called the BCSO to report the robbery.,0.7,493,1773015805.7096431,2026-03-09T01:23:25.709647,0.3293482661247253,0.444060355424881,Llama-3.3-70B-Instruct,70000000000,news,143,7
news: SEE: IT project management: 10 ways to stay under budget (free PDF) (TechRepublic) Congratulations You now have your Trac system up and running.,0.7,476,1773015857.093347,2026-03-09T01:24:17.093372,0.3090966343879699,0.4378569424152374,Llama-3.3-70B-Instruct,70000000000,news,144,7
"wiki: Birmingham also serves as the headquarters for several large investment management companies, including Harbert Management Corporation.",0.7,490,1773015908.2854536,2026-03-09T01:25:08.285458,0.3363955020904541,0.4556953907012939,Llama-3.3-70B-Instruct,70000000000,wiki,145,7
"wiki: Typographic variants  During Roman times, there were many variant forms of the letter ""A"".",0.7,490,1773015959.6193345,2026-03-09T01:25:59.619339,0.3283907473087311,0.4458687305450439,Llama-3.3-70B-Instruct,70000000000,wiki,146,7
"wiki: Societal and cultural aspects of autism have developed: some in the community seek a cure, while others believe that autism is simply another way of being.",0.7,479,1773016011.4265685,2026-03-09T01:26:51.426582,0.3196588456630707,0.4474411606788635,Llama-3.3-70B-Instruct,70000000000,wiki,147,7
"wiki: As seen by anarchists, squatting is a way to regain urban space from the capitalist market, serving pragmatical needs and also being an exemplary direct action.",0.7,478,1773016063.1767485,2026-03-09T01:27:43.176760,0.3143341243267059,0.4417175352573395,Llama-3.3-70B-Instruct,70000000000,wiki,148,7
"wiki: The district's boundaries were roughly limited to the area within a few miles of the Tombigbee River and included portions of what is today southern Clarke County, northernmost Mobile County, and most of Washington County.",0.7,467,1773016114.802561,2026-03-09T01:28:34.802576,0.2969763278961181,0.4331095814704895,Llama-3.3-70B-Instruct,70000000000,wiki,149,7
"code: Explain what this code does:
def function_8(x): return x * 2",0.7,492,1773016166.4033425,2026-03-09T01:29:26.403349,0.341000348329544,0.4594257175922394,Llama-3.3-70B-Instruct,70000000000,code,150,7
"news: Photo by Frederick Melton, Courtesy Dance Magazine Archives.",0.7,498,1773016217.5606554,2026-03-09T01:30:17.560660,0.3345423638820648,0.4468327760696411,Llama-3.3-70B-Instruct,70000000000,news,151,7
"wiki: According to the 2012 U.S. News & World Report, Alabama had four tier one universities (University of Alabama, Auburn University, University of Alabama at Birmingham and University of Alabama in Huntsville).",0.7,468,1773016269.1692438,2026-03-09T01:31:09.169253,0.3073184788227081,0.4455642104148865,Llama-3.3-70B-Instruct,70000000000,wiki,152,7
"news: But for this one season, they're sharing the stage together.",0.7,496,1773016320.3227916,2026-03-09T01:32:00.322796,0.3277992308139801,0.4413571655750274,Llama-3.3-70B-Instruct,70000000000,news,153,7
news: Willam Christensen (center) with his brothers Lew and Harold.,0.7,495,1773016371.8396132,2026-03-09T01:32:51.839622,0.3369809985160827,0.4510999321937561,Llama-3.3-70B-Instruct,70000000000,news,154,7
"wiki: Just as fresh snow has a higher albedo than does dirty snow, the albedo of snow-covered sea ice is far higher than that of sea water.",0.7,478,1773016423.7980163,2026-03-09T01:33:43.798021,0.3210708498954773,0.4507869482040405,Llama-3.3-70B-Instruct,70000000000,wiki,155,7
"wiki: Contemporary-era anarchists have been engaging with various grassroots movements that are more or less based on horizontalism, although not explicitly anarchist, respecting personal autonomy and participating in mass activism such as strikes and demonstrations.",0.7,470,1773016475.6797442,2026-03-09T01:34:35.679749,0.2992706596851349,0.4330231249332428,Llama-3.3-70B-Instruct,70000000000,wiki,156,7
"wiki: From 1826 to 1846, Tuscaloosa served as Alabama's capital.",0.7,490,1773016527.0826907,2026-03-09T01:35:27.082703,0.3426640331745147,0.4631486535072326,Llama-3.3-70B-Instruct,70000000000,wiki,157,7
"news: ""People often have Post-it notes on monitors with passwords on them.""",0.7,495,1773016578.704549,2026-03-09T01:36:18.704555,0.3264644145965576,0.4392468631267547,Llama-3.3-70B-Instruct,70000000000,news,158,7
"wiki: Anarchism has continued to generate many philosophies and movements, at times eclectic, drawing upon various sources and combining disparate concepts to create new philosophical approaches.",0.7,478,1773016630.083341,2026-03-09T01:37:10.083350,0.3132119178771972,0.4414624571800232,Llama-3.3-70B-Instruct,70000000000,wiki,159,7
"news: After both of the above commands, you'll be prompted to type (and confirm) a password.",0.7,489,1773016681.472257,2026-03-09T01:38:01.472262,0.3270643949508667,0.4456038773059845,Llama-3.3-70B-Instruct,70000000000,news,160,8
"wiki: The company wore new uniforms with yellow trim on the sleeves, collar and coattails.",0.7,491,1773016732.6209335,2026-03-09T01:38:52.620938,0.3132155835628509,0.4278752207756042,Llama-3.3-70B-Instruct,70000000000,wiki,161,8
"news: But Petipa fell ill while choreographing The Nutcracker and handed his duties over to his assistant, Lev Ivanov.",0.7,483,1773016783.869378,2026-03-09T01:39:43.869383,0.3263465762138366,0.4525322020053863,Llama-3.3-70B-Instruct,70000000000,news,162,8
"news: I wanted to be someone that the young dancers could look up to; I wanted to reach out and connect to them more, and to offer support and advice.",0.7,477,1773016835.2420547,2026-03-09T01:40:35.242061,0.3088767528533935,0.4367149770259857,Llama-3.3-70B-Instruct,70000000000,news,163,8
news: Plug the device into your network (you'll need a Cat5 cable).,0.7,494,1773016886.4161108,2026-03-09T01:41:26.416115,0.3243860900402069,0.4356876611709595,Llama-3.3-70B-Instruct,70000000000,news,164,8
"code: Explain what this code does:
def function_99(x): return x * 2",0.7,492,1773016937.602933,2026-03-09T01:42:17.602938,0.343093603849411,0.4621958136558532,Llama-3.3-70B-Instruct,70000000000,code,165,8
fiction: The gravitational force exerted by an object depends on its (Answer: C),0.7,493,1773016988.7896929,2026-03-09T01:43:08.789710,0.3402480781078338,0.4582067131996155,Llama-3.3-70B-Instruct,70000000000,fiction,166,8
news: We had the chance to talk to the thoughtful and eloquent dancer about her time with the company and goals for the future.,0.7,484,1773017040.0982206,2026-03-09T01:44:00.098232,0.3230834901332855,0.4466354250907898,Llama-3.3-70B-Instruct,70000000000,news,167,8
"news: Hoffmann, a German writer, penned the eerie and dark tale ""Nutcracker and Mouse King"" in 1816.",0.7,483,1773017091.2884786,2026-03-09T01:44:51.288483,0.3268673717975616,0.451713353395462,Llama-3.3-70B-Instruct,70000000000,news,168,8
wiki: It is diagnosed four to five times more often in males than females.,0.7,495,1773017142.4739878,2026-03-09T01:45:42.473992,0.3284877240657806,0.441204696893692,Llama-3.3-70B-Instruct,70000000000,wiki,169,8
"fiction: New engine technology has helped cars get more mileage per gallon of gas. Since gasoline comes from oil, this technology will affect the world supply of oil by (Answer: D)",0.7,474,1773017194.1244287,2026-03-09T01:46:34.124433,0.3083934485912323,0.4399738013744354,Llama-3.3-70B-Instruct,70000000000,fiction,170,8
wiki: A Literary History of Alabama: The Nineteenth Century (1979).,0.7,494,1773017245.4522707,2026-03-09T01:47:25.452299,0.3167065680027008,0.428742378950119,Llama-3.3-70B-Instruct,70000000000,wiki,171,8
wiki: References  External links    1910s neologisms Articles containing video clips Communication disorders Neurological disorders in children Pervasive developmental disorders Wikipedia medicine articles ready to translate,0.7,475,1773017296.8287697,2026-03-09T01:48:16.828782,0.3113841712474823,0.4430534541606903,Llama-3.3-70B-Instruct,70000000000,wiki,172,8
"wiki: The oldest institutions are the public University of North Alabama in Florence and the Catholic Church-affiliated Spring Hill College in Mobile, both founded in 1830.",0.7,478,1773017348.313807,2026-03-09T01:49:08.313813,0.3198890089988708,0.4497844278812408,Llama-3.3-70B-Instruct,70000000000,wiki,173,8
"wiki: Similar to other former slave states, Alabamian legislators employed Jim Crow laws to disenfranchise and discriminate against African Americans from the late 19th century up until the 1960s.",0.7,469,1773017399.9074445,2026-03-09T01:49:59.907453,0.3187309801578522,0.4597640037536621,Llama-3.3-70B-Instruct,70000000000,wiki,174,8
"wiki: Evolutionary tactics embrace nonviolence, reject violence and take a gradual approach to anarchist aims, although there is significant overlap between the two.",0.7,481,1773017451.9435234,2026-03-09T01:50:51.943528,0.3277215659618377,0.4556981921195984,Llama-3.3-70B-Instruct,70000000000,wiki,175,8
"code: Explain what this code does:
def function_42(x): return x * 2",0.7,492,1773017503.2859986,2026-03-09T01:51:43.286216,0.3465824723243713,0.4660709202289581,Llama-3.3-70B-Instruct,70000000000,code,176,8
"fiction: Two students are asked to make a chart on the electromagnetic spectrum. Reading left to right, one student's chart shows the spectrum from gamma rays to radio waves, while the other student's chart shows the opposite. If the teacher says that both charts are correct, then (Answer: B)",0.7,451,1773017555.1334229,2026-03-09T01:52:35.133433,0.2724579870700836,0.4202760457992553,Llama-3.3-70B-Instruct,70000000000,fiction,177,8
news: I was unable to login with that user.,0.7,500,1773017606.1511388,2026-03-09T01:53:26.151147,0.342951238155365,0.4530748128890991,Llama-3.3-70B-Instruct,70000000000,news,178,8
wiki: Other changes were made to implement representative state house and senate districts.,0.7,496,1773017657.2524133,2026-03-09T01:54:17.252423,0.3271185159683227,0.4379664361476898,Llama-3.3-70B-Instruct,70000000000,wiki,179,8
fiction: Which of the following is a trait that a dog does NOT inherit from its parents? (Answer: C),0.7,487,1773017708.9867787,2026-03-09T01:55:08.986783,0.32404825091362,0.4432299435138702,Llama-3.3-70B-Instruct,70000000000,fiction,180,9
fiction: Which planet has the longest planetary year? (Answer: D),0.7,496,1773017729.465557,2026-03-09T01:55:29.465562,0.3400635123252868,0.45282644033432,Llama-3.3-70B-Instruct,70000000000,fiction,181,9
"news: Installation The installation isn't terribly challenging, but does require a bit of typing.",0.7,493,1773017780.587716,2026-03-09T01:56:20.587722,0.3156263530254364,0.4266219735145569,Llama-3.3-70B-Instruct,70000000000,news,182,9
"wiki: In Reynolds v. Sims (1964), the U.S. Supreme Court implemented the principle of ""one man, one vote"", ruling that congressional districts had to be reapportioned based on censuses (as the state already included in its constitution but had not implemented.)",0.7,454,1773017832.2282286,2026-03-09T01:57:12.228233,0.2881931662559509,0.4386520981788635,Llama-3.3-70B-Instruct,70000000000,wiki,183,9
"wiki: According to an article, failure to meet any of the following milestones ""is an absolute indication to proceed with further evaluations.",0.7,485,1773017883.547115,2026-03-09T01:58:03.547120,0.3241073489189148,0.4479045867919922,Llama-3.3-70B-Instruct,70000000000,wiki,184,9
news: An open Java The one thing everyone agrees about Java is that it's imperfect.,0.7,493,1773017934.95829,2026-03-09T01:58:54.958294,0.325282484292984,0.4386193752288818,Llama-3.3-70B-Instruct,70000000000,news,185,9
"fiction: Franklin wants to know how fast he runs different distances. He uses a stopwatch to measure the time it takes him to complete a 50-meter, 100-meter, and 200-meter race. How can he calculate his speed for each race? (Answer: B)",0.7,455,1773017987.2495997,2026-03-09T01:59:47.249613,0.2948170900344848,0.4460424482822418,Llama-3.3-70B-Instruct,70000000000,fiction,186,9
"wiki: The record low of  occurred on January 30, 1966, in New Market.",0.7,490,1773018038.4786174,2026-03-09T02:00:38.478622,0.3442945778369903,0.4660099148750305,Llama-3.3-70B-Instruct,70000000000,wiki,187,9
"wiki: A 2016 survey in the United States reported a rate of 25 per 1,000 children for ASD.",0.7,485,1773018089.7779007,2026-03-09T02:01:29.777905,0.3252669870853424,0.4482106864452362,Llama-3.3-70B-Instruct,70000000000,wiki,188,9
"code: Explain what this code does:
def function_47(x): return x * 2",0.7,492,1773018141.011624,2026-03-09T02:02:21.011629,0.3471198081970215,0.4668377935886383,Llama-3.3-70B-Instruct,70000000000,code,189,9
"wiki: While it advocates for no-one to archiei, if accepted by the many, then anarchism would turn into the ruling political theory.",0.7,482,1773018192.983954,2026-03-09T02:03:12.983961,0.3077482283115387,0.4303168952465057,Llama-3.3-70B-Instruct,70000000000,wiki,190,9
"wiki: Anarchism employs a diversity of tactics in order to meet its ideal ends which can be broadly separated into revolutionary and evolutionary tactics; there is significant overlap between the two, which are merely descriptive.",0.7,470,1773018244.4477675,2026-03-09T02:04:04.447780,0.3057570457458496,0.4405260682106018,Llama-3.3-70B-Instruct,70000000000,wiki,191,9
"wiki: The Internet has helped autistic individuals bypass nonverbal cues and emotional sharing that they find difficult to deal with, and has given them a way to form online communities and work remotely.",0.7,473,1773018295.9234607,2026-03-09T02:04:55.923473,0.3033106327056885,0.4343401491641998,Llama-3.3-70B-Instruct,70000000000,wiki,192,9
wiki: Alabama ranks ninth in the number of deaths from lightning and tenth in the number of deaths from lightning strikes per capita.,0.7,486,1773018347.27585,2026-03-09T02:05:47.275855,0.3246002197265625,0.4464856088161468,Llama-3.3-70B-Instruct,70000000000,wiki,193,9
fiction: A company is designing a new laptop computer. The computer must not exceed a certain weight. Which of the following is the most likely reason to have a weight restriction for the computer? (Answer: C),0.7,468,1773018398.8462322,2026-03-09T02:06:38.846248,0.3085809350013733,0.4469430446624756,Llama-3.3-70B-Instruct,70000000000,fiction,194,9
"code: Explain what this code does:
def function_86(x): return x * 2",0.7,492,1773018450.1930163,2026-03-09T02:07:30.193021,0.3477888703346252,0.4676386713981628,Llama-3.3-70B-Instruct,70000000000,code,195,9
"wiki: Sleep problems are associated with difficult behaviors and family stress, and are often a focus of clinical attention over and above the primary ASD diagnosis.",0.7,482,1773018501.692068,2026-03-09T02:08:21.692072,0.3250925242900848,0.4513116776943207,Llama-3.3-70B-Instruct,70000000000,wiki,196,9
"wiki: Due to measurement constraints, it is often given for the spectrum in which most solar energy reaches the surface (between 0.3 and 3 μm).",0.7,477,1773018553.2141902,2026-03-09T02:09:13.214197,0.3164791464805603,0.4468564093112945,Llama-3.3-70B-Instruct,70000000000,wiki,197,9
"code: Explain what this code does:
def function_73(x): return x * 2",0.7,492,1773018604.598485,2026-03-09T02:10:04.598496,0.3464522361755371,0.4657202064990997,Llama-3.3-70B-Instruct,70000000000,code,198,9
wiki: One example of this massive influx of workers occurred in Mobile.,0.7,497,1773018655.8124783,2026-03-09T02:10:55.812487,0.3270961046218872,0.4381281435489654,Llama-3.3-70B-Instruct,70000000000,wiki,199,9
"code: Explain what this code does:
def function_95(x): return x * 2",0.7,492,1773018707.286952,2026-03-09T02:11:47.286957,0.3452498018741607,0.4646835923194885,Llama-3.3-70B-Instruct,70000000000,code,200,10
"code: Explain what this code does:
def function_63(x): return x * 2",0.7,492,1773018758.633144,2026-03-09T02:12:38.633148,0.3409651219844818,0.4592846632003784,Llama-3.3-70B-Instruct,70000000000,code,201,10
"wiki: Because the behavior spectrum is continuous, boundaries between diagnostic categories are necessarily somewhat arbitrary.",0.7,493,1773018810.061757,2026-03-09T02:13:30.061762,0.3351293206214905,0.4512749016284942,Llama-3.3-70B-Instruct,70000000000,wiki,202,10
fiction: Stars are often classified by their apparent brightness in the nighttime sky. Stars can also be classified in many other ways. Which of these is least useful in classifying stars? (Answer: C),0.7,470,1773018862.1183226,2026-03-09T02:14:22.118327,0.3162810206413269,0.4545658230781555,Llama-3.3-70B-Instruct,70000000000,fiction,203,10
"wiki: Behavioral, psychological, education, and/or skill-building interventions may be used to assist autistic people to learn life skills necessary for living independently, as well as other social, communication, and language skills.",0.7,470,1773018913.9519477,2026-03-09T02:15:13.951956,0.3029385805130005,0.4370281100273132,Llama-3.3-70B-Instruct,70000000000,wiki,204,10
"news: In a studio rehearsal for La Bayadère, Act II, no understudies are present, and any imperfection is pointed out by one of four coaches at the front of the room.",0.7,471,1773018965.531908,2026-03-09T02:16:05.531913,0.2921920418739319,0.4228575825691223,Llama-3.3-70B-Instruct,70000000000,news,205,10
wiki: A long tradition of Spanish anarchism led to anarchists playing a pivotal role in the war.,0.7,491,1773019017.4322033,2026-03-09T02:16:57.432208,0.3317488133907318,0.4492534697055816,Llama-3.3-70B-Instruct,70000000000,wiki,206,10
wiki: Various anarchist schools of thought formed during this period.,0.7,499,1773019068.552307,2026-03-09T02:17:48.552319,0.3430083394050598,0.4541575908660888,Llama-3.3-70B-Instruct,70000000000,wiki,207,10
wiki: South Alabama reports many thunderstorms.,0.7,502,1773019119.639007,2026-03-09T02:18:39.639023,0.3360194563865661,0.4428377449512481,Llama-3.3-70B-Instruct,70000000000,wiki,208,10
"wiki: Alabama's highest temperature of  was recorded on September 5, 1925, in the unincorporated community of Centerville.",0.7,481,1773019171.0089507,2026-03-09T02:19:31.008955,0.3281377553939819,0.4560785889625549,Llama-3.3-70B-Instruct,70000000000,wiki,209,10
fiction: Which conclusion is best supported by a tree-growth ring that is much narrower than the other growth rings? (Answer: B),0.7,483,1773019222.4094322,2026-03-09T02:20:22.409457,0.3130524158477783,0.434583306312561,Llama-3.3-70B-Instruct,70000000000,fiction,210,10
"news: According to Fullington, Pavel Gerdt, the dancer who created the role, was likely too old to dance the variation himself.",0.7,483,1773019273.7498758,2026-03-09T02:21:13.749881,0.319818764925003,0.4444891512393951,Llama-3.3-70B-Instruct,70000000000,news,211,10
news: There's a surprising twist to Regina Willoughby's last season with Columbia City Ballet: It's also her 18-year-old daughter Melina's first season with the company.,0.7,473,1773019325.193617,2026-03-09T02:22:05.193630,0.3096672892570495,0.4415940046310425,Llama-3.3-70B-Instruct,70000000000,news,212,10
"news: Also Robbins' Dances at a Gathering... there are so many, it's hard to choose!",0.7,489,1773019376.3974645,2026-03-09T02:22:56.397477,0.3125120401382446,0.4308786988258362,Llama-3.3-70B-Instruct,70000000000,news,213,10
"wiki: Friedrich Engels, considered to be one of the principal founders of Marxism, criticised anarchism's anti-authoritarianism as inherently counter-revolutionary because in his view a revolution is by itself authoritarian.",0.7,469,1773019427.9274747,2026-03-09T02:23:47.927480,0.3006962239742279,0.4362159967422485,Llama-3.3-70B-Instruct,70000000000,wiki,214,10
wiki: This had caused decades of underinvestment in such areas.,0.7,498,1773019479.0716913,2026-03-09T02:24:39.071701,0.3357801735401153,0.4505656957626343,Llama-3.3-70B-Instruct,70000000000,wiki,215,10
wiki: The principle of equal liberty is closer to anarchist political ethics in that it transcends both the liberal and socialist traditions.,0.7,486,1773019530.8643794,2026-03-09T02:25:30.864384,0.3143669366836548,0.4334193468093872,Llama-3.3-70B-Instruct,70000000000,wiki,216,10
"wiki: This compared to more than 181,000 African Americans eligible to vote in 1900.",0.7,490,1773019582.144226,2026-03-09T02:26:22.144231,0.3412721455097198,0.462578684091568,Llama-3.3-70B-Instruct,70000000000,wiki,217,10
"wiki: If Earth were frozen entirely (and hence be more reflective), the average temperature of the planet would drop below .",0.7,487,1773019633.5457437,2026-03-09T02:27:13.545748,0.3339910805225372,0.4563736021518707,Llama-3.3-70B-Instruct,70000000000,wiki,218,10
"wiki: Alabama's capital is Montgomery, and its largest city by population and area is Huntsville.",0.7,491,1773019684.9539654,2026-03-09T02:28:04.953974,0.3365124762058258,0.4544521570205688,Llama-3.3-70B-Instruct,70000000000,wiki,219,10
"news: Fortunately there's a solution, one that's incredibly simple.",0.7,497,1773019736.1535418,2026-03-09T02:28:56.153546,0.333490639925003,0.4452165365219116,Llama-3.3-70B-Instruct,70000000000,news,220,11
fiction: Which of the following is an observation about grasshoppers that a science class could have made on their nature walk? (Answer: B),0.7,481,1773019787.4801874,2026-03-09T02:29:47.480198,0.3216166794300079,0.4484808146953583,Llama-3.3-70B-Instruct,70000000000,fiction,221,11
"wiki: The state had 108,000 foreign-born (2.4% of the state population), of which an estimated 22.2% were undocumented (24,000).",0.7,474,1773019839.2884293,2026-03-09T02:30:39.288448,0.3119249939918518,0.445109099149704,Llama-3.3-70B-Instruct,70000000000,wiki,222,11
"wiki: During the second half of the 20th century, anarchism intermingled with the second wave of feminism, radicalising some currents of the feminist movement and being influenced as well.",0.7,472,1773019891.064277,2026-03-09T02:31:31.064333,0.3034075498580932,0.435950219631195,Llama-3.3-70B-Instruct,70000000000,wiki,223,11
fiction: Which statement describes a harmful effect of clearing rainforests for farmland? (Answer: B),0.7,489,1773019942.497977,2026-03-09T02:32:22.498001,0.3289963603019714,0.44739630818367,Llama-3.3-70B-Instruct,70000000000,fiction,224,11
"news: I won't have to worry about that so much now, and I can spend my day off roaming around and being inspired.",0.7,484,1773019993.8897889,2026-03-09T02:33:13.889809,0.3215108513832092,0.4441052973270416,Llama-3.3-70B-Instruct,70000000000,news,225,11
wiki: Alabama is one of the few places in the world that has a secondary tornado season in November and December besides the typically severe spring.,0.7,483,1773020045.452901,2026-03-09T02:34:05.452931,0.3254992365837097,0.4503732025623321,Llama-3.3-70B-Instruct,70000000000,wiki,226,11
"news: Depending on how you count, some 14 million Java programmers code today, with many of them paid well to maintain massive enterprise applications (an estimated 80% of enterprise workloads run on Java).",0.7,469,1773020097.1774106,2026-03-09T02:34:57.177421,0.2950319051742553,0.4292439520359039,Llama-3.3-70B-Instruct,70000000000,news,227,11
"wiki: Other aspects, such as atypical eating, are also common but are not essential for diagnosis.",0.7,490,1773020148.6190095,2026-03-09T02:35:48.619025,0.3364593982696533,0.4569664001464844,Llama-3.3-70B-Instruct,70000000000,wiki,228,11
wiki: The oldest Jewish congregation in the state is Congregation Sha'arai Shomayim in Mobile.,0.7,488,1773020199.8931904,2026-03-09T02:36:39.893199,0.327805608510971,0.4484488070011139,Llama-3.3-70B-Instruct,70000000000,wiki,229,11
fiction: Data in tables may also be presented in graphs. Which type of data would best be displayed on a circle graph? (Answer: D),0.7,481,1773020251.2859874,2026-03-09T02:37:31.285998,0.3166671097278595,0.4428542554378509,Llama-3.3-70B-Instruct,70000000000,fiction,230,11
"wiki: Even though many anarchists distanced themselves from these terrorist acts, infamy came upon the movement and attempts were made to exclude them from American immigration, including the Immigration Act of 1903, also called the Anarchist Exclusion Act.",0.7,461,1773020303.032985,2026-03-09T02:38:23.032995,0.2890578210353851,0.4309643507003784,Llama-3.3-70B-Instruct,70000000000,wiki,231,11
"wiki: Albedo–temperature feedback When an area's albedo changes due to snowfall, a snow–temperature feedback results.",0.7,485,1773020354.5576682,2026-03-09T02:39:14.557677,0.3299013376235962,0.4540639519691467,Llama-3.3-70B-Instruct,70000000000,wiki,232,11
"news: The piece features a commissioned score by Swedish composer Mikael Karlsson, which will be performed onstage by singer Anna von Hausswolff.",0.7,480,1773020406.2769573,2026-03-09T02:40:06.276962,0.3025948405265808,0.4281086027622223,Llama-3.3-70B-Instruct,70000000000,news,233,11
news: A Typical Day Students begin their days with an early 8 am technique class.,0.7,493,1773020457.4970088,2026-03-09T02:40:57.497017,0.3315931260585785,0.4463202357292175,Llama-3.3-70B-Instruct,70000000000,news,234,11
"wiki: In addition, there are currently five auxiliary interstate routes in the state: I-165 in Mobile, I-359 in Tuscaloosa, I-459 around Birmingham, I-565 in Decatur and Huntsville, and I-759 in Gadsden.",0.7,455,1773020509.1924322,2026-03-09T02:41:49.192445,0.2840911746025085,0.431647926568985,Llama-3.3-70B-Instruct,70000000000,wiki,235,11
"fiction: If a new moon occurred on June 2, when will the next new moon occur? (Answer: A)",0.7,486,1773020555.3728464,2026-03-09T02:42:35.372857,0.3400627672672272,0.464984267950058,Llama-3.3-70B-Instruct,70000000000,fiction,236,11
wiki: The city was moved to the current site of Mobile in 1711.,0.7,494,1773020606.5896246,2026-03-09T02:43:26.589635,0.3418414294719696,0.4577234089374542,Llama-3.3-70B-Instruct,70000000000,wiki,237,11
"wiki: Also, the Black Belt region across central Alabama ""is home to largely poor counties that are predominantly African-American.",0.7,487,1773020657.8691325,2026-03-09T02:44:17.869141,0.3179702162742615,0.4371664226055145,Llama-3.3-70B-Instruct,70000000000,wiki,238,11
wiki: The decision-making process of small anarchist affinity groups plays a significant tactical role.,0.7,494,1773020709.1365297,2026-03-09T02:45:09.136539,0.3315412402153015,0.4458167850971222,Llama-3.3-70B-Instruct,70000000000,wiki,239,11
fiction: Which of following is a property shared by the elements in the carbon family? (Answer: D),0.7,489,1773020760.6327617,2026-03-09T02:46:00.632769,0.3309752345085144,0.4502862095832824,Llama-3.3-70B-Instruct,70000000000,fiction,240,12
fiction: An engineer measured the time it takes sound to travel through samples of different materials. All of the samples were identical in shape and size. The measurements were made using ultrasonic waves with a frequency of 5 megahertz. Which question was the engineer most likely trying to answer? (Answer: A),0.7,448,1773020812.87076,2026-03-09T02:46:52.870765,0.284861147403717,0.4420981407165527,Llama-3.3-70B-Instruct,70000000000,fiction,241,12
"news: Johnathon Johnson put McNeight in a choke hold, and they threatened McNeight with the tire iron, and took the money, his wallet, and his cell phone.",0.7,473,1773020864.4741192,2026-03-09T02:47:44.474124,0.3047709465026855,0.4368497729301452,Llama-3.3-70B-Instruct,70000000000,news,242,12
wiki: Deeply shadowed cavities can achieve an effective albedo approaching the zero of a black body.,0.7,489,1773020915.8908317,2026-03-09T02:48:35.890837,0.3316867053508758,0.4518271088600158,Llama-3.3-70B-Instruct,70000000000,wiki,243,12
"wiki: ), autocratic religions (e.g., fundamentalist Islam, Roman Catholicism, etc.",0.7,491,1773020967.1383562,2026-03-09T02:49:27.138363,0.3056247234344482,0.4216266572475433,Llama-3.3-70B-Instruct,70000000000,wiki,244,12
"wiki: In 2002, Christian Koeberl with the Institute of Geochemistry University of Vienna published evidence and established the site as the 157th recognized impact crater on Earth.",0.7,473,1773021018.6475863,2026-03-09T02:50:18.647591,0.3064484000205993,0.4379698038101196,Llama-3.3-70B-Instruct,70000000000,wiki,245,12
wiki: Parents often notice signs during the first three years of their child's life.,0.7,494,1773021070.0653698,2026-03-09T02:51:10.065375,0.3340615034103393,0.4492832720279693,Llama-3.3-70B-Instruct,70000000000,wiki,246,12
"code: Explain what this code does:
def function_3(x): return x * 2",0.7,492,1773021121.5308774,2026-03-09T02:52:01.530891,0.3448799550533294,0.4642986357212066,Llama-3.3-70B-Instruct,70000000000,code,247,12
"wiki: Children with high-functioning autism have more intense and frequent loneliness compared to non-autistic peers, despite the common belief that autistic children prefer to be alone.",0.7,478,1773021173.15386,2026-03-09T02:52:53.153874,0.3254959881305694,0.4576077759265899,Llama-3.3-70B-Instruct,70000000000,wiki,248,12
"wiki: The agrarian Mississippian culture covered most of the state from 1000 to 1600 CE, with one of its major centers built at what is now the Moundville Archaeological Site in Moundville, Alabama.",0.7,461,1773021225.2161052,2026-03-09T02:53:45.216118,0.2945080399513244,0.4377728700637817,Llama-3.3-70B-Instruct,70000000000,wiki,249,12
wiki: Enlightenment challenges to intellectual authority (secular and religious) and the revolutions of the 1790s and 1848 all spurred the ideological development of what became the era of classical anarchism.,0.7,470,1773021276.9749188,2026-03-09T02:54:36.974931,0.2940858602523803,0.4263481199741363,Llama-3.3-70B-Instruct,70000000000,wiki,250,12
wiki: Anarchism and the state   Objection to the state and its institutions is a sine qua non of anarchism.,0.7,485,1773021328.475153,2026-03-09T02:55:28.475163,0.3140207231044769,0.4330578744411468,Llama-3.3-70B-Instruct,70000000000,wiki,251,12
"fiction: Photosynthesis is a process involving carbon dioxide, water, glucose, oxygen, and sunlight. Which is the correct chemical equation for photosynthesis? (Answer: D)",0.7,476,1773021380.0234594,2026-03-09T02:56:20.023473,0.3265957534313202,0.4600732028484344,Llama-3.3-70B-Instruct,70000000000,fiction,252,12
"news: Stay informed, click here to subscribe to the TechRepublic Cloud Insights newsletter.",0.7,494,1773021431.310294,2026-03-09T02:57:11.310306,0.3407442271709442,0.4571240246295929,Llama-3.3-70B-Instruct,70000000000,news,253,12
wiki: Gastrointestinal problems are one of the most commonly co-occurring medical conditions in autistic people.,0.7,489,1773021482.74905,2026-03-09T02:58:02.749063,0.3359565436840057,0.456274539232254,Llama-3.3-70B-Instruct,70000000000,wiki,254,12
news: This will be the fourth work by Ekman that The Joffrey has performed.,0.7,492,1773021534.2171535,2026-03-09T02:58:54.217160,0.3320263624191284,0.4486216306686401,Llama-3.3-70B-Instruct,70000000000,news,255,12
fiction: A ship leaks a large amount of oil near a coastal area. Which statement describes how the oil most likely will affect the coastal habitat? (Answer: B),0.7,477,1773021585.6923535,2026-03-09T02:59:45.692362,0.321377545595169,0.4523294866085052,Llama-3.3-70B-Instruct,70000000000,fiction,256,12
"code: Explain what this code does:
def function_0(x): return x * 2",0.7,492,1773021637.2938623,2026-03-09T03:00:37.293867,0.3459337055683136,0.464701771736145,Llama-3.3-70B-Instruct,70000000000,code,257,12
"wiki: Tourism and entertainment  According to Business Insider, Alabama ranked 14th in most popular states to visit in 2014.",0.7,484,1773021688.6836135,2026-03-09T03:01:28.683618,0.3303008079528808,0.4548836648464203,Llama-3.3-70B-Instruct,70000000000,wiki,258,12
"wiki: A component especially of individualist anarchism, philosophical anarchism may tolerate the existence of a minimal state but claims that citizens have no moral obligation to obey government when it conflicts with individual autonomy.",0.7,471,1773021740.5762284,2026-03-09T03:02:20.576233,0.3044347465038299,0.4376071095466614,Llama-3.3-70B-Instruct,70000000000,wiki,259,12
"news: Once she's mastered the pirouette she's been struggling with, she repeats the step over and over until the clock reaches 12 pm for lunch.",0.7,478,1773021792.243183,2026-03-09T03:03:12.243192,0.3125791251659393,0.4410842359066009,Llama-3.3-70B-Instruct,70000000000,news,260,13
"code: Explain what this code does:
def function_14(x): return x * 2",0.7,492,1773021843.600124,2026-03-09T03:04:03.600129,0.3404593467712402,0.4588046371936798,Llama-3.3-70B-Instruct,70000000000,code,261,13
"wiki: ), patriarchy, heterosexism, white supremacy, and imperialism.""",0.7,495,1773021894.9045658,2026-03-09T03:04:54.904576,0.3228713572025299,0.4359388053417206,Llama-3.3-70B-Instruct,70000000000,wiki,262,13
"news: Once again, the final screen links wouldn't work.",0.7,498,1773021946.144657,2026-03-09T03:05:46.144667,0.3316017985343933,0.4448009729385376,Llama-3.3-70B-Instruct,70000000000,news,263,13
"wiki: What is now the counties of Baldwin and Mobile became part of Spanish West Florida in 1783, part of the independent Republic of West Florida in 1810, and was finally added to the Mississippi Territory in 1812.",0.7,463,1773021998.001894,2026-03-09T03:06:38.001903,0.3008818626403808,0.4430621564388275,Llama-3.3-70B-Instruct,70000000000,wiki,264,13
"code: Explain what this code does:
def function_94(x): return x * 2",0.7,492,1773022049.4979446,2026-03-09T03:07:29.497953,0.34790700674057,0.467696338891983,Llama-3.3-70B-Instruct,70000000000,code,265,13
"code: Explain what this code does:
def function_80(x): return x * 2",0.7,492,1773022100.9436088,2026-03-09T03:08:20.943615,0.3413479328155517,0.4595524966716766,Llama-3.3-70B-Instruct,70000000000,code,266,13
news: So I returned to the IP address and was presented with a login screen.,0.7,494,1773022152.3928275,2026-03-09T03:09:12.392898,0.3305555284023285,0.4453317523002624,Llama-3.3-70B-Instruct,70000000000,news,267,13
"wiki: In the southern Gulf coast, snowfall is less frequent, sometimes going several years without any snowfall.",0.7,488,1773022203.8962357,2026-03-09T03:10:03.896270,0.3397145271301269,0.4633864760398865,Llama-3.3-70B-Instruct,70000000000,wiki,268,13
"wiki: In 1954, the U.S. Supreme Court ruled in Brown v. Board of Education that public schools had to be desegregated, but Alabama was slow to comply.",0.7,472,1773022255.610072,2026-03-09T03:10:55.610091,0.3140429556369781,0.4488864839076996,Llama-3.3-70B-Instruct,70000000000,wiki,269,13
"code: Explain what this code does:
def function_78(x): return x * 2",0.7,492,1773022307.1592617,2026-03-09T03:11:47.159284,0.3450179100036621,0.4639374315738678,Llama-3.3-70B-Instruct,70000000000,code,270,13
wiki: Robert Paul Wolff believed that the tension between authority and autonomy would mean the state could never be legitimate.,0.7,489,1773022358.614666,2026-03-09T03:12:38.614678,0.3393632769584656,0.4601784944534302,Llama-3.3-70B-Instruct,70000000000,wiki,271,13
fiction: How many times does Earth rotate on its axis in one day? (Answer: A),0.7,491,1773022410.0350726,2026-03-09T03:13:30.035093,0.3364388644695282,0.4556050598621368,Llama-3.3-70B-Instruct,70000000000,fiction,272,13
"code: Explain what this code does:
def function_38(x): return x * 2",0.7,492,1773022461.4756968,2026-03-09T03:14:21.475715,0.3447031080722809,0.4638387858867645,Llama-3.3-70B-Instruct,70000000000,code,273,13
"code: Explain what this code does:
def function_9(x): return x * 2",0.7,492,1773022512.7778776,2026-03-09T03:15:12.777887,0.3445800542831421,0.4633118212223053,Llama-3.3-70B-Instruct,70000000000,code,274,13
"code: Explain what this code does:
def function_26(x): return x * 2",0.7,492,1773022564.078879,2026-03-09T03:16:04.078897,0.3482793867588043,0.4679787755012512,Llama-3.3-70B-Instruct,70000000000,code,275,13
fiction: Which of the following statements best explains why magnets usually stick to a refrigerator door? (Answer: B),0.7,488,1773022615.4577577,2026-03-09T03:16:55.457766,0.3348511457443237,0.4560208916664123,Llama-3.3-70B-Instruct,70000000000,fiction,276,13
"wiki: Other spellings of the name have included Alibamu, Alabamo, Albama, Alebamon, Alibama, Alibamou, Alabamu, Allibamou.",0.7,468,1773022667.0807328,2026-03-09T03:17:47.080742,0.3104957044124603,0.4494332671165466,Llama-3.3-70B-Instruct,70000000000,wiki,277,13
"news: Starbucks in hand, they discuss their mutual love of food (particularly pasta and Japanese curry), the story behind the Cindy nickname and what it's like picking up contemporary choreography versus classical.",0.7,472,1773022718.6041348,2026-03-09T03:18:38.604141,0.2957943677902221,0.4263187348842621,Llama-3.3-70B-Instruct,70000000000,news,278,13
wiki: The available evidence does not rule out the possibility that autism's true prevalence has increased; a real increase would suggest directing more attention and funding toward psychosocial factors and changing environmental factors instead of continuing to focus on genetics.,0.7,465,1773022770.2680464,2026-03-09T03:19:30.268054,0.3049887418746948,0.4471266865730285,Llama-3.3-70B-Instruct,70000000000,wiki,279,13
fiction: Which would a scientist use in trying to model the cause of planetary years? (Answer: D),0.7,489,1773022821.6820953,2026-03-09T03:20:21.682102,0.3229593634605407,0.4406828582286834,Llama-3.3-70B-Instruct,70000000000,fiction,280,14
"fiction: In living things, smaller substances are linked to make up larger substances. Which of the following correctly describes a larger substance made by linking smaller substances? (Answer: A)",0.7,475,1773022873.022436,2026-03-09T03:21:13.022444,0.3070965111255646,0.4369224607944488,Llama-3.3-70B-Instruct,70000000000,fiction,281,14
"code: Explain what this code does:
def function_52(x): return x * 2",0.7,492,1773022924.1812952,2026-03-09T03:22:04.181300,0.3450551331043243,0.4643041789531708,Llama-3.3-70B-Instruct,70000000000,code,282,14
"wiki: Authority ultimately rests solely on power, regardless of whether that power is open or transparent, as it still has the ability to coerce people.",0.7,482,1773022975.5852883,2026-03-09T03:22:55.585298,0.3128521144390106,0.4356209933757782,Llama-3.3-70B-Instruct,70000000000,wiki,283,14
"code: Explain what this code does:
def function_96(x): return x * 2",0.7,492,1773023026.7927172,2026-03-09T03:23:46.792728,0.3456528782844543,0.4650756418704986,Llama-3.3-70B-Instruct,70000000000,code,284,14
"wiki: More than half of US children diagnosed with ASD are prescribed psychoactive drugs or anticonvulsants, with the most common drug classes being antidepressants, stimulants, and antipsychotics.",0.7,468,1773023078.5589862,2026-03-09T03:24:38.558995,0.3020972013473511,0.4389883279800415,Llama-3.3-70B-Instruct,70000000000,wiki,285,14
fiction: In which taxonomic group are organisms found that share the characteristic of storing hereditary material in a single loop of DNA? (Answer: A),0.7,480,1773023129.9762778,2026-03-09T03:25:29.976286,0.3300619423389435,0.4599450230598449,Llama-3.3-70B-Instruct,70000000000,fiction,286,14
"news: The white male with them was identified as Charles Edward Sinard, age 39, a transient.",0.7,489,1773023181.1676328,2026-03-09T03:26:21.167639,0.3192567229270935,0.4382846057415008,Llama-3.3-70B-Instruct,70000000000,news,287,14
"code: Explain what this code does:
def function_11(x): return x * 2",0.7,492,1773023232.4058895,2026-03-09T03:27:12.405899,0.3429826200008392,0.4611463844776153,Llama-3.3-70B-Instruct,70000000000,code,288,14
fiction: Rubbing sandpaper on a piece of wood produces what two types of energy? (Answer: B),0.7,488,1773023244.4675646,2026-03-09T03:27:24.467569,0.3382356166839599,0.4602169692516327,Llama-3.3-70B-Instruct,70000000000,fiction,289,14
"wiki: Its name in English is a (pronounced ), plural aes.",0.7,496,1773023295.5381122,2026-03-09T03:28:15.538118,0.3364426791667938,0.4485130310058594,Llama-3.3-70B-Instruct,70000000000,wiki,290,14
"news: It's not a story ballet per say, but there is a story from beginning to end.",0.7,490,1773023346.7407978,2026-03-09T03:29:06.740807,0.3142069876194,0.4292214810848236,Llama-3.3-70B-Instruct,70000000000,news,291,14
"wiki: This entails that liberty and equality cannot be implemented within the state, resulting in the questioning of all forms of domination and hierarchy.",0.7,484,1773023398.2391284,2026-03-09T03:29:58.239137,0.3349439799785614,0.461555540561676,Llama-3.3-70B-Instruct,70000000000,wiki,292,14
"wiki: CDC estimates about 1 out of 59 (1.7%) for 2014, an increase from 1 out of every 68 children (1.5%) for 2010.",0.7,469,1773023449.7269678,2026-03-09T03:30:49.726974,0.3115718364715576,0.4504721164703369,Llama-3.3-70B-Instruct,70000000000,wiki,293,14
"code: Explain what this code does:
def function_97(x): return x * 2",0.7,492,1773023501.0278218,2026-03-09T03:31:41.027831,0.3486018478870392,0.4683666825294494,Llama-3.3-70B-Instruct,70000000000,code,294,14
"wiki: In the last decades of the 20th and into the 21st century, the anarchist movement has been resurgent once more.",0.7,482,1773023552.2942214,2026-03-09T03:32:32.294226,0.3197078108787536,0.4441413283348083,Llama-3.3-70B-Instruct,70000000000,wiki,295,14
"news: ""One of the easiest ways to breach a company is to put somebody on the janitorial staff and go looking at desks,"" Rickard said.",0.7,479,1773023603.7090132,2026-03-09T03:33:23.709018,0.3118091821670532,0.4383125007152557,Llama-3.3-70B-Instruct,70000000000,news,296,14
wiki: The authors concluded that a longer duration of the diet may be necessary to achieve the improvement of the ASD symptoms.,0.7,487,1773023655.2161152,2026-03-09T03:34:15.216120,0.3160402178764343,0.4363300502300262,Llama-3.3-70B-Instruct,70000000000,wiki,297,14
"wiki: There are many anecdotal reports, but few systematic studies, of aggression and violence in individuals with ASD.",0.7,488,1773023706.6305068,2026-03-09T03:35:06.630521,0.333476185798645,0.4543606042861938,Llama-3.3-70B-Instruct,70000000000,wiki,298,14
wiki: The judiciary is responsible for interpreting the Constitution of Alabama and applying the law in state criminal and civil cases.,0.7,488,1773023758.115888,2026-03-09T03:35:58.115900,0.3389573693275451,0.4612214267253876,Llama-3.3-70B-Instruct,70000000000,wiki,299,14
wiki: It is used to define scattering of electromagnetic waves on small particles.,0.7,496,1773023809.4386942,2026-03-09T03:36:49.438709,0.3469718992710113,0.4619421064853668,Llama-3.3-70B-Instruct,70000000000,wiki,300,15
"news: Former Royal Danish Ballet artistic director Frank Andersen has been a guest teacher at the school since 2002, and was awarded a professorship in 2012.",0.7,477,1773023860.9638934,2026-03-09T03:37:40.963906,0.315167486667633,0.4461736679077148,Llama-3.3-70B-Instruct,70000000000,news,301,15
wiki: Masking may include making oneself perform normative facial expressions and eye contact.,0.7,494,1773023912.4817884,2026-03-09T03:38:32.481795,0.3345703184604645,0.4489763379096985,Llama-3.3-70B-Instruct,70000000000,wiki,302,15
wiki: This line of arguments most often calls for political action within the system to reform it.,0.7,492,1773023964.1028676,2026-03-09T03:39:24.102876,0.3016197085380554,0.415643960237503,Llama-3.3-70B-Instruct,70000000000,wiki,303,15
news: There are two key differences between SAR requests made under the Data Privacy Act and those made under GDPR: The cost and time frame.,0.7,483,1773024015.5728886,2026-03-09T03:40:15.572913,0.3260287046432495,0.451353907585144,Llama-3.3-70B-Instruct,70000000000,news,304,15
news: A BOLO was put out to local law enforcement on the vehicles.,0.7,495,1773024066.7517614,2026-03-09T03:41:06.751766,0.3135310411453247,0.4272265136241913,Llama-3.3-70B-Instruct,70000000000,news,305,15
"news: Stage Time Performance is the most important aspect of BDA students' professional development, with annual productions featuring classical ballets, contemporary works and student choreography.",0.7,478,1773024118.3760865,2026-03-09T03:41:58.376129,0.3114825189113617,0.438225120306015,Llama-3.3-70B-Instruct,70000000000,news,306,15
"news: NBoC's new work, titled Frame by Frame, will run June 1-10 in Toronto.",0.7,487,1773024169.834041,2026-03-09T03:42:49.834059,0.3225340843200683,0.4413715600967407,Llama-3.3-70B-Instruct,70000000000,news,307,15
wiki: The glint of light off water is a commonplace effect of this.,0.7,495,1773024221.0896082,2026-03-09T03:43:41.089623,0.3322413563728332,0.4466415047645569,Llama-3.3-70B-Instruct,70000000000,wiki,308,15
"wiki: Alabama has been identified as one of the most religious states in the United States, with about 58% of the population attending church regularly.",0.7,481,1773024272.5883074,2026-03-09T03:44:32.588318,0.3264956474304199,0.4545070827007293,Llama-3.3-70B-Instruct,70000000000,wiki,309,15
wiki: Variants also existed that were intermediate between the monumental and cursive styles.,0.7,494,1773024323.955422,2026-03-09T03:45:23.955432,0.3256454169750213,0.4395333528518677,Llama-3.3-70B-Instruct,70000000000,wiki,310,15
wiki: Anti-capitalism Anti-fascism Economic ideologies Left-wing politics Libertarian socialism Libertarianism Political culture Political movements Political ideologies Social theories Socialism Far-left politics,0.7,480,1773024375.4431565,2026-03-09T03:46:15.443167,0.3196374475955963,0.4467954337596893,Llama-3.3-70B-Instruct,70000000000,wiki,311,15
"code: Explain what this code does:
def function_71(x): return x * 2",0.7,492,1773024426.8001132,2026-03-09T03:47:06.800124,0.3432694971561432,0.4620593786239624,Llama-3.3-70B-Instruct,70000000000,code,312,15
"wiki: Sexual violence was a concern for anarchists such as Benjamin Tucker, who opposed age of consent laws, believing they would benefit predatory men.",0.7,483,1773024478.3701622,2026-03-09T03:47:58.370173,0.3244975805282593,0.4507274925708771,Llama-3.3-70B-Instruct,70000000000,wiki,313,15
"wiki: Typically, autism cannot be traced to a Mendelian (single-gene) mutation or to a single chromosome abnormality, and none of the genetic syndromes associated with ASDs have been shown to selectively cause ASD.",0.7,465,1773024530.0701013,2026-03-09T03:48:50.070112,0.2950443029403686,0.4329351186752319,Llama-3.3-70B-Instruct,70000000000,wiki,314,15
"code: Explain what this code does:
def function_74(x): return x * 2",0.7,492,1773024581.6024911,2026-03-09T03:49:41.602500,0.3414242565631866,0.4602600336074829,Llama-3.3-70B-Instruct,70000000000,code,315,15
news: Demarko Johnson and Johnathan Johnson were able to find McNeight at a gas station at Magnolia Beach Road and Thomas Drive.,0.7,481,1773024633.0976934,2026-03-09T03:50:33.097702,0.3148740828037262,0.4397443234920501,Llama-3.3-70B-Instruct,70000000000,news,316,15
"wiki: In May 2013, the DSM-5 was released, updating the classification for pervasive developmental disorders.",0.7,488,1773024684.4940906,2026-03-09T03:51:24.494097,0.3344615995883941,0.4566381871700287,Llama-3.3-70B-Instruct,70000000000,wiki,317,15
"code: Explain what this code does:
def function_98(x): return x * 2",0.7,492,1773024736.14512,2026-03-09T03:52:16.145129,0.3458049595355987,0.4652349352836609,Llama-3.3-70B-Instruct,70000000000,code,318,15
"wiki: While part of the same large language family, the Muskogee tribes developed distinct cultures and languages.",0.7,489,1773024787.5267682,2026-03-09T03:53:07.526773,0.3333978652954101,0.4532620906829834,Llama-3.3-70B-Instruct,70000000000,wiki,319,15
news: The AWS Certified Security - Specialty Exam is now available to those who hold either an Associate or Cloud Practitioner certification from AWS.,0.7,484,1773024839.0956578,2026-03-09T03:53:59.095664,0.3194067776203155,0.441631406545639,Llama-3.3-70B-Instruct,70000000000,news,320,16
wiki: Anarchism pays significant attention to moral arguments since ethics have a central role in anarchist philosophy.,0.7,490,1773024890.430751,2026-03-09T03:54:50.430760,0.3248544931411743,0.4416349232196808,Llama-3.3-70B-Instruct,70000000000,wiki,321,16
"wiki: Despite African Americans making up a significant minority in the state, they had been unable to elect any representatives in most of the at-large jurisdictions.",0.7,481,1773024933.288662,2026-03-09T03:55:33.288666,0.3112882375717163,0.4352610111236572,Llama-3.3-70B-Instruct,70000000000,wiki,322,16
"wiki: Epidemiology  As of 2007, reviews estimate a prevalence of 1–2 per 1,000 for autism and close to 6 per 1,000 for ASD.",0.7,471,1773024984.932561,2026-03-09T03:56:24.932571,0.3040882349014282,0.4371751546859741,Llama-3.3-70B-Instruct,70000000000,wiki,323,16
"news: Stay informed, click here to subscribe to the TechRepublic Cloud Insights newsletter.",0.7,494,1773025036.2753575,2026-03-09T03:57:16.275366,0.340533971786499,0.4564964473247528,Llama-3.3-70B-Instruct,70000000000,news,324,16
"wiki: The Hunt Refining Company, a subsidiary of Hunt Consolidated, Inc., is based in Tuscaloosa and operates a refinery there.",0.7,481,1773025087.6894307,2026-03-09T03:58:07.689440,0.3274227678775787,0.4557679891586303,Llama-3.3-70B-Instruct,70000000000,wiki,325,16
"news: James Dean Riles, the other transient, was unable to cash his fraudulent check at the first bank, and was taken by Clarence Suggs and Reginald Hughes to a second bank where he was successful.",0.7,466,1773025139.284492,2026-03-09T03:58:59.284498,0.2904292345046997,0.4259361028671264,Llama-3.3-70B-Instruct,70000000000,news,326,16
"wiki: NASA's Marshall Space Flight Center in Huntsville would help Alabama's economic growth in the mid-to-late 20th century, by developing an aerospace industry.",0.7,477,1773025190.8921268,2026-03-09T03:59:50.892136,0.3172022104263305,0.4491573870182037,Llama-3.3-70B-Instruct,70000000000,wiki,327,16
"code: Explain what this code does:
def function_25(x): return x * 2",0.7,492,1773025242.4994009,2026-03-09T04:00:42.499407,0.3411985635757446,0.4596289098262787,Llama-3.3-70B-Instruct,70000000000,code,328,16
"news: That's how SFB describes their upcoming tribute to Jerome Robbins, March 20-25.",0.7,490,1773025294.020926,2026-03-09T04:01:34.020934,0.3289580643177032,0.4468319416046142,Llama-3.3-70B-Instruct,70000000000,news,329,16
"wiki: Their values can differ significantly, which is a common source of confusion.",0.7,495,1773025345.5217922,2026-03-09T04:02:25.521801,0.3330974578857422,0.4485646784305572,Llama-3.3-70B-Instruct,70000000000,wiki,330,16
news: 1.,0.7,506,1773025396.7558002,2026-03-09T04:03:16.755811,0.3427698016166687,0.4479375183582306,Llama-3.3-70B-Instruct,70000000000,news,331,16
"wiki: Bryant–Denny Stadium is the home of the Alabama football team, and has a seating capacity of 101,821, and is the fifth largest stadium in America.",0.7,475,1773025448.3649082,2026-03-09T04:04:08.364913,0.3161673843860626,0.4480746686458587,Llama-3.3-70B-Instruct,70000000000,wiki,332,16
"wiki: Construction of an Airbus A320 family aircraft assembly plant in Mobile was formally announced by Airbus CEO Fabrice Brégier from the Mobile Convention Center on July 2, 2012.",0.7,472,1773025500.0244231,2026-03-09T04:05:00.024432,0.311555802822113,0.4459399580955505,Llama-3.3-70B-Instruct,70000000000,wiki,333,16
"news: Additionally, compliance and security whitepapers will also help prepare would-be test takers.",0.7,492,1773025551.4455934,2026-03-09T04:05:51.445599,0.3258226215839386,0.443460613489151,Llama-3.3-70B-Instruct,70000000000,news,334,16
news: The Bay County Sheriff’s Office announced the arrest of a local man on charges he committed sexual battery on a child.,0.7,486,1773025602.934441,2026-03-09T04:06:42.934446,0.3220016956329345,0.4430750906467438,Llama-3.3-70B-Instruct,70000000000,news,335,16
wiki: The current state constitution requires a voter referendum to raise property taxes.,0.7,496,1773025654.225392,2026-03-09T04:07:34.225406,0.3410847783088684,0.4548596441745758,Llama-3.3-70B-Instruct,70000000000,wiki,336,16
"wiki: At the end of the Roman Empire (5th century AD), several variants of the cursive minuscule developed through Western Europe.",0.7,482,1773025705.8387663,2026-03-09T04:08:25.838771,0.3240955770015716,0.4498472809791565,Llama-3.3-70B-Instruct,70000000000,wiki,337,16
"wiki: Maternal inflammatory and autoimmune diseases may damage fetal tissues, aggravating a genetic problem or damaging the nervous system.",0.7,487,1773025757.234321,2026-03-09T04:09:17.234330,0.319989413022995,0.439015120267868,Llama-3.3-70B-Instruct,70000000000,wiki,338,16
"wiki: In some years, it imposes more death sentences than does Texas, a state which has a population five times larger.",0.7,486,1773025808.5521069,2026-03-09T04:10:08.552112,0.3267837464809418,0.4502578377723694,Llama-3.3-70B-Instruct,70000000000,wiki,339,16
"news: It's part of my individuality,'"" he said.",0.7,498,1773025859.834808,2026-03-09T04:10:59.834814,0.3328859806060791,0.4472745060920715,Llama-3.3-70B-Instruct,70000000000,news,340,17
"wiki: By 1941 more Whites than Blacks had been disenfranchised: 600,000 to 520,000.",0.7,484,1773025911.4418511,2026-03-09T04:11:51.441860,0.3223938047885895,0.446026086807251,Llama-3.3-70B-Instruct,70000000000,wiki,341,17
"wiki: Water ports of Alabama, listed from north to south:  See also   Index of Alabama-related articles  Outline of Alabama—organized list of topics about Alabama  Notes  References  Further reading   Atkins, Leah Rawls, Wayne Flynt, William Warren Rogers, and David Ward.",0.7,452,1773025963.4806068,2026-03-09T04:12:43.480615,0.29401296377182,0.4493758082389831,Llama-3.3-70B-Instruct,70000000000,wiki,342,17
"news: The partnership is known for creatively intersecting design and dance; last summer they created a swimwear line based on Justin Peck costumes, and in November they presented their design-driven Nutcracker.",0.7,470,1773026015.0798025,2026-03-09T04:13:35.079809,0.2866609692573547,0.4172775149345398,Llama-3.3-70B-Instruct,70000000000,news,343,17
"news: The big takeaways for tech leaders: Qualcomm has unveiled the Snapdragon XR1 chip, which could bring high-quality AR and VR experiences to more users, at a lower cost.",0.7,474,1773026066.6275873,2026-03-09T04:14:26.627597,0.3141859471797943,0.4471115469932556,Llama-3.3-70B-Instruct,70000000000,news,344,17
wiki: The Etruscans brought the Greek alphabet to their civilization in the Italian Peninsula and left the letter unchanged.,0.7,487,1773026118.0737844,2026-03-09T04:15:18.073789,0.3355371057987213,0.4583589434623718,Llama-3.3-70B-Instruct,70000000000,wiki,345,17
news: P A men's classical Chinese dance class.,0.7,500,1773026169.4555943,2026-03-09T04:16:09.455599,0.332097053527832,0.4410285353660583,Llama-3.3-70B-Instruct,70000000000,news,346,17
"wiki: During and after World War II, Alabama grew as the state's economy diversified with new industries.",0.7,490,1773026220.7671971,2026-03-09T04:17:00.767203,0.3317672312259674,0.4500851631164551,Llama-3.3-70B-Instruct,70000000000,wiki,347,17
"fiction: Based on their locations in the periodic table, which element has chemical properties most similar to those of calcium, Ca? (Answer: A)",0.7,481,1773026272.2023072,2026-03-09T04:17:52.202317,0.3230328261852264,0.4500093460083008,Llama-3.3-70B-Instruct,70000000000,fiction,348,17
news: BDA does participate in exchange programs with ballet schools around the world.,0.7,495,1773026323.5458837,2026-03-09T04:18:43.545893,0.3283760845661163,0.4408623874187469,Llama-3.3-70B-Instruct,70000000000,news,349,17
wiki: Preempted diagnoses.,0.7,504,1773026374.8209443,2026-03-09T04:19:34.820951,0.3416288495063782,0.4471747279167175,Llama-3.3-70B-Instruct,70000000000,wiki,350,17
wiki: Many autistic individuals have been successful in their fields.,0.7,499,1773026426.259838,2026-03-09T04:20:26.259847,0.3512072563171386,0.4634332954883575,Llama-3.3-70B-Instruct,70000000000,wiki,351,17
"news: Photo by Paul Kolnik, Courtesy New York City Ballet.",0.7,497,1773026477.4453962,2026-03-09T04:21:17.445401,0.3376946449279785,0.4507017731666565,Llama-3.3-70B-Instruct,70000000000,news,352,17
news: We had our first workshop four years ago.,0.7,500,1773026528.859904,2026-03-09T04:22:08.859909,0.3336116373538971,0.442557543516159,Llama-3.3-70B-Instruct,70000000000,news,353,17
"fiction: A scientist put several different plants in a sealed container. Every hour, she checked the oxygen in the container to see if it changed. How did the oxygen in the container most likely change? (Answer: A)",0.7,466,1773026580.507208,2026-03-09T04:23:00.507217,0.296047180891037,0.4331591725349426,Llama-3.3-70B-Instruct,70000000000,fiction,354,17
fiction: Which of these is an example of liquid water? (Answer: C),0.7,494,1773026631.948953,2026-03-09T04:23:51.948957,0.3439616858959198,0.4608902633190155,Llama-3.3-70B-Instruct,70000000000,fiction,355,17
"news: During the first round, the final screen was blank.",0.7,498,1773026683.171841,2026-03-09T04:24:43.171852,0.3277528584003448,0.437246024608612,Llama-3.3-70B-Instruct,70000000000,news,356,17
"news: I approached him about doing a different project a long time ago, and he said ""well, maybe that's not the correct project.""",0.7,482,1773026734.5481236,2026-03-09T04:25:34.548132,0.3041835725307464,0.4252079129219055,Llama-3.3-70B-Instruct,70000000000,news,357,17
"wiki: Although popularly used as an alternative treatment for autistic people, as of 2018 there is no good evidence to recommend a gluten- and casein-free diet as a standard treatment.",0.7,472,1773026786.1227474,2026-03-09T04:26:26.122756,0.3065652549266815,0.4396144449710846,Llama-3.3-70B-Instruct,70000000000,wiki,358,17
fiction: An astronomer is studying two stars that are the same distance from Earth. Star X appears brighter than star Y. Which statement best explains this observation? (Answer: A),0.7,474,1773026837.627576,2026-03-09T04:27:17.627581,0.3171771764755249,0.4503920376300812,Llama-3.3-70B-Instruct,70000000000,fiction,359,17
"wiki: Of the parks and natural destinations, Alabama's Gulf Coast topped the list with 6,700,000 visitors.",0.7,486,1773026889.003791,2026-03-09T04:28:09.003802,0.3307491540908813,0.4533182680606842,Llama-3.3-70B-Instruct,70000000000,wiki,360,18
"code: Explain what this code does:
def function_4(x): return x * 2",0.7,492,1773026940.223595,2026-03-09T04:29:00.223604,0.3428331911563873,0.4609326124191284,Llama-3.3-70B-Instruct,70000000000,code,361,18
"wiki: Other members of the executive branch include the cabinet, the lieutenant governor of Alabama, the Attorney General of Alabama, the Alabama Secretary of State, the Alabama State Treasurer, and the State Auditor of Alabama.",0.7,469,1773026991.8135865,2026-03-09T04:29:51.813595,0.3113158941268921,0.4491357207298279,Llama-3.3-70B-Instruct,70000000000,wiki,362,18
"code: Explain what this code does:
def function_16(x): return x * 2",0.7,492,1773027043.1838603,2026-03-09T04:30:43.183871,0.3455537259578705,0.4646936655044555,Llama-3.3-70B-Instruct,70000000000,code,363,18
"code: Explain what this code does:
def function_55(x): return x * 2",0.7,492,1773027094.565225,2026-03-09T04:31:34.565236,0.3483799397945404,0.4682823121547699,Llama-3.3-70B-Instruct,70000000000,code,364,18
"news: ""This is not Shakespeare's Midsummer,"" says Joffrey Ballet artistic director Ashley Wheater.",0.7,489,1773027145.8758616,2026-03-09T04:32:25.875876,0.3250836431980133,0.4427464008331299,Llama-3.3-70B-Instruct,70000000000,news,365,18
"news: SEE: Virtual and augmented reality policy (Tech Pro Research) The XR1 features an ARM-based multi-core CPU, a vector processor, a GPU, and a dedicated AI engine for on-board processing.",0.7,469,1773027197.7238915,2026-03-09T04:33:17.723904,0.2955489158630371,0.4278366565704345,Llama-3.3-70B-Instruct,70000000000,news,366,18
"wiki: Health In 2018, life expectancy in Alabama was 75.1 years, below the national average of 78.7 years and is the third lowest life expectancy in the country.",0.7,471,1773027249.3574443,2026-03-09T04:34:09.357449,0.3135067522525787,0.4492731094360351,Llama-3.3-70B-Instruct,70000000000,wiki,367,18
"wiki: In music, anarchism has been associated with music scenes such as punk.",0.7,494,1773027301.017885,2026-03-09T04:35:01.017900,0.3301824927330017,0.4430370032787323,Llama-3.3-70B-Instruct,70000000000,wiki,368,18
"wiki: Radar Albedos of Solar System Objects  The values reported for the Moon, Mercury, Mars, Venus, and Comet P/2005 JQ5 are derived from the total (OC+SC) radar albedo reported in those references.",0.7,460,1773027352.785215,2026-03-09T04:35:52.785229,0.2809809148311615,0.420161485671997,Llama-3.3-70B-Instruct,70000000000,wiki,369,18
news: Each appliance is a single board computer (based on the Raspberry Pi).,0.7,495,1773027404.328082,2026-03-09T04:36:44.328094,0.3266978561878204,0.4393879175186157,Llama-3.3-70B-Instruct,70000000000,news,370,18
wiki: Notes  The Talladega Superspeedway motorsports complex hosts a series of NASCAR events.,0.7,489,1773027455.909768,2026-03-09T04:37:35.909781,0.3204942941665649,0.4370635151863098,Llama-3.3-70B-Instruct,70000000000,wiki,371,18
news: Pei Yu learned Over Glow from Elo himself.,0.7,499,1773027506.9997108,2026-03-09T04:38:26.999715,0.3147207796573639,0.421757161617279,Llama-3.3-70B-Instruct,70000000000,news,372,18
"news: The notes were incomplete and difficult to read, yet Sergeyev persisted, and The Nutcracker made it to the stage.",0.7,484,1773027558.314928,2026-03-09T04:39:18.314937,0.3133927881717682,0.4344561100006103,Llama-3.3-70B-Instruct,70000000000,news,373,18
wiki: Rural workers poured into the largest cities in the state for better jobs and a higher standard of living.,0.7,489,1773027609.6393547,2026-03-09T04:40:09.639359,0.3146507441997528,0.4309383034706116,Llama-3.3-70B-Instruct,70000000000,wiki,374,18
wiki: The Ceremonial Complex represents a major component of the religion of the Mississippian peoples; it is one of the primary means by which their religion is understood.,0.7,475,1773027661.007763,2026-03-09T04:41:01.007767,0.3179259300231933,0.4503912031650543,Llama-3.3-70B-Instruct,70000000000,wiki,375,18
fiction: Four materials are put into small containers. These materials are then moved from the small containers into larger containers. Which material will spread out to completely fill a larger container? (Answer: A),0.7,471,1773027712.4956732,2026-03-09T04:41:52.495690,0.3160729110240936,0.452804833650589,Llama-3.3-70B-Instruct,70000000000,fiction,376,18
"wiki: After 1890, a coalition of White Democratic politicians passed laws to segregate and disenfranchise African American residents, a process completed in provisions of the 1901 constitution.",0.7,473,1773027764.0651555,2026-03-09T04:42:44.065165,0.3110716044902801,0.4452145397663116,Llama-3.3-70B-Instruct,70000000000,wiki,377,18
"code: Explain what this code does:
def function_82(x): return x * 2",0.7,492,1773027815.2671914,2026-03-09T04:43:35.267200,0.3452516496181488,0.4642229974269867,Llama-3.3-70B-Instruct,70000000000,code,378,18
"wiki: Some anarchists distanced themselves from this line of thinking, suggesting that it leaned towards an individualism that was dropping the cause of social liberation.",0.7,481,1773027866.5820186,2026-03-09T04:44:26.582024,0.3173165917396545,0.4435767829418182,Llama-3.3-70B-Instruct,70000000000,wiki,379,18
wiki: Some changes at the county level have occurred following court challenges to establish single-member districts that enable a more diverse representation among county boards.,0.7,483,1773027918.5336697,2026-03-09T04:45:18.533678,0.3211201131343841,0.444681853055954,Llama-3.3-70B-Instruct,70000000000,wiki,380,19
"news: Data is money.""",0.7,505,1773027969.535883,2026-03-09T04:46:09.535892,0.3558639883995056,0.463422417640686,Llama-3.3-70B-Instruct,70000000000,news,381,19
fiction: Stars are organized into patterns called constellations. One constellation is named Leo. Which statement best explains why Leo appears in different areas of the sky throughout the year? (Answer: A),0.7,471,1773028021.2130065,2026-03-09T04:47:01.213013,0.3157783448696136,0.4525604248046875,Llama-3.3-70B-Instruct,70000000000,fiction,382,19
fiction: Which is a nonrenewable resource? (Answer: A),0.7,495,1773028037.5112295,2026-03-09T04:47:17.511234,0.3492878973484039,0.465732604265213,Llama-3.3-70B-Instruct,70000000000,fiction,383,19
wiki: Intellectual disability.,0.7,506,1773028088.4452472,2026-03-09T04:48:08.445256,0.3614145219326019,0.4699412584304809,Llama-3.3-70B-Instruct,70000000000,wiki,384,19
"wiki: An estimated 26 million tourists visited the state in 2017 and spent $14.3 billion, providing directly or indirectly 186,900 jobs in the state, which includes 362,000 International tourists spending $589 million.",0.7,462,1773028140.2164726,2026-03-09T04:49:00.216477,0.2953529059886932,0.4388366937637329,Llama-3.3-70B-Instruct,70000000000,wiki,385,19
"code: Explain what this code does:
def function_72(x): return x * 2",0.7,492,1773028191.4437497,2026-03-09T04:49:51.443754,0.3446076214313507,0.4637770354747772,Llama-3.3-70B-Instruct,70000000000,code,386,19
"fiction: Students studying membranes conducted an experiment using labeled paper cups filled with varying concentrations of red food coloring. After the experiment, the cups were empty and stained. What should be done with used cups? (Answer: C)",0.7,466,1773028243.1869812,2026-03-09T04:50:43.186986,0.3054529726505279,0.4454671740531921,Llama-3.3-70B-Instruct,70000000000,fiction,387,19
"code: Explain what this code does:
def function_75(x): return x * 2",0.7,492,1773028294.418905,2026-03-09T04:51:34.418914,0.3427838683128357,0.460999846458435,Llama-3.3-70B-Instruct,70000000000,code,388,19
wiki: A study following the burning of the Kuwaiti oil fields during Iraqi occupation showed that temperatures under the burning oil fires were as much as  colder than temperatures several miles away under clear skies.,0.7,472,1773028319.9822006,2026-03-09T04:51:59.982205,0.308279275894165,0.4417164623737335,Llama-3.3-70B-Instruct,70000000000,wiki,389,19
"wiki: Edmundson says that while the individual does not owe the state a duty of obedience, this does not imply that anarchism is the inevitable conclusion and the state is still morally legitimate.",0.7,473,1773028371.542968,2026-03-09T04:52:51.542977,0.3031496703624725,0.4343175888061523,Llama-3.3-70B-Instruct,70000000000,wiki,390,19
"news: For example, one online retailer Rickard works with has many customers from the EU, but can't geolocate them from the website.",0.7,481,1773028422.9290097,2026-03-09T04:53:42.929016,0.3006372153759002,0.4222132563591003,Llama-3.3-70B-Instruct,70000000000,news,391,19
wiki: The suffix -ism denotes the ideological current that favours anarchy.,0.7,495,1773028474.2439067,2026-03-09T04:54:34.243939,0.3370556533336639,0.4506708681583404,Llama-3.3-70B-Instruct,70000000000,wiki,392,19
"news: Balletomanes felt the work to be uneven, and lamented the lack of a main ballerina in the first act.",0.7,483,1773028525.7911074,2026-03-09T04:55:25.791140,0.3087571561336517,0.4318330883979797,Llama-3.3-70B-Instruct,70000000000,news,393,19
news: This can be especially overwhelming when you have a larger IT department and a staff working on numerous projects at once.,0.7,487,1773028577.240631,2026-03-09T04:56:17.240640,0.3213351666927337,0.4410032033920288,Llama-3.3-70B-Instruct,70000000000,news,394,19
fiction: Two elements in the same group on the Periodic Table of the Elements are most similar in their (Answer: D),0.7,485,1773028628.7251902,2026-03-09T04:57:08.725199,0.3293192684650421,0.4530805051326751,Llama-3.3-70B-Instruct,70000000000,fiction,395,19
"wiki: In 2018, Mobile's Mardi Gras parade was the state's top event, producing the most tourists with an attendance of 892,811.",0.7,477,1773028675.2661464,2026-03-09T04:57:55.266157,0.319475919008255,0.4507925808429718,Llama-3.3-70B-Instruct,70000000000,wiki,396,19
fiction: Which property of a mineral can be determined just by looking at it? (Answer: A),0.7,490,1773028726.676365,2026-03-09T04:58:46.676375,0.3276447355747223,0.445240318775177,Llama-3.3-70B-Instruct,70000000000,fiction,397,19
"news: Using the tag information, investigators were able to learn the two vehicles were rentals and eventually identified the four men from Atlanta.",0.7,485,1773028778.225716,2026-03-09T04:59:38.225725,0.317771166563034,0.4396039545536041,Llama-3.3-70B-Instruct,70000000000,news,398,19
"wiki: Individual symptoms of autism occur in the general population and appear not to associate highly, without a sharp line separating pathologically severe from common traits.",0.7,481,1773028829.6454854,2026-03-09T05:00:29.645490,0.3258038163185119,0.4537612199783325,Llama-3.3-70B-Instruct,70000000000,wiki,399,19
wiki: Two common optical albedos that are used in astronomy are the (V-band) geometric albedo (measuring brightness when illumination comes from directly behind the observer) and the Bond albedo (measuring total proportion of electromagnetic energy reflected).,0.7,461,1773028881.4718058,2026-03-09T05:01:21.471814,0.2999299466609955,0.4449522495269775,Llama-3.3-70B-Instruct,70000000000,wiki,400,20
news: Her undying passion for these pieces is incredibly inspiring.,0.7,498,1773028932.5060074,2026-03-09T05:02:12.506019,0.3409678637981415,0.4541462957859039,Llama-3.3-70B-Instruct,70000000000,news,401,20
"wiki: They were followed by the major currents of social anarchism (collectivist, communist and syndicalist).",0.7,488,1773028983.720386,2026-03-09T05:03:03.720397,0.3354533016681671,0.45756995677948,Llama-3.3-70B-Instruct,70000000000,wiki,402,20
"code: Explain what this code does:
def function_92(x): return x * 2",0.7,492,1773029034.9143977,2026-03-09T05:03:54.914406,0.3411596715450287,0.459164023399353,Llama-3.3-70B-Instruct,70000000000,code,403,20
news: I want to walk you through the installation of one such tool: Trac.,0.7,493,1773029086.277563,2026-03-09T05:04:46.277573,0.3416436910629272,0.4600138366222381,Llama-3.3-70B-Instruct,70000000000,news,404,20
"wiki: , Alabama has the sixth highest poverty rate among states in the U.S.",0.7,494,1773029137.4770708,2026-03-09T05:05:37.477077,0.3411876857280731,0.4584437608718872,Llama-3.3-70B-Instruct,70000000000,wiki,405,20
"wiki: Of those who indicated a religious preference, 59% said they possessed a ""full understanding"" of their faith and needed no further learning.",0.7,481,1773029188.8947318,2026-03-09T05:06:28.894741,0.315225601196289,0.4413968324661255,Llama-3.3-70B-Instruct,70000000000,wiki,406,20
"code: Explain what this code does:
def function_33(x): return x * 2",0.7,492,1773029240.1593094,2026-03-09T05:07:20.159314,0.3472690880298614,0.4668857157230377,Llama-3.3-70B-Instruct,70000000000,code,407,20
"code: Explain what this code does:
def function_57(x): return x * 2",0.7,492,1773029291.5335553,2026-03-09T05:08:11.533560,0.3495725691318512,0.4697504639625549,Llama-3.3-70B-Instruct,70000000000,code,408,20
wiki: (A Birmingham city ordinance would have raised theirs to $10.10.),0.7,494,1773029343.048839,2026-03-09T05:09:03.048845,0.3252524137496948,0.4391154646873474,Llama-3.3-70B-Instruct,70000000000,wiki,409,20
"wiki: However, there are no correspondingly similar words in the Alabama language.",0.7,495,1773029394.3744228,2026-03-09T05:09:54.374432,0.3432334065437317,0.4594307541847229,Llama-3.3-70B-Instruct,70000000000,wiki,410,20
fiction: The male insects in a population are treated to prevent sperm production. Would this reduce this insect population? (Answer: C),0.7,484,1773029445.777083,2026-03-09T05:10:45.777087,0.3353747427463531,0.4618703424930572,Llama-3.3-70B-Instruct,70000000000,fiction,411,20
"wiki: With the rise of organised hierarchical bodies, scepticism toward authority also rose.",0.7,494,1773029497.048834,2026-03-09T05:11:37.048845,0.3380272090435028,0.4536978900432586,Llama-3.3-70B-Instruct,70000000000,wiki,412,20
fiction: George wants to warm his hands quickly by rubbing them. Which skin surface will produce the most heat? (Answer: A),0.7,484,1773029548.4229257,2026-03-09T05:12:28.422934,0.3244734108448028,0.4476785063743591,Llama-3.3-70B-Instruct,70000000000,fiction,413,20
"wiki: However, the link to climate change has not been explored to date and it is unclear whether or not this represents an ongoing trend.",0.7,483,1773029599.857126,2026-03-09T05:13:19.857131,0.3142962157726288,0.4387188255786896,Llama-3.3-70B-Instruct,70000000000,wiki,414,20
"wiki: There was also a cursive style used for everyday or utilitarian writing, which was done on more perishable surfaces.",0.7,485,1773029651.2003305,2026-03-09T05:14:11.200341,0.3161294162273407,0.4376685321331024,Llama-3.3-70B-Instruct,70000000000,wiki,415,20
"code: Explain what this code does:
def function_2(x): return x * 2",0.7,492,1773029702.4952414,2026-03-09T05:15:02.495252,0.3461647927761078,0.4659782648086548,Llama-3.3-70B-Instruct,70000000000,code,416,20
fiction: Why do areas in the middle of a large continent generally have more extreme differences in temperature than areas near the coastline? (Answer: D),0.7,481,1773029753.9973776,2026-03-09T05:15:53.997387,0.3288393020629883,0.4570443630218506,Llama-3.3-70B-Instruct,70000000000,fiction,417,20
news: Many thought that the story was too light compared to historically based stories.,0.7,495,1773029805.4302914,2026-03-09T05:16:45.430300,0.3278431296348572,0.4400641918182373,Llama-3.3-70B-Instruct,70000000000,news,418,20
"wiki: In contemporary anarchism, this current survives as a tendency to support polyamory and queer anarchism.",0.7,488,1773029856.73342,2026-03-09T05:17:36.733426,0.3183527886867523,0.4367589652538299,Llama-3.3-70B-Instruct,70000000000,wiki,419,20
"wiki: The grouping of disorders, including PDD-NOS, autism, Asperger syndrome, Rett syndrome, and CDD, has been removed and replaced with the general term of Autism Spectrum Disorders.",0.7,469,1773029908.474905,2026-03-09T05:18:28.474914,0.3088828027248382,0.4468208253383636,Llama-3.3-70B-Instruct,70000000000,wiki,420,21
news: Pro tip: The heel is centered under the body so you can feel confident and stable!,0.7,491,1773029959.604874,2026-03-09T05:19:19.604883,0.3224824070930481,0.4383989870548248,Llama-3.3-70B-Instruct,70000000000,news,421,21
wiki: The Alabama Alcoholic Beverage Control Board controls the sale and distribution of alcoholic beverages in the state.,0.7,490,1773030010.865773,2026-03-09T05:20:10.865779,0.3246205747127533,0.4408878087997436,Llama-3.3-70B-Instruct,70000000000,wiki,422,21
"wiki: Numerous candidate genes have been located, with only small effects attributable to any particular gene.",0.7,492,1773030062.2975914,2026-03-09T05:21:02.297601,0.3307815194129944,0.4482378363609314,Llama-3.3-70B-Instruct,70000000000,wiki,423,21
news: The dancers currently have little information about the search process and plans to move forward.,0.7,493,1773030113.7507026,2026-03-09T05:21:53.750709,0.3315501511096954,0.4478124380111694,Llama-3.3-70B-Instruct,70000000000,news,424,21
fiction: What do earthquakes tell scientists about the history of the planet? (Answer: B),0.7,492,1773030165.0107474,2026-03-09T05:22:45.010752,0.3415398001670837,0.4597953557968139,Llama-3.3-70B-Instruct,70000000000,fiction,425,21
wiki: This coincided with its failure to gain traction in Northern Europe and its unprecedented height in Latin America.,0.7,489,1773030216.4503002,2026-03-09T05:23:36.450305,0.3249252438545227,0.4449194073677063,Llama-3.3-70B-Instruct,70000000000,wiki,426,21
fiction: Puddles on a sidewalk are evaporating quickly. What most likely causes the puddles to evaporate? (Answer: A),0.7,482,1773030267.8855827,2026-03-09T05:24:27.885591,0.3320169746875763,0.4601142108440399,Llama-3.3-70B-Instruct,70000000000,fiction,427,21
news: After almost 20 years there are countless things.,0.7,499,1773030318.9760268,2026-03-09T05:25:18.976038,0.3300329148769378,0.4398945569992065,Llama-3.3-70B-Instruct,70000000000,news,428,21
"wiki: In Alabama, majority-white districts are now expected to regularly elect Republican candidates to federal, state and local office.",0.7,487,1773030370.3348374,2026-03-09T05:26:10.334842,0.3275863230228424,0.4487528502941131,Llama-3.3-70B-Instruct,70000000000,wiki,429,21
fiction: What characteristic of DNA results in cell differentiation in developing embryos? (Answer: C),0.7,492,1773030421.7670074,2026-03-09T05:27:01.767017,0.3387289941310882,0.4567800164222717,Llama-3.3-70B-Instruct,70000000000,fiction,430,21
"wiki: The total effects were greater on the black community, as almost all its citizens were disfranchised and relegated to separate and unequal treatment under the law.",0.7,479,1773030473.1188688,2026-03-09T05:27:53.118879,0.329793244600296,0.4619129300117492,Llama-3.3-70B-Instruct,70000000000,wiki,431,21
wiki: The current governor is Republican Kay Ivey.,0.7,500,1773030524.1428576,2026-03-09T05:28:44.142869,0.3476421535015106,0.4591660499572754,Llama-3.3-70B-Instruct,70000000000,wiki,432,21
wiki: Contemporary news coverage which emphasizes black bloc demonstrations has reinforced anarchism's historical association with chaos and violence.,0.7,489,1773030575.4319432,2026-03-09T05:29:35.431954,0.3253194391727447,0.444018542766571,Llama-3.3-70B-Instruct,70000000000,wiki,433,21
"fiction: In a food pyramid, which best explains why the number of organisms decreases from one trophic level to the next? (Answer: B)",0.7,480,1773030626.838799,2026-03-09T05:30:26.838813,0.3213677406311035,0.4491178691387176,Llama-3.3-70B-Instruct,70000000000,fiction,434,21
"news: Snowflakes of the original cast, ""The Nutcracker"" at the Mariinsky Theatre, 1892.",0.7,485,1773030678.205765,2026-03-09T05:31:18.205779,0.3273520767688751,0.4509980976581573,Llama-3.3-70B-Instruct,70000000000,news,435,21
fiction: The following mathematical expressions represent four different concentrations of a chemical solution to be used in a science experiment. Which one is equal in magnitude to 1/1000? (Answer: C),0.7,471,1773030729.8379734,2026-03-09T05:32:09.837987,0.3175827264785766,0.4548172652721405,Llama-3.3-70B-Instruct,70000000000,fiction,436,21
wiki: No babbling by 12 months.,0.7,501,1773030781.0333152,2026-03-09T05:33:01.033329,0.3451592624187469,0.454465389251709,Llama-3.3-70B-Instruct,70000000000,wiki,437,21
"code: Explain what this code does:
def function_56(x): return x * 2",0.7,492,1773030832.5271106,2026-03-09T05:33:52.527125,0.3466637134552002,0.4661915600299835,Llama-3.3-70B-Instruct,70000000000,code,438,21
"code: Explain what this code does:
def function_36(x): return x * 2",0.7,492,1773030884.0053625,2026-03-09T05:34:44.005375,0.3412261605262756,0.4591687023639679,Llama-3.3-70B-Instruct,70000000000,code,439,21
fiction: A chemical property of a mineral is evident if the mineral (Answer: 2),0.7,492,1773030935.551473,2026-03-09T05:35:35.551485,0.3402497172355652,0.4591045379638672,Llama-3.3-70B-Instruct,70000000000,fiction,440,22
"news: Sun Jie, a coach and men's teacher at BDA since 2008, explains how introducing works from Western choreographers has broadened the overall abilities of Chinese ballet dancers.",0.7,472,1773030987.0819118,2026-03-09T05:36:27.081918,0.298090785741806,0.429043710231781,Llama-3.3-70B-Instruct,70000000000,news,441,22
news: The victim was interviewed at Gulf Coast Children’s Advocacy Center.,0.7,496,1773031038.2906144,2026-03-09T05:37:18.290623,0.3367279171943664,0.4505684971809387,Llama-3.3-70B-Instruct,70000000000,news,442,22
"wiki: The Legislature is responsible for writing, debating, passing, or defeating state legislation.",0.7,493,1773031089.585133,2026-03-09T05:38:09.585137,0.346145749092102,0.4647571742534637,Llama-3.3-70B-Instruct,70000000000,wiki,443,22
"news: ""It's not just a few ballet steps here and there; he asks you to fully engage with yourself, not only as a dancer but as an actor and a person.""",0.7,474,1773031141.113829,2026-03-09T05:39:01.113833,0.2969393730163574,0.427149087190628,Llama-3.3-70B-Instruct,70000000000,news,444,22
"wiki: Alabama English is predominantly Southern, and is related to South Midland speech which was taken across the border from Tennessee.",0.7,486,1773031192.5117047,2026-03-09T05:39:52.511711,0.3281685709953308,0.4500104188919067,Llama-3.3-70B-Instruct,70000000000,wiki,445,22
"news: The EU's General Data Protection Regulation (GDPR) went into effect in May, requiring all organizations that handle the data of EU citizens to comply with its provisions regarding collecting and using personal data.",0.7,470,1773031244.066491,2026-03-09T05:40:44.066500,0.3026144504547119,0.4365964233875274,Llama-3.3-70B-Instruct,70000000000,news,446,22
wiki: Autism rights or neurodiversity advocates believe that the autism spectrum is genetic and should be accepted as a natural expression of the human genome.,0.7,481,1773031295.4798114,2026-03-09T05:41:35.479820,0.3217257559299469,0.4474683403968811,Llama-3.3-70B-Instruct,70000000000,wiki,447,22
news: The registration fee is $300.,0.7,502,1773031346.5004735,2026-03-09T05:42:26.500478,0.3300331532955169,0.435901403427124,Llama-3.3-70B-Instruct,70000000000,news,448,22
"news: This time around, everything went smoothly and I was able to log into the Gitstorage interface (Figure B).",0.7,487,1773031397.8785985,2026-03-09T05:43:17.878607,0.3213231265544891,0.4405242502689361,Llama-3.3-70B-Instruct,70000000000,news,449,22
"wiki: Unusual eating behavior occurs in about three-quarters of children with ASD, to the extent that it was formerly a diagnostic indicator.",0.7,484,1773031449.4176288,2026-03-09T05:44:09.417635,0.3222224712371826,0.4448975026607513,Llama-3.3-70B-Instruct,70000000000,wiki,450,22
"news: Over the past two decades, Java has arguably been the most successful programming language on the planet.",0.7,490,1773031500.591828,2026-03-09T05:45:00.591837,0.3226531744003296,0.4387148022651672,Llama-3.3-70B-Instruct,70000000000,news,451,22
"wiki: The state legislature has retained power over local governments by refusing to pass a constitutional amendment establishing home rule for counties, as recommended by the 1973 Alabama Constitutional Commission.",0.7,476,1773031552.0033312,2026-03-09T05:45:52.003340,0.3115430474281311,0.4414006173610687,Llama-3.3-70B-Instruct,70000000000,wiki,452,22
"wiki: The rural bias of the state legislature, which had also failed to redistrict seats in the state house, affected politics well into the 20th century, failing to recognize the rise of industrial cities and urbanized areas.",0.7,465,1773031603.5089917,2026-03-09T05:46:43.509001,0.2932697832584381,0.4315212666988373,Llama-3.3-70B-Instruct,70000000000,wiki,453,22
"wiki: Clouds keep Earth cool by reflecting sunlight, but they can also serve as blankets to trap warmth.""",0.7,489,1773031654.8976555,2026-03-09T05:47:34.897662,0.3352446556091308,0.4557311534881592,Llama-3.3-70B-Instruct,70000000000,wiki,454,22
"wiki: Critics argue that Alabama's constitution maintains highly centralized power with the state legislature, leaving practically no power in local hands.",0.7,486,1773031706.2750156,2026-03-09T05:48:26.275024,0.3223287463188171,0.4434824585914612,Llama-3.3-70B-Instruct,70000000000,wiki,455,22
"code: Explain what this code does:
def function_76(x): return x * 2",0.7,492,1773031757.6546557,2026-03-09T05:49:17.654661,0.3449716866016388,0.4643300473690033,Llama-3.3-70B-Instruct,70000000000,code,456,22
"wiki: Ferrer's approach was secular, rejecting both state and church involvement in the educational process whilst giving pupils large amounts of autonomy in planning their work and attendance.",0.7,478,1773031809.168039,2026-03-09T05:50:09.168043,0.3113261759281158,0.4383097290992737,Llama-3.3-70B-Instruct,70000000000,wiki,457,22
"fiction: As part of an experiment, an astronaut takes a scale to the Moon and weighs himself. The scale reads 31 pounds. If the astronaut has a mass of about 84 kilograms, which are the approximate weight and mass of the astronaut when standing on the Earth? (Answer: D)",0.7,451,1773031861.3165228,2026-03-09T05:51:01.316527,0.283869981765747,0.4359505176544189,Llama-3.3-70B-Instruct,70000000000,fiction,458,22
"wiki: Since the mid- to late 20th century, however, white conservatives started shifting to the Republican Party.",0.7,487,1773031912.6792345,2026-03-09T05:51:52.679243,0.3340016305446625,0.4565891921520233,Llama-3.3-70B-Instruct,70000000000,wiki,459,22
"news: 1892 ""Nutcracker"" costume sketch by Ivan Vsevolozhsky of the Sugar Plum Fairy's retinue.",0.7,482,1773031964.3836253,2026-03-09T05:52:44.383634,0.319027841091156,0.443652868270874,Llama-3.3-70B-Instruct,70000000000,news,460,23
news: What parts of your life outside of ballet do you most look forward to cultivating now that you'll have more time on your hands?,0.7,483,1773032015.787896,2026-03-09T05:53:35.787905,0.3288305103778839,0.454447865486145,Llama-3.3-70B-Instruct,70000000000,news,461,23
news: NYCB's Brittany Pollack and Chase Finlay in the grand pas de deux toe slide.,0.7,490,1773032067.008333,2026-03-09T05:54:27.008342,0.3275339305400848,0.445883959531784,Llama-3.3-70B-Instruct,70000000000,news,462,23
"code: Explain what this code does:
def function_40(x): return x * 2",0.7,492,1773032118.340526,2026-03-09T05:55:18.340530,0.3425703644752502,0.4608929455280304,Llama-3.3-70B-Instruct,70000000000,code,463,23
"news: Some days you might not feel good about yourself, or things in your body might not be working well—every day is different.",0.7,483,1773032169.7172036,2026-03-09T05:56:09.717226,0.3159621059894562,0.4397661983966827,Llama-3.3-70B-Instruct,70000000000,news,464,23
"code: Explain what this code does:
def function_20(x): return x * 2",0.7,492,1773032220.968981,2026-03-09T05:57:00.968985,0.3438957929611206,0.4626401662826538,Llama-3.3-70B-Instruct,70000000000,code,465,23
news: Could some of us be out of a job?,0.7,499,1773032272.0890207,2026-03-09T05:57:52.089025,0.3508506715297699,0.4636319279670715,Llama-3.3-70B-Instruct,70000000000,news,466,23
"wiki: For instance, Birmingham and Jefferson County taxes had supplied one-third of the state budget, but Jefferson County received only 1/67th of state services in funding.",0.7,476,1773032323.5156257,2026-03-09T05:58:43.515638,0.3095087707042694,0.4400594830513,Llama-3.3-70B-Instruct,70000000000,wiki,467,23
"wiki: In geometry, capital A, B, C etc.",0.7,498,1773032374.9291506,2026-03-09T05:59:34.929162,0.3473279178142547,0.4606696665287018,Llama-3.3-70B-Instruct,70000000000,wiki,468,23
wiki: European settlement  The Spanish were the first Europeans to reach Alabama during their exploration of North America in the 16th century.,0.7,484,1773032426.2904687,2026-03-09T06:00:26.290473,0.3298684656620025,0.4542741179466247,Llama-3.3-70B-Instruct,70000000000,wiki,469,23
"fiction: Many common hand tools create a mechanical advantage by using the basic principles found in simple machines. For example, a screwdriver uses the principles of the wheel and axle. In order to increase gripping force, pliers use the principle demonstrated in the (Answer: B)",0.7,456,1773032448.9302452,2026-03-09T06:00:48.930259,0.2864279448986053,0.4335340559482574,Llama-3.3-70B-Instruct,70000000000,fiction,470,23
"news: The ethereal twinkling sound in the Sugar Plum Fairy's solo comes from the celesta, a rare instrument Tchaikovsky heard in France.",0.7,479,1773032500.4331696,2026-03-09T06:01:40.433176,0.3215003311634063,0.4514550864696502,Llama-3.3-70B-Instruct,70000000000,news,471,23
"wiki: They wrote another constitution in 1875, and the legislature passed the Blaine Amendment, prohibiting public money from being used to finance religious-affiliated schools.",0.7,478,1773032552.0538604,2026-03-09T06:02:32.053869,0.310804009437561,0.4381726384162903,Llama-3.3-70B-Instruct,70000000000,wiki,472,23
"wiki: In the Sasanian Empire, Mazdak called for an egalitarian society and the abolition of monarchy, only to be soon executed by Emperor Kavad I.",0.7,476,1773032603.670842,2026-03-09T06:03:23.670846,0.31269371509552,0.44242724776268,Llama-3.3-70B-Instruct,70000000000,wiki,473,23
"wiki: Functional friendships, such as those resulting in invitations to parties, may affect the quality of life more deeply.",0.7,488,1773032655.2825336,2026-03-09T06:04:15.282538,0.3220877945423126,0.4415251910686493,Llama-3.3-70B-Instruct,70000000000,wiki,474,23
"wiki: Because light specularly reflected from water does not usually reach the viewer, water is usually considered to have a very low albedo in spite of its high reflectivity at high angles of incident light.",0.7,470,1773032707.3668313,2026-03-09T06:05:07.366836,0.3036234080791473,0.4396210312843323,Llama-3.3-70B-Instruct,70000000000,wiki,475,23
"wiki: As it appeals to both emotion and reason, art could appeal to the whole human and have a powerful effect.",0.7,487,1773032759.3207457,2026-03-09T06:05:59.320754,0.3190179169178009,0.4396639466285705,Llama-3.3-70B-Instruct,70000000000,wiki,476,23
"wiki: In addition, Alabama produces aerospace and electronic products, mostly in the Huntsville area, the location of NASA's George C. Marshall Space Flight Center and the U.S. Army Materiel Command, headquartered at Redstone Arsenal.",0.7,464,1773032811.250492,2026-03-09T06:06:51.250498,0.3043653964996338,0.4469115436077118,Llama-3.3-70B-Instruct,70000000000,wiki,477,23
"wiki: Through many countries, individualist anarchism attracted a small yet diverse following of Bohemian artists and intellectuals as well as young anarchist outlaws in what became known as illegalism and individual reclamation.",0.7,469,1773032862.9082675,2026-03-09T06:07:42.908277,0.2965145111083984,0.4305442273616791,Llama-3.3-70B-Instruct,70000000000,wiki,478,23
"code: Explain what this code does:
def function_77(x): return x * 2",0.7,492,1773032914.416746,2026-03-09T06:08:34.416751,0.334429919719696,0.4517691433429718,Llama-3.3-70B-Instruct,70000000000,code,479,23
news: Dumas even cheered up the name of the protagonist.,0.7,498,1773032965.6074424,2026-03-09T06:09:25.607453,0.3301520049571991,0.4399265944957733,Llama-3.3-70B-Instruct,70000000000,news,480,24
fiction: Cells are the basic unit of structure and function in all living organisms. Which describes the greatest difference between the cells of a baby gorilla and the cells of an adult gorilla? (Answer: A),0.7,468,1773033017.5002778,2026-03-09T06:10:17.500288,0.3040018081665039,0.4411384761333465,Llama-3.3-70B-Instruct,70000000000,fiction,481,24
"wiki: A total of 387 schools, seven teachers' houses, and several vocational buildings were completed by 1937 in the state.",0.7,483,1773033068.9595678,2026-03-09T06:11:08.959577,0.3077936768531799,0.4288618564605713,Llama-3.3-70B-Instruct,70000000000,wiki,482,24
"wiki: Bakunin saw the state as meaning ""coercion, domination by means of coercion, camouflaged if possible but unceremonious and overt if need be.""",0.7,474,1773033120.9516332,2026-03-09T06:12:00.951642,0.3163282871246338,0.4497922360897064,Llama-3.3-70B-Instruct,70000000000,wiki,483,24
"wiki: After bitter disputes, the Bakuninists were expelled from the International by the Marxists at the 1872 Hague Congress.",0.7,483,1773033172.6190913,2026-03-09T06:12:52.619098,0.3211730122566223,0.4451508224010467,Llama-3.3-70B-Instruct,70000000000,wiki,484,24
"news: Investigators now believe that four black males came from Atlanta to the Destin area on October 1, 2017, and rented two vehicles.",0.7,480,1773033224.1162417,2026-03-09T06:13:44.116251,0.314152181148529,0.4395215511322021,Llama-3.3-70B-Instruct,70000000000,news,485,24
wiki: Greater Birmingham is Alabama's largest metropolitan area and its economic center.,0.7,496,1773033275.2879405,2026-03-09T06:14:35.287945,0.3386386036872864,0.4517734050750732,Llama-3.3-70B-Instruct,70000000000,wiki,486,24
fiction: A fold observed in layers of sedimentary rock most likely resulted from the (Answer: B),0.7,490,1773033326.6759984,2026-03-09T06:15:26.676003,0.3390538692474365,0.4594679176807403,Llama-3.3-70B-Instruct,70000000000,fiction,487,24
"fiction: In the carbon cycle, carbon moves from reservoir to reservoir as various organic and inorganic processes occur on Earth. Only a small percentage of the global carbon is moved in this cycle each year. The remaining carbon is stored in these reservoirs. Which reservoir contains the greatest amount of stored carbon? (Answer: D)",0.7,446,1773033346.427539,2026-03-09T06:15:46.427545,0.278205007314682,0.436028242111206,Llama-3.3-70B-Instruct,70000000000,fiction,488,24
news: San Francisco Ballet Honors Robbins Mysterious; romantic; witty; electrifying.,0.7,493,1773033397.6869571,2026-03-09T06:16:37.686965,0.3321001827716827,0.4468501508235931,Llama-3.3-70B-Instruct,70000000000,news,489,24
"wiki: In two of the studies, whose duration was 12 and 24 months, a significant improvement in ASD symptoms (efficacy rate 50%) was identified.",0.7,476,1773033449.4668164,2026-03-09T06:17:29.466821,0.3086372911930084,0.4375534057617187,Llama-3.3-70B-Instruct,70000000000,wiki,490,24
fiction: Which geologic process most likely led to the uplifting of the Rocky Mountains? (Answer: C),0.7,489,1773033500.811404,2026-03-09T06:18:20.811408,0.3387699425220489,0.4605774283409118,Llama-3.3-70B-Instruct,70000000000,fiction,491,24
"news: Building a slide deck, pitch, or presentation?",0.7,499,1773033552.057036,2026-03-09T06:19:12.057041,0.349302738904953,0.4608999788761139,Llama-3.3-70B-Instruct,70000000000,news,492,24
"wiki: Since a direct connection from I-22 to I-422 will not be possible, I-222 has been proposed, as well.",0.7,482,1773033603.4754846,2026-03-09T06:20:03.475496,0.319186806678772,0.4432510733604431,Llama-3.3-70B-Instruct,70000000000,wiki,493,24
"code: Explain what this code does:
def function_65(x): return x * 2",0.7,492,1773033655.0622633,2026-03-09T06:20:55.062272,0.3448483347892761,0.4638035893440246,Llama-3.3-70B-Instruct,70000000000,code,494,24
"wiki: Unlike with autism, people with Asperger syndrome have no substantial delay in language development.",0.7,491,1773033706.4444227,2026-03-09T06:21:46.444429,0.3245665729045868,0.4404880404472351,Llama-3.3-70B-Instruct,70000000000,wiki,495,24
"wiki: Anarchism's emphasis on anti-capitalism, egalitarianism, and for the extension of community and individuality sets it apart from anarcho-capitalism and other types of economic libertarianism.",0.7,469,1773033758.260641,2026-03-09T06:22:38.260650,0.3182558119297027,0.4590096771717071,Llama-3.3-70B-Instruct,70000000000,wiki,496,24
"wiki: The first anarchist currents developed throughout the 18th century as William Godwin espoused philosophical anarchism in England, morally delegitimising the state, Max Stirner's thinking paved the way to individualism and Pierre-Joseph Proudhon's theory of mutualism found fertile soil in France.",0.7,447,1773033810.5947297,2026-03-09T06:23:30.594754,0.2719058096408844,0.4253888726234436,Llama-3.3-70B-Instruct,70000000000,wiki,497,24
"news: ""It's a kind of otherworldly dream,"" says Wheater.",0.7,494,1773033861.9914258,2026-03-09T06:24:21.991431,0.3338463306427002,0.4487901628017425,Llama-3.3-70B-Instruct,70000000000,news,498,24
"wiki: Alabama's 67 county sheriffs are elected in partisan, at-large races, and Democrats still retain the narrow majority of those posts.",0.7,482,1773033913.5102403,2026-03-09T06:25:13.510251,0.3170103430747986,0.4412978291511535,Llama-3.3-70B-Instruct,70000000000,wiki,499,24
wiki: Both derive from the majuscule (capital) form.,0.7,497,1773033964.7511055,2026-03-09T06:26:04.751111,0.3385256230831146,0.450021356344223,Llama-3.3-70B-Instruct,70000000000,wiki,500,25
"news: The research was truly enriching, because I realized how wonderful of a person he was as well, which dictates how we share his personal life onstage.",0.7,479,1773034016.1889951,2026-03-09T06:26:56.189007,0.2966100573539734,0.4199143648147583,Llama-3.3-70B-Instruct,70000000000,news,501,25
wiki: It was the only state to allow judges to override jury decisions in whether or not to use a death sentence; in 10 cases judges overturned sentences of life imprisonment without parole that were voted unanimously by juries.,0.7,467,1773034067.7788606,2026-03-09T06:27:47.778866,0.2969866991043091,0.4340406656265259,Llama-3.3-70B-Instruct,70000000000,wiki,502,25
"wiki: In 2009, Bryant–Denny Stadium and Jordan-Hare Stadium became the homes of the Alabama High School Athletic Association state football championship games, after previously being held at Legion Field in Birmingham.",0.7,469,1773034119.555058,2026-03-09T06:28:39.555062,0.2917596101760864,0.4239017367362976,Llama-3.3-70B-Instruct,70000000000,wiki,503,25
"wiki: JVC America, Inc. operates an optical disc replication and packaging plant in Tuscaloosa.",0.7,489,1773034170.95937,2026-03-09T06:29:30.959374,0.3259858191013336,0.4436094164848327,Llama-3.3-70B-Instruct,70000000000,wiki,504,25
"news: Although many have won awards at international competitions, the school does not actively focus on competing.",0.7,491,1773034222.26432,2026-03-09T06:30:22.264333,0.3159045875072479,0.4301086366176605,Llama-3.3-70B-Instruct,70000000000,news,505,25
"fiction: Lactose intolerance is a condition of the digestive system in which an individual has an inability to digest lactose, the sugar found in milk. An individual affected with lactose intolerance does not produce enough of the enzyme lactase, which is needed to break down lactose. If more adults than children are diagnosed with lactose intolerance, what does this most likely suggest? (Answer: A)",0.7,430,1773034274.7238324,2026-03-09T06:31:14.723839,0.2794666290283203,0.434428334236145,Llama-3.3-70B-Instruct,70000000000,fiction,506,25
"code: Explain what this code does:
def function_64(x): return x * 2",0.7,492,1773034325.996896,2026-03-09T06:32:05.996905,0.370592325925827,0.4720488786697387,Llama-3.3-70B-Instruct,70000000000,code,507,25
fiction: Which of the following is an example of a physical change? (Answer: B),0.7,492,1773034377.280331,2026-03-09T06:32:57.280336,0.3721683025360107,0.4729893803596496,Llama-3.3-70B-Instruct,70000000000,fiction,508,25
"news: Fortunately, I was sent two devices, so I unplugged the first (a GS-16) and plugged in the second (a GS-64).",0.7,478,1773034428.9780252,2026-03-09T06:33:48.978032,0.327110081911087,0.4363186955451965,Llama-3.3-70B-Instruct,70000000000,news,509,25
"news: OEMs like Meta, VIVE, Vuzix, and Picoare are already building on the XR1 platform, the release said.",0.7,480,1773034480.3822975,2026-03-09T06:34:40.382308,0.3289718925952911,0.4361862242221832,Llama-3.3-70B-Instruct,70000000000,news,510,25
"wiki: In Basra, religious sects preached against the state.",0.7,497,1773034531.459833,2026-03-09T06:35:31.459844,0.3581274449825287,0.453013151884079,Llama-3.3-70B-Instruct,70000000000,wiki,511,25
"news: Photo by Paul Kolnik, Courtesy NYCB.",0.7,499,1773034582.6366415,2026-03-09T06:36:22.636650,0.3665198981761932,0.4595036506652832,Llama-3.3-70B-Instruct,70000000000,news,512,25
fiction: A toothpaste commercial states that a brand of toothpaste has a higher concentration of fluoride than any other toothpaste available. The commercial is most likely inferring that the advertised toothpaste (Answer: C),0.7,468,1773034634.3414035,2026-03-09T06:37:14.341412,0.3439908027648926,0.4676322042942047,Llama-3.3-70B-Instruct,70000000000,fiction,513,25
"code: Explain what this code does:
def function_48(x): return x * 2",0.7,492,1773034685.7601528,2026-03-09T06:38:05.760162,0.3732720911502838,0.4743476510047912,Llama-3.3-70B-Instruct,70000000000,code,514,25
wiki: Anarchism appears in English from 1642 as anarchisme and anarchy from 1539; early English usages emphasised a sense of disorder.,0.7,477,1773034737.4138677,2026-03-09T06:38:57.413872,0.3412298262119293,0.453375369310379,Llama-3.3-70B-Instruct,70000000000,wiki,515,25
news: We've pulled together some highlights.,0.7,502,1773034788.479006,2026-03-09T06:39:48.479011,0.3694392442703247,0.4605638980865478,Llama-3.3-70B-Instruct,70000000000,news,516,25
"wiki: Jordan-Hare Stadium is the home field of the Auburn football team and seats up to 87,451.",0.7,487,1773034839.993499,2026-03-09T06:40:39.993504,0.3596918880939483,0.4646311104297638,Llama-3.3-70B-Instruct,70000000000,wiki,517,25
"wiki: The Alabama Fever land rush was underway when the state was admitted to the Union, with settlers and land speculators pouring into the state to take advantage of fertile land suitable for cotton cultivation.",0.7,472,1773034891.4415412,2026-03-09T06:41:31.441552,0.3454038202762604,0.464927613735199,Llama-3.3-70B-Instruct,70000000000,wiki,518,25
"news: The Royal Swedish Ballet in Alexander Ekman's ""Midsummer Night's Dream.""",0.7,493,1773034942.7591977,2026-03-09T06:42:22.759207,0.3605181872844696,0.4585772156715393,Llama-3.3-70B-Instruct,70000000000,news,519,25
"wiki: Terminology and distinction from schizophrenia  As late as the mid-1970s there was little evidence of a genetic role in autism, while in 2007 it was believed to be one of the most heritable psychiatric conditions.",0.7,463,1773034994.817432,2026-03-09T06:43:14.817437,0.3253121078014374,0.4506522715091705,Llama-3.3-70B-Instruct,70000000000,wiki,520,26
"wiki: The way these hacktivists work to develop and distribute resembles the anarchist ideals, especially when it comes to preserving users' privacy from state surveillance.",0.7,480,1773035046.2163846,2026-03-09T06:44:06.216390,0.3578408360481262,0.4711697399616241,Llama-3.3-70B-Instruct,70000000000,wiki,521,26
wiki: The Marxist criticism of anarchism is that it has a utopian character because all individuals should have anarchist views and values.,0.7,485,1773035097.9968314,2026-03-09T06:44:57.996845,0.3378562331199646,0.4408815205097198,Llama-3.3-70B-Instruct,70000000000,wiki,522,26
"wiki: A 2018 review concluded that it may be a therapeutic option for specific groups of children with autism, such as those with known food intolerances or allergies, or with food intolerance markers.",0.7,471,1773035149.7375436,2026-03-09T06:45:49.737556,0.3365184664726257,0.4555754661560058,Llama-3.3-70B-Instruct,70000000000,wiki,523,26
"wiki: Among those who find work, most are employed in sheltered settings working for wages below the national minimum.",0.7,488,1773035201.0768704,2026-03-09T06:46:41.076885,0.3504276275634765,0.4537792205810547,Llama-3.3-70B-Instruct,70000000000,wiki,524,26
"news: Artists of the Ballet in rehearsal for ""Frame by Frame.""",0.7,497,1773035252.2930174,2026-03-09T06:47:32.293030,0.3721273839473724,0.4674656391143799,Llama-3.3-70B-Instruct,70000000000,news,525,26
"news: ""GDPR closes all those gaps,"" he added.",0.7,498,1773035303.7563276,2026-03-09T06:48:23.756342,0.3678096234798431,0.4632502496242523,Llama-3.3-70B-Instruct,70000000000,news,526,26
wiki: Some authors suggest that automatic motor assessment could be useful to screen the children with ASD for instance with behavioural motor and emotionals reactions during smartphone watching.,0.7,480,1773035336.7014751,2026-03-09T06:48:56.701480,0.3467188775539398,0.4588528275489807,Llama-3.3-70B-Instruct,70000000000,wiki,527,26
"wiki: Epilepsy, with variations in risk of epilepsy due to age, cognitive level, and type of language disorder.",0.7,486,1773035388.431217,2026-03-09T06:49:48.431223,0.3509814739227295,0.4550524652004242,Llama-3.3-70B-Instruct,70000000000,wiki,528,26
news: Git is the largest revision control and collaboration system available for development.,0.7,496,1773035439.985672,2026-03-09T06:50:39.985693,0.3504396080970764,0.4441262781620025,Llama-3.3-70B-Instruct,70000000000,news,529,26
fiction: A plant that grows red flowers was crossed with the same kind of plant that grows white flowers. Their offspring grew pink flowers. Which best explains why the offspring grew pink flowers? (Answer: C),0.7,469,1773035491.7419696,2026-03-09T06:51:31.741978,0.3418071866035461,0.4635531604290008,Llama-3.3-70B-Instruct,70000000000,fiction,530,26
"wiki: Assassination attempts were carried out against heads of state, some of which were successful.",0.7,492,1773035543.3996494,2026-03-09T06:52:23.399655,0.3654719293117523,0.4658874869346618,Llama-3.3-70B-Instruct,70000000000,wiki,531,26
"wiki: When seen from a distance, the ocean surface has a low albedo, as do most forests, whereas desert areas have some of the highest albedos among landforms.",0.7,474,1773035594.987502,2026-03-09T06:53:14.987510,0.3439514338970184,0.4601651430130005,Llama-3.3-70B-Instruct,70000000000,wiki,532,26
fiction: A boat is acted on by a river current flowing north and by wind blowing on its sails. The boat travels northeast. In which direction is the wind most likely applying force to the sails of the boat? (Answer: B),0.7,463,1773035646.6639478,2026-03-09T06:54:06.663958,0.3230839669704437,0.447651594877243,Llama-3.3-70B-Instruct,70000000000,fiction,533,26
"news: The two men entered the gas station after McNeight, one of them carrying a tire iron.",0.7,489,1773035697.9698086,2026-03-09T06:54:57.969819,0.3514676690101623,0.454388827085495,Llama-3.3-70B-Instruct,70000000000,news,534,26
"news: This spring, The Joffrey Ballet will present the North American premiere of Alexander Ekman's Midsummer Night's Dream.",0.7,484,1773035749.4718113,2026-03-09T06:55:49.471822,0.3512517213821411,0.45728400349617,Llama-3.3-70B-Instruct,70000000000,news,535,26
"news: I attempted to use the admin email/password I'd setup during the wizard, but that wouldn't work.",0.7,488,1773035800.8740966,2026-03-09T06:56:40.874107,0.3388023674488067,0.4387909471988678,Llama-3.3-70B-Instruct,70000000000,news,536,26
wiki: The former sought to create a coherent group that would push for revolution while the latter were against anything that would resemble a political party.,0.7,483,1773035852.2985964,2026-03-09T06:57:32.298607,0.3484741449356079,0.4559014737606048,Llama-3.3-70B-Instruct,70000000000,wiki,537,26
fiction: All of the following contain metric units of measurement except (Answer: C),0.7,494,1773035903.6387286,2026-03-09T06:58:23.638739,0.3641230165958404,0.4626330733299255,Llama-3.3-70B-Instruct,70000000000,fiction,538,26
"wiki: within anarcho-primitivism), and the democratic process may be sharply criticised within some anarchist tendencies and simultaneously lauded in others.",0.7,482,1773035955.1099358,2026-03-09T06:59:15.109944,0.3537547290325165,0.4630503952503204,Llama-3.3-70B-Instruct,70000000000,wiki,539,26
news: He was paid $80 and was taken by the two men to Millville and left.,0.7,491,1773036006.416981,2026-03-09T07:00:06.416990,0.3564721345901489,0.4571777284145355,Llama-3.3-70B-Instruct,70000000000,news,540,27
"news: It's an invaluable quality for a person to have, whether they continue to dance or end up doing other things.",0.7,486,1773036057.9752417,2026-03-09T07:00:57.975248,0.3446983397006988,0.4488000273704529,Llama-3.3-70B-Instruct,70000000000,news,541,27
"wiki: The state ranges in elevation from sea level at Mobile Bay to more than  in the northeast, to Mount Cheaha at .",0.7,484,1773036109.2902508,2026-03-09T07:01:49.290260,0.3511988222599029,0.4568766057491302,Llama-3.3-70B-Instruct,70000000000,wiki,542,27
"wiki: The uneven heating of Earth from albedo variations between land, ice, or ocean surfaces can drive weather.",0.7,488,1773036160.5348637,2026-03-09T07:02:40.534868,0.3636872768402099,0.4669939577579498,Llama-3.3-70B-Instruct,70000000000,wiki,543,27
"wiki: This can take the form of disrupting and protesting against unjust hierarchy, or the form of self-managing their lives through the creation of counter-institutions such as communes and non-hierarchical collectives.",0.7,469,1773036212.0964785,2026-03-09T07:03:32.096485,0.3391884565353393,0.4600598812103271,Llama-3.3-70B-Instruct,70000000000,wiki,544,27
wiki: Many autistic people face significant obstacles in transitioning to adulthood.,0.7,498,1773036263.206616,2026-03-09T07:04:23.206625,0.3711515665054321,0.4655469357967376,Llama-3.3-70B-Instruct,70000000000,wiki,545,27
fiction: An old T-shirt can be ripped into smaller pieces and used as rags. An empty milk jug can be used to water houseplants. Both of these are examples of how (Answer: D),0.7,469,1773036314.7211747,2026-03-09T07:05:14.721179,0.3276845216751098,0.4471703171730041,Llama-3.3-70B-Instruct,70000000000,fiction,546,27
"code: Explain what this code does:
def function_22(x): return x * 2",0.7,492,1773036366.041611,2026-03-09T07:06:06.041622,0.3695246875286102,0.4703181684017181,Llama-3.3-70B-Instruct,70000000000,code,547,27
"wiki: It is not known whether treatment programs for children lead to significant improvements after the children grow up, and the limited research on the effectiveness of adult residential programs shows mixed results.",0.7,475,1773036417.6089163,2026-03-09T07:06:57.608927,0.3350822925567627,0.4486947357654571,Llama-3.3-70B-Instruct,70000000000,wiki,548,27
"wiki: Snow Snow albedo is highly variable, ranging from as high as 0.9 for freshly fallen snow, to about 0.4 for melting snow, and as low as 0.2 for dirty snow.",0.7,465,1773036469.3737545,2026-03-09T07:07:49.373763,0.323232501745224,0.4459416568279266,Llama-3.3-70B-Instruct,70000000000,wiki,549,27
wiki: The dismemberment of the French socialist movement into many groups and the execution and exile of many Communards to penal colonies following the suppression of the Paris Commune favoured individualist political expression and acts.,0.7,469,1773036520.9625075,2026-03-09T07:08:40.962516,0.3320116996765136,0.4517662227153778,Llama-3.3-70B-Instruct,70000000000,wiki,550,27
"wiki: The average albedo of the Earth from the upper atmosphere, its planetary albedo, is 30–35% because of cloud cover, but widely varies locally across the surface because of different geological and environmental features.",0.7,466,1773036572.5895402,2026-03-09T07:09:32.589547,0.3275398313999176,0.450088232755661,Llama-3.3-70B-Instruct,70000000000,wiki,551,27
"wiki: It was formally recognized by the state legislature on January 25, 1844.",0.7,492,1773036623.881929,2026-03-09T07:10:23.881938,0.3568397760391235,0.4574193954467773,Llama-3.3-70B-Instruct,70000000000,wiki,552,27
"wiki: Small-scale effects Albedo works on a smaller scale, too.",0.7,496,1773036674.9821737,2026-03-09T07:11:14.982179,0.3696538805961609,0.4654290676116943,Llama-3.3-70B-Instruct,70000000000,wiki,553,27
"wiki: Media  Major newspapers include Birmingham News, Mobile Press-Register, and Montgomery Advertiser.",0.7,491,1773036726.181771,2026-03-09T07:12:06.181776,0.3491025865077972,0.4478258788585663,Llama-3.3-70B-Instruct,70000000000,wiki,554,27
"wiki: In the 2000s, the number of autistic people worldwide was estimated at 1–2 per 1,000 people.",0.7,482,1773036777.604127,2026-03-09T07:12:57.604132,0.3547644913196563,0.4647780954837799,Llama-3.3-70B-Instruct,70000000000,wiki,555,27
wiki: They held on to old representation to maintain political and economic power in agricultural areas.,0.7,493,1773036828.894674,2026-03-09T07:13:48.894697,0.3496191203594208,0.4473116397857666,Llama-3.3-70B-Instruct,70000000000,wiki,556,27
"news: It offers degrees in performance, choreography and more.",0.7,498,1773036879.966756,2026-03-09T07:14:39.966761,0.3503507971763611,0.4429218471050262,Llama-3.3-70B-Instruct,70000000000,news,557,27
"code: Explain what this code does:
def function_88(x): return x * 2",0.7,492,1773036931.250417,2026-03-09T07:15:31.250427,0.3751112818717956,0.4762700200080871,Llama-3.3-70B-Instruct,70000000000,code,558,27
fiction: Michael learned that the movement of Earth in the solar system causes changes that can be seen on the planet. Which change could be seen on Earth in the time it takes Earth to rotate once on its axis? (Answer: A),0.7,463,1773036982.9230402,2026-03-09T07:16:22.923051,0.329142153263092,0.4554575085639953,Llama-3.3-70B-Instruct,70000000000,fiction,559,27
"wiki: About three-fifths of the land area is part of the Gulf Coastal Plain, a gentle plain with a general descent towards the Mississippi River and the Gulf of Mexico.",0.7,475,1773037034.516833,2026-03-09T07:17:14.516842,0.3413928747177124,0.4567541182041168,Llama-3.3-70B-Instruct,70000000000,wiki,560,28
wiki: The presence of autism can make it harder to diagnose coexisting psychiatric disorders such as depression.,0.7,491,1773037085.818275,2026-03-09T07:18:05.818288,0.3523706793785095,0.4523052275180816,Llama-3.3-70B-Instruct,70000000000,wiki,561,28
"wiki: Jewish denominations in the state include two Orthodox, four Conservative, ten Reform, and one Humanistic synagogue.",0.7,487,1773037137.0117686,2026-03-09T07:18:57.011773,0.3602742850780487,0.4659657180309295,Llama-3.3-70B-Instruct,70000000000,wiki,562,28
"news: The team will be responsible for the day-to-day artistic needs of the company including scheduling, casting and conducting rehearsals.",0.7,485,1773037188.318225,2026-03-09T07:19:48.318233,0.3570630848407745,0.4651720523834228,Llama-3.3-70B-Instruct,70000000000,news,563,28
wiki: WPA Guide to Alabama (1939).,0.7,500,1773037239.5983884,2026-03-09T07:20:39.598394,0.3803270757198334,0.4745509624481201,Llama-3.3-70B-Instruct,70000000000,wiki,564,28
wiki: Such a dark surface is thought to be indicative of a primitive and heavily space weathered surface containing some organic compounds.,0.7,486,1773037291.0026364,2026-03-09T07:21:31.002641,0.3594172596931457,0.4657602906227112,Llama-3.3-70B-Instruct,70000000000,wiki,565,28
wiki: The notion of free love was much broader and included a critique of the established order that limited women's sexual freedom and pleasure.,0.7,484,1773037342.3911912,2026-03-09T07:22:22.391198,0.347639262676239,0.4538939893245697,Llama-3.3-70B-Instruct,70000000000,wiki,566,28
fiction: Scientists who disagree with the results of an experiment should (Answer: D),0.7,494,1773037393.8099475,2026-03-09T07:23:13.809958,0.3683315813541412,0.4678054749965668,Llama-3.3-70B-Instruct,70000000000,fiction,567,28
"code: Explain what this code does:
def function_91(x): return x * 2",0.7,492,1773037443.5852728,2026-03-09T07:24:03.585282,0.3711138665676117,0.4723903834819793,Llama-3.3-70B-Instruct,70000000000,code,568,28
wiki: There has been a significant movement to rewrite and modernize Alabama's constitution.,0.7,494,1773037494.7501602,2026-03-09T07:24:54.750165,0.3546122908592224,0.4508491158485412,Llama-3.3-70B-Instruct,70000000000,wiki,569,28
news: Click here to subscribe to the TechRepublic Cybersecurity Insider newsletter.,0.7,496,1773037545.8773575,2026-03-09T07:25:45.877368,0.3491698205471039,0.443593293428421,Llama-3.3-70B-Instruct,70000000000,news,570,28
wiki: It was a notable feature of the international syndicalism movement.,0.7,496,1773037596.9734008,2026-03-09T07:26:36.973409,0.3541845977306366,0.4499593377113342,Llama-3.3-70B-Instruct,70000000000,wiki,571,28
"news: ""The kind of information that can be disclosed via email should be spelled out very clearly,"" he added.",0.7,488,1773037648.288634,2026-03-09T07:27:28.288643,0.336783230304718,0.4381642937660217,Llama-3.3-70B-Instruct,70000000000,news,572,28
"code: Explain what this code does:
def function_45(x): return x * 2",0.7,492,1773037699.573887,2026-03-09T07:28:19.573894,0.3664491176605224,0.4666295945644378,Llama-3.3-70B-Instruct,70000000000,code,573,28
"code: Explain what this code does:
def function_60(x): return x * 2",0.7,492,1773037750.9000556,2026-03-09T07:29:10.900065,0.3718873560428619,0.4733538031578064,Llama-3.3-70B-Instruct,70000000000,code,574,28
"news: As a result, preparation is intense.",0.7,501,1773037801.8038638,2026-03-09T07:30:01.803868,0.371752917766571,0.4664053618907928,Llama-3.3-70B-Instruct,70000000000,news,575,28
news: Were you familiar with McLaren's work before this project?,0.7,498,1773037854.451119,2026-03-09T07:30:54.451123,0.3678564131259918,0.4623868763446808,Llama-3.3-70B-Instruct,70000000000,news,576,28
wiki: Communication About one third to half of autistic people do not develop enough natural speech to meet their daily communication needs.,0.7,487,1773037905.765241,2026-03-09T07:31:45.765247,0.3562516868114471,0.4600640535354614,Llama-3.3-70B-Instruct,70000000000,wiki,577,28
"news: Redmonk, in its latest Q1 2018 survey, says Java is the second-most popular language after JavaScript among developers.",0.7,482,1773037957.382885,2026-03-09T07:32:37.382893,0.3517228066921234,0.4603637158870697,Llama-3.3-70B-Instruct,70000000000,news,578,28
"news: Over the next decade, the company toured the ballet extensively, exposing it to audiences nationwide.",0.7,491,1773038008.8900552,2026-03-09T07:33:28.890064,0.3520062565803528,0.4517951011657715,Llama-3.3-70B-Instruct,70000000000,news,579,28
"code: Explain what this code does:
def function_17(x): return x * 2",0.7,492,1773038060.489562,2026-03-09T07:34:20.489568,0.3742816150188446,0.4756450355052948,Llama-3.3-70B-Instruct,70000000000,code,580,29
fiction: Corn is widely being used in the United States to make ethanol for use in automobile fuel. How might the overproduction of corn negatively affect the environment? (Answer: A),0.7,474,1773038074.6443958,2026-03-09T07:34:34.644400,0.3486945629119873,0.4662821590900421,Llama-3.3-70B-Instruct,70000000000,fiction,581,29
wiki: Anarchy Archives is an online research center on the history and theory of anarchism.,0.7,492,1773038125.8249118,2026-03-09T07:35:25.824916,0.3612599670886993,0.4599289000034332,Llama-3.3-70B-Instruct,70000000000,wiki,582,29
"code: Explain what this code does:
def function_39(x): return x * 2",0.7,492,1773038176.9648955,2026-03-09T07:36:16.964900,0.3759467601776123,0.4773022830486297,Llama-3.3-70B-Instruct,70000000000,code,583,29
"code: Explain what this code does:
def function_27(x): return x * 2",0.7,492,1773038228.4693344,2026-03-09T07:37:08.469339,0.3696532249450683,0.470681756734848,Llama-3.3-70B-Instruct,70000000000,code,584,29
wiki: Belief in political nihilism has been espoused by anarchists.,0.7,496,1773038279.8357885,2026-03-09T07:37:59.835794,0.3716325163841247,0.4677345156669616,Llama-3.3-70B-Instruct,70000000000,wiki,585,29
"wiki: Anarchists reject this criticism because challenging or disobeying authority does not entail the disappearance of its advantages by acknowledging authority such as doctors or lawyers as reliable, nor does it involve a complete surrender of independent judgment.",0.7,466,1773038331.3848674,2026-03-09T07:38:51.384872,0.3170588612556457,0.4370665848255157,Llama-3.3-70B-Instruct,70000000000,wiki,586,29
"wiki: Most professionals believe that race, ethnicity, and socioeconomic background do not affect the occurrence of autism.",0.7,490,1773038382.9312186,2026-03-09T07:39:42.931231,0.3563944399356842,0.4573446810245514,Llama-3.3-70B-Instruct,70000000000,wiki,587,29
"wiki: In response to their expulsion from the First International, anarchists formed the St. Imier International.",0.7,490,1773038434.0999346,2026-03-09T07:40:34.099939,0.3629811108112335,0.4656165242195129,Llama-3.3-70B-Instruct,70000000000,wiki,588,29
"news: Although initially not forthcoming about the true circumstances surrounding the robbery, McNeight eventually told investigators how he got the money.",0.7,485,1773038485.6578465,2026-03-09T07:41:25.657858,0.3404965996742248,0.4443177878856659,Llama-3.3-70B-Instruct,70000000000,news,589,29
"news: Through this new Jakarta EE Working Group process, we should see big Java EE vendors like IBM, Red Hat, and Oracle working within the open processes of the Eclipse Foundation with smaller vendors like Tomitribe and Payara.",0.7,464,1773038537.2904065,2026-03-09T07:42:17.290411,0.3212521076202392,0.4444884359836578,Llama-3.3-70B-Instruct,70000000000,news,590,29
"news: That being the case, what do you do?",0.7,499,1773038588.566161,2026-03-09T07:43:08.566168,0.3552370071411133,0.4477095901966095,Llama-3.3-70B-Instruct,70000000000,news,591,29
"wiki: Tokyo was a hotspot for rebellious youth from countries of the far east, travelling to the Japanese capital to study.",0.7,486,1773038639.977963,2026-03-09T07:43:59.977977,0.3286780118942261,0.4298469126224518,Llama-3.3-70B-Instruct,70000000000,wiki,592,29
news: Subscribe Also see,0.7,506,1773038691.2306683,2026-03-09T07:44:51.230696,0.3540531396865845,0.4425674080848694,Llama-3.3-70B-Instruct,70000000000,news,593,29
"news: Now click on the Repositories entry in the left navigation, click the Create button, give the repository a name, and click Submit.",0.7,482,1773038742.5756536,2026-03-09T07:45:42.575669,0.3337866365909576,0.4400688111782074,Llama-3.3-70B-Instruct,70000000000,news,594,29
"news: Trac can be used as a wiki, a project management system, and for tracking bugs in software development.",0.7,487,1773038794.1212769,2026-03-09T07:46:34.121282,0.3542920649051666,0.4578073918819427,Llama-3.3-70B-Instruct,70000000000,news,595,29
"wiki: Minorities usually accept rough consensus, except when they feel the proposal contradicts anarchist ethics, goals and values.",0.7,487,1773038845.5223446,2026-03-09T07:47:25.522354,0.3482666611671448,0.4515006244182586,Llama-3.3-70B-Instruct,70000000000,wiki,596,29
"wiki: The scattering of radiation causes atmospheric cooling, whereas absorption can cause atmospheric warming.",0.7,494,1773038896.789342,2026-03-09T07:48:16.789347,0.35389044880867,0.4500342011451721,Llama-3.3-70B-Instruct,70000000000,wiki,597,29
"wiki: Organized insurgent, resistance groups tried to suppress the freedmen and Republicans.",0.7,493,1773038948.299728,2026-03-09T07:49:08.299733,0.3437146544456482,0.4386216402053833,Llama-3.3-70B-Instruct,70000000000,wiki,598,29
"news: Photo by Alexander Iziliaev, Courtesy Nevada Ballet Theatre.",0.7,497,1773038999.838506,2026-03-09T07:49:59.838512,0.3626755774021148,0.4571444094181061,Llama-3.3-70B-Instruct,70000000000,news,599,29
wiki: This did not change until the late 1960s following a lawsuit and court order.,0.7,491,1773039051.4215918,2026-03-09T07:50:51.421600,0.3525635004043579,0.454880028963089,Llama-3.3-70B-Instruct,70000000000,wiki,600,30
"news: Germarco Johnson was charged with Robbery with a Firearm, Counterfeiting of an Instrument with Intent to Defraud (two counts), Principal/Accessory to Uttering a False Bank Bill (two counts), and Larceny $300 or more but less than $5000 (two counts).",0.7,448,1773039103.4531617,2026-03-09T07:51:43.453166,0.3092640340328216,0.4506775140762329,Llama-3.3-70B-Instruct,70000000000,news,601,30
"wiki: The area of Alabama and Mississippi most affected by tornadoes is sometimes referred to as Dixie Alley, as distinct from the Tornado Alley of the Southern Plains.",0.7,477,1773039154.8824005,2026-03-09T07:52:34.882411,0.3368504047393799,0.4486898779869079,Llama-3.3-70B-Instruct,70000000000,wiki,602,30
wiki: Native American groups within the state had increasingly been demanding recognition as ethnic groups and seeking an end to discrimination.,0.7,488,1773039206.3415763,2026-03-09T07:53:26.341586,0.3529375195503235,0.4555689990520477,Llama-3.3-70B-Instruct,70000000000,wiki,603,30
wiki: The appropriateness of including children with varying severity of autism spectrum disorders in the general education population is a subject of current debate among educators and researchers.,0.7,479,1773039257.9323351,2026-03-09T07:54:17.932344,0.3457560837268829,0.456850916147232,Llama-3.3-70B-Instruct,70000000000,wiki,604,30
"wiki: Rail  For rail transport, Amtrak schedules the Crescent, a daily passenger train, running from New York to New Orleans with station stops at Anniston, Birmingham, and Tuscaloosa.",0.7,470,1773039309.692032,2026-03-09T07:55:09.692041,0.3299205899238586,0.4480299353599548,Llama-3.3-70B-Instruct,70000000000,wiki,605,30
wiki: Mutualism has been retrospectively characterised as ideologically situated between individualist and collectivist forms of anarchism.,0.7,486,1773039360.917075,2026-03-09T07:56:00.917081,0.3508093059062958,0.4556585252285003,Llama-3.3-70B-Instruct,70000000000,wiki,606,30
wiki: The assembly plant is the company's first factory to be built within the United States.,0.7,492,1773039412.3507247,2026-03-09T07:56:52.350734,0.3579997420310974,0.4573360681533813,Llama-3.3-70B-Instruct,70000000000,wiki,607,30
"code: Explain what this code does:
def function_37(x): return x * 2",0.7,492,1773039463.5406492,2026-03-09T07:57:43.540654,0.3661358952522278,0.4664942622184753,Llama-3.3-70B-Instruct,70000000000,code,608,30
"code: Explain what this code does:
def function_67(x): return x * 2",0.7,492,1773039514.9898443,2026-03-09T07:58:34.989849,0.3618507087230682,0.4617265164852142,Llama-3.3-70B-Instruct,70000000000,code,609,30
wiki: BDRF can facilitate translations of observations of reflectance into albedo.,0.7,494,1773039566.6616187,2026-03-09T07:59:26.661625,0.3571341931819916,0.4538206458091736,Llama-3.3-70B-Instruct,70000000000,wiki,610,30
news: Robert had just finished his documentary and has a really deep understanding of this kind of Canadian culture.,0.7,490,1773039618.4613068,2026-03-09T08:00:18.461316,0.3357821106910705,0.4340551793575287,Llama-3.3-70B-Instruct,70000000000,news,611,30
"code: Explain what this code does:
def function_32(x): return x * 2",0.7,492,1773039670.0476954,2026-03-09T08:01:10.047700,0.3670296370983124,0.4675940871238708,Llama-3.3-70B-Instruct,70000000000,code,612,30
"code: Explain what this code does:
def function_79(x): return x * 2",0.7,492,1773039721.356089,2026-03-09T08:02:01.356099,0.3645502626895904,0.4644233882427215,Llama-3.3-70B-Instruct,70000000000,code,613,30
"code: Explain what this code does:
def function_1(x): return x * 2",0.7,492,1773039772.6440425,2026-03-09T08:02:52.644052,0.3664512038230896,0.4667798280715942,Llama-3.3-70B-Instruct,70000000000,code,614,30
"news: Companies that fail to comply with GDPR will face a penalty of either 4% of their global revenue or €20 million, whichever is greater.",0.7,480,1773039824.4140575,2026-03-09T08:03:44.414062,0.3455148339271545,0.4554778635501861,Llama-3.3-70B-Instruct,70000000000,news,615,30
news: As I was getting older the company all of a sudden started to seem younger and younger.,0.7,491,1773039875.733081,2026-03-09T08:04:35.733092,0.3568094670772552,0.4581324458122253,Llama-3.3-70B-Instruct,70000000000,news,616,30
"wiki: Humans lived in societies without formal hierarchies long before the establishment of formal states, realms, or empires.",0.7,486,1773039927.242061,2026-03-09T08:05:27.242071,0.3464745581150055,0.4502952396869659,Llama-3.3-70B-Instruct,70000000000,wiki,617,30
"news: It was created in collaboration by NBoC principal dancer and choreographic associate Guillaume Côté and film and stage director Robert Lepage, who is making his NBoC debut.",0.7,471,1773039978.8328114,2026-03-09T08:06:18.832820,0.3297996520996094,0.4463472664356231,Llama-3.3-70B-Instruct,70000000000,news,618,30
"wiki: In 2010, Republicans took large majorities of both chambers of the state legislature, giving them control of that body for the first time in 136 years.",0.7,476,1773040030.85351,2026-03-09T08:07:10.853519,0.3445146083831787,0.4589409232139587,Llama-3.3-70B-Instruct,70000000000,wiki,619,30
"wiki: Services should be carried out by behavior analysts, special education teachers, speech pathologists, and licensed psychologists.",0.7,488,1773040082.990363,2026-03-09T08:08:02.990368,0.3406307697296142,0.4411623179912567,Llama-3.3-70B-Instruct,70000000000,wiki,620,31
"wiki: These signs often develop gradually, though some autistic children experience regression in their communication and social skills after reaching developmental milestones at a normal pace.",0.7,482,1773040134.520218,2026-03-09T08:08:54.520226,0.3497948050498962,0.4584490060806274,Llama-3.3-70B-Instruct,70000000000,wiki,621,31
"wiki: Elections  In a 2020 study, Alabama was ranked as the 12th most difficult state for citizens to vote.",0.7,484,1773040186.2548208,2026-03-09T08:09:46.254827,0.358090728521347,0.4664565324783325,Llama-3.3-70B-Instruct,70000000000,wiki,622,31
"wiki: During this time, a minority of anarchists adopted tactics of revolutionary political violence.",0.7,494,1773040237.5350518,2026-03-09T08:10:37.535058,0.3638009130954742,0.4621641039848327,Llama-3.3-70B-Instruct,70000000000,wiki,623,31
fiction: Which statement is an observation? (Answer: A),0.7,498,1773040288.6779869,2026-03-09T08:11:28.677991,0.3609485626220703,0.4544812440872192,Llama-3.3-70B-Instruct,70000000000,fiction,624,31
"code: Explain what this code does:
def function_34(x): return x * 2",0.7,492,1773040340.1104734,2026-03-09T08:12:20.110481,0.3667435646057129,0.467319518327713,Llama-3.3-70B-Instruct,70000000000,code,625,31
"fiction: The heart, blood vessels, kidneys, and bladder working together are best described as (Answer: D)",0.7,488,1773040391.743374,2026-03-09T08:13:11.743378,0.3634490370750427,0.4677804410457611,Llama-3.3-70B-Instruct,70000000000,fiction,626,31
"news: For tips on how to best train employees on cybersecurity practices, click here.",0.7,494,1773040443.1065965,2026-03-09T08:14:03.106601,0.3576622605323791,0.4549696743488312,Llama-3.3-70B-Instruct,70000000000,news,627,31
"code: Explain what this code does:
def function_41(x): return x * 2",0.7,492,1773040494.3807647,2026-03-09T08:14:54.380770,0.3675678968429565,0.4675199389457702,Llama-3.3-70B-Instruct,70000000000,code,628,31
"wiki: Compulsive behaviors: Time-consuming behaviors intended to reduce the anxiety that an individual feels compelled to perform repeatedly or according to rigid rules, such as placing objects in a specific order, checking things, or handwashing.",0.7,467,1773040538.9485855,2026-03-09T08:15:38.948590,0.3286757171154022,0.4505542814731598,Llama-3.3-70B-Instruct,70000000000,wiki,629,31
"news: ""I'd say compliance right now is only at about 35% or 40% at the most,"" he said.",0.7,484,1773040590.38272,2026-03-09T08:16:30.382726,0.3226101100444793,0.4250293672084808,Llama-3.3-70B-Instruct,70000000000,news,630,31
"wiki: Interest in the anarchist movement developed alongside momentum in the anti-globalisation movement, whose leading activist networks were anarchist in orientation.",0.7,485,1773040641.7651682,2026-03-09T08:17:21.765174,0.3519961833953857,0.4577707946300506,Llama-3.3-70B-Instruct,70000000000,wiki,631,31
"news: Dancers also contribute to the narration with spoken text, including imagery of young love and a dose of humor.",0.7,487,1773040693.3427572,2026-03-09T08:18:13.342763,0.3252373337745666,0.4285076558589935,Llama-3.3-70B-Instruct,70000000000,news,632,31
"fiction: A ""widow's peak"" hairline in humans is coded by the dominant allele W. A straight hairline is coded by the recessive allele w. A man with a homozygous dominant WW produces a zygote with a woman with a heterozygous dominant Ww for the trait. Which allele combinations could occur in the zygote? (Answer: B)",0.7,430,1773040745.6303778,2026-03-09T08:19:05.630384,0.2890728116035461,0.4473804235458374,Llama-3.3-70B-Instruct,70000000000,fiction,633,31
"news: Now, however, they will have to provide the data within one month of receiving the request.",0.7,490,1773040797.394088,2026-03-09T08:19:57.394094,0.3516342341899872,0.4519136846065521,Llama-3.3-70B-Instruct,70000000000,news,634,31
"wiki: They mostly engage in confronting the police during demonstrations and riots, especially in countries such as Canada, Greece, and Mexico.",0.7,485,1773040848.754662,2026-03-09T08:20:48.754668,0.3512501418590545,0.4566993117332458,Llama-3.3-70B-Instruct,70000000000,wiki,635,31
"news: If successful, the XR1 chip could improve technologies found in modern smart glasses, and make VR and AR more affordable to get into for smaller companies.",0.7,479,1773040900.4468946,2026-03-09T08:21:40.446899,0.3493632376194,0.4605667889118194,Llama-3.3-70B-Instruct,70000000000,news,636,31
"wiki: Joint attention seems to be necessary for functional speech, and deficits in joint attention seem to distinguish infants with ASD.",0.7,487,1773040951.9637089,2026-03-09T08:22:31.963713,0.3664392232894897,0.471459150314331,Llama-3.3-70B-Instruct,70000000000,wiki,637,31
"news: In November the company will reference Kaiser's Balanchine roots with a program titled Classic Americana featuring Serenade and Western Symphony, as well Paul Taylor's Company B.",0.7,475,1773041003.725324,2026-03-09T08:23:23.725331,0.3317004144191742,0.4469576478004455,Llama-3.3-70B-Instruct,70000000000,news,638,31
"code: Explain what this code does:
def function_54(x): return x * 2",0.7,492,1773041055.0990572,2026-03-09T08:24:15.099064,0.3717820942401886,0.4728455543518066,Llama-3.3-70B-Instruct,70000000000,code,639,31
"wiki: In Latin America, Argentina was a stronghold for anarcho-syndicalism, where it became the most prominent left-wing ideology.",0.7,481,1773041107.072321,2026-03-09T08:25:07.072326,0.3481380939483642,0.4578437507152557,Llama-3.3-70B-Instruct,70000000000,wiki,640,32
"wiki: Black residents effectively taxed themselves twice, by raising additional monies to supply matching funds for such schools, which were built in many rural areas.",0.7,481,1773041159.0594163,2026-03-09T08:25:59.059421,0.3444921374320984,0.4532560706138611,Llama-3.3-70B-Instruct,70000000000,wiki,641,32
"news: Whiteside, on the other hand, imitates a unicorn, talks about preparing for roles and creates a new middle name for Boylston.",0.7,480,1773041210.7611408,2026-03-09T08:26:50.761145,0.3458403944969177,0.4566046297550201,Llama-3.3-70B-Instruct,70000000000,news,642,32
fiction: Which factor can increase the amount of sulfur dioxide in the air? (Answer: B),0.7,491,1773041262.3173127,2026-03-09T08:27:42.317317,0.3702414035797119,0.4723570942878723,Llama-3.3-70B-Instruct,70000000000,fiction,643,32
wiki: Black carbon is a bigger cause of the melting of the polar ice cap in the Arctic than carbon dioxide due to its effect on the albedo.,0.7,480,1773041294.8693964,2026-03-09T08:28:14.869401,0.3517634272575378,0.4628479182720184,Llama-3.3-70B-Instruct,70000000000,wiki,644,32
"code: Explain what this code does:
def function_13(x): return x * 2",0.7,492,1773041346.0756743,2026-03-09T08:29:06.075679,0.3664340376853943,0.4667891263961792,Llama-3.3-70B-Instruct,70000000000,code,645,32
"news: However, it also contains the right to access any information that may be held by a company, including your employer.",0.7,486,1773041397.402434,2026-03-09T08:29:57.402439,0.3427312970161438,0.4451985955238342,Llama-3.3-70B-Instruct,70000000000,news,646,32
"wiki: An important relationship between an object's astronomical (geometric) albedo, absolute magnitude and diameter is given by:  where  is the astronomical albedo,  is the diameter in kilometers, and  is the absolute magnitude.",0.7,463,1773041449.3461852,2026-03-09T08:30:49.346191,0.3302126228809356,0.4559536278247833,Llama-3.3-70B-Instruct,70000000000,wiki,647,32
wiki: The northern part—along the Tennessee River Valley—is most vulnerable.,0.7,496,1773041500.8182042,2026-03-09T08:31:40.818211,0.36635822057724,0.4627359211444855,Llama-3.3-70B-Instruct,70000000000,wiki,648,32
"news: This time around the final screen appeared, the All set link didn't work.",0.7,493,1773041552.4774127,2026-03-09T08:32:32.477418,0.3528640568256378,0.4535222351551056,Llama-3.3-70B-Instruct,70000000000,news,649,32
wiki: Sea water absorbs more solar radiation than would the same surface covered with reflective snow.,0.7,493,1773041604.4307284,2026-03-09T08:33:24.430735,0.3592385649681091,0.4584550559520721,Llama-3.3-70B-Instruct,70000000000,wiki,650,32
"fiction: On Earth, water can be a solid, a liquid, or a gas. Which energy source has the greatest influence on the state of matter of water? (Answer: A)",0.7,473,1773041618.940159,2026-03-09T08:33:38.940164,0.3388426601886749,0.4562879502773285,Llama-3.3-70B-Instruct,70000000000,fiction,651,32
"wiki: In most instances, the transmitted pulse is circularly polarized and the received pulse is measured in the same sense of polarization as the transmitted pulse (SC) and the opposite sense (OC).",0.7,471,1773041670.8762648,2026-03-09T08:34:30.876270,0.3272233307361603,0.4434595704078674,Llama-3.3-70B-Instruct,70000000000,wiki,652,32
"wiki: Economy  The state has invested in aerospace, education, health care, banking, and various heavy industries, including automobile manufacturing, mineral extraction, steel production and fabrication.",0.7,476,1773041722.358692,2026-03-09T08:35:22.358697,0.3419705033302307,0.4561269283294678,Llama-3.3-70B-Instruct,70000000000,wiki,653,32
"wiki: A differential diagnosis for ASD at this stage might also consider intellectual disability, hearing impairment, and a specific language impairment such as Landau–Kleffner syndrome.",0.7,476,1773041774.0330844,2026-03-09T08:36:14.033091,0.338554710149765,0.4529015719890594,Llama-3.3-70B-Instruct,70000000000,wiki,654,32
fiction: Where is the biological magnification of pollutants most likely to be the greatest? (Answer: A),0.7,489,1773041825.347306,2026-03-09T08:37:05.347312,0.3645398020744324,0.4680781364440918,Llama-3.3-70B-Instruct,70000000000,fiction,655,32
"code: Explain what this code does:
def function_19(x): return x * 2",0.7,492,1773041876.651423,2026-03-09T08:37:56.651428,0.370515763759613,0.4710750877857208,Llama-3.3-70B-Instruct,70000000000,code,656,32
wiki: Medication Medications may be used to treat ASD symptoms that interfere with integrating a child into home or school when behavioral treatment fails.,0.7,483,1773041928.164462,2026-03-09T08:38:48.164466,0.3529729545116424,0.4601951241493225,Llama-3.3-70B-Instruct,70000000000,wiki,657,32
"wiki: Census-designated and metropolitan areas  Cities  Demographics  According to the 2020 United States census the population of Alabama was 5,024,279 on April 1, 2020, which represents an increase of 244,543 or 5.12%, since the 2010 census.",0.7,446,1773041980.232149,2026-03-09T08:39:40.232170,0.3081907033920288,0.451052725315094,Llama-3.3-70B-Instruct,70000000000,wiki,658,32
news: Courtesy Peter Koppers.,0.7,504,1773042031.4521067,2026-03-09T08:40:31.452111,0.37068572640419,0.461379736661911,Llama-3.3-70B-Instruct,70000000000,news,659,32
"wiki: Anarchists were treated similarly in the Second International, being ultimately expelled in 1896.",0.7,490,1773042083.0021005,2026-03-09T08:41:23.002106,0.3521986901760101,0.4531197547912597,Llama-3.3-70B-Instruct,70000000000,wiki,660,33
"code: Explain what this code does:
def function_49(x): return x * 2",0.7,492,1773042134.8585787,2026-03-09T08:42:14.858586,0.3765110969543457,0.478160560131073,Llama-3.3-70B-Instruct,70000000000,code,661,33
wiki: Later immigrants in the nineteenth and twentieth centuries tended to be Ashkenazi Jews from eastern Europe.,0.7,490,1773042186.188981,2026-03-09T08:43:06.188986,0.363420695066452,0.46535724401474,Llama-3.3-70B-Instruct,70000000000,wiki,662,33
"wiki: Etymology, terminology, and definition   The etymological origin of anarchism is from the Ancient Greek anarkhia, meaning ""without a ruler"", composed of the prefix an- (""without"") and the word arkhos (""leader"" or ""ruler"").",0.7,454,1773042238.2905438,2026-03-09T08:43:58.290548,0.3076446950435638,0.4385196566581726,Llama-3.3-70B-Instruct,70000000000,wiki,663,33
"news: Since then we've been doing five-day workshops once a year in Robert's studio, Ex Machina, where he has a multi media team.",0.7,480,1773042290.4697163,2026-03-09T08:44:50.469721,0.3273146748542785,0.4353183507919311,Llama-3.3-70B-Instruct,70000000000,news,664,33
wiki: Alabama: The History of a Deep South State (1994).,0.7,496,1773042341.7665722,2026-03-09T08:45:41.766579,0.3610328137874603,0.4565385580062866,Llama-3.3-70B-Instruct,70000000000,wiki,665,33
"wiki: Lastly, Fiala mentions a critique towards philosophical anarchism of being ineffective (all talk and thoughts) and in the meantime capitalism and bourgeois class remains strong.",0.7,477,1773042393.7947326,2026-03-09T08:46:33.794738,0.3156345784664154,0.4233211576938629,Llama-3.3-70B-Instruct,70000000000,wiki,666,33
"wiki: Steel jobs, for instance, declined from 46,314 in 1950 to 14,185 in 2011.",0.7,483,1773042431.15582,2026-03-09T08:47:11.155834,0.3343933522701263,0.4389671981334686,Llama-3.3-70B-Instruct,70000000000,wiki,667,33
fiction: Giant redwood trees change energy from one form to another. How is energy changed by the trees? (Answer: B),0.7,484,1773042467.282968,2026-03-09T08:47:47.282980,0.3497343957424164,0.4558043181896209,Llama-3.3-70B-Instruct,70000000000,fiction,668,33
fiction: A signal from the brain to a muscle in the arm is transmitted by which structures? (Answer: C),0.7,487,1773042519.545423,2026-03-09T08:48:39.545435,0.3470059633255005,0.4494192004203796,Llama-3.3-70B-Instruct,70000000000,fiction,669,33
"fiction: Laura adds 50 mL of boiling water to 100 mL of ice water. If the 150 mL of water is then put into a freezer, at what temperature will the water freeze? (Answer: A)",0.7,466,1773042571.1350882,2026-03-09T08:49:31.135099,0.3255845010280609,0.4483381807804107,Llama-3.3-70B-Instruct,70000000000,fiction,670,33
wiki: They include:  Genetic disorders.,0.7,502,1773042623.0245843,2026-03-09T08:50:23.024654,0.3767670392990112,0.4674908518791199,Llama-3.3-70B-Instruct,70000000000,wiki,671,33
wiki: The school closed after constant harassment by the state and Ferrer was later arrested.,0.7,493,1773042674.3256943,2026-03-09T08:51:14.325710,0.3647530078887939,0.463173508644104,Llama-3.3-70B-Instruct,70000000000,wiki,672,33
"wiki: However, most of the Democratic sheriffs preside over rural and less populated counties.",0.7,492,1773042726.786548,2026-03-09T08:52:06.786570,0.3617087304592132,0.4612628519535064,Llama-3.3-70B-Instruct,70000000000,wiki,673,33
"news: ""An awful lot of companies may not think they have exposure to it, but there are lots of variables in that.""",0.7,485,1773042778.1460986,2026-03-09T08:52:58.146131,0.350983053445816,0.4594594538211822,Llama-3.3-70B-Instruct,70000000000,news,674,33
wiki: The remaining portion of the ThyssenKrupp plant had final bids submitted by ArcelorMittal and Nippon Steel for $1.6billion in March 2013.,0.7,470,1773042829.7896123,2026-03-09T08:53:49.789625,0.3258435726165771,0.4428208172321319,Llama-3.3-70B-Instruct,70000000000,wiki,675,33
"code: Explain what this code does:
def function_18(x): return x * 2",0.7,492,1773042881.209345,2026-03-09T08:54:41.209359,0.3681409358978271,0.4684183597564697,Llama-3.3-70B-Instruct,70000000000,code,676,33
wiki: Anarchism is contrasted to socialist forms which are state-oriented or from above.,0.7,492,1773042933.013848,2026-03-09T08:55:33.013865,0.3668344914913177,0.4670919477939605,Llama-3.3-70B-Instruct,70000000000,wiki,677,33
"news: Across the Country… In 1944, San Francisco Ballet founding artistic director Willam Christensen choreographed the U.S.'s first full-length Nutcracker.",0.7,476,1773042984.6009605,2026-03-09T08:56:24.600976,0.3407195806503296,0.4546658992767334,Llama-3.3-70B-Instruct,70000000000,news,678,33
wiki: Aquaculture   Aquaculture is a large part of the economy of Alabama.,0.7,492,1773043035.9113336,2026-03-09T08:57:15.911347,0.3514515161514282,0.4501686990261078,Llama-3.3-70B-Instruct,70000000000,wiki,679,33
"code: Explain what this code does:
def function_83(x): return x * 2",0.7,492,1773043087.4758875,2026-03-09T08:58:07.475937,0.3704850673675537,0.4716916680335998,Llama-3.3-70B-Instruct,70000000000,code,680,34
"code: Explain what this code does:
def function_66(x): return x * 2",0.7,492,1773043129.488021,2026-03-09T08:58:49.488086,0.371075689792633,0.4724460542201996,Llama-3.3-70B-Instruct,70000000000,code,681,34
"fiction: Rain forests contain more species of trees than any other biome. However, scientists have found that the soil of the forest floor is relatively nutrient poor. What could most likely account for this? (Answer: B)",0.7,467,1773043181.6407647,2026-03-09T08:59:41.640786,0.3226830661296844,0.4434710741043091,Llama-3.3-70B-Instruct,70000000000,fiction,682,34
"code: Explain what this code does:
def function_50(x): return x * 2",0.7,492,1773043233.2496936,2026-03-09T09:00:33.249726,0.3691135942935943,0.4693320691585541,Llama-3.3-70B-Instruct,70000000000,code,683,34
"wiki: Collectivist anarchists advocate collective ownership of the means of production which is theorised to be achieved through violent revolution and that workers be paid according to time worked, rather than goods being distributed according to need as in communism.",0.7,466,1773043284.816634,2026-03-09T09:01:24.816646,0.3279301822185516,0.4507951736450195,Llama-3.3-70B-Instruct,70000000000,wiki,684,34
"code: Explain what this code does:
def function_90(x): return x * 2",0.7,492,1773043336.4023843,2026-03-09T09:02:16.402389,0.3698561787605285,0.4703233242034912,Llama-3.3-70B-Instruct,70000000000,code,685,34
"wiki: As people are often sized up initially from their basic language skills, these studies suggest that people speaking to autistic individuals are more likely to overestimate what their audience comprehends.",0.7,475,1773043387.8892207,2026-03-09T09:03:07.889233,0.3241640329360962,0.4362378120422363,Llama-3.3-70B-Instruct,70000000000,wiki,686,34
wiki: A significant event of this period was the confrontations at the 1999 Seattle WTO conference.,0.7,490,1773043439.082925,2026-03-09T09:03:59.082934,0.3569805324077606,0.4578648209571838,Llama-3.3-70B-Instruct,70000000000,wiki,687,34
fiction: What adaptation is necessary in intertidal ecosystems but not in reef ecosystems? (Answer: C),0.7,489,1773043490.391229,2026-03-09T09:04:50.391237,0.3492785990238189,0.4504042565822601,Llama-3.3-70B-Instruct,70000000000,fiction,688,34
"wiki: It had not redistricted congressional districts since passage of its constitution in 1901; as a result, urbanized areas were grossly underrepresented.",0.7,478,1773043541.800263,2026-03-09T09:05:41.800269,0.3374728858470917,0.4478890001773834,Llama-3.3-70B-Instruct,70000000000,wiki,689,34
"fiction: During most of the year, the air over Boston, Massachusetts, contains a high amount of moisture. Which of the following best explains why there is a high amount of moisture in the air? (Answer: A)",0.7,466,1773043593.3064892,2026-03-09T09:06:33.306498,0.3202144205570221,0.4402838945388794,Llama-3.3-70B-Instruct,70000000000,fiction,690,34
"wiki: While employers state hiring concerns about productivity and supervision, experienced employers of autistic people give positive reports of above average memory and detail orientation as well as a high regard for rules and procedure in autistic employees.",0.7,470,1773043644.8829722,2026-03-09T09:07:24.882982,0.3216818869113922,0.4389173686504364,Llama-3.3-70B-Instruct,70000000000,wiki,691,34
"wiki: The latter is commonly used in handwriting and fonts based on it, especially fonts intended to be read by children, and is also found in italic type.",0.7,479,1773043696.5235813,2026-03-09T09:08:16.523590,0.3298623561859131,0.437678724527359,Llama-3.3-70B-Instruct,70000000000,wiki,692,34
"wiki: Beyond the specific factions of anarchist movements which constitute political anarchism lies philosophical anarchism which holds that the state lacks moral legitimacy, without necessarily accepting the imperative of revolution to eliminate it.",0.7,473,1773043748.136145,2026-03-09T09:09:08.136154,0.3271194100379944,0.4411408007144928,Llama-3.3-70B-Instruct,70000000000,wiki,693,34
news: Password policies Passwords remain a common digital entry point into an organization for hackers.,0.7,493,1773043799.4576535,2026-03-09T09:09:59.457663,0.3648971021175384,0.4638727009296417,Llama-3.3-70B-Instruct,70000000000,news,694,34
"wiki: In this article, autism refers to the classic autistic disorder; in clinical practice, though, autism, ASD, and PDD are often used interchangeably.",0.7,478,1773043850.9380624,2026-03-09T09:10:50.938069,0.3513959944248199,0.4649990797042846,Llama-3.3-70B-Instruct,70000000000,wiki,695,34
"news: Here are five types of policies that companies must ensure they have in place and have trained employees on in the age of GDPR, according to Rickard.",0.7,479,1773043902.4489636,2026-03-09T09:11:42.448973,0.3416967988014221,0.4516221284866333,Llama-3.3-70B-Instruct,70000000000,news,696,34
wiki: Alabama was heavily involved in the American Civil War.,0.7,499,1773043953.6073534,2026-03-09T09:12:33.607358,0.3712839484214782,0.465265154838562,Llama-3.3-70B-Instruct,70000000000,wiki,697,34
"wiki: About 8.167% of letters used in English texts tend to be ; the number is around 7.636% in French, 11.525% in Spanish, and 14.634% for Portuguese.",0.7,464,1773044005.5187612,2026-03-09T09:13:25.518766,0.3066965341567993,0.4267951548099518,Llama-3.3-70B-Instruct,70000000000,wiki,698,34
"news: Following the Vaganova method, classes are strict and focus on precise positions and placement.",0.7,491,1773044056.820495,2026-03-09T09:14:16.820499,0.344115674495697,0.4421754479408264,Llama-3.3-70B-Instruct,70000000000,news,699,34
"wiki: Society and culture  An autistic culture has emerged, accompanied by the autistic rights and neurodiversity movements.",0.7,487,1773044108.400249,2026-03-09T09:15:08.400258,0.3647371530532837,0.4705814123153686,Llama-3.3-70B-Instruct,70000000000,wiki,700,35
"code: Explain what this code does:
def function_7(x): return x * 2",0.7,492,1773044159.8734322,2026-03-09T09:15:59.873438,0.3683622777462005,0.4689376354217529,Llama-3.3-70B-Instruct,70000000000,code,701,35
"wiki: Sample symptoms include lack of social or emotional reciprocity, stereotyped and repetitive use of language or idiosyncratic language, and persistent preoccupation with unusual objects.",0.7,474,1773044211.316834,2026-03-09T09:16:51.316842,0.3404871225357055,0.4567010104656219,Llama-3.3-70B-Instruct,70000000000,wiki,702,35
"wiki: In response to the army rebellion, an anarchist-inspired movement of peasants and workers, supported by armed militias, took control of Barcelona and of large areas of rural Spain, where they collectivised the land.",0.7,468,1773044263.3658197,2026-03-09T09:17:43.365824,0.327214777469635,0.4466074705123901,Llama-3.3-70B-Instruct,70000000000,wiki,703,35
"news: From Page to Stage In 1892 St. Petersburg, choreographer Marius Petipa and composer Pyotr Ilyich Tchaikovsky pulled the story off the page and onto the stage of the Mariinsky Theatre.",0.7,464,1773044315.1342924,2026-03-09T09:18:35.134297,0.3179191648960113,0.4402918219566345,Llama-3.3-70B-Instruct,70000000000,news,704,35
"wiki: Diagnosis Diagnosis is based on behavior, not cause or mechanism.",0.7,497,1773044366.2723024,2026-03-09T09:19:26.272307,0.3570939302444458,0.4507636427879333,Llama-3.3-70B-Instruct,70000000000,wiki,705,35
"wiki: A common criticism against autistic activists is that the majority of them are ""high-functioning"" or have Asperger syndrome and do not represent the views of ""low-functioning"" autistic people.",0.7,470,1773044418.4099758,2026-03-09T09:20:18.409985,0.328061044216156,0.4453254044055938,Llama-3.3-70B-Instruct,70000000000,wiki,706,35
"wiki: The rural-dominated Alabama legislature consistently underfunded schools and services for the disenfranchised African Americans, but it did not relieve them of paying taxes.",0.7,478,1773044470.1951473,2026-03-09T09:21:10.195153,0.340893805027008,0.452073186635971,Llama-3.3-70B-Instruct,70000000000,wiki,707,35
"wiki: Overall, contemporary anarchists are much less violent and militant than their ideological ancestors.",0.7,494,1773044521.5184903,2026-03-09T09:22:01.518499,0.3548425436019897,0.4509079158306122,Llama-3.3-70B-Instruct,70000000000,wiki,708,35
"wiki: As new genetic tests are developed several ethical, legal, and social issues will emerge.",0.7,492,1773044572.85176,2026-03-09T09:22:52.851774,0.3560242354869842,0.4539961516857147,Llama-3.3-70B-Instruct,70000000000,wiki,709,35
wiki: It has been in operation since 1929.,0.7,499,1773044624.2919345,2026-03-09T09:23:44.291943,0.3522674143314361,0.4441911876201629,Llama-3.3-70B-Instruct,70000000000,wiki,710,35
"news: Although you might find systems with more features (and a more powerful configuration system), Trac is very simple to set up and use.",0.7,482,1773044676.007744,2026-03-09T09:24:36.007753,0.3261632919311523,0.4308551251888275,Llama-3.3-70B-Instruct,70000000000,news,711,35
"wiki: Many individuals with ASD show superior skills in perception and attention, relative to the general population.",0.7,491,1773044727.3160949,2026-03-09T09:25:27.316104,0.3523832559585571,0.451162576675415,Llama-3.3-70B-Instruct,70000000000,wiki,712,35
news: Figure A You can now go to Preferences and configure your installation of Trac.,0.7,493,1773044778.629853,2026-03-09T09:26:18.629862,0.3533694744110107,0.4503833651542663,Llama-3.3-70B-Instruct,70000000000,news,713,35
fiction: Which of these would most likely improve the air quality in large Texas cities? (Answer: A),0.7,489,1773044818.6099277,2026-03-09T09:26:58.609933,0.3522589802742004,0.453809380531311,Llama-3.3-70B-Instruct,70000000000,fiction,714,35
"wiki: Tactics  Anarchists' tactics take various forms but in general serve two major goals, namely to first oppose the Establishment and secondly to promote anarchist ethics and reflect an anarchist vision of society, illustrating the unity of means and ends.",0.7,462,1773044870.4965308,2026-03-09T09:27:50.496535,0.328059583902359,0.4558209478855133,Llama-3.3-70B-Instruct,70000000000,wiki,715,35
"code: Explain what this code does:
def function_21(x): return x * 2",0.7,492,1773044921.817948,2026-03-09T09:28:41.817953,0.3690519630908966,0.4695766568183899,Llama-3.3-70B-Instruct,70000000000,code,716,35
"fiction: According to a pH scale, which pH would be the strongest acid? (Answer: A)",0.7,490,1773044973.007607,2026-03-09T09:29:33.007616,0.3591233491897583,0.4603717625141144,Llama-3.3-70B-Instruct,70000000000,fiction,717,35
news: New York City Ballet continues its first year without Peter Martins at the helm as our spring season opens tonight.,0.7,488,1773045024.5000803,2026-03-09T09:30:24.500093,0.3484415709972381,0.4504413604736328,Llama-3.3-70B-Instruct,70000000000,news,718,35
fiction: Which statement best compares single-celled and multi-celled organisms? (Answer: C),0.7,491,1773045051.82438,2026-03-09T09:30:51.824385,0.3581168055534363,0.4581926763057709,Llama-3.3-70B-Instruct,70000000000,fiction,719,35
"news: The four-person group is made up of members of the company's current artistic staff, led by ballet master and former principal dancer Jonathan Stafford.",0.7,481,1773045103.3593645,2026-03-09T09:31:43.359374,0.3425699472427368,0.4506877064704895,Llama-3.3-70B-Instruct,70000000000,news,720,36
"wiki: Self-injury: Behaviors such as eye-poking, skin-picking, hand-biting and head-banging.",0.7,485,1773045154.8274243,2026-03-09T09:32:34.827433,0.3432146906852722,0.4471179246902466,Llama-3.3-70B-Instruct,70000000000,wiki,721,36
"news: I've noticed it the most during dress rehearsals, particularly for Balanchine ballets.",0.7,490,1773045206.4540176,2026-03-09T09:33:26.454027,0.350054383277893,0.4500433504581451,Llama-3.3-70B-Instruct,70000000000,news,722,36
fiction: Which of these is not an inherited trait in humans? (Answer: D),0.7,493,1773045257.813939,2026-03-09T09:34:17.813949,0.3604288101196289,0.4585537910461426,Llama-3.3-70B-Instruct,70000000000,fiction,723,36
wiki: How autism occurs is not well understood.,0.7,501,1773045308.9455051,2026-03-09T09:35:08.945514,0.3768702745437622,0.4687276780605316,Llama-3.3-70B-Instruct,70000000000,wiki,724,36
"news: Between run-throughs, each fastidiously practices difficult sections, never satisfied with the results.",0.7,490,1773045360.285977,2026-03-09T09:36:00.285981,0.3492118418216705,0.4510812759399414,Llama-3.3-70B-Instruct,70000000000,news,725,36
wiki: Alabama receives an average of  of rainfall annually and enjoys a lengthy growing season of up to 300 days in the southern part of the state.,0.7,480,1773045411.8428936,2026-03-09T09:36:51.842899,0.3408446609973907,0.4497098326683044,Llama-3.3-70B-Instruct,70000000000,wiki,726,36
news: There's just an amazing sense of trust and spontaneity; I feel so connected when I'm out there.,0.7,486,1773045463.4624758,2026-03-09T09:37:43.462480,0.3488949835300445,0.4539610743522644,Llama-3.3-70B-Instruct,70000000000,news,727,36
fiction: Cellular respiration results in the production of adenosine triphosphate (ATP) molecules for energy. The most efficient form of cellular respiration would result in the production of ATP along with which substances? (Answer: D),0.7,462,1773045516.1635532,2026-03-09T09:38:36.163558,0.3247576951980591,0.4506873190402984,Llama-3.3-70B-Instruct,70000000000,fiction,728,36
fiction: The source of energy for the Earth's water cycle is the (Answer: B),0.7,492,1773045526.2317257,2026-03-09T09:38:46.231730,0.3592347204685211,0.4582453072071075,Llama-3.3-70B-Instruct,70000000000,fiction,729,36
wiki: Joseph Raz states that the acceptance of authority implies the belief that following their instructions will afford more success.,0.7,489,1773045577.4980536,2026-03-09T09:39:37.498064,0.3590224087238312,0.4623054265975952,Llama-3.3-70B-Instruct,70000000000,wiki,730,36
"code: Explain what this code does:
def function_53(x): return x * 2",0.7,492,1773045628.7756112,2026-03-09T09:40:28.775621,0.3644850850105285,0.4642508924007416,Llama-3.3-70B-Instruct,70000000000,code,731,36
"wiki: By the 9th century, the Caroline script, which was very similar to the present-day form, was the principal form used in book-making, before the advent of the printing press.",0.7,471,1773045680.597003,2026-03-09T09:41:20.597012,0.3202171921730041,0.4369924664497375,Llama-3.3-70B-Instruct,70000000000,wiki,732,36
news: Subscribe Also see,0.7,506,1773045731.5635822,2026-03-09T09:42:11.563591,0.363255500793457,0.4529417753219604,Llama-3.3-70B-Instruct,70000000000,news,733,36
"news: Offered in two different styles and either 2.5"" or 3"" heels, top industry professionals are loving how versatile and supportive these shoes are!",0.7,477,1773045783.0058386,2026-03-09T09:43:03.005847,0.3201745748519897,0.4293638467788696,Llama-3.3-70B-Instruct,70000000000,news,734,36
wiki: Over Antarctica snow albedo averages a little more than 0.8.,0.7,494,1773045834.3183675,2026-03-09T09:43:54.318372,0.3513182401657104,0.4483624994754791,Llama-3.3-70B-Instruct,70000000000,wiki,735,36
"wiki: This benefited the urban areas that had developed, as well as all in the population who had been underrepresented for more than sixty years.",0.7,482,1773045885.7437668,2026-03-09T09:44:45.743771,0.3277830481529236,0.4337278604507446,Llama-3.3-70B-Instruct,70000000000,wiki,736,36
news: Log in with the user admin and the password you set when you created admin user earlier.,0.7,491,1773045937.4144146,2026-03-09T09:45:37.414419,0.3486211001873016,0.4492949545383453,Llama-3.3-70B-Instruct,70000000000,news,737,36
"wiki: Williams, Benjamin Buford.",0.7,503,1773045988.7486763,2026-03-09T09:46:28.748693,0.3620107471942901,0.452785462141037,Llama-3.3-70B-Instruct,70000000000,wiki,738,36
"fiction: One evening as it is getting dark, Alex sits on the front porch and watches the sun slowly disappear behind the neighbor's house across the street. Which explains this observation? (Answer: D)",0.7,470,1773046040.5850368,2026-03-09T09:47:20.585045,0.3429131507873535,0.4639466404914856,Llama-3.3-70B-Instruct,70000000000,fiction,739,36
news: And then the last third is basically just direct quotes from his films and bringing them back to life.,0.7,489,1773046092.0468004,2026-03-09T09:48:12.046805,0.3546551465988159,0.4573562145233154,Llama-3.3-70B-Instruct,70000000000,news,740,37
"news: The Bolshoi Premiere of John Neumeier's Anna Karenina Last July Hamburg Ballet presented the world premiere of John Neumeier's Anna Karenina, a modern adaptation on Leo Tolstoy's famous novel.",0.7,465,1773046143.6133962,2026-03-09T09:49:03.613406,0.3159427046775818,0.4362924993038177,Llama-3.3-70B-Instruct,70000000000,news,741,37
"news: The device is smaller than a credit card, has no moving parts, generates no heat, is wall-mountable, is powered by a standard USB (or included mini USB), and offers a standard ethernet connection.",0.7,467,1773046195.2424717,2026-03-09T09:49:55.242482,0.3149529993534088,0.4345648288726806,Llama-3.3-70B-Instruct,70000000000,news,742,37
wiki: The atypical antipsychotic drugs risperidone and aripiprazole are FDA-approved for treating associated aggressive and self-injurious behaviors.,0.7,477,1773046246.951804,2026-03-09T09:50:46.951812,0.3394301235675812,0.4530391991138458,Llama-3.3-70B-Instruct,70000000000,wiki,743,37
"wiki: Different types of clouds exhibit different reflectivity, theoretically ranging in albedo from a minimum of near 0 to a maximum approaching 0.8.",0.7,479,1773046298.5689647,2026-03-09T09:51:38.568977,0.3481959998607635,0.4599770605564117,Llama-3.3-70B-Instruct,70000000000,wiki,744,37
wiki: The term albedo was introduced into optics by Johann Heinrich Lambert in his 1760 work Photometria.,0.7,486,1773046350.19084,2026-03-09T09:52:30.190846,0.3570843338966369,0.4623206257820129,Llama-3.3-70B-Instruct,70000000000,wiki,745,37
"wiki: Nonetheless, his ideas formed the inspiration for a series of modern schools around the world.",0.7,492,1773046398.9747016,2026-03-09T09:53:18.974717,0.36451256275177,0.4647544920444488,Llama-3.3-70B-Instruct,70000000000,wiki,746,37
"news: Although the agreement was for the transients to get about $80 for their part in the scam, McNeight took half of the money and fled on foot.",0.7,476,1773046425.7887063,2026-03-09T09:53:45.788716,0.3304067552089691,0.4450245201587677,Llama-3.3-70B-Instruct,70000000000,news,747,37
"wiki: Alabama's constitution has been amended more than 700 times, and almost one-third of the amendments are local in nature, applying to only one county or city.",0.7,477,1773046477.5629811,2026-03-09T09:54:37.562989,0.3466061055660248,0.4603265821933746,Llama-3.3-70B-Instruct,70000000000,wiki,748,37
"news: Said solution is Gitstorage, an easy-to-deploy appliance dedicated to housing your Git repositories.",0.7,490,1773046529.6400838,2026-03-09T09:55:29.640096,0.3470798134803772,0.4460832178592682,Llama-3.3-70B-Instruct,70000000000,news,749,37
"wiki: Owen Thomas M. History of Alabama and Dictionary of Alabama Biography (4 vols, 1921).",0.7,488,1773046580.9447503,2026-03-09T09:56:20.944764,0.3553185760974884,0.4593846797943115,Llama-3.3-70B-Instruct,70000000000,wiki,750,37
"code: Explain what this code does:
def function_12(x): return x * 2",0.7,492,1773046632.387618,2026-03-09T09:57:12.387630,0.3627987802028656,0.4622789621353149,Llama-3.3-70B-Instruct,70000000000,code,751,37
"news: Even if you're a one-person shop consultancy, it can be easy to drown in a quagmire of projects.",0.7,484,1773046684.0342438,2026-03-09T09:58:04.034253,0.3521839082241058,0.4583373963832855,Llama-3.3-70B-Instruct,70000000000,news,752,37
wiki: and possibly Alabahmu.,0.7,502,1773046735.1559975,2026-03-09T09:58:55.156006,0.3546279370784759,0.4450525045394897,Llama-3.3-70B-Instruct,70000000000,wiki,753,37
"news: Krohn joined NYCB as an apprentice in the fall of 1998 and slowly rose through the ranks, becoming a principal in 2012.",0.7,479,1773046786.619233,2026-03-09T09:59:46.619237,0.3378638923168182,0.4470816254615783,Llama-3.3-70B-Instruct,70000000000,news,754,37
"wiki: A genotype-first model of diagnosis has been proposed, which would routinely assess the genome's copy number variations.",0.7,488,1773046837.912297,2026-03-09T10:00:37.912302,0.3572321236133575,0.4605661630630493,Llama-3.3-70B-Instruct,70000000000,wiki,755,37
"wiki: An estimated 60–80% of autistic people have motor signs that include poor muscle tone, poor motor planning, and toe walking;  deficits in motor coordination are pervasive across ASD and are greater in autism proper.",0.7,466,1773046889.428826,2026-03-09T10:01:29.428835,0.3235225677490234,0.445470929145813,Llama-3.3-70B-Instruct,70000000000,wiki,756,37
"news: According to Fullington, Balanchine took this slide from Ivanov's original choreography.",0.7,490,1773046940.7089095,2026-03-09T10:02:20.708919,0.342944324016571,0.4424130022525787,Llama-3.3-70B-Instruct,70000000000,news,757,37
"news: Regina, 40, will retire from the stage in March, just as her daughter starts her own career as a trainee.",0.7,483,1773046992.5045269,2026-03-09T10:03:12.504531,0.3610545396804809,0.4708024561405182,Llama-3.3-70B-Instruct,70000000000,news,758,37
"news: I've always really loved the Balanchine black and white ballets, and there are some Robbins ballets that are always so fulfilling.",0.7,481,1773047043.8414156,2026-03-09T10:04:03.841424,0.3265097439289093,0.4321579933166504,Llama-3.3-70B-Instruct,70000000000,news,759,37
"wiki: Summers in Alabama are among the hottest in the U.S., with high temperatures averaging over  throughout the summer in some parts of the state.",0.7,481,1773047075.89649,2026-03-09T10:04:35.896499,0.3445156216621399,0.4531194567680359,Llama-3.3-70B-Instruct,70000000000,wiki,760,38
news: In general I would say the time that I've had onstage with some of my friends and dancing partners has been so special.,0.7,484,1773047127.6335056,2026-03-09T10:05:27.633515,0.3421149849891662,0.4467020034790039,Llama-3.3-70B-Instruct,70000000000,news,761,38
"news: For some, that means setting up a server and running a Git repository for the housing of proprietary or open source code.",0.7,485,1773047179.2459536,2026-03-09T10:06:19.245958,0.343384712934494,0.4473533630371094,Llama-3.3-70B-Instruct,70000000000,news,762,38
"wiki: Alabama () is a state in the Southeastern region of the United States, bordered by Tennessee to the north; Georgia to the east; Florida and the Gulf of Mexico to the south; and Mississippi to the west.",0.7,466,1773047230.77555,2026-03-09T10:07:10.775555,0.3407907485961914,0.4660600423812866,Llama-3.3-70B-Instruct,70000000000,wiki,763,38
"wiki: In comparison, for PDD-NOS the association with intellectual disability is much weaker, and by definition, the diagnosis of Asperger's excludes intellectual disability.",0.7,477,1773047282.185916,2026-03-09T10:08:02.185923,0.3439550399780273,0.4571749567985534,Llama-3.3-70B-Instruct,70000000000,wiki,764,38
"code: Explain what this code does:
def function_23(x): return x * 2",0.7,492,1773047333.7804034,2026-03-09T10:08:53.780414,0.3685540556907654,0.4690825641155243,Llama-3.3-70B-Instruct,70000000000,code,765,38
"wiki: A defence of philosophical anarchism, stating that ""both kinds of 'anarchism' [i.e.",0.7,487,1773047385.2183468,2026-03-09T10:09:45.218357,0.3470477759838104,0.451006531715393,Llama-3.3-70B-Instruct,70000000000,wiki,766,38
"code: Explain what this code does:
def function_10(x): return x * 2",0.7,492,1773047436.6529012,2026-03-09T10:10:36.652911,0.3699251711368561,0.4707185626029968,Llama-3.3-70B-Instruct,70000000000,code,767,38
wiki: Siblings of children with ASD report greater admiration of and less conflict with the affected sibling than siblings of unaffected children and were similar to siblings of children with Down syndrome in these aspects of the sibling relationship.,0.7,469,1773047488.2169878,2026-03-09T10:11:28.216999,0.3331106603145599,0.4531293511390686,Llama-3.3-70B-Instruct,70000000000,wiki,768,38
wiki: Cotton and other cash crops faded in importance as the state developed a manufacturing and service base.,0.7,491,1773047539.778194,2026-03-09T10:12:19.778204,0.3660894334316253,0.4676876068115234,Llama-3.3-70B-Instruct,70000000000,wiki,769,38
"wiki: Not only did they confront state armed forces, as in Spain and Ukraine, but some of them also employed terrorism as propaganda of the deed.",0.7,481,1773047591.2812133,2026-03-09T10:13:11.281224,0.3435271382331848,0.451968252658844,Llama-3.3-70B-Instruct,70000000000,wiki,770,38
"wiki: Anarchism calls for the abolition of the state, which it holds to be unnecessary, undesirable, and harmful.",0.7,486,1773047642.693004,2026-03-09T10:14:02.693014,0.355716198682785,0.4599581062793731,Llama-3.3-70B-Instruct,70000000000,wiki,771,38
wiki: Aerosols modify the properties of clouds through a subset of the aerosol population called cloud condensation nuclei.,0.7,488,1773047693.9159763,2026-03-09T10:14:53.915985,0.3573832809925079,0.4599758982658386,Llama-3.3-70B-Instruct,70000000000,wiki,772,38
"news: Once I had that IP address, I could point my browser to that address and login with user root and password password.",0.7,485,1773047745.324966,2026-03-09T10:15:45.324975,0.3237237930297851,0.4245387017726898,Llama-3.3-70B-Instruct,70000000000,news,773,38
wiki: History  Pre-European settlement  Indigenous peoples of varying cultures lived in the area for thousands of years before the advent of European colonization.,0.7,483,1773047796.616319,2026-03-09T10:16:36.616325,0.350445419549942,0.4573282599449157,Llama-3.3-70B-Instruct,70000000000,wiki,774,38
"wiki: 21st century  In 2001, Alabama Supreme Court chief justice Roy Moore installed a statue of the Ten Commandments in the capitol in Montgomery.",0.7,477,1773047848.079479,2026-03-09T10:17:28.079488,0.3399164080619812,0.4512093961238861,Llama-3.3-70B-Instruct,70000000000,wiki,775,38
"wiki: In 2010, per capita income for the state was $22,984.",0.7,492,1773047899.2728622,2026-03-09T10:18:19.272867,0.3620891273021698,0.4615423679351806,Llama-3.3-70B-Instruct,70000000000,wiki,776,38
"wiki: The Goodyear Tire and Rubber Company operates a large plant in Gadsden which employs about 1,400 people.",0.7,484,1773047950.4990427,2026-03-09T10:19:10.499048,0.3503237068653106,0.4568689167499542,Llama-3.3-70B-Instruct,70000000000,wiki,777,38
"wiki: In sunlight, dark clothes absorb more heat and light-coloured clothes reflect it better, thus allowing some control over body temperature by exploiting the albedo effect of the colour of external clothing.",0.7,472,1773048001.9001782,2026-03-09T10:20:01.900183,0.3342484831809997,0.4517056047916412,Llama-3.3-70B-Instruct,70000000000,wiki,778,38
"code: Explain what this code does:
def function_30(x): return x * 2",0.7,492,1773048053.1411,2026-03-09T10:20:53.141109,0.369290679693222,0.4696023464202881,Llama-3.3-70B-Instruct,70000000000,code,779,38
"wiki: Anarcho-syndicalism is a branch of anarchism that views labour syndicates as a potential force for revolutionary social change, replacing capitalism and the state with a new society democratically self-managed by workers.",0.7,464,1773048105.0225518,2026-03-09T10:21:45.022558,0.3200559616088867,0.4424774944782257,Llama-3.3-70B-Instruct,70000000000,wiki,780,39
"news: Additional security trainings on AWS Security Fundamentals, Authentication and Authorization with AWS Identity and Access Management, AWS Shared Responsibility Model, and AWS Well-Architected Training are also helpful.",0.7,472,1773048156.4237852,2026-03-09T10:22:36.423790,0.3261670172214508,0.4406990706920624,Llama-3.3-70B-Instruct,70000000000,news,781,39
"wiki: The overall federal, state, and local tax burden in Alabama ranks the state as the second least tax-burdened state in the country.",0.7,480,1773048207.7874186,2026-03-09T10:23:27.787423,0.3437502682209015,0.4528714120388031,Llama-3.3-70B-Instruct,70000000000,wiki,782,39
wiki: It has been proposed to classify autism using genetics as well as behavior.,0.7,495,1773048258.868187,2026-03-09T10:24:18.868192,0.3573076426982879,0.4532349109649658,Llama-3.3-70B-Instruct,70000000000,wiki,783,39
fiction: How is a moth's life cycle most different from an insect that goes through incomplete metamorphosis? (Answer: A),0.7,484,1773048310.120204,2026-03-09T10:25:10.120212,0.3503159582614898,0.4559604227542877,Llama-3.3-70B-Instruct,70000000000,fiction,784,39
"news: Email policies IT should have an email policy in place that hardens systems and can detect spam and viruses, Rickard said.",0.7,484,1773048361.4592116,2026-03-09T10:26:01.459216,0.3281837701797485,0.4298217296600342,Llama-3.3-70B-Instruct,70000000000,news,785,39
news: The Canadian artist's many accolades include a 1952 Oscar for Best Documentary for his abstract short film Neighbours (watch the whole thing here).,0.7,479,1773048412.8938725,2026-03-09T10:26:52.893877,0.324738472700119,0.4326187372207641,Llama-3.3-70B-Instruct,70000000000,news,786,39
"code: Explain what this code does:
def function_84(x): return x * 2",0.7,492,1773048464.0814254,2026-03-09T10:27:44.081430,0.3659223616123199,0.4659836590290069,Llama-3.3-70B-Instruct,70000000000,code,787,39
wiki: Urban interests were consistently underrepresented in the legislature.,0.7,499,1773048515.0941396,2026-03-09T10:28:35.094145,0.3655295073986053,0.4592161178588867,Llama-3.3-70B-Instruct,70000000000,wiki,788,39
fiction: A student accidentally drops a test tube that breaks when it hits the floor. Which method is the best way to retrieve the broken glass? (Answer: C),0.7,477,1773048566.5263736,2026-03-09T10:29:26.526378,0.3372792601585388,0.4498229324817657,Llama-3.3-70B-Instruct,70000000000,fiction,789,39
"wiki: Cahaba, now a ghost town, was the first permanent state capital from 1820 to 1825.",0.7,486,1773048617.7545369,2026-03-09T10:30:17.754541,0.3611007332801819,0.4669967293739319,Llama-3.3-70B-Instruct,70000000000,wiki,790,39
"code: Explain what this code does:
def function_69(x): return x * 2",0.7,492,1773048669.3484862,2026-03-09T10:31:09.348491,0.3687370121479034,0.469502329826355,Llama-3.3-70B-Instruct,70000000000,code,791,39
"wiki: In the UK, from 1998 to 2018, the autism diagnoses increased by 787%.",0.7,488,1773048720.7833784,2026-03-09T10:32:00.783383,0.3405041396617889,0.4407768249511719,Llama-3.3-70B-Instruct,70000000000,wiki,792,39
news: The Nutcracker's first major exposure outside of Russia took place in London in 1934.,0.7,489,1773048771.9820285,2026-03-09T10:32:51.982033,0.3553427159786224,0.4567425549030304,Llama-3.3-70B-Instruct,70000000000,news,793,39
"news: ""I think it says something that Alex trusts us to bring the work to its full realization,"" says Wheater.",0.7,486,1773048823.30382,2026-03-09T10:33:43.303832,0.3414341509342193,0.4445281624794006,Llama-3.3-70B-Instruct,70000000000,news,794,39
"code: Explain what this code does:
def function_61(x): return x * 2",0.7,492,1773048874.462703,2026-03-09T10:34:34.462710,0.3663348853588104,0.4663344919681549,Llama-3.3-70B-Instruct,70000000000,code,795,39
wiki: No single treatment is best and treatment is typically tailored to the child's needs.,0.7,493,1773048925.6846738,2026-03-09T10:35:25.684678,0.358687549829483,0.4571800231933594,Llama-3.3-70B-Instruct,70000000000,wiki,796,39
news: The other detail that will change with personal data access under GDPR is how long companies have to respond to your request.,0.7,486,1773048976.8904595,2026-03-09T10:36:16.890464,0.3464628756046295,0.4508914649486542,Llama-3.3-70B-Instruct,70000000000,news,797,39
news: But the management of projects and ticket issues doesn't just fall on the heads of large companies.,0.7,490,1773049028.3167937,2026-03-09T10:37:08.316806,0.3500983715057373,0.4496661126613617,Llama-3.3-70B-Instruct,70000000000,news,798,39
"news: In one of 60 spacious dance studios at the Beijing Dance Academy, Pei Yu Meng practices a tricky step from Jorma Elo's Over Glow.",0.7,478,1773049079.7952085,2026-03-09T10:37:59.795215,0.3356915116310119,0.4457175731658935,Llama-3.3-70B-Instruct,70000000000,news,799,39
"wiki: Muslims have been increasing in Alabama, with 31 mosques built by 2011, many by African-American converts.",1.0,486,1773049131.4534988,2026-03-09T10:38:51.453508,0.3500582277774811,0.4534041285514831,Llama-3.3-70B-Instruct,70000000000,wiki,800,40
"wiki: Among these approaches, interventions either treat autistic features comprehensively, or focalize treatment on a specific area of deficit.",1.0,486,1773049182.7811875,2026-03-09T10:39:42.781196,0.3321416676044464,0.4325077533721924,Llama-3.3-70B-Instruct,70000000000,wiki,801,40
"code: Explain what this code does:
def function_15(x): return x * 2",1.0,492,1773049233.9190056,2026-03-09T10:40:33.919012,0.3645880222320556,0.4642603695392608,Llama-3.3-70B-Instruct,70000000000,code,802,40
wiki: A -wide meteorite hit the area about 80 million years ago.,1.0,494,1773049285.02745,2026-03-09T10:41:25.027459,0.3549878895282745,0.4508418142795563,Llama-3.3-70B-Instruct,70000000000,wiki,803,40
"wiki: Ritualistic behavior: Unvarying pattern of daily activities, such as an unchanging menu or a dressing ritual.",1.0,486,1773049336.477747,2026-03-09T10:42:16.477751,0.345242440700531,0.449375182390213,Llama-3.3-70B-Instruct,70000000000,wiki,804,40
"code: Explain what this code does:
def function_70(x): return x * 2",1.0,492,1773049366.1349027,2026-03-09T10:42:46.134907,0.3642609715461731,0.4636047482490539,Llama-3.3-70B-Instruct,70000000000,code,805,40
fiction: Which celestial object listed below has the greatest density? (Answer: D),1.0,494,1773049417.387972,2026-03-09T10:43:37.387980,0.3729075193405151,0.4717462062835693,Llama-3.3-70B-Instruct,70000000000,fiction,806,40
"code: Explain what this code does:
def function_58(x): return x * 2",1.0,492,1773049468.7340257,2026-03-09T10:44:28.734060,0.36651411652565,0.4662654995918274,Llama-3.3-70B-Instruct,70000000000,code,807,40
"wiki: In 1861, the state seceded from the United States to become part of the Confederate States of America, with Montgomery acting as its first capital, and rejoined the Union in 1868.",1.0,467,1773049520.7316484,2026-03-09T10:45:20.731659,0.3303329646587372,0.4524906277656555,Llama-3.3-70B-Instruct,70000000000,wiki,808,40
"code: Explain what this code does:
def function_24(x): return x * 2",1.0,492,1773049572.283638,2026-03-09T10:46:12.283658,0.36396324634552,0.4640083909034729,Llama-3.3-70B-Instruct,70000000000,code,809,40
"wiki: Its oldest city is Mobile, founded by French colonists in 1702 as the capital of French Louisiana.",1.0,487,1773049623.7158718,2026-03-09T10:47:03.715891,0.3494423329830169,0.4523653090000152,Llama-3.3-70B-Instruct,70000000000,wiki,810,40
wiki: The state has numerous place names of Native American origin.,1.0,498,1773049675.903938,2026-03-09T10:47:55.903951,0.3595564365386963,0.4531102478504181,Llama-3.3-70B-Instruct,70000000000,wiki,811,40
"wiki: Law and government  State government  The foundational document for Alabama's government is the Alabama Constitution, which was ratified in 1901.",1.0,482,1773049727.3370728,2026-03-09T10:48:47.337080,0.3430903255939483,0.4497992694377899,Llama-3.3-70B-Instruct,70000000000,wiki,812,40
"news: She's standing among other students, but they all work alone, with the help of teachers calling out corrections from the front of the room.",1.0,481,1773049779.668812,2026-03-09T10:49:39.668821,0.3381967544555664,0.4472766518592834,Llama-3.3-70B-Instruct,70000000000,news,813,40
"news: This week marks the world premiere of Frame by Frame, The National Ballet of Canada's new full length ballet based on the life and work of innovative filmmaker Norman McLaren.",1.0,476,1773049831.2643852,2026-03-09T10:50:31.264391,0.3369570076465606,0.4492034614086151,Llama-3.3-70B-Instruct,70000000000,news,814,40
"news: ""Showing can be more effective than telling.",1.0,500,1773049882.5157092,2026-03-09T10:51:22.515725,0.3422565162181854,0.4332715272903442,Llama-3.3-70B-Instruct,70000000000,news,815,40
wiki: The use of state names derived from Native American languages is common in the U.S.; an estimated 27 states have names of Native American origin.,1.0,480,1773049934.250217,2026-03-09T10:52:14.250231,0.3406336605548858,0.4501214325428009,Llama-3.3-70B-Instruct,70000000000,wiki,816,40
fiction: Trees most likely change the environment in which they are located by (Answer: D),1.0,492,1773049940.490214,2026-03-09T10:52:20.490218,0.3531374037265777,0.4522812962532043,Llama-3.3-70B-Instruct,70000000000,fiction,817,40
"wiki: Generally prohibited in the West at large, school corporal punishment is not unusual in Alabama, with 27,260 public school students paddled at least one time, according to government data for the 2011–2012 school year.",1.0,461,1773049992.206674,2026-03-09T10:53:12.206697,0.3181534111499786,0.4454545080661773,Llama-3.3-70B-Instruct,70000000000,wiki,818,40
fiction: Coal is solid rock that began as organic material that was deposited in a swamp. The formation of coal suggests that (Answer: D),1.0,482,1773050043.9689956,2026-03-09T10:54:03.969014,0.3463497459888458,0.4544234275817871,Llama-3.3-70B-Instruct,70000000000,fiction,819,40
"wiki: For example, the effects of a spectrally responsive albedo are illustrated by the differences between the spectrally weighted albedo of solar photovoltaic technology based on hydrogenated amorphous silicon (a-Si:H) and crystalline silicon (c-Si)-based compared to traditional spectral-integrated albedo predictions.",1.0,443,1773050096.5595567,2026-03-09T10:54:56.559567,0.2983083128929138,0.4427634179592132,Llama-3.3-70B-Instruct,70000000000,wiki,820,41
fiction: Why are alternative fuels being used in some automobiles? (Answer: B),1.0,494,1773050147.918474,2026-03-09T10:55:47.918485,0.3660312294960022,0.4648533463478088,Llama-3.3-70B-Instruct,70000000000,fiction,821,41
"wiki: Ports The Port of Mobile, Alabama's only saltwater port, is a large seaport on the Gulf of Mexico with inland waterway access to the Midwest by way of the Tennessee–Tombigbee Waterway.",1.0,464,1773050199.577454,2026-03-09T10:56:39.577466,0.3156346380710602,0.4368942379951477,Llama-3.3-70B-Instruct,70000000000,wiki,822,41
news: The Bay County Sheriff’s Office has arrested four men from Atlanta after they allegedly hired local transients to cash fraudulent checks for them using stolen personal information.,1.0,479,1773050251.0973449,2026-03-09T10:57:31.097350,0.3336805999279022,0.4434062242507934,Llama-3.3-70B-Instruct,70000000000,news,823,41
"code: Explain what this code does:
def function_44(x): return x * 2",1.0,492,1773050292.568628,2026-03-09T10:58:12.568639,0.3600579798221588,0.4614757597446441,Llama-3.3-70B-Instruct,70000000000,code,824,41
news: Subscribe Also see,1.0,506,1773050343.601695,2026-03-09T10:59:03.601705,0.3464508652687073,0.4346100986003876,Llama-3.3-70B-Instruct,70000000000,news,825,41
"news: For those looking to prepare for the exam, the post recommends going to the AWS Training website and working on the Advanced Architecting on AWS and Security Operations on AWS trainings.",1.0,474,1773050386.4642725,2026-03-09T10:59:46.464284,0.3328593671321869,0.4488952755928039,Llama-3.3-70B-Instruct,70000000000,news,826,41
"news: One thing to note: If you need more users, you'll create them from the command line (in similar fashion as you did above).",1.0,481,1773050437.9959476,2026-03-09T11:00:37.995956,0.3430225253105163,0.4530566334724426,Llama-3.3-70B-Instruct,70000000000,news,827,41
"wiki: Given the long history of slavery and associated racial segregation, the Native American peoples, who have sometimes been of mixed race, have insisted on having their cultural identification respected.",1.0,476,1773050489.979802,2026-03-09T11:01:29.979806,0.334549605846405,0.4466995894908905,Llama-3.3-70B-Instruct,70000000000,wiki,828,41
"wiki: Acquiring language before age six, having an IQ above 50, and having a marketable skill all predict better outcomes; independent living is unlikely with severe autism.",1.0,476,1773050528.2190013,2026-03-09T11:02:08.219010,0.3390868902206421,0.4532870352268219,Llama-3.3-70B-Instruct,70000000000,wiki,829,41
"news: Photo by Walter E. Owen, Courtesy Dance Magazine Archives.",1.0,497,1773050579.291153,2026-03-09T11:02:59.291163,0.3529634475708008,0.4472682178020477,Llama-3.3-70B-Instruct,70000000000,news,830,41
"wiki: At the same time, many rural people migrated to the city of Birmingham to work in new industrial jobs.",1.0,488,1773050630.482844,2026-03-09T11:03:50.482855,0.3451985418796539,0.4459750652313232,Llama-3.3-70B-Instruct,70000000000,wiki,831,41
"wiki: While medications have not been found to help with core symptoms, they may be used for associated symptoms, such as irritability, inattention, or repetitive behavior patterns.",1.0,476,1773050681.8753445,2026-03-09T11:04:41.875349,0.3287578225135803,0.4406725466251373,Llama-3.3-70B-Instruct,70000000000,wiki,832,41
"wiki: No single repetitive or self-injurious behavior seems to be specific to autism, but autism appears to have an elevated pattern of occurrence and severity of these behaviors.",1.0,477,1773050733.261973,2026-03-09T11:05:33.261978,0.3310726583003998,0.4416107833385467,Llama-3.3-70B-Instruct,70000000000,wiki,833,41
"news: One was located at a business on East Avenue and contact was made with Clarence Suggs, age 27, and Reginald Hughes, age 26.",1.0,476,1773050785.6035874,2026-03-09T11:06:25.603595,0.3191607296466827,0.4326160550117492,Llama-3.3-70B-Instruct,70000000000,news,834,41
"wiki: All of them compared gluten- and casein-free diet versus normal diet with a control group (2 double-blind randomized controlled trials, 1 double-blind crossover trial, 1 single-blind trial).",1.0,470,1773050837.1116557,2026-03-09T11:07:17.111662,0.321451336145401,0.4390021860599518,Llama-3.3-70B-Instruct,70000000000,wiki,835,41
news: Log out and log back in with your new credentials.,1.0,498,1773050888.1860197,2026-03-09T11:08:08.186028,0.3659123182296753,0.4622257947921753,Llama-3.3-70B-Instruct,70000000000,news,836,41
"fiction: Heat, light, and sound are all different forms of ___. (Answer: B)",1.0,491,1773050939.3311806,2026-03-09T11:08:59.331185,0.3626797497272491,0.4645320475101471,Llama-3.3-70B-Instruct,70000000000,fiction,837,41
"code: Explain what this code does:
def function_81(x): return x * 2",1.0,492,1773050990.500496,2026-03-09T11:09:50.500501,0.367176353931427,0.4682470858097076,Llama-3.3-70B-Instruct,70000000000,code,838,41
"code: Explain what this code does:
def function_93(x): return x * 2",1.0,492,1773051041.8146462,2026-03-09T11:10:41.814655,0.3626752197742462,0.4627723693847656,Llama-3.3-70B-Instruct,70000000000,code,839,41
"wiki: These kinds of groups more often than not interconnect with each other, forming larger networks.",1.0,491,1773051093.1525977,2026-03-09T11:11:33.152606,0.3322916328907013,0.4292406439781189,Llama-3.3-70B-Instruct,70000000000,wiki,840,42
news: Three transients have also been arrested for their participation.,1.0,498,1773051144.3653064,2026-03-09T11:12:24.365315,0.3466640114784241,0.4392718970775604,Llama-3.3-70B-Instruct,70000000000,news,841,42
fiction: What do cells break down to produce energy? (Answer: A),1.0,495,1773051162.6918223,2026-03-09T11:12:42.691830,0.3517799973487854,0.4475304186344147,Llama-3.3-70B-Instruct,70000000000,fiction,842,42
wiki: Alabama was under military rule from the end of the war in May 1865 until its official restoration to the Union in 1868.,1.0,481,1773051213.9690356,2026-03-09T11:13:33.969040,0.3368892669677734,0.4441582858562469,Llama-3.3-70B-Instruct,70000000000,wiki,843,42
"wiki: Jackson, Harvey H. Inside Alabama: A Personal History of My State (2004).",1.0,491,1773051265.2151685,2026-03-09T11:14:25.215178,0.343632161617279,0.4418153762817383,Llama-3.3-70B-Instruct,70000000000,wiki,844,42
"wiki: Many of these attacks were done by individual assailants and the majority took place in the late 1870s, the early 1880s and the 1890s, with some still occurring in the early 1900s.",1.0,461,1773051317.2467537,2026-03-09T11:15:17.246759,0.3181517124176025,0.4445661604404449,Llama-3.3-70B-Instruct,70000000000,wiki,845,42
"wiki: Because of the constraints of the Alabama Constitution, which centralizes power in the state legislature, only seven counties (Jefferson, Lee, Mobile, Madison, Montgomery, Shelby, and Tuscaloosa) in the state have limited home rule.",1.0,460,1773051369.0632758,2026-03-09T11:16:09.063286,0.3322360515594482,0.464001327753067,Llama-3.3-70B-Instruct,70000000000,wiki,846,42
wiki: Sleep problems affect about two-thirds of individuals with ASD at some point in childhood.,1.0,493,1773051420.894291,2026-03-09T11:17:00.894300,0.3582523763179779,0.4556870758533478,Llama-3.3-70B-Instruct,70000000000,wiki,847,42
"wiki: Albedo in Astronomy  In astronomy, the term albedo can be defined in several different ways, depending upon the application and the wavelength of electromagnetic radiation involved.",1.0,477,1773051472.4433472,2026-03-09T11:17:52.443351,0.3462769389152527,0.4589244425296783,Llama-3.3-70B-Instruct,70000000000,wiki,848,42
"news: Data processing policies Companies need to do data process flow mapping to see what data is being collected, how it's being processed, and who is receiving processed copies, Rickard said.",1.0,473,1773051524.515899,2026-03-09T11:18:44.515908,0.3218563199043274,0.4337503910064697,Llama-3.3-70B-Instruct,70000000000,news,849,42
wiki: One criticism of the current constitution claims that its complexity and length intentionally codify segregation and racism.,1.0,490,1773051575.8842356,2026-03-09T11:19:35.884247,0.3389418721199035,0.4384104311466217,Llama-3.3-70B-Instruct,70000000000,wiki,850,42
"wiki: Mohl, Raymond A.",1.0,503,1773051627.3574746,2026-03-09T11:20:27.357485,0.3749657273292541,0.4642766714096069,Llama-3.3-70B-Instruct,70000000000,wiki,851,42
"code: Explain what this code does:
def function_6(x): return x * 2",1.0,492,1773051679.1861515,2026-03-09T11:21:19.186160,0.3701954782009125,0.4706069827079773,Llama-3.3-70B-Instruct,70000000000,code,852,42
wiki: Other anarchists advocated for or used art as a means to achieve anarchist ends.,1.0,494,1773051730.7204783,2026-03-09T11:22:10.720489,0.3658969700336456,0.463919073343277,Llama-3.3-70B-Instruct,70000000000,wiki,853,42
news: You can also login with the non-admin user you created.,1.0,497,1773051781.9023006,2026-03-09T11:23:01.902312,0.3402708172798157,0.4318036735057831,Llama-3.3-70B-Instruct,70000000000,news,854,42
"wiki: Autistic people may be severely impaired in some respects but average, or even superior, in others.",1.0,489,1773051833.4741209,2026-03-09T11:23:53.474136,0.3486851155757904,0.4498707354068756,Llama-3.3-70B-Instruct,70000000000,wiki,855,42
"wiki: There are two intermediate appellate courts, the Court of Civil Appeals and the Court of Criminal Appeals, and four trial courts: the circuit court (trial court of general jurisdiction), and the district, probate, and municipal courts.",1.0,464,1773051885.251047,2026-03-09T11:24:45.251061,0.3195461332798004,0.442104160785675,Llama-3.3-70B-Instruct,70000000000,wiki,856,42
fiction: Which of these is never found in prokaryotic cells? (Answer: D),1.0,491,1773051899.2200322,2026-03-09T11:24:59.220037,0.3515477478504181,0.4509141445159912,Llama-3.3-70B-Instruct,70000000000,fiction,857,42
"wiki: In Greek handwriting, it was common to join the left leg and horizontal stroke into a single loop, as demonstrated by the uncial version shown.",1.0,480,1773051950.7242322,2026-03-09T11:25:50.724244,0.3419223129749298,0.4510155022144317,Llama-3.3-70B-Instruct,70000000000,wiki,858,42
"fiction: When a mirror is placed by a fish bowl with a beta fish swimming inside, the beta fish sees what appears to be another fish. This occurs because of (Answer: C)",1.0,473,1773052002.2780943,2026-03-09T11:26:42.278107,0.3424478769302368,0.4596845507621765,Llama-3.3-70B-Instruct,70000000000,fiction,859,42
"wiki: Civil War and Reconstruction  By 1860, the population had increased to 964,201 people, of which nearly half, 435,080, were enslaved African Americans, and 2,690 were free people of color.",1.0,462,1773052054.0410328,2026-03-09T11:27:34.041037,0.3256117403507232,0.4523670375347137,Llama-3.3-70B-Instruct,70000000000,wiki,860,43
"code: Explain what this code does:
def function_46(x): return x * 2",1.0,492,1773052105.6436243,2026-03-09T11:28:25.643638,0.3635801672935486,0.4626446664333343,Llama-3.3-70B-Instruct,70000000000,code,861,43
"news: During a search warrant on the two vehicles two printers, blank checks, cash, and a computer with check-making software were located and seized.",1.0,481,1773052157.0821526,2026-03-09T11:29:17.082165,0.3247720599174499,0.4316636621952057,Llama-3.3-70B-Instruct,70000000000,news,862,43
"wiki: Instead of people being able to control the aspects of their life, major decisions are taken by a small elite.",1.0,487,1773052208.5274224,2026-03-09T11:30:08.527434,0.3487031757831573,0.4523486495018005,Llama-3.3-70B-Instruct,70000000000,wiki,863,43
"code: Explain what this code does:
def function_28(x): return x * 2",1.0,492,1773052259.8442204,2026-03-09T11:30:59.844226,0.366360068321228,0.4661817848682403,Llama-3.3-70B-Instruct,70000000000,code,864,43
fiction: Which term best describes the life cycle of an insect that reaches the adult stage without being a pupa? (Answer: A),1.0,483,1773052311.246856,2026-03-09T11:31:51.246865,0.3510193526744842,0.4579224586486816,Llama-3.3-70B-Instruct,70000000000,fiction,865,43
"wiki: The Gulf Coast, around Mobile Bay, averages between 70 and 80 days per year with thunder reported.",1.0,487,1773052362.781832,2026-03-09T11:32:42.781836,0.3487816452980041,0.4518325626850128,Llama-3.3-70B-Instruct,70000000000,wiki,866,43
"wiki: Anarchists also reinforced their propaganda within the arts, some of whom practiced naturism and nudism.",1.0,488,1773052414.2036974,2026-03-09T11:33:34.203702,0.3560052514076233,0.4594441950321197,Llama-3.3-70B-Instruct,70000000000,wiki,867,43
"wiki: During the antebellum period, Alabama was a major producer of cotton, and widely used African American slave labor.",1.0,485,1773052458.7627072,2026-03-09T11:34:18.762712,0.3469479382038116,0.4522140622138977,Llama-3.3-70B-Instruct,70000000000,wiki,868,43
"news: If I can't describe what I want with words, I have to show them.""",1.0,492,1773052510.3656375,2026-03-09T11:35:10.365642,0.348543256521225,0.4490699172019958,Llama-3.3-70B-Instruct,70000000000,news,869,43
"wiki: A. John Simmons and Leslie Green, who leaned toward philosophical anarchism, believed that the state could be legitimate if it is governed by consensus, although they saw this as highly unlikely.",1.0,472,1773052562.459364,2026-03-09T11:36:02.459375,0.3396368622779846,0.4573691487312317,Llama-3.3-70B-Instruct,70000000000,wiki,870,43
news: New York City Ballet principal dancer Rebecca Krohn will take her final bow with the company this Saturday night.,1.0,488,1773052613.7874377,2026-03-09T11:36:53.787448,0.3586658239364624,0.4613131880760193,Llama-3.3-70B-Instruct,70000000000,news,871,43
"fiction: Hatchling sea turtles are typically dark in color. Occasionally, a sea turtle hatches that is almost white in color. When crawling from the nest on the beach to the ocean, this light-colored sea turtle could be at risk for sunburn. The light color of the turtles would most likely (Answer: C)",1.0,446,1773052629.6708145,2026-03-09T11:37:09.670819,0.302793800830841,0.4433907270431518,Llama-3.3-70B-Instruct,70000000000,fiction,872,43
fiction: Which of these human activities does not contribute to the extinction of species? (Answer: C),1.0,490,1773052680.8688834,2026-03-09T11:38:00.868894,0.3542993068695068,0.4544323980808258,Llama-3.3-70B-Instruct,70000000000,fiction,873,43
fiction: How long does it take for Earth to rotate on its axis seven times? (Answer: B),1.0,489,1773052732.1897533,2026-03-09T11:38:52.189764,0.3580667376518249,0.4609101414680481,Llama-3.3-70B-Instruct,70000000000,fiction,874,43
"wiki: The first community of adherents of the Baháʼí Faith in Alabama was founded in 1896 by Paul K. Dealy, who moved from Chicago to Fairhope.",1.0,472,1773052783.7340565,2026-03-09T11:39:43.734065,0.3351909518241882,0.4514915347099304,Llama-3.3-70B-Instruct,70000000000,wiki,875,43
wiki: No known medication relieves autism's core symptoms of social and communication impairments.,1.0,493,1773052835.2449956,2026-03-09T11:40:35.245000,0.3668697476387024,0.4658432602882385,Llama-3.3-70B-Instruct,70000000000,wiki,876,43
"code: Explain what this code does:
def function_31(x): return x * 2",1.0,492,1773052886.56679,2026-03-09T11:41:26.566800,0.3653995990753174,0.4650498628616333,Llama-3.3-70B-Instruct,70000000000,code,877,43
"code: Explain what this code does:
def function_35(x): return x * 2",1.0,492,1773052938.33094,2026-03-09T11:42:18.330950,0.3679625689983368,0.4679799377918243,Llama-3.3-70B-Instruct,70000000000,code,878,43
"news: 34 total views, 34 views today Share Us",1.0,498,1773052989.8345497,2026-03-09T11:43:09.834560,0.3729211688041687,0.4700410068035126,Llama-3.3-70B-Instruct,70000000000,news,879,43
news: That's something I'll never forget.,1.0,501,1773053041.33488,2026-03-09T11:44:01.334891,0.3562438189983368,0.4482442140579223,Llama-3.3-70B-Instruct,70000000000,news,880,44
news: A number of dancers including New York City Ballet principal Russell Janzen will be acting as moving models.,1.0,489,1773053092.5406218,2026-03-09T11:44:52.540632,0.3459143042564392,0.4462455213069916,Llama-3.3-70B-Instruct,70000000000,news,881,44
"code: Explain what this code does:
def function_29(x): return x * 2",1.0,492,1773053143.8874066,2026-03-09T11:45:43.887416,0.3740139603614807,0.4748423397541046,Llama-3.3-70B-Instruct,70000000000,code,882,44
wiki: Education  Primary and secondary education  Public primary and secondary education in Alabama is under the purview of the Alabama State Board of Education as well as local oversight by 67 county school boards and 60 city boards of education.,1.0,464,1773053195.9399557,2026-03-09T11:46:35.939967,0.3346863985061645,0.4607543647289276,Llama-3.3-70B-Instruct,70000000000,wiki,883,44
wiki: About half of people in their 20s with autism are not employed.,1.0,494,1773053247.464326,2026-03-09T11:47:27.464333,0.348938912153244,0.4441618919372558,Llama-3.3-70B-Instruct,70000000000,wiki,884,44
wiki: Legion Field is home of the UAB Blazers football program and the Birmingham Bowl.,1.0,493,1773053298.78174,2026-03-09T11:48:18.781749,0.3581247627735138,0.455218642950058,Llama-3.3-70B-Instruct,70000000000,wiki,885,44
news: 3.,1.0,506,1773053349.861426,2026-03-09T11:49:09.861431,0.3657559156417846,0.4534503519535064,Llama-3.3-70B-Instruct,70000000000,news,886,44
fiction: The composition of soil influences the soil's ability to retain and transmit water and air. What soil type would be best for planting a productive garden? (Answer: B),1.0,475,1773053401.602846,2026-03-09T11:50:01.602851,0.3414473831653595,0.4562802314758301,Llama-3.3-70B-Instruct,70000000000,fiction,887,44
"wiki: History  The earliest certain ancestor of ""A"" is aleph (also written 'aleph), the first letter of the Phoenician alphabet, which consisted entirely of consonants (for that reason, it is also called an abjad to distinguish it from a true alphabet).",1.0,453,1773053453.5184276,2026-03-09T11:50:53.518440,0.3117748498916626,0.4455525875091553,Llama-3.3-70B-Instruct,70000000000,wiki,888,44
"wiki: Immigration from outside the U.S. resulted in a net increase of 31,180 people, and migration within the country produced a net gain of 73,811 people.",1.0,474,1773053505.109383,2026-03-09T11:51:45.109388,0.3324832618236542,0.4464983344078064,Llama-3.3-70B-Instruct,70000000000,wiki,889,44
news: Balanchine included Shiryaev's original choreography in his Nutcracker.,1.0,492,1773053556.5405707,2026-03-09T11:52:36.540586,0.3408773839473724,0.4382995665073395,Llama-3.3-70B-Instruct,70000000000,news,890,44
"wiki: It has been established that vaccination is not a risk factor for autism and is not behind any increase in autism prevalence rates, if any change in the rate of autism exists at all.",1.0,473,1773053608.6367874,2026-03-09T11:53:28.636793,0.3194141089916229,0.4319392740726471,Llama-3.3-70B-Instruct,70000000000,wiki,891,44
wiki: A smooth metallic sphere would have .,1.0,502,1773053660.607459,2026-03-09T11:54:20.607470,0.3617421388626098,0.4503748714923858,Llama-3.3-70B-Instruct,70000000000,wiki,892,44
"code: Explain what this code does:
def function_89(x): return x * 2",1.0,492,1773053712.241404,2026-03-09T11:55:12.241415,0.3710498213768005,0.4716013967990875,Llama-3.3-70B-Instruct,70000000000,code,893,44
fiction: An ice cube placed in sunlight melts quickly. Which BEST explains this event? (Answer: B),1.0,489,1773053763.6325128,2026-03-09T11:56:03.632523,0.3539011180400848,0.4548195600509643,Llama-3.3-70B-Instruct,70000000000,fiction,894,44
news: BDA alumni in American companies include San Francisco Ballet soloists Wei Wang and Wanting Zhao and ABT corps members Zhiyao Zhang and Xuelan Lu.,1.0,475,1773053815.1384573,2026-03-09T11:56:55.138468,0.336534321308136,0.4498168230056762,Llama-3.3-70B-Instruct,70000000000,news,895,44
wiki: Alabama's slaves were freed by the 13th Amendment in 1865.,1.0,493,1773053866.3825047,2026-03-09T11:57:46.382513,0.3616970479488373,0.4593031704425812,Llama-3.3-70B-Instruct,70000000000,wiki,896,44
"wiki: Indigenous animal species in the state include 62 mammal species, 93 reptile species, 73 amphibian species, roughly 307 native freshwater fish species, and 420 bird species that spend at least part of their year within the state.",1.0,459,1773053918.087714,2026-03-09T11:58:38.087723,0.3083223104476928,0.4351222217082977,Llama-3.3-70B-Instruct,70000000000,wiki,897,44
fiction: Which of these do scientists offer as the most recent explanation as to why many plants and animals died out at the end of the Mesozoic era? (Answer: D),1.0,474,1773053969.8346157,2026-03-09T11:59:29.834620,0.3315427005290985,0.445595383644104,Llama-3.3-70B-Instruct,70000000000,fiction,898,44
"fiction: Some animals are very rare. For example, there are very few Siberian tigers. If the only Siberian tigers left are female, what will most likely happen? (Answer: D)",1.0,469,1773054021.3640711,2026-03-09T12:00:21.364082,0.334130585193634,0.454500138759613,Llama-3.3-70B-Instruct,70000000000,fiction,899,44
wiki: Anarchist tactics have shifted during the course of the last century.,1.0,495,1773054072.7091477,2026-03-09T12:01:12.709158,0.3576684594154358,0.4535371959209442,Llama-3.3-70B-Instruct,70000000000,wiki,900,45
"wiki: In May 2007, German steelmaker ThyssenKrupp selected Calvert in Mobile County for a 4.65billion combined stainless and carbon steel processing facility.",1.0,472,1773054124.5417175,2026-03-09T12:02:04.541726,0.3422556817531585,0.4607636630535126,Llama-3.3-70B-Instruct,70000000000,wiki,901,45
wiki: Some studies also find decreased earning among parents who care for autistic children.,1.0,495,1773054176.042705,2026-03-09T12:02:56.042714,0.3470306098461151,0.4433072507381439,Llama-3.3-70B-Instruct,70000000000,wiki,902,45
fiction: A flowing stream contains water at 18°C. Cans of soft drinks at 28°C are lowered into the stream. Which of the following will most likely occur? (Answer: B),1.0,470,1773054227.6483483,2026-03-09T12:03:47.648354,0.3378917276859283,0.4570841789245605,Llama-3.3-70B-Instruct,70000000000,fiction,903,45
wiki: Collectivist anarchism is a revolutionary socialist form of anarchism commonly associated with Mikhail Bakunin.,1.0,489,1773054278.978417,2026-03-09T12:04:38.978426,0.3546440899372101,0.4560658037662506,Llama-3.3-70B-Instruct,70000000000,wiki,904,45
wiki: The monument was removed in August 2003.,1.0,499,1773054329.99782,2026-03-09T12:05:29.997825,0.3532336056232452,0.4436280429363251,Llama-3.3-70B-Instruct,70000000000,wiki,905,45
"wiki: There is tentative evidence that music therapy may improve social interactions, verbal communication, and non-verbal communication skills.",1.0,487,1773054381.376887,2026-03-09T12:06:21.376892,0.3444956541061401,0.445258229970932,Llama-3.3-70B-Instruct,70000000000,wiki,906,45
wiki: Their decrease in prevalence was the result of further judicial power and targeting and cataloging by state institutions.,1.0,489,1773054433.0162232,2026-03-09T12:07:13.016242,0.3378663659095764,0.4379410445690155,Llama-3.3-70B-Instruct,70000000000,wiki,907,45
"wiki: With the anarchists being crushed in Russia, two new antithetical currents emerged, namely platformism and synthesis anarchism.",1.0,485,1773054484.4616232,2026-03-09T12:08:04.461633,0.3497072458267212,0.4541202485561371,Llama-3.3-70B-Instruct,70000000000,wiki,908,45
"wiki: Local elections Many local offices (county commissioners, boards of education, tax assessors, tax collectors, etc.)",1.0,487,1773054535.951466,2026-03-09T12:08:55.951477,0.3371357023715973,0.4380406141281128,Llama-3.3-70B-Instruct,70000000000,wiki,909,45
"wiki: In English grammar, ""a"", and its variant ""an"", is an indefinite article, used to introduce noun phrases.",1.0,485,1773054587.4678547,2026-03-09T12:09:47.467865,0.3512211143970489,0.4560273885726928,Llama-3.3-70B-Instruct,70000000000,wiki,910,45
"fiction: After observing several dogs running, students ask the following question: Do dogs with long hair run faster than dogs with short hair? How can the students best answer their question? (Answer: B)",1.0,470,1773054639.129041,2026-03-09T12:10:39.129046,0.3349824547767639,0.4538829624652862,Llama-3.3-70B-Instruct,70000000000,fiction,911,45
"wiki: In China, small groups of students imported the humanistic pro-science version of anarcho-communism.",1.0,486,1773054690.578848,2026-03-09T12:11:30.578853,0.3514865636825561,0.4550246000289917,Llama-3.3-70B-Instruct,70000000000,wiki,912,45
"code: Explain what this code does:
def function_5(x): return x * 2",1.0,492,1773054741.8381202,2026-03-09T12:12:21.838125,0.3536920547485351,0.4508201479911804,Llama-3.3-70B-Instruct,70000000000,code,913,45
"wiki: Peirce, Neal R. The Deep South States of America: People, Politics, and Power in the Seven Deep South States (1974).",1.0,479,1773054793.2546115,2026-03-09T12:13:13.254620,0.3297451138496399,0.4389190971851349,Llama-3.3-70B-Instruct,70000000000,wiki,914,45
"code: Explain what this code does:
def function_59(x): return x * 2",1.0,492,1773054844.625299,2026-03-09T12:14:04.625310,0.3743548393249511,0.4754914343357086,Llama-3.3-70B-Instruct,70000000000,code,915,45
news: What are you most looking forward to in your new role?,1.0,497,1773054895.94258,2026-03-09T12:14:55.942584,0.3665420114994049,0.462286114692688,Llama-3.3-70B-Instruct,70000000000,news,916,45
fiction: Which land form is the result of the constructive force of a glacier? (Answer: B),1.0,490,1773054947.2735443,2026-03-09T12:15:47.273551,0.3695908784866333,0.4723820090293884,Llama-3.3-70B-Instruct,70000000000,fiction,917,45
"wiki: The three GOP lieutenant governors are Steve Windom (1999–2003), Kay Ivey (2011–2017), and Will Ainsworth (2019–present).",1.0,472,1773054998.7342527,2026-03-09T12:16:38.734264,0.3348798453807831,0.4513269066810608,Llama-3.3-70B-Instruct,70000000000,wiki,918,45
"code: Explain what this code does:
def function_43(x): return x * 2",1.0,492,1773055011.213674,2026-03-09T12:16:51.213678,0.3589898943901062,0.4578808844089508,Llama-3.3-70B-Instruct,70000000000,code,919,45
wiki: Variation in summer albedo across both forest types is associated with maximum rates of photosynthesis because plants with high growth capacity display a greater fraction of their foliage for direct interception of incoming radiation in the upper canopy.,1.0,468,1773055063.0216658,2026-03-09T12:17:43.021677,0.3170311748981476,0.4349459111690521,Llama-3.3-70B-Instruct,70000000000,wiki,920,46
"code: Explain what this code does:
def function_87(x): return x * 2",1.0,492,1773055114.3874931,2026-03-09T12:18:34.387502,0.3679784536361694,0.4688300192356109,Llama-3.3-70B-Instruct,70000000000,code,921,46
wiki: Industrial development related to the demands of World War II brought a level of prosperity to the state not seen since before the civil war.,1.0,483,1773055165.853184,2026-03-09T12:19:25.853202,0.3291990458965301,0.4336366057395935,Llama-3.3-70B-Instruct,70000000000,wiki,922,46
wiki: A historical current that arose and flourished during 1890 and 1920 within anarchism was free love.,1.0,486,1773055217.3257363,2026-03-09T12:20:17.325745,0.3423734009265899,0.4453373253345489,Llama-3.3-70B-Instruct,70000000000,wiki,923,46
"fiction: Acid rain has a pH below 5.6. This rain can damage soil, lakes, crops, and buildings. Acid rain is caused by all of the following except (Answer: D)",1.0,470,1773055268.9188623,2026-03-09T12:21:08.918872,0.3342795968055725,0.4540260136127472,Llama-3.3-70B-Instruct,70000000000,fiction,924,46
"wiki: It has a seating capacity of 143,000 and is the thirteenth largest stadium in the world and sixth largest stadium in America.",1.0,481,1773055320.387043,2026-03-09T12:22:00.387057,0.3405031561851501,0.4482644498348236,Llama-3.3-70B-Instruct,70000000000,wiki,925,46
wiki: Automakers accounted for approximately a third of the industrial expansion in the state in 2012.,1.0,490,1773055371.7359583,2026-03-09T12:22:51.735973,0.3579325079917907,0.4590493142604828,Llama-3.3-70B-Instruct,70000000000,wiki,926,46
wiki: Black anarchism began to take form at this time and influenced anarchism's move from a Eurocentric demographic.,1.0,486,1773055423.317764,2026-03-09T12:23:43.317778,0.3403095006942749,0.4421907365322113,Llama-3.3-70B-Instruct,70000000000,wiki,927,46
fiction: Which of the following areas is most likely to form metamorphic rocks such as gneiss and schist? (Answer: C),1.0,482,1773055475.1099403,2026-03-09T12:24:35.109954,0.3435151576995849,0.4498913288116455,Llama-3.3-70B-Instruct,70000000000,fiction,928,46
"wiki: In general, higher IQs are correlated with greater responsiveness to treatment and improved treatment outcomes.",1.0,491,1773055526.8725843,2026-03-09T12:25:26.872598,0.3446601033210754,0.4425129890441894,Llama-3.3-70B-Instruct,70000000000,wiki,929,46
"news: He holds his hands towards his chest, indicating the sign for ""I.""",1.0,494,1773055578.69754,2026-03-09T12:26:18.697552,0.3543480932712555,0.451381117105484,Llama-3.3-70B-Instruct,70000000000,news,930,46
"code: Explain what this code does:
def function_68(x): return x * 2",1.0,492,1773055630.7234874,2026-03-09T12:27:10.723501,0.3702125251293182,0.4708079397678375,Llama-3.3-70B-Instruct,70000000000,code,931,46
wiki: These contributed to Congressional passage and enactment of the Civil Rights Act of 1964 and Voting Rights Act of 1965 by the U.S. Congress.,1.0,478,1773055682.2237697,2026-03-09T12:28:02.223783,0.3385192155838012,0.449301928281784,Llama-3.3-70B-Instruct,70000000000,wiki,932,46
"news: Go is cool, Swift is nifty, but old-school Java keeps reinventing itself to power both yesterday's and tomorrow's applications.",1.0,482,1773055733.700136,2026-03-09T12:28:53.700150,0.3294531106948852,0.4341467320919037,Llama-3.3-70B-Instruct,70000000000,news,933,46
"wiki: Also, the Barber Motorsports Park has hosted IndyCar Series and Rolex Sports Car Series races.",1.0,490,1773055785.0420763,2026-03-09T12:29:45.042092,0.3570160865783691,0.4580778479576111,Llama-3.3-70B-Instruct,70000000000,wiki,934,46
news: The company is one of dozens of others honoring Robbins this year; last week we covered Cincinnati Ballet and New York Theatre Ballet.,1.0,484,1773055836.7784362,2026-03-09T12:30:36.778448,0.339871734380722,0.4447386860847473,Llama-3.3-70B-Instruct,70000000000,news,935,46
"code: Explain what this code does:
def function_62(x): return x * 2",1.0,492,1773055888.4320698,2026-03-09T12:31:28.432074,0.3536641895771026,0.4515677094459533,Llama-3.3-70B-Instruct,70000000000,code,936,46
"wiki: Treatment approaches have little empirical support in quality-of-life contexts, and many programs focus on success measures that lack predictive validity and real-world relevance.",1.0,481,1773055940.1480863,2026-03-09T12:32:20.148100,0.3359029293060303,0.4430748522281647,Llama-3.3-70B-Instruct,70000000000,wiki,937,46
"code: Explain what this code does:
def function_51(x): return x * 2",1.0,492,1773055991.812517,2026-03-09T12:33:11.812530,0.3616309762001037,0.4610161781311035,Llama-3.3-70B-Instruct,70000000000,code,938,46
"wiki: Those free love movements contributed to the establishment of communal houses, where large groups of travelers, anarchists and other activists slept in beds together.",1.0,482,1773056043.3688946,2026-03-09T12:34:03.368908,0.3250665962696075,0.4310057163238525,Llama-3.3-70B-Instruct,70000000000,wiki,939,46
"wiki: In the Alabama language, the word for a person of Alabama lineage is  (or variously  or  in different dialects; the plural form is ).",1.0,477,1773056095.1074717,2026-03-09T12:34:55.107487,0.3474486768245697,0.4610356092453003,Llama-3.3-70B-Instruct,70000000000,wiki,940,47
"wiki: Characteristics Autism is a highly variable neurodevelopmental disorder whose symptoms first appear during infancy or childhood, and generally follows a steady course without remission.",1.0,480,1773056147.1382604,2026-03-09T12:35:47.138272,0.3552621006965637,0.4665397703647613,Llama-3.3-70B-Instruct,70000000000,wiki,941,47
"code: Explain what this code does:
def function_85(x): return x * 2",1.0,492,1773056198.7091124,2026-03-09T12:36:38.709117,0.3696944415569305,0.4700879752635956,Llama-3.3-70B-Instruct,70000000000,code,942,47
news: That was when McNeight called the BCSO to report the robbery.,1.0,493,1773056249.949779,2026-03-09T12:37:29.949786,0.3508574664592743,0.4495156407356262,Llama-3.3-70B-Instruct,70000000000,news,943,47
news: SEE: IT project management: 10 ways to stay under budget (free PDF) (TechRepublic) Congratulations You now have your Trac system up and running.,1.0,476,1773056302.0621526,2026-03-09T12:38:22.062166,0.3259308934211731,0.4363160133361816,Llama-3.3-70B-Instruct,70000000000,news,944,47
"wiki: Birmingham also serves as the headquarters for several large investment management companies, including Harbert Management Corporation.",1.0,490,1773056353.5148077,2026-03-09T12:39:13.514821,0.3591455221176147,0.4602707028388977,Llama-3.3-70B-Instruct,70000000000,wiki,945,47
"wiki: Typographic variants  During Roman times, there were many variant forms of the letter ""A"".",1.0,490,1773056404.7592013,2026-03-09T12:40:04.759213,0.3429008722305298,0.4421642124652862,Llama-3.3-70B-Instruct,70000000000,wiki,946,47
"wiki: Societal and cultural aspects of autism have developed: some in the community seek a cure, while others believe that autism is simply another way of being.",1.0,479,1773056456.252175,2026-03-09T12:40:56.252190,0.3408024609088897,0.4500329792499542,Llama-3.3-70B-Instruct,70000000000,wiki,947,47
"wiki: As seen by anarchists, squatting is a way to regain urban space from the capitalist market, serving pragmatical needs and also being an exemplary direct action.",1.0,478,1773056507.716974,2026-03-09T12:41:47.716987,0.3328446447849273,0.441864013671875,Llama-3.3-70B-Instruct,70000000000,wiki,948,47
"wiki: The district's boundaries were roughly limited to the area within a few miles of the Tombigbee River and included portions of what is today southern Clarke County, northernmost Mobile County, and most of Washington County.",1.0,467,1773056559.25832,2026-03-09T12:42:39.258334,0.3204506337642669,0.4394978880882263,Llama-3.3-70B-Instruct,70000000000,wiki,949,47
"code: Explain what this code does:
def function_8(x): return x * 2",1.0,492,1773056610.597831,2026-03-09T12:43:30.597844,0.3660290241241455,0.4667088687419891,Llama-3.3-70B-Instruct,70000000000,code,950,47
"news: Photo by Frederick Melton, Courtesy Dance Magazine Archives.",1.0,498,1773056661.725063,2026-03-09T12:44:21.725075,0.3607257008552551,0.4555142521858215,Llama-3.3-70B-Instruct,70000000000,news,951,47
"wiki: According to the 2012 U.S. News & World Report, Alabama had four tier one universities (University of Alabama, Auburn University, University of Alabama at Birmingham and University of Alabama in Huntsville).",1.0,468,1773056683.8422348,2026-03-09T12:44:43.842252,0.3343987464904785,0.456300675868988,Llama-3.3-70B-Instruct,70000000000,wiki,952,47
"news: But for this one season, they're sharing the stage together.",1.0,496,1773056735.0396256,2026-03-09T12:45:35.039633,0.3517214655876159,0.4488134682178497,Llama-3.3-70B-Instruct,70000000000,news,953,47
news: Willam Christensen (center) with his brothers Lew and Harold.,1.0,495,1773056786.3001697,2026-03-09T12:46:26.300178,0.3611011505126953,0.4571180939674377,Llama-3.3-70B-Instruct,70000000000,news,954,47
"wiki: Just as fresh snow has a higher albedo than does dirty snow, the albedo of snow-covered sea ice is far higher than that of sea water.",1.0,478,1773056837.842496,2026-03-09T12:47:17.842502,0.3433016240596771,0.4554758667945862,Llama-3.3-70B-Instruct,70000000000,wiki,955,47
"wiki: Contemporary-era anarchists have been engaging with various grassroots movements that are more or less based on horizontalism, although not explicitly anarchist, respecting personal autonomy and participating in mass activism such as strikes and demonstrations.",1.0,470,1773056889.3036945,2026-03-09T12:48:09.303700,0.3363970518112182,0.4562500417232513,Llama-3.3-70B-Instruct,70000000000,wiki,956,47
"wiki: From 1826 to 1846, Tuscaloosa served as Alabama's capital.",1.0,490,1773056940.509572,2026-03-09T12:49:00.509579,0.3572579324245453,0.4576521217823028,Llama-3.3-70B-Instruct,70000000000,wiki,957,47
"news: ""People often have Post-it notes on monitors with passwords on them.""",1.0,495,1773056991.7570794,2026-03-09T12:49:51.757089,0.3559860289096832,0.4520294964313507,Llama-3.3-70B-Instruct,70000000000,news,958,47
"wiki: Anarchism has continued to generate many philosophies and movements, at times eclectic, drawing upon various sources and combining disparate concepts to create new philosophical approaches.",1.0,478,1773057043.2903664,2026-03-09T12:50:43.290377,0.3296029567718506,0.4385167062282562,Llama-3.3-70B-Instruct,70000000000,wiki,959,47
"news: After both of the above commands, you'll be prompted to type (and confirm) a password.",1.0,489,1773057094.6804965,2026-03-09T12:51:34.680507,0.3412811160087585,0.4415062069892883,Llama-3.3-70B-Instruct,70000000000,news,960,48
"wiki: The company wore new uniforms with yellow trim on the sleeves, collar and coattails.",1.0,491,1773057146.1696303,2026-03-09T12:52:26.169640,0.3304625749588012,0.428191065788269,Llama-3.3-70B-Instruct,70000000000,wiki,961,48
"news: But Petipa fell ill while choreographing The Nutcracker and handed his duties over to his assistant, Lev Ivanov.",1.0,483,1773057197.562132,2026-03-09T12:53:17.562143,0.3408533036708832,0.4471612572669983,Llama-3.3-70B-Instruct,70000000000,news,962,48
"news: I wanted to be someone that the young dancers could look up to; I wanted to reach out and connect to them more, and to offer support and advice.",1.0,477,1773057249.1357045,2026-03-09T12:54:09.135715,0.3261119127273559,0.4361323118209839,Llama-3.3-70B-Instruct,70000000000,news,963,48
news: Plug the device into your network (you'll need a Cat5 cable).,1.0,494,1773057300.356596,2026-03-09T12:55:00.356608,0.3580735623836517,0.4575079679489136,Llama-3.3-70B-Instruct,70000000000,news,964,48
"code: Explain what this code does:
def function_99(x): return x * 2",1.0,492,1773057352.074677,2026-03-09T12:55:52.074701,0.3627577126026153,0.4622644186019897,Llama-3.3-70B-Instruct,70000000000,code,965,48
fiction: The gravitational force exerted by an object depends on its (Answer: C),1.0,493,1773057391.8784232,2026-03-09T12:56:31.878433,0.364846795797348,0.4634377956390381,Llama-3.3-70B-Instruct,70000000000,fiction,966,48
news: We had the chance to talk to the thoughtful and eloquent dancer about her time with the company and goals for the future.,1.0,484,1773057443.5684342,2026-03-09T12:57:23.568443,0.3348656594753265,0.4385018348693847,Llama-3.3-70B-Instruct,70000000000,news,967,48
"news: Hoffmann, a German writer, penned the eerie and dark tale ""Nutcracker and Mouse King"" in 1816.",1.0,483,1773057495.0743637,2026-03-09T12:58:15.074372,0.3490669429302215,0.4558890759944916,Llama-3.3-70B-Instruct,70000000000,news,968,48
wiki: It is diagnosed four to five times more often in males than females.,1.0,495,1773057546.3609526,2026-03-09T12:59:06.360957,0.3538161814212799,0.4491268694400787,Llama-3.3-70B-Instruct,70000000000,wiki,969,48
"fiction: New engine technology has helped cars get more mileage per gallon of gas. Since gasoline comes from oil, this technology will affect the world supply of oil by (Answer: D)",1.0,474,1773057598.1609037,2026-03-09T12:59:58.160910,0.3325212895870209,0.4465007781982422,Llama-3.3-70B-Instruct,70000000000,fiction,970,48
wiki: A Literary History of Alabama: The Nineteenth Century (1979).,1.0,494,1773057649.5683134,2026-03-09T13:00:49.568323,0.3568004667758941,0.4533194303512573,Llama-3.3-70B-Instruct,70000000000,wiki,971,48
wiki: References  External links    1910s neologisms Articles containing video clips Communication disorders Neurological disorders in children Pervasive developmental disorders Wikipedia medicine articles ready to translate,1.0,475,1773057701.170129,2026-03-09T13:01:41.170140,0.3387733101844787,0.4525904059410095,Llama-3.3-70B-Instruct,70000000000,wiki,972,48
"wiki: The oldest institutions are the public University of North Alabama in Florence and the Catholic Church-affiliated Spring Hill College in Mobile, both founded in 1830.",1.0,478,1773057752.6970649,2026-03-09T13:02:32.697075,0.3444744050502777,0.4567044377326965,Llama-3.3-70B-Instruct,70000000000,wiki,973,48
"wiki: Similar to other former slave states, Alabamian legislators employed Jim Crow laws to disenfranchise and discriminate against African Americans from the late 19th century up until the 1960s.",1.0,469,1773057804.3290024,2026-03-09T13:03:24.329013,0.3321626186370849,0.4512344598770141,Llama-3.3-70B-Instruct,70000000000,wiki,974,48
"wiki: Evolutionary tactics embrace nonviolence, reject violence and take a gradual approach to anarchist aims, although there is significant overlap between the two.",1.0,481,1773057855.7663202,2026-03-09T13:04:15.766331,0.3377339243888855,0.4449556171894073,Llama-3.3-70B-Instruct,70000000000,wiki,975,48
"code: Explain what this code does:
def function_42(x): return x * 2",1.0,492,1773057907.2987502,2026-03-09T13:05:07.298760,0.3610329031944275,0.460075169801712,Llama-3.3-70B-Instruct,70000000000,code,976,48
"fiction: Two students are asked to make a chart on the electromagnetic spectrum. Reading left to right, one student's chart shows the spectrum from gamma rays to radio waves, while the other student's chart shows the opposite. If the teacher says that both charts are correct, then (Answer: B)",1.0,451,1773057959.5721655,2026-03-09T13:05:59.572176,0.3103066980838775,0.4469979405403137,Llama-3.3-70B-Instruct,70000000000,fiction,977,48
news: I was unable to login with that user.,1.0,500,1773058010.754792,2026-03-09T13:06:50.754801,0.3656591176986694,0.4578627347946167,Llama-3.3-70B-Instruct,70000000000,news,978,48
wiki: Other changes were made to implement representative state house and senate districts.,1.0,496,1773058062.2468083,2026-03-09T13:07:42.246817,0.3544407784938812,0.4490155577659607,Llama-3.3-70B-Instruct,70000000000,wiki,979,48
fiction: Which of the following is a trait that a dog does NOT inherit from its parents? (Answer: C),1.0,487,1773058113.8781917,2026-03-09T13:08:33.878204,0.3629303276538849,0.4674440026283264,Llama-3.3-70B-Instruct,70000000000,fiction,980,49
fiction: Which planet has the longest planetary year? (Answer: D),1.0,496,1773058124.3788965,2026-03-09T13:08:44.378901,0.3749142587184906,0.4712176322937011,Llama-3.3-70B-Instruct,70000000000,fiction,981,49
"news: Installation The installation isn't terribly challenging, but does require a bit of typing.",1.0,493,1773058175.8662753,2026-03-09T13:09:35.866294,0.3530211448669433,0.4490022361278534,Llama-3.3-70B-Instruct,70000000000,news,982,49
"wiki: In Reynolds v. Sims (1964), the U.S. Supreme Court implemented the principle of ""one man, one vote"", ruling that congressional districts had to be reapportioned based on censuses (as the state already included in its constitution but had not implemented.)",1.0,454,1773058227.6297472,2026-03-09T13:10:27.629757,0.3081934452056885,0.4400921165943146,Llama-3.3-70B-Instruct,70000000000,wiki,983,49
"wiki: According to an article, failure to meet any of the following milestones ""is an absolute indication to proceed with further evaluations.",1.0,485,1773058279.085575,2026-03-09T13:11:19.085586,0.3492505252361297,0.4541652202606201,Llama-3.3-70B-Instruct,70000000000,wiki,984,49
news: An open Java The one thing everyone agrees about Java is that it's imperfect.,1.0,493,1773058331.007576,2026-03-09T13:12:11.007596,0.3526082634925842,0.4505546689033508,Llama-3.3-70B-Instruct,70000000000,news,985,49
"fiction: Franklin wants to know how fast he runs different distances. He uses a stopwatch to measure the time it takes him to complete a 50-meter, 100-meter, and 200-meter race. How can he calculate his speed for each race? (Answer: B)",1.0,455,1773058382.865892,2026-03-09T13:13:02.865901,0.3163787424564361,0.4491755366325378,Llama-3.3-70B-Instruct,70000000000,fiction,986,49
"wiki: The record low of  occurred on January 30, 1966, in New Market.",1.0,490,1773058434.490864,2026-03-09T13:13:54.490874,0.3551652729511261,0.4559945464134216,Llama-3.3-70B-Instruct,70000000000,wiki,987,49
"wiki: A 2016 survey in the United States reported a rate of 25 per 1,000 children for ASD.",1.0,485,1773058486.1667266,2026-03-09T13:14:46.166735,0.3600027859210968,0.466578334569931,Llama-3.3-70B-Instruct,70000000000,wiki,988,49
"code: Explain what this code does:
def function_47(x): return x * 2",1.0,492,1773058537.5698876,2026-03-09T13:15:37.569898,0.3705406486988067,0.4708192050457001,Llama-3.3-70B-Instruct,70000000000,code,989,49
"wiki: While it advocates for no-one to archiei, if accepted by the many, then anarchism would turn into the ruling political theory.",1.0,482,1773058589.0797126,2026-03-09T13:16:29.079723,0.3426537811756134,0.4500183761119842,Llama-3.3-70B-Instruct,70000000000,wiki,990,49
"wiki: Anarchism employs a diversity of tactics in order to meet its ideal ends which can be broadly separated into revolutionary and evolutionary tactics; there is significant overlap between the two, which are merely descriptive.",1.0,470,1773058640.6765077,2026-03-09T13:17:20.676517,0.3329564332962036,0.4513314962387085,Llama-3.3-70B-Instruct,70000000000,wiki,991,49
"wiki: The Internet has helped autistic individuals bypass nonverbal cues and emotional sharing that they find difficult to deal with, and has given them a way to form online communities and work remotely.",1.0,473,1773058692.4023826,2026-03-09T13:18:12.402393,0.3322293758392334,0.4479580819606781,Llama-3.3-70B-Instruct,70000000000,wiki,992,49
wiki: Alabama ranks ninth in the number of deaths from lightning and tenth in the number of deaths from lightning strikes per capita.,1.0,486,1773058735.4745998,2026-03-09T13:18:55.474610,0.350854754447937,0.456295371055603,Llama-3.3-70B-Instruct,70000000000,wiki,993,49
fiction: A company is designing a new laptop computer. The computer must not exceed a certain weight. Which of the following is the most likely reason to have a weight restriction for the computer? (Answer: C),1.0,468,1773058783.3423386,2026-03-09T13:19:43.342349,0.3312035202980041,0.4513174295425415,Llama-3.3-70B-Instruct,70000000000,fiction,994,49
"code: Explain what this code does:
def function_86(x): return x * 2",1.0,492,1773058834.700498,2026-03-09T13:20:34.700517,0.3671024739742279,0.4681347906589508,Llama-3.3-70B-Instruct,70000000000,code,995,49
"wiki: Sleep problems are associated with difficult behaviors and family stress, and are often a focus of clinical attention over and above the primary ASD diagnosis.",1.0,482,1773058886.2396765,2026-03-09T13:21:26.239696,0.3454069793224334,0.4524587988853454,Llama-3.3-70B-Instruct,70000000000,wiki,996,49
"wiki: Due to measurement constraints, it is often given for the spectrum in which most solar energy reaches the surface (between 0.3 and 3 μm).",1.0,477,1773058938.188326,2026-03-09T13:22:18.188330,0.3445339202880859,0.4580816924571991,Llama-3.3-70B-Instruct,70000000000,wiki,997,49
"code: Explain what this code does:
def function_73(x): return x * 2",1.0,492,1773058989.7374036,2026-03-09T13:23:09.737408,0.3666331768035888,0.4672757387161255,Llama-3.3-70B-Instruct,70000000000,code,998,49
wiki: One example of this massive influx of workers occurred in Mobile.,1.0,497,1773059040.8840091,2026-03-09T13:24:00.884020,0.352128654718399,0.4456001222133636,Llama-3.3-70B-Instruct,70000000000,wiki,999,49
"code: Explain what this code does:
def function_95(x): return x * 2",1.0,492,1773059092.2635825,2026-03-09T13:24:52.263593,0.370267778635025,0.4708548188209533,Llama-3.3-70B-Instruct,70000000000,code,1000,50
"code: Explain what this code does:
def function_63(x): return x * 2",1.0,492,1773059143.627393,2026-03-09T13:25:43.627406,0.3681619167327881,0.4690086841583252,Llama-3.3-70B-Instruct,70000000000,code,1001,50
"wiki: Because the behavior spectrum is continuous, boundaries between diagnostic categories are necessarily somewhat arbitrary.",1.0,493,1773059194.8566344,2026-03-09T13:26:34.856648,0.3513690233230591,0.4491353034973144,Llama-3.3-70B-Instruct,70000000000,wiki,1002,50
fiction: Stars are often classified by their apparent brightness in the nighttime sky. Stars can also be classified in many other ways. Which of these is least useful in classifying stars? (Answer: C),1.0,470,1773059246.3920517,2026-03-09T13:27:26.392065,0.3315068781375885,0.4491771757602691,Llama-3.3-70B-Instruct,70000000000,fiction,1003,50
"wiki: Behavioral, psychological, education, and/or skill-building interventions may be used to assist autistic people to learn life skills necessary for living independently, as well as other social, communication, and language skills.",1.0,470,1773059298.1159267,2026-03-09T13:28:18.115940,0.3357501924037933,0.4544891119003296,Llama-3.3-70B-Instruct,70000000000,wiki,1004,50
"news: In a studio rehearsal for La Bayadère, Act II, no understudies are present, and any imperfection is pointed out by one of four coaches at the front of the room.",1.0,471,1773059349.8,2026-03-09T13:29:09.800014,0.3123088181018829,0.425933301448822,Llama-3.3-70B-Instruct,70000000000,news,1005,50
wiki: A long tradition of Spanish anarchism led to anarchists playing a pivotal role in the war.,1.0,491,1773059401.0411632,2026-03-09T13:30:01.041177,0.3500900864601135,0.4485329985618591,Llama-3.3-70B-Instruct,70000000000,wiki,1006,50
wiki: Various anarchist schools of thought formed during this period.,1.0,499,1773059452.2139318,2026-03-09T13:30:52.213946,0.3620382845401764,0.4546968042850494,Llama-3.3-70B-Instruct,70000000000,wiki,1007,50
wiki: South Alabama reports many thunderstorms.,1.0,502,1773059503.013192,2026-03-09T13:31:43.013205,0.3625725209712982,0.4523074328899383,Llama-3.3-70B-Instruct,70000000000,wiki,1008,50
"wiki: Alabama's highest temperature of  was recorded on September 5, 1925, in the unincorporated community of Centerville.",1.0,481,1773059556.1662984,2026-03-09T13:32:36.166311,0.3430730402469635,0.4514508247375488,Llama-3.3-70B-Instruct,70000000000,wiki,1009,50
fiction: Which conclusion is best supported by a tree-growth ring that is much narrower than the other growth rings? (Answer: B),1.0,483,1773059608.248035,2026-03-09T13:33:28.248049,0.3400388360023498,0.4446343779563904,Llama-3.3-70B-Instruct,70000000000,fiction,1010,50
"news: According to Fullington, Pavel Gerdt, the dancer who created the role, was likely too old to dance the variation himself.",1.0,483,1773059659.7207353,2026-03-09T13:34:19.720747,0.3131083250045776,0.41502246260643,Llama-3.3-70B-Instruct,70000000000,news,1011,50
news: There's a surprising twist to Regina Willoughby's last season with Columbia City Ballet: It's also her 18-year-old daughter Melina's first season with the company.,1.0,473,1773059712.274157,2026-03-09T13:35:12.274169,0.3299847543239593,0.4446734189987182,Llama-3.3-70B-Instruct,70000000000,news,1012,50
"news: Also Robbins' Dances at a Gathering... there are so many, it's hard to choose!",1.0,489,1773059764.3449986,2026-03-09T13:36:04.345015,0.337333619594574,0.4366411566734314,Llama-3.3-70B-Instruct,70000000000,news,1013,50
"wiki: Friedrich Engels, considered to be one of the principal founders of Marxism, criticised anarchism's anti-authoritarianism as inherently counter-revolutionary because in his view a revolution is by itself authoritarian.",1.0,469,1773059816.091704,2026-03-09T13:36:56.091717,0.3180721998214721,0.4355162382125854,Llama-3.3-70B-Instruct,70000000000,wiki,1014,50
wiki: This had caused decades of underinvestment in such areas.,1.0,498,1773059848.4278717,2026-03-09T13:37:28.427884,0.3515014946460724,0.4452583491802215,Llama-3.3-70B-Instruct,70000000000,wiki,1015,50
wiki: The principle of equal liberty is closer to anarchist political ethics in that it transcends both the liberal and socialist traditions.,1.0,486,1773059900.251273,2026-03-09T13:38:20.251282,0.3471113741397857,0.4498494863510132,Llama-3.3-70B-Instruct,70000000000,wiki,1016,50
"wiki: This compared to more than 181,000 African Americans eligible to vote in 1900.",1.0,490,1773059952.4096746,2026-03-09T13:39:12.409691,0.3437899351119995,0.4427568912506103,Llama-3.3-70B-Instruct,70000000000,wiki,1017,50
"wiki: If Earth were frozen entirely (and hence be more reflective), the average temperature of the planet would drop below .",1.0,487,1773060004.0885806,2026-03-09T13:40:04.088607,0.3597160279750824,0.4645259380340576,Llama-3.3-70B-Instruct,70000000000,wiki,1018,50
"wiki: Alabama's capital is Montgomery, and its largest city by population and area is Huntsville.",1.0,491,1773060055.4322033,2026-03-09T13:40:55.432208,0.3531452417373657,0.4515160024166107,Llama-3.3-70B-Instruct,70000000000,wiki,1019,50
"news: Fortunately there's a solution, one that's incredibly simple.",1.0,497,1773060107.316279,2026-03-09T13:41:47.316285,0.3470671772956848,0.4389119446277618,Llama-3.3-70B-Instruct,70000000000,news,1020,51
fiction: Which of the following is an observation about grasshoppers that a science class could have made on their nature walk? (Answer: B),1.0,481,1773060160.303161,2026-03-09T13:42:40.303172,0.3343003392219543,0.4401625990867615,Llama-3.3-70B-Instruct,70000000000,fiction,1021,51
"wiki: The state had 108,000 foreign-born (2.4% of the state population), of which an estimated 22.2% were undocumented (24,000).",1.0,474,1773060212.4901173,2026-03-09T13:43:32.490128,0.3409589231014251,0.4572887718677521,Llama-3.3-70B-Instruct,70000000000,wiki,1022,51
"wiki: During the second half of the 20th century, anarchism intermingled with the second wave of feminism, radicalising some currents of the feminist movement and being influenced as well.",1.0,472,1773060264.143845,2026-03-09T13:44:24.143856,0.3314248323440552,0.4478086829185486,Llama-3.3-70B-Instruct,70000000000,wiki,1023,51
fiction: Which statement describes a harmful effect of clearing rainforests for farmland? (Answer: B),1.0,489,1773060277.776693,2026-03-09T13:44:37.776698,0.3535573184490204,0.4547865390777588,Llama-3.3-70B-Instruct,70000000000,fiction,1024,51
"news: I won't have to worry about that so much now, and I can spend my day off roaming around and being inspired.",1.0,484,1773060324.8077035,2026-03-09T13:45:24.807713,0.3414439260959625,0.4456414878368377,Llama-3.3-70B-Instruct,70000000000,news,1025,51
wiki: Alabama is one of the few places in the world that has a secondary tornado season in November and December besides the typically severe spring.,1.0,483,1773060377.283737,2026-03-09T13:46:17.283741,0.3379563987255096,0.4424045979976654,Llama-3.3-70B-Instruct,70000000000,wiki,1026,51
"news: Depending on how you count, some 14 million Java programmers code today, with many of them paid well to maintain massive enterprise applications (an estimated 80% of enterprise workloads run on Java).",1.0,469,1773060430.7486167,2026-03-09T13:47:10.748621,0.3054852187633514,0.4193196594715118,Llama-3.3-70B-Instruct,70000000000,news,1027,51
"wiki: Other aspects, such as atypical eating, are also common but are not essential for diagnosis.",1.0,490,1773060482.1932793,2026-03-09T13:48:02.193284,0.3515100181102752,0.4509770572185516,Llama-3.3-70B-Instruct,70000000000,wiki,1028,51
wiki: The oldest Jewish congregation in the state is Congregation Sha'arai Shomayim in Mobile.,1.0,488,1773060534.0370216,2026-03-09T13:48:54.037031,0.3556537926197052,0.45854651927948,Llama-3.3-70B-Instruct,70000000000,wiki,1029,51
fiction: Data in tables may also be presented in graphs. Which type of data would best be displayed on a circle graph? (Answer: D),1.0,481,1773060585.687925,2026-03-09T13:49:45.687932,0.3410811722278595,0.4495540261268616,Llama-3.3-70B-Instruct,70000000000,fiction,1030,51
"wiki: Even though many anarchists distanced themselves from these terrorist acts, infamy came upon the movement and attempts were made to exclude them from American immigration, including the Immigration Act of 1903, also called the Anarchist Exclusion Act.",1.0,461,1773060637.5907722,2026-03-09T13:50:37.590781,0.3161913752555847,0.4430436491966247,Llama-3.3-70B-Instruct,70000000000,wiki,1031,51
"wiki: Albedo–temperature feedback When an area's albedo changes due to snowfall, a snow–temperature feedback results.",1.0,485,1773060689.1672823,2026-03-09T13:51:29.167287,0.3482982218265533,0.4526845812797546,Llama-3.3-70B-Instruct,70000000000,wiki,1032,51
"news: The piece features a commissioned score by Swedish composer Mikael Karlsson, which will be performed onstage by singer Anna von Hausswolff.",1.0,480,1773060740.7320175,2026-03-09T13:52:20.732022,0.3351860046386719,0.4449965357780456,Llama-3.3-70B-Instruct,70000000000,news,1033,51
news: A Typical Day Students begin their days with an early 8 am technique class.,1.0,493,1773060792.179712,2026-03-09T13:53:12.179724,0.3532192409038543,0.4496972262859344,Llama-3.3-70B-Instruct,70000000000,news,1034,51
"wiki: In addition, there are currently five auxiliary interstate routes in the state: I-165 in Mobile, I-359 in Tuscaloosa, I-459 around Birmingham, I-565 in Decatur and Huntsville, and I-759 in Gadsden.",1.0,455,1773060844.0789993,2026-03-09T13:54:04.079009,0.3095818758010864,0.439784973859787,Llama-3.3-70B-Instruct,70000000000,wiki,1035,51
"fiction: If a new moon occurred on June 2, when will the next new moon occur? (Answer: A)",1.0,486,1773060895.8610957,2026-03-09T13:54:55.861106,0.3540926277637481,0.4583592414855957,Llama-3.3-70B-Instruct,70000000000,fiction,1036,51
wiki: The city was moved to the current site of Mobile in 1711.,1.0,494,1773060947.2304194,2026-03-09T13:55:47.230430,0.3592119514942169,0.4566101431846618,Llama-3.3-70B-Instruct,70000000000,wiki,1037,51
"wiki: Also, the Black Belt region across central Alabama ""is home to largely poor counties that are predominantly African-American.",1.0,487,1773060998.7631476,2026-03-09T13:56:38.763158,0.347737967967987,0.4524416625499725,Llama-3.3-70B-Instruct,70000000000,wiki,1038,51
wiki: The decision-making process of small anarchist affinity groups plays a significant tactical role.,1.0,494,1773061050.1703372,2026-03-09T13:57:30.170348,0.3645289540290832,0.4616537988185882,Llama-3.3-70B-Instruct,70000000000,wiki,1039,51
fiction: Which of following is a property shared by the elements in the carbon family? (Answer: D),1.0,489,1773061101.679258,2026-03-09T13:58:21.679269,0.3589463531970978,0.4608171582221985,Llama-3.3-70B-Instruct,70000000000,fiction,1040,52
fiction: An engineer measured the time it takes sound to travel through samples of different materials. All of the samples were identical in shape and size. The measurements were made using ultrasonic waves with a frequency of 5 megahertz. Which question was the engineer most likely trying to answer? (Answer: A),1.0,448,1773061153.7460475,2026-03-09T13:59:13.746058,0.3135029971599579,0.4544743597507477,Llama-3.3-70B-Instruct,70000000000,fiction,1041,52
"news: Johnathon Johnson put McNeight in a choke hold, and they threatened McNeight with the tire iron, and took the money, his wallet, and his cell phone.",1.0,473,1773061205.275563,2026-03-09T14:00:05.275572,0.3296795487403869,0.4471639692783355,Llama-3.3-70B-Instruct,70000000000,news,1042,52
wiki: Deeply shadowed cavities can achieve an effective albedo approaching the zero of a black body.,1.0,489,1773061256.7599018,2026-03-09T14:00:56.759906,0.3471746742725372,0.4488179087638855,Llama-3.3-70B-Instruct,70000000000,wiki,1043,52
"wiki: ), autocratic religions (e.g., fundamentalist Islam, Roman Catholicism, etc.",1.0,491,1773061308.1208165,2026-03-09T14:01:48.120825,0.3371727466583252,0.4360345304012298,Llama-3.3-70B-Instruct,70000000000,wiki,1044,52
"wiki: In 2002, Christian Koeberl with the Institute of Geochemistry University of Vienna published evidence and established the site as the 157th recognized impact crater on Earth.",1.0,473,1773061359.734451,2026-03-09T14:02:39.734460,0.3364543616771698,0.4528414011001587,Llama-3.3-70B-Instruct,70000000000,wiki,1045,52
wiki: Parents often notice signs during the first three years of their child's life.,1.0,494,1773061411.0641975,2026-03-09T14:03:31.064210,0.3730862140655517,0.4717156887054443,Llama-3.3-70B-Instruct,70000000000,wiki,1046,52
"code: Explain what this code does:
def function_3(x): return x * 2",1.0,492,1773061462.7010574,2026-03-09T14:04:22.701068,0.3739029169082641,0.4747301340103149,Llama-3.3-70B-Instruct,70000000000,code,1047,52
"wiki: Children with high-functioning autism have more intense and frequent loneliness compared to non-autistic peers, despite the common belief that autistic children prefer to be alone.",1.0,478,1773061514.2361894,2026-03-09T14:05:14.236200,0.3501256704330444,0.4626755714416504,Llama-3.3-70B-Instruct,70000000000,wiki,1048,52
"wiki: The agrarian Mississippian culture covered most of the state from 1000 to 1600 CE, with one of its major centers built at what is now the Moundville Archaeological Site in Moundville, Alabama.",1.0,461,1773061566.2836514,2026-03-09T14:06:06.283662,0.3261998891830444,0.4543209373950958,Llama-3.3-70B-Instruct,70000000000,wiki,1049,52
wiki: Enlightenment challenges to intellectual authority (secular and religious) and the revolutions of the 1790s and 1848 all spurred the ideological development of what became the era of classical anarchism.,1.0,470,1773061618.0119798,2026-03-09T14:06:58.011992,0.3374328017234802,0.4569977521896362,Llama-3.3-70B-Instruct,70000000000,wiki,1050,52
wiki: Anarchism and the state   Objection to the state and its institutions is a sine qua non of anarchism.,1.0,485,1773061669.4632514,2026-03-09T14:07:49.463260,0.3540616631507873,0.4597609639167785,Llama-3.3-70B-Instruct,70000000000,wiki,1051,52
"fiction: Photosynthesis is a process involving carbon dioxide, water, glucose, oxygen, and sunlight. Which is the correct chemical equation for photosynthesis? (Answer: D)",1.0,476,1773061721.062809,2026-03-09T14:08:41.062814,0.3507918119430542,0.4659477770328522,Llama-3.3-70B-Instruct,70000000000,fiction,1052,52
"news: Stay informed, click here to subscribe to the TechRepublic Cloud Insights newsletter.",1.0,494,1773061772.415407,2026-03-09T14:09:32.415416,0.3628973364830017,0.4618093967437744,Llama-3.3-70B-Instruct,70000000000,news,1053,52
wiki: Gastrointestinal problems are one of the most commonly co-occurring medical conditions in autistic people.,1.0,489,1773061823.795416,2026-03-09T14:10:23.795427,0.3547819554805755,0.4560508728027344,Llama-3.3-70B-Instruct,70000000000,wiki,1054,52
news: This will be the fourth work by Ekman that The Joffrey has performed.,1.0,492,1773061855.2510097,2026-03-09T14:10:55.251019,0.3493333458900451,0.4481861889362335,Llama-3.3-70B-Instruct,70000000000,news,1055,52
fiction: A ship leaks a large amount of oil near a coastal area. Which statement describes how the oil most likely will affect the coastal habitat? (Answer: B),1.0,477,1773061906.786646,2026-03-09T14:11:46.786653,0.3420128226280212,0.4546467065811157,Llama-3.3-70B-Instruct,70000000000,fiction,1056,52
"code: Explain what this code does:
def function_0(x): return x * 2",1.0,492,1773061958.1715624,2026-03-09T14:12:38.171571,0.3689324557781219,0.4688978195190429,Llama-3.3-70B-Instruct,70000000000,code,1057,52
"wiki: Tourism and entertainment  According to Business Insider, Alabama ranked 14th in most popular states to visit in 2014.",1.0,484,1773062009.8690045,2026-03-09T14:13:29.869009,0.3575793802738189,0.4644416272640228,Llama-3.3-70B-Instruct,70000000000,wiki,1058,52
"wiki: A component especially of individualist anarchism, philosophical anarchism may tolerate the existence of a minimal state but claims that citizens have no moral obligation to obey government when it conflicts with individual autonomy.",1.0,471,1773062061.701308,2026-03-09T14:14:21.701312,0.3174289464950561,0.4323005676269531,Llama-3.3-70B-Instruct,70000000000,wiki,1059,52
"news: Once she's mastered the pirouette she's been struggling with, she repeats the step over and over until the clock reaches 12 pm for lunch.",1.0,478,1773062113.5723188,2026-03-09T14:15:13.572323,0.3381848931312561,0.4506411552429199,Llama-3.3-70B-Instruct,70000000000,news,1060,53
"code: Explain what this code does:
def function_14(x): return x * 2",1.0,492,1773062165.193323,2026-03-09T14:16:05.193333,0.3665217757225036,0.4663325846195221,Llama-3.3-70B-Instruct,70000000000,code,1061,53
"wiki: ), patriarchy, heterosexism, white supremacy, and imperialism.""",1.0,495,1773062216.5305126,2026-03-09T14:16:56.530523,0.3431985676288605,0.4396160542964935,Llama-3.3-70B-Instruct,70000000000,wiki,1062,53
"news: Once again, the final screen links wouldn't work.",1.0,498,1773062267.71762,2026-03-09T14:17:47.717631,0.3371783494949341,0.4300679862499237,Llama-3.3-70B-Instruct,70000000000,news,1063,53
"wiki: What is now the counties of Baldwin and Mobile became part of Spanish West Florida in 1783, part of the independent Republic of West Florida in 1810, and was finally added to the Mississippi Territory in 1812.",1.0,463,1773062319.4937904,2026-03-09T14:18:39.493801,0.3214132487773895,0.4455220103263855,Llama-3.3-70B-Instruct,70000000000,wiki,1064,53
"code: Explain what this code does:
def function_94(x): return x * 2",1.0,492,1773062370.9455693,2026-03-09T14:19:30.945588,0.369568407535553,0.4703631103038788,Llama-3.3-70B-Instruct,70000000000,code,1065,53
"code: Explain what this code does:
def function_80(x): return x * 2",1.0,492,1773062422.3792398,2026-03-09T14:20:22.379250,0.365471601486206,0.464944988489151,Llama-3.3-70B-Instruct,70000000000,code,1066,53
news: So I returned to the IP address and was presented with a login screen.,1.0,494,1773062473.673738,2026-03-09T14:21:13.673749,0.3412725031375885,0.4404302537441253,Llama-3.3-70B-Instruct,70000000000,news,1067,53
"wiki: In the southern Gulf coast, snowfall is less frequent, sometimes going several years without any snowfall.",1.0,488,1773062524.961908,2026-03-09T14:22:04.961918,0.3521674275398254,0.4572818875312805,Llama-3.3-70B-Instruct,70000000000,wiki,1068,53
"wiki: In 1954, the U.S. Supreme Court ruled in Brown v. Board of Education that public schools had to be desegregated, but Alabama was slow to comply.",1.0,472,1773062576.5490391,2026-03-09T14:22:56.549050,0.3379093110561371,0.4549822509288788,Llama-3.3-70B-Instruct,70000000000,wiki,1069,53
"code: Explain what this code does:
def function_78(x): return x * 2",1.0,492,1773062627.972463,2026-03-09T14:23:47.972473,0.3659475147724151,0.4656845331192016,Llama-3.3-70B-Instruct,70000000000,code,1070,53
wiki: Robert Paul Wolff believed that the tension between authority and autonomy would mean the state could never be legitimate.,1.0,489,1773062679.3836608,2026-03-09T14:24:39.383672,0.3512240350246429,0.4524902999401092,Llama-3.3-70B-Instruct,70000000000,wiki,1071,53
fiction: How many times does Earth rotate on its axis in one day? (Answer: A),1.0,491,1773062730.8619187,2026-03-09T14:25:30.861933,0.3652238547801971,0.4661237597465515,Llama-3.3-70B-Instruct,70000000000,fiction,1072,53
"code: Explain what this code does:
def function_38(x): return x * 2",1.0,492,1773062782.4661822,2026-03-09T14:26:22.466196,0.3666838109493255,0.4665745198726654,Llama-3.3-70B-Instruct,70000000000,code,1073,53
"code: Explain what this code does:
def function_9(x): return x * 2",1.0,492,1773062833.9078748,2026-03-09T14:27:13.907888,0.37495157122612,0.4762073457241058,Llama-3.3-70B-Instruct,70000000000,code,1074,53
"code: Explain what this code does:
def function_26(x): return x * 2",1.0,492,1773062885.6013942,2026-03-09T14:28:05.601408,0.363170713186264,0.4635789394378662,Llama-3.3-70B-Instruct,70000000000,code,1075,53
fiction: Which of the following statements best explains why magnets usually stick to a refrigerator door? (Answer: B),1.0,488,1773062937.0801132,2026-03-09T14:28:57.080125,0.3617498576641083,0.4651292860507965,Llama-3.3-70B-Instruct,70000000000,fiction,1076,53
"wiki: Other spellings of the name have included Alibamu, Alabamo, Albama, Alebamon, Alibama, Alibamou, Alabamu, Allibamou.",1.0,468,1773062988.7567503,2026-03-09T14:29:48.756763,0.3286755084991455,0.4486258625984192,Llama-3.3-70B-Instruct,70000000000,wiki,1077,53
"news: Starbucks in hand, they discuss their mutual love of food (particularly pasta and Japanese curry), the story behind the Cindy nickname and what it's like picking up contemporary choreography versus classical.",1.0,472,1773063040.3128192,2026-03-09T14:30:40.312853,0.3158911466598511,0.4292431175708771,Llama-3.3-70B-Instruct,70000000000,news,1078,53
wiki: The available evidence does not rule out the possibility that autism's true prevalence has increased; a real increase would suggest directing more attention and funding toward psychosocial factors and changing environmental factors instead of continuing to focus on genetics.,1.0,465,1773063092.046718,2026-03-09T14:31:32.046732,0.3156092464923858,0.4366116523742676,Llama-3.3-70B-Instruct,70000000000,wiki,1079,53
fiction: Which would a scientist use in trying to model the cause of planetary years? (Answer: D),1.0,489,1773063143.5740583,2026-03-09T14:32:23.574068,0.3460502922534942,0.4466304779052734,Llama-3.3-70B-Instruct,70000000000,fiction,1080,54
"fiction: In living things, smaller substances are linked to make up larger substances. Which of the following correctly describes a larger substance made by linking smaller substances? (Answer: A)",1.0,475,1773063195.1786149,2026-03-09T14:33:15.178623,0.3502785265445709,0.4664499163627624,Llama-3.3-70B-Instruct,70000000000,fiction,1081,54
"code: Explain what this code does:
def function_52(x): return x * 2",1.0,492,1773063246.6330063,2026-03-09T14:34:06.633020,0.3746116459369659,0.4756616055965423,Llama-3.3-70B-Instruct,70000000000,code,1082,54
"wiki: Authority ultimately rests solely on power, regardless of whether that power is open or transparent, as it still has the ability to coerce people.",1.0,482,1773063298.420466,2026-03-09T14:34:58.420479,0.3428844809532165,0.4511867165565491,Llama-3.3-70B-Instruct,70000000000,wiki,1083,54
"code: Explain what this code does:
def function_96(x): return x * 2",1.0,492,1773063349.8081014,2026-03-09T14:35:49.808119,0.3685780763626098,0.4689254462718963,Llama-3.3-70B-Instruct,70000000000,code,1084,54
"wiki: More than half of US children diagnosed with ASD are prescribed psychoactive drugs or anticonvulsants, with the most common drug classes being antidepressants, stimulants, and antipsychotics.",1.0,468,1773063401.4457214,2026-03-09T14:36:41.445732,0.3236116170883178,0.4431824088096618,Llama-3.3-70B-Instruct,70000000000,wiki,1085,54
fiction: In which taxonomic group are organisms found that share the characteristic of storing hereditary material in a single loop of DNA? (Answer: A),1.0,480,1773063428.2159033,2026-03-09T14:37:08.215911,0.3444667160511017,0.4544469118118286,Llama-3.3-70B-Instruct,70000000000,fiction,1086,54
"news: The white male with them was identified as Charles Edward Sinard, age 39, a transient.",1.0,489,1773063479.6764631,2026-03-09T14:37:59.676473,0.3335446417331695,0.4332926571369171,Llama-3.3-70B-Instruct,70000000000,news,1087,54
"code: Explain what this code does:
def function_11(x): return x * 2",1.0,492,1773063531.1120114,2026-03-09T14:38:51.112022,0.3684881627559662,0.4686596691608429,Llama-3.3-70B-Instruct,70000000000,code,1088,54
fiction: Rubbing sandpaper on a piece of wood produces what two types of energy? (Answer: B),1.0,488,1773063544.3727844,2026-03-09T14:39:04.372789,0.3625130653381347,0.4664552211761474,Llama-3.3-70B-Instruct,70000000000,fiction,1089,54
"wiki: Its name in English is a (pronounced ), plural aes.",1.0,496,1773063595.747844,2026-03-09T14:39:55.747854,0.3603661060333252,0.4546971917152405,Llama-3.3-70B-Instruct,70000000000,wiki,1090,54
"news: It's not a story ballet per say, but there is a story from beginning to end.",1.0,490,1773063647.283033,2026-03-09T14:40:47.283042,0.3412720263004303,0.4414875507354736,Llama-3.3-70B-Instruct,70000000000,news,1091,54
"wiki: This entails that liberty and equality cannot be implemented within the state, resulting in the questioning of all forms of domination and hierarchy.",1.0,484,1773063698.938336,2026-03-09T14:41:38.938347,0.329727828502655,0.4346078634262085,Llama-3.3-70B-Instruct,70000000000,wiki,1092,54
"wiki: CDC estimates about 1 out of 59 (1.7%) for 2014, an increase from 1 out of every 68 children (1.5%) for 2010.",1.0,469,1773063750.689252,2026-03-09T14:42:30.689262,0.3328988552093506,0.4531700313091278,Llama-3.3-70B-Instruct,70000000000,wiki,1093,54
"code: Explain what this code does:
def function_97(x): return x * 2",1.0,492,1773063802.149325,2026-03-09T14:43:22.149334,0.3719079196453094,0.4726386666297912,Llama-3.3-70B-Instruct,70000000000,code,1094,54
"wiki: In the last decades of the 20th and into the 21st century, the anarchist movement has been resurgent once more.",1.0,482,1773063853.6429248,2026-03-09T14:44:13.642935,0.3395931720733642,0.4456628859043121,Llama-3.3-70B-Instruct,70000000000,wiki,1095,54
"news: ""One of the easiest ways to breach a company is to put somebody on the janitorial staff and go looking at desks,"" Rickard said.",1.0,479,1773063905.151132,2026-03-09T14:45:05.151142,0.3297940492630005,0.4393549859523773,Llama-3.3-70B-Instruct,70000000000,news,1096,54
wiki: The authors concluded that a longer duration of the diet may be necessary to achieve the improvement of the ASD symptoms.,1.0,487,1773063956.616757,2026-03-09T14:45:56.616767,0.3468300402164459,0.448876678943634,Llama-3.3-70B-Instruct,70000000000,wiki,1097,54
"wiki: There are many anecdotal reports, but few systematic studies, of aggression and violence in individuals with ASD.",1.0,488,1773064008.0032327,2026-03-09T14:46:48.003242,0.3526037335395813,0.454302579164505,Llama-3.3-70B-Instruct,70000000000,wiki,1098,54
wiki: The judiciary is responsible for interpreting the Constitution of Alabama and applying the law in state criminal and civil cases.,1.0,488,1773064059.3252308,2026-03-09T14:47:39.325241,0.360365092754364,0.4635099768638611,Llama-3.3-70B-Instruct,70000000000,wiki,1099,54
wiki: It is used to define scattering of electromagnetic waves on small particles.,1.0,496,1773064110.7179637,2026-03-09T14:48:30.717974,0.3612237274646759,0.4563472270965576,Llama-3.3-70B-Instruct,70000000000,wiki,1100,55
"news: Former Royal Danish Ballet artistic director Frank Andersen has been a guest teacher at the school since 2002, and was awarded a professorship in 2012.",1.0,477,1773064162.2257752,2026-03-09T14:49:22.225785,0.3418024182319641,0.4543109834194183,Llama-3.3-70B-Instruct,70000000000,news,1101,55
wiki: Masking may include making oneself perform normative facial expressions and eye contact.,1.0,494,1773064213.820632,2026-03-09T14:50:13.820644,0.3417287766933441,0.4437292218208313,Llama-3.3-70B-Instruct,70000000000,wiki,1102,55
wiki: This line of arguments most often calls for political action within the system to reform it.,1.0,492,1773064265.082488,2026-03-09T14:51:05.082496,0.3561902344226837,0.4553959965705871,Llama-3.3-70B-Instruct,70000000000,wiki,1103,55
news: There are two key differences between SAR requests made under the Data Privacy Act and those made under GDPR: The cost and time frame.,1.0,483,1773064316.5099385,2026-03-09T14:51:56.509947,0.3420327007770538,0.4479101598262787,Llama-3.3-70B-Instruct,70000000000,news,1104,55
news: A BOLO was put out to local law enforcement on the vehicles.,1.0,495,1773064367.6842787,2026-03-09T14:52:47.684285,0.3359744250774383,0.4320140480995178,Llama-3.3-70B-Instruct,70000000000,news,1105,55
"news: Stage Time Performance is the most important aspect of BDA students' professional development, with annual productions featuring classical ballets, contemporary works and student choreography.",1.0,478,1773064419.3661375,2026-03-09T14:53:39.366144,0.3284368813037872,0.4369348585605621,Llama-3.3-70B-Instruct,70000000000,news,1106,55
"news: NBoC's new work, titled Frame by Frame, will run June 1-10 in Toronto.",1.0,487,1773064470.7957144,2026-03-09T14:54:30.795720,0.3443524539470672,0.4458208382129669,Llama-3.3-70B-Instruct,70000000000,news,1107,55
wiki: The glint of light off water is a commonplace effect of this.,1.0,495,1773064522.1150591,2026-03-09T14:55:22.115066,0.3521959185600281,0.4476393461227417,Llama-3.3-70B-Instruct,70000000000,wiki,1108,55
"wiki: Alabama has been identified as one of the most religious states in the United States, with about 58% of the population attending church regularly.",1.0,481,1773064573.5533864,2026-03-09T14:56:13.553391,0.3539113998413086,0.4636138379573822,Llama-3.3-70B-Instruct,70000000000,wiki,1109,55
wiki: Variants also existed that were intermediate between the monumental and cursive styles.,1.0,494,1773064624.8510163,2026-03-09T14:57:04.851021,0.3510291278362274,0.4475881159305572,Llama-3.3-70B-Instruct,70000000000,wiki,1110,55
wiki: Anti-capitalism Anti-fascism Economic ideologies Left-wing politics Libertarian socialism Libertarianism Political culture Political movements Political ideologies Social theories Socialism Far-left politics,1.0,480,1773064676.6822894,2026-03-09T14:57:56.682302,0.3475931286811828,0.4576542675495147,Llama-3.3-70B-Instruct,70000000000,wiki,1111,55
"code: Explain what this code does:
def function_71(x): return x * 2",1.0,492,1773064728.1498158,2026-03-09T14:58:48.149826,0.3701628446578979,0.4706139266490936,Llama-3.3-70B-Instruct,70000000000,code,1112,55
"wiki: Sexual violence was a concern for anarchists such as Benjamin Tucker, who opposed age of consent laws, believing they would benefit predatory men.",1.0,483,1773064779.6082363,2026-03-09T14:59:39.608247,0.346220463514328,0.4525464475154876,Llama-3.3-70B-Instruct,70000000000,wiki,1113,55
"wiki: Typically, autism cannot be traced to a Mendelian (single-gene) mutation or to a single chromosome abnormality, and none of the genetic syndromes associated with ASDs have been shown to selectively cause ASD.",1.0,465,1773064831.305439,2026-03-09T15:00:31.305449,0.3146535456180572,0.434996634721756,Llama-3.3-70B-Instruct,70000000000,wiki,1114,55
"code: Explain what this code does:
def function_74(x): return x * 2",1.0,492,1773064882.9288008,2026-03-09T15:01:22.928812,0.3741164207458496,0.4750704169273376,Llama-3.3-70B-Instruct,70000000000,code,1115,55
news: Demarko Johnson and Johnathan Johnson were able to find McNeight at a gas station at Magnolia Beach Road and Thomas Drive.,1.0,481,1773064934.400404,2026-03-09T15:02:14.400415,0.3400061726570129,0.447916030883789,Llama-3.3-70B-Instruct,70000000000,news,1116,55
"wiki: In May 2013, the DSM-5 was released, updating the classification for pervasive developmental disorders.",1.0,488,1773064985.8078868,2026-03-09T15:03:05.807898,0.358110636472702,0.4609349370002746,Llama-3.3-70B-Instruct,70000000000,wiki,1117,55
"code: Explain what this code does:
def function_98(x): return x * 2",1.0,492,1773065037.3858976,2026-03-09T15:03:57.385908,0.3721969127655029,0.4725357294082641,Llama-3.3-70B-Instruct,70000000000,code,1118,55
"wiki: While part of the same large language family, the Muskogee tribes developed distinct cultures and languages.",1.0,489,1773065089.0418923,2026-03-09T15:04:49.041903,0.3520840406417846,0.4535476863384247,Llama-3.3-70B-Instruct,70000000000,wiki,1119,55
news: The AWS Certified Security - Specialty Exam is now available to those who hold either an Associate or Cloud Practitioner certification from AWS.,1.0,484,1773065140.9162183,2026-03-09T15:05:40.916229,0.3460612595081329,0.4511959552764892,Llama-3.3-70B-Instruct,70000000000,news,1120,56
wiki: Anarchism pays significant attention to moral arguments since ethics have a central role in anarchist philosophy.,1.0,490,1773065192.4965546,2026-03-09T15:06:32.496565,0.3498747646808624,0.4489931464195251,Llama-3.3-70B-Instruct,70000000000,wiki,1121,56
"wiki: Despite African Americans making up a significant minority in the state, they had been unable to elect any representatives in most of the at-large jurisdictions.",1.0,481,1773065244.0332675,2026-03-09T15:07:24.033279,0.3429335653781891,0.4511185884475708,Llama-3.3-70B-Instruct,70000000000,wiki,1122,56
"wiki: Epidemiology  As of 2007, reviews estimate a prevalence of 1–2 per 1,000 for autism and close to 6 per 1,000 for ASD.",1.0,471,1773065295.696623,2026-03-09T15:08:15.696634,0.3173110783100128,0.4305707216262817,Llama-3.3-70B-Instruct,70000000000,wiki,1123,56
"news: Stay informed, click here to subscribe to the TechRepublic Cloud Insights newsletter.",1.0,494,1773065347.0251968,2026-03-09T15:09:07.025207,0.3570395410060882,0.4543268978595733,Llama-3.3-70B-Instruct,70000000000,news,1124,56
"wiki: The Hunt Refining Company, a subsidiary of Hunt Consolidated, Inc., is based in Tuscaloosa and operates a refinery there.",1.0,481,1773065398.676226,2026-03-09T15:09:58.676236,0.3383896946907043,0.4455061256885528,Llama-3.3-70B-Instruct,70000000000,wiki,1125,56
"news: James Dean Riles, the other transient, was unable to cash his fraudulent check at the first bank, and was taken by Clarence Suggs and Reginald Hughes to a second bank where he was successful.",1.0,466,1773065450.410193,2026-03-09T15:10:50.410203,0.3261011242866516,0.4489354789257049,Llama-3.3-70B-Instruct,70000000000,news,1126,56
"wiki: NASA's Marshall Space Flight Center in Huntsville would help Alabama's economic growth in the mid-to-late 20th century, by developing an aerospace industry.",1.0,477,1773065502.0330265,2026-03-09T15:11:42.033037,0.3449670970439911,0.4587405920028686,Llama-3.3-70B-Instruct,70000000000,wiki,1127,56
"code: Explain what this code does:
def function_25(x): return x * 2",1.0,492,1773065553.6196678,2026-03-09T15:12:33.619678,0.3728792071342468,0.4742017388343811,Llama-3.3-70B-Instruct,70000000000,code,1128,56
"news: That's how SFB describes their upcoming tribute to Jerome Robbins, March 20-25.",1.0,490,1773065604.9933352,2026-03-09T15:13:24.993354,0.3595449924468994,0.4604400992393493,Llama-3.3-70B-Instruct,70000000000,news,1129,56
"wiki: Their values can differ significantly, which is a common source of confusion.",1.0,495,1773065656.4392369,2026-03-09T15:14:16.439258,0.3607146143913269,0.4581187665462494,Llama-3.3-70B-Instruct,70000000000,wiki,1130,56
news: 1.,1.0,506,1773065707.9296749,2026-03-09T15:15:07.929721,0.3737702369689941,0.4617871642112732,Llama-3.3-70B-Instruct,70000000000,news,1131,56
"wiki: Bryant–Denny Stadium is the home of the Alabama football team, and has a seating capacity of 101,821, and is the fifth largest stadium in America.",1.0,475,1773065759.6242962,2026-03-09T15:15:59.624305,0.3321995437145233,0.4444569647312164,Llama-3.3-70B-Instruct,70000000000,wiki,1132,56
"wiki: Construction of an Airbus A320 family aircraft assembly plant in Mobile was formally announced by Airbus CEO Fabrice Brégier from the Mobile Convention Center on July 2, 2012.",1.0,472,1773065811.236529,2026-03-09T15:16:51.236541,0.3489339351654053,0.4686301946640014,Llama-3.3-70B-Instruct,70000000000,wiki,1133,56
"news: Additionally, compliance and security whitepapers will also help prepare would-be test takers.",1.0,492,1773065862.6312358,2026-03-09T15:17:42.631248,0.3567464649677276,0.4569747149944305,Llama-3.3-70B-Instruct,70000000000,news,1134,56
news: The Bay County Sheriff’s Office announced the arrest of a local man on charges he committed sexual battery on a child.,1.0,486,1773065914.1837437,2026-03-09T15:18:34.183754,0.3488600552082062,0.4534154832363128,Llama-3.3-70B-Instruct,70000000000,news,1135,56
wiki: The current state constitution requires a voter referendum to raise property taxes.,1.0,496,1773065965.4888415,2026-03-09T15:19:25.488852,0.3485988676548004,0.4430780410766601,Llama-3.3-70B-Instruct,70000000000,wiki,1136,56
"wiki: At the end of the Roman Empire (5th century AD), several variants of the cursive minuscule developed through Western Europe.",1.0,482,1773066017.0219452,2026-03-09T15:20:17.021954,0.3482904136180877,0.4563053548336029,Llama-3.3-70B-Instruct,70000000000,wiki,1137,56
"wiki: Maternal inflammatory and autoimmune diseases may damage fetal tissues, aggravating a genetic problem or damaging the nervous system.",1.0,487,1773066068.4491992,2026-03-09T15:21:08.449204,0.3348320126533508,0.4368668794631958,Llama-3.3-70B-Instruct,70000000000,wiki,1138,56
"wiki: In some years, it imposes more death sentences than does Texas, a state which has a population five times larger.",1.0,486,1773066119.9610028,2026-03-09T15:21:59.961011,0.3303375542163849,0.4338370263576507,Llama-3.3-70B-Instruct,70000000000,wiki,1139,56
"news: It's part of my individuality,'"" he said.",1.0,498,1773066171.2062962,2026-03-09T15:22:51.206308,0.3455307781696319,0.4382089376449585,Llama-3.3-70B-Instruct,70000000000,news,1140,57
"wiki: By 1941 more Whites than Blacks had been disenfranchised: 600,000 to 520,000.",1.0,484,1773066222.5819304,2026-03-09T15:23:42.581943,0.3472348153591156,0.4539519548416137,Llama-3.3-70B-Instruct,70000000000,wiki,1141,57
"wiki: Water ports of Alabama, listed from north to south:  See also   Index of Alabama-related articles  Outline of Alabama—organized list of topics about Alabama  Notes  References  Further reading   Atkins, Leah Rawls, Wayne Flynt, William Warren Rogers, and David Ward.",1.0,452,1773066274.4165697,2026-03-09T15:24:34.416574,0.3145099878311157,0.4511619210243225,Llama-3.3-70B-Instruct,70000000000,wiki,1142,57
"news: The partnership is known for creatively intersecting design and dance; last summer they created a swimwear line based on Justin Peck costumes, and in November they presented their design-driven Nutcracker.",1.0,470,1773066326.0009692,2026-03-09T15:25:26.000986,0.311490386724472,0.4273779690265655,Llama-3.3-70B-Instruct,70000000000,news,1143,57
"news: The big takeaways for tech leaders: Qualcomm has unveiled the Snapdragon XR1 chip, which could bring high-quality AR and VR experiences to more users, at a lower cost.",1.0,474,1773066377.535707,2026-03-09T15:26:17.535721,0.3345469534397125,0.4489550590515136,Llama-3.3-70B-Instruct,70000000000,news,1144,57
wiki: The Etruscans brought the Greek alphabet to their civilization in the Italian Peninsula and left the letter unchanged.,1.0,487,1773066428.9376783,2026-03-09T15:27:08.937756,0.3522326648235321,0.4555952847003937,Llama-3.3-70B-Instruct,70000000000,wiki,1145,57
news: P A men's classical Chinese dance class.,1.0,500,1773066480.2504752,2026-03-09T15:28:00.250491,0.3596003949642181,0.4504905045032501,Llama-3.3-70B-Instruct,70000000000,news,1146,57
"wiki: During and after World War II, Alabama grew as the state's economy diversified with new industries.",1.0,490,1773066531.734355,2026-03-09T15:28:51.734371,0.353531152009964,0.4541693925857544,Llama-3.3-70B-Instruct,70000000000,wiki,1147,57
"fiction: Based on their locations in the periodic table, which element has chemical properties most similar to those of calcium, Ca? (Answer: A)",1.0,481,1773066583.194417,2026-03-09T15:29:43.194429,0.3455119729042053,0.4541078507900238,Llama-3.3-70B-Instruct,70000000000,fiction,1148,57
news: BDA does participate in exchange programs with ballet schools around the world.,1.0,495,1773066635.3417895,2026-03-09T15:30:35.341804,0.3502684831619262,0.4447513818740845,Llama-3.3-70B-Instruct,70000000000,news,1149,57
wiki: Preempted diagnoses.,1.0,504,1773066686.6660197,2026-03-09T15:31:26.666033,0.3762147724628448,0.4649840891361236,Llama-3.3-70B-Instruct,70000000000,wiki,1150,57
wiki: Many autistic individuals have been successful in their fields.,1.0,499,1773066737.8457427,2026-03-09T15:32:17.845756,0.3791896402835846,0.4731698334217071,Llama-3.3-70B-Instruct,70000000000,wiki,1151,57
"news: Photo by Paul Kolnik, Courtesy New York City Ballet.",1.0,497,1773066788.9493637,2026-03-09T15:33:08.949378,0.3602072298526764,0.4542361497879028,Llama-3.3-70B-Instruct,70000000000,news,1152,57
news: We had our first workshop four years ago.,1.0,500,1773066840.138368,2026-03-09T15:34:00.138382,0.3621214628219604,0.4540068507194519,Llama-3.3-70B-Instruct,70000000000,news,1153,57
"fiction: A scientist put several different plants in a sealed container. Every hour, she checked the oxygen in the container to see if it changed. How did the oxygen in the container most likely change? (Answer: A)",1.0,466,1773066891.75846,2026-03-09T15:34:51.758474,0.3379114270210266,0.4623197615146637,Llama-3.3-70B-Instruct,70000000000,fiction,1154,57
fiction: Which of these is an example of liquid water? (Answer: C),1.0,494,1773066943.2126338,2026-03-09T15:35:43.212648,0.3745465278625488,0.4736422300338745,Llama-3.3-70B-Instruct,70000000000,fiction,1155,57
"news: During the first round, the final screen was blank.",1.0,498,1773066994.5837564,2026-03-09T15:36:34.583771,0.3562929928302765,0.4535184502601623,Llama-3.3-70B-Instruct,70000000000,news,1156,57
"news: I approached him about doing a different project a long time ago, and he said ""well, maybe that's not the correct project.""",1.0,482,1773067047.2681572,2026-03-09T15:37:27.268171,0.3310504257678985,0.4376648366451263,Llama-3.3-70B-Instruct,70000000000,news,1157,57
"wiki: Although popularly used as an alternative treatment for autistic people, as of 2018 there is no good evidence to recommend a gluten- and casein-free diet as a standard treatment.",1.0,472,1773067098.9964397,2026-03-09T15:38:18.996453,0.3304510712623596,0.4460434019565582,Llama-3.3-70B-Instruct,70000000000,wiki,1158,57
fiction: An astronomer is studying two stars that are the same distance from Earth. Star X appears brighter than star Y. Which statement best explains this observation? (Answer: A),1.0,474,1773067150.693117,2026-03-09T15:39:10.693130,0.344697505235672,0.4606711864471435,Llama-3.3-70B-Instruct,70000000000,fiction,1159,57
"wiki: Of the parks and natural destinations, Alabama's Gulf Coast topped the list with 6,700,000 visitors.",1.0,486,1773067202.3059168,2026-03-09T15:40:02.305938,0.3439031541347503,0.4475448131561279,Llama-3.3-70B-Instruct,70000000000,wiki,1160,58
"code: Explain what this code does:
def function_4(x): return x * 2",1.0,492,1773067253.623851,2026-03-09T15:40:53.623865,0.3669972419738769,0.466441810131073,Llama-3.3-70B-Instruct,70000000000,code,1161,58
"wiki: Other members of the executive branch include the cabinet, the lieutenant governor of Alabama, the Attorney General of Alabama, the Alabama Secretary of State, the Alabama State Treasurer, and the State Auditor of Alabama.",1.0,469,1773067305.575699,2026-03-09T15:41:45.575713,0.3379659056663513,0.4592224955558777,Llama-3.3-70B-Instruct,70000000000,wiki,1162,58
"code: Explain what this code does:
def function_16(x): return x * 2",1.0,492,1773067357.0354264,2026-03-09T15:42:37.035440,0.3729158341884613,0.4735805988311767,Llama-3.3-70B-Instruct,70000000000,code,1163,58
"code: Explain what this code does:
def function_55(x): return x * 2",1.0,492,1773067408.8481853,2026-03-09T15:43:28.848206,0.3663197755813598,0.4660655856132507,Llama-3.3-70B-Instruct,70000000000,code,1164,58
"news: ""This is not Shakespeare's Midsummer,"" says Joffrey Ballet artistic director Ashley Wheater.",1.0,489,1773067460.196532,2026-03-09T15:44:20.196546,0.3467040956020355,0.4468455016613006,Llama-3.3-70B-Instruct,70000000000,news,1165,58
"news: SEE: Virtual and augmented reality policy (Tech Pro Research) The XR1 features an ARM-based multi-core CPU, a vector processor, a GPU, and a dedicated AI engine for on-board processing.",1.0,469,1773067511.9430418,2026-03-09T15:45:11.943056,0.319529265165329,0.4360378980636596,Llama-3.3-70B-Instruct,70000000000,news,1166,58
"wiki: Health In 2018, life expectancy in Alabama was 75.1 years, below the national average of 78.7 years and is the third lowest life expectancy in the country.",1.0,471,1773067563.598242,2026-03-09T15:46:03.598256,0.3426670730113983,0.4620999097824096,Llama-3.3-70B-Instruct,70000000000,wiki,1167,58
"wiki: In music, anarchism has been associated with music scenes such as punk.",1.0,494,1773067615.1565187,2026-03-09T15:46:55.156532,0.3492211401462555,0.4452365338802337,Llama-3.3-70B-Instruct,70000000000,wiki,1168,58
"wiki: Radar Albedos of Solar System Objects  The values reported for the Moon, Mercury, Mars, Venus, and Comet P/2005 JQ5 are derived from the total (OC+SC) radar albedo reported in those references.",1.0,460,1773067666.9645748,2026-03-09T15:47:46.964589,0.3185761272907257,0.446652889251709,Llama-3.3-70B-Instruct,70000000000,wiki,1169,58
news: Each appliance is a single board computer (based on the Raspberry Pi).,1.0,495,1773067718.3869753,2026-03-09T15:48:38.386990,0.3447730541229248,0.439169317483902,Llama-3.3-70B-Instruct,70000000000,news,1170,58
wiki: Notes  The Talladega Superspeedway motorsports complex hosts a series of NASCAR events.,1.0,489,1773067770.1617792,2026-03-09T15:49:30.161799,0.3516330122947693,0.4529746472835541,Llama-3.3-70B-Instruct,70000000000,wiki,1171,58
news: Pei Yu learned Over Glow from Elo himself.,1.0,499,1773067821.33402,2026-03-09T15:50:21.334032,0.3559094667434692,0.4512937664985657,Llama-3.3-70B-Instruct,70000000000,news,1172,58
"news: The notes were incomplete and difficult to read, yet Sergeyev persisted, and The Nutcracker made it to the stage.",1.0,484,1773067872.8587005,2026-03-09T15:51:12.858713,0.3520431518554687,0.458701491355896,Llama-3.3-70B-Instruct,70000000000,news,1173,58
wiki: Rural workers poured into the largest cities in the state for better jobs and a higher standard of living.,1.0,489,1773067903.8472726,2026-03-09T15:51:43.847279,0.3573552370071411,0.4599311649799347,Llama-3.3-70B-Instruct,70000000000,wiki,1174,58
wiki: The Ceremonial Complex represents a major component of the religion of the Mississippian peoples; it is one of the primary means by which their religion is understood.,1.0,475,1773067955.53221,2026-03-09T15:52:35.532227,0.3409833908081054,0.4555458724498749,Llama-3.3-70B-Instruct,70000000000,wiki,1175,58
fiction: Four materials are put into small containers. These materials are then moved from the small containers into larger containers. Which material will spread out to completely fill a larger container? (Answer: A),1.0,471,1773068007.348784,2026-03-09T15:53:27.348790,0.3454019129276275,0.4659220278263092,Llama-3.3-70B-Instruct,70000000000,fiction,1176,58
"wiki: After 1890, a coalition of White Democratic politicians passed laws to segregate and disenfranchise African American residents, a process completed in provisions of the 1901 constitution.",1.0,473,1773068059.061628,2026-03-09T15:54:19.061634,0.338484913110733,0.4549014866352081,Llama-3.3-70B-Instruct,70000000000,wiki,1177,58
"code: Explain what this code does:
def function_82(x): return x * 2",1.0,492,1773068110.5221915,2026-03-09T15:55:10.522202,0.3736211657524109,0.4746800065040588,Llama-3.3-70B-Instruct,70000000000,code,1178,58
"wiki: Some anarchists distanced themselves from this line of thinking, suggesting that it leaned towards an individualism that was dropping the cause of social liberation.",1.0,481,1773068162.0331757,2026-03-09T15:56:02.033187,0.3387011587619781,0.4465979337692261,Llama-3.3-70B-Instruct,70000000000,wiki,1179,58
wiki: Some changes at the county level have occurred following court challenges to establish single-member districts that enable a more diverse representation among county boards.,1.0,483,1773068213.6488452,2026-03-09T15:56:53.648854,0.3426145017147064,0.4480792284011841,Llama-3.3-70B-Instruct,70000000000,wiki,1180,59
"news: Data is money.""",1.0,505,1773068264.7085776,2026-03-09T15:57:44.708588,0.3698442280292511,0.457737386226654,Llama-3.3-70B-Instruct,70000000000,news,1181,59
fiction: Stars are organized into patterns called constellations. One constellation is named Leo. Which statement best explains why Leo appears in different areas of the sky throughout the year? (Answer: A),1.0,471,1773068316.222104,2026-03-09T15:58:36.222113,0.3472066223621368,0.4679242968559265,Llama-3.3-70B-Instruct,70000000000,fiction,1182,59
fiction: Which is a nonrenewable resource? (Answer: A),1.0,495,1773068330.2485144,2026-03-09T15:58:50.248521,0.3766826093196869,0.4752049744129181,Llama-3.3-70B-Instruct,70000000000,fiction,1183,59
wiki: Intellectual disability.,1.0,506,1773068381.5356448,2026-03-09T15:59:41.535649,0.3748625814914703,0.4623215198516845,Llama-3.3-70B-Instruct,70000000000,wiki,1184,59
"wiki: An estimated 26 million tourists visited the state in 2017 and spent $14.3 billion, providing directly or indirectly 186,900 jobs in the state, which includes 362,000 International tourists spending $589 million.",1.0,462,1773068433.1361902,2026-03-09T16:00:33.136195,0.3172557950019836,0.4431164860725403,Llama-3.3-70B-Instruct,70000000000,wiki,1185,59
"code: Explain what this code does:
def function_72(x): return x * 2",1.0,492,1773068484.482839,2026-03-09T16:01:24.482847,0.3709862232208252,0.4714803695678711,Llama-3.3-70B-Instruct,70000000000,code,1186,59
"fiction: Students studying membranes conducted an experiment using labeled paper cups filled with varying concentrations of red food coloring. After the experiment, the cups were empty and stained. What should be done with used cups? (Answer: C)",1.0,466,1773068529.1292744,2026-03-09T16:02:09.129281,0.3186012804508209,0.438954085111618,Llama-3.3-70B-Instruct,70000000000,fiction,1187,59
"code: Explain what this code does:
def function_75(x): return x * 2",1.0,492,1773068580.3913262,2026-03-09T16:03:00.391335,0.3702688217163086,0.4703046083450317,Llama-3.3-70B-Instruct,70000000000,code,1188,59
wiki: A study following the burning of the Kuwaiti oil fields during Iraqi occupation showed that temperatures under the burning oil fires were as much as  colder than temperatures several miles away under clear skies.,1.0,472,1773068632.137488,2026-03-09T16:03:52.137493,0.3267916738986969,0.4424695968627929,Llama-3.3-70B-Instruct,70000000000,wiki,1189,59
"wiki: Edmundson says that while the individual does not owe the state a duty of obedience, this does not imply that anarchism is the inevitable conclusion and the state is still morally legitimate.",1.0,473,1773068683.6466544,2026-03-09T16:04:43.646661,0.3177298009395599,0.4297649562358856,Llama-3.3-70B-Instruct,70000000000,wiki,1190,59
"news: For example, one online retailer Rickard works with has many customers from the EU, but can't geolocate them from the website.",1.0,481,1773068735.0704486,2026-03-09T16:05:35.070459,0.3209582865238189,0.4264673888683319,Llama-3.3-70B-Instruct,70000000000,news,1191,59
wiki: The suffix -ism denotes the ideological current that favours anarchy.,1.0,495,1773068786.3422678,2026-03-09T16:06:26.342278,0.3571488261222839,0.452376514673233,Llama-3.3-70B-Instruct,70000000000,wiki,1192,59
"news: Balletomanes felt the work to be uneven, and lamented the lack of a main ballerina in the first act.",1.0,483,1773068837.671404,2026-03-09T16:07:17.671414,0.3242219090461731,0.4284488260746002,Llama-3.3-70B-Instruct,70000000000,news,1193,59
news: This can be especially overwhelming when you have a larger IT department and a staff working on numerous projects at once.,1.0,487,1773068889.1587827,2026-03-09T16:08:09.158793,0.3479016125202179,0.4527925252914428,Llama-3.3-70B-Instruct,70000000000,news,1194,59
fiction: Two elements in the same group on the Periodic Table of the Elements are most similar in their (Answer: D),1.0,485,1773068926.4548542,2026-03-09T16:08:46.454863,0.3537629842758178,0.4599575400352478,Llama-3.3-70B-Instruct,70000000000,fiction,1195,59
"wiki: In 2018, Mobile's Mardi Gras parade was the state's top event, producing the most tourists with an attendance of 892,811.",1.0,477,1773068977.857244,2026-03-09T16:09:37.857253,0.3328961730003357,0.4437390565872192,Llama-3.3-70B-Instruct,70000000000,wiki,1196,59
fiction: Which property of a mineral can be determined just by looking at it? (Answer: A),1.0,490,1773069023.2842112,2026-03-09T16:10:23.284217,0.3574016094207763,0.4574011862277984,Llama-3.3-70B-Instruct,70000000000,fiction,1197,59
"news: Using the tag information, investigators were able to learn the two vehicles were rentals and eventually identified the four men from Atlanta.",1.0,485,1773069074.625022,2026-03-09T16:11:14.625032,0.3332990705966949,0.4370525479316711,Llama-3.3-70B-Instruct,70000000000,news,1198,59
"wiki: Individual symptoms of autism occur in the general population and appear not to associate highly, without a sharp line separating pathologically severe from common traits.",1.0,481,1773069126.0458937,2026-03-09T16:12:06.045904,0.3407316505908966,0.4481759965419769,Llama-3.3-70B-Instruct,70000000000,wiki,1199,59
wiki: Two common optical albedos that are used in astronomy are the (V-band) geometric albedo (measuring brightness when illumination comes from directly behind the observer) and the Bond albedo (measuring total proportion of electromagnetic energy reflected).,1.0,461,1773069142.898697,2026-03-09T16:12:22.898706,0.3210091292858124,0.4478026032447815,Llama-3.3-70B-Instruct,70000000000,wiki,1200,60
news: Her undying passion for these pieces is incredibly inspiring.,1.0,498,1773069194.5465376,2026-03-09T16:13:14.546542,0.3588103353977203,0.4535360038280487,Llama-3.3-70B-Instruct,70000000000,news,1201,60
"wiki: They were followed by the major currents of social anarchism (collectivist, communist and syndicalist).",1.0,488,1773069245.985593,2026-03-09T16:14:05.985602,0.3558349013328552,0.459314614534378,Llama-3.3-70B-Instruct,70000000000,wiki,1202,60
"code: Explain what this code does:
def function_92(x): return x * 2",1.0,492,1773069297.399446,2026-03-09T16:14:57.399450,0.373140424489975,0.4741806089878082,Llama-3.3-70B-Instruct,70000000000,code,1203,60
news: I want to walk you through the installation of one such tool: Trac.,1.0,493,1773069348.8439417,2026-03-09T16:15:48.843951,0.3635251820087433,0.4617243111133575,Llama-3.3-70B-Instruct,70000000000,news,1204,60
"wiki: , Alabama has the sixth highest poverty rate among states in the U.S.",1.0,494,1773069400.681924,2026-03-09T16:16:40.681934,0.3498042821884155,0.4459196329116821,Llama-3.3-70B-Instruct,70000000000,wiki,1205,60
"wiki: Of those who indicated a religious preference, 59% said they possessed a ""full understanding"" of their faith and needed no further learning.",1.0,481,1773069452.4576156,2026-03-09T16:17:32.457626,0.3447589874267578,0.4537214636802673,Llama-3.3-70B-Instruct,70000000000,wiki,1206,60
"code: Explain what this code does:
def function_33(x): return x * 2",1.0,492,1773069504.077041,2026-03-09T16:18:24.077051,0.3720835149288177,0.4732658267021179,Llama-3.3-70B-Instruct,70000000000,code,1207,60
"code: Explain what this code does:
def function_57(x): return x * 2",1.0,492,1773069555.5084746,2026-03-09T16:19:15.508486,0.36574587225914,0.4663589894771576,Llama-3.3-70B-Instruct,70000000000,code,1208,60
wiki: (A Birmingham city ordinance would have raised theirs to $10.10.),1.0,494,1773069606.840166,2026-03-09T16:20:06.840180,0.3580552339553833,0.4547094702720642,Llama-3.3-70B-Instruct,70000000000,wiki,1209,60
"wiki: However, there are no correspondingly similar words in the Alabama language.",1.0,495,1773069658.1633222,2026-03-09T16:20:58.163333,0.3401122987270355,0.4342581331729889,Llama-3.3-70B-Instruct,70000000000,wiki,1210,60
fiction: The male insects in a population are treated to prevent sperm production. Would this reduce this insect population? (Answer: C),1.0,484,1773069709.6598358,2026-03-09T16:21:49.659847,0.3358460366725921,0.4412184059619903,Llama-3.3-70B-Instruct,70000000000,fiction,1211,60
"wiki: With the rise of organised hierarchical bodies, scepticism toward authority also rose.",1.0,494,1773069761.1558669,2026-03-09T16:22:41.155876,0.3499247133731842,0.4464206993579864,Llama-3.3-70B-Instruct,70000000000,wiki,1212,60
fiction: George wants to warm his hands quickly by rubbing them. Which skin surface will produce the most heat? (Answer: A),1.0,484,1773069812.5968666,2026-03-09T16:23:32.596882,0.3457465469837188,0.450956255197525,Llama-3.3-70B-Instruct,70000000000,fiction,1213,60
"wiki: However, the link to climate change has not been explored to date and it is unclear whether or not this represents an ongoing trend.",1.0,483,1773069864.080243,2026-03-09T16:24:24.080253,0.3343660235404968,0.4404594302177429,Llama-3.3-70B-Instruct,70000000000,wiki,1214,60
"wiki: There was also a cursive style used for everyday or utilitarian writing, which was done on more perishable surfaces.",1.0,485,1773069915.5668533,2026-03-09T16:25:15.566862,0.3383491337299347,0.4413773417472839,Llama-3.3-70B-Instruct,70000000000,wiki,1215,60
"code: Explain what this code does:
def function_2(x): return x * 2",1.0,492,1773069966.9539845,2026-03-09T16:26:06.953990,0.3661193251609802,0.4659170806407928,Llama-3.3-70B-Instruct,70000000000,code,1216,60
fiction: Why do areas in the middle of a large continent generally have more extreme differences in temperature than areas near the coastline? (Answer: D),1.0,481,1773070017.7907596,2026-03-09T16:26:57.790769,0.3483133614063263,0.4579096734523773,Llama-3.3-70B-Instruct,70000000000,fiction,1217,60
news: Many thought that the story was too light compared to historically based stories.,1.0,495,1773070069.0920773,2026-03-09T16:27:49.092082,0.3308608829975128,0.4253608286380768,Llama-3.3-70B-Instruct,70000000000,news,1218,60
"wiki: In contemporary anarchism, this current survives as a tendency to support polyamory and queer anarchism.",1.0,488,1773070120.4850068,2026-03-09T16:28:40.485012,0.349607914686203,0.4518785774707794,Llama-3.3-70B-Instruct,70000000000,wiki,1219,60
"wiki: The grouping of disorders, including PDD-NOS, autism, Asperger syndrome, Rett syndrome, and CDD, has been removed and replaced with the general term of Autism Spectrum Disorders.",1.0,469,1773070172.440696,2026-03-09T16:29:32.440705,0.3356354236602783,0.4562427997589111,Llama-3.3-70B-Instruct,70000000000,wiki,1220,61
news: Pro tip: The heel is centered under the body so you can feel confident and stable!,1.0,491,1773070223.7222712,2026-03-09T16:30:23.722282,0.3621840476989746,0.4637694954872131,Llama-3.3-70B-Instruct,70000000000,news,1221,61
wiki: The Alabama Alcoholic Beverage Control Board controls the sale and distribution of alcoholic beverages in the state.,1.0,490,1773070275.1716244,2026-03-09T16:31:15.171633,0.3477295935153961,0.4464163780212402,Llama-3.3-70B-Instruct,70000000000,wiki,1222,61
"wiki: Numerous candidate genes have been located, with only small effects attributable to any particular gene.",1.0,492,1773070326.4987233,2026-03-09T16:32:06.498728,0.3534243702888489,0.454595148563385,Llama-3.3-70B-Instruct,70000000000,wiki,1223,61
news: The dancers currently have little information about the search process and plans to move forward.,1.0,493,1773070377.7878022,2026-03-09T16:32:57.787807,0.3504834771156311,0.448156327009201,Llama-3.3-70B-Instruct,70000000000,news,1224,61
fiction: What do earthquakes tell scientists about the history of the planet? (Answer: B),1.0,492,1773070429.1603773,2026-03-09T16:33:49.160382,0.3751505613327026,0.4760906994342804,Llama-3.3-70B-Instruct,70000000000,fiction,1225,61
wiki: This coincided with its failure to gain traction in Northern Europe and its unprecedented height in Latin America.,1.0,489,1773070480.466503,2026-03-09T16:34:40.466513,0.35966956615448,0.464781254529953,Llama-3.3-70B-Instruct,70000000000,wiki,1226,61
fiction: Puddles on a sidewalk are evaporating quickly. What most likely causes the puddles to evaporate? (Answer: A),1.0,482,1773070531.9732518,2026-03-09T16:35:31.973262,0.3556660115718841,0.4652557969093323,Llama-3.3-70B-Instruct,70000000000,fiction,1227,61
news: After almost 20 years there are countless things.,1.0,499,1773070583.3298686,2026-03-09T16:36:23.329878,0.3531025648117065,0.4450032114982605,Llama-3.3-70B-Instruct,70000000000,news,1228,61
"wiki: In Alabama, majority-white districts are now expected to regularly elect Republican candidates to federal, state and local office.",1.0,487,1773070635.096318,2026-03-09T16:37:15.096328,0.3549403548240661,0.4587950408458709,Llama-3.3-70B-Instruct,70000000000,wiki,1229,61
fiction: What characteristic of DNA results in cell differentiation in developing embryos? (Answer: C),1.0,492,1773070686.6931992,2026-03-09T16:38:06.693210,0.3513499200344085,0.4493502974510193,Llama-3.3-70B-Instruct,70000000000,fiction,1230,61
"wiki: The total effects were greater on the black community, as almost all its citizens were disfranchised and relegated to separate and unequal treatment under the law.",1.0,479,1773070738.4930103,2026-03-09T16:38:58.493020,0.3408821821212768,0.452317476272583,Llama-3.3-70B-Instruct,70000000000,wiki,1231,61
wiki: The current governor is Republican Kay Ivey.,1.0,500,1773070789.815874,2026-03-09T16:39:49.815888,0.365102469921112,0.4576781094074249,Llama-3.3-70B-Instruct,70000000000,wiki,1232,61
wiki: Contemporary news coverage which emphasizes black bloc demonstrations has reinforced anarchism's historical association with chaos and violence.,1.0,489,1773070841.2075274,2026-03-09T16:40:41.207552,0.3559253811836242,0.4602113962173462,Llama-3.3-70B-Instruct,70000000000,wiki,1233,61
"fiction: In a food pyramid, which best explains why the number of organisms decreases from one trophic level to the next? (Answer: B)",1.0,480,1773070892.7302134,2026-03-09T16:41:32.730227,0.3495339155197143,0.4598031044006347,Llama-3.3-70B-Instruct,70000000000,fiction,1234,61
"news: Snowflakes of the original cast, ""The Nutcracker"" at the Mariinsky Theatre, 1892.",1.0,485,1773070944.4645526,2026-03-09T16:42:24.464566,0.3452382087707519,0.4503287076950073,Llama-3.3-70B-Instruct,70000000000,news,1235,61
fiction: The following mathematical expressions represent four different concentrations of a chemical solution to be used in a science experiment. Which one is equal in magnitude to 1/1000? (Answer: C),1.0,471,1773070996.471336,2026-03-09T16:43:16.471350,0.3398680388927459,0.4586262106895447,Llama-3.3-70B-Instruct,70000000000,fiction,1236,61
wiki: No babbling by 12 months.,1.0,501,1773071011.9605486,2026-03-09T16:43:31.960553,0.374337375164032,0.4662637710571289,Llama-3.3-70B-Instruct,70000000000,wiki,1237,61
"code: Explain what this code does:
def function_56(x): return x * 2",1.0,492,1773071063.3344665,2026-03-09T16:44:23.334481,0.3710116147994995,0.4720022976398468,Llama-3.3-70B-Instruct,70000000000,code,1238,61
"code: Explain what this code does:
def function_36(x): return x * 2",1.0,492,1773071114.9878,2026-03-09T16:45:14.987812,0.3745996356010437,0.4759295880794525,Llama-3.3-70B-Instruct,70000000000,code,1239,61
fiction: A chemical property of a mineral is evident if the mineral (Answer: 2),1.0,492,1773071166.7427762,2026-03-09T16:46:06.742789,0.3593961596488952,0.4588977098464966,Llama-3.3-70B-Instruct,70000000000,fiction,1240,62
"news: Sun Jie, a coach and men's teacher at BDA since 2008, explains how introducing works from Western choreographers has broadened the overall abilities of Chinese ballet dancers.",1.0,472,1773071218.3167927,2026-03-09T16:46:58.316809,0.3160400688648224,0.4288893938064575,Llama-3.3-70B-Instruct,70000000000,news,1241,62
news: The victim was interviewed at Gulf Coast Children’s Advocacy Center.,1.0,496,1773071250.7253103,2026-03-09T16:47:30.725323,0.3444352746009826,0.4374237060546875,Llama-3.3-70B-Instruct,70000000000,news,1242,62
"wiki: The Legislature is responsible for writing, debating, passing, or defeating state legislation.",1.0,493,1773071302.1153283,2026-03-09T16:48:22.115338,0.3581053912639618,0.4564528167247772,Llama-3.3-70B-Instruct,70000000000,wiki,1243,62
"news: ""It's not just a few ballet steps here and there; he asks you to fully engage with yourself, not only as a dancer but as an actor and a person.""",1.0,474,1773071353.729251,2026-03-09T16:49:13.729258,0.3352341651916504,0.450331449508667,Llama-3.3-70B-Instruct,70000000000,news,1244,62
"wiki: Alabama English is predominantly Southern, and is related to South Midland speech which was taken across the border from Tennessee.",1.0,486,1773071405.1668496,2026-03-09T16:50:05.166854,0.3404587805271148,0.4441772997379303,Llama-3.3-70B-Instruct,70000000000,wiki,1245,62
"news: The EU's General Data Protection Regulation (GDPR) went into effect in May, requiring all organizations that handle the data of EU citizens to comply with its provisions regarding collecting and using personal data.",1.0,470,1773071456.8653316,2026-03-09T16:50:56.865357,0.3253367245197296,0.4431563317775726,Llama-3.3-70B-Instruct,70000000000,news,1246,62
wiki: Autism rights or neurodiversity advocates believe that the autism spectrum is genetic and should be accepted as a natural expression of the human genome.,1.0,481,1773071508.3600688,2026-03-09T16:51:48.360074,0.3490861058235168,0.4577566385269165,Llama-3.3-70B-Instruct,70000000000,wiki,1247,62
news: The registration fee is $300.,1.0,502,1773071559.6017745,2026-03-09T16:52:39.601785,0.3603681623935699,0.4489974081516266,Llama-3.3-70B-Instruct,70000000000,news,1248,62
"news: This time around, everything went smoothly and I was able to log into the Gitstorage interface (Figure B).",1.0,487,1773071611.1445076,2026-03-09T16:53:31.144517,0.3473941385746002,0.4502062797546386,Llama-3.3-70B-Instruct,70000000000,news,1249,62
"wiki: Unusual eating behavior occurs in about three-quarters of children with ASD, to the extent that it was formerly a diagnostic indicator.",1.0,484,1773071662.7231178,2026-03-09T16:54:22.723128,0.3503262102603912,0.4555393159389496,Llama-3.3-70B-Instruct,70000000000,wiki,1250,62
"news: Over the past two decades, Java has arguably been the most successful programming language on the planet.",1.0,490,1773071714.4025764,2026-03-09T16:55:14.402589,0.3533867299556732,0.4539271891117096,Llama-3.3-70B-Instruct,70000000000,news,1251,62
"wiki: The state legislature has retained power over local governments by refusing to pass a constitutional amendment establishing home rule for counties, as recommended by the 1973 Alabama Constitutional Commission.",1.0,476,1773071766.282578,2026-03-09T16:56:06.282589,0.3395805656909942,0.4539122283458709,Llama-3.3-70B-Instruct,70000000000,wiki,1252,62
"wiki: The rural bias of the state legislature, which had also failed to redistrict seats in the state house, affected politics well into the 20th century, failing to recognize the rise of industrial cities and urbanized areas.",1.0,465,1773071818.242215,2026-03-09T16:56:58.242224,0.3287025094032287,0.4524467885494232,Llama-3.3-70B-Instruct,70000000000,wiki,1253,62
"wiki: Clouds keep Earth cool by reflecting sunlight, but they can also serve as blankets to trap warmth.""",1.0,489,1773071869.5635047,2026-03-09T16:57:49.563514,0.363963633775711,0.4669930040836334,Llama-3.3-70B-Instruct,70000000000,wiki,1254,62
"wiki: Critics argue that Alabama's constitution maintains highly centralized power with the state legislature, leaving practically no power in local hands.",1.0,486,1773071921.1804109,2026-03-09T16:58:41.180421,0.3507972955703735,0.454738974571228,Llama-3.3-70B-Instruct,70000000000,wiki,1255,62
"code: Explain what this code does:
def function_76(x): return x * 2",1.0,492,1773071972.5919137,2026-03-09T16:59:32.591924,0.3729001581668854,0.47385174036026,Llama-3.3-70B-Instruct,70000000000,code,1256,62
"wiki: Ferrer's approach was secular, rejecting both state and church involvement in the educational process whilst giving pupils large amounts of autonomy in planning their work and attendance.",1.0,478,1773072024.1668618,2026-03-09T17:00:24.166872,0.3310128152370453,0.4401867091655731,Llama-3.3-70B-Instruct,70000000000,wiki,1257,62
"fiction: As part of an experiment, an astronaut takes a scale to the Moon and weighs himself. The scale reads 31 pounds. If the astronaut has a mass of about 84 kilograms, which are the approximate weight and mass of the astronaut when standing on the Earth? (Answer: D)",1.0,451,1773072076.2870438,2026-03-09T17:01:16.287054,0.308729350566864,0.4443686306476593,Llama-3.3-70B-Instruct,70000000000,fiction,1258,62
"wiki: Since the mid- to late 20th century, however, white conservatives started shifting to the Republican Party.",1.0,487,1773072127.6614704,2026-03-09T17:02:07.661481,0.3641858398914337,0.469611257314682,Llama-3.3-70B-Instruct,70000000000,wiki,1259,62
"news: 1892 ""Nutcracker"" costume sketch by Ivan Vsevolozhsky of the Sugar Plum Fairy's retinue.",1.0,482,1773072179.1659875,2026-03-09T17:02:59.165998,0.3476035594940185,0.4561470746994018,Llama-3.3-70B-Instruct,70000000000,news,1260,63
news: What parts of your life outside of ballet do you most look forward to cultivating now that you'll have more time on your hands?,1.0,483,1773072230.5768602,2026-03-09T17:03:50.576871,0.3533842861652374,0.4615762233734131,Llama-3.3-70B-Instruct,70000000000,news,1261,63
news: NYCB's Brittany Pollack and Chase Finlay in the grand pas de deux toe slide.,1.0,490,1773072281.883396,2026-03-09T17:04:41.883406,0.353462278842926,0.4535315334796905,Llama-3.3-70B-Instruct,70000000000,news,1262,63
"code: Explain what this code does:
def function_40(x): return x * 2",1.0,492,1773072333.208541,2026-03-09T17:05:33.208551,0.3738526999950409,0.4748083353042602,Llama-3.3-70B-Instruct,70000000000,code,1263,63
"news: Some days you might not feel good about yourself, or things in your body might not be working well—every day is different.",1.0,483,1773072384.673581,2026-03-09T17:06:24.673592,0.3371796011924743,0.4420463144779205,Llama-3.3-70B-Instruct,70000000000,news,1264,63
"code: Explain what this code does:
def function_20(x): return x * 2",1.0,492,1773072436.2966783,2026-03-09T17:07:16.296699,0.3638565838336944,0.4632647037506103,Llama-3.3-70B-Instruct,70000000000,code,1265,63
news: Could some of us be out of a job?,1.0,499,1773072487.5647185,2026-03-09T17:08:07.564729,0.366189569234848,0.4591754674911499,Llama-3.3-70B-Instruct,70000000000,news,1266,63
"wiki: For instance, Birmingham and Jefferson County taxes had supplied one-third of the state budget, but Jefferson County received only 1/67th of state services in funding.",1.0,476,1773072539.0809293,2026-03-09T17:08:59.080941,0.3343287408351898,0.4464323222637176,Llama-3.3-70B-Instruct,70000000000,wiki,1267,63
"wiki: In geometry, capital A, B, C etc.",1.0,498,1773072590.2870564,2026-03-09T17:09:50.287072,0.35952028632164,0.4524982571601867,Llama-3.3-70B-Instruct,70000000000,wiki,1268,63
wiki: European settlement  The Spanish were the first Europeans to reach Alabama during their exploration of North America in the 16th century.,1.0,484,1773072641.829048,2026-03-09T17:10:41.829055,0.362790435552597,0.4706789553165436,Llama-3.3-70B-Instruct,70000000000,wiki,1269,63
"fiction: Many common hand tools create a mechanical advantage by using the basic principles found in simple machines. For example, a screwdriver uses the principles of the wheel and axle. In order to increase gripping force, pliers use the principle demonstrated in the (Answer: B)",1.0,456,1773072693.6888075,2026-03-09T17:11:33.688819,0.3080656826496124,0.4385447800159454,Llama-3.3-70B-Instruct,70000000000,fiction,1270,63
"news: The ethereal twinkling sound in the Sugar Plum Fairy's solo comes from the celesta, a rare instrument Tchaikovsky heard in France.",1.0,479,1773072745.2453992,2026-03-09T17:12:25.245408,0.3420421183109283,0.4519989788532257,Llama-3.3-70B-Instruct,70000000000,news,1271,63
"wiki: They wrote another constitution in 1875, and the legislature passed the Blaine Amendment, prohibiting public money from being used to finance religious-affiliated schools.",1.0,478,1773072796.786754,2026-03-09T17:13:16.786763,0.3314929902553558,0.4405868053436279,Llama-3.3-70B-Instruct,70000000000,wiki,1272,63
"wiki: In the Sasanian Empire, Mazdak called for an egalitarian society and the abolition of monarchy, only to be soon executed by Emperor Kavad I.",1.0,476,1773072848.4481745,2026-03-09T17:14:08.448186,0.3337801992893219,0.445235013961792,Llama-3.3-70B-Instruct,70000000000,wiki,1273,63
"wiki: Functional friendships, such as those resulting in invitations to parties, may affect the quality of life more deeply.",1.0,488,1773072900.13569,2026-03-09T17:15:00.135704,0.3478585481643677,0.4505707919597626,Llama-3.3-70B-Instruct,70000000000,wiki,1274,63
"wiki: Because light specularly reflected from water does not usually reach the viewer, water is usually considered to have a very low albedo in spite of its high reflectivity at high angles of incident light.",1.0,470,1773072952.1157749,2026-03-09T17:15:52.115785,0.321111112833023,0.436747670173645,Llama-3.3-70B-Instruct,70000000000,wiki,1275,63
"wiki: As it appeals to both emotion and reason, art could appeal to the whole human and have a powerful effect.",1.0,487,1773073003.5827217,2026-03-09T17:16:43.582734,0.3409980535507202,0.4449230134487152,Llama-3.3-70B-Instruct,70000000000,wiki,1276,63
"wiki: In addition, Alabama produces aerospace and electronic products, mostly in the Huntsville area, the location of NASA's George C. Marshall Space Flight Center and the U.S. Army Materiel Command, headquartered at Redstone Arsenal.",1.0,464,1773073054.965896,2026-03-09T17:17:34.965908,0.331256240606308,0.4571738541126251,Llama-3.3-70B-Instruct,70000000000,wiki,1277,63
"wiki: Through many countries, individualist anarchism attracted a small yet diverse following of Bohemian artists and intellectuals as well as young anarchist outlaws in what became known as illegalism and individual reclamation.",1.0,469,1773073106.927528,2026-03-09T17:18:26.927535,0.3216603994369507,0.4402497708797455,Llama-3.3-70B-Instruct,70000000000,wiki,1278,63
"code: Explain what this code does:
def function_77(x): return x * 2",1.0,492,1773073158.3624191,2026-03-09T17:19:18.362430,0.3605176210403442,0.4601000547409057,Llama-3.3-70B-Instruct,70000000000,code,1279,63
news: Dumas even cheered up the name of the protagonist.,1.0,498,1773073187.2849083,2026-03-09T17:19:47.284913,0.3592608273029327,0.4561106562614441,Llama-3.3-70B-Instruct,70000000000,news,1280,64
fiction: Cells are the basic unit of structure and function in all living organisms. Which describes the greatest difference between the cells of a baby gorilla and the cells of an adult gorilla? (Answer: A),1.0,468,1773073238.9480932,2026-03-09T17:20:38.948102,0.3349839150905609,0.4565909504890442,Llama-3.3-70B-Instruct,70000000000,fiction,1281,64
"wiki: A total of 387 schools, seven teachers' houses, and several vocational buildings were completed by 1937 in the state.",1.0,483,1773073290.48021,2026-03-09T17:21:30.480221,0.3492250442504883,0.4590117335319519,Llama-3.3-70B-Instruct,70000000000,wiki,1282,64
"wiki: Bakunin saw the state as meaning ""coercion, domination by means of coercion, camouflaged if possible but unceremonious and overt if need be.""",1.0,474,1773073342.05984,2026-03-09T17:22:22.059850,0.3354023396968841,0.4502600133419037,Llama-3.3-70B-Instruct,70000000000,wiki,1283,64
"wiki: After bitter disputes, the Bakuninists were expelled from the International by the Marxists at the 1872 Hague Congress.",1.0,483,1773073393.5359898,2026-03-09T17:23:13.536000,0.3476427495479584,0.4543485343456268,Llama-3.3-70B-Instruct,70000000000,wiki,1284,64
"news: Investigators now believe that four black males came from Atlanta to the Destin area on October 1, 2017, and rented two vehicles.",1.0,480,1773073445.2920966,2026-03-09T17:24:05.292112,0.3408261239528656,0.448735624551773,Llama-3.3-70B-Instruct,70000000000,news,1285,64
wiki: Greater Birmingham is Alabama's largest metropolitan area and its economic center.,1.0,496,1773073496.6841414,2026-03-09T17:24:56.684166,0.365478515625,0.4606885015964508,Llama-3.3-70B-Instruct,70000000000,wiki,1286,64
fiction: A fold observed in layers of sedimentary rock most likely resulted from the (Answer: B),1.0,490,1773073548.3401506,2026-03-09T17:25:48.340164,0.3595577180385589,0.4609896540641784,Llama-3.3-70B-Instruct,70000000000,fiction,1287,64
"fiction: In the carbon cycle, carbon moves from reservoir to reservoir as various organic and inorganic processes occur on Earth. Only a small percentage of the global carbon is moved in this cycle each year. The remaining carbon is stored in these reservoirs. Which reservoir contains the greatest amount of stored carbon? (Answer: D)",1.0,446,1773073600.8191638,2026-03-09T17:26:40.819178,0.2886290848255157,0.4248136878013611,Llama-3.3-70B-Instruct,70000000000,fiction,1288,64
news: San Francisco Ballet Honors Robbins Mysterious; romantic; witty; electrifying.,1.0,493,1773073652.1803389,2026-03-09T17:27:32.180353,0.3566588759422302,0.4537106156349182,Llama-3.3-70B-Instruct,70000000000,news,1289,64
"wiki: In two of the studies, whose duration was 12 and 24 months, a significant improvement in ASD symptoms (efficacy rate 50%) was identified.",1.0,476,1773073703.7874525,2026-03-09T17:28:23.787466,0.3264329731464386,0.4375262558460235,Llama-3.3-70B-Instruct,70000000000,wiki,1290,64
fiction: Which geologic process most likely led to the uplifting of the Rocky Mountains? (Answer: C),1.0,489,1773073755.116465,2026-03-09T17:29:15.116479,0.3516429960727691,0.4541214108467102,Llama-3.3-70B-Instruct,70000000000,fiction,1291,64
"news: Building a slide deck, pitch, or presentation?",1.0,499,1773073806.326702,2026-03-09T17:30:06.326716,0.3771773874759674,0.4708512127399444,Llama-3.3-70B-Instruct,70000000000,news,1292,64
"wiki: Since a direct connection from I-22 to I-422 will not be possible, I-222 has been proposed, as well.",1.0,482,1773073857.810866,2026-03-09T17:30:57.810880,0.3371903300285339,0.4431550204753876,Llama-3.3-70B-Instruct,70000000000,wiki,1293,64
"code: Explain what this code does:
def function_65(x): return x * 2",1.0,492,1773073909.280316,2026-03-09T17:31:49.280330,0.3665958642959595,0.4665995240211487,Llama-3.3-70B-Instruct,70000000000,code,1294,64
"wiki: Unlike with autism, people with Asperger syndrome have no substantial delay in language development.",1.0,491,1773073960.6520274,2026-03-09T17:32:40.652041,0.3572467267513275,0.4567396342754364,Llama-3.3-70B-Instruct,70000000000,wiki,1295,64
"wiki: Anarchism's emphasis on anti-capitalism, egalitarianism, and for the extension of community and individuality sets it apart from anarcho-capitalism and other types of economic libertarianism.",1.0,469,1773074012.3925457,2026-03-09T17:33:32.392560,0.3332537710666656,0.4525965750217438,Llama-3.3-70B-Instruct,70000000000,wiki,1296,64
"wiki: The first anarchist currents developed throughout the 18th century as William Godwin espoused philosophical anarchism in England, morally delegitimising the state, Max Stirner's thinking paved the way to individualism and Pierre-Joseph Proudhon's theory of mutualism found fertile soil in France.",1.0,447,1773074064.5222096,2026-03-09T17:34:24.522223,0.2993784546852112,0.4376974403858185,Llama-3.3-70B-Instruct,70000000000,wiki,1297,64
"news: ""It's a kind of otherworldly dream,"" says Wheater.",1.0,494,1773074116.1165593,2026-03-09T17:35:16.116573,0.3500764071941376,0.4469837844371795,Llama-3.3-70B-Instruct,70000000000,news,1298,64
"wiki: Alabama's 67 county sheriffs are elected in partisan, at-large races, and Democrats still retain the narrow majority of those posts.",1.0,482,1773074167.648757,2026-03-09T17:36:07.648770,0.3390081524848938,0.4462152123451233,Llama-3.3-70B-Instruct,70000000000,wiki,1299,64
wiki: Both derive from the majuscule (capital) form.,1.0,497,1773074219.1380358,2026-03-09T17:36:59.138049,0.3661133944988251,0.461267352104187,Llama-3.3-70B-Instruct,70000000000,wiki,1300,65
"news: The research was truly enriching, because I realized how wonderful of a person he was as well, which dictates how we share his personal life onstage.",1.0,479,1773074270.7109962,2026-03-09T17:37:50.711010,0.3190323114395141,0.4265699982643127,Llama-3.3-70B-Instruct,70000000000,news,1301,65
wiki: It was the only state to allow judges to override jury decisions in whether or not to use a death sentence; in 10 cases judges overturned sentences of life imprisonment without parole that were voted unanimously by juries.,1.0,467,1773074322.389343,2026-03-09T17:38:42.389358,0.3225070834159851,0.4426969587802887,Llama-3.3-70B-Instruct,70000000000,wiki,1302,65
"wiki: In 2009, Bryant–Denny Stadium and Jordan-Hare Stadium became the homes of the Alabama High School Athletic Association state football championship games, after previously being held at Legion Field in Birmingham.",1.0,469,1773074374.041894,2026-03-09T17:39:34.041907,0.3291876316070556,0.4485141634941101,Llama-3.3-70B-Instruct,70000000000,wiki,1303,65
"wiki: JVC America, Inc. operates an optical disc replication and packaging plant in Tuscaloosa.",1.0,489,1773074425.5780585,2026-03-09T17:40:25.578071,0.3483523428440094,0.4492218792438507,Llama-3.3-70B-Instruct,70000000000,wiki,1304,65
"news: Although many have won awards at international competitions, the school does not actively focus on competing.",1.0,491,1773074477.2835402,2026-03-09T17:41:17.283555,0.3396553993225097,0.4375649392604828,Llama-3.3-70B-Instruct,70000000000,news,1305,65
"fiction: Lactose intolerance is a condition of the digestive system in which an individual has an inability to digest lactose, the sugar found in milk. An individual affected with lactose intolerance does not produce enough of the enzyme lactase, which is needed to break down lactose. If more adults than children are diagnosed with lactose intolerance, what does this most likely suggest? (Answer: A)",1.0,430,1773074529.6733131,2026-03-09T17:42:09.673327,0.2877147197723388,0.4460584223270416,Llama-3.3-70B-Instruct,70000000000,fiction,1306,65
"code: Explain what this code does:
def function_64(x): return x * 2",1.0,492,1773074581.0381825,2026-03-09T17:43:01.038196,0.3684874176979065,0.4686901569366455,Llama-3.3-70B-Instruct,70000000000,code,1307,65
fiction: Which of the following is an example of a physical change? (Answer: B),1.0,492,1773074632.583392,2026-03-09T17:43:52.583406,0.365757405757904,0.4658358097076416,Llama-3.3-70B-Instruct,70000000000,fiction,1308,65
"news: Fortunately, I was sent two devices, so I unplugged the first (a GS-16) and plugged in the second (a GS-64).",1.0,478,1773074684.0333886,2026-03-09T17:44:44.033401,0.3408560156822204,0.4571345746517181,Llama-3.3-70B-Instruct,70000000000,news,1309,65
"news: OEMs like Meta, VIVE, Vuzix, and Picoare are already building on the XR1 platform, the release said.",1.0,480,1773074735.5899768,2026-03-09T17:45:35.589991,0.3452070951461792,0.4551580250263214,Llama-3.3-70B-Instruct,70000000000,news,1310,65
"wiki: In Basra, religious sects preached against the state.",1.0,497,1773074786.953482,2026-03-09T17:46:26.953496,0.3530786037445068,0.4472325444221496,Llama-3.3-70B-Instruct,70000000000,wiki,1311,65
"news: Photo by Paul Kolnik, Courtesy NYCB.",1.0,499,1773074838.5206456,2026-03-09T17:47:18.520658,0.3727064132690429,0.4664912521839142,Llama-3.3-70B-Instruct,70000000000,news,1312,65
fiction: A toothpaste commercial states that a brand of toothpaste has a higher concentration of fluoride than any other toothpaste available. The commercial is most likely inferring that the advertised toothpaste (Answer: C),1.0,468,1773074863.044516,2026-03-09T17:47:43.044529,0.3291480243206024,0.4500000178813934,Llama-3.3-70B-Instruct,70000000000,fiction,1313,65
"code: Explain what this code does:
def function_48(x): return x * 2",1.0,492,1773074914.837354,2026-03-09T17:48:34.837358,0.3749302923679352,0.4761772751808166,Llama-3.3-70B-Instruct,70000000000,code,1314,65
wiki: Anarchism appears in English from 1642 as anarchisme and anarchy from 1539; early English usages emphasised a sense of disorder.,1.0,477,1773074966.54272,2026-03-09T17:49:26.542728,0.3382080793380737,0.4495667517185211,Llama-3.3-70B-Instruct,70000000000,wiki,1315,65
news: We've pulled together some highlights.,1.0,502,1773075018.067006,2026-03-09T17:50:18.067011,0.3550789654254913,0.4462790787220001,Llama-3.3-70B-Instruct,70000000000,news,1316,65
"wiki: Jordan-Hare Stadium is the home field of the Auburn football team and seats up to 87,451.",1.0,487,1773075069.5363932,2026-03-09T17:51:09.536398,0.3507139682769775,0.4536921083927154,Llama-3.3-70B-Instruct,70000000000,wiki,1317,65
"wiki: The Alabama Fever land rush was underway when the state was admitted to the Union, with settlers and land speculators pouring into the state to take advantage of fertile land suitable for cotton cultivation.",1.0,472,1773075121.1097622,2026-03-09T17:52:01.109767,0.341597706079483,0.4594265818595886,Llama-3.3-70B-Instruct,70000000000,wiki,1318,65
"news: The Royal Swedish Ballet in Alexander Ekman's ""Midsummer Night's Dream.""",1.0,493,1773075172.5230374,2026-03-09T17:52:52.523047,0.3571899533271789,0.4549231231212616,Llama-3.3-70B-Instruct,70000000000,news,1319,65
"wiki: Terminology and distinction from schizophrenia  As late as the mid-1970s there was little evidence of a genetic role in autism, while in 2007 it was believed to be one of the most heritable psychiatric conditions.",1.0,463,1773075224.4990933,2026-03-09T17:53:44.499100,0.3247922360897064,0.4497987627983093,Llama-3.3-70B-Instruct,70000000000,wiki,1320,66
"wiki: The way these hacktivists work to develop and distribute resembles the anarchist ideals, especially when it comes to preserving users' privacy from state surveillance.",1.0,480,1773075276.0225036,2026-03-09T17:54:36.022508,0.3387684822082519,0.4488113820552826,Llama-3.3-70B-Instruct,70000000000,wiki,1321,66
wiki: The Marxist criticism of anarchism is that it has a utopian character because all individuals should have anarchist views and values.,1.0,485,1773075327.583012,2026-03-09T17:55:27.583017,0.3448221087455749,0.4484549164772033,Llama-3.3-70B-Instruct,70000000000,wiki,1322,66
"wiki: A 2018 review concluded that it may be a therapeutic option for specific groups of children with autism, such as those with known food intolerances or allergies, or with food intolerance markers.",1.0,471,1773075379.152558,2026-03-09T17:56:19.152563,0.331133484840393,0.448160171508789,Llama-3.3-70B-Instruct,70000000000,wiki,1323,66
"wiki: Among those who find work, most are employed in sheltered settings working for wages below the national minimum.",1.0,488,1773075430.4453075,2026-03-09T17:57:10.445312,0.3530295193195343,0.4563378095626831,Llama-3.3-70B-Instruct,70000000000,wiki,1324,66
"news: Artists of the Ballet in rehearsal for ""Frame by Frame.""",1.0,497,1773075481.6459415,2026-03-09T17:58:01.645946,0.3606410324573517,0.4556311964988708,Llama-3.3-70B-Instruct,70000000000,news,1325,66
"news: ""GDPR closes all those gaps,"" he added.",1.0,498,1773075532.7489483,2026-03-09T17:58:52.748953,0.3593260645866394,0.4531445503234863,Llama-3.3-70B-Instruct,70000000000,news,1326,66
wiki: Some authors suggest that automatic motor assessment could be useful to screen the children with ASD for instance with behavioural motor and emotionals reactions during smartphone watching.,1.0,480,1773075584.4376078,2026-03-09T17:59:44.437612,0.3278456926345825,0.4369996786117553,Llama-3.3-70B-Instruct,70000000000,wiki,1327,66
"wiki: Epilepsy, with variations in risk of epilepsy due to age, cognitive level, and type of language disorder.",1.0,486,1773075635.8933582,2026-03-09T18:00:35.893363,0.3424019515514374,0.4457099437713623,Llama-3.3-70B-Instruct,70000000000,wiki,1328,66
news: Git is the largest revision control and collaboration system available for development.,1.0,496,1773075687.062447,2026-03-09T18:01:27.062452,0.3471439480781555,0.439863383769989,Llama-3.3-70B-Instruct,70000000000,news,1329,66
fiction: A plant that grows red flowers was crossed with the same kind of plant that grows white flowers. Their offspring grew pink flowers. Which best explains why the offspring grew pink flowers? (Answer: C),1.0,469,1773075738.667482,2026-03-09T18:02:18.667487,0.3454010784626007,0.4680020213127136,Llama-3.3-70B-Instruct,70000000000,fiction,1330,66
"wiki: Assassination attempts were carried out against heads of state, some of which were successful.",1.0,492,1773075789.97619,2026-03-09T18:03:09.976195,0.364071637392044,0.4643149971961975,Llama-3.3-70B-Instruct,70000000000,wiki,1331,66
"wiki: When seen from a distance, the ocean surface has a low albedo, as do most forests, whereas desert areas have some of the highest albedos among landforms.",1.0,474,1773075841.4331908,2026-03-09T18:04:01.433195,0.3465632498264313,0.4645341634750366,Llama-3.3-70B-Instruct,70000000000,wiki,1332,66
fiction: A boat is acted on by a river current flowing north and by wind blowing on its sails. The boat travels northeast. In which direction is the wind most likely applying force to the sails of the boat? (Answer: B),1.0,463,1773075893.120452,2026-03-09T18:04:53.120457,0.3192070126533508,0.4430029392242431,Llama-3.3-70B-Instruct,70000000000,fiction,1333,66
"news: The two men entered the gas station after McNeight, one of them carrying a tire iron.",1.0,489,1773075944.4841835,2026-03-09T18:05:44.484197,0.350972980260849,0.4520827531814575,Llama-3.3-70B-Instruct,70000000000,news,1334,66
"news: This spring, The Joffrey Ballet will present the North American premiere of Alexander Ekman's Midsummer Night's Dream.",1.0,484,1773075995.8211825,2026-03-09T18:06:35.821187,0.3585133254528045,0.4664871096611023,Llama-3.3-70B-Instruct,70000000000,news,1335,66
"news: I attempted to use the admin email/password I'd setup during the wizard, but that wouldn't work.",1.0,488,1773076047.105828,2026-03-09T18:07:27.105833,0.3289721310138702,0.4280219078063965,Llama-3.3-70B-Instruct,70000000000,news,1336,66
wiki: The former sought to create a coherent group that would push for revolution while the latter were against anything that would resemble a political party.,1.0,483,1773076098.6793356,2026-03-09T18:08:18.679340,0.336369127035141,0.4440519511699676,Llama-3.3-70B-Instruct,70000000000,wiki,1337,66
fiction: All of the following contain metric units of measurement except (Answer: C),1.0,494,1773076149.9603226,2026-03-09T18:09:09.960338,0.3496306836605072,0.4470196962356567,Llama-3.3-70B-Instruct,70000000000,fiction,1338,66
"wiki: within anarcho-primitivism), and the democratic process may be sharply criticised within some anarchist tendencies and simultaneously lauded in others.",1.0,482,1773076201.332968,2026-03-09T18:10:01.332980,0.3464303314685821,0.4541060328483581,Llama-3.3-70B-Instruct,70000000000,wiki,1339,66
news: He was paid $80 and was taken by the two men to Millville and left.,1.0,491,1773076252.6701744,2026-03-09T18:10:52.670180,0.3404051959514618,0.439332365989685,Llama-3.3-70B-Instruct,70000000000,news,1340,67
"news: It's an invaluable quality for a person to have, whether they continue to dance or end up doing other things.",1.0,486,1773076304.0061126,2026-03-09T18:11:44.006119,0.3392234742641449,0.4436275959014892,Llama-3.3-70B-Instruct,70000000000,news,1341,67
"wiki: The state ranges in elevation from sea level at Mobile Bay to more than  in the northeast, to Mount Cheaha at .",1.0,484,1773076355.4919465,2026-03-09T18:12:35.491954,0.3522864580154419,0.4582640826702118,Llama-3.3-70B-Instruct,70000000000,wiki,1342,67
"wiki: The uneven heating of Earth from albedo variations between land, ice, or ocean surfaces can drive weather.",1.0,488,1773076406.7901287,2026-03-09T18:13:26.790133,0.3625561594963074,0.4672496318817138,Llama-3.3-70B-Instruct,70000000000,wiki,1343,67
"wiki: This can take the form of disrupting and protesting against unjust hierarchy, or the form of self-managing their lives through the creation of counter-institutions such as communes and non-hierarchical collectives.",1.0,469,1773076458.3164656,2026-03-09T18:14:18.316472,0.3370662331581116,0.4589574635028839,Llama-3.3-70B-Instruct,70000000000,wiki,1344,67
wiki: Many autistic people face significant obstacles in transitioning to adulthood.,1.0,498,1773076509.423879,2026-03-09T18:15:09.423887,0.3740608990192413,0.4696435928344726,Llama-3.3-70B-Instruct,70000000000,wiki,1345,67
fiction: An old T-shirt can be ripped into smaller pieces and used as rags. An empty milk jug can be used to water houseplants. Both of these are examples of how (Answer: D),1.0,469,1773076522.5745392,2026-03-09T18:15:22.574544,0.3331956565380096,0.4542233347892761,Llama-3.3-70B-Instruct,70000000000,fiction,1346,67
"code: Explain what this code does:
def function_22(x): return x * 2",1.0,492,1773076573.7854955,2026-03-09T18:16:13.785502,0.3732249736785888,0.4740936756134033,Llama-3.3-70B-Instruct,70000000000,code,1347,67
"wiki: It is not known whether treatment programs for children lead to significant improvements after the children grow up, and the limited research on the effectiveness of adult residential programs shows mixed results.",1.0,475,1773076625.2114017,2026-03-09T18:17:05.211408,0.3366888165473938,0.4509186744689941,Llama-3.3-70B-Instruct,70000000000,wiki,1348,67
"wiki: Snow Snow albedo is highly variable, ranging from as high as 0.9 for freshly fallen snow, to about 0.4 for melting snow, and as low as 0.2 for dirty snow.",1.0,465,1773076677.0510275,2026-03-09T18:17:57.051035,0.3223303258419037,0.4440072178840637,Llama-3.3-70B-Instruct,70000000000,wiki,1349,67
wiki: The dismemberment of the French socialist movement into many groups and the execution and exile of many Communards to penal colonies following the suppression of the Paris Commune favoured individualist political expression and acts.,1.0,469,1773076728.648012,2026-03-09T18:18:48.648018,0.3298209011554718,0.449160099029541,Llama-3.3-70B-Instruct,70000000000,wiki,1350,67
"wiki: The average albedo of the Earth from the upper atmosphere, its planetary albedo, is 30–35% because of cloud cover, but widely varies locally across the surface because of different geological and environmental features.",1.0,466,1773076780.2614443,2026-03-09T18:19:40.261450,0.3189915716648102,0.4388109445571899,Llama-3.3-70B-Instruct,70000000000,wiki,1351,67
"wiki: It was formally recognized by the state legislature on January 25, 1844.",1.0,492,1773076831.7217407,2026-03-09T18:20:31.721747,0.3428335785865783,0.4429006576538086,Llama-3.3-70B-Instruct,70000000000,wiki,1352,67
"wiki: Small-scale effects Albedo works on a smaller scale, too.",1.0,496,1773076882.8204305,2026-03-09T18:21:22.820436,0.3650546669960022,0.4607670307159424,Llama-3.3-70B-Instruct,70000000000,wiki,1353,67
"wiki: Media  Major newspapers include Birmingham News, Mobile Press-Register, and Montgomery Advertiser.",1.0,491,1773076933.9853086,2026-03-09T18:22:13.985315,0.3552764356136322,0.4549861550331116,Llama-3.3-70B-Instruct,70000000000,wiki,1354,67
"wiki: In the 2000s, the number of autistic people worldwide was estimated at 1–2 per 1,000 people.",1.0,482,1773076985.3916965,2026-03-09T18:23:05.391703,0.3489080369472503,0.4572183787822723,Llama-3.3-70B-Instruct,70000000000,wiki,1355,67
wiki: They held on to old representation to maintain political and economic power in agricultural areas.,1.0,493,1773077036.600241,2026-03-09T18:23:56.600247,0.3443659842014313,0.4437638521194458,Llama-3.3-70B-Instruct,70000000000,wiki,1356,67
"news: It offers degrees in performance, choreography and more.",1.0,498,1773077087.7341764,2026-03-09T18:24:47.734183,0.3441377580165863,0.4378466010093689,Llama-3.3-70B-Instruct,70000000000,news,1357,67
"code: Explain what this code does:
def function_88(x): return x * 2",1.0,492,1773077139.0093412,2026-03-09T18:25:39.009348,0.362826406955719,0.4623631536960602,Llama-3.3-70B-Instruct,70000000000,code,1358,67
fiction: Michael learned that the movement of Earth in the solar system causes changes that can be seen on the planet. Which change could be seen on Earth in the time it takes Earth to rotate once on its axis? (Answer: A),1.0,463,1773077190.677282,2026-03-09T18:26:30.677288,0.3348389863967895,0.4624993205070495,Llama-3.3-70B-Instruct,70000000000,fiction,1359,67
"wiki: About three-fifths of the land area is part of the Gulf Coastal Plain, a gentle plain with a general descent towards the Mississippi River and the Gulf of Mexico.",1.0,475,1773077242.3569715,2026-03-09T18:27:22.356984,0.3346092402935028,0.4485876560211181,Llama-3.3-70B-Instruct,70000000000,wiki,1360,68
wiki: The presence of autism can make it harder to diagnose coexisting psychiatric disorders such as depression.,1.0,491,1773077293.7097237,2026-03-09T18:28:13.709791,0.3365283906459808,0.4335669577121734,Llama-3.3-70B-Instruct,70000000000,wiki,1361,68
"wiki: Jewish denominations in the state include two Orthodox, four Conservative, ten Reform, and one Humanistic synagogue.",1.0,487,1773077307.9188783,2026-03-09T18:28:27.918886,0.3390262424945831,0.4403397440910339,Llama-3.3-70B-Instruct,70000000000,wiki,1362,68
"news: The team will be responsible for the day-to-day artistic needs of the company including scheduling, casting and conducting rehearsals.",1.0,485,1773077359.4689472,2026-03-09T18:29:19.468974,0.3505406677722931,0.455980896949768,Llama-3.3-70B-Instruct,70000000000,news,1363,68
wiki: WPA Guide to Alabama (1939).,1.0,500,1773077379.023613,2026-03-09T18:29:39.023635,0.3701221346855163,0.4632780849933624,Llama-3.3-70B-Instruct,70000000000,wiki,1364,68
wiki: Such a dark surface is thought to be indicative of a primitive and heavily space weathered surface containing some organic compounds.,1.0,486,1773077430.5284696,2026-03-09T18:30:30.528484,0.3440744280815124,0.4484581053256988,Llama-3.3-70B-Instruct,70000000000,wiki,1365,68
wiki: The notion of free love was much broader and included a critique of the established order that limited women's sexual freedom and pleasure.,1.0,484,1773077481.9400785,2026-03-09T18:31:21.940113,0.3501664400100708,0.4567251801490783,Llama-3.3-70B-Instruct,70000000000,wiki,1366,68
fiction: Scientists who disagree with the results of an experiment should (Answer: D),1.0,494,1773077497.1750538,2026-03-09T18:31:37.175061,0.3598532974720001,0.4577038884162903,Llama-3.3-70B-Instruct,70000000000,fiction,1367,68
"code: Explain what this code does:
def function_91(x): return x * 2",1.0,492,1773077548.5182445,2026-03-09T18:32:28.518258,0.3631968200206756,0.4623594582080841,Llama-3.3-70B-Instruct,70000000000,code,1368,68
wiki: There has been a significant movement to rewrite and modernize Alabama's constitution.,1.0,494,1773077599.8627098,2026-03-09T18:33:19.862723,0.3570943772792816,0.4544757604598999,Llama-3.3-70B-Instruct,70000000000,wiki,1369,68
news: Click here to subscribe to the TechRepublic Cybersecurity Insider newsletter.,1.0,496,1773077651.1246617,2026-03-09T18:34:11.124674,0.3503682613372803,0.4452186524868011,Llama-3.3-70B-Instruct,70000000000,news,1370,68
wiki: It was a notable feature of the international syndicalism movement.,1.0,496,1773077702.465113,2026-03-09T18:35:02.465125,0.3583411574363708,0.4543713629245758,Llama-3.3-70B-Instruct,70000000000,wiki,1371,68
"news: ""The kind of information that can be disclosed via email should be spelled out very clearly,"" he added.",1.0,488,1773077753.8703666,2026-03-09T18:35:53.870382,0.3474268317222595,0.4500000774860382,Llama-3.3-70B-Instruct,70000000000,news,1372,68
"code: Explain what this code does:
def function_45(x): return x * 2",1.0,492,1773077805.131111,2026-03-09T18:36:45.131124,0.3682519793510437,0.4687941074371338,Llama-3.3-70B-Instruct,70000000000,code,1373,68
"code: Explain what this code does:
def function_60(x): return x * 2",1.0,492,1773077856.5265305,2026-03-09T18:37:36.526545,0.3689301013946533,0.4698684513568878,Llama-3.3-70B-Instruct,70000000000,code,1374,68
"news: As a result, preparation is intense.",1.0,501,1773077907.5848162,2026-03-09T18:38:27.584828,0.3553479313850403,0.4465245604515075,Llama-3.3-70B-Instruct,70000000000,news,1375,68
news: Were you familiar with McLaren's work before this project?,1.0,498,1773077958.7248237,2026-03-09T18:39:18.724834,0.3621055781841278,0.455112874507904,Llama-3.3-70B-Instruct,70000000000,news,1376,68
wiki: Communication About one third to half of autistic people do not develop enough natural speech to meet their daily communication needs.,1.0,487,1773078010.0490174,2026-03-09T18:40:10.049032,0.3567949831485748,0.4604282975196838,Llama-3.3-70B-Instruct,70000000000,wiki,1377,68
"news: Redmonk, in its latest Q1 2018 survey, says Java is the second-most popular language after JavaScript among developers.",1.0,482,1773078061.5062048,2026-03-09T18:41:01.506218,0.3375751972198486,0.4435012638568878,Llama-3.3-70B-Instruct,70000000000,news,1378,68
"news: Over the next decade, the company toured the ballet extensively, exposing it to audiences nationwide.",1.0,491,1773078112.772978,2026-03-09T18:41:52.772992,0.3520727157592773,0.4512878358364105,Llama-3.3-70B-Instruct,70000000000,news,1379,68
"code: Explain what this code does:
def function_17(x): return x * 2",1.0,492,1773078164.1489778,2026-03-09T18:42:44.149004,0.3718520104885101,0.4726298451423645,Llama-3.3-70B-Instruct,70000000000,code,1380,69
fiction: Corn is widely being used in the United States to make ethanol for use in automobile fuel. How might the overproduction of corn negatively affect the environment? (Answer: A),1.0,474,1773078215.612419,2026-03-09T18:43:35.612432,0.3275822103023529,0.4415929317474365,Llama-3.3-70B-Instruct,70000000000,fiction,1381,69
wiki: Anarchy Archives is an online research center on the history and theory of anarchism.,1.0,492,1773078266.953065,2026-03-09T18:44:26.953079,0.3660555183887481,0.4658272862434387,Llama-3.3-70B-Instruct,70000000000,wiki,1382,69
"code: Explain what this code does:
def function_39(x): return x * 2",1.0,492,1773078318.2127166,2026-03-09T18:45:18.212730,0.371415376663208,0.4725315272808075,Llama-3.3-70B-Instruct,70000000000,code,1383,69
"code: Explain what this code does:
def function_27(x): return x * 2",1.0,492,1773078369.5363743,2026-03-09T18:46:09.536388,0.3695487976074219,0.4702464044094085,Llama-3.3-70B-Instruct,70000000000,code,1384,69
wiki: Belief in political nihilism has been espoused by anarchists.,1.0,496,1773078420.723069,2026-03-09T18:47:00.723091,0.3586613535881042,0.453993409872055,Llama-3.3-70B-Instruct,70000000000,wiki,1385,69
"wiki: Anarchists reject this criticism because challenging or disobeying authority does not entail the disappearance of its advantages by acknowledging authority such as doctors or lawyers as reliable, nor does it involve a complete surrender of independent judgment.",1.0,466,1773078472.3423088,2026-03-09T18:47:52.342321,0.3274978101253509,0.4500230550765991,Llama-3.3-70B-Instruct,70000000000,wiki,1386,69
"wiki: Most professionals believe that race, ethnicity, and socioeconomic background do not affect the occurrence of autism.",1.0,490,1773078523.7439532,2026-03-09T18:48:43.743958,0.3604387044906616,0.4616895020008087,Llama-3.3-70B-Instruct,70000000000,wiki,1387,69
"wiki: In response to their expulsion from the First International, anarchists formed the St. Imier International.",1.0,490,1773078575.227924,2026-03-09T18:49:35.227938,0.3590717911720276,0.4599738121032715,Llama-3.3-70B-Instruct,70000000000,wiki,1388,69
"news: Although initially not forthcoming about the true circumstances surrounding the robbery, McNeight eventually told investigators how he got the money.",1.0,485,1773078626.600413,2026-03-09T18:50:26.600427,0.3465050160884857,0.4512736201286316,Llama-3.3-70B-Instruct,70000000000,news,1389,69
"news: Through this new Jakarta EE Working Group process, we should see big Java EE vendors like IBM, Red Hat, and Oracle working within the open processes of the Eclipse Foundation with smaller vendors like Tomitribe and Payara.",1.0,464,1773078678.3283737,2026-03-09T18:51:18.328388,0.3132452070713043,0.4336933195590973,Llama-3.3-70B-Instruct,70000000000,news,1390,69
"news: That being the case, what do you do?",1.0,499,1773078729.4599688,2026-03-09T18:52:09.459982,0.3552247285842895,0.4480734765529632,Llama-3.3-70B-Instruct,70000000000,news,1391,69
"wiki: Tokyo was a hotspot for rebellious youth from countries of the far east, travelling to the Japanese capital to study.",1.0,486,1773078780.8314393,2026-03-09T18:53:00.831453,0.340419203042984,0.4446844160556793,Llama-3.3-70B-Instruct,70000000000,wiki,1392,69
news: Subscribe Also see,1.0,506,1773078831.9787865,2026-03-09T18:53:51.978800,0.3617454171180725,0.452027827501297,Llama-3.3-70B-Instruct,70000000000,news,1393,69
"news: Now click on the Repositories entry in the left navigation, click the Create button, give the repository a name, and click Submit.",1.0,482,1773078883.546186,2026-03-09T18:54:43.546200,0.3436824679374695,0.451613575220108,Llama-3.3-70B-Instruct,70000000000,news,1394,69
"news: Trac can be used as a wiki, a project management system, and for tracking bugs in software development.",1.0,487,1773078935.0704217,2026-03-09T18:55:35.070435,0.3359352052211761,0.436485230922699,Llama-3.3-70B-Instruct,70000000000,news,1395,69
"wiki: Minorities usually accept rough consensus, except when they feel the proposal contradicts anarchist ethics, goals and values.",1.0,487,1773078986.5570629,2026-03-09T18:56:26.557075,0.352169781923294,0.4571700096130371,Llama-3.3-70B-Instruct,70000000000,wiki,1396,69
"wiki: The scattering of radiation causes atmospheric cooling, whereas absorption can cause atmospheric warming.",1.0,494,1773079037.9113736,2026-03-09T18:57:17.911378,0.3522364795207977,0.4486275315284729,Llama-3.3-70B-Instruct,70000000000,wiki,1397,69
"wiki: Organized insurgent, resistance groups tried to suppress the freedmen and Republicans.",1.0,493,1773079089.5420103,2026-03-09T18:58:09.542017,0.3545082211494446,0.4528062641620636,Llama-3.3-70B-Instruct,70000000000,wiki,1398,69
"news: Photo by Alexander Iziliaev, Courtesy Nevada Ballet Theatre.",1.0,497,1773079140.8821273,2026-03-09T18:59:00.882141,0.3603954613208771,0.4557811319828033,Llama-3.3-70B-Instruct,70000000000,news,1399,69
wiki: This did not change until the late 1960s following a lawsuit and court order.,1.0,491,1773079192.3050597,2026-03-09T18:59:52.305071,0.3575904071331024,0.4588922560214996,Llama-3.3-70B-Instruct,70000000000,wiki,1400,70
"news: Germarco Johnson was charged with Robbery with a Firearm, Counterfeiting of an Instrument with Intent to Defraud (two counts), Principal/Accessory to Uttering a False Bank Bill (two counts), and Larceny $300 or more but less than $5000 (two counts).",1.0,448,1773079244.2059634,2026-03-09T19:00:44.205976,0.2917115986347198,0.4305667877197265,Llama-3.3-70B-Instruct,70000000000,news,1401,70
"wiki: The area of Alabama and Mississippi most affected by tornadoes is sometimes referred to as Dixie Alley, as distinct from the Tornado Alley of the Southern Plains.",1.0,477,1773079295.8184686,2026-03-09T19:01:35.818482,0.3342131078243255,0.4461953938007355,Llama-3.3-70B-Instruct,70000000000,wiki,1402,70
wiki: Native American groups within the state had increasingly been demanding recognition as ethnic groups and seeking an end to discrimination.,1.0,488,1773079347.1944337,2026-03-09T19:02:27.194446,0.3438970446586609,0.4459668695926666,Llama-3.3-70B-Instruct,70000000000,wiki,1403,70
wiki: The appropriateness of including children with varying severity of autism spectrum disorders in the general education population is a subject of current debate among educators and researchers.,1.0,479,1773079398.7683806,2026-03-09T19:03:18.768397,0.3485013246536255,0.4606146216392517,Llama-3.3-70B-Instruct,70000000000,wiki,1404,70
"wiki: Rail  For rail transport, Amtrak schedules the Crescent, a daily passenger train, running from New York to New Orleans with station stops at Anniston, Birmingham, and Tuscaloosa.",1.0,470,1773079450.458448,2026-03-09T19:04:10.458461,0.3220584690570831,0.4392005205154419,Llama-3.3-70B-Instruct,70000000000,wiki,1405,70
wiki: Mutualism has been retrospectively characterised as ideologically situated between individualist and collectivist forms of anarchism.,1.0,486,1773079502.0138545,2026-03-09T19:05:02.013867,0.3462440371513366,0.4501933455467224,Llama-3.3-70B-Instruct,70000000000,wiki,1406,70
wiki: The assembly plant is the company's first factory to be built within the United States.,1.0,492,1773079553.457989,2026-03-09T19:05:53.458003,0.3643597364425659,0.4660056829452514,Llama-3.3-70B-Instruct,70000000000,wiki,1407,70
"code: Explain what this code does:
def function_37(x): return x * 2",1.0,492,1773079605.1932094,2026-03-09T19:06:45.193224,0.366757720708847,0.467896819114685,Llama-3.3-70B-Instruct,70000000000,code,1408,70
"code: Explain what this code does:
def function_67(x): return x * 2",1.0,492,1773079656.735796,2026-03-09T19:07:36.735812,0.3677465915679931,0.4691561758518219,Llama-3.3-70B-Instruct,70000000000,code,1409,70
wiki: BDRF can facilitate translations of observations of reflectance into albedo.,1.0,494,1773079708.172492,2026-03-09T19:08:28.172505,0.3541271984577179,0.4516707956790924,Llama-3.3-70B-Instruct,70000000000,wiki,1410,70
news: Robert had just finished his documentary and has a really deep understanding of this kind of Canadian culture.,1.0,490,1773079759.7377331,2026-03-09T19:09:19.737747,0.3282322883605957,0.4270218908786773,Llama-3.3-70B-Instruct,70000000000,news,1411,70
"code: Explain what this code does:
def function_32(x): return x * 2",1.0,492,1773079811.2324328,2026-03-09T19:10:11.232447,0.3728460669517517,0.4747092127799988,Llama-3.3-70B-Instruct,70000000000,code,1412,70
"code: Explain what this code does:
def function_79(x): return x * 2",1.0,492,1773079862.581216,2026-03-09T19:11:02.581230,0.3726731538772583,0.4744924306869507,Llama-3.3-70B-Instruct,70000000000,code,1413,70
"code: Explain what this code does:
def function_1(x): return x * 2",1.0,492,1773079914.0585136,2026-03-09T19:11:54.058527,0.3664024770259857,0.4671852588653564,Llama-3.3-70B-Instruct,70000000000,code,1414,70
"news: Companies that fail to comply with GDPR will face a penalty of either 4% of their global revenue or €20 million, whichever is greater.",1.0,480,1773079965.4756248,2026-03-09T19:12:45.475638,0.3434914946556091,0.4545125663280487,Llama-3.3-70B-Instruct,70000000000,news,1415,70
news: As I was getting older the company all of a sudden started to seem younger and younger.,1.0,491,1773080016.8116183,2026-03-09T19:13:36.811632,0.3316037356853485,0.428349494934082,Llama-3.3-70B-Instruct,70000000000,news,1416,70
"wiki: Humans lived in societies without formal hierarchies long before the establishment of formal states, realms, or empires.",1.0,486,1773080068.2021115,2026-03-09T19:14:28.202125,0.3352960348129272,0.4377381503582001,Llama-3.3-70B-Instruct,70000000000,wiki,1417,70
"news: It was created in collaboration by NBoC principal dancer and choreographic associate Guillaume Côté and film and stage director Robert Lepage, who is making his NBoC debut.",1.0,471,1773080119.8508425,2026-03-09T19:15:19.850855,0.3140280246734619,0.4290572106838226,Llama-3.3-70B-Instruct,70000000000,news,1418,70
"wiki: In 2010, Republicans took large majorities of both chambers of the state legislature, giving them control of that body for the first time in 136 years.",1.0,476,1773080171.438609,2026-03-09T19:16:11.438622,0.3487646877765655,0.4655204117298126,Llama-3.3-70B-Instruct,70000000000,wiki,1419,70
"wiki: Services should be carried out by behavior analysts, special education teachers, speech pathologists, and licensed psychologists.",1.0,488,1773080223.1291146,2026-03-09T19:17:03.129139,0.3491438925266266,0.452557235956192,Llama-3.3-70B-Instruct,70000000000,wiki,1420,71
"wiki: These signs often develop gradually, though some autistic children experience regression in their communication and social skills after reaching developmental milestones at a normal pace.",1.0,482,1773080274.652499,2026-03-09T19:17:54.652512,0.3339435458183288,0.4401800036430359,Llama-3.3-70B-Instruct,70000000000,wiki,1421,71
"wiki: Elections  In a 2020 study, Alabama was ranked as the 12th most difficult state for citizens to vote.",1.0,484,1773080326.0280433,2026-03-09T19:18:46.028057,0.3555072546005249,0.4644346833229065,Llama-3.3-70B-Instruct,70000000000,wiki,1422,71
"wiki: During this time, a minority of anarchists adopted tactics of revolutionary political violence.",1.0,494,1773080377.670777,2026-03-09T19:19:37.670791,0.3475666046142578,0.4443585872650146,Llama-3.3-70B-Instruct,70000000000,wiki,1423,71
fiction: Which statement is an observation? (Answer: A),1.0,498,1773080428.9063816,2026-03-09T19:20:28.906395,0.3602431416511535,0.4535731077194214,Llama-3.3-70B-Instruct,70000000000,fiction,1424,71
"code: Explain what this code does:
def function_34(x): return x * 2",1.0,492,1773080480.3980055,2026-03-09T19:21:20.398020,0.3664277493953705,0.4673101603984833,Llama-3.3-70B-Instruct,70000000000,code,1425,71
"fiction: The heart, blood vessels, kidneys, and bladder working together are best described as (Answer: D)",1.0,488,1773080531.86766,2026-03-09T19:22:11.867674,0.3489899933338165,0.4516600668430328,Llama-3.3-70B-Instruct,70000000000,fiction,1426,71
"news: For tips on how to best train employees on cybersecurity practices, click here.",1.0,494,1773080583.6029572,2026-03-09T19:23:03.602982,0.3590802848339081,0.4567441940307617,Llama-3.3-70B-Instruct,70000000000,news,1427,71
"code: Explain what this code does:
def function_41(x): return x * 2",1.0,492,1773080634.9825182,2026-03-09T19:23:54.982531,0.364489883184433,0.4649984240531921,Llama-3.3-70B-Instruct,70000000000,code,1428,71
"wiki: Compulsive behaviors: Time-consuming behaviors intended to reduce the anxiety that an individual feels compelled to perform repeatedly or according to rigid rules, such as placing objects in a specific order, checking things, or handwashing.",1.0,467,1773080686.6659834,2026-03-09T19:24:46.665997,0.3262194395065307,0.4488458931446075,Llama-3.3-70B-Instruct,70000000000,wiki,1429,71
"news: ""I'd say compliance right now is only at about 35% or 40% at the most,"" he said.",1.0,484,1773080738.1595578,2026-03-09T19:25:38.159572,0.3358149826526642,0.4418244361877441,Llama-3.3-70B-Instruct,70000000000,news,1430,71
"wiki: Interest in the anarchist movement developed alongside momentum in the anti-globalisation movement, whose leading activist networks were anarchist in orientation.",1.0,485,1773080789.5972302,2026-03-09T19:26:29.597243,0.342689961194992,0.4477294683456421,Llama-3.3-70B-Instruct,70000000000,wiki,1431,71
"news: Dancers also contribute to the narration with spoken text, including imagery of young love and a dose of humor.",1.0,487,1773080841.0042946,2026-03-09T19:27:21.004308,0.3409494459629059,0.4466514587402344,Llama-3.3-70B-Instruct,70000000000,news,1432,71
"fiction: A ""widow's peak"" hairline in humans is coded by the dominant allele W. A straight hairline is coded by the recessive allele w. A man with a homozygous dominant WW produces a zygote with a woman with a heterozygous dominant Ww for the trait. Which allele combinations could occur in the zygote? (Answer: B)",1.0,430,1773080893.431661,2026-03-09T19:28:13.431674,0.2698632478713989,0.4211204648017883,Llama-3.3-70B-Instruct,70000000000,fiction,1433,71
"news: Now, however, they will have to provide the data within one month of receiving the request.",1.0,490,1773080944.79435,2026-03-09T19:29:04.794363,0.3559586703777313,0.4573012590408325,Llama-3.3-70B-Instruct,70000000000,news,1434,71
"wiki: They mostly engage in confronting the police during demonstrations and riots, especially in countries such as Canada, Greece, and Mexico.",1.0,485,1773080996.2846234,2026-03-09T19:29:56.284636,0.3448674976825714,0.44875568151474,Llama-3.3-70B-Instruct,70000000000,wiki,1435,71
"news: If successful, the XR1 chip could improve technologies found in modern smart glasses, and make VR and AR more affordable to get into for smaller companies.",1.0,479,1773081047.936196,2026-03-09T19:30:47.936211,0.3215667605400085,0.4268629252910614,Llama-3.3-70B-Instruct,70000000000,news,1436,71
"wiki: Joint attention seems to be necessary for functional speech, and deficits in joint attention seem to distinguish infants with ASD.",1.0,487,1773081099.3647935,2026-03-09T19:31:39.364807,0.3444881737232208,0.445892184972763,Llama-3.3-70B-Instruct,70000000000,wiki,1437,71
"news: In November the company will reference Kaiser's Balanchine roots with a program titled Classic Americana featuring Serenade and Western Symphony, as well Paul Taylor's Company B.",1.0,475,1773081151.1061668,2026-03-09T19:32:31.106181,0.3104332089424133,0.4204861223697662,Llama-3.3-70B-Instruct,70000000000,news,1438,71
"code: Explain what this code does:
def function_54(x): return x * 2",1.0,492,1773081173.4106083,2026-03-09T19:32:53.410621,0.3453143537044525,0.4432205855846405,Llama-3.3-70B-Instruct,70000000000,code,1439,71
"wiki: In Latin America, Argentina was a stronghold for anarcho-syndicalism, where it became the most prominent left-wing ideology.",1.0,481,1773081225.0286124,2026-03-09T19:33:45.028617,0.3446547985076904,0.4535293281078338,Llama-3.3-70B-Instruct,70000000000,wiki,1440,72
"wiki: Black residents effectively taxed themselves twice, by raising additional monies to supply matching funds for such schools, which were built in many rural areas.",1.0,481,1773081276.4239414,2026-03-09T19:34:36.423948,0.3403798043727875,0.4482475519180298,Llama-3.3-70B-Instruct,70000000000,wiki,1441,72
"news: Whiteside, on the other hand, imitates a unicorn, talks about preparing for roles and creates a new middle name for Boylston.",1.0,480,1773081327.7442324,2026-03-09T19:35:27.744237,0.3235885500907898,0.4295564293861389,Llama-3.3-70B-Instruct,70000000000,news,1442,72
fiction: Which factor can increase the amount of sulfur dioxide in the air? (Answer: B),1.0,491,1773081379.008005,2026-03-09T19:36:19.008010,0.3438941836357116,0.4410956501960754,Llama-3.3-70B-Instruct,70000000000,fiction,1443,72
wiki: Black carbon is a bigger cause of the melting of the polar ice cap in the Arctic than carbon dioxide due to its effect on the albedo.,1.0,480,1773081430.4388633,2026-03-09T19:37:10.438870,0.3513974547386169,0.4622721672058105,Llama-3.3-70B-Instruct,70000000000,wiki,1444,72
"code: Explain what this code does:
def function_13(x): return x * 2",1.0,492,1773081481.739822,2026-03-09T19:38:01.739828,0.3653285503387451,0.4652157723903656,Llama-3.3-70B-Instruct,70000000000,code,1445,72
"news: However, it also contains the right to access any information that may be held by a company, including your employer.",1.0,486,1773081533.449194,2026-03-09T19:38:53.449201,0.3339337110519409,0.4354258477687835,Llama-3.3-70B-Instruct,70000000000,news,1446,72
"wiki: An important relationship between an object's astronomical (geometric) albedo, absolute magnitude and diameter is given by:  where  is the astronomical albedo,  is the diameter in kilometers, and  is the absolute magnitude.",1.0,463,1773081585.1155765,2026-03-09T19:39:45.115582,0.3172736167907715,0.4397948384284973,Llama-3.3-70B-Instruct,70000000000,wiki,1447,72
wiki: The northern part—along the Tennessee River Valley—is most vulnerable.,1.0,496,1773081636.293266,2026-03-09T19:40:36.293273,0.3542225658893585,0.4480346143245697,Llama-3.3-70B-Instruct,70000000000,wiki,1448,72
"news: This time around the final screen appeared, the All set link didn't work.",1.0,493,1773081687.5132363,2026-03-09T19:41:27.513241,0.3430472612380981,0.4402326047420501,Llama-3.3-70B-Instruct,70000000000,news,1449,72
wiki: Sea water absorbs more solar radiation than would the same surface covered with reflective snow.,1.0,493,1773081738.765493,2026-03-09T19:42:18.765497,0.3479446172714233,0.4436999559402466,Llama-3.3-70B-Instruct,70000000000,wiki,1450,72
"fiction: On Earth, water can be a solid, a liquid, or a gas. Which energy source has the greatest influence on the state of matter of water? (Answer: A)",1.0,473,1773081753.7074797,2026-03-09T19:42:33.707487,0.3216584920883178,0.4337076544761657,Llama-3.3-70B-Instruct,70000000000,fiction,1451,72
"wiki: In most instances, the transmitted pulse is circularly polarized and the received pulse is measured in the same sense of polarization as the transmitted pulse (SC) and the opposite sense (OC).",1.0,471,1773081805.1470995,2026-03-09T19:43:25.147104,0.3134776353836059,0.425410121679306,Llama-3.3-70B-Instruct,70000000000,wiki,1452,72
"wiki: Economy  The state has invested in aerospace, education, health care, banking, and various heavy industries, including automobile manufacturing, mineral extraction, steel production and fabrication.",1.0,476,1773081856.6390526,2026-03-09T19:44:16.639057,0.3352440595626831,0.4468615651130676,Llama-3.3-70B-Instruct,70000000000,wiki,1453,72
"wiki: A differential diagnosis for ASD at this stage might also consider intellectual disability, hearing impairment, and a specific language impairment such as Landau–Kleffner syndrome.",1.0,476,1773081908.136916,2026-03-09T19:45:08.136921,0.3307434320449829,0.4421229660511017,Llama-3.3-70B-Instruct,70000000000,wiki,1454,72
fiction: Where is the biological magnification of pollutants most likely to be the greatest? (Answer: A),1.0,489,1773081959.4264593,2026-03-09T19:45:59.426464,0.3385380208492279,0.4373184442520141,Llama-3.3-70B-Instruct,70000000000,fiction,1455,72
"code: Explain what this code does:
def function_19(x): return x * 2",1.0,492,1773082011.037296,2026-03-09T19:46:51.037301,0.3621466755867004,0.4616308212280273,Llama-3.3-70B-Instruct,70000000000,code,1456,72
wiki: Medication Medications may be used to treat ASD symptoms that interfere with integrating a child into home or school when behavioral treatment fails.,1.0,483,1773082062.468024,2026-03-09T19:47:42.468028,0.3490204513072967,0.4555245339870453,Llama-3.3-70B-Instruct,70000000000,wiki,1457,72
"wiki: Census-designated and metropolitan areas  Cities  Demographics  According to the 2020 United States census the population of Alabama was 5,024,279 on April 1, 2020, which represents an increase of 244,543 or 5.12%, since the 2010 census.",1.0,446,1773082114.8693843,2026-03-09T19:48:34.869389,0.3047081232070923,0.4458049237728119,Llama-3.3-70B-Instruct,70000000000,wiki,1458,72
news: Courtesy Peter Koppers.,1.0,504,1773082166.0334015,2026-03-09T19:49:26.033406,0.3516055643558502,0.4410001337528229,Llama-3.3-70B-Instruct,70000000000,news,1459,72
"wiki: Anarchists were treated similarly in the Second International, being ultimately expelled in 1896.",1.0,490,1773082217.8359137,2026-03-09T19:50:17.835920,0.3516460061073303,0.4522959291934967,Llama-3.3-70B-Instruct,70000000000,wiki,1460,73
"code: Explain what this code does:
def function_49(x): return x * 2",1.0,492,1773082269.044048,2026-03-09T19:51:09.044053,0.3727299273014068,0.4734038412570953,Llama-3.3-70B-Instruct,70000000000,code,1461,73
wiki: Later immigrants in the nineteenth and twentieth centuries tended to be Ashkenazi Jews from eastern Europe.,1.0,490,1773082320.2364016,2026-03-09T19:52:00.236406,0.3533754050731659,0.4536781311035156,Llama-3.3-70B-Instruct,70000000000,wiki,1462,73
"wiki: Etymology, terminology, and definition   The etymological origin of anarchism is from the Ancient Greek anarkhia, meaning ""without a ruler"", composed of the prefix an- (""without"") and the word arkhos (""leader"" or ""ruler"").",1.0,454,1773082372.2613504,2026-03-09T19:52:52.261355,0.3094778656959533,0.4410414397716522,Llama-3.3-70B-Instruct,70000000000,wiki,1463,73
"news: Since then we've been doing five-day workshops once a year in Robert's studio, Ex Machina, where he has a multi media team.",1.0,480,1773082423.6314547,2026-03-09T19:53:43.631461,0.3052828907966614,0.4097325503826141,Llama-3.3-70B-Instruct,70000000000,news,1464,73
wiki: Alabama: The History of a Deep South State (1994).,1.0,496,1773082474.7840648,2026-03-09T19:54:34.784070,0.3589254915714264,0.4564080238342285,Llama-3.3-70B-Instruct,70000000000,wiki,1465,73
"wiki: Lastly, Fiala mentions a critique towards philosophical anarchism of being ineffective (all talk and thoughts) and in the meantime capitalism and bourgeois class remains strong.",1.0,477,1773082526.5025616,2026-03-09T19:55:26.502568,0.334690660238266,0.4451957046985626,Llama-3.3-70B-Instruct,70000000000,wiki,1466,73
"wiki: Steel jobs, for instance, declined from 46,314 in 1950 to 14,185 in 2011.",1.0,483,1773082577.8305724,2026-03-09T19:56:17.830577,0.3289539515972137,0.4326772093772888,Llama-3.3-70B-Instruct,70000000000,wiki,1467,73
fiction: Giant redwood trees change energy from one form to another. How is energy changed by the trees? (Answer: B),1.0,484,1773082629.0961058,2026-03-09T19:57:09.096111,0.3452801406383514,0.4507752060890198,Llama-3.3-70B-Instruct,70000000000,fiction,1468,73
fiction: A signal from the brain to a muscle in the arm is transmitted by which structures? (Answer: C),1.0,487,1773082680.529535,2026-03-09T19:58:00.529548,0.3464122712612152,0.4482983946800232,Llama-3.3-70B-Instruct,70000000000,fiction,1469,73
"fiction: Laura adds 50 mL of boiling water to 100 mL of ice water. If the 150 mL of water is then put into a freezer, at what temperature will the water freeze? (Answer: A)",1.0,466,1773082732.191917,2026-03-09T19:58:52.191924,0.3334601819515228,0.4570861458778381,Llama-3.3-70B-Instruct,70000000000,fiction,1470,73
wiki: They include:  Genetic disorders.,1.0,502,1773082783.2882593,2026-03-09T19:59:43.288266,0.3699649274349212,0.4610580801963806,Llama-3.3-70B-Instruct,70000000000,wiki,1471,73
wiki: The school closed after constant harassment by the state and Ferrer was later arrested.,1.0,493,1773082834.5095627,2026-03-09T20:00:34.509569,0.3556132316589355,0.4529345333576202,Llama-3.3-70B-Instruct,70000000000,wiki,1472,73
"wiki: However, most of the Democratic sheriffs preside over rural and less populated counties.",1.0,492,1773082885.6926415,2026-03-09T20:01:25.692649,0.3513591289520263,0.449694812297821,Llama-3.3-70B-Instruct,70000000000,wiki,1473,73
"news: ""An awful lot of companies may not think they have exposure to it, but there are lots of variables in that.""",1.0,485,1773082936.9732375,2026-03-09T20:02:16.973242,0.3319500684738159,0.4356113970279693,Llama-3.3-70B-Instruct,70000000000,news,1474,73
wiki: The remaining portion of the ThyssenKrupp plant had final bids submitted by ArcelorMittal and Nippon Steel for $1.6billion in March 2013.,1.0,470,1773082988.6664274,2026-03-09T20:03:08.666434,0.3338000476360321,0.4544714689254761,Llama-3.3-70B-Instruct,70000000000,wiki,1475,73
"code: Explain what this code does:
def function_18(x): return x * 2",1.0,492,1773083039.8736265,2026-03-09T20:03:59.873632,0.3574090301990509,0.4562080502510071,Llama-3.3-70B-Instruct,70000000000,code,1476,73
wiki: Anarchism is contrasted to socialist forms which are state-oriented or from above.,1.0,492,1773083091.0437138,2026-03-09T20:04:51.043719,0.3358549773693084,0.4315280318260193,Llama-3.3-70B-Instruct,70000000000,wiki,1477,73
"news: Across the Country… In 1944, San Francisco Ballet founding artistic director Willam Christensen choreographed the U.S.'s first full-length Nutcracker.",1.0,476,1773083142.4947271,2026-03-09T20:05:42.494732,0.336266815662384,0.4492103457450866,Llama-3.3-70B-Instruct,70000000000,news,1478,73
wiki: Aquaculture   Aquaculture is a large part of the economy of Alabama.,1.0,492,1773083193.9148746,2026-03-09T20:06:33.914879,0.3558606207370758,0.454791247844696,Llama-3.3-70B-Instruct,70000000000,wiki,1479,73
"code: Explain what this code does:
def function_83(x): return x * 2",1.0,492,1773083245.2562754,2026-03-09T20:07:25.256282,0.3598038852214813,0.4584701955318451,Llama-3.3-70B-Instruct,70000000000,code,1480,74
"code: Explain what this code does:
def function_66(x): return x * 2",1.0,492,1773083296.5576172,2026-03-09T20:08:16.557624,0.3598463833332062,0.4586040675640106,Llama-3.3-70B-Instruct,70000000000,code,1481,74
"fiction: Rain forests contain more species of trees than any other biome. However, scientists have found that the soil of the forest floor is relatively nutrient poor. What could most likely account for this? (Answer: B)",1.0,467,1773083348.4180806,2026-03-09T20:09:08.418087,0.3138314485549927,0.4316864311695099,Llama-3.3-70B-Instruct,70000000000,fiction,1482,74
"code: Explain what this code does:
def function_50(x): return x * 2",1.0,492,1773083399.7104998,2026-03-09T20:09:59.710506,0.3589318692684173,0.457452654838562,Llama-3.3-70B-Instruct,70000000000,code,1483,74
"wiki: Collectivist anarchists advocate collective ownership of the means of production which is theorised to be achieved through violent revolution and that workers be paid according to time worked, rather than goods being distributed according to need as in communism.",1.0,466,1773083451.4812791,2026-03-09T20:10:51.481286,0.3300435245037079,0.4524267911911011,Llama-3.3-70B-Instruct,70000000000,wiki,1484,74
"code: Explain what this code does:
def function_90(x): return x * 2",1.0,492,1773083502.9564447,2026-03-09T20:11:42.956451,0.3676691055297851,0.4676754772663116,Llama-3.3-70B-Instruct,70000000000,code,1485,74
"wiki: As people are often sized up initially from their basic language skills, these studies suggest that people speaking to autistic individuals are more likely to overestimate what their audience comprehends.",1.0,475,1773083554.4750936,2026-03-09T20:12:34.475100,0.3078499436378479,0.4153366386890411,Llama-3.3-70B-Instruct,70000000000,wiki,1486,74
wiki: A significant event of this period was the confrontations at the 1999 Seattle WTO conference.,1.0,490,1773083605.7509158,2026-03-09T20:13:25.750922,0.3629874289035797,0.4649403691291809,Llama-3.3-70B-Instruct,70000000000,wiki,1487,74
fiction: What adaptation is necessary in intertidal ecosystems but not in reef ecosystems? (Answer: C),1.0,489,1773083630.3963587,2026-03-09T20:13:50.396363,0.3607609272003174,0.4637851119041443,Llama-3.3-70B-Instruct,70000000000,fiction,1488,74
"wiki: It had not redistricted congressional districts since passage of its constitution in 1901; as a result, urbanized areas were grossly underrepresented.",1.0,478,1773083681.8991058,2026-03-09T20:14:41.899111,0.3401309847831726,0.4505122601985931,Llama-3.3-70B-Instruct,70000000000,wiki,1489,74
"fiction: During most of the year, the air over Boston, Massachusetts, contains a high amount of moisture. Which of the following best explains why there is a high amount of moisture in the air? (Answer: A)",1.0,466,1773083733.4351668,2026-03-09T20:15:33.435173,0.321397602558136,0.4409935474395752,Llama-3.3-70B-Instruct,70000000000,fiction,1490,74
"wiki: While employers state hiring concerns about productivity and supervision, experienced employers of autistic people give positive reports of above average memory and detail orientation as well as a high regard for rules and procedure in autistic employees.",1.0,470,1773083785.3510108,2026-03-09T20:16:25.351017,0.3213054239749908,0.437411904335022,Llama-3.3-70B-Instruct,70000000000,wiki,1491,74
"wiki: The latter is commonly used in handwriting and fonts based on it, especially fonts intended to be read by children, and is also found in italic type.",1.0,479,1773083817.9380484,2026-03-09T20:16:57.938053,0.3378162086009979,0.4484200477600097,Llama-3.3-70B-Instruct,70000000000,wiki,1492,74
"wiki: Beyond the specific factions of anarchist movements which constitute political anarchism lies philosophical anarchism which holds that the state lacks moral legitimacy, without necessarily accepting the imperative of revolution to eliminate it.",1.0,473,1773083869.47886,2026-03-09T20:17:49.478865,0.3356167376041412,0.4508240818977356,Llama-3.3-70B-Instruct,70000000000,wiki,1493,74
news: Password policies Passwords remain a common digital entry point into an organization for hackers.,1.0,493,1773083920.7216954,2026-03-09T20:18:40.721702,0.3511465787887573,0.4473348557949066,Llama-3.3-70B-Instruct,70000000000,news,1494,74
"wiki: In this article, autism refers to the classic autistic disorder; in clinical practice, though, autism, ASD, and PDD are often used interchangeably.",1.0,478,1773083972.213917,2026-03-09T20:19:32.213929,0.344384491443634,0.4554619193077087,Llama-3.3-70B-Instruct,70000000000,wiki,1495,74
"news: Here are five types of policies that companies must ensure they have in place and have trained employees on in the age of GDPR, according to Rickard.",1.0,479,1773084023.584393,2026-03-09T20:20:23.584397,0.3384857475757599,0.4470598399639129,Llama-3.3-70B-Instruct,70000000000,news,1496,74
wiki: Alabama was heavily involved in the American Civil War.,1.0,499,1773084074.6496365,2026-03-09T20:21:14.649643,0.3703053593635559,0.4629509747028351,Llama-3.3-70B-Instruct,70000000000,wiki,1497,74
"wiki: About 8.167% of letters used in English texts tend to be ; the number is around 7.636% in French, 11.525% in Spanish, and 14.634% for Portuguese.",1.0,464,1773084126.2438889,2026-03-09T20:22:06.243901,0.3024506270885467,0.4190883636474609,Llama-3.3-70B-Instruct,70000000000,wiki,1498,74
"news: Following the Vaganova method, classes are strict and focus on precise positions and placement.",1.0,491,1773084177.4467804,2026-03-09T20:22:57.446787,0.3425309956073761,0.4391489326953888,Llama-3.3-70B-Instruct,70000000000,news,1499,74
"wiki: Society and culture  An autistic culture has emerged, accompanied by the autistic rights and neurodiversity movements.",1.0,487,1773084228.8781962,2026-03-09T20:23:48.878205,0.3524411916732788,0.4557259976863861,Llama-3.3-70B-Instruct,70000000000,wiki,1500,75
"code: Explain what this code does:
def function_7(x): return x * 2",1.0,492,1773084280.100981,2026-03-09T20:24:40.100992,0.36414635181427,0.4636474549770355,Llama-3.3-70B-Instruct,70000000000,code,1501,75
"wiki: Sample symptoms include lack of social or emotional reciprocity, stereotyped and repetitive use of language or idiosyncratic language, and persistent preoccupation with unusual objects.",1.0,474,1773084331.592321,2026-03-09T20:25:31.592332,0.3217611610889435,0.4343008697032928,Llama-3.3-70B-Instruct,70000000000,wiki,1502,75
"wiki: In response to the army rebellion, an anarchist-inspired movement of peasants and workers, supported by armed militias, took control of Barcelona and of large areas of rural Spain, where they collectivised the land.",1.0,468,1773084383.1953518,2026-03-09T20:26:23.195362,0.3209287524223327,0.4398357570171356,Llama-3.3-70B-Instruct,70000000000,wiki,1503,75
"news: From Page to Stage In 1892 St. Petersburg, choreographer Marius Petipa and composer Pyotr Ilyich Tchaikovsky pulled the story off the page and onto the stage of the Mariinsky Theatre.",1.0,464,1773084434.9668555,2026-03-09T20:27:14.966865,0.3198766112327575,0.4438188970088959,Llama-3.3-70B-Instruct,70000000000,news,1504,75
"wiki: Diagnosis Diagnosis is based on behavior, not cause or mechanism.",1.0,497,1773084486.3108318,2026-03-09T20:28:06.310841,0.3634537160396576,0.4574386477470398,Llama-3.3-70B-Instruct,70000000000,wiki,1505,75
"wiki: A common criticism against autistic activists is that the majority of them are ""high-functioning"" or have Asperger syndrome and do not represent the views of ""low-functioning"" autistic people.",1.0,470,1773084538.1770008,2026-03-09T20:28:58.177012,0.3318581879138946,0.4496234655380249,Llama-3.3-70B-Instruct,70000000000,wiki,1506,75
"wiki: The rural-dominated Alabama legislature consistently underfunded schools and services for the disenfranchised African Americans, but it did not relieve them of paying taxes.",1.0,478,1773084589.9138536,2026-03-09T20:29:49.913864,0.3232789039611816,0.4307047426700592,Llama-3.3-70B-Instruct,70000000000,wiki,1507,75
"wiki: Overall, contemporary anarchists are much less violent and militant than their ideological ancestors.",1.0,494,1773084641.5728564,2026-03-09T20:30:41.572865,0.3541045486927032,0.4496840238571167,Llama-3.3-70B-Instruct,70000000000,wiki,1508,75
"wiki: As new genetic tests are developed several ethical, legal, and social issues will emerge.",1.0,492,1773084692.8946333,2026-03-09T20:31:32.894643,0.3529346287250519,0.4509767293930053,Llama-3.3-70B-Instruct,70000000000,wiki,1509,75
wiki: It has been in operation since 1929.,1.0,499,1773084744.0281503,2026-03-09T20:32:24.028159,0.361884593963623,0.4547738134860992,Llama-3.3-70B-Instruct,70000000000,wiki,1510,75
"news: Although you might find systems with more features (and a more powerful configuration system), Trac is very simple to set up and use.",1.0,482,1773084795.4262404,2026-03-09T20:33:15.426249,0.333884984254837,0.4392988085746765,Llama-3.3-70B-Instruct,70000000000,news,1511,75
"wiki: Many individuals with ASD show superior skills in perception and attention, relative to the general population.",1.0,491,1773084839.8149457,2026-03-09T20:33:59.814956,0.3533995449542999,0.4521483182907104,Llama-3.3-70B-Instruct,70000000000,wiki,1512,75
news: Figure A You can now go to Preferences and configure your installation of Trac.,1.0,493,1773084891.2950664,2026-03-09T20:34:51.295075,0.3588146269321441,0.4564943313598633,Llama-3.3-70B-Instruct,70000000000,news,1513,75
fiction: Which of these would most likely improve the air quality in large Texas cities? (Answer: A),1.0,489,1773084942.767748,2026-03-09T20:35:42.767752,0.3558023571968078,0.4567912220954895,Llama-3.3-70B-Instruct,70000000000,fiction,1514,75
"wiki: Tactics  Anarchists' tactics take various forms but in general serve two major goals, namely to first oppose the Establishment and secondly to promote anarchist ethics and reflect an anarchist vision of society, illustrating the unity of means and ends.",1.0,462,1773084994.6508515,2026-03-09T20:36:34.650856,0.3240329027175903,0.4504252076148987,Llama-3.3-70B-Instruct,70000000000,wiki,1515,75
"code: Explain what this code does:
def function_21(x): return x * 2",1.0,492,1773085045.9385805,2026-03-09T20:37:25.938586,0.3691185414791107,0.469713032245636,Llama-3.3-70B-Instruct,70000000000,code,1516,75
"fiction: According to a pH scale, which pH would be the strongest acid? (Answer: A)",1.0,490,1773085097.1298463,2026-03-09T20:38:17.129856,0.3583692908287048,0.4598389267921448,Llama-3.3-70B-Instruct,70000000000,fiction,1517,75
news: New York City Ballet continues its first year without Peter Martins at the helm as our spring season opens tonight.,1.0,488,1773085148.444528,2026-03-09T20:39:08.444539,0.3456629812717438,0.4475052952766418,Llama-3.3-70B-Instruct,70000000000,news,1518,75
fiction: Which statement best compares single-celled and multi-celled organisms? (Answer: C),1.0,491,1773085199.7235253,2026-03-09T20:39:59.723536,0.3650599420070648,0.4662420451641083,Llama-3.3-70B-Instruct,70000000000,fiction,1519,75
"news: The four-person group is made up of members of the company's current artistic staff, led by ballet master and former principal dancer Jonathan Stafford.",1.0,481,1773085252.380703,2026-03-09T20:40:52.380713,0.3424311876296997,0.4499896466732025,Llama-3.3-70B-Instruct,70000000000,news,1520,76
"wiki: Self-injury: Behaviors such as eye-poking, skin-picking, hand-biting and head-banging.",1.0,485,1773085305.6642542,2026-03-09T20:41:45.664265,0.3483786284923553,0.4529488980770111,Llama-3.3-70B-Instruct,70000000000,wiki,1521,76
"news: I've noticed it the most during dress rehearsals, particularly for Balanchine ballets.",1.0,490,1773085357.2430785,2026-03-09T20:42:37.243089,0.3512237668037414,0.4522072970867157,Llama-3.3-70B-Instruct,70000000000,news,1522,76
fiction: Which of these is not an inherited trait in humans? (Answer: D),1.0,493,1773085402.920396,2026-03-09T20:43:22.920404,0.3681412935256958,0.4672593176364898,Llama-3.3-70B-Instruct,70000000000,fiction,1523,76
wiki: How autism occurs is not well understood.,1.0,501,1773085453.9808867,2026-03-09T20:44:13.980891,0.3734674155712127,0.4646355807781219,Llama-3.3-70B-Instruct,70000000000,wiki,1524,76
"news: Between run-throughs, each fastidiously practices difficult sections, never satisfied with the results.",1.0,490,1773085505.2036085,2026-03-09T20:45:05.203619,0.335229754447937,0.4338662624359131,Llama-3.3-70B-Instruct,70000000000,news,1525,76
wiki: Alabama receives an average of  of rainfall annually and enjoys a lengthy growing season of up to 300 days in the southern part of the state.,1.0,480,1773085556.5163434,2026-03-09T20:45:56.516354,0.3535593748092651,0.4646500647068023,Llama-3.3-70B-Instruct,70000000000,wiki,1526,76
news: There's just an amazing sense of trust and spontaneity; I feel so connected when I'm out there.,1.0,486,1773085607.898949,2026-03-09T20:46:47.898959,0.3358891606330871,0.4381114244461059,Llama-3.3-70B-Instruct,70000000000,news,1527,76
fiction: Cellular respiration results in the production of adenosine triphosphate (ATP) molecules for energy. The most efficient form of cellular respiration would result in the production of ATP along with which substances? (Answer: D),1.0,462,1773085659.576426,2026-03-09T20:47:39.576436,0.3334015309810638,0.4618669152259826,Llama-3.3-70B-Instruct,70000000000,fiction,1528,76
fiction: The source of energy for the Earth's water cycle is the (Answer: B),1.0,492,1773085671.5808148,2026-03-09T20:47:51.580819,0.3667860031127929,0.4677038490772247,Llama-3.3-70B-Instruct,70000000000,fiction,1529,76
wiki: Joseph Raz states that the acceptance of authority implies the belief that following their instructions will afford more success.,1.0,489,1773085722.735882,2026-03-09T20:48:42.735892,0.3562696278095245,0.458676666021347,Llama-3.3-70B-Instruct,70000000000,wiki,1530,76
"code: Explain what this code does:
def function_53(x): return x * 2",1.0,492,1773085774.442226,2026-03-09T20:49:34.442236,0.3721477091312408,0.4732236564159393,Llama-3.3-70B-Instruct,70000000000,code,1531,76
"wiki: By the 9th century, the Caroline script, which was very similar to the present-day form, was the principal form used in book-making, before the advent of the printing press.",1.0,471,1773085825.956395,2026-03-09T20:50:25.956404,0.3375619351863861,0.4556258022785187,Llama-3.3-70B-Instruct,70000000000,wiki,1532,76
news: Subscribe Also see,1.0,506,1773085877.1891708,2026-03-09T20:51:17.189180,0.3534508049488067,0.442406415939331,Llama-3.3-70B-Instruct,70000000000,news,1533,76
"news: Offered in two different styles and either 2.5"" or 3"" heels, top industry professionals are loving how versatile and supportive these shoes are!",1.0,477,1773085928.5832732,2026-03-09T20:52:08.583285,0.3306174874305725,0.4434370398521423,Llama-3.3-70B-Instruct,70000000000,news,1534,76
wiki: Over Antarctica snow albedo averages a little more than 0.8.,1.0,494,1773085979.781939,2026-03-09T20:52:59.781949,0.3550322353839874,0.4514825344085693,Llama-3.3-70B-Instruct,70000000000,wiki,1535,76
"wiki: This benefited the urban areas that had developed, as well as all in the population who had been underrepresented for more than sixty years.",1.0,482,1773086022.9542596,2026-03-09T20:53:42.954268,0.3303553462028503,0.4369923770427704,Llama-3.3-70B-Instruct,70000000000,wiki,1536,76
news: Log in with the user admin and the password you set when you created admin user earlier.,1.0,491,1773086074.4616084,2026-03-09T20:54:34.461617,0.3571425676345825,0.4578540027141571,Llama-3.3-70B-Instruct,70000000000,news,1537,76
"wiki: Williams, Benjamin Buford.",1.0,503,1773086125.5189128,2026-03-09T20:55:25.518918,0.3660303056240082,0.4566602706909179,Llama-3.3-70B-Instruct,70000000000,wiki,1538,76
"fiction: One evening as it is getting dark, Alex sits on the front porch and watches the sun slowly disappear behind the neighbor's house across the street. Which explains this observation? (Answer: D)",1.0,470,1773086177.045982,2026-03-09T20:56:17.045993,0.323850154876709,0.4397785067558288,Llama-3.3-70B-Instruct,70000000000,fiction,1539,76
news: And then the last third is basically just direct quotes from his films and bringing them back to life.,1.0,489,1773086228.404008,2026-03-09T20:57:08.404018,0.3384453952312469,0.4375363290309906,Llama-3.3-70B-Instruct,70000000000,news,1540,77
"news: The Bolshoi Premiere of John Neumeier's Anna Karenina Last July Hamburg Ballet presented the world premiere of John Neumeier's Anna Karenina, a modern adaptation on Leo Tolstoy's famous novel.",1.0,465,1773086279.9448705,2026-03-09T20:57:59.944880,0.3141869306564331,0.4335119426250458,Llama-3.3-70B-Instruct,70000000000,news,1541,77
"news: The device is smaller than a credit card, has no moving parts, generates no heat, is wall-mountable, is powered by a standard USB (or included mini USB), and offers a standard ethernet connection.",1.0,467,1773086331.6042514,2026-03-09T20:58:51.604261,0.309168130159378,0.4260457456111908,Llama-3.3-70B-Instruct,70000000000,news,1542,77
wiki: The atypical antipsychotic drugs risperidone and aripiprazole are FDA-approved for treating associated aggressive and self-injurious behaviors.,1.0,477,1773086383.0274506,2026-03-09T20:59:43.027461,0.3313984870910644,0.4442315697669983,Llama-3.3-70B-Instruct,70000000000,wiki,1543,77
"wiki: Different types of clouds exhibit different reflectivity, theoretically ranging in albedo from a minimum of near 0 to a maximum approaching 0.8.",1.0,479,1773086434.7241166,2026-03-09T21:00:34.724126,0.341196060180664,0.4513717591762543,Llama-3.3-70B-Instruct,70000000000,wiki,1544,77
wiki: The term albedo was introduced into optics by Johann Heinrich Lambert in his 1760 work Photometria.,1.0,486,1773086486.071847,2026-03-09T21:01:26.071858,0.3539908826351166,0.4586285948753357,Llama-3.3-70B-Instruct,70000000000,wiki,1545,77
"wiki: Nonetheless, his ideas formed the inspiration for a series of modern schools around the world.",1.0,492,1773086537.5033994,2026-03-09T21:02:17.503412,0.3545999228954315,0.4535477459430694,Llama-3.3-70B-Instruct,70000000000,wiki,1546,77
"news: Although the agreement was for the transients to get about $80 for their part in the scam, McNeight took half of the money and fled on foot.",1.0,476,1773086588.920043,2026-03-09T21:03:08.920055,0.3215427696704864,0.4324371814727783,Llama-3.3-70B-Instruct,70000000000,news,1547,77
"wiki: Alabama's constitution has been amended more than 700 times, and almost one-third of the amendments are local in nature, applying to only one county or city.",1.0,477,1773086640.3285625,2026-03-09T21:04:00.328567,0.3366311490535736,0.4481155574321747,Llama-3.3-70B-Instruct,70000000000,wiki,1548,77
"news: Said solution is Gitstorage, an easy-to-deploy appliance dedicated to housing your Git repositories.",1.0,490,1773086691.5440876,2026-03-09T21:04:51.544101,0.3563196361064911,0.4572836756706238,Llama-3.3-70B-Instruct,70000000000,news,1549,77
"wiki: Owen Thomas M. History of Alabama and Dictionary of Alabama Biography (4 vols, 1921).",1.0,488,1773086742.8878682,2026-03-09T21:05:42.887882,0.3455307483673095,0.4501008987426758,Llama-3.3-70B-Instruct,70000000000,wiki,1550,77
"code: Explain what this code does:
def function_12(x): return x * 2",1.0,492,1773086794.3126526,2026-03-09T21:06:34.312666,0.3611745238304138,0.4608704149723053,Llama-3.3-70B-Instruct,70000000000,code,1551,77
"news: Even if you're a one-person shop consultancy, it can be easy to drown in a quagmire of projects.",1.0,484,1773086845.687181,2026-03-09T21:07:25.687195,0.3407943546772003,0.4448838531970978,Llama-3.3-70B-Instruct,70000000000,news,1552,77
wiki: and possibly Alabahmu.,1.0,502,1773086896.8456345,2026-03-09T21:08:16.845648,0.3550218939781189,0.4466664791107178,Llama-3.3-70B-Instruct,70000000000,wiki,1553,77
"news: Krohn joined NYCB as an apprentice in the fall of 1998 and slowly rose through the ranks, becoming a principal in 2012.",1.0,479,1773086948.500112,2026-03-09T21:09:08.500126,0.3294195532798767,0.4371679425239563,Llama-3.3-70B-Instruct,70000000000,news,1554,77
"wiki: A genotype-first model of diagnosis has been proposed, which would routinely assess the genome's copy number variations.",1.0,488,1773087000.379269,2026-03-09T21:10:00.379282,0.3540656268596649,0.4572734534740448,Llama-3.3-70B-Instruct,70000000000,wiki,1555,77
"wiki: An estimated 60–80% of autistic people have motor signs that include poor muscle tone, poor motor planning, and toe walking;  deficits in motor coordination are pervasive across ASD and are greater in autism proper.",1.0,466,1773087052.3173015,2026-03-09T21:10:52.317315,0.3118294775485992,0.4301459193229675,Llama-3.3-70B-Instruct,70000000000,wiki,1556,77
"news: According to Fullington, Balanchine took this slide from Ivanov's original choreography.",1.0,490,1773087103.8796136,2026-03-09T21:11:43.879627,0.3261635601520538,0.4225797653198242,Llama-3.3-70B-Instruct,70000000000,news,1557,77
"news: Regina, 40, will retire from the stage in March, just as her daughter starts her own career as a trainee.",1.0,483,1773087155.5303838,2026-03-09T21:12:35.530397,0.35025355219841,0.4582456350326538,Llama-3.3-70B-Instruct,70000000000,news,1558,77
"news: I've always really loved the Balanchine black and white ballets, and there are some Robbins ballets that are always so fulfilling.",1.0,481,1773087206.9941237,2026-03-09T21:13:26.994137,0.3282633125782013,0.4330213367938995,Llama-3.3-70B-Instruct,70000000000,news,1559,77
"wiki: Summers in Alabama are among the hottest in the U.S., with high temperatures averaging over  throughout the summer in some parts of the state.",1.0,481,1773087249.0333374,2026-03-09T21:14:09.033359,0.3443427681922912,0.4525124430656433,Llama-3.3-70B-Instruct,70000000000,wiki,1560,78
news: In general I would say the time that I've had onstage with some of my friends and dancing partners has been so special.,1.0,484,1773087300.9153826,2026-03-09T21:15:00.915395,0.3483138680458069,0.4554372727870941,Llama-3.3-70B-Instruct,70000000000,news,1561,78
"news: For some, that means setting up a server and running a Git repository for the housing of proprietary or open source code.",1.0,485,1773087352.533605,2026-03-09T21:15:52.533613,0.3320718705654144,0.4334155917167663,Llama-3.3-70B-Instruct,70000000000,news,1562,78
"wiki: Alabama () is a state in the Southeastern region of the United States, bordered by Tennessee to the north; Georgia to the east; Florida and the Gulf of Mexico to the south; and Mississippi to the west.",1.0,466,1773087404.6266694,2026-03-09T21:16:44.626678,0.3397440910339355,0.4646821022033691,Llama-3.3-70B-Instruct,70000000000,wiki,1563,78
"wiki: In comparison, for PDD-NOS the association with intellectual disability is much weaker, and by definition, the diagnosis of Asperger's excludes intellectual disability.",1.0,477,1773087456.2234533,2026-03-09T21:17:36.223457,0.3329133689403534,0.443926066160202,Llama-3.3-70B-Instruct,70000000000,wiki,1564,78
"code: Explain what this code does:
def function_23(x): return x * 2",1.0,492,1773087507.706005,2026-03-09T21:18:27.706010,0.3679622113704681,0.4681363105773926,Llama-3.3-70B-Instruct,70000000000,code,1565,78
"wiki: A defence of philosophical anarchism, stating that ""both kinds of 'anarchism' [i.e.",1.0,487,1773087559.1671498,2026-03-09T21:19:19.167162,0.347232311964035,0.4501970410346985,Llama-3.3-70B-Instruct,70000000000,wiki,1566,78
"code: Explain what this code does:
def function_10(x): return x * 2",1.0,492,1773087611.2427874,2026-03-09T21:20:11.242798,0.3706330955028534,0.4714965224266052,Llama-3.3-70B-Instruct,70000000000,code,1567,78
wiki: Siblings of children with ASD report greater admiration of and less conflict with the affected sibling than siblings of unaffected children and were similar to siblings of children with Down syndrome in these aspects of the sibling relationship.,1.0,469,1773087662.938155,2026-03-09T21:21:02.938166,0.3304804265499115,0.4495878517627716,Llama-3.3-70B-Instruct,70000000000,wiki,1568,78
wiki: Cotton and other cash crops faded in importance as the state developed a manufacturing and service base.,1.0,491,1773087714.298121,2026-03-09T21:21:54.298132,0.3563060462474823,0.4563009142875671,Llama-3.3-70B-Instruct,70000000000,wiki,1569,78
"wiki: Not only did they confront state armed forces, as in Spain and Ukraine, but some of them also employed terrorism as propaganda of the deed.",1.0,481,1773087765.8606396,2026-03-09T21:22:45.860648,0.3438938856124878,0.4525673985481262,Llama-3.3-70B-Instruct,70000000000,wiki,1570,78
"wiki: Anarchism calls for the abolition of the state, which it holds to be unnecessary, undesirable, and harmful.",1.0,486,1773087817.3885758,2026-03-09T21:23:37.388590,0.3576405048370361,0.4623921811580658,Llama-3.3-70B-Instruct,70000000000,wiki,1571,78
wiki: Aerosols modify the properties of clouds through a subset of the aerosol population called cloud condensation nuclei.,1.0,488,1773087869.0164046,2026-03-09T21:24:29.016415,0.3549553155899048,0.4566766917705536,Llama-3.3-70B-Instruct,70000000000,wiki,1572,78
"news: Once I had that IP address, I could point my browser to that address and login with user root and password password.",1.0,485,1773087920.444793,2026-03-09T21:25:20.444801,0.3362167477607727,0.4396495521068573,Llama-3.3-70B-Instruct,70000000000,news,1573,78
wiki: History  Pre-European settlement  Indigenous peoples of varying cultures lived in the area for thousands of years before the advent of European colonization.,1.0,483,1773087971.935542,2026-03-09T21:26:11.935552,0.3452822566032409,0.4510432481765747,Llama-3.3-70B-Instruct,70000000000,wiki,1574,78
"wiki: 21st century  In 2001, Alabama Supreme Court chief justice Roy Moore installed a statue of the Ten Commandments in the capitol in Montgomery.",1.0,477,1773088023.8260536,2026-03-09T21:27:03.826064,0.330302894115448,0.4399302005767822,Llama-3.3-70B-Instruct,70000000000,wiki,1575,78
"wiki: In 2010, per capita income for the state was $22,984.",1.0,492,1773088076.175214,2026-03-09T21:27:56.175225,0.3503226339817047,0.4489843845367431,Llama-3.3-70B-Instruct,70000000000,wiki,1576,78
"wiki: The Goodyear Tire and Rubber Company operates a large plant in Gadsden which employs about 1,400 people.",1.0,484,1773088127.582598,2026-03-09T21:28:47.582608,0.351503312587738,0.458402544260025,Llama-3.3-70B-Instruct,70000000000,wiki,1577,78
"wiki: In sunlight, dark clothes absorb more heat and light-coloured clothes reflect it better, thus allowing some control over body temperature by exploiting the albedo effect of the colour of external clothing.",1.0,472,1773088179.1408927,2026-03-09T21:29:39.140903,0.3285976946353912,0.4438207149505615,Llama-3.3-70B-Instruct,70000000000,wiki,1578,78
"code: Explain what this code does:
def function_30(x): return x * 2",1.0,492,1773088230.861455,2026-03-09T21:30:30.861465,0.362058013677597,0.4614334404468536,Llama-3.3-70B-Instruct,70000000000,code,1579,78
"wiki: Anarcho-syndicalism is a branch of anarchism that views labour syndicates as a potential force for revolutionary social change, replacing capitalism and the state with a new society democratically self-managed by workers.",1.0,464,1773088282.7043054,2026-03-09T21:31:22.704316,0.3221695125102997,0.445305198431015,Llama-3.3-70B-Instruct,70000000000,wiki,1580,79
"news: Additional security trainings on AWS Security Fundamentals, Authentication and Authorization with AWS Identity and Access Management, AWS Shared Responsibility Model, and AWS Well-Architected Training are also helpful.",1.0,472,1773088334.58555,2026-03-09T21:32:14.585568,0.3180038630962372,0.4306677579879761,Llama-3.3-70B-Instruct,70000000000,news,1581,79
"wiki: The overall federal, state, and local tax burden in Alabama ranks the state as the second least tax-burdened state in the country.",1.0,480,1773088386.3079426,2026-03-09T21:33:06.307953,0.3487257361412048,0.4594656825065613,Llama-3.3-70B-Instruct,70000000000,wiki,1582,79
wiki: It has been proposed to classify autism using genetics as well as behavior.,1.0,495,1773088438.1826413,2026-03-09T21:33:58.182652,0.35849329829216,0.454273909330368,Llama-3.3-70B-Instruct,70000000000,wiki,1583,79
fiction: How is a moth's life cycle most different from an insect that goes through incomplete metamorphosis? (Answer: A),1.0,484,1773088482.6408448,2026-03-09T21:34:42.640853,0.3507738709449768,0.4566644132137298,Llama-3.3-70B-Instruct,70000000000,fiction,1584,79
"news: Email policies IT should have an email policy in place that hardens systems and can detect spam and viruses, Rickard said.",1.0,484,1773088534.3963666,2026-03-09T21:35:34.396375,0.3339611291885376,0.4371795058250427,Llama-3.3-70B-Instruct,70000000000,news,1585,79
news: The Canadian artist's many accolades include a 1952 Oscar for Best Documentary for his abstract short film Neighbours (watch the whole thing here).,1.0,479,1773088585.8914793,2026-03-09T21:36:25.891485,0.3295273184776306,0.4374751448631286,Llama-3.3-70B-Instruct,70000000000,news,1586,79
"code: Explain what this code does:
def function_84(x): return x * 2",1.0,492,1773088637.2714105,2026-03-09T21:37:17.271419,0.3660302460193634,0.4666644632816314,Llama-3.3-70B-Instruct,70000000000,code,1587,79
wiki: Urban interests were consistently underrepresented in the legislature.,1.0,499,1773088688.7507205,2026-03-09T21:38:08.750725,0.3658202886581421,0.4589776694774627,Llama-3.3-70B-Instruct,70000000000,wiki,1588,79
fiction: A student accidentally drops a test tube that breaks when it hits the floor. Which method is the best way to retrieve the broken glass? (Answer: C),1.0,477,1773088738.0325918,2026-03-09T21:38:58.032597,0.3422946333885193,0.4545928537845611,Llama-3.3-70B-Instruct,70000000000,fiction,1589,79
"wiki: Cahaba, now a ghost town, was the first permanent state capital from 1820 to 1825.",1.0,486,1773088789.4595575,2026-03-09T21:39:49.459562,0.3471531569957733,0.4505625367164612,Llama-3.3-70B-Instruct,70000000000,wiki,1590,79
"code: Explain what this code does:
def function_69(x): return x * 2",1.0,492,1773088840.8452642,2026-03-09T21:40:40.845275,0.3675207793712616,0.4678466916084289,Llama-3.3-70B-Instruct,70000000000,code,1591,79
"wiki: In the UK, from 1998 to 2018, the autism diagnoses increased by 787%.",1.0,488,1773088892.2221298,2026-03-09T21:41:32.222140,0.3442914187908172,0.4458453059196472,Llama-3.3-70B-Instruct,70000000000,wiki,1592,79
news: The Nutcracker's first major exposure outside of Russia took place in London in 1934.,1.0,489,1773088943.8845866,2026-03-09T21:42:23.884597,0.3543978333473205,0.4554475247859955,Llama-3.3-70B-Instruct,70000000000,news,1593,79
"news: ""I think it says something that Alex trusts us to bring the work to its full realization,"" says Wheater.",1.0,486,1773088995.313309,2026-03-09T21:43:15.313319,0.336277037858963,0.4392469227313995,Llama-3.3-70B-Instruct,70000000000,news,1594,79
"code: Explain what this code does:
def function_61(x): return x * 2",1.0,492,1773089046.8623743,2026-03-09T21:44:06.862385,0.3638571500778198,0.4637841880321502,Llama-3.3-70B-Instruct,70000000000,code,1595,79
wiki: No single treatment is best and treatment is typically tailored to the child's needs.,1.0,493,1773089098.157033,2026-03-09T21:44:58.157048,0.3565969467163086,0.4545095264911651,Llama-3.3-70B-Instruct,70000000000,wiki,1596,79
news: The other detail that will change with personal data access under GDPR is how long companies have to respond to your request.,1.0,486,1773089149.925945,2026-03-09T21:45:49.925954,0.3386332392692566,0.4407841861248016,Llama-3.3-70B-Instruct,70000000000,news,1597,79
news: But the management of projects and ticket issues doesn't just fall on the heads of large companies.,1.0,490,1773089201.2570431,2026-03-09T21:46:41.257056,0.3511136174201965,0.4512893259525299,Llama-3.3-70B-Instruct,70000000000,news,1598,79
"news: In one of 60 spacious dance studios at the Beijing Dance Academy, Pei Yu Meng practices a tricky step from Jorma Elo's Over Glow.",1.0,478,1773089252.6526537,2026-03-09T21:47:32.652664,0.336501806974411,0.4488664269447326,Llama-3.3-70B-Instruct,70000000000,news,1599,79
"wiki: Muslims have been increasing in Alabama, with 31 mosques built by 2011, many by African-American converts.",1.3,486,1773089304.2602043,2026-03-09T21:48:24.260223,0.3453048169612884,0.4488433599472046,Llama-3.3-70B-Instruct,70000000000,wiki,1600,80
"wiki: Among these approaches, interventions either treat autistic features comprehensively, or focalize treatment on a specific area of deficit.",1.3,486,1773089355.874596,2026-03-09T21:49:15.874606,0.3383761048316955,0.4407067000865936,Llama-3.3-70B-Instruct,70000000000,wiki,1601,80
"code: Explain what this code does:
def function_15(x): return x * 2",1.3,492,1773089407.2879522,2026-03-09T21:50:07.287963,0.3722378611564636,0.4729358255863189,Llama-3.3-70B-Instruct,70000000000,code,1602,80
wiki: A -wide meteorite hit the area about 80 million years ago.,1.3,494,1773089458.784912,2026-03-09T21:50:58.784924,0.3576967418193817,0.4541316926479339,Llama-3.3-70B-Instruct,70000000000,wiki,1603,80
"wiki: Ritualistic behavior: Unvarying pattern of daily activities, such as an unchanging menu or a dressing ritual.",1.3,486,1773089510.4078648,2026-03-09T21:51:50.407875,0.3359680771827698,0.4377739131450653,Llama-3.3-70B-Instruct,70000000000,wiki,1604,80
"code: Explain what this code does:
def function_70(x): return x * 2",1.3,492,1773089561.7102003,2026-03-09T21:52:41.710209,0.3702305555343628,0.4706271588802337,Llama-3.3-70B-Instruct,70000000000,code,1605,80
fiction: Which celestial object listed below has the greatest density? (Answer: D),1.3,494,1773089613.237991,2026-03-09T21:53:33.237999,0.3739542365074157,0.4725178480148315,Llama-3.3-70B-Instruct,70000000000,fiction,1606,80
"code: Explain what this code does:
def function_58(x): return x * 2",1.3,492,1773089664.8159451,2026-03-09T21:54:24.815956,0.3588209450244903,0.4571971595287323,Llama-3.3-70B-Instruct,70000000000,code,1607,80
"wiki: In 1861, the state seceded from the United States to become part of the Confederate States of America, with Montgomery acting as its first capital, and rejoined the Union in 1868.",1.3,467,1773089716.5104508,2026-03-09T21:55:16.510476,0.3407179415225982,0.4652122259140014,Llama-3.3-70B-Instruct,70000000000,wiki,1608,80
"code: Explain what this code does:
def function_24(x): return x * 2",1.3,492,1773089767.851889,2026-03-09T21:56:07.851902,0.3684583306312561,0.4687108993530273,Llama-3.3-70B-Instruct,70000000000,code,1609,80
"wiki: Its oldest city is Mobile, founded by French colonists in 1702 as the capital of French Louisiana.",1.3,487,1773089819.9990346,2026-03-09T21:56:59.999048,0.357030302286148,0.4609688222408294,Llama-3.3-70B-Instruct,70000000000,wiki,1610,80
wiki: The state has numerous place names of Native American origin.,1.3,498,1773089871.3713603,2026-03-09T21:57:51.371374,0.3762333691120147,0.4712701439857483,Llama-3.3-70B-Instruct,70000000000,wiki,1611,80
"wiki: Law and government  State government  The foundational document for Alabama's government is the Alabama Constitution, which was ratified in 1901.",1.3,482,1773089923.022508,2026-03-09T21:58:43.022521,0.3596358299255371,0.4693246185779571,Llama-3.3-70B-Instruct,70000000000,wiki,1612,80
"news: She's standing among other students, but they all work alone, with the help of teachers calling out corrections from the front of the room.",1.3,481,1773089974.3857467,2026-03-09T21:59:34.385760,0.3283961117267608,0.4344293773174286,Llama-3.3-70B-Instruct,70000000000,news,1613,80
"news: This week marks the world premiere of Frame by Frame, The National Ballet of Canada's new full length ballet based on the life and work of innovative filmmaker Norman McLaren.",1.3,476,1773090026.11,2026-03-09T22:00:26.110013,0.3383603990077972,0.4507692158222198,Llama-3.3-70B-Instruct,70000000000,news,1614,80
"news: ""Showing can be more effective than telling.",1.3,500,1773090077.2839932,2026-03-09T22:01:17.284007,0.3660290837287903,0.4576570093631744,Llama-3.3-70B-Instruct,70000000000,news,1615,80
wiki: The use of state names derived from Native American languages is common in the U.S.; an estimated 27 states have names of Native American origin.,1.3,480,1773090128.6494088,2026-03-09T22:02:08.649422,0.3358278572559356,0.444056361913681,Llama-3.3-70B-Instruct,70000000000,wiki,1616,80
fiction: Trees most likely change the environment in which they are located by (Answer: D),1.3,492,1773090180.125978,2026-03-09T22:03:00.125992,0.3474323451519012,0.4457070231437683,Llama-3.3-70B-Instruct,70000000000,fiction,1617,80
"wiki: Generally prohibited in the West at large, school corporal punishment is not unusual in Alabama, with 27,260 public school students paddled at least one time, according to government data for the 2011–2012 school year.",1.3,461,1773090231.8676264,2026-03-09T22:03:51.867640,0.2970402836799621,0.4173456132411957,Llama-3.3-70B-Instruct,70000000000,wiki,1618,80
fiction: Coal is solid rock that began as organic material that was deposited in a swamp. The formation of coal suggests that (Answer: D),1.3,482,1773090283.2905798,2026-03-09T22:04:43.290593,0.3418519794940948,0.4489518404006958,Llama-3.3-70B-Instruct,70000000000,fiction,1619,80
"wiki: For example, the effects of a spectrally responsive albedo are illustrated by the differences between the spectrally weighted albedo of solar photovoltaic technology based on hydrogenated amorphous silicon (a-Si:H) and crystalline silicon (c-Si)-based compared to traditional spectral-integrated albedo predictions.",1.3,443,1773090335.5784464,2026-03-09T22:05:35.578460,0.3005629181861877,0.4447142779827118,Llama-3.3-70B-Instruct,70000000000,wiki,1620,81
fiction: Why are alternative fuels being used in some automobiles? (Answer: B),1.3,494,1773090386.9299302,2026-03-09T22:06:26.929944,0.3450701236724853,0.4402710497379303,Llama-3.3-70B-Instruct,70000000000,fiction,1621,81
"wiki: Ports The Port of Mobile, Alabama's only saltwater port, is a large seaport on the Gulf of Mexico with inland waterway access to the Midwest by way of the Tennessee–Tombigbee Waterway.",1.3,464,1773090438.8055584,2026-03-09T22:07:18.805572,0.323279470205307,0.4465375542640686,Llama-3.3-70B-Instruct,70000000000,wiki,1622,81
news: The Bay County Sheriff’s Office has arrested four men from Atlanta after they allegedly hired local transients to cash fraudulent checks for them using stolen personal information.,1.3,479,1773090490.410691,2026-03-09T22:08:10.410704,0.3310462832450866,0.4419166147708893,Llama-3.3-70B-Instruct,70000000000,news,1623,81
"code: Explain what this code does:
def function_44(x): return x * 2",1.3,492,1773090541.9271345,2026-03-09T22:09:01.927148,0.3700917065143585,0.4702496826648712,Llama-3.3-70B-Instruct,70000000000,code,1624,81
news: Subscribe Also see,1.3,506,1773090593.0119271,2026-03-09T22:09:53.011940,0.3769697844982147,0.4657957553863525,Llama-3.3-70B-Instruct,70000000000,news,1625,81
"news: For those looking to prepare for the exam, the post recommends going to the AWS Training website and working on the Advanced Architecting on AWS and Security Operations on AWS trainings.",1.3,474,1773090626.882068,2026-03-09T22:10:26.882080,0.3366237580776214,0.4517719447612762,Llama-3.3-70B-Instruct,70000000000,news,1626,81
"news: One thing to note: If you need more users, you'll create them from the command line (in similar fashion as you did above).",1.3,481,1773090678.62254,2026-03-09T22:11:18.622549,0.3383447229862213,0.4473325312137604,Llama-3.3-70B-Instruct,70000000000,news,1627,81
"wiki: Given the long history of slavery and associated racial segregation, the Native American peoples, who have sometimes been of mixed race, have insisted on having their cultural identification respected.",1.3,476,1773090716.4213364,2026-03-09T22:11:56.421341,0.3359640836715698,0.4493215084075928,Llama-3.3-70B-Instruct,70000000000,wiki,1628,81
"wiki: Acquiring language before age six, having an IQ above 50, and having a marketable skill all predict better outcomes; independent living is unlikely with severe autism.",1.3,476,1773090767.9757197,2026-03-09T22:12:47.975724,0.3175259530544281,0.4267064332962036,Llama-3.3-70B-Instruct,70000000000,wiki,1629,81
"news: Photo by Walter E. Owen, Courtesy Dance Magazine Archives.",1.3,497,1773090819.279487,2026-03-09T22:13:39.279497,0.3616184890270233,0.4564833641052246,Llama-3.3-70B-Instruct,70000000000,news,1630,81
"wiki: At the same time, many rural people migrated to the city of Birmingham to work in new industrial jobs.",1.3,488,1773090870.6730742,2026-03-09T22:14:30.673084,0.3485125601291656,0.4509101808071136,Llama-3.3-70B-Instruct,70000000000,wiki,1631,81
"wiki: While medications have not been found to help with core symptoms, they may be used for associated symptoms, such as irritability, inattention, or repetitive behavior patterns.",1.3,476,1773090922.724085,2026-03-09T22:15:22.724095,0.323894739151001,0.4354325830936432,Llama-3.3-70B-Instruct,70000000000,wiki,1632,81
"wiki: No single repetitive or self-injurious behavior seems to be specific to autism, but autism appears to have an elevated pattern of occurrence and severity of these behaviors.",1.3,477,1773090975.3364377,2026-03-09T22:16:15.336448,0.3347878754138946,0.4460504949092865,Llama-3.3-70B-Instruct,70000000000,wiki,1633,81
"news: One was located at a business on East Avenue and contact was made with Clarence Suggs, age 27, and Reginald Hughes, age 26.",1.3,476,1773091027.192068,2026-03-09T22:17:07.192076,0.3310518264770508,0.4430327713489532,Llama-3.3-70B-Instruct,70000000000,news,1634,81
"wiki: All of them compared gluten- and casein-free diet versus normal diet with a control group (2 double-blind randomized controlled trials, 1 double-blind crossover trial, 1 single-blind trial).",1.3,470,1773091079.1476252,2026-03-09T22:17:59.147637,0.3250864148139953,0.4417093992233276,Llama-3.3-70B-Instruct,70000000000,wiki,1635,81
news: Log out and log back in with your new credentials.,1.3,498,1773091130.3553717,2026-03-09T22:18:50.355380,0.3535377383232116,0.4458899796009063,Llama-3.3-70B-Instruct,70000000000,news,1636,81
"fiction: Heat, light, and sound are all different forms of ___. (Answer: B)",1.3,491,1773091181.928891,2026-03-09T22:19:41.928900,0.3696714639663696,0.4708895087242126,Llama-3.3-70B-Instruct,70000000000,fiction,1637,81
"code: Explain what this code does:
def function_81(x): return x * 2",1.3,492,1773091233.3901672,2026-03-09T22:20:33.390176,0.3589175045490265,0.4577958285808563,Llama-3.3-70B-Instruct,70000000000,code,1638,81
"code: Explain what this code does:
def function_93(x): return x * 2",1.3,492,1773091285.1750858,2026-03-09T22:21:25.175096,0.3658338785171509,0.4657299220561981,Llama-3.3-70B-Instruct,70000000000,code,1639,81
"wiki: These kinds of groups more often than not interconnect with each other, forming larger networks.",1.3,491,1773091336.7763395,2026-03-09T22:22:16.776363,0.3485489785671234,0.4478148519992828,Llama-3.3-70B-Instruct,70000000000,wiki,1640,82
news: Three transients have also been arrested for their participation.,1.3,498,1773091388.819553,2026-03-09T22:23:08.819571,0.360889196395874,0.4534815847873688,Llama-3.3-70B-Instruct,70000000000,news,1641,82
fiction: What do cells break down to produce energy? (Answer: A),1.3,495,1773091414.626732,2026-03-09T22:23:34.626752,0.3637738227844238,0.4598644077777862,Llama-3.3-70B-Instruct,70000000000,fiction,1642,82
wiki: Alabama was under military rule from the end of the war in May 1865 until its official restoration to the Union in 1868.,1.3,481,1773091466.1187823,2026-03-09T22:24:26.118791,0.347539484500885,0.4557752311229706,Llama-3.3-70B-Instruct,70000000000,wiki,1643,82
"wiki: Jackson, Harvey H. Inside Alabama: A Personal History of My State (2004).",1.3,491,1773091517.6514716,2026-03-09T22:25:17.651480,0.3566104471683502,0.4571771323680877,Llama-3.3-70B-Instruct,70000000000,wiki,1644,82
"wiki: Many of these attacks were done by individual assailants and the majority took place in the late 1870s, the early 1880s and the 1890s, with some still occurring in the early 1900s.",1.3,461,1773091569.4419186,2026-03-09T22:26:09.441927,0.3141668438911438,0.4402092397212982,Llama-3.3-70B-Instruct,70000000000,wiki,1645,82
"wiki: Because of the constraints of the Alabama Constitution, which centralizes power in the state legislature, only seven counties (Jefferson, Lee, Mobile, Madison, Montgomery, Shelby, and Tuscaloosa) in the state have limited home rule.",1.3,460,1773091621.1662543,2026-03-09T22:27:01.166259,0.3141751587390899,0.4411912262439728,Llama-3.3-70B-Instruct,70000000000,wiki,1646,82
wiki: Sleep problems affect about two-thirds of individuals with ASD at some point in childhood.,1.3,493,1773091672.4891758,2026-03-09T22:27:52.489181,0.3562097549438476,0.4543541371822357,Llama-3.3-70B-Instruct,70000000000,wiki,1647,82
"wiki: Albedo in Astronomy  In astronomy, the term albedo can be defined in several different ways, depending upon the application and the wavelength of electromagnetic radiation involved.",1.3,477,1773091724.2107909,2026-03-09T22:28:44.210800,0.3410785794258117,0.4527887403964996,Llama-3.3-70B-Instruct,70000000000,wiki,1648,82
"news: Data processing policies Companies need to do data process flow mapping to see what data is being collected, how it's being processed, and who is receiving processed copies, Rickard said.",1.3,473,1773091775.9413884,2026-03-09T22:29:35.941397,0.3168608844280243,0.4293971657752991,Llama-3.3-70B-Instruct,70000000000,news,1649,82
wiki: One criticism of the current constitution claims that its complexity and length intentionally codify segregation and racism.,1.3,490,1773091827.2832668,2026-03-09T22:30:27.283275,0.3450773060321808,0.4450350105762481,Llama-3.3-70B-Instruct,70000000000,wiki,1650,82
"wiki: Mohl, Raymond A.",1.3,503,1773091878.62635,2026-03-09T22:31:18.626356,0.3598990738391876,0.4525339901447296,Llama-3.3-70B-Instruct,70000000000,wiki,1651,82
"code: Explain what this code does:
def function_6(x): return x * 2",1.3,492,1773091930.0986557,2026-03-09T22:32:10.098732,0.3685812056064605,0.4695665836334228,Llama-3.3-70B-Instruct,70000000000,code,1652,82
wiki: Other anarchists advocated for or used art as a means to achieve anarchist ends.,1.3,494,1773091981.5903754,2026-03-09T22:33:01.590386,0.3554510772228241,0.4521244764328003,Llama-3.3-70B-Instruct,70000000000,wiki,1653,82
news: You can also login with the non-admin user you created.,1.3,497,1773092032.8835945,2026-03-09T22:33:52.883618,0.3385326862335205,0.4313721358776092,Llama-3.3-70B-Instruct,70000000000,news,1654,82
"wiki: Autistic people may be severely impaired in some respects but average, or even superior, in others.",1.3,489,1773092084.4080887,2026-03-09T22:34:44.408099,0.3551176190376282,0.4571893513202667,Llama-3.3-70B-Instruct,70000000000,wiki,1655,82
"wiki: There are two intermediate appellate courts, the Court of Civil Appeals and the Court of Criminal Appeals, and four trial courts: the circuit court (trial court of general jurisdiction), and the district, probate, and municipal courts.",1.3,464,1773092118.6493597,2026-03-09T22:35:18.649370,0.3233757019042969,0.448234498500824,Llama-3.3-70B-Instruct,70000000000,wiki,1656,82
fiction: Which of these is never found in prokaryotic cells? (Answer: D),1.3,491,1773092149.9542482,2026-03-09T22:35:49.954257,0.356116235256195,0.4565098285675049,Llama-3.3-70B-Instruct,70000000000,fiction,1657,82
"wiki: In Greek handwriting, it was common to join the left leg and horizontal stroke into a single loop, as demonstrated by the uncial version shown.",1.3,480,1773092201.3768902,2026-03-09T22:36:41.376899,0.3310751616954803,0.4392471611499786,Llama-3.3-70B-Instruct,70000000000,wiki,1658,82
"fiction: When a mirror is placed by a fish bowl with a beta fish swimming inside, the beta fish sees what appears to be another fish. This occurs because of (Answer: C)",1.3,473,1773092252.891071,2026-03-09T22:37:32.891077,0.3393383324146271,0.4566303491592407,Llama-3.3-70B-Instruct,70000000000,fiction,1659,82
"wiki: Civil War and Reconstruction  By 1860, the population had increased to 964,201 people, of which nearly half, 435,080, were enslaved African Americans, and 2,690 were free people of color.",1.3,462,1773092304.661178,2026-03-09T22:38:24.661186,0.32847461104393,0.455799400806427,Llama-3.3-70B-Instruct,70000000000,wiki,1660,83
"code: Explain what this code does:
def function_46(x): return x * 2",1.3,492,1773092356.1362042,2026-03-09T22:39:16.136215,0.3750953376293182,0.4762359261512756,Llama-3.3-70B-Instruct,70000000000,code,1661,83
"news: During a search warrant on the two vehicles two printers, blank checks, cash, and a computer with check-making software were located and seized.",1.3,481,1773092407.566565,2026-03-09T22:40:07.566574,0.3269310295581817,0.4361869990825653,Llama-3.3-70B-Instruct,70000000000,news,1662,83
"wiki: Instead of people being able to control the aspects of their life, major decisions are taken by a small elite.",1.3,487,1773092458.9444742,2026-03-09T22:40:58.944485,0.3453957140445709,0.4486874043941498,Llama-3.3-70B-Instruct,70000000000,wiki,1663,83
"code: Explain what this code does:
def function_28(x): return x * 2",1.3,492,1773092510.3683822,2026-03-09T22:41:50.368392,0.3687411546707153,0.4687232077121734,Llama-3.3-70B-Instruct,70000000000,code,1664,83
fiction: Which term best describes the life cycle of an insect that reaches the adult stage without being a pupa? (Answer: A),1.3,483,1773092561.77249,2026-03-09T22:42:41.772500,0.3401874601840973,0.4468673169612884,Llama-3.3-70B-Instruct,70000000000,fiction,1665,83
"wiki: The Gulf Coast, around Mobile Bay, averages between 70 and 80 days per year with thunder reported.",1.3,487,1773092613.1531923,2026-03-09T22:43:33.153201,0.3513588309288025,0.4547272622585296,Llama-3.3-70B-Instruct,70000000000,wiki,1666,83
"wiki: Anarchists also reinforced their propaganda within the arts, some of whom practiced naturism and nudism.",1.3,488,1773092664.7323434,2026-03-09T22:44:24.732348,0.3456225097179413,0.4482336044311523,Llama-3.3-70B-Instruct,70000000000,wiki,1667,83
"wiki: During the antebellum period, Alabama was a major producer of cotton, and widely used African American slave labor.",1.3,485,1773092716.2127206,2026-03-09T22:45:16.212741,0.3619032204151153,0.4690093100070953,Llama-3.3-70B-Instruct,70000000000,wiki,1668,83
"news: If I can't describe what I want with words, I have to show them.""",1.3,492,1773092767.5898378,2026-03-09T22:46:07.589850,0.3453333377838135,0.4441491663455963,Llama-3.3-70B-Instruct,70000000000,news,1669,83
"wiki: A. John Simmons and Leslie Green, who leaned toward philosophical anarchism, believed that the state could be legitimate if it is governed by consensus, although they saw this as highly unlikely.",1.3,472,1773092819.8622754,2026-03-09T22:46:59.862280,0.3241819143295288,0.4391385018825531,Llama-3.3-70B-Instruct,70000000000,wiki,1670,83
news: New York City Ballet principal dancer Rebecca Krohn will take her final bow with the company this Saturday night.,1.3,488,1773092871.713676,2026-03-09T22:47:51.713693,0.3581744432449341,0.4611325860023498,Llama-3.3-70B-Instruct,70000000000,news,1671,83
"fiction: Hatchling sea turtles are typically dark in color. Occasionally, a sea turtle hatches that is almost white in color. When crawling from the nest on the beach to the ocean, this light-colored sea turtle could be at risk for sunburn. The light color of the turtles would most likely (Answer: C)",1.3,446,1773092923.9513035,2026-03-09T22:48:43.951308,0.3104187548160553,0.4532609283924103,Llama-3.3-70B-Instruct,70000000000,fiction,1672,83
fiction: Which of these human activities does not contribute to the extinction of species? (Answer: C),1.3,490,1773092975.2709808,2026-03-09T22:49:35.270987,0.3655788898468017,0.4675676226615906,Llama-3.3-70B-Instruct,70000000000,fiction,1673,83
fiction: How long does it take for Earth to rotate on its axis seven times? (Answer: B),1.3,489,1773093016.5277212,2026-03-09T22:50:16.527740,0.3698432147502899,0.4733646214008331,Llama-3.3-70B-Instruct,70000000000,fiction,1674,83
"wiki: The first community of adherents of the Baháʼí Faith in Alabama was founded in 1896 by Paul K. Dealy, who moved from Chicago to Fairhope.",1.3,472,1773093068.0085342,2026-03-09T22:51:08.008544,0.3220030665397644,0.4354683756828308,Llama-3.3-70B-Instruct,70000000000,wiki,1675,83
wiki: No known medication relieves autism's core symptoms of social and communication impairments.,1.3,493,1773093119.5677297,2026-03-09T22:51:59.567740,0.3566133081912994,0.4542811810970306,Llama-3.3-70B-Instruct,70000000000,wiki,1676,83
"code: Explain what this code does:
def function_31(x): return x * 2",1.3,492,1773093170.9224515,2026-03-09T22:52:50.922462,0.3628929555416107,0.4620278775691986,Llama-3.3-70B-Instruct,70000000000,code,1677,83
"code: Explain what this code does:
def function_35(x): return x * 2",1.3,492,1773093222.4618075,2026-03-09T22:53:42.461819,0.3674866855144501,0.4675928056240082,Llama-3.3-70B-Instruct,70000000000,code,1678,83
"news: 34 total views, 34 views today Share Us",1.3,498,1773093273.8104076,2026-03-09T22:54:33.810416,0.3520156741142273,0.4455309808254242,Llama-3.3-70B-Instruct,70000000000,news,1679,83
news: That's something I'll never forget.,1.3,501,1773093324.9654582,2026-03-09T22:55:24.965473,0.3382696807384491,0.4271144568920135,Llama-3.3-70B-Instruct,70000000000,news,1680,84
news: A number of dancers including New York City Ballet principal Russell Janzen will be acting as moving models.,1.3,489,1773093376.5073483,2026-03-09T22:56:16.507355,0.3390825390815735,0.4387445151805877,Llama-3.3-70B-Instruct,70000000000,news,1681,84
"code: Explain what this code does:
def function_29(x): return x * 2",1.3,492,1773093428.3066432,2026-03-09T22:57:08.306652,0.3714564740657806,0.4720895886421203,Llama-3.3-70B-Instruct,70000000000,code,1682,84
wiki: Education  Primary and secondary education  Public primary and secondary education in Alabama is under the purview of the Alabama State Board of Education as well as local oversight by 67 county school boards and 60 city boards of education.,1.3,464,1773093480.9591038,2026-03-09T22:58:00.959108,0.3298332095146179,0.4545146226882934,Llama-3.3-70B-Instruct,70000000000,wiki,1683,84
wiki: About half of people in their 20s with autism are not employed.,1.3,494,1773093532.992623,2026-03-09T22:58:52.992628,0.3554829657077789,0.4516467154026031,Llama-3.3-70B-Instruct,70000000000,wiki,1684,84
wiki: Legion Field is home of the UAB Blazers football program and the Birmingham Bowl.,1.3,493,1773093584.3284736,2026-03-09T22:59:44.328482,0.3637350499629974,0.4616729021072387,Llama-3.3-70B-Instruct,70000000000,wiki,1685,84
news: 3.,1.3,506,1773093635.404849,2026-03-09T23:00:35.404855,0.3661482334136963,0.4537884593009949,Llama-3.3-70B-Instruct,70000000000,news,1686,84
fiction: The composition of soil influences the soil's ability to retain and transmit water and air. What soil type would be best for planting a productive garden? (Answer: B),1.3,475,1773093686.9698534,2026-03-09T23:01:26.969862,0.3403666615486145,0.4543653428554535,Llama-3.3-70B-Instruct,70000000000,fiction,1687,84
"wiki: History  The earliest certain ancestor of ""A"" is aleph (also written 'aleph), the first letter of the Phoenician alphabet, which consisted entirely of consonants (for that reason, it is also called an abjad to distinguish it from a true alphabet).",1.3,453,1773093738.8081963,2026-03-09T23:02:18.808201,0.3178288638591766,0.4536377787590027,Llama-3.3-70B-Instruct,70000000000,wiki,1688,84
"wiki: Immigration from outside the U.S. resulted in a net increase of 31,180 people, and migration within the country produced a net gain of 73,811 people.",1.3,474,1773093790.3295248,2026-03-09T23:03:10.329531,0.3404857814311981,0.4573165774345398,Llama-3.3-70B-Instruct,70000000000,wiki,1689,84
news: Balanchine included Shiryaev's original choreography in his Nutcracker.,1.3,492,1773093841.6322863,2026-03-09T23:04:01.632296,0.3364221453666687,0.4340693354606628,Llama-3.3-70B-Instruct,70000000000,news,1690,84
"wiki: It has been established that vaccination is not a risk factor for autism and is not behind any increase in autism prevalence rates, if any change in the rate of autism exists at all.",1.3,473,1773093893.8010404,2026-03-09T23:04:53.801051,0.3269715011119842,0.4411572813987732,Llama-3.3-70B-Instruct,70000000000,wiki,1691,84
wiki: A smooth metallic sphere would have .,1.3,502,1773093944.9253166,2026-03-09T23:05:44.925327,0.3749719262123108,0.4654679298400879,Llama-3.3-70B-Instruct,70000000000,wiki,1692,84
"code: Explain what this code does:
def function_89(x): return x * 2",1.3,492,1773093996.3392878,2026-03-09T23:06:36.339298,0.3596617877483368,0.4579970836639404,Llama-3.3-70B-Instruct,70000000000,code,1693,84
fiction: An ice cube placed in sunlight melts quickly. Which BEST explains this event? (Answer: B),1.3,489,1773094047.6950676,2026-03-09T23:07:27.695078,0.3628487586975097,0.465770810842514,Llama-3.3-70B-Instruct,70000000000,fiction,1694,84
news: BDA alumni in American companies include San Francisco Ballet soloists Wei Wang and Wanting Zhao and ABT corps members Zhiyao Zhang and Xuelan Lu.,1.3,475,1773094099.744074,2026-03-09T23:08:19.744087,0.3359251618385315,0.4497402012348175,Llama-3.3-70B-Instruct,70000000000,news,1695,84
wiki: Alabama's slaves were freed by the 13th Amendment in 1865.,1.3,493,1773094151.6109354,2026-03-09T23:09:11.610946,0.3556755185127258,0.4535732567310333,Llama-3.3-70B-Instruct,70000000000,wiki,1696,84
"wiki: Indigenous animal species in the state include 62 mammal species, 93 reptile species, 73 amphibian species, roughly 307 native freshwater fish species, and 420 bird species that spend at least part of their year within the state.",1.3,459,1773094203.8411365,2026-03-09T23:10:03.841146,0.305415391921997,0.4325619637966156,Llama-3.3-70B-Instruct,70000000000,wiki,1697,84
fiction: Which of these do scientists offer as the most recent explanation as to why many plants and animals died out at the end of the Mesozoic era? (Answer: D),1.3,474,1773094255.3581927,2026-03-09T23:10:55.358203,0.3237447738647461,0.4368206262588501,Llama-3.3-70B-Instruct,70000000000,fiction,1698,84
"fiction: Some animals are very rare. For example, there are very few Siberian tigers. If the only Siberian tigers left are female, what will most likely happen? (Answer: D)",1.3,469,1773094307.5115733,2026-03-09T23:11:47.511582,0.3212375938892364,0.4385789334774017,Llama-3.3-70B-Instruct,70000000000,fiction,1699,84
wiki: Anarchist tactics have shifted during the course of the last century.,1.3,495,1773094358.8593726,2026-03-09T23:12:38.859384,0.3464728593826294,0.4411132633686065,Llama-3.3-70B-Instruct,70000000000,wiki,1700,85
"wiki: In May 2007, German steelmaker ThyssenKrupp selected Calvert in Mobile County for a 4.65billion combined stainless and carbon steel processing facility.",1.3,472,1773094410.910332,2026-03-09T23:13:30.910341,0.3369149565696716,0.455124020576477,Llama-3.3-70B-Instruct,70000000000,wiki,1701,85
wiki: Some studies also find decreased earning among parents who care for autistic children.,1.3,495,1773094462.1772563,2026-03-09T23:14:22.177265,0.3543002009391784,0.4496490955352783,Llama-3.3-70B-Instruct,70000000000,wiki,1702,85
fiction: A flowing stream contains water at 18°C. Cans of soft drinks at 28°C are lowered into the stream. Which of the following will most likely occur? (Answer: B),1.3,470,1773094513.7902913,2026-03-09T23:15:13.790301,0.342831552028656,0.4631446897983551,Llama-3.3-70B-Instruct,70000000000,fiction,1703,85
wiki: Collectivist anarchism is a revolutionary socialist form of anarchism commonly associated with Mikhail Bakunin.,1.3,489,1773094565.1581566,2026-03-09T23:16:05.158166,0.3607438504695892,0.4628136754035949,Llama-3.3-70B-Instruct,70000000000,wiki,1704,85
wiki: The monument was removed in August 2003.,1.3,499,1773094616.2872217,2026-03-09T23:16:56.287232,0.3566428422927856,0.4488398134708404,Llama-3.3-70B-Instruct,70000000000,wiki,1705,85
"wiki: There is tentative evidence that music therapy may improve social interactions, verbal communication, and non-verbal communication skills.",1.3,487,1773094668.0078795,2026-03-09T23:17:48.007890,0.3576879501342773,0.4623488783836365,Llama-3.3-70B-Instruct,70000000000,wiki,1706,85
wiki: Their decrease in prevalence was the result of further judicial power and targeting and cataloging by state institutions.,1.3,489,1773094719.6231556,2026-03-09T23:18:39.623166,0.3294559717178345,0.4285944104194641,Llama-3.3-70B-Instruct,70000000000,wiki,1707,85
"wiki: With the anarchists being crushed in Russia, two new antithetical currents emerged, namely platformism and synthesis anarchism.",1.3,485,1773094771.021044,2026-03-09T23:19:31.021055,0.3480809330940246,0.4530872404575348,Llama-3.3-70B-Instruct,70000000000,wiki,1708,85
"wiki: Local elections Many local offices (county commissioners, boards of education, tax assessors, tax collectors, etc.)",1.3,487,1773094822.494388,2026-03-09T23:20:22.494399,0.3530125021934509,0.4574299156665802,Llama-3.3-70B-Instruct,70000000000,wiki,1709,85
"wiki: In English grammar, ""a"", and its variant ""an"", is an indefinite article, used to introduce noun phrases.",1.3,485,1773094874.0885713,2026-03-09T23:21:14.088582,0.3506058752536773,0.4574818015098572,Llama-3.3-70B-Instruct,70000000000,wiki,1710,85
"fiction: After observing several dogs running, students ask the following question: Do dogs with long hair run faster than dogs with short hair? How can the students best answer their question? (Answer: B)",1.3,470,1773094925.9663265,2026-03-09T23:22:05.966345,0.332367867231369,0.4507050514221191,Llama-3.3-70B-Instruct,70000000000,fiction,1711,85
"wiki: In China, small groups of students imported the humanistic pro-science version of anarcho-communism.",1.3,486,1773094977.378991,2026-03-09T23:22:57.379001,0.3613673150539398,0.4681399166584015,Llama-3.3-70B-Instruct,70000000000,wiki,1712,85
"code: Explain what this code does:
def function_5(x): return x * 2",1.3,492,1773095028.750381,2026-03-09T23:23:48.750385,0.3649972379207611,0.4649125039577484,Llama-3.3-70B-Instruct,70000000000,code,1713,85
"wiki: Peirce, Neal R. The Deep South States of America: People, Politics, and Power in the Seven Deep South States (1974).",1.3,479,1773095080.3285418,2026-03-09T23:24:40.328551,0.3457941114902496,0.4583465158939361,Llama-3.3-70B-Instruct,70000000000,wiki,1714,85
"code: Explain what this code does:
def function_59(x): return x * 2",1.3,492,1773095131.809582,2026-03-09T23:25:31.809587,0.361028641462326,0.4598549902439117,Llama-3.3-70B-Instruct,70000000000,code,1715,85
news: What are you most looking forward to in your new role?,1.3,497,1773095182.9070766,2026-03-09T23:26:22.907081,0.36751589179039,0.4630475640296936,Llama-3.3-70B-Instruct,70000000000,news,1716,85
fiction: Which land form is the result of the constructive force of a glacier? (Answer: B),1.3,490,1773095202.862277,2026-03-09T23:26:42.862282,0.3626201450824737,0.4643273055553436,Llama-3.3-70B-Instruct,70000000000,fiction,1717,85
"wiki: The three GOP lieutenant governors are Steve Windom (1999–2003), Kay Ivey (2011–2017), and Will Ainsworth (2019–present).",1.3,472,1773095254.5262485,2026-03-09T23:27:34.526254,0.3344353437423706,0.450686365365982,Llama-3.3-70B-Instruct,70000000000,wiki,1718,85
"code: Explain what this code does:
def function_43(x): return x * 2",1.3,492,1773095306.2800105,2026-03-09T23:28:26.280021,0.3745147585868835,0.4756321907043457,Llama-3.3-70B-Instruct,70000000000,code,1719,85
wiki: Variation in summer albedo across both forest types is associated with maximum rates of photosynthesis because plants with high growth capacity display a greater fraction of their foliage for direct interception of incoming radiation in the upper canopy.,1.3,468,1773095358.0172567,2026-03-09T23:29:18.017267,0.3001202344894409,0.4150379300117492,Llama-3.3-70B-Instruct,70000000000,wiki,1720,86
"code: Explain what this code does:
def function_87(x): return x * 2",1.3,492,1773095409.401162,2026-03-09T23:30:09.401172,0.3632393479347229,0.4633485376834869,Llama-3.3-70B-Instruct,70000000000,code,1721,86
wiki: Industrial development related to the demands of World War II brought a level of prosperity to the state not seen since before the civil war.,1.3,483,1773095461.1032505,2026-03-09T23:31:01.103264,0.3470848500728607,0.4542753100395202,Llama-3.3-70B-Instruct,70000000000,wiki,1722,86
wiki: A historical current that arose and flourished during 1890 and 1920 within anarchism was free love.,1.3,486,1773095513.1244223,2026-03-09T23:31:53.124436,0.3273347914218902,0.4279268682003021,Llama-3.3-70B-Instruct,70000000000,wiki,1723,86
"fiction: Acid rain has a pH below 5.6. This rain can damage soil, lakes, crops, and buildings. Acid rain is caused by all of the following except (Answer: D)",1.3,470,1773095564.8162112,2026-03-09T23:32:44.816223,0.3339569270610809,0.4527434706687927,Llama-3.3-70B-Instruct,70000000000,fiction,1724,86
"wiki: It has a seating capacity of 143,000 and is the thirteenth largest stadium in the world and sixth largest stadium in America.",1.3,481,1773095616.3479652,2026-03-09T23:33:36.347979,0.3271328806877136,0.4328762292861938,Llama-3.3-70B-Instruct,70000000000,wiki,1725,86
wiki: Automakers accounted for approximately a third of the industrial expansion in the state in 2012.,1.3,490,1773095658.6629655,2026-03-09T23:34:18.662979,0.349543958902359,0.4501758515834808,Llama-3.3-70B-Instruct,70000000000,wiki,1726,86
wiki: Black anarchism began to take form at this time and influenced anarchism's move from a Eurocentric demographic.,1.3,486,1773095710.3288944,2026-03-09T23:35:10.328906,0.3434031903743744,0.4480670094490051,Llama-3.3-70B-Instruct,70000000000,wiki,1727,86
fiction: Which of the following areas is most likely to form metamorphic rocks such as gneiss and schist? (Answer: C),1.3,482,1773095761.8100865,2026-03-09T23:36:01.810102,0.3418325781822204,0.4484154284000397,Llama-3.3-70B-Instruct,70000000000,fiction,1728,86
"wiki: In general, higher IQs are correlated with greater responsiveness to treatment and improved treatment outcomes.",1.3,491,1773095813.3971736,2026-03-09T23:36:53.397179,0.3539228439331054,0.4531412720680237,Llama-3.3-70B-Instruct,70000000000,wiki,1729,86
"news: He holds his hands towards his chest, indicating the sign for ""I.""",1.3,494,1773095864.8198268,2026-03-09T23:37:44.819837,0.3448801040649414,0.4395267963409424,Llama-3.3-70B-Instruct,70000000000,news,1730,86
"code: Explain what this code does:
def function_68(x): return x * 2",1.3,492,1773095916.2927904,2026-03-09T23:38:36.292801,0.3579094409942627,0.4561476409435272,Llama-3.3-70B-Instruct,70000000000,code,1731,86
wiki: These contributed to Congressional passage and enactment of the Civil Rights Act of 1964 and Voting Rights Act of 1965 by the U.S. Congress.,1.3,478,1773095967.871048,2026-03-09T23:39:27.871059,0.3435907363891601,0.4566850066184997,Llama-3.3-70B-Instruct,70000000000,wiki,1732,86
"news: Go is cool, Swift is nifty, but old-school Java keeps reinventing itself to power both yesterday's and tomorrow's applications.",1.3,482,1773096019.4323514,2026-03-09T23:40:19.432365,0.3405239582061767,0.4473904967308044,Llama-3.3-70B-Instruct,70000000000,news,1733,86
"wiki: Also, the Barber Motorsports Park has hosted IndyCar Series and Rolex Sports Car Series races.",1.3,490,1773096070.771205,2026-03-09T23:41:10.771215,0.3478690683841705,0.4473519325256347,Llama-3.3-70B-Instruct,70000000000,wiki,1734,86
news: The company is one of dozens of others honoring Robbins this year; last week we covered Cincinnati Ballet and New York Theatre Ballet.,1.3,484,1773096122.2811894,2026-03-09T23:42:02.281199,0.3456543982028961,0.4530192017555237,Llama-3.3-70B-Instruct,70000000000,news,1735,86
"code: Explain what this code does:
def function_62(x): return x * 2",1.3,492,1773096173.7800553,2026-03-09T23:42:53.780066,0.3653056025505066,0.465624451637268,Llama-3.3-70B-Instruct,70000000000,code,1736,86
"wiki: Treatment approaches have little empirical support in quality-of-life contexts, and many programs focus on success measures that lack predictive validity and real-world relevance.",1.3,481,1773096225.3213136,2026-03-09T23:43:45.321324,0.3325377106666565,0.4400678277015686,Llama-3.3-70B-Instruct,70000000000,wiki,1737,86
"code: Explain what this code does:
def function_51(x): return x * 2",1.3,492,1773096276.8838055,2026-03-09T23:44:36.883816,0.3687224388122558,0.4689335823059082,Llama-3.3-70B-Instruct,70000000000,code,1738,86
"wiki: Those free love movements contributed to the establishment of communal houses, where large groups of travelers, anarchists and other activists slept in beds together.",1.3,482,1773096328.3259804,2026-03-09T23:45:28.325991,0.3368190228939056,0.4431644678115845,Llama-3.3-70B-Instruct,70000000000,wiki,1739,86
"wiki: In the Alabama language, the word for a person of Alabama lineage is  (or variously  or  in different dialects; the plural form is ).",1.3,477,1773096380.2471786,2026-03-09T23:46:20.247189,0.3443625867366791,0.4569107294082641,Llama-3.3-70B-Instruct,70000000000,wiki,1740,87
"wiki: Characteristics Autism is a highly variable neurodevelopmental disorder whose symptoms first appear during infancy or childhood, and generally follows a steady course without remission.",1.3,480,1773096432.0306246,2026-03-09T23:47:12.030635,0.3480775654315948,0.4584253132343292,Llama-3.3-70B-Instruct,70000000000,wiki,1741,87
"code: Explain what this code does:
def function_85(x): return x * 2",1.3,492,1773096483.3516326,2026-03-09T23:48:03.351643,0.3652403056621551,0.4653845131397247,Llama-3.3-70B-Instruct,70000000000,code,1742,87
news: That was when McNeight called the BCSO to report the robbery.,1.3,493,1773096534.5959249,2026-03-09T23:48:54.595935,0.3452965915203094,0.4419758319854736,Llama-3.3-70B-Instruct,70000000000,news,1743,87
news: SEE: IT project management: 10 ways to stay under budget (free PDF) (TechRepublic) Congratulations You now have your Trac system up and running.,1.3,476,1773096586.0831609,2026-03-09T23:49:46.083171,0.318754643201828,0.4289690256118774,Llama-3.3-70B-Instruct,70000000000,news,1744,87
"wiki: Birmingham also serves as the headquarters for several large investment management companies, including Harbert Management Corporation.",1.3,490,1773096637.354705,2026-03-09T23:50:37.354715,0.33402019739151,0.4331478476524353,Llama-3.3-70B-Instruct,70000000000,wiki,1745,87
"wiki: Typographic variants  During Roman times, there were many variant forms of the letter ""A"".",1.3,490,1773096689.1931708,2026-03-09T23:51:29.193181,0.3546448945999145,0.4545399844646454,Llama-3.3-70B-Instruct,70000000000,wiki,1746,87
"wiki: Societal and cultural aspects of autism have developed: some in the community seek a cure, while others believe that autism is simply another way of being.",1.3,479,1773096741.1087596,2026-03-09T23:52:21.108770,0.338017463684082,0.4476018846035003,Llama-3.3-70B-Instruct,70000000000,wiki,1747,87
"wiki: As seen by anarchists, squatting is a way to regain urban space from the capitalist market, serving pragmatical needs and also being an exemplary direct action.",1.3,478,1773096792.8710985,2026-03-09T23:53:12.871109,0.3343111574649811,0.4449867308139801,Llama-3.3-70B-Instruct,70000000000,wiki,1748,87
"wiki: The district's boundaries were roughly limited to the area within a few miles of the Tombigbee River and included portions of what is today southern Clarke County, northernmost Mobile County, and most of Washington County.",1.3,467,1773096844.7838454,2026-03-09T23:54:04.783856,0.3178690373897552,0.4359680116176605,Llama-3.3-70B-Instruct,70000000000,wiki,1749,87
"code: Explain what this code does:
def function_8(x): return x * 2",1.3,492,1773096896.3379564,2026-03-09T23:54:56.338005,0.3713922202587127,0.4720543324947357,Llama-3.3-70B-Instruct,70000000000,code,1750,87
"news: Photo by Frederick Melton, Courtesy Dance Magazine Archives.",1.3,498,1773096948.0997496,2026-03-09T23:55:48.099773,0.3688187897205353,0.4631937444210052,Llama-3.3-70B-Instruct,70000000000,news,1751,87
"wiki: According to the 2012 U.S. News & World Report, Alabama had four tier one universities (University of Alabama, Auburn University, University of Alabama at Birmingham and University of Alabama in Huntsville).",1.3,468,1773096999.6896434,2026-03-09T23:56:39.689652,0.3354178667068481,0.4570558071136474,Llama-3.3-70B-Instruct,70000000000,wiki,1752,87
"news: But for this one season, they're sharing the stage together.",1.3,496,1773097050.801412,2026-03-09T23:57:30.801420,0.3432978391647339,0.4377096593379974,Llama-3.3-70B-Instruct,70000000000,news,1753,87
news: Willam Christensen (center) with his brothers Lew and Harold.,1.3,495,1773097102.2728405,2026-03-09T23:58:22.272847,0.3633517920970917,0.4598082900047302,Llama-3.3-70B-Instruct,70000000000,news,1754,87
"wiki: Just as fresh snow has a higher albedo than does dirty snow, the albedo of snow-covered sea ice is far higher than that of sea water.",1.3,478,1773097153.7948363,2026-03-09T23:59:13.794846,0.3362956643104553,0.4468652307987213,Llama-3.3-70B-Instruct,70000000000,wiki,1755,87
"wiki: Contemporary-era anarchists have been engaging with various grassroots movements that are more or less based on horizontalism, although not explicitly anarchist, respecting personal autonomy and participating in mass activism such as strikes and demonstrations.",1.3,470,1773097205.357453,2026-03-10T00:00:05.357462,0.3321883082389831,0.4519287645816803,Llama-3.3-70B-Instruct,70000000000,wiki,1756,87
"wiki: From 1826 to 1846, Tuscaloosa served as Alabama's capital.",1.3,490,1773097256.7820723,2026-03-10T00:00:56.782083,0.3540527522563934,0.454057902097702,Llama-3.3-70B-Instruct,70000000000,wiki,1757,87
"news: ""People often have Post-it notes on monitors with passwords on them.""",1.3,495,1773097308.8234456,2026-03-10T00:01:48.823454,0.3506914377212524,0.445063978433609,Llama-3.3-70B-Instruct,70000000000,news,1758,87
"wiki: Anarchism has continued to generate many philosophies and movements, at times eclectic, drawing upon various sources and combining disparate concepts to create new philosophical approaches.",1.3,478,1773097360.343011,2026-03-10T00:02:40.343019,0.3482049405574798,0.4602271020412445,Llama-3.3-70B-Instruct,70000000000,wiki,1759,87
"news: After both of the above commands, you'll be prompted to type (and confirm) a password.",1.3,489,1773097412.2814612,2026-03-10T00:03:32.281525,0.3384677469730377,0.438013881444931,Llama-3.3-70B-Instruct,70000000000,news,1760,88
"wiki: The company wore new uniforms with yellow trim on the sleeves, collar and coattails.",1.3,491,1773097463.692626,2026-03-10T00:04:23.692637,0.3368151783943176,0.4349855184555053,Llama-3.3-70B-Instruct,70000000000,wiki,1761,88
"news: But Petipa fell ill while choreographing The Nutcracker and handed his duties over to his assistant, Lev Ivanov.",1.3,483,1773097515.1901033,2026-03-10T00:05:15.190124,0.3454016149044037,0.4528256058692932,Llama-3.3-70B-Instruct,70000000000,news,1762,88
"news: I wanted to be someone that the young dancers could look up to; I wanted to reach out and connect to them more, and to offer support and advice.",1.3,477,1773097567.2102404,2026-03-10T00:06:07.210254,0.3301187455654144,0.4408880770206451,Llama-3.3-70B-Instruct,70000000000,news,1763,88
news: Plug the device into your network (you'll need a Cat5 cable).,1.3,494,1773097618.440977,2026-03-10T00:06:58.440986,0.3383367359638214,0.4330350756645202,Llama-3.3-70B-Instruct,70000000000,news,1764,88
"code: Explain what this code does:
def function_99(x): return x * 2",1.3,492,1773097669.7676651,2026-03-10T00:07:49.767674,0.3634779751300812,0.4630522131919861,Llama-3.3-70B-Instruct,70000000000,code,1765,88
fiction: The gravitational force exerted by an object depends on its (Answer: C),1.3,493,1773097721.333544,2026-03-10T00:08:41.333554,0.370710015296936,0.4703131020069122,Llama-3.3-70B-Instruct,70000000000,fiction,1766,88
news: We had the chance to talk to the thoughtful and eloquent dancer about her time with the company and goals for the future.,1.3,484,1773097772.831113,2026-03-10T00:09:32.831122,0.3382834494113922,0.4422527849674225,Llama-3.3-70B-Instruct,70000000000,news,1767,88
"news: Hoffmann, a German writer, penned the eerie and dark tale ""Nutcracker and Mouse King"" in 1816.",1.3,483,1773097824.1996558,2026-03-10T00:10:24.199666,0.3405201733112335,0.4452347755432129,Llama-3.3-70B-Instruct,70000000000,news,1768,88
wiki: It is diagnosed four to five times more often in males than females.,1.3,495,1773097875.7603402,2026-03-10T00:11:15.760350,0.3603522181510925,0.4572508335113525,Llama-3.3-70B-Instruct,70000000000,wiki,1769,88
"fiction: New engine technology has helped cars get more mileage per gallon of gas. Since gasoline comes from oil, this technology will affect the world supply of oil by (Answer: D)",1.3,474,1773097927.3025506,2026-03-10T00:12:07.302561,0.3377195596694946,0.4527347385883331,Llama-3.3-70B-Instruct,70000000000,fiction,1770,88
wiki: A Literary History of Alabama: The Nineteenth Century (1979).,1.3,494,1773097978.5587494,2026-03-10T00:12:58.558759,0.3358615636825561,0.4326310455799103,Llama-3.3-70B-Instruct,70000000000,wiki,1771,88
wiki: References  External links    1910s neologisms Articles containing video clips Communication disorders Neurological disorders in children Pervasive developmental disorders Wikipedia medicine articles ready to translate,1.3,475,1773098030.0592086,2026-03-10T00:13:50.059219,0.3206683099269867,0.431012749671936,Llama-3.3-70B-Instruct,70000000000,wiki,1772,88
"wiki: The oldest institutions are the public University of North Alabama in Florence and the Catholic Church-affiliated Spring Hill College in Mobile, both founded in 1830.",1.3,478,1773098081.5466547,2026-03-10T00:14:41.546665,0.342465192079544,0.4538631737232208,Llama-3.3-70B-Instruct,70000000000,wiki,1773,88
"wiki: Similar to other former slave states, Alabamian legislators employed Jim Crow laws to disenfranchise and discriminate against African Americans from the late 19th century up until the 1960s.",1.3,469,1773098133.6272051,2026-03-10T00:15:33.627215,0.329634428024292,0.4487698674201965,Llama-3.3-70B-Instruct,70000000000,wiki,1774,88
"wiki: Evolutionary tactics embrace nonviolence, reject violence and take a gradual approach to anarchist aims, although there is significant overlap between the two.",1.3,481,1773098184.9954946,2026-03-10T00:16:24.995505,0.3381603956222534,0.4457619786262512,Llama-3.3-70B-Instruct,70000000000,wiki,1775,88
"code: Explain what this code does:
def function_42(x): return x * 2",1.3,492,1773098236.294158,2026-03-10T00:17:16.294168,0.3676241338253021,0.4674033522605896,Llama-3.3-70B-Instruct,70000000000,code,1776,88
"fiction: Two students are asked to make a chart on the electromagnetic spectrum. Reading left to right, one student's chart shows the spectrum from gamma rays to radio waves, while the other student's chart shows the opposite. If the teacher says that both charts are correct, then (Answer: B)",1.3,451,1773098288.23618,2026-03-10T00:18:08.236189,0.2980365753173828,0.4302363097667694,Llama-3.3-70B-Instruct,70000000000,fiction,1777,88
news: I was unable to login with that user.,1.3,500,1773098339.326757,2026-03-10T00:18:59.326761,0.3556540310382843,0.4457461535930633,Llama-3.3-70B-Instruct,70000000000,news,1778,88
wiki: Other changes were made to implement representative state house and senate districts.,1.3,496,1773098390.8018074,2026-03-10T00:19:50.801813,0.3538517355918884,0.4479371905326843,Llama-3.3-70B-Instruct,70000000000,wiki,1779,88
fiction: Which of the following is a trait that a dog does NOT inherit from its parents? (Answer: C),1.3,487,1773098420.612444,2026-03-10T00:20:20.612453,0.3438706398010254,0.4450987577438354,Llama-3.3-70B-Instruct,70000000000,fiction,1780,89
fiction: Which planet has the longest planetary year? (Answer: D),1.3,496,1773098471.7072446,2026-03-10T00:21:11.707249,0.3747964203357696,0.4718395471572876,Llama-3.3-70B-Instruct,70000000000,fiction,1781,89
"news: Installation The installation isn't terribly challenging, but does require a bit of typing.",1.3,493,1773098524.206092,2026-03-10T00:22:04.206100,0.3349936306476593,0.4289902448654175,Llama-3.3-70B-Instruct,70000000000,news,1782,89
"wiki: In Reynolds v. Sims (1964), the U.S. Supreme Court implemented the principle of ""one man, one vote"", ruling that congressional districts had to be reapportioned based on censuses (as the state already included in its constitution but had not implemented.)",1.3,454,1773098576.6535003,2026-03-10T00:22:56.653505,0.3103473484516144,0.4430800080299377,Llama-3.3-70B-Instruct,70000000000,wiki,1783,89
"wiki: According to an article, failure to meet any of the following milestones ""is an absolute indication to proceed with further evaluations.",1.3,485,1773098628.2024496,2026-03-10T00:23:48.202454,0.3470511138439178,0.4515275061130523,Llama-3.3-70B-Instruct,70000000000,wiki,1784,89
news: An open Java The one thing everyone agrees about Java is that it's imperfect.,1.3,493,1773098679.3753948,2026-03-10T00:24:39.375404,0.3424298465251922,0.4377718567848205,Llama-3.3-70B-Instruct,70000000000,news,1785,89
"fiction: Franklin wants to know how fast he runs different distances. He uses a stopwatch to measure the time it takes him to complete a 50-meter, 100-meter, and 200-meter race. How can he calculate his speed for each race? (Answer: B)",1.3,455,1773098731.3726296,2026-03-10T00:25:31.372638,0.3249186873435974,0.4601643085479736,Llama-3.3-70B-Instruct,70000000000,fiction,1786,89
"wiki: The record low of  occurred on January 30, 1966, in New Market.",1.3,490,1773098782.8335748,2026-03-10T00:26:22.833579,0.3556471168994903,0.4566827118396759,Llama-3.3-70B-Instruct,70000000000,wiki,1787,89
"wiki: A 2016 survey in the United States reported a rate of 25 per 1,000 children for ASD.",1.3,485,1773098834.4066305,2026-03-10T00:27:14.406636,0.3372043967247009,0.4402526617050171,Llama-3.3-70B-Instruct,70000000000,wiki,1788,89
"code: Explain what this code does:
def function_47(x): return x * 2",1.3,492,1773098885.912562,2026-03-10T00:28:05.912568,0.3702317476272583,0.4706077873706817,Llama-3.3-70B-Instruct,70000000000,code,1789,89
"wiki: While it advocates for no-one to archiei, if accepted by the many, then anarchism would turn into the ruling political theory.",1.3,482,1773098937.3181431,2026-03-10T00:28:57.318154,0.3335884511470794,0.4396767020225525,Llama-3.3-70B-Instruct,70000000000,wiki,1790,89
"wiki: Anarchism employs a diversity of tactics in order to meet its ideal ends which can be broadly separated into revolutionary and evolutionary tactics; there is significant overlap between the two, which are merely descriptive.",1.3,470,1773098988.8758304,2026-03-10T00:29:48.875839,0.3319659233093261,0.4506795406341553,Llama-3.3-70B-Instruct,70000000000,wiki,1791,89
"wiki: The Internet has helped autistic individuals bypass nonverbal cues and emotional sharing that they find difficult to deal with, and has given them a way to form online communities and work remotely.",1.3,473,1773099040.304048,2026-03-10T00:30:40.304093,0.3378766477108001,0.4555895924568176,Llama-3.3-70B-Instruct,70000000000,wiki,1792,89
wiki: Alabama ranks ninth in the number of deaths from lightning and tenth in the number of deaths from lightning strikes per capita.,1.3,486,1773099091.7554252,2026-03-10T00:31:31.755436,0.3502831757068634,0.4548878371715545,Llama-3.3-70B-Instruct,70000000000,wiki,1793,89
fiction: A company is designing a new laptop computer. The computer must not exceed a certain weight. Which of the following is the most likely reason to have a weight restriction for the computer? (Answer: C),1.3,468,1773099143.36372,2026-03-10T00:32:23.363730,0.3343841135501861,0.4559531509876251,Llama-3.3-70B-Instruct,70000000000,fiction,1794,89
"code: Explain what this code does:
def function_86(x): return x * 2",1.3,492,1773099195.22688,2026-03-10T00:33:15.226890,0.3668599426746368,0.4664454162120819,Llama-3.3-70B-Instruct,70000000000,code,1795,89
"wiki: Sleep problems are associated with difficult behaviors and family stress, and are often a focus of clinical attention over and above the primary ASD diagnosis.",1.3,482,1773099246.9050462,2026-03-10T00:34:06.905057,0.3388871252536773,0.4450582265853882,Llama-3.3-70B-Instruct,70000000000,wiki,1796,89
"wiki: Due to measurement constraints, it is often given for the spectrum in which most solar energy reaches the surface (between 0.3 and 3 μm).",1.3,477,1773099298.969797,2026-03-10T00:34:58.969806,0.3392587304115295,0.4510177373886108,Llama-3.3-70B-Instruct,70000000000,wiki,1797,89
"code: Explain what this code does:
def function_73(x): return x * 2",1.3,492,1773099350.9782937,2026-03-10T00:35:50.978304,0.3659582734107971,0.4658453464508056,Llama-3.3-70B-Instruct,70000000000,code,1798,89
wiki: One example of this massive influx of workers occurred in Mobile.,1.3,497,1773099402.3765714,2026-03-10T00:36:42.376580,0.3579145669937134,0.4515997171401977,Llama-3.3-70B-Instruct,70000000000,wiki,1799,89
"code: Explain what this code does:
def function_95(x): return x * 2",1.3,492,1773099453.773723,2026-03-10T00:37:33.773733,0.3651148676872253,0.4652900099754333,Llama-3.3-70B-Instruct,70000000000,code,1800,90
"code: Explain what this code does:
def function_63(x): return x * 2",1.3,492,1773099504.9443371,2026-03-10T00:38:24.944346,0.3690228760242462,0.4692634344100952,Llama-3.3-70B-Instruct,70000000000,code,1801,90
"wiki: Because the behavior spectrum is continuous, boundaries between diagnostic categories are necessarily somewhat arbitrary.",1.3,493,1773099556.150283,2026-03-10T00:39:16.150292,0.349020391702652,0.4467701315879822,Llama-3.3-70B-Instruct,70000000000,wiki,1802,90
fiction: Stars are often classified by their apparent brightness in the nighttime sky. Stars can also be classified in many other ways. Which of these is least useful in classifying stars? (Answer: C),1.3,470,1773099607.6927547,2026-03-10T00:40:07.692759,0.324607789516449,0.4406681060791015,Llama-3.3-70B-Instruct,70000000000,fiction,1803,90
"wiki: Behavioral, psychological, education, and/or skill-building interventions may be used to assist autistic people to learn life skills necessary for living independently, as well as other social, communication, and language skills.",1.3,470,1773099659.3076963,2026-03-10T00:40:59.307726,0.3248148560523987,0.4411972165107727,Llama-3.3-70B-Instruct,70000000000,wiki,1804,90
"news: In a studio rehearsal for La Bayadère, Act II, no understudies are present, and any imperfection is pointed out by one of four coaches at the front of the room.",1.3,471,1773099711.307809,2026-03-10T00:41:51.307826,0.3128290772438049,0.4262611865997314,Llama-3.3-70B-Instruct,70000000000,news,1805,90
wiki: A long tradition of Spanish anarchism led to anarchists playing a pivotal role in the war.,1.3,491,1773099763.3531113,2026-03-10T00:42:43.353129,0.3549550473690033,0.4541710317134857,Llama-3.3-70B-Instruct,70000000000,wiki,1806,90
wiki: Various anarchist schools of thought formed during this period.,1.3,499,1773099814.5535293,2026-03-10T00:43:34.553549,0.3696302473545074,0.4626982808113098,Llama-3.3-70B-Instruct,70000000000,wiki,1807,90
wiki: South Alabama reports many thunderstorms.,1.3,502,1773099865.803214,2026-03-10T00:44:25.803226,0.3496875464916229,0.4373552799224853,Llama-3.3-70B-Instruct,70000000000,wiki,1808,90
"wiki: Alabama's highest temperature of  was recorded on September 5, 1925, in the unincorporated community of Centerville.",1.3,481,1773099917.4692562,2026-03-10T00:45:17.469268,0.3478967249393463,0.4565122723579407,Llama-3.3-70B-Instruct,70000000000,wiki,1809,90
fiction: Which conclusion is best supported by a tree-growth ring that is much narrower than the other growth rings? (Answer: B),1.3,483,1773099968.9951751,2026-03-10T00:46:08.995184,0.3402241766452789,0.444868266582489,Llama-3.3-70B-Instruct,70000000000,fiction,1810,90
"news: According to Fullington, Pavel Gerdt, the dancer who created the role, was likely too old to dance the variation himself.",1.3,483,1773100020.449819,2026-03-10T00:47:00.449826,0.3309260606765747,0.4359568655490875,Llama-3.3-70B-Instruct,70000000000,news,1811,90
news: There's a surprising twist to Regina Willoughby's last season with Columbia City Ballet: It's also her 18-year-old daughter Melina's first season with the company.,1.3,473,1773100072.1004877,2026-03-10T00:47:52.100494,0.3272294998168945,0.4412016868591308,Llama-3.3-70B-Instruct,70000000000,news,1812,90
"news: Also Robbins' Dances at a Gathering... there are so many, it's hard to choose!",1.3,489,1773100123.503403,2026-03-10T00:48:43.503409,0.3490429222583771,0.4510856568813324,Llama-3.3-70B-Instruct,70000000000,news,1813,90
"wiki: Friedrich Engels, considered to be one of the principal founders of Marxism, criticised anarchism's anti-authoritarianism as inherently counter-revolutionary because in his view a revolution is by itself authoritarian.",1.3,469,1773100175.131298,2026-03-10T00:49:35.131309,0.3232962191104889,0.4416680634021759,Llama-3.3-70B-Instruct,70000000000,wiki,1814,90
wiki: This had caused decades of underinvestment in such areas.,1.3,498,1773100226.3180575,2026-03-10T00:50:26.318068,0.3485516309738159,0.4416117370128631,Llama-3.3-70B-Instruct,70000000000,wiki,1815,90
wiki: The principle of equal liberty is closer to anarchist political ethics in that it transcends both the liberal and socialist traditions.,1.3,486,1773100277.7718794,2026-03-10T00:51:17.771890,0.3406620621681213,0.4429538547992706,Llama-3.3-70B-Instruct,70000000000,wiki,1816,90
"wiki: This compared to more than 181,000 African Americans eligible to vote in 1900.",1.3,490,1773100329.3603282,2026-03-10T00:52:09.360339,0.3463698923587799,0.4472700655460357,Llama-3.3-70B-Instruct,70000000000,wiki,1817,90
"wiki: If Earth were frozen entirely (and hence be more reflective), the average temperature of the planet would drop below .",1.3,487,1773100380.8991888,2026-03-10T00:53:00.899199,0.3614918887615204,0.4658235013484955,Llama-3.3-70B-Instruct,70000000000,wiki,1818,90
"wiki: Alabama's capital is Montgomery, and its largest city by population and area is Huntsville.",1.3,491,1773100432.3233004,2026-03-10T00:53:52.323311,0.3703193962574005,0.472166359424591,Llama-3.3-70B-Instruct,70000000000,wiki,1819,90
"news: Fortunately there's a solution, one that's incredibly simple.",1.3,497,1773100483.74581,2026-03-10T00:54:43.745821,0.3616710305213928,0.459361732006073,Llama-3.3-70B-Instruct,70000000000,news,1820,91
fiction: Which of the following is an observation about grasshoppers that a science class could have made on their nature walk? (Answer: B),1.3,481,1773100535.5302486,2026-03-10T00:55:35.530259,0.3386732339859009,0.4461688995361328,Llama-3.3-70B-Instruct,70000000000,fiction,1821,91
"wiki: The state had 108,000 foreign-born (2.4% of the state population), of which an estimated 22.2% were undocumented (24,000).",1.3,474,1773100581.7557602,2026-03-10T00:56:21.755769,0.3397586047649383,0.4560994505882263,Llama-3.3-70B-Instruct,70000000000,wiki,1822,91
"wiki: During the second half of the 20th century, anarchism intermingled with the second wave of feminism, radicalising some currents of the feminist movement and being influenced as well.",1.3,472,1773100633.6922314,2026-03-10T00:57:13.692240,0.3388634920120239,0.4565919637680053,Llama-3.3-70B-Instruct,70000000000,wiki,1823,91
fiction: Which statement describes a harmful effect of clearing rainforests for farmland? (Answer: B),1.3,489,1773100685.213069,2026-03-10T00:58:05.213086,0.3417231738567352,0.4415051937103271,Llama-3.3-70B-Instruct,70000000000,fiction,1824,91
"news: I won't have to worry about that so much now, and I can spend my day off roaming around and being inspired.",1.3,484,1773100736.718254,2026-03-10T00:58:56.718264,0.3298687636852264,0.4322076141834259,Llama-3.3-70B-Instruct,70000000000,news,1825,91
wiki: Alabama is one of the few places in the world that has a secondary tornado season in November and December besides the typically severe spring.,1.3,483,1773100788.748986,2026-03-10T00:59:48.748996,0.343812495470047,0.4493325352668762,Llama-3.3-70B-Instruct,70000000000,wiki,1826,91
"news: Depending on how you count, some 14 million Java programmers code today, with many of them paid well to maintain massive enterprise applications (an estimated 80% of enterprise workloads run on Java).",1.3,469,1773100840.3558936,2026-03-10T01:00:40.355904,0.3112790286540985,0.4264369308948517,Llama-3.3-70B-Instruct,70000000000,news,1827,91
"wiki: Other aspects, such as atypical eating, are also common but are not essential for diagnosis.",1.3,490,1773100891.7304304,2026-03-10T01:01:31.730442,0.3593150377273559,0.4603058993816376,Llama-3.3-70B-Instruct,70000000000,wiki,1828,91
wiki: The oldest Jewish congregation in the state is Congregation Sha'arai Shomayim in Mobile.,1.3,488,1773100943.1394722,2026-03-10T01:02:23.139480,0.355250597000122,0.4574511647224426,Llama-3.3-70B-Instruct,70000000000,wiki,1829,91
fiction: Data in tables may also be presented in graphs. Which type of data would best be displayed on a circle graph? (Answer: D),1.3,481,1773100994.7248352,2026-03-10T01:03:14.724845,0.3307892382144928,0.4369171261787414,Llama-3.3-70B-Instruct,70000000000,fiction,1830,91
"wiki: Even though many anarchists distanced themselves from these terrorist acts, infamy came upon the movement and attempts were made to exclude them from American immigration, including the Immigration Act of 1903, also called the Anarchist Exclusion Act.",1.3,461,1773101046.807817,2026-03-10T01:04:06.807825,0.3072366118431091,0.4307823181152344,Llama-3.3-70B-Instruct,70000000000,wiki,1831,91
"wiki: Albedo–temperature feedback When an area's albedo changes due to snowfall, a snow–temperature feedback results.",1.3,485,1773101098.612207,2026-03-10T01:04:58.612217,0.3490365445613861,0.4551672041416168,Llama-3.3-70B-Instruct,70000000000,wiki,1832,91
"news: The piece features a commissioned score by Swedish composer Mikael Karlsson, which will be performed onstage by singer Anna von Hausswolff.",1.3,480,1773101150.5366786,2026-03-10T01:05:50.536701,0.3307100832462311,0.4389071464538574,Llama-3.3-70B-Instruct,70000000000,news,1833,91
news: A Typical Day Students begin their days with an early 8 am technique class.,1.3,493,1773101202.2104237,2026-03-10T01:06:42.210434,0.3401330113410949,0.4356150329113006,Llama-3.3-70B-Instruct,70000000000,news,1834,91
"wiki: In addition, there are currently five auxiliary interstate routes in the state: I-165 in Mobile, I-359 in Tuscaloosa, I-459 around Birmingham, I-565 in Decatur and Huntsville, and I-759 in Gadsden.",1.3,455,1773101254.2056503,2026-03-10T01:07:34.205661,0.3156448006629944,0.4475256502628326,Llama-3.3-70B-Instruct,70000000000,wiki,1835,91
"fiction: If a new moon occurred on June 2, when will the next new moon occur? (Answer: A)",1.3,486,1773101305.9877715,2026-03-10T01:08:25.987782,0.3565216064453125,0.4610065519809723,Llama-3.3-70B-Instruct,70000000000,fiction,1836,91
wiki: The city was moved to the current site of Mobile in 1711.,1.3,494,1773101357.675882,2026-03-10T01:09:17.675892,0.3568979203701019,0.4525175392627716,Llama-3.3-70B-Instruct,70000000000,wiki,1837,91
"wiki: Also, the Black Belt region across central Alabama ""is home to largely poor counties that are predominantly African-American.",1.3,487,1773101409.154477,2026-03-10T01:10:09.154496,0.3329325318336487,0.4336913526058197,Llama-3.3-70B-Instruct,70000000000,wiki,1838,91
wiki: The decision-making process of small anarchist affinity groups plays a significant tactical role.,1.3,494,1773101460.8382006,2026-03-10T01:11:00.838227,0.3461155593395233,0.4417571425437927,Llama-3.3-70B-Instruct,70000000000,wiki,1839,91
fiction: Which of following is a property shared by the elements in the carbon family? (Answer: D),1.3,489,1773101512.8431044,2026-03-10T01:11:52.843128,0.351155549287796,0.4515941143035888,Llama-3.3-70B-Instruct,70000000000,fiction,1840,92
fiction: An engineer measured the time it takes sound to travel through samples of different materials. All of the samples were identical in shape and size. The measurements were made using ultrasonic waves with a frequency of 5 megahertz. Which question was the engineer most likely trying to answer? (Answer: A),1.3,448,1773101564.8365307,2026-03-10T01:12:44.836554,0.2985532283782959,0.4338860213756561,Llama-3.3-70B-Instruct,70000000000,fiction,1841,92
"news: Johnathon Johnson put McNeight in a choke hold, and they threatened McNeight with the tire iron, and took the money, his wallet, and his cell phone.",1.3,473,1773101616.3859458,2026-03-10T01:13:36.385955,0.3190733790397644,0.4323139488697052,Llama-3.3-70B-Instruct,70000000000,news,1842,92
wiki: Deeply shadowed cavities can achieve an effective albedo approaching the zero of a black body.,1.3,489,1773101667.7952397,2026-03-10T01:14:27.795244,0.3506332337856293,0.4514487385749817,Llama-3.3-70B-Instruct,70000000000,wiki,1843,92
"wiki: ), autocratic religions (e.g., fundamentalist Islam, Roman Catholicism, etc.",1.3,491,1773101719.5432532,2026-03-10T01:15:19.543262,0.3360763788223266,0.4356946647167206,Llama-3.3-70B-Instruct,70000000000,wiki,1844,92
"wiki: In 2002, Christian Koeberl with the Institute of Geochemistry University of Vienna published evidence and established the site as the 157th recognized impact crater on Earth.",1.3,473,1773101771.2427323,2026-03-10T01:16:11.242743,0.3412237763404846,0.4582337439060211,Llama-3.3-70B-Instruct,70000000000,wiki,1845,92
wiki: Parents often notice signs during the first three years of their child's life.,1.3,494,1773101822.5884929,2026-03-10T01:17:02.588503,0.3693478107452392,0.4674295485019684,Llama-3.3-70B-Instruct,70000000000,wiki,1846,92
"code: Explain what this code does:
def function_3(x): return x * 2",1.3,492,1773101874.4966254,2026-03-10T01:17:54.496636,0.3700472712516784,0.4708815813064575,Llama-3.3-70B-Instruct,70000000000,code,1847,92
"wiki: Children with high-functioning autism have more intense and frequent loneliness compared to non-autistic peers, despite the common belief that autistic children prefer to be alone.",1.3,478,1773101926.0576112,2026-03-10T01:18:46.057630,0.3296773433685303,0.4385572075843811,Llama-3.3-70B-Instruct,70000000000,wiki,1848,92
"wiki: The agrarian Mississippian culture covered most of the state from 1000 to 1600 CE, with one of its major centers built at what is now the Moundville Archaeological Site in Moundville, Alabama.",1.3,461,1773101977.9767504,2026-03-10T01:19:37.976789,0.3260722160339355,0.4534516930580139,Llama-3.3-70B-Instruct,70000000000,wiki,1849,92
wiki: Enlightenment challenges to intellectual authority (secular and religious) and the revolutions of the 1790s and 1848 all spurred the ideological development of what became the era of classical anarchism.,1.3,470,1773102029.67617,2026-03-10T01:20:29.676184,0.3164376318454742,0.4313879907131195,Llama-3.3-70B-Instruct,70000000000,wiki,1850,92
wiki: Anarchism and the state   Objection to the state and its institutions is a sine qua non of anarchism.,1.3,485,1773102081.1975162,2026-03-10T01:21:21.197530,0.35097336769104,0.4560622274875641,Llama-3.3-70B-Instruct,70000000000,wiki,1851,92
"fiction: Photosynthesis is a process involving carbon dioxide, water, glucose, oxygen, and sunlight. Which is the correct chemical equation for photosynthesis? (Answer: D)",1.3,476,1773102132.8233562,2026-03-10T01:22:12.823366,0.3447669148445129,0.4597998261451721,Llama-3.3-70B-Instruct,70000000000,fiction,1852,92
"news: Stay informed, click here to subscribe to the TechRepublic Cloud Insights newsletter.",1.3,494,1773102184.1904924,2026-03-10T01:23:04.190504,0.3577911853790283,0.4540942907333374,Llama-3.3-70B-Instruct,70000000000,news,1853,92
wiki: Gastrointestinal problems are one of the most commonly co-occurring medical conditions in autistic people.,1.3,489,1773102235.74094,2026-03-10T01:23:55.740945,0.354037195444107,0.4549498856067657,Llama-3.3-70B-Instruct,70000000000,wiki,1854,92
news: This will be the fourth work by Ekman that The Joffrey has performed.,1.3,492,1773102287.0912905,2026-03-10T01:24:47.091332,0.3463306725025177,0.443973958492279,Llama-3.3-70B-Instruct,70000000000,news,1855,92
fiction: A ship leaks a large amount of oil near a coastal area. Which statement describes how the oil most likely will affect the coastal habitat? (Answer: B),1.3,477,1773102338.5643492,2026-03-10T01:25:38.564361,0.3339053988456726,0.444050133228302,Llama-3.3-70B-Instruct,70000000000,fiction,1856,92
"code: Explain what this code does:
def function_0(x): return x * 2",1.3,492,1773102389.7691565,2026-03-10T01:26:29.769168,0.3628584742546081,0.4619950950145721,Llama-3.3-70B-Instruct,70000000000,code,1857,92
"wiki: Tourism and entertainment  According to Business Insider, Alabama ranked 14th in most popular states to visit in 2014.",1.3,484,1773102441.1240332,2026-03-10T01:27:21.124038,0.3487938046455383,0.4544347822666168,Llama-3.3-70B-Instruct,70000000000,wiki,1858,92
"wiki: A component especially of individualist anarchism, philosophical anarchism may tolerate the existence of a minimal state but claims that citizens have no moral obligation to obey government when it conflicts with individual autonomy.",1.3,471,1773102492.8151042,2026-03-10T01:28:12.815113,0.3200134336948395,0.4347049593925476,Llama-3.3-70B-Instruct,70000000000,wiki,1859,92
"news: Once she's mastered the pirouette she's been struggling with, she repeats the step over and over until the clock reaches 12 pm for lunch.",1.3,478,1773102544.4268577,2026-03-10T01:29:04.426865,0.3240516483783722,0.4322877824306488,Llama-3.3-70B-Instruct,70000000000,news,1860,93
"code: Explain what this code does:
def function_14(x): return x * 2",1.3,492,1773102595.718979,2026-03-10T01:29:55.718987,0.3613580763339996,0.4602517783641815,Llama-3.3-70B-Instruct,70000000000,code,1861,93
"wiki: ), patriarchy, heterosexism, white supremacy, and imperialism.""",1.3,495,1773102646.941067,2026-03-10T01:30:46.941076,0.3561270833015442,0.4515767395496368,Llama-3.3-70B-Instruct,70000000000,wiki,1862,93
"news: Once again, the final screen links wouldn't work.",1.3,498,1773102698.029029,2026-03-10T01:31:38.029037,0.3566116690635681,0.4503123760223388,Llama-3.3-70B-Instruct,70000000000,news,1863,93
"wiki: What is now the counties of Baldwin and Mobile became part of Spanish West Florida in 1783, part of the independent Republic of West Florida in 1810, and was finally added to the Mississippi Territory in 1812.",1.3,463,1773102749.7859907,2026-03-10T01:32:29.786001,0.3322105407714844,0.4586474299430847,Llama-3.3-70B-Instruct,70000000000,wiki,1864,93
"code: Explain what this code does:
def function_94(x): return x * 2",1.3,492,1773102802.6057372,2026-03-10T01:33:22.605747,0.3676407933235168,0.467642992734909,Llama-3.3-70B-Instruct,70000000000,code,1865,93
"code: Explain what this code does:
def function_80(x): return x * 2",1.3,492,1773102854.0107074,2026-03-10T01:34:14.010727,0.3620094358921051,0.4603312313556671,Llama-3.3-70B-Instruct,70000000000,code,1866,93
news: So I returned to the IP address and was presented with a login screen.,1.3,494,1773102905.234233,2026-03-10T01:35:05.234243,0.3443100154399872,0.4385756552219391,Llama-3.3-70B-Instruct,70000000000,news,1867,93
"wiki: In the southern Gulf coast, snowfall is less frequent, sometimes going several years without any snowfall.",1.3,488,1773102940.9671946,2026-03-10T01:35:40.967205,0.3501008749008178,0.451581209897995,Llama-3.3-70B-Instruct,70000000000,wiki,1868,93
"wiki: In 1954, the U.S. Supreme Court ruled in Brown v. Board of Education that public schools had to be desegregated, but Alabama was slow to comply.",1.3,472,1773102992.595384,2026-03-10T01:36:32.595394,0.3332920968532562,0.4497628808021545,Llama-3.3-70B-Instruct,70000000000,wiki,1869,93
"code: Explain what this code does:
def function_78(x): return x * 2",1.3,492,1773103043.9067712,2026-03-10T01:37:23.906782,0.3665587902069092,0.4663995206356048,Llama-3.3-70B-Instruct,70000000000,code,1870,93
wiki: Robert Paul Wolff believed that the tension between authority and autonomy would mean the state could never be legitimate.,1.3,489,1773103095.2195191,2026-03-10T01:38:15.219530,0.3429321944713592,0.442423015832901,Llama-3.3-70B-Instruct,70000000000,wiki,1871,93
fiction: How many times does Earth rotate on its axis in one day? (Answer: A),1.3,491,1773103110.7716749,2026-03-10T01:38:30.771697,0.3499132394790649,0.4488231539726257,Llama-3.3-70B-Instruct,70000000000,fiction,1872,93
"code: Explain what this code does:
def function_38(x): return x * 2",1.3,492,1773103162.0566244,2026-03-10T01:39:22.056629,0.3628932535648346,0.462064266204834,Llama-3.3-70B-Instruct,70000000000,code,1873,93
"code: Explain what this code does:
def function_9(x): return x * 2",1.3,492,1773103213.492791,2026-03-10T01:40:13.492800,0.3713155388832092,0.4719730615615845,Llama-3.3-70B-Instruct,70000000000,code,1874,93
"code: Explain what this code does:
def function_26(x): return x * 2",1.3,492,1773103265.1136708,2026-03-10T01:41:05.113675,0.3692884445190429,0.4696035385131836,Llama-3.3-70B-Instruct,70000000000,code,1875,93
fiction: Which of the following statements best explains why magnets usually stick to a refrigerator door? (Answer: B),1.3,488,1773103316.4590943,2026-03-10T01:41:56.459099,0.3391826748847961,0.4382462501525879,Llama-3.3-70B-Instruct,70000000000,fiction,1876,93
"wiki: Other spellings of the name have included Alibamu, Alabamo, Albama, Alebamon, Alibama, Alibamou, Alabamu, Allibamou.",1.3,468,1773103368.4640129,2026-03-10T01:42:48.464023,0.332954853773117,0.4532769024372101,Llama-3.3-70B-Instruct,70000000000,wiki,1877,93
"news: Starbucks in hand, they discuss their mutual love of food (particularly pasta and Japanese curry), the story behind the Cindy nickname and what it's like picking up contemporary choreography versus classical.",1.3,472,1773103420.164308,2026-03-10T01:43:40.164318,0.3198131024837494,0.4336610436439514,Llama-3.3-70B-Instruct,70000000000,news,1878,93
wiki: The available evidence does not rule out the possibility that autism's true prevalence has increased; a real increase would suggest directing more attention and funding toward psychosocial factors and changing environmental factors instead of continuing to focus on genetics.,1.3,465,1773103472.22607,2026-03-10T01:44:32.226079,0.319776713848114,0.4416211545467376,Llama-3.3-70B-Instruct,70000000000,wiki,1879,93
fiction: Which would a scientist use in trying to model the cause of planetary years? (Answer: D),1.3,489,1773103523.8746772,2026-03-10T01:45:23.874695,0.3471374213695526,0.4477165043354034,Llama-3.3-70B-Instruct,70000000000,fiction,1880,94
"fiction: In living things, smaller substances are linked to make up larger substances. Which of the following correctly describes a larger substance made by linking smaller substances? (Answer: A)",1.3,475,1773103575.3414617,2026-03-10T01:46:15.341472,0.3421081900596618,0.4566253423690796,Llama-3.3-70B-Instruct,70000000000,fiction,1881,94
"code: Explain what this code does:
def function_52(x): return x * 2",1.3,492,1773103626.6711254,2026-03-10T01:47:06.671136,0.3690880835056305,0.4691619277000427,Llama-3.3-70B-Instruct,70000000000,code,1882,94
"wiki: Authority ultimately rests solely on power, regardless of whether that power is open or transparent, as it still has the ability to coerce people.",1.3,482,1773103678.2398655,2026-03-10T01:47:58.239876,0.3194858133792877,0.4219818413257599,Llama-3.3-70B-Instruct,70000000000,wiki,1883,94
"code: Explain what this code does:
def function_96(x): return x * 2",1.3,492,1773103729.4440663,2026-03-10T01:48:49.444077,0.3686682879924774,0.4688451886177063,Llama-3.3-70B-Instruct,70000000000,code,1884,94
"wiki: More than half of US children diagnosed with ASD are prescribed psychoactive drugs or anticonvulsants, with the most common drug classes being antidepressants, stimulants, and antipsychotics.",1.3,468,1773103781.232011,2026-03-10T01:49:41.232022,0.3206157088279724,0.4395178854465484,Llama-3.3-70B-Instruct,70000000000,wiki,1885,94
fiction: In which taxonomic group are organisms found that share the characteristic of storing hereditary material in a single loop of DNA? (Answer: A),1.3,480,1773103832.8981383,2026-03-10T01:50:32.898147,0.3508000671863556,0.462822824716568,Llama-3.3-70B-Instruct,70000000000,fiction,1886,94
"news: The white male with them was identified as Charles Edward Sinard, age 39, a transient.",1.3,489,1773103884.1888554,2026-03-10T01:51:24.188864,0.3340514898300171,0.4339719116687774,Llama-3.3-70B-Instruct,70000000000,news,1887,94
"code: Explain what this code does:
def function_11(x): return x * 2",1.3,492,1773103935.3922148,2026-03-10T01:52:15.392227,0.3631686568260193,0.4639636874198913,Llama-3.3-70B-Instruct,70000000000,code,1888,94
fiction: Rubbing sandpaper on a piece of wood produces what two types of energy? (Answer: B),1.3,488,1773103986.7206528,2026-03-10T01:53:06.720663,0.3434625267982483,0.4451180100440979,Llama-3.3-70B-Instruct,70000000000,fiction,1889,94
"wiki: Its name in English is a (pronounced ), plural aes.",1.3,496,1773104038.106014,2026-03-10T01:53:58.106032,0.3517984747886657,0.4459767639636993,Llama-3.3-70B-Instruct,70000000000,wiki,1890,94
"news: It's not a story ballet per say, but there is a story from beginning to end.",1.3,490,1773104089.3653626,2026-03-10T01:54:49.365373,0.3343652188777923,0.4335473179817199,Llama-3.3-70B-Instruct,70000000000,news,1891,94
"wiki: This entails that liberty and equality cannot be implemented within the state, resulting in the questioning of all forms of domination and hierarchy.",1.3,484,1773104140.8038735,2026-03-10T01:55:40.803882,0.3366478085517883,0.4413216412067413,Llama-3.3-70B-Instruct,70000000000,wiki,1892,94
"wiki: CDC estimates about 1 out of 59 (1.7%) for 2014, an increase from 1 out of every 68 children (1.5%) for 2010.",1.3,469,1773104192.5912046,2026-03-10T01:56:32.591217,0.326219767332077,0.4447954297065735,Llama-3.3-70B-Instruct,70000000000,wiki,1893,94
"code: Explain what this code does:
def function_97(x): return x * 2",1.3,492,1773104244.021443,2026-03-10T01:57:24.021451,0.364522635936737,0.4642433822154999,Llama-3.3-70B-Instruct,70000000000,code,1894,94
"wiki: In the last decades of the 20th and into the 21st century, the anarchist movement has been resurgent once more.",1.3,482,1773104295.370393,2026-03-10T01:58:15.370403,0.3325895071029663,0.4378947019577026,Llama-3.3-70B-Instruct,70000000000,wiki,1895,94
"news: ""One of the easiest ways to breach a company is to put somebody on the janitorial staff and go looking at desks,"" Rickard said.",1.3,479,1773104346.841059,2026-03-10T01:59:06.841070,0.3213404715061188,0.4267130196094513,Llama-3.3-70B-Instruct,70000000000,news,1896,94
wiki: The authors concluded that a longer duration of the diet may be necessary to achieve the improvement of the ASD symptoms.,1.3,487,1773104398.081901,2026-03-10T01:59:58.081911,0.3237926065921783,0.4229581952095032,Llama-3.3-70B-Instruct,70000000000,wiki,1897,94
"wiki: There are many anecdotal reports, but few systematic studies, of aggression and violence in individuals with ASD.",1.3,488,1773104449.3140388,2026-03-10T02:00:49.314049,0.3569453358650207,0.4600012600421905,Llama-3.3-70B-Instruct,70000000000,wiki,1898,94
wiki: The judiciary is responsible for interpreting the Constitution of Alabama and applying the law in state criminal and civil cases.,1.3,488,1773104500.5956633,2026-03-10T02:01:40.595673,0.354608803987503,0.4568676352500915,Llama-3.3-70B-Instruct,70000000000,wiki,1899,94
wiki: It is used to define scattering of electromagnetic waves on small particles.,1.3,496,1773104551.877187,2026-03-10T02:02:31.877197,0.3654603958129883,0.4613010883331299,Llama-3.3-70B-Instruct,70000000000,wiki,1900,95
"news: Former Royal Danish Ballet artistic director Frank Andersen has been a guest teacher at the school since 2002, and was awarded a professorship in 2012.",1.3,477,1773104603.613418,2026-03-10T02:03:23.613428,0.3395867049694061,0.4518264532089233,Llama-3.3-70B-Instruct,70000000000,news,1901,95
wiki: Masking may include making oneself perform normative facial expressions and eye contact.,1.3,494,1773104654.9267666,2026-03-10T02:04:14.926777,0.3590962886810303,0.4562161266803741,Llama-3.3-70B-Instruct,70000000000,wiki,1902,95
wiki: This line of arguments most often calls for political action within the system to reform it.,1.3,492,1773104706.2427256,2026-03-10T02:05:06.242758,0.3407857716083526,0.4386283755302429,Llama-3.3-70B-Instruct,70000000000,wiki,1903,95
news: There are two key differences between SAR requests made under the Data Privacy Act and those made under GDPR: The cost and time frame.,1.3,483,1773104757.7712166,2026-03-10T02:05:57.771244,0.3463106453418731,0.4521995782852173,Llama-3.3-70B-Instruct,70000000000,news,1904,95
news: A BOLO was put out to local law enforcement on the vehicles.,1.3,495,1773104809.2915378,2026-03-10T02:06:49.291549,0.3501751720905304,0.446514219045639,Llama-3.3-70B-Instruct,70000000000,news,1905,95
"news: Stage Time Performance is the most important aspect of BDA students' professional development, with annual productions featuring classical ballets, contemporary works and student choreography.",1.3,478,1773104859.35889,2026-03-10T02:07:39.358915,0.3258265554904938,0.433117151260376,Llama-3.3-70B-Instruct,70000000000,news,1906,95
"news: NBoC's new work, titled Frame by Frame, will run June 1-10 in Toronto.",1.3,487,1773104910.6846735,2026-03-10T02:08:30.684699,0.352592408657074,0.4562128186225891,Llama-3.3-70B-Instruct,70000000000,news,1907,95
wiki: The glint of light off water is a commonplace effect of this.,1.3,495,1773104962.0639358,2026-03-10T02:09:22.063949,0.3393930792808532,0.4331973493099212,Llama-3.3-70B-Instruct,70000000000,wiki,1908,95
"wiki: Alabama has been identified as one of the most religious states in the United States, with about 58% of the population attending church regularly.",1.3,481,1773105013.7977762,2026-03-10T02:10:13.797798,0.3510439693927765,0.4610144197940826,Llama-3.3-70B-Instruct,70000000000,wiki,1909,95
wiki: Variants also existed that were intermediate between the monumental and cursive styles.,1.3,494,1773105065.2436724,2026-03-10T02:11:05.243763,0.3579286932945251,0.455631285905838,Llama-3.3-70B-Instruct,70000000000,wiki,1910,95
wiki: Anti-capitalism Anti-fascism Economic ideologies Left-wing politics Libertarian socialism Libertarianism Political culture Political movements Political ideologies Social theories Socialism Far-left politics,1.3,480,1773105116.688701,2026-03-10T02:11:56.688714,0.3182084858417511,0.4252278804779053,Llama-3.3-70B-Instruct,70000000000,wiki,1911,95
"code: Explain what this code does:
def function_71(x): return x * 2",1.3,492,1773105168.0711863,2026-03-10T02:12:48.071211,0.362348347902298,0.4617713391780853,Llama-3.3-70B-Instruct,70000000000,code,1912,95
"wiki: Sexual violence was a concern for anarchists such as Benjamin Tucker, who opposed age of consent laws, believing they would benefit predatory men.",1.3,483,1773105219.4932249,2026-03-10T02:13:39.493239,0.3307378590106964,0.4334407150745392,Llama-3.3-70B-Instruct,70000000000,wiki,1913,95
"wiki: Typically, autism cannot be traced to a Mendelian (single-gene) mutation or to a single chromosome abnormality, and none of the genetic syndromes associated with ASDs have been shown to selectively cause ASD.",1.3,465,1773105271.1527052,2026-03-10T02:14:31.152726,0.3298522531986236,0.4531500935554504,Llama-3.3-70B-Instruct,70000000000,wiki,1914,95
"code: Explain what this code does:
def function_74(x): return x * 2",1.3,492,1773105322.524913,2026-03-10T02:15:22.524940,0.3629185259342193,0.4618765115737915,Llama-3.3-70B-Instruct,70000000000,code,1915,95
news: Demarko Johnson and Johnathan Johnson were able to find McNeight at a gas station at Magnolia Beach Road and Thomas Drive.,1.3,481,1773105374.009629,2026-03-10T02:16:14.009641,0.3284080028533935,0.434838593006134,Llama-3.3-70B-Instruct,70000000000,news,1916,95
"wiki: In May 2013, the DSM-5 was released, updating the classification for pervasive developmental disorders.",1.3,488,1773105425.3555994,2026-03-10T02:17:05.355613,0.3488261103630066,0.4509101510047912,Llama-3.3-70B-Instruct,70000000000,wiki,1917,95
"code: Explain what this code does:
def function_98(x): return x * 2",1.3,492,1773105476.92867,2026-03-10T02:17:56.928694,0.3655779361724853,0.4654307067394256,Llama-3.3-70B-Instruct,70000000000,code,1918,95
"wiki: While part of the same large language family, the Muskogee tribes developed distinct cultures and languages.",1.3,489,1773105528.2100322,2026-03-10T02:18:48.210044,0.3574727475643158,0.4596075415611267,Llama-3.3-70B-Instruct,70000000000,wiki,1919,95
news: The AWS Certified Security - Specialty Exam is now available to those who hold either an Associate or Cloud Practitioner certification from AWS.,1.3,484,1773105579.769511,2026-03-10T02:19:39.769527,0.3491870760917663,0.4550279676914215,Llama-3.3-70B-Instruct,70000000000,news,1920,96
wiki: Anarchism pays significant attention to moral arguments since ethics have a central role in anarchist philosophy.,1.3,490,1773105631.075625,2026-03-10T02:20:31.075638,0.34943687915802,0.4489524662494659,Llama-3.3-70B-Instruct,70000000000,wiki,1921,96
"wiki: Despite African Americans making up a significant minority in the state, they had been unable to elect any representatives in most of the at-large jurisdictions.",1.3,481,1773105682.690353,2026-03-10T02:21:22.690366,0.3328802287578583,0.4391274750232696,Llama-3.3-70B-Instruct,70000000000,wiki,1922,96
"wiki: Epidemiology  As of 2007, reviews estimate a prevalence of 1–2 per 1,000 for autism and close to 6 per 1,000 for ASD.",1.3,471,1773105734.6433992,2026-03-10T02:22:14.643412,0.3278439342975616,0.4439730048179626,Llama-3.3-70B-Instruct,70000000000,wiki,1923,96
"news: Stay informed, click here to subscribe to the TechRepublic Cloud Insights newsletter.",1.3,494,1773105786.2220464,2026-03-10T02:23:06.222061,0.3553716540336609,0.4513128995895386,Llama-3.3-70B-Instruct,70000000000,news,1924,96
"wiki: The Hunt Refining Company, a subsidiary of Hunt Consolidated, Inc., is based in Tuscaloosa and operates a refinery there.",1.3,481,1773105837.670098,2026-03-10T02:23:57.670112,0.3479400873184204,0.4567687511444092,Llama-3.3-70B-Instruct,70000000000,wiki,1925,96
"news: James Dean Riles, the other transient, was unable to cash his fraudulent check at the first bank, and was taken by Clarence Suggs and Reginald Hughes to a second bank where he was successful.",1.3,466,1773105889.6326149,2026-03-10T02:24:49.632628,0.2970613837242126,0.413886547088623,Llama-3.3-70B-Instruct,70000000000,news,1926,96
"wiki: NASA's Marshall Space Flight Center in Huntsville would help Alabama's economic growth in the mid-to-late 20th century, by developing an aerospace industry.",1.3,477,1773105941.2019472,2026-03-10T02:25:41.201960,0.3463572263717651,0.4599993228912353,Llama-3.3-70B-Instruct,70000000000,wiki,1927,96
"code: Explain what this code does:
def function_25(x): return x * 2",1.3,492,1773105992.5134587,2026-03-10T02:26:32.513472,0.3635950684547424,0.463927298784256,Llama-3.3-70B-Instruct,70000000000,code,1928,96
"news: That's how SFB describes their upcoming tribute to Jerome Robbins, March 20-25.",1.3,490,1773106043.8181324,2026-03-10T02:27:23.818146,0.360057383775711,0.4606715440750122,Llama-3.3-70B-Instruct,70000000000,news,1929,96
"wiki: Their values can differ significantly, which is a common source of confusion.",1.3,495,1773106095.1762009,2026-03-10T02:28:15.176214,0.3590932786464691,0.4559217989444732,Llama-3.3-70B-Instruct,70000000000,wiki,1930,96
news: 1.,1.3,506,1773106146.2351198,2026-03-10T02:29:06.235134,0.3638139963150024,0.4499035775661468,Llama-3.3-70B-Instruct,70000000000,news,1931,96
"wiki: Bryant–Denny Stadium is the home of the Alabama football team, and has a seating capacity of 101,821, and is the fifth largest stadium in America.",1.3,475,1773106197.728913,2026-03-10T02:29:57.728927,0.333054780960083,0.4462537169456482,Llama-3.3-70B-Instruct,70000000000,wiki,1932,96
"wiki: Construction of an Airbus A320 family aircraft assembly plant in Mobile was formally announced by Airbus CEO Fabrice Brégier from the Mobile Convention Center on July 2, 2012.",1.3,472,1773106249.234207,2026-03-10T02:30:49.234220,0.332783579826355,0.4491752386093139,Llama-3.3-70B-Instruct,70000000000,wiki,1933,96
"news: Additionally, compliance and security whitepapers will also help prepare would-be test takers.",1.3,492,1773106300.631981,2026-03-10T02:31:40.631995,0.3466875255107879,0.4440104067325592,Llama-3.3-70B-Instruct,70000000000,news,1934,96
news: The Bay County Sheriff’s Office announced the arrest of a local man on charges he committed sexual battery on a child.,1.3,486,1773106352.0782084,2026-03-10T02:32:32.078221,0.3481552600860595,0.4524464905261993,Llama-3.3-70B-Instruct,70000000000,news,1935,96
wiki: The current state constitution requires a voter referendum to raise property taxes.,1.3,496,1773106403.2449958,2026-03-10T02:33:23.245001,0.3617746233940124,0.4591169953346252,Llama-3.3-70B-Instruct,70000000000,wiki,1936,96
"wiki: At the end of the Roman Empire (5th century AD), several variants of the cursive minuscule developed through Western Europe.",1.3,482,1773106454.709847,2026-03-10T02:34:14.709860,0.3372273445129394,0.4427599906921386,Llama-3.3-70B-Instruct,70000000000,wiki,1937,96
"wiki: Maternal inflammatory and autoimmune diseases may damage fetal tissues, aggravating a genetic problem or damaging the nervous system.",1.3,487,1773106506.332985,2026-03-10T02:35:06.332998,0.3460995852947235,0.451631098985672,Llama-3.3-70B-Instruct,70000000000,wiki,1938,96
"wiki: In some years, it imposes more death sentences than does Texas, a state which has a population five times larger.",1.3,486,1773106557.6072185,2026-03-10T02:35:57.607231,0.3401755094528198,0.4433950185775757,Llama-3.3-70B-Instruct,70000000000,wiki,1939,96
"news: It's part of my individuality,'"" he said.",1.3,498,1773106608.7698462,2026-03-10T02:36:48.769860,0.3468796610832214,0.438350647687912,Llama-3.3-70B-Instruct,70000000000,news,1940,97
"wiki: By 1941 more Whites than Blacks had been disenfranchised: 600,000 to 520,000.",1.3,484,1773106660.0165272,2026-03-10T02:37:40.016541,0.3358179628849029,0.4397960603237152,Llama-3.3-70B-Instruct,70000000000,wiki,1941,97
"wiki: Water ports of Alabama, listed from north to south:  See also   Index of Alabama-related articles  Outline of Alabama—organized list of topics about Alabama  Notes  References  Further reading   Atkins, Leah Rawls, Wayne Flynt, William Warren Rogers, and David Ward.",1.3,452,1773106711.7138758,2026-03-10T02:38:31.713889,0.3217581808567047,0.4604075253009796,Llama-3.3-70B-Instruct,70000000000,wiki,1942,97
"news: The partnership is known for creatively intersecting design and dance; last summer they created a swimwear line based on Justin Peck costumes, and in November they presented their design-driven Nutcracker.",1.3,470,1773106763.166174,2026-03-10T02:39:23.166188,0.3082304894924164,0.4223117530345917,Llama-3.3-70B-Instruct,70000000000,news,1943,97
"news: The big takeaways for tech leaders: Qualcomm has unveiled the Snapdragon XR1 chip, which could bring high-quality AR and VR experiences to more users, at a lower cost.",1.3,474,1773106814.665442,2026-03-10T02:40:14.665456,0.3319786489009857,0.4452583193778991,Llama-3.3-70B-Instruct,70000000000,news,1944,97
wiki: The Etruscans brought the Greek alphabet to their civilization in the Italian Peninsula and left the letter unchanged.,1.3,487,1773106866.0952082,2026-03-10T02:41:06.095221,0.3530379235744476,0.4568191170692444,Llama-3.3-70B-Instruct,70000000000,wiki,1945,97
news: P A men's classical Chinese dance class.,1.3,500,1773106917.26983,2026-03-10T02:41:57.269844,0.3638503551483154,0.4552409648895263,Llama-3.3-70B-Instruct,70000000000,news,1946,97
"wiki: During and after World War II, Alabama grew as the state's economy diversified with new industries.",1.3,490,1773106968.5053782,2026-03-10T02:42:48.505392,0.3576908707618713,0.458224892616272,Llama-3.3-70B-Instruct,70000000000,wiki,1947,97
"fiction: Based on their locations in the periodic table, which element has chemical properties most similar to those of calcium, Ca? (Answer: A)",1.3,481,1773107019.8331044,2026-03-10T02:43:39.833117,0.3520344793796539,0.461737722158432,Llama-3.3-70B-Instruct,70000000000,fiction,1948,97
news: BDA does participate in exchange programs with ballet schools around the world.,1.3,495,1773107071.299082,2026-03-10T02:44:31.299096,0.3600841462612152,0.4553358256816864,Llama-3.3-70B-Instruct,70000000000,news,1949,97
wiki: Preempted diagnoses.,1.3,504,1773107122.427529,2026-03-10T02:45:22.427543,0.3726162910461426,0.4623362720012665,Llama-3.3-70B-Instruct,70000000000,wiki,1950,97
wiki: Many autistic individuals have been successful in their fields.,1.3,499,1773107173.7591493,2026-03-10T02:46:13.759171,0.3736649751663208,0.4666258096694946,Llama-3.3-70B-Instruct,70000000000,wiki,1951,97
"news: Photo by Paul Kolnik, Courtesy New York City Ballet.",1.3,497,1773107224.9120932,2026-03-10T02:47:04.912111,0.3456583023071289,0.4420390427112579,Llama-3.3-70B-Instruct,70000000000,news,1952,97
news: We had our first workshop four years ago.,1.3,500,1773107276.0077477,2026-03-10T02:47:56.007752,0.3527370393276214,0.4445366561412811,Llama-3.3-70B-Instruct,70000000000,news,1953,97
"fiction: A scientist put several different plants in a sealed container. Every hour, she checked the oxygen in the container to see if it changed. How did the oxygen in the container most likely change? (Answer: A)",1.3,466,1773107327.5965662,2026-03-10T02:48:47.596571,0.3400511741638183,0.4650806486606598,Llama-3.3-70B-Instruct,70000000000,fiction,1954,97
fiction: Which of these is an example of liquid water? (Answer: C),1.3,494,1773107378.8227315,2026-03-10T02:49:38.822740,0.3651266396045685,0.4629859328269958,Llama-3.3-70B-Instruct,70000000000,fiction,1955,97
"news: During the first round, the final screen was blank.",1.3,498,1773107429.8458936,2026-03-10T02:50:29.845906,0.3420203328132629,0.4367288947105407,Llama-3.3-70B-Instruct,70000000000,news,1956,97
"news: I approached him about doing a different project a long time ago, and he said ""well, maybe that's not the correct project.""",1.3,482,1773107481.241074,2026-03-10T02:51:21.241079,0.3289297223091125,0.4337000250816345,Llama-3.3-70B-Instruct,70000000000,news,1957,97
"wiki: Although popularly used as an alternative treatment for autistic people, as of 2018 there is no good evidence to recommend a gluten- and casein-free diet as a standard treatment.",1.3,472,1773107532.7610445,2026-03-10T02:52:12.761050,0.3257550895214081,0.4413279294967651,Llama-3.3-70B-Instruct,70000000000,wiki,1958,97
fiction: An astronomer is studying two stars that are the same distance from Earth. Star X appears brighter than star Y. Which statement best explains this observation? (Answer: A),1.3,474,1773107584.2498024,2026-03-10T02:53:04.249820,0.3431734144687652,0.4593662321567535,Llama-3.3-70B-Instruct,70000000000,fiction,1959,97
"wiki: Of the parks and natural destinations, Alabama's Gulf Coast topped the list with 6,700,000 visitors.",1.3,486,1773107635.8969278,2026-03-10T02:53:55.896938,0.3506853580474853,0.4547566473484039,Llama-3.3-70B-Instruct,70000000000,wiki,1960,98
"code: Explain what this code does:
def function_4(x): return x * 2",1.3,492,1773107687.2860165,2026-03-10T02:54:47.286033,0.3678634166717529,0.4679645895957947,Llama-3.3-70B-Instruct,70000000000,code,1961,98
"wiki: Other members of the executive branch include the cabinet, the lieutenant governor of Alabama, the Attorney General of Alabama, the Alabama Secretary of State, the Alabama State Treasurer, and the State Auditor of Alabama.",1.3,469,1773107738.965244,2026-03-10T02:55:38.965259,0.3292345404624939,0.4484415352344513,Llama-3.3-70B-Instruct,70000000000,wiki,1962,98
"code: Explain what this code does:
def function_16(x): return x * 2",1.3,492,1773107790.3445976,2026-03-10T02:56:30.344606,0.365072637796402,0.4645266830921173,Llama-3.3-70B-Instruct,70000000000,code,1963,98
"code: Explain what this code does:
def function_55(x): return x * 2",1.3,492,1773107841.692732,2026-03-10T02:57:21.692737,0.3683679699897766,0.4686627984046936,Llama-3.3-70B-Instruct,70000000000,code,1964,98
"news: ""This is not Shakespeare's Midsummer,"" says Joffrey Ballet artistic director Ashley Wheater.",1.3,489,1773107893.0158684,2026-03-10T02:58:13.015879,0.3506347835063934,0.4518129229545593,Llama-3.3-70B-Instruct,70000000000,news,1965,98
"news: SEE: Virtual and augmented reality policy (Tech Pro Research) The XR1 features an ARM-based multi-core CPU, a vector processor, a GPU, and a dedicated AI engine for on-board processing.",1.3,469,1773107944.5944362,2026-03-10T02:59:04.594446,0.3229502141475677,0.440350204706192,Llama-3.3-70B-Instruct,70000000000,news,1966,98
"wiki: Health In 2018, life expectancy in Alabama was 75.1 years, below the national average of 78.7 years and is the third lowest life expectancy in the country.",1.3,471,1773107996.2181182,2026-03-10T02:59:56.218129,0.3326590061187744,0.4493468403816223,Llama-3.3-70B-Instruct,70000000000,wiki,1967,98
"wiki: In music, anarchism has been associated with music scenes such as punk.",1.3,494,1773108047.7182791,2026-03-10T03:00:47.718290,0.3601631820201874,0.4572360813617706,Llama-3.3-70B-Instruct,70000000000,wiki,1968,98
"wiki: Radar Albedos of Solar System Objects  The values reported for the Moon, Mercury, Mars, Venus, and Comet P/2005 JQ5 are derived from the total (OC+SC) radar albedo reported in those references.",1.3,460,1773108099.3290195,2026-03-10T03:01:39.329030,0.3111106753349304,0.4362964034080505,Llama-3.3-70B-Instruct,70000000000,wiki,1969,98
news: Each appliance is a single board computer (based on the Raspberry Pi).,1.3,495,1773108150.721955,2026-03-10T03:02:30.721965,0.3297898769378662,0.4209180176258087,Llama-3.3-70B-Instruct,70000000000,news,1970,98
wiki: Notes  The Talladega Superspeedway motorsports complex hosts a series of NASCAR events.,1.3,489,1773108201.9645126,2026-03-10T03:03:21.964522,0.3436848521232605,0.4439030885696411,Llama-3.3-70B-Instruct,70000000000,wiki,1971,98
news: Pei Yu learned Over Glow from Elo himself.,1.3,499,1773108253.2694032,2026-03-10T03:04:13.269413,0.3358695209026336,0.4259636700153351,Llama-3.3-70B-Instruct,70000000000,news,1972,98
"news: The notes were incomplete and difficult to read, yet Sergeyev persisted, and The Nutcracker made it to the stage.",1.3,484,1773108304.6724212,2026-03-10T03:05:04.672431,0.3335571885108948,0.4373459219932556,Llama-3.3-70B-Instruct,70000000000,news,1973,98
wiki: Rural workers poured into the largest cities in the state for better jobs and a higher standard of living.,1.3,489,1773108355.8921304,2026-03-10T03:05:55.892141,0.3363886475563049,0.4357917904853821,Llama-3.3-70B-Instruct,70000000000,wiki,1974,98
wiki: The Ceremonial Complex represents a major component of the religion of the Mississippian peoples; it is one of the primary means by which their religion is understood.,1.3,475,1773108407.287276,2026-03-10T03:06:47.287287,0.3288298547267914,0.4416296780109405,Llama-3.3-70B-Instruct,70000000000,wiki,1975,98
fiction: Four materials are put into small containers. These materials are then moved from the small containers into larger containers. Which material will spread out to completely fill a larger container? (Answer: A),1.3,471,1773108436.822631,2026-03-10T03:07:16.822636,0.3307615220546722,0.448740005493164,Llama-3.3-70B-Instruct,70000000000,fiction,1976,98
"wiki: After 1890, a coalition of White Democratic politicians passed laws to segregate and disenfranchise African American residents, a process completed in provisions of the 1901 constitution.",1.3,473,1773108488.3311243,2026-03-10T03:08:08.331134,0.3264742493629455,0.4412957429885864,Llama-3.3-70B-Instruct,70000000000,wiki,1977,98
"code: Explain what this code does:
def function_82(x): return x * 2",1.3,492,1773108539.5887654,2026-03-10T03:08:59.588776,0.3632963299751282,0.463747888803482,Llama-3.3-70B-Instruct,70000000000,code,1978,98
"wiki: Some anarchists distanced themselves from this line of thinking, suggesting that it leaned towards an individualism that was dropping the cause of social liberation.",1.3,481,1773108590.8521826,2026-03-10T03:09:50.852191,0.3216253519058227,0.4272189140319824,Llama-3.3-70B-Instruct,70000000000,wiki,1979,98
wiki: Some changes at the county level have occurred following court challenges to establish single-member districts that enable a more diverse representation among county boards.,1.3,483,1773108642.3319886,2026-03-10T03:10:42.331997,0.350947767496109,0.4597271978855133,Llama-3.3-70B-Instruct,70000000000,wiki,1980,99
"news: Data is money.""",1.3,505,1773108693.2417974,2026-03-10T03:11:33.241802,0.3587850928306579,0.445081889629364,Llama-3.3-70B-Instruct,70000000000,news,1981,99
fiction: Stars are organized into patterns called constellations. One constellation is named Leo. Which statement best explains why Leo appears in different areas of the sky throughout the year? (Answer: A),1.3,471,1773108744.6854568,2026-03-10T03:12:24.685465,0.3289031684398651,0.4452114701271057,Llama-3.3-70B-Instruct,70000000000,fiction,1982,99
fiction: Which is a nonrenewable resource? (Answer: A),1.3,495,1773108762.5232627,2026-03-10T03:12:42.523267,0.36044842004776,0.4563794732093811,Llama-3.3-70B-Instruct,70000000000,fiction,1983,99
wiki: Intellectual disability.,1.3,506,1773108813.3728807,2026-03-10T03:13:33.372889,0.3487130403518677,0.4336419105529785,Llama-3.3-70B-Instruct,70000000000,wiki,1984,99
"wiki: An estimated 26 million tourists visited the state in 2017 and spent $14.3 billion, providing directly or indirectly 186,900 jobs in the state, which includes 362,000 International tourists spending $589 million.",1.3,462,1773108864.9915884,2026-03-10T03:14:24.991600,0.3110666871070862,0.4342885017395019,Llama-3.3-70B-Instruct,70000000000,wiki,1985,99
"code: Explain what this code does:
def function_72(x): return x * 2",1.3,492,1773108916.2308085,2026-03-10T03:15:16.230819,0.3637479543685913,0.4636953771114349,Llama-3.3-70B-Instruct,70000000000,code,1986,99
"fiction: Students studying membranes conducted an experiment using labeled paper cups filled with varying concentrations of red food coloring. After the experiment, the cups were empty and stained. What should be done with used cups? (Answer: C)",1.3,466,1773108967.6894865,2026-03-10T03:16:07.689497,0.3076565265655517,0.4253388047218323,Llama-3.3-70B-Instruct,70000000000,fiction,1987,99
"code: Explain what this code does:
def function_75(x): return x * 2",1.3,492,1773109018.939637,2026-03-10T03:16:58.939647,0.3680396378040313,0.4688836634159088,Llama-3.3-70B-Instruct,70000000000,code,1988,99
wiki: A study following the burning of the Kuwaiti oil fields during Iraqi occupation showed that temperatures under the burning oil fires were as much as  colder than temperatures several miles away under clear skies.,1.3,472,1773109070.3857498,2026-03-10T03:17:50.385761,0.3044863939285278,0.4153541922569275,Llama-3.3-70B-Instruct,70000000000,wiki,1989,99
"wiki: Edmundson says that while the individual does not owe the state a duty of obedience, this does not imply that anarchism is the inevitable conclusion and the state is still morally legitimate.",1.3,473,1773109121.802559,2026-03-10T03:18:41.802568,0.3238134384155273,0.4378765821456909,Llama-3.3-70B-Instruct,70000000000,wiki,1990,99
"news: For example, one online retailer Rickard works with has many customers from the EU, but can't geolocate them from the website.",1.3,481,1773109173.2161293,2026-03-10T03:19:33.216139,0.3184559643268585,0.4224644303321838,Llama-3.3-70B-Instruct,70000000000,news,1991,99
wiki: The suffix -ism denotes the ideological current that favours anarchy.,1.3,495,1773109224.3749154,2026-03-10T03:20:24.374924,0.3486081063747406,0.442434698343277,Llama-3.3-70B-Instruct,70000000000,wiki,1992,99
"news: Balletomanes felt the work to be uneven, and lamented the lack of a main ballerina in the first act.",1.3,483,1773109271.650271,2026-03-10T03:21:11.650279,0.3294691145420074,0.4350557029247284,Llama-3.3-70B-Instruct,70000000000,news,1993,99
news: This can be especially overwhelming when you have a larger IT department and a staff working on numerous projects at once.,1.3,487,1773109322.9380171,2026-03-10T03:22:02.938029,0.3431665301322937,0.4454865157604217,Llama-3.3-70B-Instruct,70000000000,news,1994,99
fiction: Two elements in the same group on the Periodic Table of the Elements are most similar in their (Answer: D),1.3,485,1773109328.396252,2026-03-10T03:22:08.396256,0.3442762196063995,0.4486865699291229,Llama-3.3-70B-Instruct,70000000000,fiction,1995,99
"wiki: In 2018, Mobile's Mardi Gras parade was the state's top event, producing the most tourists with an attendance of 892,811.",1.3,477,1773109379.7605271,2026-03-10T03:22:59.760554,0.3381177186965942,0.4504067003726959,Llama-3.3-70B-Instruct,70000000000,wiki,1996,99
fiction: Which property of a mineral can be determined just by looking at it? (Answer: A),1.3,490,1773109431.3624809,2026-03-10T03:23:51.362501,0.358298659324646,0.4593475759029388,Llama-3.3-70B-Instruct,70000000000,fiction,1997,99
"news: Using the tag information, investigators were able to learn the two vehicles were rentals and eventually identified the four men from Atlanta.",1.3,485,1773109482.7746148,2026-03-10T03:24:42.774626,0.3292471170425415,0.432080864906311,Llama-3.3-70B-Instruct,70000000000,news,1998,99
"wiki: Individual symptoms of autism occur in the general population and appear not to associate highly, without a sharp line separating pathologically severe from common traits.",1.3,481,1773109534.2314594,2026-03-10T03:25:34.231485,0.3403114080429077,0.4486080110073089,Llama-3.3-70B-Instruct,70000000000,wiki,1999,99
wiki: Two common optical albedos that are used in astronomy are the (V-band) geometric albedo (measuring brightness when illumination comes from directly behind the observer) and the Bond albedo (measuring total proportion of electromagnetic energy reflected).,1.3,461,1773109586.3880968,2026-03-10T03:26:26.388107,0.3184470236301422,0.4444588124752044,Llama-3.3-70B-Instruct,70000000000,wiki,2000,100
news: Her undying passion for these pieces is incredibly inspiring.,1.3,498,1773109637.6120644,2026-03-10T03:27:17.612075,0.3536456823348999,0.4470729231834411,Llama-3.3-70B-Instruct,70000000000,news,2001,100
"wiki: They were followed by the major currents of social anarchism (collectivist, communist and syndicalist).",1.3,488,1773109688.9989653,2026-03-10T03:28:08.998975,0.3562607169151306,0.459002673625946,Llama-3.3-70B-Instruct,70000000000,wiki,2002,100
"code: Explain what this code does:
def function_92(x): return x * 2",1.3,492,1773109740.403855,2026-03-10T03:29:00.403864,0.3693570494651794,0.4697091281414032,Llama-3.3-70B-Instruct,70000000000,code,2003,100
news: I want to walk you through the installation of one such tool: Trac.,1.3,493,1773109791.7260504,2026-03-10T03:29:51.726059,0.3539526462554931,0.4514342546463012,Llama-3.3-70B-Instruct,70000000000,news,2004,100
"wiki: , Alabama has the sixth highest poverty rate among states in the U.S.",1.3,494,1773109842.938804,2026-03-10T03:30:42.938810,0.3648750782012939,0.462157666683197,Llama-3.3-70B-Instruct,70000000000,wiki,2005,100
"wiki: Of those who indicated a religious preference, 59% said they possessed a ""full understanding"" of their faith and needed no further learning.",1.3,481,1773109894.3409488,2026-03-10T03:31:34.340960,0.34666308760643,0.4562483727931976,Llama-3.3-70B-Instruct,70000000000,wiki,2006,100
"code: Explain what this code does:
def function_33(x): return x * 2",1.3,492,1773109945.624176,2026-03-10T03:32:25.624187,0.3699219226837158,0.4702336192131042,Llama-3.3-70B-Instruct,70000000000,code,2007,100
"code: Explain what this code does:
def function_57(x): return x * 2",1.3,492,1773109996.8769689,2026-03-10T03:33:16.876979,0.3667255938053131,0.4666043519973755,Llama-3.3-70B-Instruct,70000000000,code,2008,100
wiki: (A Birmingham city ordinance would have raised theirs to $10.10.),1.3,494,1773110048.1319947,2026-03-10T03:34:08.132005,0.3690654635429382,0.4693654179573059,Llama-3.3-70B-Instruct,70000000000,wiki,2009,100
"wiki: However, there are no correspondingly similar words in the Alabama language.",1.3,495,1773110099.332702,2026-03-10T03:34:59.332712,0.36395263671875,0.4631625413894653,Llama-3.3-70B-Instruct,70000000000,wiki,2010,100
fiction: The male insects in a population are treated to prevent sperm production. Would this reduce this insect population? (Answer: C),1.3,484,1773110150.67676,2026-03-10T03:35:50.676770,0.3375491201877594,0.441780686378479,Llama-3.3-70B-Instruct,70000000000,fiction,2011,100
"wiki: With the rise of organised hierarchical bodies, scepticism toward authority also rose.",1.3,494,1773110201.917127,2026-03-10T03:36:41.917137,0.3548318147659302,0.4513473212718963,Llama-3.3-70B-Instruct,70000000000,wiki,2012,100
fiction: George wants to warm his hands quickly by rubbing them. Which skin surface will produce the most heat? (Answer: A),1.3,484,1773110230.4532752,2026-03-10T03:37:10.453284,0.3475580811500549,0.4539061784744262,Llama-3.3-70B-Instruct,70000000000,fiction,2013,100
"wiki: However, the link to climate change has not been explored to date and it is unclear whether or not this represents an ongoing trend.",1.3,483,1773110281.8749475,2026-03-10T03:38:01.874953,0.332550436258316,0.4410227537155151,Llama-3.3-70B-Instruct,70000000000,wiki,2014,100
"wiki: There was also a cursive style used for everyday or utilitarian writing, which was done on more perishable surfaces.",1.3,485,1773110333.4378877,2026-03-10T03:38:53.437896,0.3403025269508362,0.4440704584121704,Llama-3.3-70B-Instruct,70000000000,wiki,2015,100
"code: Explain what this code does:
def function_2(x): return x * 2",1.3,492,1773110384.5840385,2026-03-10T03:39:44.584043,0.3576417863368988,0.4567015767097473,Llama-3.3-70B-Instruct,70000000000,code,2016,100
fiction: Why do areas in the middle of a large continent generally have more extreme differences in temperature than areas near the coastline? (Answer: D),1.3,481,1773110436.114782,2026-03-10T03:40:36.114787,0.3415210247039795,0.4507881700992584,Llama-3.3-70B-Instruct,70000000000,fiction,2017,100
news: Many thought that the story was too light compared to historically based stories.,1.3,495,1773110487.208452,2026-03-10T03:41:27.208464,0.3353898525238037,0.4306845366954803,Llama-3.3-70B-Instruct,70000000000,news,2018,100
"wiki: In contemporary anarchism, this current survives as a tendency to support polyamory and queer anarchism.",1.3,488,1773110538.402174,2026-03-10T03:42:18.402182,0.3533843755722046,0.4572955369949341,Llama-3.3-70B-Instruct,70000000000,wiki,2019,100
"wiki: The grouping of disorders, including PDD-NOS, autism, Asperger syndrome, Rett syndrome, and CDD, has been removed and replaced with the general term of Autism Spectrum Disorders.",1.3,469,1773110590.0018792,2026-03-10T03:43:10.001890,0.3233767449855804,0.4423523843288421,Llama-3.3-70B-Instruct,70000000000,wiki,2020,101
news: Pro tip: The heel is centered under the body so you can feel confident and stable!,1.3,491,1773110641.2029808,2026-03-10T03:44:01.202992,0.3597997725009918,0.4624410569667816,Llama-3.3-70B-Instruct,70000000000,news,2021,101
wiki: The Alabama Alcoholic Beverage Control Board controls the sale and distribution of alcoholic beverages in the state.,1.3,490,1773110692.3257596,2026-03-10T03:44:52.325771,0.3501386344432831,0.4498390257358551,Llama-3.3-70B-Instruct,70000000000,wiki,2022,101
"wiki: Numerous candidate genes have been located, with only small effects attributable to any particular gene.",1.3,492,1773110743.6857526,2026-03-10T03:45:43.685761,0.3598276972770691,0.459830105304718,Llama-3.3-70B-Instruct,70000000000,wiki,2023,101
news: The dancers currently have little information about the search process and plans to move forward.,1.3,493,1773110794.9908645,2026-03-10T03:46:34.990877,0.3545241057872772,0.451921284198761,Llama-3.3-70B-Instruct,70000000000,news,2024,101
fiction: What do earthquakes tell scientists about the history of the planet? (Answer: B),1.3,492,1773110846.1785035,2026-03-10T03:47:26.178512,0.3662466406822204,0.4661911725997925,Llama-3.3-70B-Instruct,70000000000,fiction,2025,101
wiki: This coincided with its failure to gain traction in Northern Europe and its unprecedented height in Latin America.,1.3,489,1773110897.4198318,2026-03-10T03:48:17.419842,0.3453030288219452,0.4509714245796203,Llama-3.3-70B-Instruct,70000000000,wiki,2026,101
fiction: Puddles on a sidewalk are evaporating quickly. What most likely causes the puddles to evaporate? (Answer: A),1.3,482,1773110916.6179438,2026-03-10T03:48:36.617949,0.3526199162006378,0.4622039496898651,Llama-3.3-70B-Instruct,70000000000,fiction,2027,101
news: After almost 20 years there are countless things.,1.3,499,1773110967.4921105,2026-03-10T03:49:27.492119,0.3295464515686035,0.4235353171825409,Llama-3.3-70B-Instruct,70000000000,news,2028,101
"wiki: In Alabama, majority-white districts are now expected to regularly elect Republican candidates to federal, state and local office.",1.3,487,1773111018.8437142,2026-03-10T03:50:18.843725,0.3588575422763824,0.463386207818985,Llama-3.3-70B-Instruct,70000000000,wiki,2029,101
fiction: What characteristic of DNA results in cell differentiation in developing embryos? (Answer: C),1.3,492,1773111070.0942266,2026-03-10T03:51:10.094237,0.3517786264419555,0.4499135911464691,Llama-3.3-70B-Instruct,70000000000,fiction,2030,101
"wiki: The total effects were greater on the black community, as almost all its citizens were disfranchised and relegated to separate and unequal treatment under the law.",1.3,479,1773111121.510378,2026-03-10T03:52:01.510388,0.3284554183483124,0.4389917552471161,Llama-3.3-70B-Instruct,70000000000,wiki,2031,101
wiki: The current governor is Republican Kay Ivey.,1.3,500,1773111172.6316605,2026-03-10T03:52:52.631671,0.3704769313335418,0.462660402059555,Llama-3.3-70B-Instruct,70000000000,wiki,2032,101
wiki: Contemporary news coverage which emphasizes black bloc demonstrations has reinforced anarchism's historical association with chaos and violence.,1.3,489,1773111223.8969846,2026-03-10T03:53:43.896998,0.3387205302715301,0.4393885433673858,Llama-3.3-70B-Instruct,70000000000,wiki,2033,101
"fiction: In a food pyramid, which best explains why the number of organisms decreases from one trophic level to the next? (Answer: B)",1.3,480,1773111275.1759198,2026-03-10T03:54:35.175933,0.3522490262985229,0.4640208184719085,Llama-3.3-70B-Instruct,70000000000,fiction,2034,101
"news: Snowflakes of the original cast, ""The Nutcracker"" at the Mariinsky Theatre, 1892.",1.3,485,1773111326.5541265,2026-03-10T03:55:26.554140,0.349886953830719,0.4560607373714447,Llama-3.3-70B-Instruct,70000000000,news,2035,101
fiction: The following mathematical expressions represent four different concentrations of a chemical solution to be used in a science experiment. Which one is equal in magnitude to 1/1000? (Answer: C),1.3,471,1773111377.9888687,2026-03-10T03:56:17.988881,0.3402242660522461,0.4591898620128631,Llama-3.3-70B-Instruct,70000000000,fiction,2036,101
wiki: No babbling by 12 months.,1.3,501,1773111428.9840856,2026-03-10T03:57:08.984099,0.3674447238445282,0.4589673280715942,Llama-3.3-70B-Instruct,70000000000,wiki,2037,101
"code: Explain what this code does:
def function_56(x): return x * 2",1.3,492,1773111480.1694016,2026-03-10T03:58:00.169415,0.3592322766780853,0.4584256410598755,Llama-3.3-70B-Instruct,70000000000,code,2038,101
"code: Explain what this code does:
def function_36(x): return x * 2",1.3,492,1773111531.3622382,2026-03-10T03:58:51.362252,0.3741302490234375,0.4754762947559356,Llama-3.3-70B-Instruct,70000000000,code,2039,101
fiction: A chemical property of a mineral is evident if the mineral (Answer: 2),1.3,492,1773111582.7578504,2026-03-10T03:59:42.757864,0.3545529842376709,0.4528417587280273,Llama-3.3-70B-Instruct,70000000000,fiction,2040,102
"news: Sun Jie, a coach and men's teacher at BDA since 2008, explains how introducing works from Western choreographers has broadened the overall abilities of Chinese ballet dancers.",1.3,472,1773111634.3794377,2026-03-10T04:00:34.379452,0.33177649974823,0.4490513801574707,Llama-3.3-70B-Instruct,70000000000,news,2041,102
news: The victim was interviewed at Gulf Coast Children’s Advocacy Center.,1.3,496,1773111685.4357936,2026-03-10T04:01:25.435807,0.3447741568088531,0.43968066573143,Llama-3.3-70B-Instruct,70000000000,news,2042,102
"wiki: The Legislature is responsible for writing, debating, passing, or defeating state legislation.",1.3,493,1773111736.6405382,2026-03-10T04:02:16.640551,0.3617499768733978,0.4601507186889648,Llama-3.3-70B-Instruct,70000000000,wiki,2043,102
"news: ""It's not just a few ballet steps here and there; he asks you to fully engage with yourself, not only as a dancer but as an actor and a person.""",1.3,474,1773111788.1518035,2026-03-10T04:03:08.151817,0.3297506868839264,0.4455337226390838,Llama-3.3-70B-Instruct,70000000000,news,2044,102
"wiki: Alabama English is predominantly Southern, and is related to South Midland speech which was taken across the border from Tennessee.",1.3,486,1773111839.4648783,2026-03-10T04:03:59.464892,0.3549112379550934,0.4603364467620849,Llama-3.3-70B-Instruct,70000000000,wiki,2045,102
"news: The EU's General Data Protection Regulation (GDPR) went into effect in May, requiring all organizations that handle the data of EU citizens to comply with its provisions regarding collecting and using personal data.",1.3,470,1773111891.0421216,2026-03-10T04:04:51.042135,0.3176076710224151,0.4321127533912658,Llama-3.3-70B-Instruct,70000000000,news,2046,102
wiki: Autism rights or neurodiversity advocates believe that the autism spectrum is genetic and should be accepted as a natural expression of the human genome.,1.3,481,1773111942.5449464,2026-03-10T04:05:42.544960,0.3400211632251739,0.4474621117115021,Llama-3.3-70B-Instruct,70000000000,wiki,2047,102
news: The registration fee is $300.,1.3,502,1773111993.9399035,2026-03-10T04:06:33.939925,0.3516727089881897,0.4391294419765472,Llama-3.3-70B-Instruct,70000000000,news,2048,102
"news: This time around, everything went smoothly and I was able to log into the Gitstorage interface (Figure B).",1.3,487,1773112045.2395136,2026-03-10T04:07:25.239525,0.342588722705841,0.4440722167491913,Llama-3.3-70B-Instruct,70000000000,news,2049,102
"wiki: Unusual eating behavior occurs in about three-quarters of children with ASD, to the extent that it was formerly a diagnostic indicator.",1.3,484,1773112096.6145146,2026-03-10T04:08:16.614530,0.3335233330726623,0.4375666081905365,Llama-3.3-70B-Instruct,70000000000,wiki,2050,102
"news: Over the past two decades, Java has arguably been the most successful programming language on the planet.",1.3,490,1773112147.798628,2026-03-10T04:09:07.798641,0.347564697265625,0.4473690688610077,Llama-3.3-70B-Instruct,70000000000,news,2051,102
"wiki: The state legislature has retained power over local governments by refusing to pass a constitutional amendment establishing home rule for counties, as recommended by the 1973 Alabama Constitutional Commission.",1.3,476,1773112199.2065482,2026-03-10T04:09:59.206562,0.3251626491546631,0.4362785220146179,Llama-3.3-70B-Instruct,70000000000,wiki,2052,102
"wiki: The rural bias of the state legislature, which had also failed to redistrict seats in the state house, affected politics well into the 20th century, failing to recognize the rise of industrial cities and urbanized areas.",1.3,465,1773112250.7540286,2026-03-10T04:10:50.754042,0.307704895734787,0.4270784556865692,Llama-3.3-70B-Instruct,70000000000,wiki,2053,102
"wiki: Clouds keep Earth cool by reflecting sunlight, but they can also serve as blankets to trap warmth.""",1.3,489,1773112301.9836297,2026-03-10T04:11:41.983644,0.3450931310653686,0.4460779428482055,Llama-3.3-70B-Instruct,70000000000,wiki,2054,102
"wiki: Critics argue that Alabama's constitution maintains highly centralized power with the state legislature, leaving practically no power in local hands.",1.3,486,1773112353.216678,2026-03-10T04:12:33.216704,0.3540156185626983,0.4601846933364868,Llama-3.3-70B-Instruct,70000000000,wiki,2055,102
"code: Explain what this code does:
def function_76(x): return x * 2",1.3,492,1773112404.3813796,2026-03-10T04:13:24.381393,0.3598244488239288,0.4589677155017853,Llama-3.3-70B-Instruct,70000000000,code,2056,102
"wiki: Ferrer's approach was secular, rejecting both state and church involvement in the educational process whilst giving pupils large amounts of autonomy in planning their work and attendance.",1.3,478,1773112456.004372,2026-03-10T04:14:16.004384,0.3332856595516205,0.4427226483821869,Llama-3.3-70B-Instruct,70000000000,wiki,2057,102
"fiction: As part of an experiment, an astronaut takes a scale to the Moon and weighs himself. The scale reads 31 pounds. If the astronaut has a mass of about 84 kilograms, which are the approximate weight and mass of the astronaut when standing on the Earth? (Answer: D)",1.3,451,1773112507.7213936,2026-03-10T04:15:07.721409,0.3047890961170196,0.4393633902072906,Llama-3.3-70B-Instruct,70000000000,fiction,2058,102
"wiki: Since the mid- to late 20th century, however, white conservatives started shifting to the Republican Party.",1.3,487,1773112559.0288715,2026-03-10T04:15:59.028885,0.3574279248714447,0.4618212878704071,Llama-3.3-70B-Instruct,70000000000,wiki,2059,102
"news: 1892 ""Nutcracker"" costume sketch by Ivan Vsevolozhsky of the Sugar Plum Fairy's retinue.",1.3,482,1773112610.4668355,2026-03-10T04:16:50.466850,0.3390786647796631,0.4456849992275238,Llama-3.3-70B-Instruct,70000000000,news,2060,103
news: What parts of your life outside of ballet do you most look forward to cultivating now that you'll have more time on your hands?,1.3,483,1773112661.7121675,2026-03-10T04:17:41.712181,0.3519036769866943,0.4595655500888824,Llama-3.3-70B-Instruct,70000000000,news,2061,103
news: NYCB's Brittany Pollack and Chase Finlay in the grand pas de deux toe slide.,1.3,490,1773112712.8932052,2026-03-10T04:18:32.893218,0.348053902387619,0.4476383924484253,Llama-3.3-70B-Instruct,70000000000,news,2062,103
"code: Explain what this code does:
def function_40(x): return x * 2",1.3,492,1773112764.189104,2026-03-10T04:19:24.189117,0.3667584359645843,0.4664308428764343,Llama-3.3-70B-Instruct,70000000000,code,2063,103
"news: Some days you might not feel good about yourself, or things in your body might not be working well—every day is different.",1.3,483,1773112815.5261166,2026-03-10T04:20:15.526130,0.3354564011096954,0.4402053356170654,Llama-3.3-70B-Instruct,70000000000,news,2064,103
"code: Explain what this code does:
def function_20(x): return x * 2",1.3,492,1773112867.0788023,2026-03-10T04:21:07.078842,0.3699817061424255,0.4702886641025543,Llama-3.3-70B-Instruct,70000000000,code,2065,103
news: Could some of us be out of a job?,1.3,499,1773112918.2550807,2026-03-10T04:21:58.255098,0.3651619851589203,0.4579591155052185,Llama-3.3-70B-Instruct,70000000000,news,2066,103
"wiki: For instance, Birmingham and Jefferson County taxes had supplied one-third of the state budget, but Jefferson County received only 1/67th of state services in funding.",1.3,476,1773112969.790337,2026-03-10T04:22:49.790357,0.3329053521156311,0.4438893496990204,Llama-3.3-70B-Instruct,70000000000,wiki,2067,103
"wiki: In geometry, capital A, B, C etc.",1.3,498,1773113020.902597,2026-03-10T04:23:40.902614,0.3504850566387176,0.4420116245746612,Llama-3.3-70B-Instruct,70000000000,wiki,2068,103
wiki: European settlement  The Spanish were the first Europeans to reach Alabama during their exploration of North America in the 16th century.,1.3,484,1773113072.2562184,2026-03-10T04:24:32.256262,0.3531937599182129,0.4590127766132355,Llama-3.3-70B-Instruct,70000000000,wiki,2069,103
"fiction: Many common hand tools create a mechanical advantage by using the basic principles found in simple machines. For example, a screwdriver uses the principles of the wheel and axle. In order to increase gripping force, pliers use the principle demonstrated in the (Answer: B)",1.3,456,1773113124.1311386,2026-03-10T04:25:24.131151,0.3165303170681,0.4485324025154114,Llama-3.3-70B-Instruct,70000000000,fiction,2070,103
"news: The ethereal twinkling sound in the Sugar Plum Fairy's solo comes from the celesta, a rare instrument Tchaikovsky heard in France.",1.3,479,1773113175.6312716,2026-03-10T04:26:15.631281,0.3345124423503876,0.443693995475769,Llama-3.3-70B-Instruct,70000000000,news,2071,103
"wiki: They wrote another constitution in 1875, and the legislature passed the Blaine Amendment, prohibiting public money from being used to finance religious-affiliated schools.",1.3,478,1773113227.0151432,2026-03-10T04:27:07.015147,0.3366312086582184,0.447727769613266,Llama-3.3-70B-Instruct,70000000000,wiki,2072,103
"wiki: In the Sasanian Empire, Mazdak called for an egalitarian society and the abolition of monarchy, only to be soon executed by Emperor Kavad I.",1.3,476,1773113278.3953898,2026-03-10T04:27:58.395394,0.3311479687690735,0.4424986541271209,Llama-3.3-70B-Instruct,70000000000,wiki,2073,103
"wiki: Functional friendships, such as those resulting in invitations to parties, may affect the quality of life more deeply.",1.3,488,1773113329.7107022,2026-03-10T04:28:49.710708,0.3423534333705902,0.4443936645984649,Llama-3.3-70B-Instruct,70000000000,wiki,2074,103
"wiki: Because light specularly reflected from water does not usually reach the viewer, water is usually considered to have a very low albedo in spite of its high reflectivity at high angles of incident light.",1.3,470,1773113381.3268735,2026-03-10T04:29:41.326884,0.3277484774589538,0.4452343285083771,Llama-3.3-70B-Instruct,70000000000,wiki,2075,103
"wiki: As it appeals to both emotion and reason, art could appeal to the whole human and have a powerful effect.",1.3,487,1773113432.9181738,2026-03-10T04:30:32.918184,0.3319056630134582,0.4323218464851379,Llama-3.3-70B-Instruct,70000000000,wiki,2076,103
"wiki: In addition, Alabama produces aerospace and electronic products, mostly in the Huntsville area, the location of NASA's George C. Marshall Space Flight Center and the U.S. Army Materiel Command, headquartered at Redstone Arsenal.",1.3,464,1773113484.5822425,2026-03-10T04:31:24.582252,0.3201749324798584,0.4433520138263702,Llama-3.3-70B-Instruct,70000000000,wiki,2077,103
"wiki: Through many countries, individualist anarchism attracted a small yet diverse following of Bohemian artists and intellectuals as well as young anarchist outlaws in what became known as illegalism and individual reclamation.",1.3,469,1773113536.221305,2026-03-10T04:32:16.221313,0.3249124884605407,0.4429336488246918,Llama-3.3-70B-Instruct,70000000000,wiki,2078,103
"code: Explain what this code does:
def function_77(x): return x * 2",1.3,492,1773113587.621614,2026-03-10T04:33:07.621624,0.372409462928772,0.4732245504856109,Llama-3.3-70B-Instruct,70000000000,code,2079,103
news: Dumas even cheered up the name of the protagonist.,1.3,498,1773113638.8174474,2026-03-10T04:33:58.817456,0.3546677529811859,0.4476633965969085,Llama-3.3-70B-Instruct,70000000000,news,2080,104
fiction: Cells are the basic unit of structure and function in all living organisms. Which describes the greatest difference between the cells of a baby gorilla and the cells of an adult gorilla? (Answer: A),1.3,468,1773113690.324261,2026-03-10T04:34:50.324269,0.338791161775589,0.4612078070640564,Llama-3.3-70B-Instruct,70000000000,fiction,2081,104
"wiki: A total of 387 schools, seven teachers' houses, and several vocational buildings were completed by 1937 in the state.",1.3,483,1773113741.6444414,2026-03-10T04:35:41.644454,0.3232109844684601,0.4329294860363006,Llama-3.3-70B-Instruct,70000000000,wiki,2082,104
"wiki: Bakunin saw the state as meaning ""coercion, domination by means of coercion, camouflaged if possible but unceremonious and overt if need be.""",1.3,474,1773113793.1309435,2026-03-10T04:36:33.130954,0.3213344812393188,0.4348568916320801,Llama-3.3-70B-Instruct,70000000000,wiki,2083,104
"wiki: After bitter disputes, the Bakuninists were expelled from the International by the Marxists at the 1872 Hague Congress.",1.3,483,1773113844.6673946,2026-03-10T04:37:24.667405,0.3469975292682647,0.4534910321235657,Llama-3.3-70B-Instruct,70000000000,wiki,2084,104
"news: Investigators now believe that four black males came from Atlanta to the Destin area on October 1, 2017, and rented two vehicles.",1.3,480,1773113896.024928,2026-03-10T04:38:16.024938,0.3424200117588043,0.4513217806816101,Llama-3.3-70B-Instruct,70000000000,news,2085,104
wiki: Greater Birmingham is Alabama's largest metropolitan area and its economic center.,1.3,496,1773113918.5650167,2026-03-10T04:38:38.565026,0.3615244328975677,0.4563595950603485,Llama-3.3-70B-Instruct,70000000000,wiki,2086,104
fiction: A fold observed in layers of sedimentary rock most likely resulted from the (Answer: B),1.3,490,1773113931.375947,2026-03-10T04:38:51.375952,0.3566989302635193,0.4575331509113312,Llama-3.3-70B-Instruct,70000000000,fiction,2087,104
"fiction: In the carbon cycle, carbon moves from reservoir to reservoir as various organic and inorganic processes occur on Earth. Only a small percentage of the global carbon is moved in this cycle each year. The remaining carbon is stored in these reservoirs. Which reservoir contains the greatest amount of stored carbon? (Answer: D)",1.3,446,1773113983.3672016,2026-03-10T04:39:43.367214,0.2959454357624054,0.4335891604423523,Llama-3.3-70B-Instruct,70000000000,fiction,2088,104
news: San Francisco Ballet Honors Robbins Mysterious; romantic; witty; electrifying.,1.3,493,1773114034.6452966,2026-03-10T04:40:34.645301,0.3562704920768738,0.4529322981834411,Llama-3.3-70B-Instruct,70000000000,news,2089,104
"wiki: In two of the studies, whose duration was 12 and 24 months, a significant improvement in ASD symptoms (efficacy rate 50%) was identified.",1.3,476,1773114086.3358092,2026-03-10T04:41:26.335815,0.3131274878978729,0.420830100774765,Llama-3.3-70B-Instruct,70000000000,wiki,2090,104
fiction: Which geologic process most likely led to the uplifting of the Rocky Mountains? (Answer: C),1.3,489,1773114137.6343608,2026-03-10T04:42:17.634370,0.3403137326240539,0.4411525130271911,Llama-3.3-70B-Instruct,70000000000,fiction,2091,104
"news: Building a slide deck, pitch, or presentation?",1.3,499,1773114188.7565868,2026-03-10T04:43:08.756593,0.3720763921737671,0.4651778638362884,Llama-3.3-70B-Instruct,70000000000,news,2092,104
"wiki: Since a direct connection from I-22 to I-422 will not be possible, I-222 has been proposed, as well.",1.3,482,1773114240.199566,2026-03-10T04:44:00.199575,0.3286043405532837,0.4319379925727844,Llama-3.3-70B-Instruct,70000000000,wiki,2093,104
"code: Explain what this code does:
def function_65(x): return x * 2",1.3,492,1773114291.5452197,2026-03-10T04:44:51.545224,0.366635650396347,0.4669000208377838,Llama-3.3-70B-Instruct,70000000000,code,2094,104
"wiki: Unlike with autism, people with Asperger syndrome have no substantial delay in language development.",1.3,491,1773114342.8156288,2026-03-10T04:45:42.815633,0.3494088649749756,0.4476090669631958,Llama-3.3-70B-Instruct,70000000000,wiki,2095,104
"wiki: Anarchism's emphasis on anti-capitalism, egalitarianism, and for the extension of community and individuality sets it apart from anarcho-capitalism and other types of economic libertarianism.",1.3,469,1773114394.4544232,2026-03-10T04:46:34.454429,0.3235876858234405,0.4419221878051758,Llama-3.3-70B-Instruct,70000000000,wiki,2096,104
"wiki: The first anarchist currents developed throughout the 18th century as William Godwin espoused philosophical anarchism in England, morally delegitimising the state, Max Stirner's thinking paved the way to individualism and Pierre-Joseph Proudhon's theory of mutualism found fertile soil in France.",1.3,447,1773114446.8501403,2026-03-10T04:47:26.850151,0.2895598411560058,0.4252953827381134,Llama-3.3-70B-Instruct,70000000000,wiki,2097,104
"news: ""It's a kind of otherworldly dream,"" says Wheater.",1.3,494,1773114498.132785,2026-03-10T04:48:18.132795,0.3433287143707275,0.4392577409744262,Llama-3.3-70B-Instruct,70000000000,news,2098,104
"wiki: Alabama's 67 county sheriffs are elected in partisan, at-large races, and Democrats still retain the narrow majority of those posts.",1.3,482,1773114549.6173527,2026-03-10T04:49:09.617363,0.3313704431056976,0.4368269443511963,Llama-3.3-70B-Instruct,70000000000,wiki,2099,104
wiki: Both derive from the majuscule (capital) form.,1.3,497,1773114601.1916292,2026-03-10T04:50:01.191639,0.3664292693138122,0.4620974659919739,Llama-3.3-70B-Instruct,70000000000,wiki,2100,105
"news: The research was truly enriching, because I realized how wonderful of a person he was as well, which dictates how we share his personal life onstage.",1.3,479,1773114652.6339796,2026-03-10T04:50:52.633990,0.3137080371379852,0.4190426170825958,Llama-3.3-70B-Instruct,70000000000,news,2101,105
wiki: It was the only state to allow judges to override jury decisions in whether or not to use a death sentence; in 10 cases judges overturned sentences of life imprisonment without parole that were voted unanimously by juries.,1.3,467,1773114704.2550762,2026-03-10T04:51:44.255087,0.3182771801948547,0.4383778870105743,Llama-3.3-70B-Instruct,70000000000,wiki,2102,105
"wiki: In 2009, Bryant–Denny Stadium and Jordan-Hare Stadium became the homes of the Alabama High School Athletic Association state football championship games, after previously being held at Legion Field in Birmingham.",1.3,469,1773114755.8533025,2026-03-10T04:52:35.853313,0.324450671672821,0.4450693726539612,Llama-3.3-70B-Instruct,70000000000,wiki,2103,105
"wiki: JVC America, Inc. operates an optical disc replication and packaging plant in Tuscaloosa.",1.3,489,1773114807.1450095,2026-03-10T04:53:27.145018,0.3466364443302154,0.4473517835140228,Llama-3.3-70B-Instruct,70000000000,wiki,2104,105
"news: Although many have won awards at international competitions, the school does not actively focus on competing.",1.3,491,1773114858.4436235,2026-03-10T04:54:18.443632,0.3481138050556183,0.4472595155239105,Llama-3.3-70B-Instruct,70000000000,news,2105,105
"fiction: Lactose intolerance is a condition of the digestive system in which an individual has an inability to digest lactose, the sugar found in milk. An individual affected with lactose intolerance does not produce enough of the enzyme lactase, which is needed to break down lactose. If more adults than children are diagnosed with lactose intolerance, what does this most likely suggest? (Answer: A)",1.3,430,1773114910.7610557,2026-03-10T04:55:10.761060,0.269096314907074,0.4184906184673309,Llama-3.3-70B-Instruct,70000000000,fiction,2106,105
"code: Explain what this code does:
def function_64(x): return x * 2",1.3,492,1773114962.421609,2026-03-10T04:56:02.421619,0.367106556892395,0.4673878848552704,Llama-3.3-70B-Instruct,70000000000,code,2107,105
fiction: Which of the following is an example of a physical change? (Answer: B),1.3,492,1773115013.657049,2026-03-10T04:56:53.657059,0.3462727069854736,0.4424866437911987,Llama-3.3-70B-Instruct,70000000000,fiction,2108,105
"news: Fortunately, I was sent two devices, so I unplugged the first (a GS-16) and plugged in the second (a GS-64).",1.3,478,1773115065.1330953,2026-03-10T04:57:45.133105,0.30997034907341,0.414561003446579,Llama-3.3-70B-Instruct,70000000000,news,2109,105
"news: OEMs like Meta, VIVE, Vuzix, and Picoare are already building on the XR1 platform, the release said.",1.3,480,1773115116.4526722,2026-03-10T04:58:36.452692,0.3206439614295959,0.4247152209281921,Llama-3.3-70B-Instruct,70000000000,news,2110,105
"wiki: In Basra, religious sects preached against the state.",1.3,497,1773115167.4966643,2026-03-10T04:59:27.496673,0.3317432999610901,0.422106385231018,Llama-3.3-70B-Instruct,70000000000,wiki,2111,105
"news: Photo by Paul Kolnik, Courtesy NYCB.",1.3,499,1773115218.5140245,2026-03-10T05:00:18.514034,0.3598000407218933,0.4516856968402862,Llama-3.3-70B-Instruct,70000000000,news,2112,105
fiction: A toothpaste commercial states that a brand of toothpaste has a higher concentration of fluoride than any other toothpaste available. The commercial is most likely inferring that the advertised toothpaste (Answer: C),1.3,468,1773115270.06673,2026-03-10T05:01:10.066739,0.336355984210968,0.4581133425235748,Llama-3.3-70B-Instruct,70000000000,fiction,2113,105
"code: Explain what this code does:
def function_48(x): return x * 2",1.3,492,1773115321.325086,2026-03-10T05:02:01.325094,0.3659976422786712,0.4656111299991607,Llama-3.3-70B-Instruct,70000000000,code,2114,105
wiki: Anarchism appears in English from 1642 as anarchisme and anarchy from 1539; early English usages emphasised a sense of disorder.,1.3,477,1773115372.6989005,2026-03-10T05:02:52.698913,0.3342539072036743,0.4440587162971496,Llama-3.3-70B-Instruct,70000000000,wiki,2115,105
news: We've pulled together some highlights.,1.3,502,1773115423.9055624,2026-03-10T05:03:43.905573,0.3465087413787842,0.4358305633068084,Llama-3.3-70B-Instruct,70000000000,news,2116,105
"wiki: Jordan-Hare Stadium is the home field of the Auburn football team and seats up to 87,451.",1.3,487,1773115475.121023,2026-03-10T05:04:35.121033,0.3487156927585602,0.4508402347564697,Llama-3.3-70B-Instruct,70000000000,wiki,2117,105
"wiki: The Alabama Fever land rush was underway when the state was admitted to the Union, with settlers and land speculators pouring into the state to take advantage of fertile land suitable for cotton cultivation.",1.3,472,1773115526.4470718,2026-03-10T05:05:26.447082,0.3318805396556854,0.4476678371429443,Llama-3.3-70B-Instruct,70000000000,wiki,2118,105
"news: The Royal Swedish Ballet in Alexander Ekman's ""Midsummer Night's Dream.""",1.3,493,1773115577.630233,2026-03-10T05:06:17.630244,0.3531804382801056,0.4502343535423279,Llama-3.3-70B-Instruct,70000000000,news,2119,105
"wiki: Terminology and distinction from schizophrenia  As late as the mid-1970s there was little evidence of a genetic role in autism, while in 2007 it was believed to be one of the most heritable psychiatric conditions.",1.3,463,1773115629.6345725,2026-03-10T05:07:09.634584,0.3160095512866974,0.4385049939155578,Llama-3.3-70B-Instruct,70000000000,wiki,2120,106
"wiki: The way these hacktivists work to develop and distribute resembles the anarchist ideals, especially when it comes to preserving users' privacy from state surveillance.",1.3,480,1773115681.098067,2026-03-10T05:08:01.098080,0.3253692984580993,0.4315093755722046,Llama-3.3-70B-Instruct,70000000000,wiki,2121,106
wiki: The Marxist criticism of anarchism is that it has a utopian character because all individuals should have anarchist views and values.,1.3,485,1773115732.3243186,2026-03-10T05:08:52.324331,0.3321191668510437,0.4327913522720337,Llama-3.3-70B-Instruct,70000000000,wiki,2122,106
"wiki: A 2018 review concluded that it may be a therapeutic option for specific groups of children with autism, such as those with known food intolerances or allergies, or with food intolerance markers.",1.3,471,1773115783.731243,2026-03-10T05:09:43.731255,0.296964168548584,0.4051944017410278,Llama-3.3-70B-Instruct,70000000000,wiki,2123,106
"wiki: Among those who find work, most are employed in sheltered settings working for wages below the national minimum.",1.3,488,1773115834.813698,2026-03-10T05:10:34.813703,0.339085966348648,0.4411308467388153,Llama-3.3-70B-Instruct,70000000000,wiki,2124,106
"news: Artists of the Ballet in rehearsal for ""Frame by Frame.""",1.3,497,1773115885.8107586,2026-03-10T05:11:25.810772,0.3482262790203094,0.4407485127449035,Llama-3.3-70B-Instruct,70000000000,news,2125,106
"news: ""GDPR closes all those gaps,"" he added.",1.3,498,1773115936.8170924,2026-03-10T05:12:16.817105,0.3481203913688659,0.4396185576915741,Llama-3.3-70B-Instruct,70000000000,news,2126,106
wiki: Some authors suggest that automatic motor assessment could be useful to screen the children with ASD for instance with behavioural motor and emotionals reactions during smartphone watching.,1.3,480,1773115988.0523088,2026-03-10T05:13:08.052313,0.3156182169914245,0.4231116473674774,Llama-3.3-70B-Instruct,70000000000,wiki,2127,106
"wiki: Epilepsy, with variations in risk of epilepsy due to age, cognitive level, and type of language disorder.",1.3,486,1773116039.3057249,2026-03-10T05:13:59.305738,0.3388736248016357,0.4427284598350525,Llama-3.3-70B-Instruct,70000000000,wiki,2128,106
news: Git is the largest revision control and collaboration system available for development.,1.3,496,1773116090.588178,2026-03-10T05:14:50.588192,0.3493759632110595,0.4430516064167022,Llama-3.3-70B-Instruct,70000000000,news,2129,106
fiction: A plant that grows red flowers was crossed with the same kind of plant that grows white flowers. Their offspring grew pink flowers. Which best explains why the offspring grew pink flowers? (Answer: C),1.3,469,1773116142.2345026,2026-03-10T05:15:42.234520,0.3295386433601379,0.4488024711608886,Llama-3.3-70B-Instruct,70000000000,fiction,2130,106
"wiki: Assassination attempts were carried out against heads of state, some of which were successful.",1.3,492,1773116193.5429049,2026-03-10T05:16:33.542918,0.3371909856796264,0.4332640767097473,Llama-3.3-70B-Instruct,70000000000,wiki,2131,106
"wiki: When seen from a distance, the ocean surface has a low albedo, as do most forests, whereas desert areas have some of the highest albedos among landforms.",1.3,474,1773116245.5240977,2026-03-10T05:17:25.524111,0.3282770216464996,0.4406835734844208,Llama-3.3-70B-Instruct,70000000000,wiki,2132,106
fiction: A boat is acted on by a river current flowing north and by wind blowing on its sails. The boat travels northeast. In which direction is the wind most likely applying force to the sails of the boat? (Answer: B),1.3,463,1773116297.3000617,2026-03-10T05:18:17.300076,0.3304456174373626,0.4567855596542358,Llama-3.3-70B-Instruct,70000000000,fiction,2133,106
"news: The two men entered the gas station after McNeight, one of them carrying a tire iron.",1.3,489,1773116348.6233582,2026-03-10T05:19:08.623370,0.3365945219993591,0.4349371790885925,Llama-3.3-70B-Instruct,70000000000,news,2134,106
"news: This spring, The Joffrey Ballet will present the North American premiere of Alexander Ekman's Midsummer Night's Dream.",1.3,484,1773116399.9478428,2026-03-10T05:19:59.947855,0.343325138092041,0.4474138915538788,Llama-3.3-70B-Instruct,70000000000,news,2135,106
"news: I attempted to use the admin email/password I'd setup during the wizard, but that wouldn't work.",1.3,488,1773116451.2663257,2026-03-10T05:20:51.266332,0.3428220450878143,0.4429141283035278,Llama-3.3-70B-Instruct,70000000000,news,2136,106
wiki: The former sought to create a coherent group that would push for revolution while the latter were against anything that would resemble a political party.,1.3,483,1773116502.565703,2026-03-10T05:21:42.565714,0.3217819035053253,0.4238163530826568,Llama-3.3-70B-Instruct,70000000000,wiki,2137,106
fiction: All of the following contain metric units of measurement except (Answer: C),1.3,494,1773116553.986722,2026-03-10T05:22:33.986731,0.3554721772670746,0.4528924524784088,Llama-3.3-70B-Instruct,70000000000,fiction,2138,106
"wiki: within anarcho-primitivism), and the democratic process may be sharply criticised within some anarchist tendencies and simultaneously lauded in others.",1.3,482,1773116605.2852426,2026-03-10T05:23:25.285248,0.3436436951160431,0.4515669643878937,Llama-3.3-70B-Instruct,70000000000,wiki,2139,106
news: He was paid $80 and was taken by the two men to Millville and left.,1.3,491,1773116656.8204334,2026-03-10T05:24:16.820439,0.3358864486217499,0.4331203699111938,Llama-3.3-70B-Instruct,70000000000,news,2140,107
"news: It's an invaluable quality for a person to have, whether they continue to dance or end up doing other things.",1.3,486,1773116708.0296528,2026-03-10T05:25:08.029663,0.3395228981971741,0.4428084790706634,Llama-3.3-70B-Instruct,70000000000,news,2141,107
"wiki: The state ranges in elevation from sea level at Mobile Bay to more than  in the northeast, to Mount Cheaha at .",1.3,484,1773116759.263699,2026-03-10T05:25:59.263705,0.3371011018753052,0.4405183494091034,Llama-3.3-70B-Instruct,70000000000,wiki,2142,107
"wiki: The uneven heating of Earth from albedo variations between land, ice, or ocean surfaces can drive weather.",1.3,488,1773116796.0078316,2026-03-10T05:26:36.007840,0.3411450088024139,0.4412600994110107,Llama-3.3-70B-Instruct,70000000000,wiki,2143,107
"wiki: This can take the form of disrupting and protesting against unjust hierarchy, or the form of self-managing their lives through the creation of counter-institutions such as communes and non-hierarchical collectives.",1.3,469,1773116847.5838804,2026-03-10T05:27:27.583890,0.3260311186313629,0.4440251886844635,Llama-3.3-70B-Instruct,70000000000,wiki,2144,107
wiki: Many autistic people face significant obstacles in transitioning to adulthood.,1.3,498,1773116898.644369,2026-03-10T05:28:18.644378,0.3552695214748382,0.44652259349823,Llama-3.3-70B-Instruct,70000000000,wiki,2145,107
fiction: An old T-shirt can be ripped into smaller pieces and used as rags. An empty milk jug can be used to water houseplants. Both of these are examples of how (Answer: D),1.3,469,1773116950.0755067,2026-03-10T05:29:10.075512,0.3095692694187164,0.4237962663173675,Llama-3.3-70B-Instruct,70000000000,fiction,2146,107
"code: Explain what this code does:
def function_22(x): return x * 2",1.3,492,1773117001.2672422,2026-03-10T05:30:01.267253,0.3610109388828277,0.4596969187259674,Llama-3.3-70B-Instruct,70000000000,code,2147,107
"wiki: It is not known whether treatment programs for children lead to significant improvements after the children grow up, and the limited research on the effectiveness of adult residential programs shows mixed results.",1.3,475,1773117052.954855,2026-03-10T05:30:52.954865,0.3120953142642975,0.4198215901851654,Llama-3.3-70B-Instruct,70000000000,wiki,2148,107
"wiki: Snow Snow albedo is highly variable, ranging from as high as 0.9 for freshly fallen snow, to about 0.4 for melting snow, and as low as 0.2 for dirty snow.",1.3,465,1773117104.4558194,2026-03-10T05:31:44.455829,0.322648286819458,0.4458329081535339,Llama-3.3-70B-Instruct,70000000000,wiki,2149,107
wiki: The dismemberment of the French socialist movement into many groups and the execution and exile of many Communards to penal colonies following the suppression of the Paris Commune favoured individualist political expression and acts.,1.3,469,1773117133.2103095,2026-03-10T05:32:13.210314,0.3160187602043152,0.4337854981422424,Llama-3.3-70B-Instruct,70000000000,wiki,2150,107
"wiki: The average albedo of the Earth from the upper atmosphere, its planetary albedo, is 30–35% because of cloud cover, but widely varies locally across the surface because of different geological and environmental features.",1.3,466,1773117184.6407912,2026-03-10T05:33:04.640800,0.3228711485862732,0.4438563883304596,Llama-3.3-70B-Instruct,70000000000,wiki,2151,107
"wiki: It was formally recognized by the state legislature on January 25, 1844.",1.3,492,1773117235.8931289,2026-03-10T05:33:55.893148,0.345163494348526,0.4422051012516022,Llama-3.3-70B-Instruct,70000000000,wiki,2152,107
"wiki: Small-scale effects Albedo works on a smaller scale, too.",1.3,496,1773117286.933148,2026-03-10T05:34:46.933157,0.3494692742824554,0.4423576593399048,Llama-3.3-70B-Instruct,70000000000,wiki,2153,107
"wiki: Media  Major newspapers include Birmingham News, Mobile Press-Register, and Montgomery Advertiser.",1.3,491,1773117338.0601285,2026-03-10T05:35:38.060137,0.3529026508331299,0.4512092173099518,Llama-3.3-70B-Instruct,70000000000,wiki,2154,107
"wiki: In the 2000s, the number of autistic people worldwide was estimated at 1–2 per 1,000 people.",1.3,482,1773117389.36111,2026-03-10T05:36:29.361120,0.3469874262809753,0.454608678817749,Llama-3.3-70B-Instruct,70000000000,wiki,2155,107
wiki: They held on to old representation to maintain political and economic power in agricultural areas.,1.3,493,1773117440.5991702,2026-03-10T05:37:20.599177,0.3325047194957733,0.4270237386226654,Llama-3.3-70B-Instruct,70000000000,wiki,2156,107
"news: It offers degrees in performance, choreography and more.",1.3,498,1773117491.608023,2026-03-10T05:38:11.608032,0.3493707776069641,0.4411480724811554,Llama-3.3-70B-Instruct,70000000000,news,2157,107
"code: Explain what this code does:
def function_88(x): return x * 2",1.3,492,1773117542.7959445,2026-03-10T05:39:02.795949,0.3621867001056671,0.4614073634147644,Llama-3.3-70B-Instruct,70000000000,code,2158,107
fiction: Michael learned that the movement of Earth in the solar system causes changes that can be seen on the planet. Which change could be seen on Earth in the time it takes Earth to rotate once on its axis? (Answer: A),1.3,463,1773117594.361441,2026-03-10T05:39:54.361446,0.3228788077831268,0.4472686648368835,Llama-3.3-70B-Instruct,70000000000,fiction,2159,107
"wiki: About three-fifths of the land area is part of the Gulf Coastal Plain, a gentle plain with a general descent towards the Mississippi River and the Gulf of Mexico.",1.3,475,1773117646.3217928,2026-03-10T05:40:46.321808,0.3313755989074707,0.4434134364128113,Llama-3.3-70B-Instruct,70000000000,wiki,2160,108
wiki: The presence of autism can make it harder to diagnose coexisting psychiatric disorders such as depression.,1.3,491,1773117697.6670966,2026-03-10T05:41:37.667103,0.3443772196769714,0.441876471042633,Llama-3.3-70B-Instruct,70000000000,wiki,2161,108
"wiki: Jewish denominations in the state include two Orthodox, four Conservative, ten Reform, and one Humanistic synagogue.",1.3,487,1773117749.243506,2026-03-10T05:42:29.243515,0.3480881154537201,0.4510134756565094,Llama-3.3-70B-Instruct,70000000000,wiki,2162,108
"news: The team will be responsible for the day-to-day artistic needs of the company including scheduling, casting and conducting rehearsals.",1.3,485,1773117800.6184504,2026-03-10T05:43:20.618455,0.3343011736869812,0.4352603256702423,Llama-3.3-70B-Instruct,70000000000,news,2163,108
wiki: WPA Guide to Alabama (1939).,1.3,500,1773117851.8183265,2026-03-10T05:44:11.818333,0.3488318920135498,0.4385984241962433,Llama-3.3-70B-Instruct,70000000000,wiki,2164,108
wiki: Such a dark surface is thought to be indicative of a primitive and heavily space weathered surface containing some organic compounds.,1.3,486,1773117903.374957,2026-03-10T05:45:03.374968,0.3458316028118133,0.4490985870361328,Llama-3.3-70B-Instruct,70000000000,wiki,2165,108
wiki: The notion of free love was much broader and included a critique of the established order that limited women's sexual freedom and pleasure.,1.3,484,1773117954.84101,2026-03-10T05:45:54.841020,0.3297763168811798,0.4317003190517425,Llama-3.3-70B-Instruct,70000000000,wiki,2166,108
fiction: Scientists who disagree with the results of an experiment should (Answer: D),1.3,494,1773118006.0836022,2026-03-10T05:46:46.083612,0.3592179417610168,0.4566676914691925,Llama-3.3-70B-Instruct,70000000000,fiction,2167,108
"code: Explain what this code does:
def function_91(x): return x * 2",1.3,492,1773118057.4009948,2026-03-10T05:47:37.401005,0.3616246283054352,0.4612835347652435,Llama-3.3-70B-Instruct,70000000000,code,2168,108
wiki: There has been a significant movement to rewrite and modernize Alabama's constitution.,1.3,494,1773118108.660852,2026-03-10T05:48:28.660863,0.3502109348773956,0.4449491798877716,Llama-3.3-70B-Instruct,70000000000,wiki,2169,108
news: Click here to subscribe to the TechRepublic Cybersecurity Insider newsletter.,1.3,496,1773118159.917821,2026-03-10T05:49:19.917831,0.3519156575202942,0.4459602832794189,Llama-3.3-70B-Instruct,70000000000,news,2170,108
wiki: It was a notable feature of the international syndicalism movement.,1.3,496,1773118211.091355,2026-03-10T05:50:11.091366,0.3531129956245422,0.4480798244476318,Llama-3.3-70B-Instruct,70000000000,wiki,2171,108
"news: ""The kind of information that can be disclosed via email should be spelled out very clearly,"" he added.",1.3,488,1773118262.5739064,2026-03-10T05:51:02.573918,0.3310604989528656,0.4293023943901062,Llama-3.3-70B-Instruct,70000000000,news,2172,108
"code: Explain what this code does:
def function_45(x): return x * 2",1.3,492,1773118314.0597534,2026-03-10T05:51:54.059762,0.3620031774044037,0.4616658985614776,Llama-3.3-70B-Instruct,70000000000,code,2173,108
"code: Explain what this code does:
def function_60(x): return x * 2",1.3,492,1773118365.2457488,2026-03-10T05:52:45.245755,0.3523218631744385,0.4501515030860901,Llama-3.3-70B-Instruct,70000000000,code,2174,108
"news: As a result, preparation is intense.",1.3,501,1773118416.206841,2026-03-10T05:53:36.206850,0.3441088497638702,0.4327054023742676,Llama-3.3-70B-Instruct,70000000000,news,2175,108
news: Were you familiar with McLaren's work before this project?,1.3,498,1773118467.1598754,2026-03-10T05:54:27.159880,0.3549197614192962,0.4466602504253387,Llama-3.3-70B-Instruct,70000000000,news,2176,108
wiki: Communication About one third to half of autistic people do not develop enough natural speech to meet their daily communication needs.,1.3,487,1773118518.4899492,2026-03-10T05:55:18.489954,0.338512122631073,0.4379382133483886,Llama-3.3-70B-Instruct,70000000000,wiki,2177,108
"news: Redmonk, in its latest Q1 2018 survey, says Java is the second-most popular language after JavaScript among developers.",1.3,482,1773118569.7197275,2026-03-10T05:56:09.719736,0.3279817104339599,0.430832028388977,Llama-3.3-70B-Instruct,70000000000,news,2178,108
"news: Over the next decade, the company toured the ballet extensively, exposing it to audiences nationwide.",1.3,491,1773118620.8978522,2026-03-10T05:57:00.897863,0.3291261792182922,0.4278523027896881,Llama-3.3-70B-Instruct,70000000000,news,2179,108
"code: Explain what this code does:
def function_17(x): return x * 2",1.3,492,1773118672.5451436,2026-03-10T05:57:52.545150,0.3556170761585235,0.4535733163356781,Llama-3.3-70B-Instruct,70000000000,code,2180,109
fiction: Corn is widely being used in the United States to make ethanol for use in automobile fuel. How might the overproduction of corn negatively affect the environment? (Answer: A),1.3,474,1773118724.0008647,2026-03-10T05:58:44.000871,0.3163648247718811,0.4260479807853699,Llama-3.3-70B-Instruct,70000000000,fiction,2181,109
wiki: Anarchy Archives is an online research center on the history and theory of anarchism.,1.3,492,1773118775.2752616,2026-03-10T05:59:35.275268,0.3473849892616272,0.4437550604343414,Llama-3.3-70B-Instruct,70000000000,wiki,2182,109
"code: Explain what this code does:
def function_39(x): return x * 2",1.3,492,1773118826.601272,2026-03-10T06:00:26.601279,0.3589380979537964,0.4572963714599609,Llama-3.3-70B-Instruct,70000000000,code,2183,109
"code: Explain what this code does:
def function_27(x): return x * 2",1.3,492,1773118877.9202657,2026-03-10T06:01:17.920273,0.3548471629619598,0.4524829089641571,Llama-3.3-70B-Instruct,70000000000,code,2184,109
wiki: Belief in political nihilism has been espoused by anarchists.,1.3,496,1773118929.277582,2026-03-10T06:02:09.277586,0.336051881313324,0.4265510737895965,Llama-3.3-70B-Instruct,70000000000,wiki,2185,109
"wiki: Anarchists reject this criticism because challenging or disobeying authority does not entail the disappearance of its advantages by acknowledging authority such as doctors or lawyers as reliable, nor does it involve a complete surrender of independent judgment.",1.3,466,1773118980.9952369,2026-03-10T06:03:00.995242,0.3190445005893707,0.4379654824733734,Llama-3.3-70B-Instruct,70000000000,wiki,2186,109
"wiki: Most professionals believe that race, ethnicity, and socioeconomic background do not affect the occurrence of autism.",1.3,490,1773119032.6244164,2026-03-10T06:03:52.624423,0.3322038352489471,0.4285831153392792,Llama-3.3-70B-Instruct,70000000000,wiki,2187,109
"wiki: In response to their expulsion from the First International, anarchists formed the St. Imier International.",1.3,490,1773119083.8789785,2026-03-10T06:04:43.878985,0.3511146605014801,0.4508450627326965,Llama-3.3-70B-Instruct,70000000000,wiki,2188,109
"news: Although initially not forthcoming about the true circumstances surrounding the robbery, McNeight eventually told investigators how he got the money.",1.3,485,1773119135.617246,2026-03-10T06:05:35.617256,0.3352570533752441,0.4378679394721985,Llama-3.3-70B-Instruct,70000000000,news,2189,109
"news: Through this new Jakarta EE Working Group process, we should see big Java EE vendors like IBM, Red Hat, and Oracle working within the open processes of the Eclipse Foundation with smaller vendors like Tomitribe and Payara.",1.3,464,1773119187.2482154,2026-03-10T06:06:27.248226,0.3092690706253052,0.4284762740135193,Llama-3.3-70B-Instruct,70000000000,news,2190,109
"news: That being the case, what do you do?",1.3,499,1773119238.9073684,2026-03-10T06:07:18.907379,0.3434996306896209,0.4334041178226471,Llama-3.3-70B-Instruct,70000000000,news,2191,109
"wiki: Tokyo was a hotspot for rebellious youth from countries of the far east, travelling to the Japanese capital to study.",1.3,486,1773119290.2348564,2026-03-10T06:08:10.234867,0.3287865817546844,0.4296194911003113,Llama-3.3-70B-Instruct,70000000000,wiki,2192,109
news: Subscribe Also see,1.3,506,1773119341.2500749,2026-03-10T06:09:01.250085,0.3589510321617126,0.4464106857776642,Llama-3.3-70B-Instruct,70000000000,news,2193,109
"news: Now click on the Repositories entry in the left navigation, click the Create button, give the repository a name, and click Submit.",1.3,482,1773119392.6633308,2026-03-10T06:09:52.663341,0.3254093825817108,0.4277233481407165,Llama-3.3-70B-Instruct,70000000000,news,2194,109
"news: Trac can be used as a wiki, a project management system, and for tracking bugs in software development.",1.3,487,1773119444.1883233,2026-03-10T06:10:44.188333,0.3229516744613647,0.4223625957965851,Llama-3.3-70B-Instruct,70000000000,news,2195,109
"wiki: Minorities usually accept rough consensus, except when they feel the proposal contradicts anarchist ethics, goals and values.",1.3,487,1773119495.8197024,2026-03-10T06:11:35.819713,0.3221357464790344,0.4196282625198364,Llama-3.3-70B-Instruct,70000000000,wiki,2196,109
"wiki: The scattering of radiation causes atmospheric cooling, whereas absorption can cause atmospheric warming.",1.3,494,1773119547.062541,2026-03-10T06:12:27.062551,0.3425294756889343,0.4371992647647857,Llama-3.3-70B-Instruct,70000000000,wiki,2197,109
"wiki: Organized insurgent, resistance groups tried to suppress the freedmen and Republicans.",1.3,493,1773119598.2858653,2026-03-10T06:13:18.285876,0.3554575443267822,0.4538847208023071,Llama-3.3-70B-Instruct,70000000000,wiki,2198,109
"news: Photo by Alexander Iziliaev, Courtesy Nevada Ballet Theatre.",1.3,497,1773119649.45571,2026-03-10T06:14:09.455720,0.3428312540054321,0.4348573684692383,Llama-3.3-70B-Instruct,70000000000,news,2199,109
wiki: This did not change until the late 1960s following a lawsuit and court order.,1.3,491,1773119700.8573606,2026-03-10T06:15:00.857378,0.3262792527675628,0.4204117655754089,Llama-3.3-70B-Instruct,70000000000,wiki,2200,110
"news: Germarco Johnson was charged with Robbery with a Firearm, Counterfeiting of an Instrument with Intent to Defraud (two counts), Principal/Accessory to Uttering a False Bank Bill (two counts), and Larceny $300 or more but less than $5000 (two counts).",1.3,448,1773119753.020532,2026-03-10T06:15:53.020543,0.2971973717212677,0.4328100979328155,Llama-3.3-70B-Instruct,70000000000,news,2201,110
"wiki: The area of Alabama and Mississippi most affected by tornadoes is sometimes referred to as Dixie Alley, as distinct from the Tornado Alley of the Southern Plains.",1.3,477,1773119804.6455095,2026-03-10T06:16:44.645520,0.3396787047386169,0.4515569508075714,Llama-3.3-70B-Instruct,70000000000,wiki,2202,110
wiki: Native American groups within the state had increasingly been demanding recognition as ethnic groups and seeking an end to discrimination.,1.3,488,1773119855.9616218,2026-03-10T06:17:35.961632,0.337068110704422,0.4360655546188354,Llama-3.3-70B-Instruct,70000000000,wiki,2203,110
wiki: The appropriateness of including children with varying severity of autism spectrum disorders in the general education population is a subject of current debate among educators and researchers.,1.3,479,1773119907.4535017,2026-03-10T06:18:27.453512,0.3369690179824829,0.4458150565624237,Llama-3.3-70B-Instruct,70000000000,wiki,2204,110
"wiki: Rail  For rail transport, Amtrak schedules the Crescent, a daily passenger train, running from New York to New Orleans with station stops at Anniston, Birmingham, and Tuscaloosa.",1.3,470,1773119959.019199,2026-03-10T06:19:19.019209,0.316168874502182,0.4309708774089813,Llama-3.3-70B-Instruct,70000000000,wiki,2205,110
wiki: Mutualism has been retrospectively characterised as ideologically situated between individualist and collectivist forms of anarchism.,1.3,486,1773120010.4575188,2026-03-10T06:20:10.457529,0.3500972688198089,0.4545693099498749,Llama-3.3-70B-Instruct,70000000000,wiki,2206,110
wiki: The assembly plant is the company's first factory to be built within the United States.,1.3,492,1773120025.7187724,2026-03-10T06:20:25.718789,0.352799117565155,0.4520725607872009,Llama-3.3-70B-Instruct,70000000000,wiki,2207,110
"code: Explain what this code does:
def function_37(x): return x * 2",1.3,492,1773120076.936437,2026-03-10T06:21:16.936443,0.3593349158763885,0.4586127698421478,Llama-3.3-70B-Instruct,70000000000,code,2208,110
"code: Explain what this code does:
def function_67(x): return x * 2",1.3,492,1773120128.171215,2026-03-10T06:22:08.171219,0.3650068640708923,0.4648446142673492,Llama-3.3-70B-Instruct,70000000000,code,2209,110
wiki: BDRF can facilitate translations of observations of reflectance into albedo.,1.3,494,1773120179.449825,2026-03-10T06:22:59.449831,0.3557913601398468,0.4521161317825317,Llama-3.3-70B-Instruct,70000000000,wiki,2210,110
news: Robert had just finished his documentary and has a really deep understanding of this kind of Canadian culture.,1.3,490,1773120230.699853,2026-03-10T06:23:50.699858,0.3331992328166961,0.4306013882160187,Llama-3.3-70B-Instruct,70000000000,news,2211,110
"code: Explain what this code does:
def function_32(x): return x * 2",1.3,492,1773120281.9930282,2026-03-10T06:24:41.993037,0.3577834665775299,0.4568735659122467,Llama-3.3-70B-Instruct,70000000000,code,2212,110
"code: Explain what this code does:
def function_79(x): return x * 2",1.3,492,1773120333.8371618,2026-03-10T06:25:33.837175,0.3571207225322723,0.4559310674667358,Llama-3.3-70B-Instruct,70000000000,code,2213,110
"code: Explain what this code does:
def function_1(x): return x * 2",1.3,492,1773120385.3253677,2026-03-10T06:26:25.325379,0.3616492450237274,0.4611751735210418,Llama-3.3-70B-Instruct,70000000000,code,2214,110
"news: Companies that fail to comply with GDPR will face a penalty of either 4% of their global revenue or €20 million, whichever is greater.",1.3,480,1773120437.348247,2026-03-10T06:27:17.348258,0.3360422849655151,0.4437457621097564,Llama-3.3-70B-Instruct,70000000000,news,2215,110
news: As I was getting older the company all of a sudden started to seem younger and younger.,1.3,491,1773120488.8797338,2026-03-10T06:28:08.879745,0.3410166501998901,0.4375738501548767,Llama-3.3-70B-Instruct,70000000000,news,2216,110
"wiki: Humans lived in societies without formal hierarchies long before the establishment of formal states, realms, or empires.",1.3,486,1773120540.5420585,2026-03-10T06:29:00.542067,0.3491875827312469,0.4527123868465423,Llama-3.3-70B-Instruct,70000000000,wiki,2217,110
"news: It was created in collaboration by NBoC principal dancer and choreographic associate Guillaume Côté and film and stage director Robert Lepage, who is making his NBoC debut.",1.3,471,1773120592.2042642,2026-03-10T06:29:52.204274,0.3153857588768005,0.4292920231819153,Llama-3.3-70B-Instruct,70000000000,news,2218,110
"wiki: In 2010, Republicans took large majorities of both chambers of the state legislature, giving them control of that body for the first time in 136 years.",1.3,476,1773120643.739937,2026-03-10T06:30:43.739946,0.3345654904842376,0.4465399086475372,Llama-3.3-70B-Instruct,70000000000,wiki,2219,110
"wiki: Services should be carried out by behavior analysts, special education teachers, speech pathologists, and licensed psychologists.",1.3,488,1773120695.174338,2026-03-10T06:31:35.174356,0.3530255854129791,0.4562680721282959,Llama-3.3-70B-Instruct,70000000000,wiki,2220,111
"wiki: These signs often develop gradually, though some autistic children experience regression in their communication and social skills after reaching developmental milestones at a normal pace.",1.3,482,1773120746.6502314,2026-03-10T06:32:26.650241,0.3160186111927032,0.4184634983539581,Llama-3.3-70B-Instruct,70000000000,wiki,2221,111
"wiki: Elections  In a 2020 study, Alabama was ranked as the 12th most difficult state for citizens to vote.",1.3,484,1773120798.1229537,2026-03-10T06:33:18.122964,0.3439458012580871,0.448509931564331,Llama-3.3-70B-Instruct,70000000000,wiki,2222,111
"wiki: During this time, a minority of anarchists adopted tactics of revolutionary political violence.",1.3,494,1773120849.3821464,2026-03-10T06:34:09.382156,0.346587210893631,0.4424998462200165,Llama-3.3-70B-Instruct,70000000000,wiki,2223,111
fiction: Which statement is an observation? (Answer: A),1.3,498,1773120900.5386448,2026-03-10T06:35:00.538655,0.3637749850749969,0.4577605426311493,Llama-3.3-70B-Instruct,70000000000,fiction,2224,111
"code: Explain what this code does:
def function_34(x): return x * 2",1.3,492,1773120951.9975245,2026-03-10T06:35:51.997535,0.3652453422546386,0.4652459919452667,Llama-3.3-70B-Instruct,70000000000,code,2225,111
"fiction: The heart, blood vessels, kidneys, and bladder working together are best described as (Answer: D)",1.3,488,1773120964.1406932,2026-03-10T06:36:04.140705,0.3600740134716034,0.4638307988643646,Llama-3.3-70B-Instruct,70000000000,fiction,2226,111
"news: For tips on how to best train employees on cybersecurity practices, click here.",1.3,494,1773121015.3436408,2026-03-10T06:36:55.343651,0.3388984799385071,0.4322934150695801,Llama-3.3-70B-Instruct,70000000000,news,2227,111
"code: Explain what this code does:
def function_41(x): return x * 2",1.3,492,1773121066.6599183,2026-03-10T06:37:46.659927,0.3614106178283691,0.4607529938220978,Llama-3.3-70B-Instruct,70000000000,code,2228,111
"wiki: Compulsive behaviors: Time-consuming behaviors intended to reduce the anxiety that an individual feels compelled to perform repeatedly or according to rigid rules, such as placing objects in a specific order, checking things, or handwashing.",1.3,467,1773121118.7505734,2026-03-10T06:38:38.750582,0.3142148554325104,0.4323354065418243,Llama-3.3-70B-Instruct,70000000000,wiki,2229,111
"news: ""I'd say compliance right now is only at about 35% or 40% at the most,"" he said.",1.3,484,1773121170.1607962,2026-03-10T06:39:30.160802,0.3184859454631805,0.4208613038063049,Llama-3.3-70B-Instruct,70000000000,news,2230,111
"wiki: Interest in the anarchist movement developed alongside momentum in the anti-globalisation movement, whose leading activist networks were anarchist in orientation.",1.3,485,1773121221.6088212,2026-03-10T06:40:21.608831,0.334423303604126,0.4374727308750152,Llama-3.3-70B-Instruct,70000000000,wiki,2231,111
"news: Dancers also contribute to the narration with spoken text, including imagery of young love and a dose of humor.",1.3,487,1773121273.1530128,2026-03-10T06:41:13.153022,0.3242495357990265,0.4249338209629059,Llama-3.3-70B-Instruct,70000000000,news,2232,111
"fiction: A ""widow's peak"" hairline in humans is coded by the dominant allele W. A straight hairline is coded by the recessive allele w. A man with a homozygous dominant WW produces a zygote with a woman with a heterozygous dominant Ww for the trait. Which allele combinations could occur in the zygote? (Answer: B)",1.3,430,1773121325.5022123,2026-03-10T06:42:05.502223,0.2890748977661133,0.4474987685680389,Llama-3.3-70B-Instruct,70000000000,fiction,2233,111
"news: Now, however, they will have to provide the data within one month of receiving the request.",1.3,490,1773121376.8504896,2026-03-10T06:42:56.850500,0.3509252369403839,0.45033860206604,Llama-3.3-70B-Instruct,70000000000,news,2234,111
"wiki: They mostly engage in confronting the police during demonstrations and riots, especially in countries such as Canada, Greece, and Mexico.",1.3,485,1773121429.0384874,2026-03-10T06:43:49.038497,0.3477102518081665,0.4529390931129455,Llama-3.3-70B-Instruct,70000000000,wiki,2235,111
"news: If successful, the XR1 chip could improve technologies found in modern smart glasses, and make VR and AR more affordable to get into for smaller companies.",1.3,479,1773121480.7436774,2026-03-10T06:44:40.743699,0.3364800214767456,0.4473972618579864,Llama-3.3-70B-Instruct,70000000000,news,2236,111
"wiki: Joint attention seems to be necessary for functional speech, and deficits in joint attention seem to distinguish infants with ASD.",1.3,487,1773121532.171511,2026-03-10T06:45:32.171523,0.3438191711902618,0.445693165063858,Llama-3.3-70B-Instruct,70000000000,wiki,2237,111
"news: In November the company will reference Kaiser's Balanchine roots with a program titled Classic Americana featuring Serenade and Western Symphony, as well Paul Taylor's Company B.",1.3,475,1773121583.5945628,2026-03-10T06:46:23.594573,0.3370847404003143,0.4526143074035644,Llama-3.3-70B-Instruct,70000000000,news,2238,111
"code: Explain what this code does:
def function_54(x): return x * 2",1.3,492,1773121635.0404024,2026-03-10T06:47:15.040413,0.3701113760471344,0.47102090716362,Llama-3.3-70B-Instruct,70000000000,code,2239,111
"wiki: In Latin America, Argentina was a stronghold for anarcho-syndicalism, where it became the most prominent left-wing ideology.",1.3,481,1773121686.523208,2026-03-10T06:48:06.523221,0.3462123870849609,0.455736368894577,Llama-3.3-70B-Instruct,70000000000,wiki,2240,112
"wiki: Black residents effectively taxed themselves twice, by raising additional monies to supply matching funds for such schools, which were built in many rural areas.",1.3,481,1773121737.9185717,2026-03-10T06:48:57.918585,0.3442766964435577,0.4541320204734802,Llama-3.3-70B-Instruct,70000000000,wiki,2241,112
"news: Whiteside, on the other hand, imitates a unicorn, talks about preparing for roles and creates a new middle name for Boylston.",1.3,480,1773121789.2667272,2026-03-10T06:49:49.266741,0.334753155708313,0.4444588124752044,Llama-3.3-70B-Instruct,70000000000,news,2242,112
fiction: Which factor can increase the amount of sulfur dioxide in the air? (Answer: B),1.3,491,1773121840.5874398,2026-03-10T06:50:40.587452,0.3660089373588562,0.4669537544250488,Llama-3.3-70B-Instruct,70000000000,fiction,2243,112
wiki: Black carbon is a bigger cause of the melting of the polar ice cap in the Arctic than carbon dioxide due to its effect on the albedo.,1.3,480,1773121892.1603577,2026-03-10T06:51:32.160368,0.339813232421875,0.4484787285327911,Llama-3.3-70B-Instruct,70000000000,wiki,2244,112
"code: Explain what this code does:
def function_13(x): return x * 2",1.3,492,1773121943.4803722,2026-03-10T06:52:23.480386,0.3751810193061828,0.4763632416725158,Llama-3.3-70B-Instruct,70000000000,code,2245,112
"news: However, it also contains the right to access any information that may be held by a company, including your employer.",1.3,486,1773121994.971064,2026-03-10T06:53:14.971077,0.3406068086624145,0.4424664974212646,Llama-3.3-70B-Instruct,70000000000,news,2246,112
"wiki: An important relationship between an object's astronomical (geometric) albedo, absolute magnitude and diameter is given by:  where  is the astronomical albedo,  is the diameter in kilometers, and  is the absolute magnitude.",1.3,463,1773122047.0164878,2026-03-10T06:54:07.016501,0.3070601522922516,0.4275029003620147,Llama-3.3-70B-Instruct,70000000000,wiki,2247,112
wiki: The northern part—along the Tennessee River Valley—is most vulnerable.,1.3,496,1773122098.8670669,2026-03-10T06:54:58.867094,0.3369619250297546,0.4328791797161102,Llama-3.3-70B-Instruct,70000000000,wiki,2248,112
"news: This time around the final screen appeared, the All set link didn't work.",1.3,493,1773122150.1365187,2026-03-10T06:55:50.136533,0.3228891491889953,0.4159161746501922,Llama-3.3-70B-Instruct,70000000000,news,2249,112
wiki: Sea water absorbs more solar radiation than would the same surface covered with reflective snow.,1.3,493,1773122201.453338,2026-03-10T06:56:41.453350,0.3555097281932831,0.4521608352661133,Llama-3.3-70B-Instruct,70000000000,wiki,2250,112
"fiction: On Earth, water can be a solid, a liquid, or a gas. Which energy source has the greatest influence on the state of matter of water? (Answer: A)",1.3,473,1773122253.159128,2026-03-10T06:57:33.159141,0.3294419646263122,0.4432349503040313,Llama-3.3-70B-Instruct,70000000000,fiction,2251,112
"wiki: In most instances, the transmitted pulse is circularly polarized and the received pulse is measured in the same sense of polarization as the transmitted pulse (SC) and the opposite sense (OC).",1.3,471,1773122305.082628,2026-03-10T06:58:25.082641,0.3305160701274872,0.447519302368164,Llama-3.3-70B-Instruct,70000000000,wiki,2252,112
"wiki: Economy  The state has invested in aerospace, education, health care, banking, and various heavy industries, including automobile manufacturing, mineral extraction, steel production and fabrication.",1.3,476,1773122357.0619557,2026-03-10T06:59:17.061968,0.3397109508514404,0.4526464641094208,Llama-3.3-70B-Instruct,70000000000,wiki,2253,112
"wiki: A differential diagnosis for ASD at this stage might also consider intellectual disability, hearing impairment, and a specific language impairment such as Landau–Kleffner syndrome.",1.3,476,1773122408.6599412,2026-03-10T07:00:08.659946,0.3328853249549866,0.4451030790805816,Llama-3.3-70B-Instruct,70000000000,wiki,2254,112
fiction: Where is the biological magnification of pollutants most likely to be the greatest? (Answer: A),1.3,489,1773122460.184481,2026-03-10T07:01:00.184485,0.3504451513290405,0.450897604227066,Llama-3.3-70B-Instruct,70000000000,fiction,2255,112
"code: Explain what this code does:
def function_19(x): return x * 2",1.3,492,1773122511.6700175,2026-03-10T07:01:51.670029,0.3646143972873688,0.4639846384525299,Llama-3.3-70B-Instruct,70000000000,code,2256,112
wiki: Medication Medications may be used to treat ASD symptoms that interfere with integrating a child into home or school when behavioral treatment fails.,1.3,483,1773122563.1053607,2026-03-10T07:02:43.105373,0.3566943705081939,0.4653500318527221,Llama-3.3-70B-Instruct,70000000000,wiki,2257,112
"wiki: Census-designated and metropolitan areas  Cities  Demographics  According to the 2020 United States census the population of Alabama was 5,024,279 on April 1, 2020, which represents an increase of 244,543 or 5.12%, since the 2010 census.",1.3,446,1773122615.182933,2026-03-10T07:03:35.182945,0.3085130453109741,0.4508669674396515,Llama-3.3-70B-Instruct,70000000000,wiki,2258,112
news: Courtesy Peter Koppers.,1.3,504,1773122666.4082053,2026-03-10T07:04:26.408217,0.3642832636833191,0.453751802444458,Llama-3.3-70B-Instruct,70000000000,news,2259,112
"wiki: Anarchists were treated similarly in the Second International, being ultimately expelled in 1896.",1.3,490,1773122717.882622,2026-03-10T07:05:17.882629,0.3438795208930969,0.4431115686893463,Llama-3.3-70B-Instruct,70000000000,wiki,2260,113
"code: Explain what this code does:
def function_49(x): return x * 2",1.3,492,1773122769.210347,2026-03-10T07:06:09.210351,0.3768626451492309,0.4784805476665497,Llama-3.3-70B-Instruct,70000000000,code,2261,113
wiki: Later immigrants in the nineteenth and twentieth centuries tended to be Ashkenazi Jews from eastern Europe.,1.3,490,1773122820.5894752,2026-03-10T07:07:00.589481,0.3494563996791839,0.4501818716526031,Llama-3.3-70B-Instruct,70000000000,wiki,2262,113
"wiki: Etymology, terminology, and definition   The etymological origin of anarchism is from the Ancient Greek anarkhia, meaning ""without a ruler"", composed of the prefix an- (""without"") and the word arkhos (""leader"" or ""ruler"").",1.3,454,1773122872.4031577,2026-03-10T07:07:52.403164,0.3043610155582428,0.4344038665294647,Llama-3.3-70B-Instruct,70000000000,wiki,2263,113
"news: Since then we've been doing five-day workshops once a year in Robert's studio, Ex Machina, where he has a multi media team.",1.3,480,1773122923.836965,2026-03-10T07:08:43.836971,0.327392041683197,0.4348459541797638,Llama-3.3-70B-Instruct,70000000000,news,2264,113
wiki: Alabama: The History of a Deep South State (1994).,1.3,496,1773122975.1078384,2026-03-10T07:09:35.107844,0.367369532585144,0.4648721814155578,Llama-3.3-70B-Instruct,70000000000,wiki,2265,113
"wiki: Lastly, Fiala mentions a critique towards philosophical anarchism of being ineffective (all talk and thoughts) and in the meantime capitalism and bourgeois class remains strong.",1.3,477,1773123026.5205848,2026-03-10T07:10:26.520591,0.3254629373550415,0.4359673261642456,Llama-3.3-70B-Instruct,70000000000,wiki,2266,113
"wiki: Steel jobs, for instance, declined from 46,314 in 1950 to 14,185 in 2011.",1.3,483,1773123078.3941548,2026-03-10T07:11:18.394161,0.3298791944980621,0.4349659979343414,Llama-3.3-70B-Instruct,70000000000,wiki,2267,113
fiction: Giant redwood trees change energy from one form to another. How is energy changed by the trees? (Answer: B),1.3,484,1773123130.0615845,2026-03-10T07:12:10.061590,0.3569371104240417,0.4642390310764313,Llama-3.3-70B-Instruct,70000000000,fiction,2268,113
fiction: A signal from the brain to a muscle in the arm is transmitted by which structures? (Answer: C),1.3,487,1773123181.929434,2026-03-10T07:13:01.929440,0.3451225757598877,0.4479129016399383,Llama-3.3-70B-Instruct,70000000000,fiction,2269,113
"fiction: Laura adds 50 mL of boiling water to 100 mL of ice water. If the 150 mL of water is then put into a freezer, at what temperature will the water freeze? (Answer: A)",1.3,466,1773123233.704942,2026-03-10T07:13:53.704960,0.3260239660739898,0.4472935795783996,Llama-3.3-70B-Instruct,70000000000,fiction,2270,113
wiki: They include:  Genetic disorders.,1.3,502,1773123285.626412,2026-03-10T07:14:45.626418,0.3715593516826629,0.4620290696620941,Llama-3.3-70B-Instruct,70000000000,wiki,2271,113
wiki: The school closed after constant harassment by the state and Ferrer was later arrested.,1.3,493,1773123337.0519905,2026-03-10T07:15:37.051996,0.3581624627113342,0.4566163718700409,Llama-3.3-70B-Instruct,70000000000,wiki,2272,113
"wiki: However, most of the Democratic sheriffs preside over rural and less populated counties.",1.3,492,1773123388.8298583,2026-03-10T07:16:28.829865,0.359783262014389,0.4598964154720306,Llama-3.3-70B-Instruct,70000000000,wiki,2273,113
"news: ""An awful lot of companies may not think they have exposure to it, but there are lots of variables in that.""",1.3,485,1773123440.2141843,2026-03-10T07:17:20.214189,0.3234698176383972,0.4244765043258667,Llama-3.3-70B-Instruct,70000000000,news,2274,113
wiki: The remaining portion of the ThyssenKrupp plant had final bids submitted by ArcelorMittal and Nippon Steel for $1.6billion in March 2013.,1.3,470,1773123491.8523388,2026-03-10T07:18:11.852343,0.3379421830177307,0.4589136242866516,Llama-3.3-70B-Instruct,70000000000,wiki,2275,113
"code: Explain what this code does:
def function_18(x): return x * 2",1.3,492,1773123543.1692822,2026-03-10T07:19:03.169291,0.3734579980373382,0.474281907081604,Llama-3.3-70B-Instruct,70000000000,code,2276,113
wiki: Anarchism is contrasted to socialist forms which are state-oriented or from above.,1.3,492,1773123594.4588332,2026-03-10T07:19:54.458838,0.3353364765644073,0.4331026673316955,Llama-3.3-70B-Instruct,70000000000,wiki,2277,113
"news: Across the Country… In 1944, San Francisco Ballet founding artistic director Willam Christensen choreographed the U.S.'s first full-length Nutcracker.",1.3,476,1773123645.9033692,2026-03-10T07:20:45.903374,0.3328812718391418,0.4455896914005279,Llama-3.3-70B-Instruct,70000000000,news,2278,113
wiki: Aquaculture   Aquaculture is a large part of the economy of Alabama.,1.3,492,1773123697.230866,2026-03-10T07:21:37.230872,0.3370994329452514,0.4334518015384674,Llama-3.3-70B-Instruct,70000000000,wiki,2279,113
"code: Explain what this code does:
def function_83(x): return x * 2",1.3,492,1773123748.585264,2026-03-10T07:22:28.585271,0.3699639141559601,0.470132052898407,Llama-3.3-70B-Instruct,70000000000,code,2280,114
"code: Explain what this code does:
def function_66(x): return x * 2",1.3,492,1773123799.919042,2026-03-10T07:23:19.919046,0.3705098927021026,0.4709318578243255,Llama-3.3-70B-Instruct,70000000000,code,2281,114
"fiction: Rain forests contain more species of trees than any other biome. However, scientists have found that the soil of the forest floor is relatively nutrient poor. What could most likely account for this? (Answer: B)",1.3,467,1773123851.4814415,2026-03-10T07:24:11.481448,0.3128105998039245,0.4293998479843139,Llama-3.3-70B-Instruct,70000000000,fiction,2282,114
"code: Explain what this code does:
def function_50(x): return x * 2",1.3,492,1773123902.902547,2026-03-10T07:25:02.902554,0.3713418543338775,0.4719195663928985,Llama-3.3-70B-Instruct,70000000000,code,2283,114
"wiki: Collectivist anarchists advocate collective ownership of the means of production which is theorised to be achieved through violent revolution and that workers be paid according to time worked, rather than goods being distributed according to need as in communism.",1.3,466,1773123954.5464263,2026-03-10T07:25:54.546432,0.3211787343025207,0.4423691630363464,Llama-3.3-70B-Instruct,70000000000,wiki,2284,114
"code: Explain what this code does:
def function_90(x): return x * 2",1.3,492,1773124006.0228467,2026-03-10T07:26:46.022853,0.3693231642246246,0.4696838855743408,Llama-3.3-70B-Instruct,70000000000,code,2285,114
"wiki: As people are often sized up initially from their basic language skills, these studies suggest that people speaking to autistic individuals are more likely to overestimate what their audience comprehends.",1.3,475,1773124057.829098,2026-03-10T07:27:37.829104,0.3105870187282562,0.4193494915962219,Llama-3.3-70B-Instruct,70000000000,wiki,2286,114
wiki: A significant event of this period was the confrontations at the 1999 Seattle WTO conference.,1.3,490,1773124109.6341193,2026-03-10T07:28:29.634126,0.3543997704982757,0.4553058743476867,Llama-3.3-70B-Instruct,70000000000,wiki,2287,114
fiction: What adaptation is necessary in intertidal ecosystems but not in reef ecosystems? (Answer: C),1.3,489,1773124161.1084116,2026-03-10T07:29:21.108418,0.3406639099121094,0.4406446814537048,Llama-3.3-70B-Instruct,70000000000,fiction,2288,114
"wiki: It had not redistricted congressional districts since passage of its constitution in 1901; as a result, urbanized areas were grossly underrepresented.",1.3,478,1773124212.6177063,2026-03-10T07:30:12.617712,0.3391028940677643,0.4505463540554046,Llama-3.3-70B-Instruct,70000000000,wiki,2289,114
"fiction: During most of the year, the air over Boston, Massachusetts, contains a high amount of moisture. Which of the following best explains why there is a high amount of moisture in the air? (Answer: A)",1.3,466,1773124264.2986386,2026-03-10T07:31:04.298645,0.3316265046596527,0.4547044932842254,Llama-3.3-70B-Instruct,70000000000,fiction,2290,114
"wiki: While employers state hiring concerns about productivity and supervision, experienced employers of autistic people give positive reports of above average memory and detail orientation as well as a high regard for rules and procedure in autistic employees.",1.3,470,1773124315.9576747,2026-03-10T07:31:55.957693,0.3151433169841766,0.4293568134307861,Llama-3.3-70B-Instruct,70000000000,wiki,2291,114
"wiki: The latter is commonly used in handwriting and fonts based on it, especially fonts intended to be read by children, and is also found in italic type.",1.3,479,1773124367.558085,2026-03-10T07:32:47.558122,0.3409890234470367,0.4520156979560852,Llama-3.3-70B-Instruct,70000000000,wiki,2292,114
"wiki: Beyond the specific factions of anarchist movements which constitute political anarchism lies philosophical anarchism which holds that the state lacks moral legitimacy, without necessarily accepting the imperative of revolution to eliminate it.",1.3,473,1773124419.6812828,2026-03-10T07:33:39.681308,0.3346565961837768,0.4502963423728943,Llama-3.3-70B-Instruct,70000000000,wiki,2293,114
news: Password policies Passwords remain a common digital entry point into an organization for hackers.,1.3,493,1773124470.9666274,2026-03-10T07:34:30.966644,0.3532328903675079,0.4503457546234131,Llama-3.3-70B-Instruct,70000000000,news,2294,114
"wiki: In this article, autism refers to the classic autistic disorder; in clinical practice, though, autism, ASD, and PDD are often used interchangeably.",1.3,478,1773124522.5478652,2026-03-10T07:35:22.547874,0.3298658728599548,0.4396634697914123,Llama-3.3-70B-Instruct,70000000000,wiki,2295,114
"news: Here are five types of policies that companies must ensure they have in place and have trained employees on in the age of GDPR, according to Rickard.",1.3,479,1773124573.9786525,2026-03-10T07:36:13.978662,0.3448004424571991,0.4568445384502411,Llama-3.3-70B-Instruct,70000000000,news,2296,114
wiki: Alabama was heavily involved in the American Civil War.,1.3,499,1773124625.5853183,2026-03-10T07:37:05.585328,0.3691904544830322,0.4618107676506042,Llama-3.3-70B-Instruct,70000000000,wiki,2297,114
"wiki: About 8.167% of letters used in English texts tend to be ; the number is around 7.636% in French, 11.525% in Spanish, and 14.634% for Portuguese.",1.3,464,1773124677.5138774,2026-03-10T07:37:57.513888,0.3010063469409942,0.4194031357765198,Llama-3.3-70B-Instruct,70000000000,wiki,2298,114
"news: Following the Vaganova method, classes are strict and focus on precise positions and placement.",1.3,491,1773124729.264651,2026-03-10T07:38:49.264658,0.3545199632644653,0.454978734254837,Llama-3.3-70B-Instruct,70000000000,news,2299,114
"wiki: Society and culture  An autistic culture has emerged, accompanied by the autistic rights and neurodiversity movements.",1.3,487,1773124780.7464266,2026-03-10T07:39:40.746434,0.3453035056591034,0.4465551972389221,Llama-3.3-70B-Instruct,70000000000,wiki,2300,115
"code: Explain what this code does:
def function_7(x): return x * 2",1.3,492,1773124832.1653564,2026-03-10T07:40:32.165365,0.3668816983699798,0.4668113589286804,Llama-3.3-70B-Instruct,70000000000,code,2301,115
"wiki: Sample symptoms include lack of social or emotional reciprocity, stereotyped and repetitive use of language or idiosyncratic language, and persistent preoccupation with unusual objects.",1.3,474,1773124883.700815,2026-03-10T07:41:23.700825,0.3267057538032532,0.4390224516391754,Llama-3.3-70B-Instruct,70000000000,wiki,2302,115
"wiki: In response to the army rebellion, an anarchist-inspired movement of peasants and workers, supported by armed militias, took control of Barcelona and of large areas of rural Spain, where they collectivised the land.",1.3,468,1773124935.7947924,2026-03-10T07:42:15.794799,0.3296334147453308,0.4500768780708313,Llama-3.3-70B-Instruct,70000000000,wiki,2303,115
"news: From Page to Stage In 1892 St. Petersburg, choreographer Marius Petipa and composer Pyotr Ilyich Tchaikovsky pulled the story off the page and onto the stage of the Mariinsky Theatre.",1.3,464,1773124987.5358777,2026-03-10T07:43:07.535887,0.3214156031608581,0.4458306431770324,Llama-3.3-70B-Instruct,70000000000,news,2304,115
"wiki: Diagnosis Diagnosis is based on behavior, not cause or mechanism.",1.3,497,1773125038.7849972,2026-03-10T07:43:58.785008,0.3619939684867859,0.4567206799983978,Llama-3.3-70B-Instruct,70000000000,wiki,2305,115
"wiki: A common criticism against autistic activists is that the majority of them are ""high-functioning"" or have Asperger syndrome and do not represent the views of ""low-functioning"" autistic people.",1.3,470,1773125090.5999055,2026-03-10T07:44:50.599916,0.3362292647361755,0.4552109837532043,Llama-3.3-70B-Instruct,70000000000,wiki,2306,115
"wiki: The rural-dominated Alabama legislature consistently underfunded schools and services for the disenfranchised African Americans, but it did not relieve them of paying taxes.",1.3,478,1773125142.5622263,2026-03-10T07:45:42.562236,0.342936098575592,0.4541443884372711,Llama-3.3-70B-Instruct,70000000000,wiki,2307,115
"wiki: Overall, contemporary anarchists are much less violent and militant than their ideological ancestors.",1.3,494,1773125193.948691,2026-03-10T07:46:33.948704,0.3529020845890045,0.4486707746982574,Llama-3.3-70B-Instruct,70000000000,wiki,2308,115
"wiki: As new genetic tests are developed several ethical, legal, and social issues will emerge.",1.3,492,1773125245.311609,2026-03-10T07:47:25.311628,0.3590717613697052,0.4578117430210113,Llama-3.3-70B-Instruct,70000000000,wiki,2309,115
wiki: It has been in operation since 1929.,1.3,499,1773125296.531778,2026-03-10T07:48:16.531788,0.3554471135139465,0.4469998776912689,Llama-3.3-70B-Instruct,70000000000,wiki,2310,115
"news: Although you might find systems with more features (and a more powerful configuration system), Trac is very simple to set up and use.",1.3,482,1773125347.9303432,2026-03-10T07:49:07.930352,0.3239121735095978,0.4281782805919647,Llama-3.3-70B-Instruct,70000000000,news,2311,115
"wiki: Many individuals with ASD show superior skills in perception and attention, relative to the general population.",1.3,491,1773125399.1015315,2026-03-10T07:49:59.101557,0.3590177893638611,0.4590820968151092,Llama-3.3-70B-Instruct,70000000000,wiki,2312,115
news: Figure A You can now go to Preferences and configure your installation of Trac.,1.3,493,1773125450.2892551,2026-03-10T07:50:50.289260,0.3581303060054779,0.4558592736721039,Llama-3.3-70B-Instruct,70000000000,news,2313,115
fiction: Which of these would most likely improve the air quality in large Texas cities? (Answer: A),1.3,489,1773125501.5343318,2026-03-10T07:51:41.534342,0.359280526638031,0.461904913187027,Llama-3.3-70B-Instruct,70000000000,fiction,2314,115
"wiki: Tactics  Anarchists' tactics take various forms but in general serve two major goals, namely to first oppose the Establishment and secondly to promote anarchist ethics and reflect an anarchist vision of society, illustrating the unity of means and ends.",1.3,462,1773125553.1353886,2026-03-10T07:52:33.135397,0.3163913488388061,0.4404664635658264,Llama-3.3-70B-Instruct,70000000000,wiki,2315,115
"code: Explain what this code does:
def function_21(x): return x * 2",1.3,492,1773125604.6331546,2026-03-10T07:53:24.633165,0.3683324754238128,0.4684951305389404,Llama-3.3-70B-Instruct,70000000000,code,2316,115
"fiction: According to a pH scale, which pH would be the strongest acid? (Answer: A)",1.3,490,1773125655.91465,2026-03-10T07:54:15.914661,0.3622302412986755,0.4634747505187988,Llama-3.3-70B-Instruct,70000000000,fiction,2317,115
news: New York City Ballet continues its first year without Peter Martins at the helm as our spring season opens tonight.,1.3,488,1773125707.1635084,2026-03-10T07:55:07.163519,0.34023118019104,0.4409853816032409,Llama-3.3-70B-Instruct,70000000000,news,2318,115
fiction: Which statement best compares single-celled and multi-celled organisms? (Answer: C),1.3,491,1773125758.3995855,2026-03-10T07:55:58.399597,0.3519430756568908,0.4509317278861999,Llama-3.3-70B-Instruct,70000000000,fiction,2319,115
"news: The four-person group is made up of members of the company's current artistic staff, led by ballet master and former principal dancer Jonathan Stafford.",1.3,481,1773125809.807335,2026-03-10T07:56:49.807345,0.3485094308853149,0.4573245048522949,Llama-3.3-70B-Instruct,70000000000,news,2320,116
"wiki: Self-injury: Behaviors such as eye-poking, skin-picking, hand-biting and head-banging.",1.3,485,1773125861.067373,2026-03-10T07:57:41.067385,0.3360491394996643,0.4382025897502899,Llama-3.3-70B-Instruct,70000000000,wiki,2321,116
"news: I've noticed it the most during dress rehearsals, particularly for Balanchine ballets.",1.3,490,1773125912.2942123,2026-03-10T07:58:32.294221,0.3511920273303985,0.4516688287258148,Llama-3.3-70B-Instruct,70000000000,news,2322,116
fiction: Which of these is not an inherited trait in humans? (Answer: D),1.3,493,1773125963.4162116,2026-03-10T07:59:23.416217,0.3556456863880157,0.4531869888305664,Llama-3.3-70B-Instruct,70000000000,fiction,2323,116
wiki: How autism occurs is not well understood.,1.3,501,1773126014.4902177,2026-03-10T08:00:14.490228,0.3698019981384277,0.4611597657203674,Llama-3.3-70B-Instruct,70000000000,wiki,2324,116
"news: Between run-throughs, each fastidiously practices difficult sections, never satisfied with the results.",1.3,490,1773126065.680021,2026-03-10T08:01:05.680031,0.3377256393432617,0.4368428885936737,Llama-3.3-70B-Instruct,70000000000,news,2325,116
wiki: Alabama receives an average of  of rainfall annually and enjoys a lengthy growing season of up to 300 days in the southern part of the state.,1.3,480,1773126117.0458117,2026-03-10T08:01:57.045823,0.3292980194091797,0.436349093914032,Llama-3.3-70B-Instruct,70000000000,wiki,2326,116
news: There's just an amazing sense of trust and spontaneity; I feel so connected when I'm out there.,1.3,486,1773126168.282306,2026-03-10T08:02:48.282317,0.3321446478366852,0.4338197708129883,Llama-3.3-70B-Instruct,70000000000,news,2327,116
fiction: Cellular respiration results in the production of adenosine triphosphate (ATP) molecules for energy. The most efficient form of cellular respiration would result in the production of ATP along with which substances? (Answer: D),1.3,462,1773126219.9655926,2026-03-10T08:03:39.965603,0.3283180594444275,0.4554277956485748,Llama-3.3-70B-Instruct,70000000000,fiction,2328,116
fiction: The source of energy for the Earth's water cycle is the (Answer: B),1.3,492,1773126254.0340583,2026-03-10T08:04:14.034067,0.3638210892677307,0.4635520577430725,Llama-3.3-70B-Instruct,70000000000,fiction,2329,116
wiki: Joseph Raz states that the acceptance of authority implies the belief that following their instructions will afford more success.,1.3,489,1773126305.318827,2026-03-10T08:05:05.318836,0.3424336314201355,0.4447810351848602,Llama-3.3-70B-Instruct,70000000000,wiki,2330,116
"code: Explain what this code does:
def function_53(x): return x * 2",1.3,492,1773126356.572823,2026-03-10T08:05:56.572830,0.362086534500122,0.4615358114242553,Llama-3.3-70B-Instruct,70000000000,code,2331,116
"wiki: By the 9th century, the Caroline script, which was very similar to the present-day form, was the principal form used in book-making, before the advent of the printing press.",1.3,471,1773126408.1701598,2026-03-10T08:06:48.170170,0.3293236196041107,0.4465406239032745,Llama-3.3-70B-Instruct,70000000000,wiki,2332,116
news: Subscribe Also see,1.3,506,1773126453.4145834,2026-03-10T08:07:33.414592,0.3487691283226013,0.4392012357711792,Llama-3.3-70B-Instruct,70000000000,news,2333,116
"news: Offered in two different styles and either 2.5"" or 3"" heels, top industry professionals are loving how versatile and supportive these shoes are!",1.3,477,1773126504.896461,2026-03-10T08:08:24.896466,0.3409778773784637,0.4548333585262298,Llama-3.3-70B-Instruct,70000000000,news,2334,116
wiki: Over Antarctica snow albedo averages a little more than 0.8.,1.3,494,1773126556.2464538,2026-03-10T08:09:16.246464,0.3611694574356079,0.4606314897537231,Llama-3.3-70B-Instruct,70000000000,wiki,2335,116
"wiki: This benefited the urban areas that had developed, as well as all in the population who had been underrepresented for more than sixty years.",1.3,482,1773126607.629471,2026-03-10T08:10:07.629486,0.3211875259876251,0.4249078929424286,Llama-3.3-70B-Instruct,70000000000,wiki,2336,116
news: Log in with the user admin and the password you set when you created admin user earlier.,1.3,491,1773126658.947253,2026-03-10T08:10:58.947268,0.3366353511810303,0.4341112375259399,Llama-3.3-70B-Instruct,70000000000,news,2337,116
"wiki: Williams, Benjamin Buford.",1.3,503,1773126684.1198328,2026-03-10T08:11:24.119837,0.3577410578727722,0.4478325843811035,Llama-3.3-70B-Instruct,70000000000,wiki,2338,116
"fiction: One evening as it is getting dark, Alex sits on the front porch and watches the sun slowly disappear behind the neighbor's house across the street. Which explains this observation? (Answer: D)",1.3,470,1773126735.7004044,2026-03-10T08:12:15.700452,0.3286782205104828,0.4462955296039581,Llama-3.3-70B-Instruct,70000000000,fiction,2339,116
news: And then the last third is basically just direct quotes from his films and bringing them back to life.,1.3,489,1773126787.180982,2026-03-10T08:13:07.180997,0.3466886878013611,0.4486602246761322,Llama-3.3-70B-Instruct,70000000000,news,2340,117
"news: The Bolshoi Premiere of John Neumeier's Anna Karenina Last July Hamburg Ballet presented the world premiere of John Neumeier's Anna Karenina, a modern adaptation on Leo Tolstoy's famous novel.",1.3,465,1773126838.843486,2026-03-10T08:13:58.843499,0.3164978325366974,0.4378987848758697,Llama-3.3-70B-Instruct,70000000000,news,2341,117
"news: The device is smaller than a credit card, has no moving parts, generates no heat, is wall-mountable, is powered by a standard USB (or included mini USB), and offers a standard ethernet connection.",1.3,467,1773126890.4271843,2026-03-10T08:14:50.427198,0.3023870587348938,0.4188703000545501,Llama-3.3-70B-Instruct,70000000000,news,2342,117
wiki: The atypical antipsychotic drugs risperidone and aripiprazole are FDA-approved for treating associated aggressive and self-injurious behaviors.,1.3,477,1773126941.9933078,2026-03-10T08:15:41.993321,0.3328574299812317,0.4441090822219848,Llama-3.3-70B-Instruct,70000000000,wiki,2343,117
"wiki: Different types of clouds exhibit different reflectivity, theoretically ranging in albedo from a minimum of near 0 to a maximum approaching 0.8.",1.3,479,1773126993.496611,2026-03-10T08:16:33.496623,0.3500644266605377,0.4625262320041656,Llama-3.3-70B-Instruct,70000000000,wiki,2344,117
wiki: The term albedo was introduced into optics by Johann Heinrich Lambert in his 1760 work Photometria.,1.3,486,1773127044.8793988,2026-03-10T08:17:24.879413,0.344012439250946,0.4478019773960113,Llama-3.3-70B-Instruct,70000000000,wiki,2345,117
"wiki: Nonetheless, his ideas formed the inspiration for a series of modern schools around the world.",1.3,492,1773127096.243186,2026-03-10T08:18:16.243198,0.3573903739452362,0.4596942365169525,Llama-3.3-70B-Instruct,70000000000,wiki,2346,117
"news: Although the agreement was for the transients to get about $80 for their part in the scam, McNeight took half of the money and fled on foot.",1.3,476,1773127147.926649,2026-03-10T08:19:07.926661,0.3228908181190491,0.4354530870914459,Llama-3.3-70B-Instruct,70000000000,news,2347,117
"wiki: Alabama's constitution has been amended more than 700 times, and almost one-third of the amendments are local in nature, applying to only one county or city.",1.3,477,1773127199.4787064,2026-03-10T08:19:59.478720,0.3318154513835907,0.4431472718715668,Llama-3.3-70B-Instruct,70000000000,wiki,2348,117
"news: Said solution is Gitstorage, an easy-to-deploy appliance dedicated to housing your Git repositories.",1.3,490,1773127250.8097565,2026-03-10T08:20:50.809770,0.3374839425086975,0.4357853233814239,Llama-3.3-70B-Instruct,70000000000,news,2349,117
"wiki: Owen Thomas M. History of Alabama and Dictionary of Alabama Biography (4 vols, 1921).",1.3,488,1773127302.3194585,2026-03-10T08:21:42.319472,0.35708948969841,0.4618847668170929,Llama-3.3-70B-Instruct,70000000000,wiki,2350,117
"code: Explain what this code does:
def function_12(x): return x * 2",1.3,492,1773127353.7939446,2026-03-10T08:22:33.793958,0.3683242797851562,0.4691286981105804,Llama-3.3-70B-Instruct,70000000000,code,2351,117
"news: Even if you're a one-person shop consultancy, it can be easy to drown in a quagmire of projects.",1.3,484,1773127405.366959,2026-03-10T08:23:25.366973,0.3583138883113861,0.4676786661148071,Llama-3.3-70B-Instruct,70000000000,news,2352,117
wiki: and possibly Alabahmu.,1.3,502,1773127456.5413568,2026-03-10T08:24:16.541370,0.3555306196212768,0.4469219446182251,Llama-3.3-70B-Instruct,70000000000,wiki,2353,117
"news: Krohn joined NYCB as an apprentice in the fall of 1998 and slowly rose through the ranks, becoming a principal in 2012.",1.3,479,1773127508.0390563,2026-03-10T08:25:08.039070,0.3458165824413299,0.4573356509208679,Llama-3.3-70B-Instruct,70000000000,news,2354,117
"wiki: A genotype-first model of diagnosis has been proposed, which would routinely assess the genome's copy number variations.",1.3,488,1773127559.548251,2026-03-10T08:25:59.548264,0.3452551066875458,0.4481234848499298,Llama-3.3-70B-Instruct,70000000000,wiki,2355,117
"wiki: An estimated 60–80% of autistic people have motor signs that include poor muscle tone, poor motor planning, and toe walking;  deficits in motor coordination are pervasive across ASD and are greater in autism proper.",1.3,466,1773127611.208263,2026-03-10T08:26:51.208277,0.3122195899486542,0.4322427213191986,Llama-3.3-70B-Instruct,70000000000,wiki,2356,117
"news: According to Fullington, Balanchine took this slide from Ivanov's original choreography.",1.3,490,1773127662.601456,2026-03-10T08:27:42.601469,0.332060307264328,0.4298277199268341,Llama-3.3-70B-Instruct,70000000000,news,2357,117
"news: Regina, 40, will retire from the stage in March, just as her daughter starts her own career as a trainee.",1.3,483,1773127714.3473527,2026-03-10T08:28:34.347366,0.3436966836452484,0.4508799612522125,Llama-3.3-70B-Instruct,70000000000,news,2358,117
"news: I've always really loved the Balanchine black and white ballets, and there are some Robbins ballets that are always so fulfilling.",1.3,481,1773127765.9859111,2026-03-10T08:29:25.985925,0.3159225881099701,0.4211915135383606,Llama-3.3-70B-Instruct,70000000000,news,2359,117
"wiki: Summers in Alabama are among the hottest in the U.S., with high temperatures averaging over  throughout the summer in some parts of the state.",1.3,481,1773127817.4747765,2026-03-10T08:30:17.474790,0.3290227949619293,0.435384452342987,Llama-3.3-70B-Instruct,70000000000,wiki,2360,118
news: In general I would say the time that I've had onstage with some of my friends and dancing partners has been so special.,1.3,484,1773127868.836413,2026-03-10T08:31:08.836425,0.328382283449173,0.432728499174118,Llama-3.3-70B-Instruct,70000000000,news,2361,118
"news: For some, that means setting up a server and running a Git repository for the housing of proprietary or open source code.",1.3,485,1773127920.081184,2026-03-10T08:32:00.081196,0.3278709053993225,0.4302533268928528,Llama-3.3-70B-Instruct,70000000000,news,2362,118
"wiki: Alabama () is a state in the Southeastern region of the United States, bordered by Tennessee to the north; Georgia to the east; Florida and the Gulf of Mexico to the south; and Mississippi to the west.",1.3,466,1773127971.6341164,2026-03-10T08:32:51.634121,0.3442263603210449,0.4702097773551941,Llama-3.3-70B-Instruct,70000000000,wiki,2363,118
"wiki: In comparison, for PDD-NOS the association with intellectual disability is much weaker, and by definition, the diagnosis of Asperger's excludes intellectual disability.",1.3,477,1773128023.1057248,2026-03-10T08:33:43.105739,0.3226828873157501,0.4325299263000488,Llama-3.3-70B-Instruct,70000000000,wiki,2364,118
"code: Explain what this code does:
def function_23(x): return x * 2",1.3,492,1773128074.361483,2026-03-10T08:34:34.361496,0.3699139356613159,0.470551460981369,Llama-3.3-70B-Instruct,70000000000,code,2365,118
"wiki: A defence of philosophical anarchism, stating that ""both kinds of 'anarchism' [i.e.",1.3,487,1773128125.7253847,2026-03-10T08:35:25.725398,0.3461152911186218,0.4489748477935791,Llama-3.3-70B-Instruct,70000000000,wiki,2366,118
"code: Explain what this code does:
def function_10(x): return x * 2",1.3,492,1773128177.0428066,2026-03-10T08:36:17.042820,0.3680444955825805,0.4685367047786712,Llama-3.3-70B-Instruct,70000000000,code,2367,118
wiki: Siblings of children with ASD report greater admiration of and less conflict with the affected sibling than siblings of unaffected children and were similar to siblings of children with Down syndrome in these aspects of the sibling relationship.,1.3,469,1773128228.641004,2026-03-10T08:37:08.641017,0.3280864357948303,0.4477499723434448,Llama-3.3-70B-Instruct,70000000000,wiki,2368,118
wiki: Cotton and other cash crops faded in importance as the state developed a manufacturing and service base.,1.3,491,1773128279.9799588,2026-03-10T08:37:59.979972,0.3447349965572357,0.4430995881557464,Llama-3.3-70B-Instruct,70000000000,wiki,2369,118
"wiki: Not only did they confront state armed forces, as in Spain and Ukraine, but some of them also employed terrorism as propaganda of the deed.",1.3,481,1773128331.504242,2026-03-10T08:38:51.504254,0.3474076688289642,0.4575168490409851,Llama-3.3-70B-Instruct,70000000000,wiki,2370,118
"wiki: Anarchism calls for the abolition of the state, which it holds to be unnecessary, undesirable, and harmful.",1.3,486,1773128383.459289,2026-03-10T08:39:43.459301,0.3458977937698364,0.4488552510738373,Llama-3.3-70B-Instruct,70000000000,wiki,2371,118
wiki: Aerosols modify the properties of clouds through a subset of the aerosol population called cloud condensation nuclei.,1.3,488,1773128435.3320084,2026-03-10T08:40:35.332024,0.3589076995849609,0.4639333188533783,Llama-3.3-70B-Instruct,70000000000,wiki,2372,118
"news: Once I had that IP address, I could point my browser to that address and login with user root and password password.",1.3,485,1773128485.7551038,2026-03-10T08:41:25.755118,0.3419653177261352,0.4466547966003418,Llama-3.3-70B-Instruct,70000000000,news,2373,118
wiki: History  Pre-European settlement  Indigenous peoples of varying cultures lived in the area for thousands of years before the advent of European colonization.,1.3,483,1773128537.3781092,2026-03-10T08:42:17.378122,0.3557944595813751,0.4635390639305115,Llama-3.3-70B-Instruct,70000000000,wiki,2374,118
"wiki: 21st century  In 2001, Alabama Supreme Court chief justice Roy Moore installed a statue of the Ten Commandments in the capitol in Montgomery.",1.3,477,1773128589.101895,2026-03-10T08:43:09.101909,0.3298780620098114,0.439925342798233,Llama-3.3-70B-Instruct,70000000000,wiki,2375,118
"wiki: In 2010, per capita income for the state was $22,984.",1.3,492,1773128640.606483,2026-03-10T08:44:00.606497,0.3509659469127655,0.4497377574443817,Llama-3.3-70B-Instruct,70000000000,wiki,2376,118
"wiki: The Goodyear Tire and Rubber Company operates a large plant in Gadsden which employs about 1,400 people.",1.3,484,1773128663.06106,2026-03-10T08:44:23.061065,0.3460078239440918,0.4519459903240204,Llama-3.3-70B-Instruct,70000000000,wiki,2377,118
"wiki: In sunlight, dark clothes absorb more heat and light-coloured clothes reflect it better, thus allowing some control over body temperature by exploiting the albedo effect of the colour of external clothing.",1.3,472,1773128715.0831034,2026-03-10T08:45:15.083115,0.330947071313858,0.4467495679855346,Llama-3.3-70B-Instruct,70000000000,wiki,2378,118
"code: Explain what this code does:
def function_30(x): return x * 2",1.3,492,1773128766.457699,2026-03-10T08:46:06.457711,0.3658959567546844,0.4651940166950226,Llama-3.3-70B-Instruct,70000000000,code,2379,118
"wiki: Anarcho-syndicalism is a branch of anarchism that views labour syndicates as a potential force for revolutionary social change, replacing capitalism and the state with a new society democratically self-managed by workers.",1.3,464,1773128819.051391,2026-03-10T08:46:59.051404,0.3125941157341003,0.4340832829475403,Llama-3.3-70B-Instruct,70000000000,wiki,2380,119
"news: Additional security trainings on AWS Security Fundamentals, Authentication and Authorization with AWS Identity and Access Management, AWS Shared Responsibility Model, and AWS Well-Architected Training are also helpful.",1.3,472,1773128870.845508,2026-03-10T08:47:50.845514,0.3152163922786712,0.4276177585124969,Llama-3.3-70B-Instruct,70000000000,news,2381,119
"wiki: The overall federal, state, and local tax burden in Alabama ranks the state as the second least tax-burdened state in the country.",1.3,480,1773128922.5580485,2026-03-10T08:48:42.558057,0.3458249270915985,0.4553174376487732,Llama-3.3-70B-Instruct,70000000000,wiki,2382,119
wiki: It has been proposed to classify autism using genetics as well as behavior.,1.3,495,1773128974.0734024,2026-03-10T08:49:34.073407,0.3525618612766266,0.4469549357891083,Llama-3.3-70B-Instruct,70000000000,wiki,2383,119
fiction: How is a moth's life cycle most different from an insect that goes through incomplete metamorphosis? (Answer: A),1.3,484,1773129025.499284,2026-03-10T08:50:25.499289,0.3425957262516022,0.4478306472301483,Llama-3.3-70B-Instruct,70000000000,fiction,2384,119
"news: Email policies IT should have an email policy in place that hardens systems and can detect spam and viruses, Rickard said.",1.3,484,1773129077.0483754,2026-03-10T08:51:17.048381,0.3344720900058746,0.4374686181545257,Llama-3.3-70B-Instruct,70000000000,news,2385,119
news: The Canadian artist's many accolades include a 1952 Oscar for Best Documentary for his abstract short film Neighbours (watch the whole thing here).,1.3,479,1773129128.575139,2026-03-10T08:52:08.575149,0.3344676792621612,0.4439707994461059,Llama-3.3-70B-Instruct,70000000000,news,2386,119
"code: Explain what this code does:
def function_84(x): return x * 2",1.3,492,1773129180.196396,2026-03-10T08:53:00.196406,0.3667630851268768,0.4662481546401977,Llama-3.3-70B-Instruct,70000000000,code,2387,119
wiki: Urban interests were consistently underrepresented in the legislature.,1.3,499,1773129231.4062088,2026-03-10T08:53:51.406219,0.3624711036682129,0.4552214443683624,Llama-3.3-70B-Instruct,70000000000,wiki,2388,119
fiction: A student accidentally drops a test tube that breaks when it hits the floor. Which method is the best way to retrieve the broken glass? (Answer: C),1.3,477,1773129282.994336,2026-03-10T08:54:42.994355,0.3363895118236542,0.4473066627979278,Llama-3.3-70B-Instruct,70000000000,fiction,2389,119
"wiki: Cahaba, now a ghost town, was the first permanent state capital from 1820 to 1825.",1.3,486,1773129328.4812047,2026-03-10T08:55:28.481213,0.3564372956752777,0.4614068567752838,Llama-3.3-70B-Instruct,70000000000,wiki,2390,119
"code: Explain what this code does:
def function_69(x): return x * 2",1.3,492,1773129380.036309,2026-03-10T08:56:20.036318,0.3718834519386291,0.4727358520030975,Llama-3.3-70B-Instruct,70000000000,code,2391,119
"wiki: In the UK, from 1998 to 2018, the autism diagnoses increased by 787%.",1.3,488,1773129431.4704354,2026-03-10T08:57:11.470441,0.341156005859375,0.4412676095962524,Llama-3.3-70B-Instruct,70000000000,wiki,2392,119
news: The Nutcracker's first major exposure outside of Russia took place in London in 1934.,1.3,489,1773129483.0780914,2026-03-10T08:58:03.078100,0.3447944819927215,0.4446878135204315,Llama-3.3-70B-Instruct,70000000000,news,2393,119
"news: ""I think it says something that Alex trusts us to bring the work to its full realization,"" says Wheater.",1.3,486,1773129534.759227,2026-03-10T08:58:54.759234,0.3411771655082702,0.4436541199684143,Llama-3.3-70B-Instruct,70000000000,news,2394,119
"code: Explain what this code does:
def function_61(x): return x * 2",1.3,492,1773129586.0060167,2026-03-10T08:59:46.006021,0.3708297610282898,0.4713439047336578,Llama-3.3-70B-Instruct,70000000000,code,2395,119
wiki: No single treatment is best and treatment is typically tailored to the child's needs.,1.3,493,1773129637.3239536,2026-03-10T09:00:37.323958,0.364904373884201,0.4642276465892792,Llama-3.3-70B-Instruct,70000000000,wiki,2396,119
news: The other detail that will change with personal data access under GDPR is how long companies have to respond to your request.,1.3,486,1773129688.9477427,2026-03-10T09:01:28.947753,0.3427672088146209,0.4448086619377136,Llama-3.3-70B-Instruct,70000000000,news,2397,119
news: But the management of projects and ticket issues doesn't just fall on the heads of large companies.,1.3,490,1773129740.293679,2026-03-10T09:02:20.293701,0.3479090332984924,0.4463368952274322,Llama-3.3-70B-Instruct,70000000000,news,2398,119
"news: In one of 60 spacious dance studios at the Beijing Dance Academy, Pei Yu Meng practices a tricky step from Jorma Elo's Over Glow.",1.3,478,1773129791.841417,2026-03-10T09:03:11.841427,0.3417575359344482,0.4537072777748108,Llama-3.3-70B-Instruct,70000000000,news,2399,119
