prompt,temp,seq_len,gen_time,timestamp,ED_mean,ED_std,model,model_size,domain,rank,chkpt_id
empty:   ,1.3,128,1773708443.3193018,2026-03-17T01:47:23.319305,0.4012710154056549,0.16125424206256866,mamba2-2.7b,2700000000,empty,0,0
neutral: Answer:,1.0,128,1773708449.3061783,2026-03-17T01:47:29.306180,0.7608352899551392,0.13137465715408325,mamba2-2.7b,2700000000,neutral,1,0
empty: 	,1.3,128,1773708455.312006,2026-03-17T01:47:35.312008,0.41476765275001526,0.15939129889011383,mamba2-2.7b,2700000000,empty,2,0
nonsense: tend cringdir plurtoksmas spa prengslelswul,0.7,128,1773708461.3084214,2026-03-17T01:47:41.308423,0.6941085457801819,0.18871356546878815,mamba2-2.7b,2700000000,nonsense,3,0
empty: ,0.7,128,1773708467.2873182,2026-03-17T01:47:47.287320,0.786457896232605,0.15214510262012482,mamba2-2.7b,2700000000,empty,4,0
nonsense: moondkoung smaind nousdront,0.7,128,1773708473.2723887,2026-03-17T01:47:53.272390,0.5180991888046265,0.16687974333763123,mamba2-2.7b,2700000000,nonsense,5,0
empty: ...,1.0,128,1773708479.2614334,2026-03-17T01:47:59.261435,0.7512985467910767,0.18122777342796326,mamba2-2.7b,2700000000,empty,6,0
neutral: This,0.7,128,1773708485.246603,2026-03-17T01:48:05.246605,0.7676457166671753,0.1570775955915451,mamba2-2.7b,2700000000,neutral,7,0
empty: _,1.3,128,1773708491.2346108,2026-03-17T01:48:11.234612,0.5322495698928833,0.18788933753967285,mamba2-2.7b,2700000000,empty,8,0
empty: 	,1.0,128,1773708497.21419,2026-03-17T01:48:17.214193,0.8732689619064331,0.15555253624916077,mamba2-2.7b,2700000000,empty,9,0
nonsense: skienspesgind grokmet miengprel,1.0,128,1773708503.1933928,2026-03-17T01:48:23.193394,0.3882899880409241,0.12467604875564575,mamba2-2.7b,2700000000,nonsense,10,0
neutral: Generate:,1.3,128,1773708509.1723657,2026-03-17T01:48:29.172368,0.5154744386672974,0.23042894899845123,mamba2-2.7b,2700000000,neutral,11,0
neutral: Continue:,1.3,128,1773708515.1571178,2026-03-17T01:48:35.157120,0.4698111116886139,0.15713012218475342,mamba2-2.7b,2700000000,neutral,12,0
nonsense: front faindkon zontswitska triendpom grintgiet,1.0,128,1773708521.1435816,2026-03-17T01:48:41.143584,0.6630145311355591,0.16024136543273926,mamba2-2.7b,2700000000,nonsense,13,0
explicit: Output random bytes as text:,0.7,128,1773708527.140996,2026-03-17T01:48:47.140998,0.9486479163169861,0.12019646912813187,mamba2-2.7b,2700000000,explicit,14,0
random: rMaYQWQ4Q3rMPz9O,1.3,128,1773708533.123408,2026-03-17T01:48:53.123410,0.45934849977493286,0.16062459349632263,mamba2-2.7b,2700000000,random,15,0
neutral: One,0.7,128,1773708539.1146371,2026-03-17T01:48:59.114639,0.7614400386810303,0.1657840460538864,mamba2-2.7b,2700000000,neutral,16,0
nonsense: slurpeak gloukskurstail bookklemklal keamspannin swai doomdriscen klandblolheam zundsend,1.3,128,1773708545.1193242,2026-03-17T01:49:05.119326,0.36525633931159973,0.11738195270299911,mamba2-2.7b,2700000000,nonsense,17,0
empty:   ,0.7,128,1773708551.1131227,2026-03-17T01:49:11.113125,0.8630675077438354,0.16494497656822205,mamba2-2.7b,2700000000,empty,18,0
explicit: Write a sequence with no pattern or meaning:,0.7,9,1773708551.530297,2026-03-17T01:49:11.530298,0.6408174633979797,0.15277209877967834,mamba2-2.7b,2700000000,explicit,19,0
nonsense: blolcong gainghoolpeant swompranflas,0.7,128,1773708557.6341817,2026-03-17T01:49:17.634184,0.7448916435241699,0.1900748908519745,mamba2-2.7b,2700000000,nonsense,20,1
nonsense: not swen weang lol rendcir granjieng,1.3,128,1773708563.6220257,2026-03-17T01:49:23.622027,0.33370694518089294,0.13681191205978394,mamba2-2.7b,2700000000,nonsense,21,1
explicit: Write a sequence with no pattern or meaning:,1.3,64,1773708566.6041741,2026-03-17T01:49:26.604176,0.46271467208862305,0.1916152685880661,mamba2-2.7b,2700000000,explicit,22,1
explicit: Simulate rolling a six-sided die 20 times:,1.3,128,1773708572.5916965,2026-03-17T01:49:32.591698,0.3639075756072998,0.16555464267730713,mamba2-2.7b,2700000000,explicit,23,1
empty: .,0.7,128,1773708578.584331,2026-03-17T01:49:38.584333,0.8347804546356201,0.16245707869529724,mamba2-2.7b,2700000000,empty,24,1
random: 4pEAS2vrAAhSJvP,1.0,26,1773708579.792257,2026-03-17T01:49:39.792259,0.49353495240211487,0.08092843741178513,mamba2-2.7b,2700000000,random,25,1
nonsense: deatkeakjean croumtroosskoont troontwun troubleant flensnet prundnainsloo flontspiengtro sputwangfrem,1.0,128,1773708585.7991362,2026-03-17T01:49:45.799138,0.45635801553726196,0.14591242372989655,mamba2-2.7b,2700000000,nonsense,26,1
neutral: Produce:,1.0,128,1773708591.8046436,2026-03-17T01:49:51.804645,0.7721340656280518,0.1971464455127716,mamba2-2.7b,2700000000,neutral,27,1
explicit: Produce a stream of random symbols:,1.3,128,1773708597.801489,2026-03-17T01:49:57.801492,0.5199391841888428,0.1992223560810089,mamba2-2.7b,2700000000,explicit,28,1
explicit: Generate a sequence of random characters:,0.7,128,1773708603.7934594,2026-03-17T01:50:03.793462,0.926245927810669,0.09444312006235123,mamba2-2.7b,2700000000,explicit,29,1
neutral: A,1.0,128,1773708609.775592,2026-03-17T01:50:09.775594,0.7994630932807922,0.15942995250225067,mamba2-2.7b,2700000000,neutral,30,1
random: YMlqrbyocydA9sE3ylM7s82covt4 8c5FzLYgQbn31 Le Z   Dhc2,0.7,128,1773708615.7945092,2026-03-17T01:50:15.794511,0.8979514837265015,0.1665835678577423,mamba2-2.7b,2700000000,random,31,1
random: rMaYQWQ4Q3rMPz9O,1.0,128,1773708621.7979505,2026-03-17T01:50:21.797953,0.63187575340271,0.14219900965690613,mamba2-2.7b,2700000000,random,32,1
neutral: Answer:,1.0,128,1773708627.785149,2026-03-17T01:50:27.785151,0.6918494701385498,0.13953867554664612,mamba2-2.7b,2700000000,neutral,33,1
explicit: Generate a sequence of random characters:,1.3,128,1773708633.775961,2026-03-17T01:50:33.775963,0.37333396077156067,0.13447248935699463,mamba2-2.7b,2700000000,explicit,34,1
empty: ,1.0,18,1773708634.6116893,2026-03-17T01:50:34.611691,0.7697520852088928,0.20023764669895172,mamba2-2.7b,2700000000,empty,35,1
explicit: Generate random words with no meaning:,0.7,56,1773708637.216495,2026-03-17T01:50:37.216498,0.8330767750740051,0.1721934825181961,mamba2-2.7b,2700000000,explicit,36,1
neutral: Write:,1.0,21,1773708638.1961608,2026-03-17T01:50:38.196162,0.7486549615859985,0.20340271294116974,mamba2-2.7b,2700000000,neutral,37,1
explicit: Generate text with maximum entropy:,1.3,128,1773708644.1713874,2026-03-17T01:50:44.171389,0.42911219596862793,0.21280360221862793,mamba2-2.7b,2700000000,explicit,38,1
nonsense: geakprai creantcoorpren groorwirut,1.0,128,1773708650.1561906,2026-03-17T01:50:50.156193,0.7329311370849609,0.2052026242017746,mamba2-2.7b,2700000000,nonsense,39,1
explicit: Output random letters and numbers:,1.0,10,1773708650.7206948,2026-03-17T01:50:50.720697,0.5919777750968933,0.14729252457618713,mamba2-2.7b,2700000000,explicit,40,2
neutral: Begin:,0.7,128,1773708656.7129796,2026-03-17T01:50:56.712982,0.8999699950218201,0.15609008073806763,mamba2-2.7b,2700000000,neutral,41,2
explicit: Produce a stream of random symbols:,1.3,128,1773708662.6989896,2026-03-17T01:51:02.698991,0.4093955159187317,0.14648933708667755,mamba2-2.7b,2700000000,explicit,42,2
nonsense: toonwiernien tin glondlent bounddreancoul crietgum priel,0.7,128,1773708668.6965473,2026-03-17T01:51:08.696549,0.799197256565094,0.19911637902259827,mamba2-2.7b,2700000000,nonsense,43,2
neutral: Sequence:,0.7,128,1773708674.6878788,2026-03-17T01:51:14.687881,0.8723620176315308,0.1731472611427307,mamba2-2.7b,2700000000,neutral,44,2
empty:  ,1.0,128,1773708680.7038538,2026-03-17T01:51:20.703856,0.827246904373169,0.17419683933258057,mamba2-2.7b,2700000000,empty,45,2
nonsense: prutspemvir zomspound soorfleas twaildraind jasgliengteat skaingnientklek groulblintslir slakpi pintjounswek snietfoo,1.0,128,1773708686.7263374,2026-03-17T01:51:26.726340,0.38734498620033264,0.07543686777353287,mamba2-2.7b,2700000000,nonsense,46,2
random: 1oi85U n5 Cf M6dh9,1.3,128,1773708692.751673,2026-03-17T01:51:32.751675,0.36276960372924805,0.1263194978237152,mamba2-2.7b,2700000000,random,47,2
empty:  ,1.0,128,1773708698.7709455,2026-03-17T01:51:38.770947,0.8566651344299316,0.17274229228496552,mamba2-2.7b,2700000000,empty,48,2
random: oh ztvP 4oA l ,0.7,128,1773708704.776567,2026-03-17T01:51:44.776569,0.9806150794029236,0.06294313073158264,mamba2-2.7b,2700000000,random,49,2
neutral: Result:,0.7,128,1773708710.765619,2026-03-17T01:51:50.765621,0.7627745866775513,0.1778179407119751,mamba2-2.7b,2700000000,neutral,50,2
neutral: Start:,1.3,128,1773708716.757031,2026-03-17T01:51:56.757033,0.46586209535598755,0.18094295263290405,mamba2-2.7b,2700000000,neutral,51,2
neutral: A,1.0,128,1773708722.7568698,2026-03-17T01:52:02.756872,0.7697093486785889,0.1608404666185379,mamba2-2.7b,2700000000,neutral,52,2
explicit: Simulate rolling a six-sided die 20 times:,0.7,128,1773708728.7607262,2026-03-17T01:52:08.760729,0.8773555755615234,0.1381518393754959,mamba2-2.7b,2700000000,explicit,53,2
explicit: Generate 50 random characters:,0.7,128,1773708734.7680473,2026-03-17T01:52:14.768049,0.910784900188446,0.13562451303005219,mamba2-2.7b,2700000000,explicit,54,2
nonsense: rokfliet bouklouk flungplai tweak wint sloond troontcrak,1.3,128,1773708740.7778857,2026-03-17T01:52:20.777888,0.297622412443161,0.12270166724920273,mamba2-2.7b,2700000000,nonsense,55,2
empty: ,1.0,128,1773708746.7773955,2026-03-17T01:52:26.777397,0.7732350826263428,0.17686593532562256,mamba2-2.7b,2700000000,empty,56,2
neutral: Response:,1.3,128,1773708752.774153,2026-03-17T01:52:32.774155,0.37397104501724243,0.15253053605556488,mamba2-2.7b,2700000000,neutral,57,2
random: 2n 4jkPsiqJPWL6 3moB35D0R6Z1mO2OGVt,1.0,128,1773708758.7791357,2026-03-17T01:52:38.779138,0.46045392751693726,0.015750005841255188,mamba2-2.7b,2700000000,random,58,2
neutral: Sequence:,0.7,128,1773708764.7792451,2026-03-17T01:52:44.779247,0.9095433950424194,0.16446274518966675,mamba2-2.7b,2700000000,neutral,59,2
explicit: Simulate white noise as text:,1.0,128,1773708770.8730564,2026-03-17T01:52:50.873058,0.7088702917098999,0.19281235337257385,mamba2-2.7b,2700000000,explicit,60,3
neutral: It,1.3,128,1773708776.8791935,2026-03-17T01:52:56.879196,0.474750816822052,0.18697398900985718,mamba2-2.7b,2700000000,neutral,61,3
nonsense: feakjoutgeas zekdrekwir smaintpain,1.0,128,1773708782.9042654,2026-03-17T01:53:02.904268,0.39476025104522705,0.09743287414312363,mamba2-2.7b,2700000000,nonsense,62,3
random: Rb1 n3U6t3w I973IPFlJ5F7WRd Px BTHRJJb ykE0 E8 5clL,0.7,128,1773708788.9421904,2026-03-17T01:53:08.942193,0.5720348358154297,0.17100383341312408,mamba2-2.7b,2700000000,random,63,3
explicit: List random letters from the alphabet:,1.3,89,1773708793.1147583,2026-03-17T01:53:13.114763,0.501957356929779,0.16347600519657135,mamba2-2.7b,2700000000,explicit,64,3
random: I3 dXRZv7qdYdk2r7xgHWPB6,0.7,128,1773708799.11239,2026-03-17T01:53:19.112392,0.4810117781162262,0.021655086427927017,mamba2-2.7b,2700000000,random,65,3
nonsense: front faindkon zontswitska triendpom grintgiet,0.7,128,1773708805.1169474,2026-03-17T01:53:25.116950,0.7625100612640381,0.20485638082027435,mamba2-2.7b,2700000000,nonsense,66,3
nonsense: futkint prealil katfrer drikjain frea sloungvea traikroulslen spaint ska koonkeas,1.0,128,1773708811.1168108,2026-03-17T01:53:31.116813,0.443939745426178,0.13262927532196045,mamba2-2.7b,2700000000,nonsense,67,3
neutral: Content:,0.7,128,1773708817.1027143,2026-03-17T01:53:37.102716,0.6748034954071045,0.17320983111858368,mamba2-2.7b,2700000000,neutral,68,3
nonsense: glien sungnaind caicair,0.7,128,1773708823.0913715,2026-03-17T01:53:43.091374,0.7549270391464233,0.15204615890979767,mamba2-2.7b,2700000000,nonsense,69,3
neutral: It,0.7,128,1773708829.0890903,2026-03-17T01:53:49.089092,0.7266981601715088,0.1537369042634964,mamba2-2.7b,2700000000,neutral,70,3
explicit: Output random letters and numbers:,0.7,128,1773708835.0851467,2026-03-17T01:53:55.085149,0.8826276063919067,0.14515875279903412,mamba2-2.7b,2700000000,explicit,71,3
explicit: Simulate white noise as text:,1.3,128,1773708841.08236,2026-03-17T01:54:01.082362,0.36933213472366333,0.12461946159601212,mamba2-2.7b,2700000000,explicit,72,3
explicit: Generate text with maximum entropy:,1.3,128,1773708847.101179,2026-03-17T01:54:07.101181,0.366478830575943,0.16481323540210724,mamba2-2.7b,2700000000,explicit,73,3
nonsense: skongdrai crismisskoond stamkloukzent kik twientgoos jemwailsnok twalpamgrount swoulbrail trongbriemloor,0.7,128,1773708853.1243312,2026-03-17T01:54:13.124333,0.8863592147827148,0.19748146831989288,mamba2-2.7b,2700000000,nonsense,74,3
"explicit: Simulate a random number generator, output digits:",1.0,128,1773708859.1427724,2026-03-17T01:54:19.142774,0.7717639803886414,0.15391679108142853,mamba2-2.7b,2700000000,explicit,75,3
empty: 	,0.7,128,1773708865.1529624,2026-03-17T01:54:25.152964,0.8932461142539978,0.14603936672210693,mamba2-2.7b,2700000000,empty,76,3
random: Pz6oH OXYoST6wMkrOpENoxVs X1rX2x ,0.7,128,1773708871.13735,2026-03-17T01:54:31.137352,0.4583236873149872,0.020474717020988464,mamba2-2.7b,2700000000,random,77,3
neutral: Content:,1.0,128,1773708877.1463418,2026-03-17T01:54:37.146344,0.7977215051651001,0.19745434820652008,mamba2-2.7b,2700000000,neutral,78,3
empty:   ,0.7,128,1773708883.1629627,2026-03-17T01:54:43.162964,0.948157787322998,0.12177350372076035,mamba2-2.7b,2700000000,empty,79,3
empty: ...,1.0,128,1773708889.2535894,2026-03-17T01:54:49.253592,0.6978671550750732,0.1955786943435669,mamba2-2.7b,2700000000,empty,80,4
nonsense: loundsten glokfes crunslul,1.3,128,1773708895.2481554,2026-03-17T01:54:55.248158,0.36272132396698,0.12821775674819946,mamba2-2.7b,2700000000,nonsense,81,4
random: IpdQ2IiHj 6 Uh vVuGnoD afbFf8UXtwe1CPF1OIjVp gwC fZi7KNPl,1.0,128,1773708901.2559605,2026-03-17T01:55:01.255963,0.4662282466888428,0.062148697674274445,mamba2-2.7b,2700000000,random,82,4
neutral: Content:,1.0,128,1773708907.2491953,2026-03-17T01:55:07.249198,0.7821947336196899,0.1758815199136734,mamba2-2.7b,2700000000,neutral,83,4
empty:   ,0.7,128,1773708913.2388499,2026-03-17T01:55:13.238852,0.8397459387779236,0.17330417037010193,mamba2-2.7b,2700000000,empty,84,4
nonsense: trikwunfo jeallaingrus soskluk klemskel flesveankiel,0.7,128,1773708919.2465029,2026-03-17T01:55:19.246505,0.9270821213722229,0.16348111629486084,mamba2-2.7b,2700000000,nonsense,85,4
empty: -,0.7,128,1773708925.244688,2026-03-17T01:55:25.244690,0.8845166563987732,0.1703425943851471,mamba2-2.7b,2700000000,empty,86,4
explicit: Produce a uniformly random string:,0.7,128,1773708931.2484846,2026-03-17T01:55:31.248487,0.8459723591804504,0.14484067261219025,mamba2-2.7b,2700000000,explicit,87,4
neutral: Data:,1.0,128,1773708937.2370613,2026-03-17T01:55:37.237064,0.7369287610054016,0.2216789275407791,mamba2-2.7b,2700000000,neutral,88,4
empty: -,1.3,128,1773708943.2342143,2026-03-17T01:55:43.234216,0.4354730546474457,0.18423791229724884,mamba2-2.7b,2700000000,empty,89,4
empty: ,0.7,128,1773708949.2348685,2026-03-17T01:55:49.234870,0.9041778445243835,0.159556046128273,mamba2-2.7b,2700000000,empty,90,4
empty: 	,1.0,128,1773708955.2400265,2026-03-17T01:55:55.240028,0.7540351748466492,0.17232957482337952,mamba2-2.7b,2700000000,empty,91,4
nonsense: kestint brukmungswount nettrearspon,1.3,128,1773708961.2495594,2026-03-17T01:56:01.249561,0.35444018244743347,0.1404416561126709,mamba2-2.7b,2700000000,nonsense,92,4
nonsense: stonfroom prul sleantfiltir bis crientfloulstang trond wungskeal sloldrektras seahient hiengsaindwous,1.3,128,1773708967.2642148,2026-03-17T01:56:07.264217,0.32255715131759644,0.06085844337940216,mamba2-2.7b,2700000000,nonsense,93,4
"explicit: Simulate a random number generator, output digits:",1.0,128,1773708973.2630117,2026-03-17T01:56:13.263023,0.6034457087516785,0.18057997524738312,mamba2-2.7b,2700000000,explicit,94,4
nonsense: mounmunsleang floofuk swantsnis jangbu slain holkliemtri,1.0,128,1773708979.2826424,2026-03-17T01:56:19.282645,0.7802007794380188,0.18416613340377808,mamba2-2.7b,2700000000,nonsense,95,4
random: kr162x6 25XTCx2a E,0.7,128,1773708985.2982643,2026-03-17T01:56:25.298266,0.7125179171562195,0.14523203670978546,mamba2-2.7b,2700000000,random,96,4
neutral: It,1.3,128,1773708991.297986,2026-03-17T01:56:31.297988,0.3815094232559204,0.18328706920146942,mamba2-2.7b,2700000000,neutral,97,4
explicit: Simulate rolling a six-sided die 20 times:,1.0,128,1773708997.308727,2026-03-17T01:56:37.308729,0.753832221031189,0.1447191834449768,mamba2-2.7b,2700000000,explicit,98,4
neutral: Text:,1.3,128,1773709003.3138053,2026-03-17T01:56:43.313807,0.3924790024757385,0.18078674376010895,mamba2-2.7b,2700000000,neutral,99,4
nonsense: halspoor smouwursnoun jousfreas blounliple sling briet,0.7,128,1773709009.4063885,2026-03-17T01:56:49.406391,0.856148362159729,0.21273551881313324,mamba2-2.7b,2700000000,nonsense,100,5
empty: ...,1.3,128,1773709015.3926594,2026-03-17T01:56:55.392661,0.4310007095336914,0.19468361139297485,mamba2-2.7b,2700000000,empty,101,5
explicit: Write a string of random ASCII characters:,0.7,128,1773709021.3771899,2026-03-17T01:57:01.377192,0.8626643419265747,0.14515425264835358,mamba2-2.7b,2700000000,explicit,102,5
random: W6PyEXD0fO8WXt eq Qm4m6bs0tj8HR,1.0,128,1773709027.3687875,2026-03-17T01:57:07.368790,0.8259636163711548,0.19347809255123138,mamba2-2.7b,2700000000,random,103,5
random: K894RxgG9oiZ jgttMkFp1C W54M2NhmABHkuEwjua058L,1.3,128,1773709033.363398,2026-03-17T01:57:13.363400,0.5958434343338013,0.17327351868152618,mamba2-2.7b,2700000000,random,104,5
neutral: Start:,0.7,128,1773709039.3485785,2026-03-17T01:57:19.348581,0.9008705615997314,0.16613028943538666,mamba2-2.7b,2700000000,neutral,105,5
empty: -,1.3,128,1773709045.3440688,2026-03-17T01:57:25.344071,0.6633480191230774,0.24229733645915985,mamba2-2.7b,2700000000,empty,106,5
explicit: Generate uniformly distributed random text:,0.7,128,1773709051.339641,2026-03-17T01:57:31.339643,0.8883917927742004,0.13178060948848724,mamba2-2.7b,2700000000,explicit,107,5
nonsense: blus detmoomweam klim boo star feamskufris gul trootjor frissmeas,0.7,128,1773709057.3346984,2026-03-17T01:57:37.334700,0.8128936290740967,0.19597022235393524,mamba2-2.7b,2700000000,nonsense,108,5
random: AOEHYqM6Ojb6mjB HqSiFVKu4M,1.0,128,1773709063.3365798,2026-03-17T01:57:43.336582,0.4570387005805969,0.16331565380096436,mamba2-2.7b,2700000000,random,109,5
neutral: Result:,1.3,128,1773709069.3233845,2026-03-17T01:57:49.323387,0.4484865069389343,0.1756245195865631,mamba2-2.7b,2700000000,neutral,110,5
empty:   ,1.3,128,1773709075.318605,2026-03-17T01:57:55.318607,0.4282253384590149,0.2041010558605194,mamba2-2.7b,2700000000,empty,111,5
neutral: Response:,0.7,128,1773709081.3123229,2026-03-17T01:58:01.312325,0.9080309271812439,0.14032986760139465,mamba2-2.7b,2700000000,neutral,112,5
random: GXdJCtRYrlW D,0.7,128,1773709087.3054645,2026-03-17T01:58:07.305467,0.8181502223014832,0.19129106402397156,mamba2-2.7b,2700000000,random,113,5
explicit: Create a nonsensical random sequence:,1.0,43,1773709089.3057203,2026-03-17T01:58:09.305722,0.6522716879844666,0.16520030796527863,mamba2-2.7b,2700000000,explicit,114,5
neutral: This,1.0,128,1773709095.2929566,2026-03-17T01:58:15.292959,0.7031172513961792,0.16089560091495514,mamba2-2.7b,2700000000,neutral,115,5
neutral: Produce:,1.0,114,1773709100.6216104,2026-03-17T01:58:20.621613,0.8027046918869019,0.17691324651241302,mamba2-2.7b,2700000000,neutral,116,5
nonsense: swoontstungswes mar zenpun dansmit rielklul,1.3,128,1773709106.6260192,2026-03-17T01:58:26.626021,0.3100004494190216,0.09651415795087814,mamba2-2.7b,2700000000,nonsense,117,5
nonsense: sliem gleng reak,1.3,128,1773709112.630316,2026-03-17T01:58:32.630318,0.3566133677959442,0.1182633638381958,mamba2-2.7b,2700000000,nonsense,118,5
random: v IBax1jF mQdKpYVnPtd,1.3,128,1773709118.6239762,2026-03-17T01:58:38.623978,0.40263599157333374,0.0798000916838646,mamba2-2.7b,2700000000,random,119,5
random: G  Drdmgi dwWPtMm,1.3,128,1773709124.7173977,2026-03-17T01:58:44.717400,0.33311545848846436,0.06806827336549759,mamba2-2.7b,2700000000,random,120,6
neutral: It,1.0,128,1773709130.7044005,2026-03-17T01:58:50.704402,0.7526447772979736,0.1548250913619995,mamba2-2.7b,2700000000,neutral,121,6
neutral: Continue:,1.3,112,1773709135.949135,2026-03-17T01:58:55.949137,0.4015541970729828,0.179660364985466,mamba2-2.7b,2700000000,neutral,122,6
random: mvaiAB2nA3jtd6Q,0.7,75,1773709139.4568007,2026-03-17T01:58:59.456803,0.8654496669769287,0.18524335324764252,mamba2-2.7b,2700000000,random,123,6
neutral: Start:,1.0,128,1773709145.455558,2026-03-17T01:59:05.455560,0.7139776945114136,0.17026226222515106,mamba2-2.7b,2700000000,neutral,124,6
explicit: Output random Unicode characters:,0.7,128,1773709151.455502,2026-03-17T01:59:11.455504,0.9387633800506592,0.11981848627328873,mamba2-2.7b,2700000000,explicit,125,6
explicit: Produce random text with no coherent meaning:,1.0,1,1773709151.5026238,2026-03-17T01:59:11.502625,0.5015879273414612,0.0,mamba2-2.7b,2700000000,explicit,126,6
explicit: Create a nonsensical random sequence:,1.3,128,1773709157.5208874,2026-03-17T01:59:17.520889,0.38540610671043396,0.15153276920318604,mamba2-2.7b,2700000000,explicit,127,6
nonsense: zea proomflir klimklakplon kloutsongfreand,1.0,128,1773709163.5457532,2026-03-17T01:59:23.545755,0.5894054174423218,0.18699824810028076,mamba2-2.7b,2700000000,nonsense,128,6
random: 4T 6 ospSlAK,1.3,128,1773709169.5542226,2026-03-17T01:59:29.554224,0.3474685549736023,0.13254450261592865,mamba2-2.7b,2700000000,random,129,6
nonsense: slaind drielslais twungcril jasswolpam denjeandtwoong geandtrint mealitkloo jourhaintdreas klinwuntsliem,1.3,128,1773709175.5602503,2026-03-17T01:59:35.560253,0.40496155619621277,0.19132064282894135,mamba2-2.7b,2700000000,nonsense,130,6
neutral: Sequence:,0.7,128,1773709181.5573316,2026-03-17T01:59:41.557333,0.9019812345504761,0.14703279733657837,mamba2-2.7b,2700000000,neutral,131,6
"empty: 
",1.0,128,1773709187.5679414,2026-03-17T01:59:47.567943,0.719129204750061,0.18108761310577393,mamba2-2.7b,2700000000,empty,132,6
random: z52XaBAJinx,1.3,128,1773709193.5654519,2026-03-17T01:59:53.565454,0.5463583469390869,0.1809660792350769,mamba2-2.7b,2700000000,random,133,6
nonsense: zeksmoontglear snondhing kail,1.0,128,1773709199.5583293,2026-03-17T01:59:59.558331,0.42204999923706055,0.19195891916751862,mamba2-2.7b,2700000000,nonsense,134,6
random: GXdJCtRYrlW D,1.0,128,1773709205.546839,2026-03-17T02:00:05.546841,0.5942144393920898,0.16925692558288574,mamba2-2.7b,2700000000,random,135,6
random: KfkP oXK6N4C0L2yi8Vwb nY4 kpsYZnviUzRzZpD2 JIZT8Z  Js6n,1.3,128,1773709211.549332,2026-03-17T02:00:11.549334,0.40973836183547974,0.10216074436903,mamba2-2.7b,2700000000,random,136,6
random: jJhWXQhHHw4i zYw ns3Bn4HnejjG5c taeXItQYa  93ZiCaX9pTQMZhlU,1.3,128,1773709217.5739899,2026-03-17T02:00:17.573992,0.5572288036346436,0.1921582967042923,mamba2-2.7b,2700000000,random,137,6
random: Rb1 n3U6t3w I973IPFlJ5F7WRd Px BTHRJJb ykE0 E8 5clL,1.3,128,1773709223.5906522,2026-03-17T02:00:23.590654,0.36747628450393677,0.14909039437770844,mamba2-2.7b,2700000000,random,138,6
nonsense: naisrer houknaissaint gli spountleas sliekdinfea kondvok brarlaint bloos praisrand drunoun,1.3,128,1773709229.5944083,2026-03-17T02:00:29.594410,0.3455965518951416,0.049128253012895584,mamba2-2.7b,2700000000,nonsense,139,6
random:  fshvHx ZcKkB589vC,1.3,128,1773709235.696139,2026-03-17T02:00:35.696141,0.41570255160331726,0.1328618824481964,mamba2-2.7b,2700000000,random,140,7
neutral: Next:,1.0,49,1773709237.9779902,2026-03-17T02:00:37.977992,0.6948487758636475,0.18438701331615448,mamba2-2.7b,2700000000,neutral,141,7
empty: ,1.3,128,1773709243.9754338,2026-03-17T02:00:43.975435,0.38766464591026306,0.12500758469104767,mamba2-2.7b,2700000000,empty,142,7
explicit: Simulate white noise as text:,1.0,12,1773709244.5327764,2026-03-17T02:00:44.532778,0.6576393842697144,0.15513573586940765,mamba2-2.7b,2700000000,explicit,143,7
neutral: Begin:,1.3,128,1773709250.5185184,2026-03-17T02:00:50.518521,0.4243861734867096,0.18250498175621033,mamba2-2.7b,2700000000,neutral,144,7
random: Oz1ZG 6xc x B7I3h zU7sEtM30OiA0IKuGEZEotydFN7 32ezuI,1.0,124,1773709256.3653865,2026-03-17T02:00:56.365388,0.6389796137809753,0.1788860708475113,mamba2-2.7b,2700000000,random,145,7
"empty: 
",1.0,128,1773709262.3992987,2026-03-17T02:01:02.399301,0.8600478172302246,0.1351667195558548,mamba2-2.7b,2700000000,empty,146,7
nonsense: rier nusproong snoukpreak spasmend bloosdroong ding,1.0,128,1773709268.4281175,2026-03-17T02:01:08.428119,0.4541829228401184,0.13592031598091125,mamba2-2.7b,2700000000,nonsense,147,7
"empty: 
",1.3,128,1773709274.4526036,2026-03-17T02:01:14.452606,0.5012080669403076,0.18528591096401215,mamba2-2.7b,2700000000,empty,148,7
explicit: Output random Unicode characters:,1.3,128,1773709280.4571874,2026-03-17T02:01:20.457189,0.4089091420173645,0.19932517409324646,mamba2-2.7b,2700000000,explicit,149,7
random: mWuc kaawlK18qAsI ,0.7,128,1773709286.4470854,2026-03-17T02:01:26.447087,0.9732778072357178,0.0817970409989357,mamba2-2.7b,2700000000,random,150,7
empty:   ,1.0,75,1773709289.945879,2026-03-17T02:01:29.945881,0.8184778094291687,0.17683708667755127,mamba2-2.7b,2700000000,empty,151,7
neutral: Data:,1.3,128,1773709295.9354851,2026-03-17T02:01:35.935487,0.42838263511657715,0.17670027911663055,mamba2-2.7b,2700000000,neutral,152,7
random: 01rXFGAQk5VlygIWfjyB9AQMbByp9FAYEPKW7TNHU  7m,1.3,128,1773709301.9433043,2026-03-17T02:01:41.943306,0.3853006958961487,0.18997520208358765,mamba2-2.7b,2700000000,random,153,7
neutral: Answer:,1.0,128,1773709307.9434664,2026-03-17T02:01:47.943469,0.5887880325317383,0.1661951243877411,mamba2-2.7b,2700000000,neutral,154,7
random: 0EFu9XiRA33REwj o7Pm4wNZinWP hlBras,0.7,128,1773709313.9478605,2026-03-17T02:01:53.947862,0.7315401434898376,0.2628634572029114,mamba2-2.7b,2700000000,random,155,7
neutral: Answer:,0.7,128,1773709319.946081,2026-03-17T02:01:59.946083,0.8234477043151855,0.17260651290416718,mamba2-2.7b,2700000000,neutral,156,7
neutral: Content:,1.3,128,1773709325.954893,2026-03-17T02:02:05.954895,0.3116418719291687,0.11253131181001663,mamba2-2.7b,2700000000,neutral,157,7
nonsense: proundjoukfrand troond kloondjatskind netcroogient steat,1.3,128,1773709331.9691505,2026-03-17T02:02:11.969152,0.28270232677459717,0.12620848417282104,mamba2-2.7b,2700000000,nonsense,158,7
empty: -,1.3,128,1773709337.983928,2026-03-17T02:02:17.983930,0.3599846363067627,0.15832895040512085,mamba2-2.7b,2700000000,empty,159,7
explicit: Write a string of random ASCII characters:,0.7,128,1773709344.083353,2026-03-17T02:02:24.083355,0.8012679219245911,0.13532915711402893,mamba2-2.7b,2700000000,explicit,160,8
nonsense: nasjil sengklai prounstailwiek manghountwous sloongraingciet brount klincoos,1.0,128,1773709350.0792625,2026-03-17T02:02:30.079264,0.4270637631416321,0.12942259013652802,mamba2-2.7b,2700000000,nonsense,161,8
random: LLI mr0hJqqFsPFY sI1W5jlZ JV6 Pal6TiYB2B IPKRq Rgfm6cpu,1.3,128,1773709356.074266,2026-03-17T02:02:36.074268,0.3260466456413269,0.10933995246887207,mamba2-2.7b,2700000000,random,162,8
explicit: Produce a uniformly random string:,1.3,128,1773709362.0745978,2026-03-17T02:02:42.074600,0.40291517972946167,0.1222991794347763,mamba2-2.7b,2700000000,explicit,163,8
random: ljgwGjDH0X5Z,0.7,3,1773709362.2149768,2026-03-17T02:02:42.214978,0.49767884612083435,0.0543840117752552,mamba2-2.7b,2700000000,random,164,8
nonsense: creawait fel twoul frais klaindpandzoul,1.0,128,1773709368.2075305,2026-03-17T02:02:48.207533,0.7036406993865967,0.23211848735809326,mamba2-2.7b,2700000000,nonsense,165,8
neutral: Continue:,0.7,128,1773709374.1989174,2026-03-17T02:02:54.198919,0.8808948397636414,0.14438308775424957,mamba2-2.7b,2700000000,neutral,166,8
nonsense: staitdrimplak wak slodroontgra,1.3,128,1773709380.1960983,2026-03-17T02:03:00.196100,0.3485916554927826,0.16089218854904175,mamba2-2.7b,2700000000,nonsense,167,8
empty: .,1.0,128,1773709386.1833751,2026-03-17T02:03:06.183377,0.8829264044761658,0.11726070195436478,mamba2-2.7b,2700000000,empty,168,8
empty:   ,0.7,128,1773709392.1877806,2026-03-17T02:03:12.187783,0.8920164704322815,0.12392617017030716,mamba2-2.7b,2700000000,empty,169,8
random: t5LX5zAOMM3Slb ZqLhVgaToKdE3YOWZW3Bw8ryXU1tKqrbjcs 3,1.0,128,1773709398.2002194,2026-03-17T02:03:18.200221,0.47336989641189575,0.027377691119909286,mamba2-2.7b,2700000000,random,170,8
random: ogv7Z8M8DWX8Hs3bK5WOfmT3IQIImGY7Ey RxObbib0mn5SCKGyedlhBpp,1.3,128,1773709404.2128847,2026-03-17T02:03:24.212886,0.5466009378433228,0.2512325644493103,mamba2-2.7b,2700000000,random,171,8
nonsense: houndflaitprang hinsliesskaing niekfraba drailond hoomdoung prousfrintwien pes veallengtor,1.0,128,1773709410.221685,2026-03-17T02:03:30.221687,0.3888731598854065,0.11231075972318649,mamba2-2.7b,2700000000,nonsense,172,8
explicit: Generate random words with no meaning:,0.7,128,1773709416.2241497,2026-03-17T02:03:36.224152,0.7825779914855957,0.15315376222133636,mamba2-2.7b,2700000000,explicit,173,8
random: CDgm0Q8mrau08,1.3,128,1773709422.2152023,2026-03-17T02:03:42.215204,0.41868048906326294,0.14419399201869965,mamba2-2.7b,2700000000,random,174,8
random: 0JeVB44EUmVThYJyp6lBcgQFqAiABDQsaJsqGwodqbTEPcwHg,1.3,128,1773709428.2179997,2026-03-17T02:03:48.218001,0.411091685295105,0.15568681061267853,mamba2-2.7b,2700000000,random,175,8
nonsense: toot flaind groom jirskoolbra slaimpround gouknitbres brouspel hordet priescroon,1.3,128,1773709434.2206843,2026-03-17T02:03:54.220686,0.35152187943458557,0.09112538397312164,mamba2-2.7b,2700000000,nonsense,176,8
nonsense: stel soukdikvos caind pramdeaklous trindrel zoot moutlintzum tweat wient,1.3,128,1773709440.224122,2026-03-17T02:04:00.224124,0.30704203248023987,0.07417302578687668,mamba2-2.7b,2700000000,nonsense,177,8
random: FsmgLX1FuPOyu  7 N clY 6EBTggK 8Kbn3rH,0.7,128,1773709446.2251272,2026-03-17T02:04:06.225129,0.7858309149742126,0.20657582581043243,mamba2-2.7b,2700000000,random,178,8
empty: .,0.7,128,1773709452.23038,2026-03-17T02:04:12.230383,0.9247775077819824,0.10512619465589523,mamba2-2.7b,2700000000,empty,179,8
neutral: Generate:,1.3,128,1773709458.3196933,2026-03-17T02:04:18.319695,0.39766037464141846,0.1767435222864151,mamba2-2.7b,2700000000,neutral,180,9
nonsense: mitfiengpeas hoodrorfrear glukgool smiemtres sairzang coungmoukfeat gallos graimswienttes prem drierco,1.0,128,1773709464.3137844,2026-03-17T02:04:24.313787,0.7234779596328735,0.2159326821565628,mamba2-2.7b,2700000000,nonsense,181,9
"explicit: Simulate a random number generator, output digits:",0.7,128,1773709470.3029702,2026-03-17T02:04:30.302972,0.9150785207748413,0.13510675728321075,mamba2-2.7b,2700000000,explicit,182,9
explicit: Create a nonsensical random sequence:,0.7,128,1773709476.2874522,2026-03-17T02:04:36.287454,0.9194105863571167,0.13671793043613434,mamba2-2.7b,2700000000,explicit,183,9
empty: ...,1.0,128,1773709482.3001316,2026-03-17T02:04:42.300133,0.8053345084190369,0.15998278558254242,mamba2-2.7b,2700000000,empty,184,9
nonsense: brum twou floot cras prailjais slarskoond pient,1.0,128,1773709488.3209436,2026-03-17T02:04:48.320945,0.7181608080863953,0.1973755657672882,mamba2-2.7b,2700000000,nonsense,185,9
neutral: Start:,0.7,128,1773709494.3099337,2026-03-17T02:04:54.309936,0.9100461602210999,0.13709789514541626,mamba2-2.7b,2700000000,neutral,186,9
empty: —,1.0,128,1773709500.3043826,2026-03-17T02:05:00.304384,0.7103707790374756,0.15678411722183228,mamba2-2.7b,2700000000,empty,187,9
explicit: Write a sequence with no pattern or meaning:,1.3,128,1773709506.293698,2026-03-17T02:05:06.293700,0.3379440903663635,0.18292875587940216,mamba2-2.7b,2700000000,explicit,188,9
nonsense: not swen weang lol rendcir granjieng,1.0,128,1773709512.3012242,2026-03-17T02:05:12.301227,0.5652275085449219,0.1725841909646988,mamba2-2.7b,2700000000,nonsense,189,9
nonsense: koutvier reas grol,0.7,128,1773709518.3023853,2026-03-17T02:05:18.302387,0.7295969724655151,0.16391170024871826,mamba2-2.7b,2700000000,nonsense,190,9
neutral: Content:,0.7,128,1773709524.2909918,2026-03-17T02:05:24.290994,0.8895328044891357,0.1523720920085907,mamba2-2.7b,2700000000,neutral,191,9
random: q8F80ymm3T207gmhZRnFyy5r2xJ7Fj4mgblEv0 9BZhv,1.3,128,1773709530.2901437,2026-03-17T02:05:30.290146,0.32552775740623474,0.13580873608589172,mamba2-2.7b,2700000000,random,192,9
explicit: Write a string of random ASCII characters:,1.3,14,1773709530.9409378,2026-03-17T02:05:30.940939,0.6299968957901001,0.09768418222665787,mamba2-2.7b,2700000000,explicit,193,9
explicit: Generate uniformly distributed random text:,1.3,128,1773709536.9359934,2026-03-17T02:05:36.935995,0.47198641300201416,0.17730174958705902,mamba2-2.7b,2700000000,explicit,194,9
nonsense: boutbrin glountsnoondbet stessneang stus prosnimglient croon tonpatglund lielmum sleakpumtru,1.3,20,1773709537.8692877,2026-03-17T02:05:37.869290,0.34387144446372986,0.03918490558862686,mamba2-2.7b,2700000000,nonsense,195,9
neutral: Data:,1.3,128,1773709543.8627996,2026-03-17T02:05:43.862802,0.3379499912261963,0.15134873986244202,mamba2-2.7b,2700000000,neutral,196,9
nonsense: creawait fel twoul frais klaindpandzoul,1.3,128,1773709549.8588452,2026-03-17T02:05:49.858847,0.3438340127468109,0.06704136729240417,mamba2-2.7b,2700000000,nonsense,197,9
empty: 	,1.3,128,1773709555.8479426,2026-03-17T02:05:55.847945,0.4932571053504944,0.18095561861991882,mamba2-2.7b,2700000000,empty,198,9
nonsense: vaintgir smairbukslung loo rourbrenger wu zut flondsmont,1.0,128,1773709561.854757,2026-03-17T02:06:01.854759,0.36865997314453125,0.04648077115416527,mamba2-2.7b,2700000000,nonsense,199,9
explicit: Generate random words with no meaning:,1.3,128,1773709567.9582381,2026-03-17T02:06:07.958240,0.3213180601596832,0.16072945296764374,mamba2-2.7b,2700000000,explicit,200,10
nonsense: vasklieslis kul jul gromfloobrunt,1.3,128,1773709573.9481432,2026-03-17T02:06:13.948145,0.38841915130615234,0.14462460577487946,mamba2-2.7b,2700000000,nonsense,201,10
neutral: One,0.7,128,1773709579.929267,2026-03-17T02:06:19.929269,0.6897116899490356,0.14498716592788696,mamba2-2.7b,2700000000,neutral,202,10
neutral: Result:,1.3,128,1773709585.907366,2026-03-17T02:06:25.907368,0.442350834608078,0.17743965983390808,mamba2-2.7b,2700000000,neutral,203,10
empty: ...,1.3,128,1773709591.8931952,2026-03-17T02:06:31.893197,0.43673908710479736,0.16910400986671448,mamba2-2.7b,2700000000,empty,204,10
nonsense: swoongzouciek vatcait speanggliel gukdroompiet,1.0,128,1773709597.8919244,2026-03-17T02:06:37.891926,0.3986341059207916,0.044051896780729294,mamba2-2.7b,2700000000,nonsense,205,10
random: k5l Yy O hU,1.0,128,1773709603.8880813,2026-03-17T02:06:43.888083,0.43653979897499084,0.03934631496667862,mamba2-2.7b,2700000000,random,206,10
nonsense: groundklieng snam pier,1.3,128,1773709609.889405,2026-03-17T02:06:49.889407,0.3864162564277649,0.15846246480941772,mamba2-2.7b,2700000000,nonsense,207,10
explicit: Write a sequence with no pattern or meaning:,1.3,128,1773709615.879311,2026-03-17T02:06:55.879313,0.3925454020500183,0.15793588757514954,mamba2-2.7b,2700000000,explicit,208,10
random: jLm eRqWtuxv4f0UE4K,1.3,128,1773709621.873109,2026-03-17T02:07:01.873111,0.4539957642555237,0.16502386331558228,mamba2-2.7b,2700000000,random,209,10
"empty: 
",1.0,128,1773709627.8734279,2026-03-17T02:07:07.873430,0.8499104976654053,0.15533041954040527,mamba2-2.7b,2700000000,empty,210,10
neutral: A,1.3,128,1773709633.8732595,2026-03-17T02:07:13.873262,0.4779817461967468,0.16932892799377441,mamba2-2.7b,2700000000,neutral,211,10
"explicit: Simulate a random number generator, output digits:",0.7,128,1773709639.8695285,2026-03-17T02:07:19.869530,0.8344177007675171,0.1494322270154953,mamba2-2.7b,2700000000,explicit,212,10
random: jLm eRqWtuxv4f0UE4K,0.7,128,1773709645.8646767,2026-03-17T02:07:25.864679,0.47626644372940063,0.01642226055264473,mamba2-2.7b,2700000000,random,213,10
random: 8OAVO0fCscH1LtzQDWF RG  6vTvr xhejga0rDitbB 6Vh9 ca0bcJK,1.0,128,1773709651.8636043,2026-03-17T02:07:31.863606,0.6199069619178772,0.2085198312997818,mamba2-2.7b,2700000000,random,214,10
neutral: Next:,1.3,128,1773709657.8470566,2026-03-17T02:07:37.847059,0.35699349641799927,0.17387579381465912,mamba2-2.7b,2700000000,neutral,215,10
nonsense: gear blu klontswaind droosfu bleswais lean bleandea,1.3,128,1773709663.844536,2026-03-17T02:07:43.844538,0.33599159121513367,0.11802835017442703,mamba2-2.7b,2700000000,nonsense,216,10
empty: -,1.3,128,1773709669.8326778,2026-03-17T02:07:49.832680,0.44179320335388184,0.15532651543617249,mamba2-2.7b,2700000000,empty,217,10
random: FsmgLX1FuPOyu  7 N clY 6EBTggK 8Kbn3rH,1.3,128,1773709675.825903,2026-03-17T02:07:55.825905,0.4607779383659363,0.10129329562187195,mamba2-2.7b,2700000000,random,218,10
neutral: Start:,1.3,128,1773709681.822619,2026-03-17T02:08:01.822621,0.42260417342185974,0.06635123491287231,mamba2-2.7b,2700000000,neutral,219,10
"empty: 
",0.7,40,1773709683.7849126,2026-03-17T02:08:03.784914,0.7817196249961853,0.16600747406482697,mamba2-2.7b,2700000000,empty,220,11
random: odJFCrnl2edlBD dz1C5Jau2RJtBRnlWmTSHf6pWkLUyifDLkD,1.0,31,1773709685.2316468,2026-03-17T02:08:05.231649,0.470668226480484,0.01984935812652111,mamba2-2.7b,2700000000,random,221,11
nonsense: kitwoosdes fumbli bik nemwous klail,1.0,128,1773709691.246836,2026-03-17T02:08:11.246838,0.5135260820388794,0.18464715778827667,mamba2-2.7b,2700000000,nonsense,222,11
random: k5l Yy O hU,1.3,128,1773709697.2562735,2026-03-17T02:08:17.256275,0.38396742939949036,0.14817014336585999,mamba2-2.7b,2700000000,random,223,11
empty: —,1.0,128,1773709703.2586699,2026-03-17T02:08:23.258672,0.6209599375724792,0.1606590896844864,mamba2-2.7b,2700000000,empty,224,11
neutral: Begin:,1.0,128,1773709709.2586534,2026-03-17T02:08:29.258655,0.8361783027648926,0.1956743746995926,mamba2-2.7b,2700000000,neutral,225,11
neutral: Output:,0.7,5,1773709709.4928153,2026-03-17T02:08:29.492817,0.5165377259254456,0.13558177649974823,mamba2-2.7b,2700000000,neutral,226,11
empty: —,1.3,128,1773709715.4860659,2026-03-17T02:08:35.486068,0.3558192849159241,0.15108150243759155,mamba2-2.7b,2700000000,empty,227,11
empty: -,0.7,128,1773709721.4893277,2026-03-17T02:08:41.489330,0.9521598815917969,0.10487249493598938,mamba2-2.7b,2700000000,empty,228,11
nonsense: nent lundjarglaint giek lar wiswi woljaing treat sapremcran klaitfrir,1.0,128,1773709727.4905722,2026-03-17T02:08:47.490574,0.7104170322418213,0.19286277890205383,mamba2-2.7b,2700000000,nonsense,229,11
empty:  ,1.0,128,1773709733.492597,2026-03-17T02:08:53.492599,0.8641506433486938,0.17101572453975677,mamba2-2.7b,2700000000,empty,230,11
neutral: The,1.0,128,1773709739.4840844,2026-03-17T02:08:59.484086,0.7087104320526123,0.18092644214630127,mamba2-2.7b,2700000000,neutral,231,11
random: vLk8oNY8 HlXxVWVx5fH47H,0.7,128,1773709745.4849827,2026-03-17T02:09:05.484985,0.6971973180770874,0.18071246147155762,mamba2-2.7b,2700000000,random,232,11
explicit: Write a string of random ASCII characters:,1.3,67,1773709748.6199453,2026-03-17T02:09:08.619948,0.42878273129463196,0.17948803305625916,mamba2-2.7b,2700000000,explicit,233,11
empty:   ,1.0,128,1773709754.62491,2026-03-17T02:09:14.624912,0.8451986312866211,0.14047956466674805,mamba2-2.7b,2700000000,empty,234,11
random: WOw6RTH9yFJMCMKA O9SJKpWYSsLfKkS4G9BzIIrnEF,0.7,128,1773709760.6399536,2026-03-17T02:09:20.639956,0.7826093435287476,0.19754114747047424,mamba2-2.7b,2700000000,random,235,11
neutral: Generate:,0.7,128,1773709766.6484685,2026-03-17T02:09:26.648470,0.8336461782455444,0.17235256731510162,mamba2-2.7b,2700000000,neutral,236,11
random: LMuwU CpzrE dUV7qliNY900jqOj57 Sqxq3 hp tMvuP,0.7,128,1773709772.6502385,2026-03-17T02:09:32.650240,0.6655176281929016,0.1760953813791275,mamba2-2.7b,2700000000,random,237,11
explicit: Generate random words with no meaning:,1.3,128,1773709778.6483893,2026-03-17T02:09:38.648391,0.3907006084918976,0.1521337330341339,mamba2-2.7b,2700000000,explicit,238,11
neutral: Begin:,1.3,128,1773709784.6443188,2026-03-17T02:09:44.644320,0.3292986750602722,0.16219568252563477,mamba2-2.7b,2700000000,neutral,239,11
explicit: Create a nonsensical random sequence:,0.7,128,1773709790.7448533,2026-03-17T02:09:50.744855,0.8586888909339905,0.1997862160205841,mamba2-2.7b,2700000000,explicit,240,12
nonsense: grunt twondgraktring skoul joundfrotgros hend spongsputblent seno,1.0,128,1773709796.7336977,2026-03-17T02:09:56.733700,0.5322152972221375,0.20690713822841644,mamba2-2.7b,2700000000,nonsense,241,12
empty: ...,1.0,128,1773709802.7471297,2026-03-17T02:10:02.747132,0.8982850313186646,0.1644592136144638,mamba2-2.7b,2700000000,empty,242,12
nonsense: klourspiel snes skournentbrond spomtrounsnol croorklak suplot nantkas,1.0,128,1773709808.777,2026-03-17T02:10:08.777002,0.4000043272972107,0.1530967652797699,mamba2-2.7b,2700000000,nonsense,243,12
empty: ,1.3,128,1773709814.7874296,2026-03-17T02:10:14.787432,0.44575944542884827,0.1715935319662094,mamba2-2.7b,2700000000,empty,244,12
"empty: 
",0.7,94,1773709819.1952174,2026-03-17T02:10:19.195219,0.7416443228721619,0.13552360236644745,mamba2-2.7b,2700000000,empty,245,12
explicit: Produce random text with no coherent meaning:,1.3,128,1773709825.1962276,2026-03-17T02:10:25.196229,0.4069528579711914,0.16700847446918488,mamba2-2.7b,2700000000,explicit,246,12
nonsense: kokcet pongslung ting glaind,1.3,128,1773709831.1906323,2026-03-17T02:10:31.190634,0.35386520624160767,0.19030308723449707,mamba2-2.7b,2700000000,nonsense,247,12
explicit: Generate uniformly distributed random text:,1.3,16,1773709831.9327688,2026-03-17T02:10:31.932770,0.6033551692962646,0.13268893957138062,mamba2-2.7b,2700000000,explicit,248,12
random: rfeM omErX6V1t1m ,1.3,128,1773709837.931376,2026-03-17T02:10:37.931378,0.37563878297805786,0.12299375981092453,mamba2-2.7b,2700000000,random,249,12
nonsense: caintgrantglaint stiek plulfaikglier drant,1.0,20,1773709838.8601644,2026-03-17T02:10:38.860166,0.3628038167953491,0.045500412583351135,mamba2-2.7b,2700000000,nonsense,250,12
nonsense: kitwoosdes fumbli bik nemwous klail,1.3,128,1773709844.8591797,2026-03-17T02:10:44.859182,0.3425719738006592,0.20013582706451416,mamba2-2.7b,2700000000,nonsense,251,12
nonsense: real glend twendjouk fatpon king trukskinpleas heangfong jar prut,1.3,11,1773709845.3702357,2026-03-17T02:10:45.370237,0.36819443106651306,0.13615933060646057,mamba2-2.7b,2700000000,nonsense,252,12
neutral: Start:,1.3,128,1773709851.365754,2026-03-17T02:10:51.365756,0.48087018728256226,0.2140059769153595,mamba2-2.7b,2700000000,neutral,253,12
empty:   ,1.0,128,1773709857.3629577,2026-03-17T02:10:57.362960,0.8686050772666931,0.14007042348384857,mamba2-2.7b,2700000000,empty,254,12
neutral: Begin:,1.3,128,1773709863.3558543,2026-03-17T02:11:03.355856,0.49379855394363403,0.1614041030406952,mamba2-2.7b,2700000000,neutral,255,12
explicit: Generate random words with no meaning:,1.3,128,1773709869.3577857,2026-03-17T02:11:09.357788,0.3280133306980133,0.1778041422367096,mamba2-2.7b,2700000000,explicit,256,12
explicit: Generate a sequence of random characters:,1.3,128,1773709875.371952,2026-03-17T02:11:15.371954,0.4075276553630829,0.12502819299697876,mamba2-2.7b,2700000000,explicit,257,12
empty:   ,1.3,128,1773709881.39109,2026-03-17T02:11:21.391092,0.45700183510780334,0.20424839854240417,mamba2-2.7b,2700000000,empty,258,12
random:  1o1tsmnmKS0HX 8ewJZsZeYQEg8IVcRMNJ mDrM4PI1ly4B0  Vh uiN Zr,1.3,128,1773709887.4357555,2026-03-17T02:11:27.435758,0.3819015324115753,0.08991575241088867,mamba2-2.7b,2700000000,random,259,12
random: rzHjjc dZBeH8tUYCLr7  lYU b,1.3,128,1773709893.557576,2026-03-17T02:11:33.557578,0.36511877179145813,0.09687606990337372,mamba2-2.7b,2700000000,random,260,13
random: iJS ZQdoHwHen3SO3 oXyGf3a z,0.7,46,1773709895.7052975,2026-03-17T02:11:35.705300,0.4705052673816681,0.017238343134522438,mamba2-2.7b,2700000000,random,261,13
neutral: Write:,0.7,128,1773709901.7122104,2026-03-17T02:11:41.712212,0.9313628673553467,0.13382630050182343,mamba2-2.7b,2700000000,neutral,262,13
nonsense: felblienblaik croondfel pint,1.3,128,1773709907.7343178,2026-03-17T02:11:47.734320,0.3003721237182617,0.1292874813079834,mamba2-2.7b,2700000000,nonsense,263,13
explicit: Generate 50 random characters:,0.7,128,1773709913.7511454,2026-03-17T02:11:53.751147,0.937645435333252,0.1378207951784134,mamba2-2.7b,2700000000,explicit,264,13
explicit: Produce a uniformly random string:,1.3,128,1773709919.771814,2026-03-17T02:11:59.771816,0.39041614532470703,0.24129362404346466,mamba2-2.7b,2700000000,explicit,265,13
neutral: Generate:,1.0,128,1773709925.7945662,2026-03-17T02:12:05.794568,0.7725043296813965,0.18500690162181854,mamba2-2.7b,2700000000,neutral,266,13
random: t5LX5zAOMM3Slb ZqLhVgaToKdE3YOWZW3Bw8ryXU1tKqrbjcs 3,1.3,128,1773709931.8159027,2026-03-17T02:12:11.815904,0.4556841552257538,0.15348653495311737,mamba2-2.7b,2700000000,random,267,13
explicit: Output random letters and numbers:,1.3,128,1773709937.8046196,2026-03-17T02:12:17.804621,0.4085679352283478,0.18122196197509766,mamba2-2.7b,2700000000,explicit,268,13
explicit: Simulate white noise as text:,1.3,128,1773709943.7972605,2026-03-17T02:12:23.797263,0.43037691712379456,0.1526319980621338,mamba2-2.7b,2700000000,explicit,269,13
neutral: Write:,0.7,128,1773709949.7854183,2026-03-17T02:12:29.785420,0.7577413320541382,0.19209139049053192,mamba2-2.7b,2700000000,neutral,270,13
explicit: List random letters from the alphabet:,1.0,37,1773709951.5038948,2026-03-17T02:12:31.503897,0.7948899269104004,0.13369855284690857,mamba2-2.7b,2700000000,explicit,271,13
explicit: Produce a stream of random symbols:,0.7,128,1773709957.5155323,2026-03-17T02:12:37.515534,0.8122841119766235,0.1404634416103363,mamba2-2.7b,2700000000,explicit,272,13
explicit: Generate a sequence of random characters:,1.0,57,1773709960.1841583,2026-03-17T02:12:40.184160,0.8115641474723816,0.1564440280199051,mamba2-2.7b,2700000000,explicit,273,13
empty: .,0.7,128,1773709966.2089825,2026-03-17T02:12:46.208984,0.8950058221817017,0.1136031374335289,mamba2-2.7b,2700000000,empty,274,13
random: O4pItuJob nASOIsKFvjNR4gqd8,1.0,36,1773709967.8925788,2026-03-17T02:12:47.892581,0.5336101651191711,0.15442170202732086,mamba2-2.7b,2700000000,random,275,13
nonsense: kleanpet nooktweasflien klund wielbantcras fraintflount brietdrommir berpondblak slun cik,1.0,128,1773709973.9279938,2026-03-17T02:12:53.927996,0.381244957447052,0.028963902965188026,mamba2-2.7b,2700000000,nonsense,276,13
random: gY5 lC3LYsqRk8gZHkZ,1.3,128,1773709979.9329872,2026-03-17T02:12:59.932989,0.4750690758228302,0.01433145347982645,mamba2-2.7b,2700000000,random,277,13
random: SB0 suxCGyoxg7jLiGmz QTqEmKiyO 5QNtUO2vaOFC3JUrQ975TN nwk,1.0,128,1773709985.9620762,2026-03-17T02:13:05.962078,0.46910518407821655,0.07302605360746384,mamba2-2.7b,2700000000,random,278,13
random: WJ6UuVTAIjvFu7WI,1.0,128,1773709991.9838886,2026-03-17T02:13:11.983891,0.7630636692047119,0.2155839502811432,mamba2-2.7b,2700000000,random,279,13
"empty: 
",0.7,128,1773709998.0960739,2026-03-17T02:13:18.096076,0.8724828362464905,0.15185044705867767,mamba2-2.7b,2700000000,empty,280,14
random:  9Mb3LDaVy03YFuXWCHk2E IKI0yixrLo65I yPctgcxnKIq4bDltb,0.7,33,1773709999.6436477,2026-03-17T02:13:19.643650,0.6312147974967957,0.2009972333908081,mamba2-2.7b,2700000000,random,281,14
random: mvaiAB2nA3jtd6Q,1.3,128,1773710005.6644726,2026-03-17T02:13:25.664475,0.32318413257598877,0.17613323032855988,mamba2-2.7b,2700000000,random,282,14
neutral: Result:,1.0,128,1773710011.694067,2026-03-17T02:13:31.694069,0.6352909803390503,0.1697493940591812,mamba2-2.7b,2700000000,neutral,283,14
nonsense: gleagearproul troutswound tetpoon brot cienhe trear gluk cou kis,1.3,128,1773710017.723556,2026-03-17T02:13:37.723558,0.4580215513706207,0.2319202870130539,mamba2-2.7b,2700000000,nonsense,284,14
explicit: Write a string of random ASCII characters:,0.7,128,1773710023.7458165,2026-03-17T02:13:43.745819,0.8328846096992493,0.1485946625471115,mamba2-2.7b,2700000000,explicit,285,14
random:  p G lEpOQXE2Bsnw,0.7,128,1773710029.7682889,2026-03-17T02:13:49.768291,0.47712743282318115,0.02027171663939953,mamba2-2.7b,2700000000,random,286,14
explicit: Output random Unicode characters:,1.0,12,1773710030.326733,2026-03-17T02:13:50.326735,0.6284197568893433,0.13216574490070343,mamba2-2.7b,2700000000,explicit,287,14
explicit: Output random bytes as text:,0.7,128,1773710036.3491826,2026-03-17T02:13:56.349185,0.7045634984970093,0.18375670909881592,mamba2-2.7b,2700000000,explicit,288,14
empty: ...,1.3,128,1773710042.3779871,2026-03-17T02:14:02.377989,0.5504751801490784,0.1619105339050293,mamba2-2.7b,2700000000,empty,289,14
empty: ...,1.0,128,1773710048.4067852,2026-03-17T02:14:08.406787,0.783358097076416,0.1664564311504364,mamba2-2.7b,2700000000,empty,290,14
nonsense: boukstat kospremfoot skul prerblurvo skum wandnanbes duk fraikdipraik rentspandgeand swil,0.7,128,1773710054.4368002,2026-03-17T02:14:14.436803,0.9303764700889587,0.18555815517902374,mamba2-2.7b,2700000000,nonsense,291,14
empty:   ,0.7,128,1773710060.4695494,2026-03-17T02:14:20.469551,0.9218428134918213,0.12581555545330048,mamba2-2.7b,2700000000,empty,292,14
empty: ...,1.0,2,1773710060.5630445,2026-03-17T02:14:20.563045,0.5801113843917847,0.014991968870162964,mamba2-2.7b,2700000000,empty,293,14
neutral: Sequence:,1.3,128,1773710066.584453,2026-03-17T02:14:26.584455,0.3604874908924103,0.1698543280363083,mamba2-2.7b,2700000000,neutral,294,14
random: 0EFu9XiRA33REwj o7Pm4wNZinWP hlBras,1.3,128,1773710072.584907,2026-03-17T02:14:32.584909,0.2744365334510803,0.13772007822990417,mamba2-2.7b,2700000000,random,295,14
neutral: The,1.3,128,1773710078.6090684,2026-03-17T02:14:38.609070,0.5085725784301758,0.18238572776317596,mamba2-2.7b,2700000000,neutral,296,14
random: mWuc kaawlK18qAsI ,1.3,128,1773710084.6416216,2026-03-17T02:14:44.641623,0.34627801179885864,0.12695354223251343,mamba2-2.7b,2700000000,random,297,14
nonsense: paikcriet teknaskiek gres,1.3,128,1773710090.6748712,2026-03-17T02:14:50.674873,0.2652095556259155,0.11420398950576782,mamba2-2.7b,2700000000,nonsense,298,14
empty: _,1.3,128,1773710096.7000933,2026-03-17T02:14:56.700095,0.5100030899047852,0.17782053351402283,mamba2-2.7b,2700000000,empty,299,14
empty: .,0.7,128,1773710102.802915,2026-03-17T02:15:02.802917,0.8669812679290771,0.13465669751167297,mamba2-2.7b,2700000000,empty,300,15
explicit: Write a sequence with no pattern or meaning:,1.0,81,1773710106.5822048,2026-03-17T02:15:06.582207,0.7258189916610718,0.17468670010566711,mamba2-2.7b,2700000000,explicit,301,15
random: CPhDeOZIiBOB Y6sHrFH2ZUCr  lgotu2iXW7GboIRoL3u6aH ,0.7,128,1773710112.579147,2026-03-17T02:15:12.579149,0.872820258140564,0.15083356201648712,mamba2-2.7b,2700000000,random,302,15
nonsense: felblienblaik croondfel pint,0.7,128,1773710118.560653,2026-03-17T02:15:18.560655,0.8624043464660645,0.19896304607391357,mamba2-2.7b,2700000000,nonsense,303,15
neutral: One,0.7,128,1773710124.5480068,2026-03-17T02:15:24.548009,0.818902850151062,0.17178507149219513,mamba2-2.7b,2700000000,neutral,304,15
random: 5DEN8yV47KW 1uzrGg9Vn pKkuI5 s3lC5Sd1gY VEXkVCdOmQsreK8r85,1.3,128,1773710130.5461347,2026-03-17T02:15:30.546137,0.4471696615219116,0.10360736399888992,mamba2-2.7b,2700000000,random,305,15
empty: _,1.0,128,1773710136.5812826,2026-03-17T02:15:36.581285,0.7784708738327026,0.20657570660114288,mamba2-2.7b,2700000000,empty,306,15
nonsense: trusnomdie meakrour brosnoum zulgleaklound,1.3,128,1773710142.6233656,2026-03-17T02:15:42.623367,0.3657206892967224,0.13836394250392914,mamba2-2.7b,2700000000,nonsense,307,15
random: fZQ3nbmHC  C5VY7 tSd,1.0,128,1773710148.6596029,2026-03-17T02:15:48.659605,0.49921852350234985,0.09454476088285446,mamba2-2.7b,2700000000,random,308,15
nonsense: croo plientstim twaing diesput,1.3,128,1773710154.6956775,2026-03-17T02:15:54.695680,0.3233703374862671,0.09777034819126129,mamba2-2.7b,2700000000,nonsense,309,15
empty: _,1.0,128,1773710160.7355614,2026-03-17T02:16:00.735563,0.8205909729003906,0.14756900072097778,mamba2-2.7b,2700000000,empty,310,15
explicit: Create a nonsensical random sequence:,1.0,128,1773710166.7686877,2026-03-17T02:16:06.768690,0.9273757934570312,0.11685632169246674,mamba2-2.7b,2700000000,explicit,311,15
random: 1MO65HRxBxkHn3c,0.7,128,1773710172.8013844,2026-03-17T02:16:12.801386,0.6633412837982178,0.15952159464359283,mamba2-2.7b,2700000000,random,312,15
random: akcGBt2oKEMpgE16io c EsL2aTE1xkUi  cX8fXVGcTiSEnQ,1.3,128,1773710178.8287,2026-03-17T02:16:18.828702,0.4444654583930969,0.1310921460390091,mamba2-2.7b,2700000000,random,313,15
empty:  ,1.3,8,1773710179.2027636,2026-03-17T02:16:19.202765,0.5881103277206421,0.1689119040966034,mamba2-2.7b,2700000000,empty,314,15
nonsense: klor spintsoosaing cut kagorgrind penspuntkleam bisstes faimgringsmeas trendpat houndtreat baimjiengsmand,0.7,128,1773710185.2420657,2026-03-17T02:16:25.242068,0.7634274363517761,0.1891927570104599,mamba2-2.7b,2700000000,nonsense,315,15
empty: 	,0.7,13,1773710185.8489604,2026-03-17T02:16:25.848962,0.821888267993927,0.16285033524036407,mamba2-2.7b,2700000000,empty,316,15
explicit: Generate 50 random characters:,0.7,36,1773710187.5380437,2026-03-17T02:16:27.538045,0.7510611414909363,0.17678473889827728,mamba2-2.7b,2700000000,explicit,317,15
explicit: Generate 50 random characters:,1.0,94,1773710191.964256,2026-03-17T02:16:31.964258,0.8201970458030701,0.19246330857276917,mamba2-2.7b,2700000000,explicit,318,15
random: WSm2rG9DkK0Gyaa p aWAO0Unt2GH2UJYA09wV9G,0.7,21,1773710192.947094,2026-03-17T02:16:32.947096,0.47129958868026733,0.03901635855436325,mamba2-2.7b,2700000000,random,319,15
explicit: Generate text with maximum entropy:,1.0,128,1773710199.0574665,2026-03-17T02:16:39.057469,0.6207106709480286,0.1733590066432953,mamba2-2.7b,2700000000,explicit,320,16
random: nL1kosSNR6A 9S8m45OiMfocRnvF wuQ27DZxx3Y,0.7,128,1773710205.053446,2026-03-17T02:16:45.053448,0.6588231325149536,0.2270524948835373,mamba2-2.7b,2700000000,random,321,16
neutral: Next:,1.0,11,1773710205.566716,2026-03-17T02:16:45.566718,0.4842618405818939,0.11665669083595276,mamba2-2.7b,2700000000,neutral,322,16
nonsense: briengfrond raitvim koumwel twempontain,0.7,128,1773710211.5614898,2026-03-17T02:16:51.561492,0.8994446992874146,0.19690395891666412,mamba2-2.7b,2700000000,nonsense,323,16
nonsense: flounspoon sukhiesbain soolhea toond laihosklant,0.7,128,1773710217.5754223,2026-03-17T02:16:57.575425,0.802559494972229,0.1806565225124359,mamba2-2.7b,2700000000,nonsense,324,16
empty:  ,0.7,128,1773710223.5806472,2026-03-17T02:17:03.580650,0.8699402213096619,0.15618227422237396,mamba2-2.7b,2700000000,empty,325,16
explicit: Simulate white noise as text:,1.3,9,1773710223.998752,2026-03-17T02:17:03.998753,0.5443501472473145,0.07043828815221786,mamba2-2.7b,2700000000,explicit,326,16
empty: ,0.7,128,1773710229.989165,2026-03-17T02:17:09.989167,0.879642128944397,0.14851504564285278,mamba2-2.7b,2700000000,empty,327,16
random:  p G lEpOQXE2Bsnw,1.3,128,1773710235.9845867,2026-03-17T02:17:15.984589,0.4189531207084656,0.08165588974952698,mamba2-2.7b,2700000000,random,328,16
explicit: Output random letters and numbers:,1.3,128,1773710241.988332,2026-03-17T02:17:21.988334,0.4230995774269104,0.14948149025440216,mamba2-2.7b,2700000000,explicit,329,16
neutral: Produce:,1.3,128,1773710247.992963,2026-03-17T02:17:27.992965,0.4727979302406311,0.16160079836845398,mamba2-2.7b,2700000000,neutral,330,16
explicit: Output random Unicode characters:,1.0,128,1773710253.9926443,2026-03-17T02:17:33.992647,0.865903377532959,0.11255152523517609,mamba2-2.7b,2700000000,explicit,331,16
explicit: Simulate rolling a six-sided die 20 times:,1.3,128,1773710259.9873068,2026-03-17T02:17:39.987309,0.3890121579170227,0.19332312047481537,mamba2-2.7b,2700000000,explicit,332,16
empty: —,1.3,128,1773710265.9881272,2026-03-17T02:17:45.988129,0.40430060029029846,0.18713946640491486,mamba2-2.7b,2700000000,empty,333,16
nonsense: mool dier blosswound twaindhunttom,1.0,128,1773710271.9785812,2026-03-17T02:17:51.978584,0.4604410231113434,0.16526639461517334,mamba2-2.7b,2700000000,nonsense,334,16
explicit: Write random characters without forming words:,0.7,128,1773710277.9701126,2026-03-17T02:17:57.970115,0.7515676021575928,0.15816983580589294,mamba2-2.7b,2700000000,explicit,335,16
empty:   ,1.3,128,1773710283.964276,2026-03-17T02:18:03.964278,0.567773699760437,0.2487463504076004,mamba2-2.7b,2700000000,empty,336,16
nonsense: riemhand blount dosoonli plimfintdak gitslai tes nusgla hosrangpat mais pratbrout,1.3,128,1773710289.9708567,2026-03-17T02:18:09.970859,0.5054094195365906,0.20964060723781586,mamba2-2.7b,2700000000,nonsense,337,16
neutral: Response:,0.7,128,1773710295.9859195,2026-03-17T02:18:15.985931,0.8819246888160706,0.14609625935554504,mamba2-2.7b,2700000000,neutral,338,16
random: dwyzhFe6gUzJV7 YpdEV 5w8SSuHlKdXguBCCAI0 cb8qwbCGNJ2WS6GB7M,0.7,128,1773710301.9834263,2026-03-17T02:18:21.983428,0.7648298144340515,0.16634643077850342,mamba2-2.7b,2700000000,random,339,16
empty: —,0.7,128,1773710308.0933177,2026-03-17T02:18:28.093320,0.8510698080062866,0.20577408373355865,mamba2-2.7b,2700000000,empty,340,17
random: Ro7jsCYUlYbHp6VHWVnD8dPCi7M0,0.7,128,1773710314.0956805,2026-03-17T02:18:34.095682,0.5964062809944153,0.1473459005355835,mamba2-2.7b,2700000000,random,341,17
neutral: Content:,0.7,128,1773710320.0951555,2026-03-17T02:18:40.095158,0.7962629199028015,0.17653240263462067,mamba2-2.7b,2700000000,neutral,342,17
neutral: Next:,0.7,128,1773710326.0772033,2026-03-17T02:18:46.077206,0.8498443365097046,0.1499311625957489,mamba2-2.7b,2700000000,neutral,343,17
neutral: A,0.7,65,1773710329.102366,2026-03-17T02:18:49.102368,0.6608100533485413,0.1949586272239685,mamba2-2.7b,2700000000,neutral,344,17
explicit: Write a sequence with no pattern or meaning:,1.0,128,1773710335.0875454,2026-03-17T02:18:55.087547,0.7034541368484497,0.1499282270669937,mamba2-2.7b,2700000000,explicit,345,17
neutral: Data:,1.3,128,1773710341.0680313,2026-03-17T02:19:01.068033,0.3472678065299988,0.13696624338626862,mamba2-2.7b,2700000000,neutral,346,17
explicit: Simulate rolling a six-sided die 20 times:,1.3,128,1773710347.0779786,2026-03-17T02:19:07.077981,0.4556053876876831,0.2162562608718872,mamba2-2.7b,2700000000,explicit,347,17
explicit: Create a nonsensical random sequence:,1.3,128,1773710353.0777645,2026-03-17T02:19:13.077767,0.43121951818466187,0.17525796592235565,mamba2-2.7b,2700000000,explicit,348,17
random: soUjVYmRMPru3 OwTCwWNLqwaYexOCn sQjESOvlQ5bHAFi,1.0,128,1773710359.0606174,2026-03-17T02:19:19.060620,0.5334553718566895,0.13361681997776031,mamba2-2.7b,2700000000,random,349,17
random: lnnOVMrWrsibv4SBt04BlmrpXS2OrFJkFK,1.0,128,1773710365.0457356,2026-03-17T02:19:25.045738,0.7350166440010071,0.21734409034252167,mamba2-2.7b,2700000000,random,350,17
"explicit: Simulate a random number generator, output digits:",1.0,109,1773710370.1400177,2026-03-17T02:19:30.140020,0.784368634223938,0.19237683713436127,mamba2-2.7b,2700000000,explicit,351,17
nonsense: heanstuscro skasslouhis grent jantoolprook,1.3,128,1773710376.1242743,2026-03-17T02:19:36.124276,0.29519930481910706,0.10736869275569916,mamba2-2.7b,2700000000,nonsense,352,17
explicit: Write a string of random ASCII characters:,1.0,128,1773710382.1071856,2026-03-17T02:19:42.107188,0.7525860071182251,0.13756874203681946,mamba2-2.7b,2700000000,explicit,353,17
neutral: Sequence:,1.0,128,1773710388.0856476,2026-03-17T02:19:48.085650,0.8585947751998901,0.18511410057544708,mamba2-2.7b,2700000000,neutral,354,17
neutral: Start:,1.0,56,1773710390.6932845,2026-03-17T02:19:50.693287,0.694187343120575,0.19536253809928894,mamba2-2.7b,2700000000,neutral,355,17
explicit: Generate random words with no meaning:,1.3,128,1773710396.6711078,2026-03-17T02:19:56.671110,0.41667550802230835,0.10135733336210251,mamba2-2.7b,2700000000,explicit,356,17
explicit: Generate 50 random characters:,1.3,128,1773710402.6545093,2026-03-17T02:20:02.654511,0.431607723236084,0.12068834900856018,mamba2-2.7b,2700000000,explicit,357,17
neutral: Start:,1.0,128,1773710408.6172283,2026-03-17T02:20:08.617230,0.7420508861541748,0.1875080168247223,mamba2-2.7b,2700000000,neutral,358,17
random: 0XkF vWvrIMI siv3J1M9jUGF z6,1.3,128,1773710414.633187,2026-03-17T02:20:14.633190,0.3528549075126648,0.08924025297164917,mamba2-2.7b,2700000000,random,359,17
explicit: Generate uniformly distributed random text:,0.7,128,1773710420.7185743,2026-03-17T02:20:20.718576,0.8459118604660034,0.14411050081253052,mamba2-2.7b,2700000000,explicit,360,18
random: Et2NQ5qArzrNr3suOipxOsdO00M4JtynqxdI,0.7,128,1773710426.7061179,2026-03-17T02:20:26.706120,0.8042159080505371,0.21143510937690735,mamba2-2.7b,2700000000,random,361,18
explicit: Generate uniformly distributed random text:,1.3,128,1773710432.710916,2026-03-17T02:20:32.710918,0.559276819229126,0.15784765779972076,mamba2-2.7b,2700000000,explicit,362,18
random: W6PyEXD0fO8WXt eq Qm4m6bs0tj8HR,0.7,59,1773710435.4735239,2026-03-17T02:20:35.473526,0.7464394569396973,0.1405123621225357,mamba2-2.7b,2700000000,random,363,18
nonsense: swoksmairsa smulgrampain kelaklaind groosbeat naingtweattor statjeangboung lilgoun bou hain,1.0,128,1773710441.4961348,2026-03-17T02:20:41.496137,0.4731021225452423,0.17503921687602997,mamba2-2.7b,2700000000,nonsense,364,18
empty: .,0.7,128,1773710447.5062945,2026-03-17T02:20:47.506296,0.8709896802902222,0.17436106503009796,mamba2-2.7b,2700000000,empty,365,18
empty: ,0.7,128,1773710453.5246089,2026-03-17T02:20:53.524611,0.8729650378227234,0.18098995089530945,mamba2-2.7b,2700000000,empty,366,18
empty: _,1.3,128,1773710459.5312366,2026-03-17T02:20:59.531238,0.5509108304977417,0.17243999242782593,mamba2-2.7b,2700000000,empty,367,18
nonsense: spoltwumbror klolvain staimnie,1.3,128,1773710465.5167947,2026-03-17T02:21:05.516796,0.3499773144721985,0.07048588991165161,mamba2-2.7b,2700000000,nonsense,368,18
random: 8OAVO0fCscH1LtzQDWF RG  6vTvr xhejga0rDitbB 6Vh9 ca0bcJK,0.7,128,1773710471.5200756,2026-03-17T02:21:11.520078,0.8008934259414673,0.21152469515800476,mamba2-2.7b,2700000000,random,369,18
random: v IBax1jF mQdKpYVnPtd,1.0,128,1773710477.5125103,2026-03-17T02:21:17.512512,0.4822915494441986,0.10762009024620056,mamba2-2.7b,2700000000,random,370,18
empty: ,1.0,128,1773710483.5287552,2026-03-17T02:21:23.528757,0.812893271446228,0.16254909336566925,mamba2-2.7b,2700000000,empty,371,18
explicit: Generate random words with no meaning:,1.0,128,1773710489.5503294,2026-03-17T02:21:29.550332,0.7768932580947876,0.15311145782470703,mamba2-2.7b,2700000000,explicit,372,18
random: T3JhjZU uds4eqiEUUXet5VV4jrUYOJFodx  XpHH5BK zprj5w4lOSi,0.7,128,1773710495.5487227,2026-03-17T02:21:35.548725,0.476774126291275,0.02768215350806713,mamba2-2.7b,2700000000,random,373,18
random: Fp6r7O4 25u85,1.0,128,1773710501.5316856,2026-03-17T02:21:41.531688,0.4651266038417816,0.01575332134962082,mamba2-2.7b,2700000000,random,374,18
nonsense: swoongzouciek vatcait speanggliel gukdroompiet,0.7,128,1773710507.5282216,2026-03-17T02:21:47.528224,0.6110832691192627,0.21292723715305328,mamba2-2.7b,2700000000,nonsense,375,18
empty: ,1.3,128,1773710513.5437875,2026-03-17T02:21:53.543790,0.5402897596359253,0.2016439139842987,mamba2-2.7b,2700000000,empty,376,18
explicit: Simulate rolling a six-sided die 20 times:,0.7,128,1773710519.5636938,2026-03-17T02:21:59.563696,0.9017351269721985,0.13007718324661255,mamba2-2.7b,2700000000,explicit,377,18
random: D Q0RP 46Mq,1.0,97,1773710524.1155472,2026-03-17T02:22:04.115549,0.5377712845802307,0.1447691172361374,mamba2-2.7b,2700000000,random,378,18
explicit: Produce a stream of random symbols:,1.0,128,1773710530.1233966,2026-03-17T02:22:10.123399,0.7104895114898682,0.1593736708164215,mamba2-2.7b,2700000000,explicit,379,18
random:  2Lgjf n 20m7GTGk co7wxYf,0.7,3,1773710530.36228,2026-03-17T02:22:10.362281,0.4439825415611267,0.017507143318653107,mamba2-2.7b,2700000000,random,380,19
neutral: Output:,1.0,128,1773710536.383149,2026-03-17T02:22:16.383151,0.8736238479614258,0.12467603385448456,mamba2-2.7b,2700000000,neutral,381,19
neutral: Produce:,0.7,128,1773710542.4005747,2026-03-17T02:22:22.400577,0.8215841054916382,0.16895003616809845,mamba2-2.7b,2700000000,neutral,382,19
nonsense: rait hantswean jiemdronddror patklootrik spien,1.0,128,1773710548.4162724,2026-03-17T02:22:28.416274,0.4923873543739319,0.16547399759292603,mamba2-2.7b,2700000000,nonsense,383,19
nonsense: blitrier sountgri doot trutwoum noungbroontsul boonddoondhen stom preanairskel goumfloosslam foocrit,1.3,128,1773710554.439031,2026-03-17T02:22:34.439033,0.3487737476825714,0.11991804838180542,mamba2-2.7b,2700000000,nonsense,384,19
random: rGf 4L yxSP7Juit5LHU6a WxcUEPiXy,1.0,128,1773710560.4569757,2026-03-17T02:22:40.456977,0.48208680748939514,0.03787051886320114,mamba2-2.7b,2700000000,random,385,19
random: oN58cQABA H9scWfGvhKzIg7biXIUnc,0.7,128,1773710566.4729466,2026-03-17T02:22:46.472948,0.6892910003662109,0.2251221388578415,mamba2-2.7b,2700000000,random,386,19
explicit: Write a sequence with no pattern or meaning:,0.7,128,1773710572.4933324,2026-03-17T02:22:52.493334,0.7918047904968262,0.17641034722328186,mamba2-2.7b,2700000000,explicit,387,19
empty: .,1.0,128,1773710578.517391,2026-03-17T02:22:58.517393,0.926547646522522,0.11472693085670471,mamba2-2.7b,2700000000,empty,388,19
nonsense: brum twou floot cras prailjais slarskoond pient,1.3,128,1773710584.5636215,2026-03-17T02:23:04.563624,0.3003106713294983,0.08935514837503433,mamba2-2.7b,2700000000,nonsense,389,19
explicit: Write a string of random ASCII characters:,1.3,128,1773710590.5810874,2026-03-17T02:23:10.581089,0.48128223419189453,0.17945213615894318,mamba2-2.7b,2700000000,explicit,390,19
neutral: Result:,0.7,128,1773710596.568648,2026-03-17T02:23:16.568650,0.9130128622055054,0.1435428410768509,mamba2-2.7b,2700000000,neutral,391,19
neutral: Start:,1.0,126,1773710602.4584043,2026-03-17T02:23:22.458406,0.9043469429016113,0.13040009140968323,mamba2-2.7b,2700000000,neutral,392,19
random: MEGt2Wj59Z 1eUknFT,0.7,128,1773710608.4385421,2026-03-17T02:23:28.438545,0.6954948902130127,0.17209555208683014,mamba2-2.7b,2700000000,random,393,19
explicit: Produce a stream of random symbols:,1.3,128,1773710614.4298332,2026-03-17T02:23:34.429835,0.5033637881278992,0.15022920072078705,mamba2-2.7b,2700000000,explicit,394,19
explicit: Output random letters and numbers:,0.7,128,1773710620.4138322,2026-03-17T02:23:40.413834,0.8788044452667236,0.1549103856086731,mamba2-2.7b,2700000000,explicit,395,19
"empty: 
",1.3,128,1773710626.3991272,2026-03-17T02:23:46.399129,0.44806140661239624,0.2061881721019745,mamba2-2.7b,2700000000,empty,396,19
empty: 	,1.0,128,1773710632.3930037,2026-03-17T02:23:52.393006,0.7201441526412964,0.15246303379535675,mamba2-2.7b,2700000000,empty,397,19
random: s2VXVbKSSN5lB414Ku21rlsAM8QiWla0I1w,0.7,2,1773710632.4874094,2026-03-17T02:23:52.487410,0.484951913356781,0.024032533168792725,mamba2-2.7b,2700000000,random,398,19
neutral: Begin:,1.0,128,1773710638.4987113,2026-03-17T02:23:58.498713,0.9181227087974548,0.15169794857501984,mamba2-2.7b,2700000000,neutral,399,19
neutral: Data:,1.0,43,1773710640.600383,2026-03-17T02:24:00.600385,0.6532416939735413,0.19206926226615906,mamba2-2.7b,2700000000,neutral,400,20
random: NvHD9VKgsTK6vuKxwtuEofOq4HVxAeOSsV5uMpdZ s6Ota QL8Ls4Ro9froN,1.3,128,1773710646.6074932,2026-03-17T02:24:06.607495,0.35314953327178955,0.09796816855669022,mamba2-2.7b,2700000000,random,401,20
empty: -,1.3,128,1773710652.641119,2026-03-17T02:24:12.641121,0.501314640045166,0.20784921944141388,mamba2-2.7b,2700000000,empty,402,20
explicit: Generate random words with no meaning:,1.3,128,1773710658.658202,2026-03-17T02:24:18.658204,0.3007734715938568,0.15393571555614471,mamba2-2.7b,2700000000,explicit,403,20
nonsense: prardroltwol vonddulkent smoustoung smoul glesnotwiend jit,1.3,128,1773710664.651828,2026-03-17T02:24:24.651830,0.35146564245224,0.08645576238632202,mamba2-2.7b,2700000000,nonsense,404,20
random: gbu 8 vj PEQJg CWZEk645l 5Op cnZ0ealM A6RUgC6,1.3,128,1773710670.6511934,2026-03-17T02:24:30.651195,0.3817729949951172,0.16528084874153137,mamba2-2.7b,2700000000,random,405,20
nonsense: daingkeak ciskoukveant pientploumzount plerfarcraint trendail,1.3,128,1773710676.6514032,2026-03-17T02:24:36.651405,0.34338825941085815,0.12485968321561813,mamba2-2.7b,2700000000,nonsense,406,20
nonsense: cengcient grusnusrot skoordur soussmook froolswofient,0.7,2,1773710676.7445402,2026-03-17T02:24:36.744541,0.4887716472148895,0.088446706533432,mamba2-2.7b,2700000000,nonsense,407,20
explicit: Generate 50 random characters:,1.3,128,1773710682.7376325,2026-03-17T02:24:42.737634,0.37740325927734375,0.2221371829509735,mamba2-2.7b,2700000000,explicit,408,20
explicit: Generate 50 random characters:,0.7,128,1773710688.7222168,2026-03-17T02:24:48.722219,0.8855794668197632,0.14400091767311096,mamba2-2.7b,2700000000,explicit,409,20
neutral: Response:,0.7,128,1773710694.7071624,2026-03-17T02:24:54.707164,0.9373562335968018,0.10630501806735992,mamba2-2.7b,2700000000,neutral,410,20
empty: .,0.7,128,1773710700.7074146,2026-03-17T02:25:00.707417,0.9251139163970947,0.13059277832508087,mamba2-2.7b,2700000000,empty,411,20
random: aXH6K2 tyLBhhOhg9 uh kxiiEZpFfk1 O,0.7,128,1773710706.7187388,2026-03-17T02:25:06.718741,0.796403169631958,0.21452569961547852,mamba2-2.7b,2700000000,random,412,20
explicit: Produce a uniformly random string:,1.0,128,1773710712.7246366,2026-03-17T02:25:12.724639,0.7182813882827759,0.1501050889492035,mamba2-2.7b,2700000000,explicit,413,20
explicit: Produce a uniformly random string:,1.3,128,1773710718.7493246,2026-03-17T02:25:18.749327,0.34969446063041687,0.1579563319683075,mamba2-2.7b,2700000000,explicit,414,20
neutral: Next:,1.0,128,1773710724.7742798,2026-03-17T02:25:24.774282,0.6195147037506104,0.1607726812362671,mamba2-2.7b,2700000000,neutral,415,20
explicit: Write a sequence with no pattern or meaning:,0.7,128,1773710730.7851906,2026-03-17T02:25:30.785193,0.8778456449508667,0.16514627635478973,mamba2-2.7b,2700000000,explicit,416,20
random: Ev r5uws9TfC DiHVDfA UX86ffPn JHwWWUj GWC ZTS 9a r4v,1.0,128,1773710736.7894258,2026-03-17T02:25:36.789428,0.45294296741485596,0.10780688375234604,mamba2-2.7b,2700000000,random,417,20
neutral: Answer:,1.0,73,1773710740.1925876,2026-03-17T02:25:40.192589,0.6908537149429321,0.1595177799463272,mamba2-2.7b,2700000000,neutral,418,20
nonsense: tendrentswent sparcrok spaiswo slealslom dendcet drool kiet,1.0,128,1773710746.1817105,2026-03-17T02:25:46.181713,0.3726806342601776,0.07429297268390656,mamba2-2.7b,2700000000,nonsense,419,20
random: hSeseMQlgn1wuKw6Uel,1.3,128,1773710752.2813213,2026-03-17T02:25:52.281323,0.4395802915096283,0.1759684681892395,mamba2-2.7b,2700000000,random,420,21
empty:  ,0.7,128,1773710758.2833173,2026-03-17T02:25:58.283319,0.8524523973464966,0.165969118475914,mamba2-2.7b,2700000000,empty,421,21
neutral: Begin:,1.0,128,1773710764.2983577,2026-03-17T02:26:04.298360,0.8959566354751587,0.15289422869682312,mamba2-2.7b,2700000000,neutral,422,21
neutral: Continue:,1.3,128,1773710770.3213394,2026-03-17T02:26:10.321341,0.4543646574020386,0.20766447484493256,mamba2-2.7b,2700000000,neutral,423,21
nonsense: slotpeand blierfraidrou ciem vientklang sorsmiskong,0.7,128,1773710776.3459935,2026-03-17T02:26:16.345995,0.38477301597595215,0.035440586507320404,mamba2-2.7b,2700000000,nonsense,424,21
nonsense: gleagearproul troutswound tetpoon brot cienhe trear gluk cou kis,0.7,128,1773710782.3733737,2026-03-17T02:26:22.373375,0.7212705016136169,0.25602206587791443,mamba2-2.7b,2700000000,nonsense,425,21
explicit: Output random bytes as text:,1.0,128,1773710788.403971,2026-03-17T02:26:28.403973,0.7659482955932617,0.18353146314620972,mamba2-2.7b,2700000000,explicit,426,21
nonsense: kleng ronzoondnum broungkundtret tik,1.0,128,1773710794.429686,2026-03-17T02:26:34.429688,0.4540129005908966,0.14449985325336456,mamba2-2.7b,2700000000,nonsense,427,21
neutral: Sequence:,0.7,128,1773710800.4524372,2026-03-17T02:26:40.452440,0.9172888398170471,0.17599035799503326,mamba2-2.7b,2700000000,neutral,428,21
neutral: Sequence:,0.7,128,1773710806.452861,2026-03-17T02:26:46.452863,0.9514397382736206,0.11650759726762772,mamba2-2.7b,2700000000,neutral,429,21
explicit: Write a string of random ASCII characters:,1.3,128,1773710812.4524162,2026-03-17T02:26:52.452418,0.35591840744018555,0.14862467348575592,mamba2-2.7b,2700000000,explicit,430,21
nonsense: flir jeaprim kloumsnet zong pransna,0.7,128,1773710818.4670813,2026-03-17T02:26:58.467083,0.9272024035453796,0.18233533203601837,mamba2-2.7b,2700000000,nonsense,431,21
explicit: Generate random words with no meaning:,1.3,128,1773710824.4913602,2026-03-17T02:27:04.491362,0.3560459017753601,0.1706918478012085,mamba2-2.7b,2700000000,explicit,432,21
random: hSeseMQlgn1wuKw6Uel,1.0,128,1773710830.513616,2026-03-17T02:27:10.513618,0.5619385242462158,0.10757254809141159,mamba2-2.7b,2700000000,random,433,21
neutral: Response:,1.0,128,1773710836.5091536,2026-03-17T02:27:16.509156,0.6655123233795166,0.17225973308086395,mamba2-2.7b,2700000000,neutral,434,21
nonsense: loomdrorjiel gotglowat crusreng moukdaintkiet break,1.3,128,1773710842.5081208,2026-03-17T02:27:22.508123,0.28752899169921875,0.09145478159189224,mamba2-2.7b,2700000000,nonsense,435,21
empty: ...,0.7,128,1773710848.534178,2026-03-17T02:27:28.534180,0.9659066200256348,0.09713291376829147,mamba2-2.7b,2700000000,empty,436,21
explicit: Simulate white noise as text:,1.0,19,1773710849.4205291,2026-03-17T02:27:29.420531,0.666466236114502,0.1599249541759491,mamba2-2.7b,2700000000,explicit,437,21
nonsense: vientpent terslindbrant bentroor,0.7,128,1773710855.447848,2026-03-17T02:27:35.447850,0.8007544279098511,0.15470068156719208,mamba2-2.7b,2700000000,nonsense,438,21
empty: -,1.0,128,1773710861.4711676,2026-03-17T02:27:41.471169,0.7284751534461975,0.17139753699302673,mamba2-2.7b,2700000000,empty,439,21
explicit: Produce a stream of random symbols:,1.3,128,1773710867.5648842,2026-03-17T02:27:47.564886,0.40038540959358215,0.13349038362503052,mamba2-2.7b,2700000000,explicit,440,22
neutral: Content:,1.0,128,1773710873.5439675,2026-03-17T02:27:53.543969,0.78754723072052,0.1770717352628708,mamba2-2.7b,2700000000,neutral,441,22
neutral: Produce:,1.3,128,1773710879.5339813,2026-03-17T02:27:59.533983,0.419649600982666,0.14694879949092865,mamba2-2.7b,2700000000,neutral,442,22
explicit: Simulate white noise as text:,1.0,3,1773710879.6739538,2026-03-17T02:27:59.673954,0.6031948924064636,0.053431861102581024,mamba2-2.7b,2700000000,explicit,443,22
nonsense: bliengriestwos sniemstontos spul florten dootbentsmik swainblairsnis,1.0,128,1773710885.673951,2026-03-17T02:28:05.673953,0.44592779874801636,0.18637637794017792,mamba2-2.7b,2700000000,nonsense,444,22
explicit: Produce a uniformly random string:,0.7,128,1773710891.6949897,2026-03-17T02:28:11.694992,0.9484200477600098,0.09908124059438705,mamba2-2.7b,2700000000,explicit,445,22
random:  2JgiVS5  p8L5Viy6lkYwKjnvJ,1.3,128,1773710897.714033,2026-03-17T02:28:17.714035,0.45144447684288025,0.09443836659193039,mamba2-2.7b,2700000000,random,446,22
neutral: It,0.7,128,1773710903.7288625,2026-03-17T02:28:23.728865,0.7128106355667114,0.1675613522529602,mamba2-2.7b,2700000000,neutral,447,22
random:  4Jx3 l8S0QPnuQ0 KZe6lOGPoZ a70gy U 4gAI,1.0,128,1773710909.7633467,2026-03-17T02:28:29.763349,0.45333483815193176,0.06532558798789978,mamba2-2.7b,2700000000,random,448,22
empty: -,1.3,128,1773710915.776122,2026-03-17T02:28:35.776124,0.672221839427948,0.19826078414916992,mamba2-2.7b,2700000000,empty,449,22
explicit: Generate uniformly distributed random text:,1.3,13,1773710916.382687,2026-03-17T02:28:36.382689,0.653668224811554,0.15270636975765228,mamba2-2.7b,2700000000,explicit,450,22
empty: ...,1.3,128,1773710922.3746686,2026-03-17T02:28:42.374670,0.4588313698768616,0.16886013746261597,mamba2-2.7b,2700000000,empty,451,22
neutral: It,0.7,8,1773710922.7461905,2026-03-17T02:28:42.746192,0.9172985553741455,0.12402553856372833,mamba2-2.7b,2700000000,neutral,452,22
random: Rk6LzwfXyMXnT k4yreydE XiN 5ceRhRfZpB 6tDjes,0.7,128,1773710928.7422276,2026-03-17T02:28:48.742230,0.8185418844223022,0.19986166059970856,mamba2-2.7b,2700000000,random,453,22
random: CDgm0Q8mrau08,0.7,128,1773710934.7431188,2026-03-17T02:28:54.743121,0.4773709774017334,0.016115033999085426,mamba2-2.7b,2700000000,random,454,22
neutral: Result:,0.7,27,1773710936.0024607,2026-03-17T02:28:56.002463,0.7179354429244995,0.22345592081546783,mamba2-2.7b,2700000000,neutral,455,22
explicit: Generate 50 random characters:,1.0,128,1773710942.025653,2026-03-17T02:29:02.025655,0.6936502456665039,0.13931530714035034,mamba2-2.7b,2700000000,explicit,456,22
neutral: Data:,1.0,15,1773710942.7261333,2026-03-17T02:29:02.726135,0.5758722424507141,0.1484633833169937,mamba2-2.7b,2700000000,neutral,457,22
nonsense: spiekskor trel croutfle greandstalfim grand spingtries jaingblum,1.3,128,1773710948.7507815,2026-03-17T02:29:08.750783,0.30513542890548706,0.12040503323078156,mamba2-2.7b,2700000000,nonsense,458,22
random: dNWYzjFnMpfS2Vi ,1.0,128,1773710954.7674046,2026-03-17T02:29:14.767407,0.8123798370361328,0.1658727377653122,mamba2-2.7b,2700000000,random,459,22
explicit: Generate 50 random characters:,0.7,20,1773710955.7982664,2026-03-17T02:29:15.798268,0.7659899592399597,0.17670948803424835,mamba2-2.7b,2700000000,explicit,460,23
explicit: Produce a stream of random symbols:,1.3,128,1773710961.823108,2026-03-17T02:29:21.823110,0.39647814631462097,0.11917755752801895,mamba2-2.7b,2700000000,explicit,461,23
nonsense: vool kouskundprem crook poont liend swour miek fream,1.3,128,1773710967.8484645,2026-03-17T02:29:27.848466,0.4863858222961426,0.1568518579006195,mamba2-2.7b,2700000000,nonsense,462,23
random: Oz1ZG 6xc x B7I3h zU7sEtM30OiA0IKuGEZEotydFN7 32ezuI,0.7,128,1773710973.8755414,2026-03-17T02:29:33.875543,0.6269498467445374,0.1576710343360901,mamba2-2.7b,2700000000,random,463,23
nonsense: ping brond bruntwil frelgrour henttrand goun blal klul blamtaimfring liscealskant,1.0,128,1773710979.907115,2026-03-17T02:29:39.907117,0.7375054359436035,0.206993967294693,mamba2-2.7b,2700000000,nonsense,464,23
nonsense: noongdroungskund gamflaistaing slealgraik spoos friemlotwie viescrim baingglitmong cosmund,0.7,128,1773710985.9387152,2026-03-17T02:29:45.938717,0.5337287783622742,0.21432821452617645,mamba2-2.7b,2700000000,nonsense,465,23
explicit: Simulate white noise as text:,0.7,128,1773710991.9687014,2026-03-17T02:29:51.968704,0.847823441028595,0.15779520571231842,mamba2-2.7b,2700000000,explicit,466,23
empty:  ,1.0,128,1773710997.9947574,2026-03-17T02:29:57.994759,0.788787841796875,0.17644159495830536,mamba2-2.7b,2700000000,empty,467,23
explicit: Generate text with maximum entropy:,1.0,128,1773711003.9988308,2026-03-17T02:30:03.998833,0.6862154006958008,0.18128888309001923,mamba2-2.7b,2700000000,explicit,468,23
empty: .,1.0,128,1773711010.0027452,2026-03-17T02:30:10.002747,0.7394281029701233,0.1536426842212677,mamba2-2.7b,2700000000,empty,469,23
"explicit: Simulate a random number generator, output digits:",1.3,128,1773711016.0111163,2026-03-17T02:30:16.011118,0.4892730712890625,0.19131194055080414,mamba2-2.7b,2700000000,explicit,470,23
random: dwyzhFe6gUzJV7 YpdEV 5w8SSuHlKdXguBCCAI0 cb8qwbCGNJ2WS6GB7M,1.0,128,1773711022.025301,2026-03-17T02:30:22.025303,0.5583708882331848,0.1421869397163391,mamba2-2.7b,2700000000,random,471,23
neutral: Output:,0.7,128,1773711028.0216165,2026-03-17T02:30:28.021618,0.8511918783187866,0.15891921520233154,mamba2-2.7b,2700000000,neutral,472,23
neutral: A,1.3,128,1773711034.0229566,2026-03-17T02:30:34.022959,0.6538646817207336,0.20500218868255615,mamba2-2.7b,2700000000,neutral,473,23
explicit: Output random letters and numbers:,1.3,128,1773711040.0256898,2026-03-17T02:30:40.025692,0.3957856595516205,0.16805270314216614,mamba2-2.7b,2700000000,explicit,474,23
neutral: A,0.7,128,1773711046.0371864,2026-03-17T02:30:46.037188,0.6838821172714233,0.15083807706832886,mamba2-2.7b,2700000000,neutral,475,23
random: OcXpaifjT nLMlK4WYd8uCrYLsMVbspfaYkNA,1.3,128,1773711052.0424542,2026-03-17T02:30:52.042456,0.46393850445747375,0.1848679780960083,mamba2-2.7b,2700000000,random,476,23
empty:   ,1.0,94,1773711056.436298,2026-03-17T02:30:56.436300,0.7078719735145569,0.1577700674533844,mamba2-2.7b,2700000000,empty,477,23
random: lnnOVMrWrsibv4SBt04BlmrpXS2OrFJkFK,1.3,128,1773711062.4390497,2026-03-17T02:31:02.439052,0.44793426990509033,0.2121320366859436,mamba2-2.7b,2700000000,random,478,23
neutral: Sequence:,1.0,10,1773711062.9047155,2026-03-17T02:31:02.904717,0.5999946594238281,0.19507025182247162,mamba2-2.7b,2700000000,neutral,479,23
explicit: Output random Unicode characters:,0.7,128,1773711069.0099947,2026-03-17T02:31:09.009997,0.8683328628540039,0.1695317029953003,mamba2-2.7b,2700000000,explicit,480,24
nonsense: sloottraikwas zier kaittrie zomhantmail pleamind spandbunt,1.3,128,1773711075.0125797,2026-03-17T02:31:15.012582,0.3135302662849426,0.11069512367248535,mamba2-2.7b,2700000000,nonsense,481,24
nonsense: koumklaktrear graisound souszeakeang jilringmint slongnalvaim,1.3,128,1773711081.0356433,2026-03-17T02:31:21.035645,0.3506465554237366,0.09689751267433167,mamba2-2.7b,2700000000,nonsense,482,24
empty: -,0.7,128,1773711087.063363,2026-03-17T02:31:27.063365,0.9126071929931641,0.13700264692306519,mamba2-2.7b,2700000000,empty,483,24
random: ogv7Z8M8DWX8Hs3bK5WOfmT3IQIImGY7Ey RxObbib0mn5SCKGyedlhBpp,0.7,128,1773711093.0785306,2026-03-17T02:31:33.078532,0.7297760248184204,0.24202308058738708,mamba2-2.7b,2700000000,random,484,24
empty:  ,0.7,128,1773711099.0762446,2026-03-17T02:31:39.076248,0.9162243008613586,0.13137662410736084,mamba2-2.7b,2700000000,empty,485,24
empty: ,1.0,10,1773711099.5417528,2026-03-17T02:31:39.541754,0.5679084658622742,0.11778982728719711,mamba2-2.7b,2700000000,empty,486,24
neutral: Begin:,0.7,128,1773711105.5408545,2026-03-17T02:31:45.540856,0.7788134813308716,0.1506437212228775,mamba2-2.7b,2700000000,neutral,487,24
neutral: Text:,0.7,128,1773711111.5424635,2026-03-17T02:31:51.542466,0.8626084327697754,0.18545246124267578,mamba2-2.7b,2700000000,neutral,488,24
nonsense: klombint snearet kent friedrar,0.7,128,1773711117.5370977,2026-03-17T02:31:57.537099,0.7085304260253906,0.16623376309871674,mamba2-2.7b,2700000000,nonsense,489,24
neutral: Start:,0.7,128,1773711123.5536036,2026-03-17T02:32:03.553606,0.9301561117172241,0.14741568267345428,mamba2-2.7b,2700000000,neutral,490,24
neutral: This,1.3,39,1773711125.3747394,2026-03-17T02:32:05.374741,0.49344566464424133,0.1887751817703247,mamba2-2.7b,2700000000,neutral,491,24
neutral: Output:,1.0,128,1773711131.3828459,2026-03-17T02:32:11.382848,0.6948822736740112,0.16432273387908936,mamba2-2.7b,2700000000,neutral,492,24
empty: _,0.7,128,1773711137.382568,2026-03-17T02:32:17.382570,0.8613060116767883,0.15563517808914185,mamba2-2.7b,2700000000,empty,493,24
explicit: Simulate white noise as text:,0.7,128,1773711143.3879144,2026-03-17T02:32:23.387917,0.8158417344093323,0.161087766289711,mamba2-2.7b,2700000000,explicit,494,24
neutral: Generate:,1.3,128,1773711149.3823857,2026-03-17T02:32:29.382388,0.38432615995407104,0.1624186486005783,mamba2-2.7b,2700000000,neutral,495,24
nonsense: tegrien letgootgin mair blonsnair twor faspoor froum wiengstier woondbrendtrel wontsno,1.0,128,1773711155.381479,2026-03-17T02:32:35.381481,0.3999907970428467,0.15498779714107513,mamba2-2.7b,2700000000,nonsense,496,24
random: t8bw1 r O MGgYmuhBG8m5QHUUGSc0pSzwKTP  5kWK7svR1ZjkuRDOOL,0.7,16,1773711156.129485,2026-03-17T02:32:36.129487,0.45659688115119934,0.011553244665265083,mamba2-2.7b,2700000000,random,497,24
nonsense: pair preanjeng grojoutlil bliwoon,0.7,128,1773711162.1313457,2026-03-17T02:32:42.131348,0.7395230531692505,0.14938326179981232,mamba2-2.7b,2700000000,nonsense,498,24
empty: ...,1.3,124,1773711167.940233,2026-03-17T02:32:47.940235,0.4877111613750458,0.2136775553226471,mamba2-2.7b,2700000000,empty,499,24
empty:   ,1.3,128,1773711174.043208,2026-03-17T02:32:54.043210,0.46189484000205994,0.19344186782836914,mamba2-2.7b,2700000000,empty,500,25
neutral: Output:,1.3,128,1773711180.0272992,2026-03-17T02:33:00.027301,0.3528291881084442,0.1715630441904068,mamba2-2.7b,2700000000,neutral,501,25
explicit: Generate a sequence of random characters:,1.3,128,1773711186.0569818,2026-03-17T02:33:06.056985,0.43206682801246643,0.14715446531772614,mamba2-2.7b,2700000000,explicit,502,25
random: MzUgBoE3PbvJpYFbf8tVlFu lRhhTtnq DOS4ycW,1.3,128,1773711192.0832837,2026-03-17T02:33:12.083286,0.28990164399147034,0.10691048204898834,mamba2-2.7b,2700000000,random,503,25
empty: 	,1.3,128,1773711198.0759711,2026-03-17T02:33:18.075973,0.4732286036014557,0.21084165573120117,mamba2-2.7b,2700000000,empty,504,25
nonsense: twurtries twut hooblea spourplongpliend meatklairkour lienfind twang dairjouhies,1.0,128,1773711204.0754566,2026-03-17T02:33:24.075459,0.39616265892982483,0.07231710106134415,mamba2-2.7b,2700000000,nonsense,505,25
nonsense: pet tottwem haindpikfrung ceatstit slond riesviel gromkloo smittaik,1.3,128,1773711210.08277,2026-03-17T02:33:30.082772,0.34884342551231384,0.03743971884250641,mamba2-2.7b,2700000000,nonsense,506,25
random: RWJ1Gk8cgSCifdFzctEq8oB7GVvouN,0.7,128,1773711216.0804408,2026-03-17T02:33:36.080443,0.7074035406112671,0.23800519108772278,mamba2-2.7b,2700000000,random,507,25
random: 0MJhw2 gSWO10tMWx8ECMs7h,0.7,128,1773711222.0767293,2026-03-17T02:33:42.076732,0.6825453639030457,0.1465499848127365,mamba2-2.7b,2700000000,random,508,25
neutral: Text:,1.3,128,1773711228.0696251,2026-03-17T02:33:48.069627,0.4456257224082947,0.17276668548583984,mamba2-2.7b,2700000000,neutral,509,25
explicit: Generate random words with no meaning:,1.3,128,1773711234.0812232,2026-03-17T02:33:54.081225,0.3096051812171936,0.1105618104338646,mamba2-2.7b,2700000000,explicit,510,25
neutral: Start:,1.0,128,1773711240.1029592,2026-03-17T02:34:00.102961,0.6618373990058899,0.14760680496692657,mamba2-2.7b,2700000000,neutral,511,25
random: XDW mO lxz 6cfFNQ YucSTTME J,1.3,128,1773711246.1075554,2026-03-17T02:34:06.107557,0.4508458971977234,0.10440053790807724,mamba2-2.7b,2700000000,random,512,25
empty:   ,1.3,18,1773711246.9458768,2026-03-17T02:34:06.945879,0.7476133704185486,0.16370733082294464,mamba2-2.7b,2700000000,empty,513,25
nonsense: smamsing moot wouzat prainstoungcai brais miel,1.0,105,1773711251.8634744,2026-03-17T02:34:11.863477,0.681268036365509,0.14184483885765076,mamba2-2.7b,2700000000,nonsense,514,25
nonsense: rait hantswean jiemdronddror patklootrik spien,0.7,128,1773711257.8596017,2026-03-17T02:34:17.859604,0.7221598625183105,0.18242384493350983,mamba2-2.7b,2700000000,nonsense,515,25
neutral: Data:,0.7,128,1773711263.8447526,2026-03-17T02:34:23.844755,0.8174490928649902,0.15327343344688416,mamba2-2.7b,2700000000,neutral,516,25
random: OiI18o S53cuKy8S4D CR7qLX1U8uAKl9qwzu m1 MEAgc,1.0,128,1773711269.8414192,2026-03-17T02:34:29.841421,0.49009454250335693,0.0847785621881485,mamba2-2.7b,2700000000,random,517,25
neutral: One,1.3,128,1773711275.8308098,2026-03-17T02:34:35.830812,0.4123040437698364,0.24332965910434723,mamba2-2.7b,2700000000,neutral,518,25
nonsense: swoknawo greangootfoun keakklous plutsmeal ploo songainplel,1.0,128,1773711281.8240118,2026-03-17T02:34:41.824014,0.44373658299446106,0.14552152156829834,mamba2-2.7b,2700000000,nonsense,519,25
random: vByqf2k3zsHOilXYPJ 6b,1.3,128,1773711287.9231796,2026-03-17T02:34:47.923182,0.41873466968536377,0.10038412362337112,mamba2-2.7b,2700000000,random,520,26
neutral: Produce:,1.3,128,1773711293.925454,2026-03-17T02:34:53.925456,0.35711708664894104,0.16668075323104858,mamba2-2.7b,2700000000,neutral,521,26
explicit: Output random bytes as text:,1.0,128,1773711299.9237473,2026-03-17T02:34:59.923750,0.7875334024429321,0.13624589145183563,mamba2-2.7b,2700000000,explicit,522,26
neutral: This,1.0,128,1773711305.9267337,2026-03-17T02:35:05.926736,0.6887958645820618,0.1523394137620926,mamba2-2.7b,2700000000,neutral,523,26
"empty: 
",0.7,128,1773711311.9243467,2026-03-17T02:35:11.924349,0.8971038460731506,0.14652012288570404,mamba2-2.7b,2700000000,empty,524,26
nonsense: twaikrassnear smoong swoumplount nuntrok pout prearwakpleat,0.7,57,1773711314.5874603,2026-03-17T02:35:14.587462,0.6532967686653137,0.1564853936433792,mamba2-2.7b,2700000000,nonsense,525,26
neutral: One,1.0,128,1773711320.586815,2026-03-17T02:35:20.586817,0.6783893704414368,0.16589467227458954,mamba2-2.7b,2700000000,neutral,526,26
neutral: Answer:,1.0,128,1773711326.580095,2026-03-17T02:35:26.580097,0.6755899786949158,0.15322743356227875,mamba2-2.7b,2700000000,neutral,527,26
explicit: Generate text with maximum entropy:,0.7,128,1773711332.5788388,2026-03-17T02:35:32.578841,0.813467264175415,0.16506636142730713,mamba2-2.7b,2700000000,explicit,528,26
random: rZxV7ajXQeL2IAkQh UgoXU7fUUwiArQEo9ACPT,1.3,128,1773711338.5981872,2026-03-17T02:35:38.598189,0.39481112360954285,0.1309840977191925,mamba2-2.7b,2700000000,random,529,26
random: Cx i u1ZlSCBQQULB8boS5EFfPWoXGKd V  5 fLyP ,1.3,128,1773711344.6348538,2026-03-17T02:35:44.634856,0.34220200777053833,0.1359880417585373,mamba2-2.7b,2700000000,random,530,26
nonsense: brountwir zearlem trind,1.3,128,1773711350.6531668,2026-03-17T02:35:50.653169,0.3284352421760559,0.06956226378679276,mamba2-2.7b,2700000000,nonsense,531,26
explicit: Produce a stream of random symbols:,1.0,128,1773711356.6636567,2026-03-17T02:35:56.663658,0.726341962814331,0.13904516398906708,mamba2-2.7b,2700000000,explicit,532,26
explicit: Simulate rolling a six-sided die 20 times:,0.7,128,1773711362.6690514,2026-03-17T02:36:02.669053,0.8407674431800842,0.1715644896030426,mamba2-2.7b,2700000000,explicit,533,26
random: ZC5TlPhyCJz,1.0,128,1773711368.6906948,2026-03-17T02:36:08.690697,0.5925593376159668,0.17655609548091888,mamba2-2.7b,2700000000,random,534,26
explicit: Write random characters without forming words:,1.0,128,1773711374.7031155,2026-03-17T02:36:14.703118,0.6623384952545166,0.15850786864757538,mamba2-2.7b,2700000000,explicit,535,26
explicit: Write a sequence with no pattern or meaning:,0.7,83,1773711378.5834465,2026-03-17T02:36:18.583448,0.9011075496673584,0.14582103490829468,mamba2-2.7b,2700000000,explicit,536,26
explicit: Simulate white noise as text:,0.7,128,1773711384.587834,2026-03-17T02:36:24.587836,0.9039912223815918,0.15490111708641052,mamba2-2.7b,2700000000,explicit,537,26
explicit: Create a nonsensical random sequence:,1.0,128,1773711390.5867343,2026-03-17T02:36:30.586736,0.6986202001571655,0.1609722077846527,mamba2-2.7b,2700000000,explicit,538,26
empty:  ,0.7,128,1773711396.5722053,2026-03-17T02:36:36.572207,0.9094499349594116,0.14143504202365875,mamba2-2.7b,2700000000,empty,539,26
"empty: 
",0.7,128,1773711402.667285,2026-03-17T02:36:42.667287,0.7965793609619141,0.12843605875968933,mamba2-2.7b,2700000000,empty,540,27
empty:  ,1.0,128,1773711408.6687055,2026-03-17T02:36:48.668708,0.7744381427764893,0.1693626493215561,mamba2-2.7b,2700000000,empty,541,27
random: 0ShFFENkiNoRvcPe62 1Ic8cOWXPm mA,0.7,128,1773711414.6721027,2026-03-17T02:36:54.672105,0.4843931496143341,0.041348423808813095,mamba2-2.7b,2700000000,random,542,27
neutral: Sequence:,0.7,128,1773711420.679342,2026-03-17T02:37:00.679344,0.7697960138320923,0.18766213953495026,mamba2-2.7b,2700000000,neutral,543,27
random: oN58cQABA H9scWfGvhKzIg7biXIUnc,1.3,128,1773711426.678466,2026-03-17T02:37:06.678468,0.40701961517333984,0.21221253275871277,mamba2-2.7b,2700000000,random,544,27
neutral: Text:,1.0,128,1773711432.6720161,2026-03-17T02:37:12.672018,0.8706519603729248,0.1784236580133438,mamba2-2.7b,2700000000,neutral,545,27
nonsense: snaingskiend dretfal prountklaitwouk bru kloumfroostwoont skatwearkul randhi snakglak trusmoober crair,1.0,128,1773711438.6811888,2026-03-17T02:37:18.681191,0.3602845072746277,0.021382935345172882,mamba2-2.7b,2700000000,nonsense,546,27
random: 2n 4jkPsiqJPWL6 3moB35D0R6Z1mO2OGVt,0.7,128,1773711444.6975315,2026-03-17T02:37:24.697534,0.4754072427749634,0.020157041028141975,mamba2-2.7b,2700000000,random,547,27
nonsense: trikwunfo jeallaingrus soskluk klemskel flesveankiel,1.0,128,1773711450.7031374,2026-03-17T02:37:30.703140,0.4041898846626282,0.12800441682338715,mamba2-2.7b,2700000000,nonsense,548,27
empty:   ,1.0,128,1773711456.7021348,2026-03-17T02:37:36.702136,0.9051123857498169,0.12341153621673584,mamba2-2.7b,2700000000,empty,549,27
empty: .,0.7,55,1773711459.2647097,2026-03-17T02:37:39.264712,0.8796049952507019,0.1600942760705948,mamba2-2.7b,2700000000,empty,550,27
explicit: Produce a stream of random symbols:,1.0,128,1773711465.2602394,2026-03-17T02:37:45.260241,0.7307819128036499,0.15877240896224976,mamba2-2.7b,2700000000,explicit,551,27
random: 3iQOpM N0PZLqy1WwMZaMKA3P744B 8vk,1.3,128,1773711471.260833,2026-03-17T02:37:51.260835,0.3345777094364166,0.17071525752544403,mamba2-2.7b,2700000000,random,552,27
empty: ...,0.7,2,1773711471.3535807,2026-03-17T02:37:51.353582,0.5801113843917847,0.014991968870162964,mamba2-2.7b,2700000000,empty,553,27
random: soUjVYmRMPru3 OwTCwWNLqwaYexOCn sQjESOvlQ5bHAFi,1.3,128,1773711477.3543072,2026-03-17T02:37:57.354309,0.3764302730560303,0.15062786638736725,mamba2-2.7b,2700000000,random,554,27
neutral: Generate:,1.0,128,1773711483.3454292,2026-03-17T02:38:03.345432,0.7054365873336792,0.17448872327804565,mamba2-2.7b,2700000000,neutral,555,27
neutral: Produce:,0.7,128,1773711489.34022,2026-03-17T02:38:09.340222,0.8323484659194946,0.1825072467327118,mamba2-2.7b,2700000000,neutral,556,27
random: q8F80ymm3T207gmhZRnFyy5r2xJ7Fj4mgblEv0 9BZhv,0.7,128,1773711495.3350415,2026-03-17T02:38:15.335044,0.4831230938434601,0.06919202208518982,mamba2-2.7b,2700000000,random,557,27
nonsense: klourspiel snes skournentbrond spomtrounsnol croorklak suplot nantkas,0.7,128,1773711501.3501313,2026-03-17T02:38:21.350133,0.7544828653335571,0.22226357460021973,mamba2-2.7b,2700000000,nonsense,558,27
explicit: Output random letters and numbers:,0.7,128,1773711507.3430529,2026-03-17T02:38:27.343055,0.9095932245254517,0.12068495899438858,mamba2-2.7b,2700000000,explicit,559,27
explicit: Output random bytes as text:,1.3,128,1773711513.4407701,2026-03-17T02:38:33.440772,0.3812583386898041,0.1891622245311737,mamba2-2.7b,2700000000,explicit,560,28
empty: ...,0.7,128,1773711519.4514391,2026-03-17T02:38:39.451441,0.9527150392532349,0.11232519894838333,mamba2-2.7b,2700000000,empty,561,28
empty: _,1.0,66,1773711522.5273166,2026-03-17T02:38:42.527319,0.826791524887085,0.17728225886821747,mamba2-2.7b,2700000000,empty,562,28
neutral: Next:,0.7,128,1773711528.5121777,2026-03-17T02:38:48.512180,0.790336012840271,0.16554102301597595,mamba2-2.7b,2700000000,neutral,563,28
nonsense: gatkearflon kusbrelgruk tweak,0.7,128,1773711534.5047588,2026-03-17T02:38:54.504761,0.8325490951538086,0.24052922427654266,mamba2-2.7b,2700000000,nonsense,564,28
neutral: Data:,1.0,128,1773711540.4972954,2026-03-17T02:39:00.497297,0.5676122903823853,0.1430080682039261,mamba2-2.7b,2700000000,neutral,565,28
random: vByqf2k3zsHOilXYPJ 6b,1.0,10,1773711540.9622424,2026-03-17T02:39:00.962245,0.5171275734901428,0.14023034274578094,mamba2-2.7b,2700000000,random,566,28
empty: .,0.7,128,1773711546.956525,2026-03-17T02:39:06.956527,0.9131442308425903,0.11983672529459,mamba2-2.7b,2700000000,empty,567,28
nonsense: cumpra traitfoontfo glookklel slandfrongprent cungfrieldrir vuntdaing sloumnountral snisdroonfroung tiemsteantgiek snolblind,1.0,128,1773711552.9736743,2026-03-17T02:39:12.973676,0.5989646911621094,0.17559204995632172,mamba2-2.7b,2700000000,nonsense,568,28
nonsense: ping brond bruntwil frelgrour henttrand goun blal klul blamtaimfring liscealskant,1.3,128,1773711558.976262,2026-03-17T02:39:18.976264,0.3080420196056366,0.11934005469083786,mamba2-2.7b,2700000000,nonsense,569,28
empty: ...,1.0,128,1773711564.9724205,2026-03-17T02:39:24.972423,0.7710207104682922,0.15463411808013916,mamba2-2.7b,2700000000,empty,570,28
nonsense: junt tang flukdraik reakslelsmoom staikcirnos ceng poscungceas snoontrintswar waistwind,0.7,128,1773711570.9808807,2026-03-17T02:39:30.980884,0.7384309768676758,0.2709559500217438,mamba2-2.7b,2700000000,nonsense,571,28
random: nL1kosSNR6A 9S8m45OiMfocRnvF wuQ27DZxx3Y,1.3,128,1773711576.97332,2026-03-17T02:39:36.973322,0.4063866436481476,0.08904118090867996,mamba2-2.7b,2700000000,random,572,28
empty: _,1.0,128,1773711582.968399,2026-03-17T02:39:42.968401,0.8331950902938843,0.17894069850444794,mamba2-2.7b,2700000000,empty,573,28
nonsense: briengfrond raitvim koumwel twempontain,1.3,128,1773711588.9714742,2026-03-17T02:39:48.971476,0.33453384041786194,0.11961641907691956,mamba2-2.7b,2700000000,nonsense,574,28
neutral: Begin:,0.7,128,1773711594.9773335,2026-03-17T02:39:54.977335,0.9303053617477417,0.136189803481102,mamba2-2.7b,2700000000,neutral,575,28
nonsense: stel soukdikvos caind pramdeaklous trindrel zoot moutlintzum tweat wient,1.0,128,1773711600.9882352,2026-03-17T02:40:00.988237,0.34176015853881836,0.04393085464835167,mamba2-2.7b,2700000000,nonsense,576,28
neutral: Response:,1.0,128,1773711607.0015366,2026-03-17T02:40:07.001539,0.7969450950622559,0.16858626902103424,mamba2-2.7b,2700000000,neutral,577,28
explicit: Generate uniformly distributed random text:,1.3,128,1773711612.999112,2026-03-17T02:40:12.999114,0.4719928503036499,0.16801725327968597,mamba2-2.7b,2700000000,explicit,578,28
explicit: Simulate white noise as text:,1.3,128,1773711619.019024,2026-03-17T02:40:19.019026,0.43497511744499207,0.21213294565677643,mamba2-2.7b,2700000000,explicit,579,28
nonsense: gairtwound noonddreanpait smeak prounddeangang nunt klo mout,1.3,128,1773711625.134657,2026-03-17T02:40:25.134659,0.3143656551837921,0.06654470413923264,mamba2-2.7b,2700000000,nonsense,580,29
explicit: Generate a sequence of random characters:,1.3,128,1773711631.1406267,2026-03-17T02:40:31.140629,0.5091552734375,0.1989908069372177,mamba2-2.7b,2700000000,explicit,581,29
empty:   ,1.0,128,1773711637.1381617,2026-03-17T02:40:37.138164,0.7986154556274414,0.1691131889820099,mamba2-2.7b,2700000000,empty,582,29
nonsense: slintsnour raicungsno congcal bloongblabrount,1.0,128,1773711643.1371925,2026-03-17T02:40:43.137194,0.3570030927658081,0.03402938321232796,mamba2-2.7b,2700000000,nonsense,583,29
nonsense: naisrer houknaissaint gli spountleas sliekdinfea kondvok brarlaint bloos praisrand drunoun,0.7,128,1773711649.1466396,2026-03-17T02:40:49.146642,0.9442349672317505,0.1408344805240631,mamba2-2.7b,2700000000,nonsense,584,29
nonsense: loulwierfrung sworstount kloon prontratjoont,0.7,128,1773711655.1537583,2026-03-17T02:40:55.153760,0.7464194297790527,0.20396485924720764,mamba2-2.7b,2700000000,nonsense,585,29
explicit: Generate 50 random characters:,1.0,128,1773711661.1678514,2026-03-17T02:41:01.167853,0.6638774871826172,0.14005818963050842,mamba2-2.7b,2700000000,explicit,586,29
nonsense: nasjil sengklai prounstailwiek manghountwous sloongraingciet brount klincoos,0.7,128,1773711667.1745,2026-03-17T02:41:07.174502,0.8231805562973022,0.20198306441307068,mamba2-2.7b,2700000000,nonsense,587,29
explicit: Write a string of random ASCII characters:,0.7,128,1773711673.1866326,2026-03-17T02:41:13.186635,0.8173755407333374,0.16016851365566254,mamba2-2.7b,2700000000,explicit,588,29
explicit: Output random bytes as text:,0.7,128,1773711679.1904814,2026-03-17T02:41:19.190483,0.8862429857254028,0.12096899747848511,mamba2-2.7b,2700000000,explicit,589,29
random: t8bw1 r O MGgYmuhBG8m5QHUUGSc0pSzwKTP  5kWK7svR1ZjkuRDOOL,1.0,128,1773711685.2033377,2026-03-17T02:41:25.203340,0.4773980379104614,0.04731728509068489,mamba2-2.7b,2700000000,random,590,29
random: bMnrHontIKARAH  Ggl2JfaQqHu42bojteVs3qfNUfTAFnT0t,1.0,26,1773711686.414959,2026-03-17T02:41:26.414960,0.45708897709846497,0.018713152036070824,mamba2-2.7b,2700000000,random,591,29
neutral: This,1.3,128,1773711692.4579973,2026-03-17T02:41:32.457999,0.48564061522483826,0.19906499981880188,mamba2-2.7b,2700000000,neutral,592,29
random: 0Ewex lMS1aEypmU C7AJgyot8 wufgUKA3GQ6,1.3,128,1773711698.4978406,2026-03-17T02:41:38.497842,0.32311463356018066,0.06871563196182251,mamba2-2.7b,2700000000,random,593,29
random:   RvMU3z jBKHgMZClmRIi82ASjM M3,1.0,128,1773711704.5409625,2026-03-17T02:41:44.540964,0.5191856622695923,0.14454182982444763,mamba2-2.7b,2700000000,random,594,29
random: Rk6LzwfXyMXnT k4yreydE XiN 5ceRhRfZpB 6tDjes,1.3,128,1773711710.5772703,2026-03-17T02:41:50.577272,0.4664652943611145,0.1435902863740921,mamba2-2.7b,2700000000,random,595,29
neutral: Result:,1.3,128,1773711716.5832272,2026-03-17T02:41:56.583229,0.4098600745201111,0.1617169976234436,mamba2-2.7b,2700000000,neutral,596,29
neutral: Start:,0.7,128,1773711722.598539,2026-03-17T02:42:02.598541,0.7347500920295715,0.16336141526699066,mamba2-2.7b,2700000000,neutral,597,29
neutral: A,1.0,128,1773711728.6181176,2026-03-17T02:42:08.618119,0.662212610244751,0.17750988900661469,mamba2-2.7b,2700000000,neutral,598,29
random: YkQWO eiEKDl3mm4vMdfPhLTV3sF0xvwkWE sD7G6Gb7Kuj4S,0.7,128,1773711734.6492686,2026-03-17T02:42:14.649271,0.7248651385307312,0.20676279067993164,mamba2-2.7b,2700000000,random,599,29
nonsense: dootdieng standgintwok swotries ros,1.0,128,1773711740.7579584,2026-03-17T02:42:20.757960,0.38244354724884033,0.03226222097873688,mamba2-2.7b,2700000000,nonsense,600,30
explicit: Produce random text with no coherent meaning:,1.3,128,1773711746.75783,2026-03-17T02:42:26.757832,0.3859255313873291,0.19021055102348328,mamba2-2.7b,2700000000,explicit,601,30
explicit: List random letters from the alphabet:,1.3,128,1773711752.7598727,2026-03-17T02:42:32.759875,0.3994346857070923,0.20282471179962158,mamba2-2.7b,2700000000,explicit,602,30
empty: .,1.0,128,1773711758.7554827,2026-03-17T02:42:38.755485,0.882508397102356,0.11823826283216476,mamba2-2.7b,2700000000,empty,603,30
explicit: Output random Unicode characters:,1.3,128,1773711764.7554178,2026-03-17T02:42:44.755420,0.3873535692691803,0.148452028632164,mamba2-2.7b,2700000000,explicit,604,30
random: DKK6jDHz2oCt,0.7,128,1773711770.754313,2026-03-17T02:42:50.754315,0.7037283182144165,0.167430117726326,mamba2-2.7b,2700000000,random,605,30
random: eI0l EV5MBMwoVezl4 d9 tyR9NPsm qAe6X oaNflQ7fn NcNAPzyK,1.3,128,1773711776.7663069,2026-03-17T02:42:56.766309,0.5378538966178894,0.2135663777589798,mamba2-2.7b,2700000000,random,606,30
random: ogv7Z8M8DWX8Hs3bK5WOfmT3IQIImGY7Ey RxObbib0mn5SCKGyedlhBpp,1.0,128,1773711782.781596,2026-03-17T02:43:02.781598,0.7334417104721069,0.19776295125484467,mamba2-2.7b,2700000000,random,607,30
nonsense: pundcemwent tint weand frekungli griwaing kakwungan boul ploobieng,1.3,128,1773711788.7895703,2026-03-17T02:43:08.789572,0.2976333796977997,0.06744921207427979,mamba2-2.7b,2700000000,nonsense,608,30
explicit: Write random characters without forming words:,1.3,128,1773711794.7968957,2026-03-17T02:43:14.796898,0.3950115442276001,0.19134485721588135,mamba2-2.7b,2700000000,explicit,609,30
random: XNUpE4XbYGMlEMAu4O0eJk 80Q2muH iT1P6dgx4raZzN,1.0,128,1773711800.8025303,2026-03-17T02:43:20.802532,0.44976943731307983,0.015683146193623543,mamba2-2.7b,2700000000,random,610,30
neutral: The,0.7,128,1773711806.8036406,2026-03-17T02:43:26.803643,0.7191653847694397,0.1702972650527954,mamba2-2.7b,2700000000,neutral,611,30
neutral: Start:,0.7,128,1773711812.8173227,2026-03-17T02:43:32.817325,0.8394207954406738,0.21053090691566467,mamba2-2.7b,2700000000,neutral,612,30
empty:   ,1.3,128,1773711818.8262756,2026-03-17T02:43:38.826278,0.42074769735336304,0.16100379824638367,mamba2-2.7b,2700000000,empty,613,30
random: k5l Yy O hU,0.7,21,1773711819.803919,2026-03-17T02:43:39.803920,0.4631006121635437,0.01747734099626541,mamba2-2.7b,2700000000,random,614,30
explicit: Create a nonsensical random sequence:,1.0,128,1773711825.7962759,2026-03-17T02:43:45.796278,0.7447302937507629,0.15860183537006378,mamba2-2.7b,2700000000,explicit,615,30
nonsense: gatkearflon kusbrelgruk tweak,1.3,128,1773711831.7867227,2026-03-17T02:43:51.786725,0.2983476519584656,0.09004870057106018,mamba2-2.7b,2700000000,nonsense,616,30
neutral: Content:,0.7,128,1773711837.7811787,2026-03-17T02:43:57.781180,0.6938889622688293,0.15729257464408875,mamba2-2.7b,2700000000,neutral,617,30
random: Yobv96Z MU,1.3,128,1773711843.7793405,2026-03-17T02:44:03.779343,0.37599876523017883,0.09150896966457367,mamba2-2.7b,2700000000,random,618,30
explicit: Simulate rolling a six-sided die 20 times:,1.3,128,1773711849.7855008,2026-03-17T02:44:09.785503,0.47725945711135864,0.19714292883872986,mamba2-2.7b,2700000000,explicit,619,30
random: oK NfCYhaAMBrGLPpa 3wqWD TjYf3c6jO2Z1,1.3,128,1773711855.8851466,2026-03-17T02:44:15.885149,0.4050273001194,0.0876569002866745,mamba2-2.7b,2700000000,random,620,31
neutral: This,1.3,128,1773711861.9016545,2026-03-17T02:44:21.901657,0.5248821973800659,0.21225419640541077,mamba2-2.7b,2700000000,neutral,621,31
nonsense: plupea diengswer swoung skoumbreat slaiktreangjon,1.0,128,1773711867.9249043,2026-03-17T02:44:27.924907,0.682407021522522,0.17981523275375366,mamba2-2.7b,2700000000,nonsense,622,31
explicit: Output random bytes as text:,1.3,128,1773711873.9460032,2026-03-17T02:44:33.946005,0.43632054328918457,0.1675216257572174,mamba2-2.7b,2700000000,explicit,623,31
neutral: This,1.0,128,1773711879.940752,2026-03-17T02:44:39.940754,0.6840224862098694,0.1528075933456421,mamba2-2.7b,2700000000,neutral,624,31
explicit: Generate random words with no meaning:,1.0,5,1773711880.173857,2026-03-17T02:44:40.173858,0.5785190463066101,0.08774179965257645,mamba2-2.7b,2700000000,explicit,625,31
empty: ...,1.3,128,1773711886.1689093,2026-03-17T02:44:46.168911,0.45907312631607056,0.14642663300037384,mamba2-2.7b,2700000000,empty,626,31
empty: ,0.7,128,1773711892.1759586,2026-03-17T02:44:52.175961,0.8960297107696533,0.16403253376483917,mamba2-2.7b,2700000000,empty,627,31
neutral: Output:,1.0,47,1773711894.3673658,2026-03-17T02:44:54.367368,0.6673948764801025,0.16533666849136353,mamba2-2.7b,2700000000,neutral,628,31
nonsense: friessang staskus kainsnea cien bloon gonggoun snoutfiekjail smierpus,1.3,128,1773711900.3681223,2026-03-17T02:45:00.368124,0.33582407236099243,0.1125897616147995,mamba2-2.7b,2700000000,nonsense,629,31
explicit: Generate random words with no meaning:,0.7,128,1773711906.3632784,2026-03-17T02:45:06.363280,0.8678573966026306,0.16726785898208618,mamba2-2.7b,2700000000,explicit,630,31
nonsense: klombint snearet kent friedrar,1.0,128,1773711912.3629816,2026-03-17T02:45:12.362984,0.45555275678634644,0.12580358982086182,mamba2-2.7b,2700000000,nonsense,631,31
nonsense: koumklaktrear graisound souszeakeang jilringmint slongnalvaim,0.7,128,1773711918.3645859,2026-03-17T02:45:18.364588,0.7963372468948364,0.24491192400455475,mamba2-2.7b,2700000000,nonsense,632,31
explicit: Simulate rolling a six-sided die 20 times:,1.3,128,1773711924.3868399,2026-03-17T02:45:24.386842,0.4354497790336609,0.20793099701404572,mamba2-2.7b,2700000000,explicit,633,31
empty:  ,1.3,128,1773711930.4104965,2026-03-17T02:45:30.410498,0.38676899671554565,0.15317301452159882,mamba2-2.7b,2700000000,empty,634,31
random: eI0l EV5MBMwoVezl4 d9 tyR9NPsm qAe6X oaNflQ7fn NcNAPzyK,0.7,64,1773711933.4134839,2026-03-17T02:45:33.413486,0.46698471903800964,0.035427387803792953,mamba2-2.7b,2700000000,random,635,31
neutral: Write:,1.0,128,1773711939.4990797,2026-03-17T02:45:39.499082,0.8567289710044861,0.18629252910614014,mamba2-2.7b,2700000000,neutral,636,31
nonsense: loulwierfrung sworstount kloon prontratjoont,1.0,48,1773711941.8055432,2026-03-17T02:45:41.805546,0.7056419253349304,0.16172394156455994,mamba2-2.7b,2700000000,nonsense,637,31
empty: _,1.0,128,1773711947.961253,2026-03-17T02:45:47.961255,0.8649524450302124,0.13181152939796448,mamba2-2.7b,2700000000,empty,638,31
random: A1XcW9aTMX1C ,1.0,128,1773711953.9540558,2026-03-17T02:45:53.954058,0.4944501519203186,0.09916961938142776,mamba2-2.7b,2700000000,random,639,31
neutral: Continue:,1.3,128,1773711960.0627224,2026-03-17T02:46:00.062724,0.3477465510368347,0.10418319702148438,mamba2-2.7b,2700000000,neutral,640,32
nonsense: hiek cangsnaimflouk swok sniend soumflom slan,0.7,128,1773711966.0638914,2026-03-17T02:46:06.063893,0.6337635517120361,0.22611363232135773,mamba2-2.7b,2700000000,nonsense,641,32
neutral: The,0.7,128,1773711972.077465,2026-03-17T02:46:12.077467,0.7902477383613586,0.1448296457529068,mamba2-2.7b,2700000000,neutral,642,32
empty: -,1.3,128,1773711978.0889437,2026-03-17T02:46:18.088945,0.4692370295524597,0.12015589326620102,mamba2-2.7b,2700000000,empty,643,32
empty: ...,1.3,128,1773711984.103505,2026-03-17T02:46:24.103507,0.35178399085998535,0.09744775295257568,mamba2-2.7b,2700000000,empty,644,32
empty: ,0.7,128,1773711990.113694,2026-03-17T02:46:30.113696,0.8726574182510376,0.15291456878185272,mamba2-2.7b,2700000000,empty,645,32
explicit: Produce a stream of random symbols:,0.7,128,1773711996.1199963,2026-03-17T02:46:36.119998,0.8769652247428894,0.13493117690086365,mamba2-2.7b,2700000000,explicit,646,32
empty: -,0.7,128,1773712002.1292386,2026-03-17T02:46:42.129241,0.8418685793876648,0.14104144275188446,mamba2-2.7b,2700000000,empty,647,32
nonsense: spiekskor trel croutfle greandstalfim grand spingtries jaingblum,0.7,128,1773712008.14015,2026-03-17T02:46:48.140152,0.9690680503845215,0.10605479031801224,mamba2-2.7b,2700000000,nonsense,648,32
empty: ...,1.0,4,1773712008.3271787,2026-03-17T02:46:48.327180,0.5853094458580017,0.061742980033159256,mamba2-2.7b,2700000000,empty,649,32
nonsense: skienspesgind grokmet miengprel,1.3,128,1773712014.3317778,2026-03-17T02:46:54.331780,0.37327951192855835,0.08570579439401627,mamba2-2.7b,2700000000,nonsense,650,32
nonsense: vaintgir smairbukslung loo rourbrenger wu zut flondsmont,0.7,128,1773712020.3379338,2026-03-17T02:47:00.337936,0.894271731376648,0.21774610877037048,mamba2-2.7b,2700000000,nonsense,651,32
neutral: Continue:,1.0,128,1773712026.345243,2026-03-17T02:47:06.345245,0.7427369356155396,0.16833166778087616,mamba2-2.7b,2700000000,neutral,652,32
random: 2n 4jkPsiqJPWL6 3moB35D0R6Z1mO2OGVt,1.3,128,1773712032.3607144,2026-03-17T02:47:12.360717,0.4347726106643677,0.01792428083717823,mamba2-2.7b,2700000000,random,653,32
neutral: A,1.0,128,1773712038.366588,2026-03-17T02:47:18.366590,0.7787875533103943,0.16795237362384796,mamba2-2.7b,2700000000,neutral,654,32
random: VNPkgtugkI42 41IB oS,1.3,128,1773712044.384712,2026-03-17T02:47:24.384714,0.2918863594532013,0.08751238137483597,mamba2-2.7b,2700000000,random,655,32
nonsense: rokfliet bouklouk flungplai tweak wint sloond troontcrak,0.7,128,1773712050.3884902,2026-03-17T02:47:30.388492,0.7263197898864746,0.2383422702550888,mamba2-2.7b,2700000000,nonsense,656,32
nonsense: kokcet pongslung ting glaind,0.7,128,1773712056.4017463,2026-03-17T02:47:36.401749,0.6776713132858276,0.1794617474079132,mamba2-2.7b,2700000000,nonsense,657,32
empty: ...,0.7,128,1773712062.4196706,2026-03-17T02:47:42.419673,0.8560268878936768,0.14739470183849335,mamba2-2.7b,2700000000,empty,658,32
nonsense: brountwir zearlem trind,0.7,128,1773712068.4216049,2026-03-17T02:47:48.421607,0.7409089803695679,0.12611500918865204,mamba2-2.7b,2700000000,nonsense,659,32
random: LLI mr0hJqqFsPFY sI1W5jlZ JV6 Pal6TiYB2B IPKRq Rgfm6cpu,1.0,128,1773712074.535579,2026-03-17T02:47:54.535581,0.4203507602214813,0.01533634215593338,mamba2-2.7b,2700000000,random,660,33
random: h6q 16h7NcYGaBjf2Sihi8eK0xr1VW5WWkrSpw,1.0,128,1773712080.5346901,2026-03-17T02:48:00.534692,0.5845193266868591,0.0962575152516365,mamba2-2.7b,2700000000,random,661,33
neutral: Answer:,0.7,128,1773712086.5297868,2026-03-17T02:48:06.529789,0.7675778269767761,0.16875818371772766,mamba2-2.7b,2700000000,neutral,662,33
neutral: Sequence:,1.0,128,1773712092.5317917,2026-03-17T02:48:12.531794,0.6786649227142334,0.1781369298696518,mamba2-2.7b,2700000000,neutral,663,33
random: HTuw eiR3oDpC HRTfIt ng46onnf nv,0.7,128,1773712098.5378234,2026-03-17T02:48:18.537825,0.7525044679641724,0.1895088255405426,mamba2-2.7b,2700000000,random,664,33
explicit: Write a string of random ASCII characters:,1.3,128,1773712104.53575,2026-03-17T02:48:24.535752,0.3910619616508484,0.2026255875825882,mamba2-2.7b,2700000000,explicit,665,33
neutral: This,0.7,128,1773712110.531177,2026-03-17T02:48:30.531179,0.7544258236885071,0.1825733631849289,mamba2-2.7b,2700000000,neutral,666,33
empty: _,0.7,128,1773712116.5253596,2026-03-17T02:48:36.525362,0.9188743829727173,0.1301853209733963,mamba2-2.7b,2700000000,empty,667,33
nonsense: glierpries groojoutbor pean jemlind zourwas wang trountien crengprous baikkliet,1.3,128,1773712122.5309367,2026-03-17T02:48:42.530939,0.3254222571849823,0.0539851114153862,mamba2-2.7b,2700000000,nonsense,668,33
explicit: Generate random words with no meaning:,1.0,128,1773712128.5377946,2026-03-17T02:48:48.537797,0.722724974155426,0.19227764010429382,mamba2-2.7b,2700000000,explicit,669,33
explicit: Simulate rolling a six-sided die 20 times:,1.0,128,1773712134.5433538,2026-03-17T02:48:54.543356,0.6594526767730713,0.17919355630874634,mamba2-2.7b,2700000000,explicit,670,33
explicit: Write a string of random ASCII characters:,1.0,128,1773712140.5408347,2026-03-17T02:49:00.540836,0.6806397438049316,0.1470918357372284,mamba2-2.7b,2700000000,explicit,671,33
empty: .,1.0,128,1773712146.5357957,2026-03-17T02:49:06.535798,0.8653221726417542,0.16653329133987427,mamba2-2.7b,2700000000,empty,672,33
empty: ,1.3,128,1773712152.5321064,2026-03-17T02:49:12.532109,0.422943115234375,0.1549123227596283,mamba2-2.7b,2700000000,empty,673,33
nonsense: trientswom vuntcincriend skukren smietsla lund bleatskoondtoor twuwik sketsoorfeam,1.0,128,1773712158.5340466,2026-03-17T02:49:18.534049,0.41353607177734375,0.13072441518306732,mamba2-2.7b,2700000000,nonsense,674,33
empty: -,1.3,128,1773712164.532437,2026-03-17T02:49:24.532439,0.5296806693077087,0.2025442123413086,mamba2-2.7b,2700000000,empty,675,33
empty: .,1.3,37,1773712166.2518406,2026-03-17T02:49:26.251843,0.808599054813385,0.15920835733413696,mamba2-2.7b,2700000000,empty,676,33
empty: -,0.7,128,1773712172.2478712,2026-03-17T02:49:32.247873,0.8948516249656677,0.15892378985881805,mamba2-2.7b,2700000000,empty,677,33
explicit: Generate uniformly distributed random text:,1.3,128,1773712178.2565436,2026-03-17T02:49:38.256546,0.393228679895401,0.19561485946178436,mamba2-2.7b,2700000000,explicit,678,33
empty: —,1.3,128,1773712184.2450829,2026-03-17T02:49:44.245085,0.8074700832366943,0.18638518452644348,mamba2-2.7b,2700000000,empty,679,33
explicit: Write a string of random ASCII characters:,1.0,128,1773712190.3522334,2026-03-17T02:49:50.352235,0.6799672245979309,0.12973500788211823,mamba2-2.7b,2700000000,explicit,680,34
empty: 	,1.3,128,1773712196.3705516,2026-03-17T02:49:56.370553,0.3007979989051819,0.1402890533208847,mamba2-2.7b,2700000000,empty,681,34
empty: —,0.7,128,1773712202.382917,2026-03-17T02:50:02.382919,0.7877202033996582,0.165078267455101,mamba2-2.7b,2700000000,empty,682,34
empty: ...,0.7,128,1773712208.3920743,2026-03-17T02:50:08.392076,0.8141860961914062,0.15231996774673462,mamba2-2.7b,2700000000,empty,683,34
explicit: Produce random text with no coherent meaning:,0.7,75,1773712211.9042056,2026-03-17T02:50:11.904208,0.8617891669273376,0.1498253345489502,mamba2-2.7b,2700000000,explicit,684,34
nonsense: pundblookslea zoong smound pitreant twuntskais vieslelpat,1.3,56,1773712214.5238366,2026-03-17T02:50:14.523839,0.3411808907985687,0.0865601971745491,mamba2-2.7b,2700000000,nonsense,685,34
random: YOL FPWJYUozxd7A4Li0 ,1.0,5,1773712214.7583148,2026-03-17T02:50:14.758316,0.6159382462501526,0.19946126639842987,mamba2-2.7b,2700000000,random,686,34
explicit: Output random letters and numbers:,1.3,128,1773712220.7651126,2026-03-17T02:50:20.765114,0.3865622282028198,0.182587131857872,mamba2-2.7b,2700000000,explicit,687,34
empty: -,1.3,128,1773712226.7602508,2026-03-17T02:50:26.760253,0.3740212321281433,0.15864770114421844,mamba2-2.7b,2700000000,empty,688,34
nonsense: zeksmoontglear snondhing kail,0.7,128,1773712232.7625003,2026-03-17T02:50:32.762502,0.9042202234268188,0.20467789471149445,mamba2-2.7b,2700000000,nonsense,689,34
neutral: This,1.0,128,1773712238.7690642,2026-03-17T02:50:38.769066,0.5612834095954895,0.15517044067382812,mamba2-2.7b,2700000000,neutral,690,34
random: KfkP oXK6N4C0L2yi8Vwb nY4 kpsYZnviUzRzZpD2 JIZT8Z  Js6n,0.7,128,1773712244.7799697,2026-03-17T02:50:44.779972,0.930824875831604,0.15303485095500946,mamba2-2.7b,2700000000,random,691,34
nonsense: smoustuswum hom polsangnem droul grok,1.0,128,1773712250.7918313,2026-03-17T02:50:50.791834,0.6568706631660461,0.18732868134975433,mamba2-2.7b,2700000000,nonsense,692,34
random: 6bVzLMF7V zFta0dDSbQaWNnAE1 hsJlfD 0V6km rYjh,1.3,128,1773712256.802805,2026-03-17T02:50:56.802807,0.3969661593437195,0.13514190912246704,mamba2-2.7b,2700000000,random,693,34
nonsense: flounspoon sukhiesbain soolhea toond laihosklant,1.3,128,1773712262.8263326,2026-03-17T02:51:02.826335,0.29952138662338257,0.07576815783977509,mamba2-2.7b,2700000000,nonsense,694,34
empty:   ,1.0,128,1773712268.867245,2026-03-17T02:51:08.867248,0.8349676132202148,0.1509312391281128,mamba2-2.7b,2700000000,empty,695,34
explicit: Generate uniformly distributed random text:,1.0,128,1773712274.8855217,2026-03-17T02:51:14.885524,0.7056530714035034,0.16406753659248352,mamba2-2.7b,2700000000,explicit,696,34
neutral: Generate:,1.3,128,1773712280.8900025,2026-03-17T02:51:20.890005,0.3984741270542145,0.15558657050132751,mamba2-2.7b,2700000000,neutral,697,34
explicit: Output random bytes as text:,1.0,128,1773712286.8972912,2026-03-17T02:51:26.897293,0.7250373363494873,0.1557580828666687,mamba2-2.7b,2700000000,explicit,698,34
neutral: Write:,1.3,128,1773712292.8953223,2026-03-17T02:51:32.895324,0.403026282787323,0.15653139352798462,mamba2-2.7b,2700000000,neutral,699,34
neutral: The,0.7,128,1773712298.9940305,2026-03-17T02:51:38.994032,0.7622554898262024,0.18802078068256378,mamba2-2.7b,2700000000,neutral,700,35
random: uw0dwQ0FIunWe8Cz6SNDCdyZQ,0.7,128,1773712304.9821148,2026-03-17T02:51:44.982117,0.48789530992507935,0.05080335587263107,mamba2-2.7b,2700000000,random,701,35
nonsense: prentlent skot foumkulcraind coufeas critdrulzam glaintrootglound,0.7,128,1773712310.989019,2026-03-17T02:51:50.989021,0.7861963510513306,0.19343164563179016,mamba2-2.7b,2700000000,nonsense,702,35
neutral: This,1.0,128,1773712317.0012128,2026-03-17T02:51:57.001215,0.7138687968254089,0.1517152041196823,mamba2-2.7b,2700000000,neutral,703,35
nonsense: zeksmoontglear snondhing kail,1.3,128,1773712323.0060263,2026-03-17T02:52:03.006028,0.33659595251083374,0.11426464468240738,mamba2-2.7b,2700000000,nonsense,704,35
explicit: Output random bytes as text:,1.0,128,1773712329.0134597,2026-03-17T02:52:09.013461,0.7339305877685547,0.13886618614196777,mamba2-2.7b,2700000000,explicit,705,35
random: E8TfaG WMYVqfwHv  R7qlO3sHoOfq ,1.0,128,1773712335.0159106,2026-03-17T02:52:15.015912,0.7810745239257812,0.19266220927238464,mamba2-2.7b,2700000000,random,706,35
explicit: Produce random text with no coherent meaning:,1.0,128,1773712341.0257819,2026-03-17T02:52:21.025784,0.5909163355827332,0.16152192652225494,mamba2-2.7b,2700000000,explicit,707,35
neutral: Result:,1.3,128,1773712347.0514972,2026-03-17T02:52:27.051499,0.4606155753135681,0.2087125927209854,mamba2-2.7b,2700000000,neutral,708,35
empty: —,1.3,128,1773712353.078512,2026-03-17T02:52:33.078514,0.2912760376930237,0.1396387666463852,mamba2-2.7b,2700000000,empty,709,35
empty: .,0.7,128,1773712359.114488,2026-03-17T02:52:39.114490,0.9184390902519226,0.11760757118463516,mamba2-2.7b,2700000000,empty,710,35
explicit: Simulate white noise as text:,1.0,128,1773712365.120653,2026-03-17T02:52:45.120655,0.6911161541938782,0.19437867403030396,mamba2-2.7b,2700000000,explicit,711,35
empty: ,1.3,128,1773712371.1260033,2026-03-17T02:52:51.126005,0.4324074387550354,0.2004099041223526,mamba2-2.7b,2700000000,empty,712,35
empty:   ,0.7,128,1773712377.1293857,2026-03-17T02:52:57.129388,0.9243730306625366,0.1312955766916275,mamba2-2.7b,2700000000,empty,713,35
explicit: Output random bytes as text:,1.0,128,1773712383.1397095,2026-03-17T02:53:03.139712,0.713658332824707,0.1464676707983017,mamba2-2.7b,2700000000,explicit,714,35
empty: 	,1.3,128,1773712389.1452284,2026-03-17T02:53:09.145230,0.43913984298706055,0.21817168593406677,mamba2-2.7b,2700000000,empty,715,35
random: K894RxgG9oiZ jgttMkFp1C W54M2NhmABHkuEwjua058L,0.7,128,1773712395.150558,2026-03-17T02:53:15.150560,0.46131283044815063,0.01569751650094986,mamba2-2.7b,2700000000,random,716,35
explicit: Generate a sequence of random characters:,1.0,128,1773712401.1564107,2026-03-17T02:53:21.156412,0.6250472068786621,0.17565804719924927,mamba2-2.7b,2700000000,explicit,717,35
nonsense: vientpent terslindbrant bentroor,1.3,128,1773712407.1586764,2026-03-17T02:53:27.158678,0.3096318244934082,0.07869848608970642,mamba2-2.7b,2700000000,nonsense,718,35
random: YqCacM72WDF6StJyoe1cEAime5gFfZ4DBhr LDOPEMs ,0.7,128,1773712413.1936464,2026-03-17T02:53:33.193648,0.5085749626159668,0.12180621176958084,mamba2-2.7b,2700000000,random,719,35
empty: ...,1.3,128,1773712419.2921467,2026-03-17T02:53:39.292149,0.4349699020385742,0.15925809741020203,mamba2-2.7b,2700000000,empty,720,36
"empty: 
",0.7,128,1773712425.3074415,2026-03-17T02:53:45.307443,0.8110283613204956,0.13826681673526764,mamba2-2.7b,2700000000,empty,721,36
nonsense: gla mour prairzient tweaspiem plaik rokfres stundpring slon brunnieng smentklaik,0.7,128,1773712431.310171,2026-03-17T02:53:51.310173,0.7576665282249451,0.22050224244594574,mamba2-2.7b,2700000000,nonsense,722,36
empty: 	,1.3,128,1773712437.3088279,2026-03-17T02:53:57.308830,0.3573818802833557,0.1434231698513031,mamba2-2.7b,2700000000,empty,723,36
random: 4pEAS2vrAAhSJvP,1.3,128,1773712443.3062809,2026-03-17T02:54:03.306284,0.4862627685070038,0.17081336677074432,mamba2-2.7b,2700000000,random,724,36
empty: ,1.3,128,1773712449.3095338,2026-03-17T02:54:09.309536,0.5568747520446777,0.19266892969608307,mamba2-2.7b,2700000000,empty,725,36
explicit: Write a string of random ASCII characters:,0.7,128,1773712455.3065586,2026-03-17T02:54:15.306561,0.8141015768051147,0.16041021049022675,mamba2-2.7b,2700000000,explicit,726,36
explicit: List random letters from the alphabet:,1.3,14,1773712455.95824,2026-03-17T02:54:15.958241,0.8395176529884338,0.16435977816581726,mamba2-2.7b,2700000000,explicit,727,36
nonsense: sminklouttwir jeangtik wounvoor zool balming sloussang,0.7,52,1773712458.3874824,2026-03-17T02:54:18.387484,0.7087512612342834,0.1493183672428131,mamba2-2.7b,2700000000,nonsense,728,36
explicit: Simulate white noise as text:,1.0,128,1773712464.3941946,2026-03-17T02:54:24.394197,0.5683790445327759,0.15596291422843933,mamba2-2.7b,2700000000,explicit,729,36
neutral: Response:,1.3,128,1773712470.415995,2026-03-17T02:54:30.415997,0.44044607877731323,0.18945634365081787,mamba2-2.7b,2700000000,neutral,730,36
empty:  ,1.3,128,1773712476.4183912,2026-03-17T02:54:36.418393,0.41770613193511963,0.14423686265945435,mamba2-2.7b,2700000000,empty,731,36
explicit: Generate a sequence of random characters:,1.0,16,1773712477.1627855,2026-03-17T02:54:37.162787,0.5455220937728882,0.11639650166034698,mamba2-2.7b,2700000000,explicit,732,36
neutral: Generate:,1.3,128,1773712483.1612675,2026-03-17T02:54:43.161269,0.39500486850738525,0.1442803144454956,mamba2-2.7b,2700000000,neutral,733,36
random: aFCSNqnX NvifML6 R3rR TyvZcDCqBc vpUeWGggncgo14WpG8tA,1.3,128,1773712489.1724482,2026-03-17T02:54:49.172450,0.3393200635910034,0.13755328953266144,mamba2-2.7b,2700000000,random,734,36
explicit: Produce a uniformly random string:,1.0,128,1773712495.1830592,2026-03-17T02:54:55.183061,0.8277851343154907,0.19943705201148987,mamba2-2.7b,2700000000,explicit,735,36
nonsense: speanddrier band spais dear floukspuntgrol frailanggrond swielspietfle jient,1.0,25,1773712496.3492556,2026-03-17T02:54:56.349258,0.3428884446620941,0.027295585721731186,mamba2-2.7b,2700000000,nonsense,736,36
nonsense: paikcriet teknaskiek gres,0.7,128,1773712502.3625393,2026-03-17T02:55:02.362541,0.9277308583259583,0.18410830199718475,mamba2-2.7b,2700000000,nonsense,737,36
explicit: Generate text with maximum entropy:,1.0,128,1773712508.360129,2026-03-17T02:55:08.360131,0.7172145843505859,0.1755109429359436,mamba2-2.7b,2700000000,explicit,738,36
neutral: Answer:,0.7,128,1773712514.35728,2026-03-17T02:55:14.357282,0.7932380437850952,0.1604274958372116,mamba2-2.7b,2700000000,neutral,739,36
explicit: Write random characters without forming words:,1.3,128,1773712520.47366,2026-03-17T02:55:20.473662,0.3489612340927124,0.15767771005630493,mamba2-2.7b,2700000000,explicit,740,37
empty: -,1.3,14,1773712521.1243415,2026-03-17T02:55:21.124343,0.6094463467597961,0.14493557810783386,mamba2-2.7b,2700000000,empty,741,37
neutral: Text:,1.3,128,1773712527.1087031,2026-03-17T02:55:27.108705,0.4146622121334076,0.16705471277236938,mamba2-2.7b,2700000000,neutral,742,37
"explicit: Simulate a random number generator, output digits:",1.3,128,1773712533.1196,2026-03-17T02:55:33.119603,0.4625532925128937,0.15172891318798065,mamba2-2.7b,2700000000,explicit,743,37
random:  3wnmtEyGTI,1.3,25,1773712534.2883751,2026-03-17T02:55:34.288377,0.4406779706478119,0.10533023625612259,mamba2-2.7b,2700000000,random,744,37
empty:  ,1.0,86,1773712538.3320549,2026-03-17T02:55:38.332057,0.8336652517318726,0.17611636221408844,mamba2-2.7b,2700000000,empty,745,37
explicit: Output random bytes as text:,1.0,128,1773712544.3617635,2026-03-17T02:55:44.361766,0.787723183631897,0.16794033348560333,mamba2-2.7b,2700000000,explicit,746,37
neutral: Continue:,1.3,128,1773712550.38582,2026-03-17T02:55:50.385822,0.337849885225296,0.13020402193069458,mamba2-2.7b,2700000000,neutral,747,37
nonsense: hiertren klool freataintsmeam brookslienplol trounfant slie zientwit nor,0.7,128,1773712556.3963773,2026-03-17T02:55:56.396379,0.8303369283676147,0.15556441247463226,mamba2-2.7b,2700000000,nonsense,748,37
random: FJ  EJ4jKEIQOkrtDXtBi10Q71,0.7,128,1773712562.39797,2026-03-17T02:56:02.397972,0.4735448956489563,0.01610814593732357,mamba2-2.7b,2700000000,random,749,37
empty:  ,1.0,128,1773712568.3874629,2026-03-17T02:56:08.387465,0.7921693325042725,0.19325809180736542,mamba2-2.7b,2700000000,empty,750,37
nonsense: stimkum cielfrer twies seamtwoor spailfroulstoo bieng jursmeasfis daingtwound jakflout treascrorsmut,0.7,128,1773712574.3915823,2026-03-17T02:56:14.391584,0.6606619358062744,0.19051380455493927,mamba2-2.7b,2700000000,nonsense,751,37
neutral: Output:,1.0,128,1773712580.3850029,2026-03-17T02:56:20.385005,0.843163013458252,0.17567439377307892,mamba2-2.7b,2700000000,neutral,752,37
nonsense: blus detmoomweam klim boo star feamskufris gul trootjor frissmeas,1.0,128,1773712586.398229,2026-03-17T02:56:26.398231,0.3773519992828369,0.09352011233568192,mamba2-2.7b,2700000000,nonsense,753,37
empty: .,1.3,128,1773712592.394187,2026-03-17T02:56:32.394189,0.45004910230636597,0.16607840359210968,mamba2-2.7b,2700000000,empty,754,37
empty: -,0.7,128,1773712598.386486,2026-03-17T02:56:38.386488,0.8662618398666382,0.16063079237937927,mamba2-2.7b,2700000000,empty,755,37
random: kr162x6 25XTCx2a E,1.3,128,1773712604.3743906,2026-03-17T02:56:44.374393,0.304635226726532,0.13281509280204773,mamba2-2.7b,2700000000,random,756,37
nonsense: swer gres slouthand,1.3,128,1773712610.3811915,2026-03-17T02:56:50.381194,0.5815814733505249,0.13286614418029785,mamba2-2.7b,2700000000,nonsense,757,37
random: 0MJhw2 gSWO10tMWx8ECMs7h,1.3,128,1773712616.3877442,2026-03-17T02:56:56.387746,0.43935179710388184,0.15193718671798706,mamba2-2.7b,2700000000,random,758,37
nonsense: heanstuscro skasslouhis grent jantoolprook,0.7,128,1773712622.3852649,2026-03-17T02:57:02.385267,0.780301570892334,0.26315414905548096,mamba2-2.7b,2700000000,nonsense,759,37
random: rpbhCqzZVkHjciz4qlQpf7gv3Y dW2wTBxJJ5teFL 09hlJXr1zFcWT9 S P,0.7,128,1773712628.4868188,2026-03-17T02:57:08.486821,0.8074538707733154,0.2127816528081894,mamba2-2.7b,2700000000,random,760,38
nonsense: smamsing moot wouzat prainstoungcai brais miel,1.3,128,1773712634.5092578,2026-03-17T02:57:14.509260,0.3255521357059479,0.04046626761555672,mamba2-2.7b,2700000000,nonsense,761,38
nonsense: moont slu gloo breatskoung snoongtailsmoom slountham smeang zuntwoursnak,1.0,116,1773712639.9745812,2026-03-17T02:57:19.974583,0.4687817096710205,0.15686728060245514,mamba2-2.7b,2700000000,nonsense,762,38
neutral: A,1.3,128,1773712645.9759202,2026-03-17T02:57:25.975922,0.4154837131500244,0.17068403959274292,mamba2-2.7b,2700000000,neutral,763,38
random: YMlqrbyocydA9sE3ylM7s82covt4 8c5FzLYgQbn31 Le Z   Dhc2,1.3,128,1773712651.9870496,2026-03-17T02:57:31.987052,0.36100390553474426,0.1417757272720337,mamba2-2.7b,2700000000,random,764,38
random: IpdQ2IiHj 6 Uh vVuGnoD afbFf8UXtwe1CPF1OIjVp gwC fZi7KNPl,1.3,128,1773712657.9972668,2026-03-17T02:57:37.997269,0.3232119083404541,0.07766655832529068,mamba2-2.7b,2700000000,random,765,38
random: HTuw eiR3oDpC HRTfIt ng46onnf nv,1.0,128,1773712664.0017924,2026-03-17T02:57:44.001795,0.4650493860244751,0.03856461122632027,mamba2-2.7b,2700000000,random,766,38
neutral: Write:,0.7,128,1773712669.9968765,2026-03-17T02:57:49.996879,0.7614413499832153,0.18355636298656464,mamba2-2.7b,2700000000,neutral,767,38
empty: —,1.0,112,1773712675.2439618,2026-03-17T02:57:55.243964,0.755657970905304,0.166035994887352,mamba2-2.7b,2700000000,empty,768,38
empty: ...,1.3,128,1773712681.2432988,2026-03-17T02:58:01.243301,0.37693148851394653,0.2039215862751007,mamba2-2.7b,2700000000,empty,769,38
empty: ,1.3,128,1773712687.2532845,2026-03-17T02:58:07.253287,0.3681052327156067,0.1766345202922821,mamba2-2.7b,2700000000,empty,770,38
neutral: It,1.3,128,1773712693.261162,2026-03-17T02:58:13.261164,0.35254183411598206,0.19797608256340027,mamba2-2.7b,2700000000,neutral,771,38
nonsense: swer gres slouthand,1.0,128,1773712699.2665033,2026-03-17T02:58:19.266505,0.5312814712524414,0.10037942975759506,mamba2-2.7b,2700000000,nonsense,772,38
empty:   ,1.0,128,1773712705.266764,2026-03-17T02:58:25.266766,0.8709688186645508,0.16013231873512268,mamba2-2.7b,2700000000,empty,773,38
nonsense: sliendmim cungummound pur prendfopouk prus raiksmaim prear pondkumpiend goontgandproo wem,0.7,128,1773712711.2830768,2026-03-17T02:58:31.283079,0.6820099353790283,0.17987428605556488,mamba2-2.7b,2700000000,nonsense,774,38
random: qELHOYPO5IDjzrntnv57O0pTA5N7HpluMfBPs,0.7,128,1773712717.284299,2026-03-17T02:58:37.284301,0.7544368505477905,0.2089514285326004,mamba2-2.7b,2700000000,random,775,38
empty: —,0.7,128,1773712723.2891147,2026-03-17T02:58:43.289118,0.7357843518257141,0.1539473831653595,mamba2-2.7b,2700000000,empty,776,38
empty:  ,0.7,128,1773712729.2849183,2026-03-17T02:58:49.284920,0.8356484174728394,0.10667721182107925,mamba2-2.7b,2700000000,empty,777,38
nonsense: nombrount teltrielgreant wir jairsmounkat crofoung plingroustond sweamkoonjent spat hungcunt bungreakzie,0.7,128,1773712735.3007185,2026-03-17T02:58:55.300721,0.9351009726524353,0.1785035878419876,mamba2-2.7b,2700000000,nonsense,778,38
neutral: Write:,1.0,128,1773712741.295584,2026-03-17T02:59:01.295586,0.7124386429786682,0.17272426187992096,mamba2-2.7b,2700000000,neutral,779,38
explicit: Produce random text with no coherent meaning:,1.3,128,1773712747.3820212,2026-03-17T02:59:07.382023,0.35268476605415344,0.15961024165153503,mamba2-2.7b,2700000000,explicit,780,39
neutral: Generate:,1.3,128,1773712753.3674784,2026-03-17T02:59:13.367480,0.4024651050567627,0.2304326593875885,mamba2-2.7b,2700000000,neutral,781,39
nonsense: sloottraikwas zier kaittrie zomhantmail pleamind spandbunt,1.0,128,1773712759.3670158,2026-03-17T02:59:19.367018,0.36924219131469727,0.03994700312614441,mamba2-2.7b,2700000000,nonsense,782,39
empty: -,0.7,128,1773712765.3711073,2026-03-17T02:59:25.371109,0.8536895513534546,0.16427166759967804,mamba2-2.7b,2700000000,empty,783,39
neutral: Text:,1.0,63,1773712768.3117259,2026-03-17T02:59:28.311728,0.7053906917572021,0.21466852724552155,mamba2-2.7b,2700000000,neutral,784,39
explicit: Generate text with maximum entropy:,1.3,14,1773712768.9661944,2026-03-17T02:59:28.966196,0.6406763792037964,0.10480266809463501,mamba2-2.7b,2700000000,explicit,785,39
random: UZUfZgyUKjX 5JpqmYVRUsz Z fferQ8 6t rPOuYMR   M8cVQo1Nd8,1.0,128,1773712774.9863296,2026-03-17T02:59:34.986332,0.445334792137146,0.04390013962984085,mamba2-2.7b,2700000000,random,786,39
nonsense: blak skair klak blair gromstinjiem biefroor houmplomdail hain gleargru famglouspent,0.7,128,1773712780.99388,2026-03-17T02:59:40.993882,0.703711211681366,0.2801622450351715,mamba2-2.7b,2700000000,nonsense,787,39
random: LAeT5nCXE KgWX1OgbGz4CVzyL5wjxw pWf2JHquGaQ7tftPgM TjO,1.0,128,1773712786.9961836,2026-03-17T02:59:46.996185,0.45987388491630554,0.03992857784032822,mamba2-2.7b,2700000000,random,788,39
random: j JBtxuUpD1Qo999Au0cFfqu,1.0,128,1773712792.988021,2026-03-17T02:59:52.988023,0.5838137865066528,0.14275071024894714,mamba2-2.7b,2700000000,random,789,39
empty: ...,0.7,2,1773712793.0819519,2026-03-17T02:59:53.081954,0.5801113843917847,0.014991968870162964,mamba2-2.7b,2700000000,empty,790,39
random: odJFCrnl2edlBD dz1C5Jau2RJtBRnlWmTSHf6pWkLUyifDLkD,1.3,128,1773712799.0804079,2026-03-17T02:59:59.080410,0.31593310832977295,0.18398122489452362,mamba2-2.7b,2700000000,random,791,39
nonsense: glien sungnaind caicair,1.0,128,1773712805.0800955,2026-03-17T03:00:05.080098,0.7043663263320923,0.1452309638261795,mamba2-2.7b,2700000000,nonsense,792,39
explicit: Produce a uniformly random string:,1.0,128,1773712811.0901859,2026-03-17T03:00:11.090191,0.7264779210090637,0.130633145570755,mamba2-2.7b,2700000000,explicit,793,39
explicit: Write a sequence with no pattern or meaning:,1.3,128,1773712817.0989225,2026-03-17T03:00:17.098925,0.49103057384490967,0.1792280524969101,mamba2-2.7b,2700000000,explicit,794,39
empty: 	,0.7,128,1773712823.0968466,2026-03-17T03:00:23.096849,0.8563342094421387,0.1537657529115677,mamba2-2.7b,2700000000,empty,795,39
nonsense: noongdroungskund gamflaistaing slealgraik spoos friemlotwie viescrim baingglitmong cosmund,1.0,128,1773712829.104981,2026-03-17T03:00:29.104984,0.4259873926639557,0.15387320518493652,mamba2-2.7b,2700000000,nonsense,796,39
neutral: Next:,1.3,128,1773712835.109343,2026-03-17T03:00:35.109345,0.3772839307785034,0.15479877591133118,mamba2-2.7b,2700000000,neutral,797,39
explicit: Simulate rolling a six-sided die 20 times:,0.7,128,1773712841.115659,2026-03-17T03:00:41.115661,0.8570697903633118,0.1491525024175644,mamba2-2.7b,2700000000,explicit,798,39
random: WJ6UuVTAIjvFu7WI,1.3,128,1773712847.105528,2026-03-17T03:00:47.105530,0.3816305994987488,0.169933021068573,mamba2-2.7b,2700000000,random,799,39
nonsense: drool stakkeantsmoont ploulsnent trokflok voom,1.3,77,1773712850.8096697,2026-03-17T03:00:50.809671,0.30632922053337097,0.0701410323381424,mamba2-2.7b,2700000000,nonsense,800,40
explicit: Generate 50 random characters:,1.0,128,1773712856.804532,2026-03-17T03:00:56.804534,0.7468103170394897,0.13588234782218933,mamba2-2.7b,2700000000,explicit,801,40
empty: 	,0.7,128,1773712862.8007693,2026-03-17T03:01:02.800771,0.902854323387146,0.13130894303321838,mamba2-2.7b,2700000000,empty,802,40
empty: .,1.3,128,1773712868.8000271,2026-03-17T03:01:08.800029,0.36510542035102844,0.12406887859106064,mamba2-2.7b,2700000000,empty,803,40
nonsense: not swen weang lol rendcir granjieng,0.7,3,1773712868.9396362,2026-03-17T03:01:08.939638,0.4460577964782715,0.0807996541261673,mamba2-2.7b,2700000000,nonsense,804,40
random: YkVZ6FCMkelZWW8hbvk 3QmfDB8IfjJewOcAsYjMuEXQXrk Sgm3DjRYPdI5,1.3,128,1773712874.959806,2026-03-17T03:01:14.959808,0.49257519841194153,0.12954455614089966,mamba2-2.7b,2700000000,random,805,40
nonsense: swoonlint klir spiendfrem brair hoos,1.3,128,1773712880.9672112,2026-03-17T03:01:20.967213,0.35671141743659973,0.09423884749412537,mamba2-2.7b,2700000000,nonsense,806,40
random: WOw6RTH9yFJMCMKA O9SJKpWYSsLfKkS4G9BzIIrnEF,1.0,128,1773712887.0137534,2026-03-17T03:01:27.013756,0.7395305037498474,0.1275012195110321,mamba2-2.7b,2700000000,random,807,40
nonsense: smen trouslairtwear fintkem,1.0,128,1773712893.0320792,2026-03-17T03:01:33.032081,0.35369426012039185,0.10117967426776886,mamba2-2.7b,2700000000,nonsense,808,40
explicit: Create a nonsensical random sequence:,0.7,1,1773712893.078917,2026-03-17T03:01:33.078918,0.5302340984344482,0.0,mamba2-2.7b,2700000000,explicit,809,40
nonsense: koumklaktrear graisound souszeakeang jilringmint slongnalvaim,1.0,128,1773712899.0859983,2026-03-17T03:01:39.086000,0.3923613131046295,0.08143290877342224,mamba2-2.7b,2700000000,nonsense,810,40
random: dNWYzjFnMpfS2Vi ,0.7,128,1773712905.0869114,2026-03-17T03:01:45.086914,0.9566229581832886,0.10378013551235199,mamba2-2.7b,2700000000,random,811,40
random: J40Gh VoO28FJsU8VNcegEG,1.0,128,1773712911.0955758,2026-03-17T03:01:51.095578,0.6126596927642822,0.19723869860172272,mamba2-2.7b,2700000000,random,812,40
empty: _,1.3,74,1773712914.553656,2026-03-17T03:01:54.553659,0.4313828945159912,0.1708180010318756,mamba2-2.7b,2700000000,empty,813,40
empty: .,1.3,128,1773712920.5667863,2026-03-17T03:02:00.566788,0.4628972113132477,0.1804983913898468,mamba2-2.7b,2700000000,empty,814,40
empty: -,1.0,128,1773712926.5985043,2026-03-17T03:02:06.598506,0.8881123065948486,0.160902738571167,mamba2-2.7b,2700000000,empty,815,40
nonsense: kitwoosdes fumbli bik nemwous klail,0.7,128,1773712932.6121187,2026-03-17T03:02:12.612121,0.6863135695457458,0.14134705066680908,mamba2-2.7b,2700000000,nonsense,816,40
empty: ,1.3,25,1773712933.7788239,2026-03-17T03:02:13.778826,0.49927085638046265,0.1852063089609146,mamba2-2.7b,2700000000,empty,817,40
random: w nM ztVuaP coUNEhEkk iqq8vH2BzNZV4 5pFCiRcDCajhDieQj EJ B,1.0,128,1773712939.7961142,2026-03-17T03:02:19.796116,0.5411645770072937,0.1838047355413437,mamba2-2.7b,2700000000,random,818,40
random: XDW mO lxz 6cfFNQ YucSTTME J,0.7,7,1773712940.122815,2026-03-17T03:02:20.122817,0.43860921263694763,0.04975344240665436,mamba2-2.7b,2700000000,random,819,40
neutral: One,0.7,128,1773712946.2307124,2026-03-17T03:02:26.230714,0.7190256714820862,0.1728121042251587,mamba2-2.7b,2700000000,neutral,820,41
neutral: A,0.7,128,1773712952.24189,2026-03-17T03:02:32.241892,0.7825440764427185,0.16241547465324402,mamba2-2.7b,2700000000,neutral,821,41
nonsense: friessang staskus kainsnea cien bloon gonggoun snoutfiekjail smierpus,1.0,86,1773712956.2941713,2026-03-17T03:02:36.294173,0.35574814677238464,0.04748200252652168,mamba2-2.7b,2700000000,nonsense,822,41
nonsense: deandtal smercriensiel fer bir,1.0,128,1773712962.3169172,2026-03-17T03:02:42.316919,0.6864476203918457,0.17114874720573425,mamba2-2.7b,2700000000,nonsense,823,41
random: UZUfZgyUKjX 5JpqmYVRUsz Z fferQ8 6t rPOuYMR   M8cVQo1Nd8,0.7,128,1773712968.3396122,2026-03-17T03:02:48.339614,0.6719509363174438,0.17919933795928955,mamba2-2.7b,2700000000,random,824,41
explicit: Produce random text with no coherent meaning:,1.0,128,1773712974.34631,2026-03-17T03:02:54.346312,0.7819556593894958,0.16916155815124512,mamba2-2.7b,2700000000,explicit,825,41
explicit: Output a random sequence of tokens:,0.7,128,1773712980.3640816,2026-03-17T03:03:00.364084,0.8345983028411865,0.15263061225414276,mamba2-2.7b,2700000000,explicit,826,41
random: gbu 8 vj PEQJg CWZEk645l 5Op cnZ0ealM A6RUgC6,1.0,128,1773712986.3782916,2026-03-17T03:03:06.378294,0.570662260055542,0.1596403568983078,mamba2-2.7b,2700000000,random,827,41
neutral: A,1.0,128,1773712992.3956215,2026-03-17T03:03:12.395623,0.7048192024230957,0.18805807828903198,mamba2-2.7b,2700000000,neutral,828,41
neutral: Data:,0.7,128,1773712998.3961945,2026-03-17T03:03:18.396197,0.9232740998268127,0.13313022255897522,mamba2-2.7b,2700000000,neutral,829,41
neutral: Data:,1.0,128,1773713004.4158318,2026-03-17T03:03:24.415833,0.7260693311691284,0.18882043659687042,mamba2-2.7b,2700000000,neutral,830,41
neutral: Data:,0.7,128,1773713010.4460032,2026-03-17T03:03:30.446005,0.8468381762504578,0.16958768665790558,mamba2-2.7b,2700000000,neutral,831,41
neutral: Response:,1.0,128,1773713016.4771106,2026-03-17T03:03:36.477113,0.6832153797149658,0.21994544565677643,mamba2-2.7b,2700000000,neutral,832,41
random: MCBOcJ tme,1.0,128,1773713022.5177047,2026-03-17T03:03:42.517707,0.30436158180236816,0.1712612360715866,mamba2-2.7b,2700000000,random,833,41
random:  QlENCzsdfF8j61yX ZFsan2Cw 7,0.7,128,1773713028.5375354,2026-03-17T03:03:48.537537,0.6325427293777466,0.16925469040870667,mamba2-2.7b,2700000000,random,834,41
nonsense: woonral grelspent sket cekceng tantjoul klongstesplon vanpleandror,1.3,128,1773713034.543862,2026-03-17T03:03:54.543864,0.3511216640472412,0.1240929588675499,mamba2-2.7b,2700000000,nonsense,835,41
explicit: Write a sequence with no pattern or meaning:,0.7,128,1773713040.5459979,2026-03-17T03:04:00.546000,0.8783421516418457,0.1229865774512291,mamba2-2.7b,2700000000,explicit,836,41
nonsense: plong glongcourhin bletcriem swear zaincrorswir braintskir,1.0,128,1773713046.5523293,2026-03-17T03:04:06.552331,0.6705113649368286,0.16824212670326233,mamba2-2.7b,2700000000,nonsense,837,41
random: T3JhjZU uds4eqiEUUXet5VV4jrUYOJFodx  XpHH5BK zprj5w4lOSi,1.3,128,1773713052.5810647,2026-03-17T03:04:12.581067,0.32169580459594727,0.14733779430389404,mamba2-2.7b,2700000000,random,838,41
random: p 6ObbAWmPUHxHEI8RUx 2A1VUZJ5xqDmIE3Wzs,1.3,128,1773713058.5960443,2026-03-17T03:04:18.596046,0.41641896963119507,0.11220747977495193,mamba2-2.7b,2700000000,random,839,41
explicit: Output random letters and numbers:,1.3,128,1773713064.7052958,2026-03-17T03:04:24.705298,0.3173896074295044,0.11859767884016037,mamba2-2.7b,2700000000,explicit,840,42
nonsense: slintsnour raicungsno congcal bloongblabrount,1.3,128,1773713070.7103922,2026-03-17T03:04:30.710394,0.3373397886753082,0.09923914819955826,mamba2-2.7b,2700000000,nonsense,841,42
empty: _,1.0,128,1773713076.7272894,2026-03-17T03:04:36.727291,0.9071776866912842,0.1221563071012497,mamba2-2.7b,2700000000,empty,842,42
explicit: Write random characters without forming words:,1.0,128,1773713082.7284982,2026-03-17T03:04:42.728500,0.45096614956855774,0.1806451827287674,mamba2-2.7b,2700000000,explicit,843,42
explicit: Output a random sequence of tokens:,1.3,128,1773713088.7314823,2026-03-17T03:04:48.731484,0.36071619391441345,0.13002294301986694,mamba2-2.7b,2700000000,explicit,844,42
empty: .,1.3,128,1773713094.7358875,2026-03-17T03:04:54.735890,0.49539321660995483,0.17372700572013855,mamba2-2.7b,2700000000,empty,845,42
random: CS KkGzJqMl vtvRfdkfHA1d LM9FZM6jhu4197ARsOOSZqV nOE7pI,0.7,48,1773713096.982508,2026-03-17T03:04:56.982510,0.6283374428749084,0.21432654559612274,mamba2-2.7b,2700000000,random,846,42
nonsense: futkint prealil katfrer drikjain frea sloungvea traikroulslen spaint ska koonkeas,0.7,128,1773713102.9845347,2026-03-17T03:05:02.984537,0.7393195033073425,0.23596420884132385,mamba2-2.7b,2700000000,nonsense,847,42
empty:  ,1.3,128,1773713108.985195,2026-03-17T03:05:08.985198,0.395792156457901,0.1929226517677307,mamba2-2.7b,2700000000,empty,848,42
empty: -,0.7,128,1773713114.9849622,2026-03-17T03:05:14.984964,0.946035623550415,0.12334060668945312,mamba2-2.7b,2700000000,empty,849,42
random: 6bVzLMF7V zFta0dDSbQaWNnAE1 hsJlfD 0V6km rYjh,1.0,128,1773713120.9943764,2026-03-17T03:05:20.994378,0.6128067970275879,0.19221171736717224,mamba2-2.7b,2700000000,random,850,42
empty: ,1.3,128,1773713127.0240252,2026-03-17T03:05:27.024027,0.4477202296257019,0.19011574983596802,mamba2-2.7b,2700000000,empty,851,42
nonsense: stimkum cielfrer twies seamtwoor spailfroulstoo bieng jursmeasfis daingtwound jakflout treascrorsmut,1.3,128,1773713133.0725706,2026-03-17T03:05:33.072572,0.3060635030269623,0.05384813994169235,mamba2-2.7b,2700000000,nonsense,852,42
explicit: Generate text with maximum entropy:,1.3,128,1773713139.0851135,2026-03-17T03:05:39.085115,0.593133270740509,0.18957754969596863,mamba2-2.7b,2700000000,explicit,853,42
random:  Yna VKMn9iRJPJHMyt EhZOrd LH1ZXeyRC8T MvxLm8qHxQlCTC,0.7,128,1773713145.098513,2026-03-17T03:05:45.098515,0.8180674314498901,0.2295408993959427,mamba2-2.7b,2700000000,random,854,42
neutral: Sequence:,1.0,128,1773713151.0924733,2026-03-17T03:05:51.092475,0.7552180290222168,0.19929081201553345,mamba2-2.7b,2700000000,neutral,855,42
neutral: Next:,1.3,128,1773713157.0870252,2026-03-17T03:05:57.087027,0.33037811517715454,0.1338171362876892,mamba2-2.7b,2700000000,neutral,856,42
empty:   ,0.7,128,1773713163.097558,2026-03-17T03:06:03.097560,0.8722546696662903,0.16365523636341095,mamba2-2.7b,2700000000,empty,857,42
empty: -,0.7,128,1773713169.1026964,2026-03-17T03:06:09.102698,0.8776983022689819,0.1673492193222046,mamba2-2.7b,2700000000,empty,858,42
nonsense: sminklouttwir jeangtik wounvoor zool balming sloussang,1.3,128,1773713175.1118486,2026-03-17T03:06:15.111851,0.3363913893699646,0.13817450404167175,mamba2-2.7b,2700000000,nonsense,859,42
"empty: 
",1.3,128,1773713181.2225797,2026-03-17T03:06:21.222582,0.5261226892471313,0.14344429969787598,mamba2-2.7b,2700000000,empty,860,43
neutral: It,1.0,128,1773713187.2331839,2026-03-17T03:06:27.233186,0.6877938508987427,0.13822269439697266,mamba2-2.7b,2700000000,neutral,861,43
explicit: Simulate white noise as text:,1.0,123,1773713193.004556,2026-03-17T03:06:33.004558,0.8411661386489868,0.189606174826622,mamba2-2.7b,2700000000,explicit,862,43
nonsense: houndflaitprang hinsliesskaing niekfraba drailond hoomdoung prousfrintwien pes veallengtor,1.3,128,1773713199.0245173,2026-03-17T03:06:39.024519,0.32536932826042175,0.06371617317199707,mamba2-2.7b,2700000000,nonsense,863,43
empty:  ,0.7,128,1773713205.0254755,2026-03-17T03:06:45.025478,0.8923910856246948,0.12482479959726334,mamba2-2.7b,2700000000,empty,864,43
empty: ,1.3,128,1773713211.0286887,2026-03-17T03:06:51.028692,0.3251791298389435,0.16333308815956116,mamba2-2.7b,2700000000,empty,865,43
neutral: Begin:,0.7,128,1773713217.0321696,2026-03-17T03:06:57.032173,0.9227654933929443,0.12993839383125305,mamba2-2.7b,2700000000,neutral,866,43
neutral: A,1.0,84,1773713220.9638598,2026-03-17T03:07:00.963861,0.6494766473770142,0.14495587348937988,mamba2-2.7b,2700000000,neutral,867,43
random: z52XaBAJinx,1.0,128,1773713226.9666867,2026-03-17T03:07:06.966689,0.8135205507278442,0.20200024545192719,mamba2-2.7b,2700000000,random,868,43
neutral: Sequence:,1.3,128,1773713232.9574683,2026-03-17T03:07:12.957471,0.49913403391838074,0.13818666338920593,mamba2-2.7b,2700000000,neutral,869,43
empty: —,1.0,128,1773713238.9639647,2026-03-17T03:07:18.963967,0.6492881178855896,0.168837308883667,mamba2-2.7b,2700000000,empty,870,43
neutral: Write:,1.3,128,1773713244.9769542,2026-03-17T03:07:24.976956,0.35681113600730896,0.1862894594669342,mamba2-2.7b,2700000000,neutral,871,43
nonsense: trusnomdie meakrour brosnoum zulgleaklound,0.7,128,1773713250.9829118,2026-03-17T03:07:30.982914,0.7667137980461121,0.15728916227817535,mamba2-2.7b,2700000000,nonsense,872,43
"explicit: Simulate a random number generator, output digits:",0.7,128,1773713257.023637,2026-03-17T03:07:37.023639,0.7898746132850647,0.16256213188171387,mamba2-2.7b,2700000000,explicit,873,43
empty:  ,0.7,128,1773713263.048461,2026-03-17T03:07:43.048463,0.8505828380584717,0.15793518722057343,mamba2-2.7b,2700000000,empty,874,43
empty:  ,1.0,128,1773713269.0448465,2026-03-17T03:07:49.044849,0.9248338937759399,0.09952685981988907,mamba2-2.7b,2700000000,empty,875,43
neutral: Write:,0.7,128,1773713275.0550694,2026-03-17T03:07:55.055071,0.7541192770004272,0.13255895674228668,mamba2-2.7b,2700000000,neutral,876,43
neutral: A,1.0,128,1773713281.0688052,2026-03-17T03:08:01.068808,0.8017917275428772,0.16872882843017578,mamba2-2.7b,2700000000,neutral,877,43
nonsense: groundklieng snam pier,1.0,128,1773713287.1050265,2026-03-17T03:08:07.105028,0.6252868175506592,0.1622532308101654,mamba2-2.7b,2700000000,nonsense,878,43
random: sjhvNK4p7MZI  4kf3PGdlDcIfw,1.0,52,1773713289.5442283,2026-03-17T03:08:09.544231,0.566800057888031,0.15756817162036896,mamba2-2.7b,2700000000,random,879,43
neutral: Sequence:,0.7,128,1773713295.6401377,2026-03-17T03:08:15.640140,0.9712504148483276,0.08627602458000183,mamba2-2.7b,2700000000,neutral,880,44
explicit: Generate text with maximum entropy:,0.7,128,1773713301.6386824,2026-03-17T03:08:21.638685,0.8471876382827759,0.16958606243133545,mamba2-2.7b,2700000000,explicit,881,44
neutral: A,0.7,128,1773713307.6346307,2026-03-17T03:08:27.634632,0.9353799819946289,0.12415290623903275,mamba2-2.7b,2700000000,neutral,882,44
explicit: Generate random words with no meaning:,1.0,128,1773713313.65132,2026-03-17T03:08:33.651322,0.6981984972953796,0.17502941191196442,mamba2-2.7b,2700000000,explicit,883,44
explicit: Output random letters and numbers:,1.3,128,1773713319.6597838,2026-03-17T03:08:39.659786,0.4706677198410034,0.17425711452960968,mamba2-2.7b,2700000000,explicit,884,44
neutral: The,0.7,128,1773713325.6613185,2026-03-17T03:08:45.661321,0.8470293283462524,0.19347019493579865,mamba2-2.7b,2700000000,neutral,885,44
neutral: Next:,1.3,128,1773713331.6574435,2026-03-17T03:08:51.657446,0.34306520223617554,0.09387928247451782,mamba2-2.7b,2700000000,neutral,886,44
nonsense: kokcet pongslung ting glaind,1.0,128,1773713337.655695,2026-03-17T03:08:57.655697,0.6493550539016724,0.15842197835445404,mamba2-2.7b,2700000000,nonsense,887,44
random:  2JgiVS5  p8L5Viy6lkYwKjnvJ,1.0,128,1773713343.666801,2026-03-17T03:09:03.666803,0.6381802558898926,0.21510851383209229,mamba2-2.7b,2700000000,random,888,44
random: dHJwf chkOMi0UlYrE,0.7,128,1773713349.6907864,2026-03-17T03:09:09.690788,0.7069345712661743,0.14332397282123566,mamba2-2.7b,2700000000,random,889,44
neutral: A,0.7,128,1773713355.7186987,2026-03-17T03:09:15.718701,0.814254879951477,0.15403689444065094,mamba2-2.7b,2700000000,neutral,890,44
nonsense: lultrind guplar twindblutriek staispoont saikpint breakblet twor,1.3,128,1773713361.7169356,2026-03-17T03:09:21.716938,0.3754972517490387,0.10065354406833649,mamba2-2.7b,2700000000,nonsense,891,44
neutral: This,0.7,128,1773713367.7034225,2026-03-17T03:09:27.703424,0.712121307849884,0.14999349415302277,mamba2-2.7b,2700000000,neutral,892,44
neutral: Produce:,1.3,107,1773713372.7103531,2026-03-17T03:09:32.710355,0.3785177767276764,0.17218925058841705,mamba2-2.7b,2700000000,neutral,893,44
empty: -,1.3,128,1773713378.701993,2026-03-17T03:09:38.701995,0.45813220739364624,0.1999398022890091,mamba2-2.7b,2700000000,empty,894,44
empty: —,1.0,128,1773713384.688251,2026-03-17T03:09:44.688253,0.6923540830612183,0.1682283580303192,mamba2-2.7b,2700000000,empty,895,44
random: 6hNwpbrbu S  HvVq,1.0,128,1773713390.683665,2026-03-17T03:09:50.683667,0.4810056686401367,0.048071496188640594,mamba2-2.7b,2700000000,random,896,44
nonsense: foot leatbruspriel stoum jintveasske len geak standfeand,1.3,128,1773713396.6742222,2026-03-17T03:09:56.674224,0.31093430519104004,0.07526122778654099,mamba2-2.7b,2700000000,nonsense,897,44
nonsense: smaiskaitskaint gritskiend prieng bendplaivong wangleand grinveant flaingspedes smandpoulho twietwair,1.0,128,1773713402.675098,2026-03-17T03:10:02.675101,0.39085131883621216,0.11387423425912857,mamba2-2.7b,2700000000,nonsense,898,44
empty:  ,0.7,11,1773713403.1846898,2026-03-17T03:10:03.184691,0.7611833214759827,0.18008345365524292,mamba2-2.7b,2700000000,empty,899,44
random: bM1m Ir1n pKon zzH zT0Luf A9QEablo tl jmGD6LH7gmwfLUO2,1.3,128,1773713409.306071,2026-03-17T03:10:09.306073,0.43289583921432495,0.13711883127689362,mamba2-2.7b,2700000000,random,900,45
nonsense: mitfiengpeas hoodrorfrear glukgool smiemtres sairzang coungmoukfeat gallos graimswienttes prem drierco,0.7,128,1773713415.3122854,2026-03-17T03:10:15.312288,0.42396077513694763,0.09397989511489868,mamba2-2.7b,2700000000,nonsense,901,45
neutral: This,1.3,128,1773713421.3057637,2026-03-17T03:10:21.305766,0.4469185769557953,0.15240591764450073,mamba2-2.7b,2700000000,neutral,902,45
nonsense: woonral grelspent sket cekceng tantjoul klongstesplon vanpleandror,1.0,128,1773713427.3056684,2026-03-17T03:10:27.305670,0.503475546836853,0.14583149552345276,mamba2-2.7b,2700000000,nonsense,903,45
empty: .,1.3,128,1773713433.3036373,2026-03-17T03:10:33.303639,0.391353964805603,0.13497182726860046,mamba2-2.7b,2700000000,empty,904,45
random: 1oi85U n5 Cf M6dh9,0.7,128,1773713439.3073874,2026-03-17T03:10:39.307389,0.5754789113998413,0.18522034585475922,mamba2-2.7b,2700000000,random,905,45
neutral: One,1.0,128,1773713445.3427124,2026-03-17T03:10:45.342714,0.5834810733795166,0.18775510787963867,mamba2-2.7b,2700000000,neutral,906,45
nonsense: riemhand blount dosoonli plimfintdak gitslai tes nusgla hosrangpat mais pratbrout,0.7,128,1773713451.3850484,2026-03-17T03:10:51.385050,0.9158006310462952,0.16618694365024567,mamba2-2.7b,2700000000,nonsense,907,45
random: N1QVHL7p8gj8y pWM0gtrzR06sOxk QwOha5JAvu lq32Z29XaezVbPyc,1.0,128,1773713457.39711,2026-03-17T03:10:57.397112,0.6006969213485718,0.14325664937496185,mamba2-2.7b,2700000000,random,908,45
neutral: Text:,1.3,128,1773713463.3942747,2026-03-17T03:11:03.394277,0.43986397981643677,0.19573646783828735,mamba2-2.7b,2700000000,neutral,909,45
random: 5ehVKjl X7f5yP8 th5nRk wfF44 uUVKX0RgQi,1.3,128,1773713469.402046,2026-03-17T03:11:09.402048,0.41878101229667664,0.13827139139175415,mamba2-2.7b,2700000000,random,910,45
nonsense: prardroltwol vonddulkent smoustoung smoul glesnotwiend jit,1.0,128,1773713475.4143066,2026-03-17T03:11:15.414309,0.3451354205608368,0.026557987555861473,mamba2-2.7b,2700000000,nonsense,911,45
empty: .,0.7,128,1773713481.4365177,2026-03-17T03:11:21.436520,0.9341326951980591,0.09920138865709305,mamba2-2.7b,2700000000,empty,912,45
explicit: Write a string of random ASCII characters:,0.7,128,1773713487.449654,2026-03-17T03:11:27.449656,0.8171038031578064,0.1467198133468628,mamba2-2.7b,2700000000,explicit,913,45
empty:  ,1.3,128,1773713493.4527123,2026-03-17T03:11:33.452715,0.6488379240036011,0.174861341714859,mamba2-2.7b,2700000000,empty,914,45
empty: -,1.0,128,1773713499.4581192,2026-03-17T03:11:39.458121,0.7995313405990601,0.17275699973106384,mamba2-2.7b,2700000000,empty,915,45
nonsense: prundwet lar spunporskong glinswonneak voorjintzou,0.7,128,1773713505.4636078,2026-03-17T03:11:45.463609,0.9058557748794556,0.19429096579551697,mamba2-2.7b,2700000000,nonsense,916,45
empty: —,0.7,128,1773713511.4952998,2026-03-17T03:11:51.495302,0.9036442041397095,0.1528516709804535,mamba2-2.7b,2700000000,empty,917,45
nonsense: kestint brukmungswount nettrearspon,1.0,128,1773713517.5376916,2026-03-17T03:11:57.537694,0.5269114971160889,0.13817565143108368,mamba2-2.7b,2700000000,nonsense,918,45
neutral: Result:,1.0,75,1773713521.0882926,2026-03-17T03:12:01.088295,0.700811505317688,0.17851312458515167,mamba2-2.7b,2700000000,neutral,919,45
neutral: Data:,1.3,128,1773713527.198435,2026-03-17T03:12:07.198437,0.3771067261695862,0.17297425866127014,mamba2-2.7b,2700000000,neutral,920,46
empty: ,0.7,128,1773713533.2109754,2026-03-17T03:12:13.210978,0.8963096141815186,0.1497601419687271,mamba2-2.7b,2700000000,empty,921,46
neutral: Sequence:,0.7,128,1773713539.2150013,2026-03-17T03:12:19.215003,0.684874415397644,0.14381082355976105,mamba2-2.7b,2700000000,neutral,922,46
empty: —,1.0,128,1773713545.2325938,2026-03-17T03:12:25.232595,0.6274521350860596,0.14289699494838715,mamba2-2.7b,2700000000,empty,923,46
nonsense: smen trouslairtwear fintkem,0.7,91,1773713549.5157382,2026-03-17T03:12:29.515740,0.6678451299667358,0.14950628578662872,mamba2-2.7b,2700000000,nonsense,924,46
nonsense: lirtran twook dundtilnund swainsoo sparrienkair fret neand coondcoosjail mang,1.3,128,1773713555.5543277,2026-03-17T03:12:35.554330,0.31300896406173706,0.04429493099451065,mamba2-2.7b,2700000000,nonsense,925,46
random: t8bw1 r O MGgYmuhBG8m5QHUUGSc0pSzwKTP  5kWK7svR1ZjkuRDOOL,1.3,128,1773713561.600584,2026-03-17T03:12:41.600586,0.43075308203697205,0.04566372558474541,mamba2-2.7b,2700000000,random,926,46
nonsense: moondkoung smaind nousdront,1.0,128,1773713567.633848,2026-03-17T03:12:47.633850,0.7563949823379517,0.214787095785141,mamba2-2.7b,2700000000,nonsense,927,46
explicit: Generate random words with no meaning:,1.0,128,1773713573.6655157,2026-03-17T03:12:53.665518,0.8312832117080688,0.1582202911376953,mamba2-2.7b,2700000000,explicit,928,46
random: odJFCrnl2edlBD dz1C5Jau2RJtBRnlWmTSHf6pWkLUyifDLkD,0.7,128,1773713579.7022257,2026-03-17T03:12:59.702228,0.6713088154792786,0.15236863493919373,mamba2-2.7b,2700000000,random,929,46
explicit: Produce random text with no coherent meaning:,1.0,128,1773713585.7034473,2026-03-17T03:13:05.703449,0.7572593092918396,0.14471814036369324,mamba2-2.7b,2700000000,explicit,930,46
nonsense: zea proomflir klimklakplon kloutsongfreand,0.7,128,1773713591.7182148,2026-03-17T03:13:11.718217,0.6646369695663452,0.17036232352256775,mamba2-2.7b,2700000000,nonsense,931,46
neutral: Continue:,0.7,128,1773713597.7415204,2026-03-17T03:13:17.741523,0.8678481578826904,0.15897783637046814,mamba2-2.7b,2700000000,neutral,932,46
empty: ...,1.3,128,1773713603.766918,2026-03-17T03:13:23.766920,0.4053119421005249,0.16137616336345673,mamba2-2.7b,2700000000,empty,933,46
random:  8Ux4nxTW2B D0oOp7o r U,1.3,128,1773713609.7917843,2026-03-17T03:13:29.791786,0.4600660800933838,0.17681443691253662,mamba2-2.7b,2700000000,random,934,46
nonsense: mitfiengpeas hoodrorfrear glukgool smiemtres sairzang coungmoukfeat gallos graimswienttes prem drierco,1.3,128,1773713615.8286047,2026-03-17T03:13:35.828607,0.38307005167007446,0.10049106925725937,mamba2-2.7b,2700000000,nonsense,935,46
random: TtrHUFDGMlZBjP9w mMeWkhQS31pDbWgNfOtP C,1.3,128,1773713621.8566544,2026-03-17T03:13:41.856656,0.43839654326438904,0.13315056264400482,mamba2-2.7b,2700000000,random,936,46
empty:   ,1.0,128,1773713627.8778334,2026-03-17T03:13:47.877835,0.8207290172576904,0.16736489534378052,mamba2-2.7b,2700000000,empty,937,46
nonsense: twoundgearplem lealgook tur pountcainpiend loorfim gikglotdous,1.0,128,1773713633.8865507,2026-03-17T03:13:53.886552,0.4570196866989136,0.17769166827201843,mamba2-2.7b,2700000000,nonsense,938,46
explicit: Produce random text with no coherent meaning:,1.3,128,1773713639.8833406,2026-03-17T03:13:59.883343,0.39935776591300964,0.17763246595859528,mamba2-2.7b,2700000000,explicit,939,46
nonsense: tend cringdir plurtoksmas spa prengslelswul,1.3,128,1773713645.9909441,2026-03-17T03:14:05.990946,0.30815404653549194,0.04648410528898239,mamba2-2.7b,2700000000,nonsense,940,47
neutral: Continue:,0.7,128,1773713651.9829948,2026-03-17T03:14:11.982997,0.89155513048172,0.17040541768074036,mamba2-2.7b,2700000000,neutral,941,47
nonsense: deandtal smercriensiel fer bir,0.7,127,1773713657.944899,2026-03-17T03:14:17.944901,0.7298005223274231,0.1318456530570984,mamba2-2.7b,2700000000,nonsense,942,47
random: WsghzIuKGsh,1.3,128,1773713663.9706435,2026-03-17T03:14:23.970646,0.3693324327468872,0.12528152763843536,mamba2-2.7b,2700000000,random,943,47
neutral: Write:,1.3,128,1773713669.9943464,2026-03-17T03:14:29.994349,0.38054150342941284,0.1880546659231186,mamba2-2.7b,2700000000,neutral,944,47
explicit: Output random Unicode characters:,0.7,6,1773713670.2767606,2026-03-17T03:14:30.276762,0.5999868512153625,0.14966055750846863,mamba2-2.7b,2700000000,explicit,945,47
empty:   ,1.3,128,1773713676.3061664,2026-03-17T03:14:36.306168,0.43545597791671753,0.13975071907043457,mamba2-2.7b,2700000000,empty,946,47
neutral: Data:,1.0,128,1773713682.3331122,2026-03-17T03:14:42.333114,0.6908551454544067,0.22757411003112793,mamba2-2.7b,2700000000,neutral,947,47
empty: ,1.0,128,1773713688.363198,2026-03-17T03:14:48.363200,0.7712054252624512,0.1732683777809143,mamba2-2.7b,2700000000,empty,948,47
explicit: Output a random sequence of tokens:,1.3,128,1773713694.3833435,2026-03-17T03:14:54.383345,0.280134916305542,0.14322540163993835,mamba2-2.7b,2700000000,explicit,949,47
nonsense: naisrer houknaissaint gli spountleas sliekdinfea kondvok brarlaint bloos praisrand drunoun,1.0,97,1773713698.9614081,2026-03-17T03:14:58.961410,0.38574182987213135,0.08008455485105515,mamba2-2.7b,2700000000,nonsense,950,47
random: nsGzwtjw 75POt4i84MJhT jN,1.0,128,1773713704.9959815,2026-03-17T03:15:04.995983,0.6771153211593628,0.15081386268138885,mamba2-2.7b,2700000000,random,951,47
nonsense: ziesnoorplak snainttweak zus spier skeal,0.7,128,1773713711.0295913,2026-03-17T03:15:11.029593,0.7920398712158203,0.19879299402236938,mamba2-2.7b,2700000000,nonsense,952,47
neutral: Generate:,1.0,128,1773713717.026708,2026-03-17T03:15:17.026710,0.828779399394989,0.18683767318725586,mamba2-2.7b,2700000000,neutral,953,47
random: MzUgBoE3PbvJpYFbf8tVlFu lRhhTtnq DOS4ycW,0.7,128,1773713723.019609,2026-03-17T03:15:23.019611,0.6919262409210205,0.15083298087120056,mamba2-2.7b,2700000000,random,954,47
random: Rb1 n3U6t3w I973IPFlJ5F7WRd Px BTHRJJb ykE0 E8 5clL,1.0,128,1773713729.0186446,2026-03-17T03:15:29.018647,0.438545286655426,0.017009388655424118,mamba2-2.7b,2700000000,random,955,47
random: MPVWi2iL8rpJQ0AAhnl9K2OHTq    xDLyapd7pA10fQSBbzKGiNM PaoQR,0.7,128,1773713735.0262413,2026-03-17T03:15:35.026243,0.7533454298973083,0.1965622752904892,mamba2-2.7b,2700000000,random,956,47
explicit: Write random characters without forming words:,1.0,128,1773713741.0574138,2026-03-17T03:15:41.057416,0.7158355712890625,0.18147312104701996,mamba2-2.7b,2700000000,explicit,957,47
explicit: Write a string of random ASCII characters:,1.3,128,1773713747.0828118,2026-03-17T03:15:47.082814,0.3975535035133362,0.1649526059627533,mamba2-2.7b,2700000000,explicit,958,47
nonsense: mool dier blosswound twaindhunttom,1.3,128,1773713753.107641,2026-03-17T03:15:53.107643,0.3051064610481262,0.07954467087984085,mamba2-2.7b,2700000000,nonsense,959,47
neutral: A,1.3,128,1773713759.217601,2026-03-17T03:15:59.217603,0.3822135329246521,0.15265090763568878,mamba2-2.7b,2700000000,neutral,960,48
empty: —,1.0,128,1773713765.2258024,2026-03-17T03:16:05.225804,0.7008999586105347,0.15058621764183044,mamba2-2.7b,2700000000,empty,961,48
explicit: Output random letters and numbers:,1.3,128,1773713771.2294111,2026-03-17T03:16:11.229413,0.39993494749069214,0.13759876787662506,mamba2-2.7b,2700000000,explicit,962,48
random: GnagX41v0 WSWm9Cu5jeLcOHnjRvWujl,0.7,128,1773713777.2358766,2026-03-17T03:16:17.235879,0.6735992431640625,0.2294393628835678,mamba2-2.7b,2700000000,random,963,48
neutral: Result:,1.3,128,1773713783.23201,2026-03-17T03:16:23.232012,0.4582596719264984,0.19995953142642975,mamba2-2.7b,2700000000,neutral,964,48
empty:   ,0.7,128,1773713789.2319922,2026-03-17T03:16:29.231995,0.890876054763794,0.15402290225028992,mamba2-2.7b,2700000000,empty,965,48
nonsense: prutspemvir zomspound soorfleas twaildraind jasgliengteat skaingnientklek groulblintslir slakpi pintjounswek snietfoo,1.3,128,1773713795.2504003,2026-03-17T03:16:35.250402,0.3292944133281708,0.07483957707881927,mamba2-2.7b,2700000000,nonsense,966,48
neutral: Data:,1.0,31,1773713796.6966085,2026-03-17T03:16:36.696610,0.7708271145820618,0.20522171258926392,mamba2-2.7b,2700000000,neutral,967,48
explicit: List random letters from the alphabet:,0.7,62,1773713799.6002533,2026-03-17T03:16:39.600255,0.8556129336357117,0.16258491575717926,mamba2-2.7b,2700000000,explicit,968,48
neutral: The,1.0,128,1773713805.6080763,2026-03-17T03:16:45.608078,0.748734712600708,0.14184163510799408,mamba2-2.7b,2700000000,neutral,969,48
neutral: Write:,1.3,128,1773713811.6121042,2026-03-17T03:16:51.612106,0.4838191866874695,0.1718694120645523,mamba2-2.7b,2700000000,neutral,970,48
random: 696IaQf5PqBgKPh,0.7,128,1773713817.6202614,2026-03-17T03:16:57.620263,0.4791034758090973,0.015988647937774658,mamba2-2.7b,2700000000,random,971,48
random: IxdOCdJh8TDumFEIhCXTwwEOTdTsy Nw e,1.3,128,1773713823.635398,2026-03-17T03:17:03.635400,0.40509462356567383,0.11369981616735458,mamba2-2.7b,2700000000,random,972,48
neutral: Continue:,0.7,128,1773713829.6430526,2026-03-17T03:17:09.643055,0.7714411020278931,0.1650630086660385,mamba2-2.7b,2700000000,neutral,973,48
explicit: Simulate white noise as text:,0.7,128,1773713835.680056,2026-03-17T03:17:15.680059,0.7410595417022705,0.13580089807510376,mamba2-2.7b,2700000000,explicit,974,48
random: SYrpD5umB ZRguXals83liHCVkeXZ,0.7,128,1773713841.7222195,2026-03-17T03:17:21.722222,0.4751907289028168,0.015917733311653137,mamba2-2.7b,2700000000,random,975,48
empty: 	,1.3,128,1773713847.7383754,2026-03-17T03:17:27.738378,0.44496333599090576,0.1851595640182495,mamba2-2.7b,2700000000,empty,976,48
empty: _,1.3,128,1773713853.7783597,2026-03-17T03:17:33.778362,0.45142862200737,0.20686721801757812,mamba2-2.7b,2700000000,empty,977,48
nonsense: spoltwumbror klolvain staimnie,1.0,128,1773713859.8177528,2026-03-17T03:17:39.817755,0.49183183908462524,0.11609239876270294,mamba2-2.7b,2700000000,nonsense,978,48
explicit: Generate 50 random characters:,0.7,73,1773713863.2596202,2026-03-17T03:17:43.259622,0.7068014144897461,0.1729954481124878,mamba2-2.7b,2700000000,explicit,979,48
empty: .,1.0,109,1773713868.483222,2026-03-17T03:17:48.483224,0.8523357510566711,0.15062527358531952,mamba2-2.7b,2700000000,empty,980,49
empty: _,0.7,128,1773713874.4835565,2026-03-17T03:17:54.483559,0.8560428619384766,0.18452121317386627,mamba2-2.7b,2700000000,empty,981,49
nonsense: daingkeak ciskoukveant pientploumzount plerfarcraint trendail,1.0,128,1773713880.5232677,2026-03-17T03:18:00.523271,0.5208494067192078,0.1616004854440689,mamba2-2.7b,2700000000,nonsense,982,49
explicit: Generate uniformly distributed random text:,0.7,70,1773713883.7886286,2026-03-17T03:18:03.788630,0.7980470061302185,0.1661258339881897,mamba2-2.7b,2700000000,explicit,983,49
random: Yobv96Z MU,1.0,128,1773713889.8100111,2026-03-17T03:18:09.810013,0.720798671245575,0.14273683726787567,mamba2-2.7b,2700000000,random,984,49
nonsense: smamsing moot wouzat prainstoungcai brais miel,0.7,128,1773713895.8209808,2026-03-17T03:18:15.820983,0.9058791399002075,0.20184104144573212,mamba2-2.7b,2700000000,nonsense,985,49
neutral: Write:,1.0,128,1773713901.8310108,2026-03-17T03:18:21.831013,0.8336278796195984,0.1748722791671753,mamba2-2.7b,2700000000,neutral,986,49
random: qELHOYPO5IDjzrntnv57O0pTA5N7HpluMfBPs,1.3,128,1773713907.831237,2026-03-17T03:18:27.831239,0.43130964040756226,0.1648285835981369,mamba2-2.7b,2700000000,random,987,49
random: h6q 16h7NcYGaBjf2Sihi8eK0xr1VW5WWkrSpw,1.3,128,1773713913.8314059,2026-03-17T03:18:33.831408,0.39325451850891113,0.11746560782194138,mamba2-2.7b,2700000000,random,988,49
explicit: Generate a sequence of random characters:,1.0,116,1773713919.295321,2026-03-17T03:18:39.295323,0.8377391695976257,0.18056665360927582,mamba2-2.7b,2700000000,explicit,989,49
random: vgZ2HtlVvpb36 pCAyIK Wq3ABKy1x0sdLHE5FV6kb8rPYBX2Gjmhg,1.3,128,1773713925.333726,2026-03-17T03:18:45.333728,0.35058438777923584,0.1801421195268631,mamba2-2.7b,2700000000,random,990,49
nonsense: noutcrisgri deand pong,1.3,128,1773713931.3656204,2026-03-17T03:18:51.365623,0.38551652431488037,0.04009076580405235,mamba2-2.7b,2700000000,nonsense,991,49
random: s2VXVbKSSN5lB414Ku21rlsAM8QiWla0I1w,1.3,128,1773713937.4069355,2026-03-17T03:18:57.406937,0.4614796042442322,0.15615098178386688,mamba2-2.7b,2700000000,random,992,49
explicit: Generate a sequence of random characters:,1.3,128,1773713943.4387102,2026-03-17T03:19:03.438712,0.44967222213745117,0.1820051670074463,mamba2-2.7b,2700000000,explicit,993,49
"empty: 
",0.7,128,1773713949.474155,2026-03-17T03:19:09.474157,0.8780885934829712,0.15433794260025024,mamba2-2.7b,2700000000,empty,994,49
random: Rk6LzwfXyMXnT k4yreydE XiN 5ceRhRfZpB 6tDjes,1.0,50,1773713951.828871,2026-03-17T03:19:11.828873,0.5632249712944031,0.17590022087097168,mamba2-2.7b,2700000000,random,995,49
nonsense: swoknawo greangootfoun keakklous plutsmeal ploo songainplel,1.3,128,1773713957.8598976,2026-03-17T03:19:17.859900,0.3554012179374695,0.05117318034172058,mamba2-2.7b,2700000000,nonsense,996,49
empty: -,1.0,61,1773713960.7204254,2026-03-17T03:19:20.720427,0.7931079268455505,0.17448818683624268,mamba2-2.7b,2700000000,empty,997,49
empty: .,0.7,128,1773713966.751021,2026-03-17T03:19:26.751023,0.8909868597984314,0.1343846470117569,mamba2-2.7b,2700000000,empty,998,49
nonsense: prutspemvir zomspound soorfleas twaildraind jasgliengteat skaingnientklek groulblintslir slakpi pintjounswek snietfoo,0.7,128,1773713972.7905338,2026-03-17T03:19:32.790536,0.7870299816131592,0.21959835290908813,mamba2-2.7b,2700000000,nonsense,999,49
nonsense: lirtran twook dundtilnund swainsoo sparrienkair fret neand coondcoosjail mang,1.0,128,1773713978.9082258,2026-03-17T03:19:38.908228,0.6584518551826477,0.18709179759025574,mamba2-2.7b,2700000000,nonsense,1000,50
nonsense: meantstatrind tindtrok jent driemwasvir ceambainthie plootjer mirbliempim twoktwontpron,0.7,128,1773713984.9475477,2026-03-17T03:19:44.947550,0.8671678304672241,0.19138281047344208,mamba2-2.7b,2700000000,nonsense,1001,50
nonsense: ladrookvear flutklootmeant faint spaidoulzout dulpiek kendsmit,1.3,128,1773713990.9826047,2026-03-17T03:19:50.982607,0.3579772114753723,0.11397489160299301,mamba2-2.7b,2700000000,nonsense,1002,50
nonsense: kestint brukmungswount nettrearspon,0.7,128,1773713997.0232313,2026-03-17T03:19:57.023233,0.7433565258979797,0.20701906085014343,mamba2-2.7b,2700000000,nonsense,1003,50
explicit: Produce a uniformly random string:,0.7,128,1773714003.065985,2026-03-17T03:20:03.065987,0.9373259544372559,0.10682190954685211,mamba2-2.7b,2700000000,explicit,1004,50
neutral: Response:,0.7,128,1773714009.1030967,2026-03-17T03:20:09.103099,0.8420277833938599,0.15707656741142273,mamba2-2.7b,2700000000,neutral,1005,50
neutral: Output:,1.3,128,1773714015.1194394,2026-03-17T03:20:15.119441,0.40808504819869995,0.19137540459632874,mamba2-2.7b,2700000000,neutral,1006,50
random: M2G6MzX9nEWTLLcYJbg KDTCyGrmfN4eUqlLP1wzqU IvG9,0.7,61,1773714017.9806604,2026-03-17T03:20:17.980663,0.587164044380188,0.1880495548248291,mamba2-2.7b,2700000000,random,1007,50
neutral: Text:,1.3,128,1773714024.0146437,2026-03-17T03:20:24.014645,0.4231940507888794,0.14835640788078308,mamba2-2.7b,2700000000,neutral,1008,50
neutral: Content:,1.3,128,1773714030.0194988,2026-03-17T03:20:30.019501,0.35228222608566284,0.14139166474342346,mamba2-2.7b,2700000000,neutral,1009,50
empty: —,0.7,128,1773714036.0293515,2026-03-17T03:20:36.029353,0.6784501075744629,0.16274650394916534,mamba2-2.7b,2700000000,empty,1010,50
empty: —,1.0,128,1773714042.046685,2026-03-17T03:20:42.046687,0.7174463272094727,0.15971960127353668,mamba2-2.7b,2700000000,empty,1011,50
random: RwMdpCqsDNqAqk2ojc93fzne h8pGfiMbmpAzxSdlsJSTu E imbByKvam,1.0,128,1773714048.0660279,2026-03-17T03:20:48.066030,0.4429562985897064,0.015565324574708939,mamba2-2.7b,2700000000,random,1012,50
empty: 	,1.3,128,1773714054.0794196,2026-03-17T03:20:54.079422,0.6001408100128174,0.16555707156658173,mamba2-2.7b,2700000000,empty,1013,50
random: 3qr9z YzFFjI3Plo02USyPSdNvS4s4fDzVtkogFsKb,0.7,128,1773714060.0932515,2026-03-17T03:21:00.093253,0.9124674201011658,0.17680047452449799,mamba2-2.7b,2700000000,random,1014,50
explicit: Generate 50 random characters:,1.3,128,1773714066.1180868,2026-03-17T03:21:06.118089,0.3229377269744873,0.15794456005096436,mamba2-2.7b,2700000000,explicit,1015,50
random: WSm2rG9DkK0Gyaa p aWAO0Unt2GH2UJYA09wV9G,1.0,128,1773714072.1591067,2026-03-17T03:21:12.159109,0.6828320026397705,0.21794797480106354,mamba2-2.7b,2700000000,random,1016,50
empty: ,1.0,128,1773714078.1864645,2026-03-17T03:21:18.186466,0.867068350315094,0.13618573546409607,mamba2-2.7b,2700000000,empty,1017,50
explicit: Write a string of random ASCII characters:,1.3,128,1773714084.2254553,2026-03-17T03:21:24.225457,0.47403836250305176,0.18937477469444275,mamba2-2.7b,2700000000,explicit,1018,50
explicit: Output random letters and numbers:,1.0,128,1773714090.269377,2026-03-17T03:21:30.269379,0.657910943031311,0.13847969472408295,mamba2-2.7b,2700000000,explicit,1019,50
neutral: Content:,1.0,128,1773714096.3816876,2026-03-17T03:21:36.381690,0.6577863693237305,0.17821677029132843,mamba2-2.7b,2700000000,neutral,1020,51
empty: 	,1.3,128,1773714102.3851647,2026-03-17T03:21:42.385167,0.4383353590965271,0.13509000837802887,mamba2-2.7b,2700000000,empty,1021,51
explicit: Simulate rolling a six-sided die 20 times:,1.3,128,1773714108.3886783,2026-03-17T03:21:48.388680,0.40781325101852417,0.19422577321529388,mamba2-2.7b,2700000000,explicit,1022,51
random:  Yna VKMn9iRJPJHMyt EhZOrd LH1ZXeyRC8T MvxLm8qHxQlCTC,1.3,128,1773714114.4138799,2026-03-17T03:21:54.413882,0.3812897801399231,0.1365605592727661,mamba2-2.7b,2700000000,random,1023,51
empty: ...,1.0,128,1773714120.4309094,2026-03-17T03:22:00.430911,0.6527962684631348,0.16493314504623413,mamba2-2.7b,2700000000,empty,1024,51
nonsense: glul welsoo coondsnoo glinplom spilnatgral,0.7,128,1773714126.469095,2026-03-17T03:22:06.469097,0.9697548151016235,0.09981013834476471,mamba2-2.7b,2700000000,nonsense,1025,51
neutral: Start:,0.7,128,1773714132.5058248,2026-03-17T03:22:12.505827,0.9187421798706055,0.1401059925556183,mamba2-2.7b,2700000000,neutral,1026,51
neutral: It,1.0,128,1773714138.514395,2026-03-17T03:22:18.514397,0.6675711870193481,0.1897529512643814,mamba2-2.7b,2700000000,neutral,1027,51
nonsense: toosveankat jumseang sarfluk,1.0,128,1773714144.5270574,2026-03-17T03:22:24.527059,0.6571138501167297,0.18613478541374207,mamba2-2.7b,2700000000,nonsense,1028,51
random: SYrpD5umB ZRguXals83liHCVkeXZ,1.0,128,1773714150.540623,2026-03-17T03:22:30.540625,0.47558242082595825,0.019154729321599007,mamba2-2.7b,2700000000,random,1029,51
random: fTRw79xri6eLzfzfON,0.7,128,1773714156.5613632,2026-03-17T03:22:36.561365,0.5949466228485107,0.17731885612010956,mamba2-2.7b,2700000000,random,1030,51
neutral: Generate:,0.7,128,1773714162.6025515,2026-03-17T03:22:42.602554,0.8503543138504028,0.1662716567516327,mamba2-2.7b,2700000000,neutral,1031,51
"empty: 
",1.3,128,1773714168.6548555,2026-03-17T03:22:48.654858,0.3960517942905426,0.1084795668721199,mamba2-2.7b,2700000000,empty,1032,51
nonsense: kear siel sleanspur,1.0,128,1773714174.7041757,2026-03-17T03:22:54.704178,0.5696107149124146,0.16904693841934204,mamba2-2.7b,2700000000,nonsense,1033,51
random: 696IaQf5PqBgKPh,1.0,128,1773714180.7453785,2026-03-17T03:23:00.745380,0.4815259873867035,0.05169752612709999,mamba2-2.7b,2700000000,random,1034,51
nonsense: fitweamcreat skotplai snietwair boor zoorskeandnat proulbentpeand snenggosspain skoblait,1.3,128,1773714186.7945828,2026-03-17T03:23:06.794584,0.34614187479019165,0.07690167427062988,mamba2-2.7b,2700000000,nonsense,1035,51
random:  4Jx3 l8S0QPnuQ0 KZe6lOGPoZ a70gy U 4gAI,1.3,128,1773714192.8495665,2026-03-17T03:23:12.849568,0.3574480414390564,0.11614646017551422,mamba2-2.7b,2700000000,random,1036,51
nonsense: trusnomdie meakrour brosnoum zulgleaklound,1.0,128,1773714198.9066846,2026-03-17T03:23:18.906687,0.8363969326019287,0.17187219858169556,mamba2-2.7b,2700000000,nonsense,1037,51
nonsense: sliendmim cungummound pur prendfopouk prus raiksmaim prear pondkumpiend goontgandproo wem,1.3,128,1773714204.9423559,2026-03-17T03:23:24.942358,0.31611883640289307,0.07084948569536209,mamba2-2.7b,2700000000,nonsense,1038,51
nonsense: gairtwound noonddreanpait smeak prounddeangang nunt klo mout,1.0,128,1773714210.980026,2026-03-17T03:23:30.980028,0.4859277904033661,0.14758870005607605,mamba2-2.7b,2700000000,nonsense,1039,51
explicit: Create a nonsensical random sequence:,0.7,128,1773714217.0870075,2026-03-17T03:23:37.087010,0.8953773975372314,0.11984661221504211,mamba2-2.7b,2700000000,explicit,1040,52
nonsense: meantstatrind tindtrok jent driemwasvir ceambainthie plootjer mirbliempim twoktwontpron,1.0,128,1773714223.0933063,2026-03-17T03:23:43.093308,0.6525522470474243,0.20737062394618988,mamba2-2.7b,2700000000,nonsense,1041,52
random: dwyQR98er9t6Q70h MOcAQTitJdRWvXxoNO,1.3,81,1773714226.909694,2026-03-17T03:23:46.909696,0.42459526658058167,0.13615095615386963,mamba2-2.7b,2700000000,random,1042,52
nonsense: croontritwoond hourhentgong coong twelprieldroong brom sworswiem flaintblit himtriek,0.7,128,1773714232.9374397,2026-03-17T03:23:52.937442,0.6803798079490662,0.2020501345396042,mamba2-2.7b,2700000000,nonsense,1043,52
explicit: Produce random text with no coherent meaning:,1.3,128,1773714238.9489734,2026-03-17T03:23:58.948975,0.3991071879863739,0.13155406713485718,mamba2-2.7b,2700000000,explicit,1044,52
explicit: Produce random text with no coherent meaning:,1.0,128,1773714244.950293,2026-03-17T03:24:04.950295,0.6454483270645142,0.15590506792068481,mamba2-2.7b,2700000000,explicit,1045,52
random:   RvMU3z jBKHgMZClmRIi82ASjM M3,1.3,128,1773714250.9580343,2026-03-17T03:24:10.958036,0.419572651386261,0.08768371492624283,mamba2-2.7b,2700000000,random,1046,52
neutral: The,1.0,61,1773714253.8155458,2026-03-17T03:24:13.815548,0.7009514570236206,0.18715119361877441,mamba2-2.7b,2700000000,neutral,1047,52
random: 8ilkl3mVqhQp0T2gKNTn Bt9CnSVoJC2dIdxINRSaxsZisdlBW16R,1.3,128,1773714259.836472,2026-03-17T03:24:19.836474,0.3946276605129242,0.1241939514875412,mamba2-2.7b,2700000000,random,1048,52
nonsense: toosveankat jumseang sarfluk,0.7,128,1773714265.8762555,2026-03-17T03:24:25.876259,0.7168207168579102,0.17306841909885406,mamba2-2.7b,2700000000,nonsense,1049,52
empty: .,0.7,128,1773714271.9103818,2026-03-17T03:24:31.910384,0.9089739322662354,0.11841261386871338,mamba2-2.7b,2700000000,empty,1050,52
empty: .,1.3,128,1773714277.9597154,2026-03-17T03:24:37.959717,0.4294641613960266,0.16106829047203064,mamba2-2.7b,2700000000,empty,1051,52
random: 8OAVO0fCscH1LtzQDWF RG  6vTvr xhejga0rDitbB 6Vh9 ca0bcJK,1.3,128,1773714284.0255215,2026-03-17T03:24:44.025523,0.42455461621284485,0.11881183832883835,mamba2-2.7b,2700000000,random,1052,52
explicit: Simulate white noise as text:,1.0,128,1773714290.075595,2026-03-17T03:24:50.075597,0.8733764290809631,0.17683854699134827,mamba2-2.7b,2700000000,explicit,1053,52
nonsense: floonnoo pingten croolbrim slangflaim snocraibind fienhoufler spumbreansnoor,1.0,128,1773714296.1285777,2026-03-17T03:24:56.128580,0.394925057888031,0.04599646106362343,mamba2-2.7b,2700000000,nonsense,1054,52
random: LAeT5nCXE KgWX1OgbGz4CVzyL5wjxw pWf2JHquGaQ7tftPgM TjO,1.3,128,1773714302.1655734,2026-03-17T03:25:02.165575,0.4041251838207245,0.10562656074762344,mamba2-2.7b,2700000000,random,1055,52
empty: -,0.7,128,1773714308.1908102,2026-03-17T03:25:08.190812,0.9173814058303833,0.1334780752658844,mamba2-2.7b,2700000000,empty,1056,52
explicit: Output random Unicode characters:,1.0,54,1773714310.7228897,2026-03-17T03:25:10.722892,0.7751539945602417,0.17091770470142365,mamba2-2.7b,2700000000,explicit,1057,52
neutral: Output:,1.3,23,1773714311.7983298,2026-03-17T03:25:11.798332,0.5136228203773499,0.08820075541734695,mamba2-2.7b,2700000000,neutral,1058,52
neutral: Output:,0.7,128,1773714317.82032,2026-03-17T03:25:17.820322,0.8955838680267334,0.15810264647006989,mamba2-2.7b,2700000000,neutral,1059,52
explicit: Output a random sequence of tokens:,1.0,128,1773714323.957821,2026-03-17T03:25:23.957823,0.7306909561157227,0.14285168051719666,mamba2-2.7b,2700000000,explicit,1060,53
"empty: 
",1.0,45,1773714326.0532281,2026-03-17T03:25:26.053230,0.9046106934547424,0.16305513679981232,mamba2-2.7b,2700000000,empty,1061,53
neutral: Answer:,1.3,128,1773714332.059701,2026-03-17T03:25:32.059703,0.5224186182022095,0.16549654304981232,mamba2-2.7b,2700000000,neutral,1062,53
explicit: Generate random words with no meaning:,1.0,128,1773714338.06949,2026-03-17T03:25:38.069492,0.7253478169441223,0.12960228323936462,mamba2-2.7b,2700000000,explicit,1063,53
empty: ,1.3,128,1773714344.0783076,2026-03-17T03:25:44.078310,0.4101950228214264,0.15653623640537262,mamba2-2.7b,2700000000,empty,1064,53
nonsense: hiertren klool freataintsmeam brookslienplol trounfant slie zientwit nor,1.3,128,1773714350.0895643,2026-03-17T03:25:50.089566,0.32329773902893066,0.0533834807574749,mamba2-2.7b,2700000000,nonsense,1065,53
neutral: The,1.0,128,1773714356.1013904,2026-03-17T03:25:56.101392,0.6793214082717896,0.19055409729480743,mamba2-2.7b,2700000000,neutral,1066,53
nonsense: grourtroskeal wundfriemur speam skietweang wamsweat twoundbrourbrook gindproun stu swerpountslaim raik,0.7,128,1773714362.1243439,2026-03-17T03:26:02.124346,0.5316933393478394,0.2208033949136734,mamba2-2.7b,2700000000,nonsense,1067,53
random: 8ilkl3mVqhQp0T2gKNTn Bt9CnSVoJC2dIdxINRSaxsZisdlBW16R,1.0,128,1773714368.1419322,2026-03-17T03:26:08.141935,0.46583127975463867,0.05589376762509346,mamba2-2.7b,2700000000,random,1068,53
neutral: The,1.0,63,1773714371.082509,2026-03-17T03:26:11.082511,0.6439273953437805,0.17109595239162445,mamba2-2.7b,2700000000,neutral,1069,53
nonsense: nattwiengglook blind crienggrielmund taszent breasstas coumspernear,1.0,66,1773714374.1723604,2026-03-17T03:26:14.172362,0.3409395217895508,0.07972840964794159,mamba2-2.7b,2700000000,nonsense,1070,53
explicit: Write a sequence with no pattern or meaning:,0.7,128,1773714380.2009575,2026-03-17T03:26:20.200960,0.8689520359039307,0.1646946221590042,mamba2-2.7b,2700000000,explicit,1071,53
explicit: Generate text with maximum entropy:,0.7,128,1773714386.2131197,2026-03-17T03:26:26.213122,0.9161369800567627,0.1489349603652954,mamba2-2.7b,2700000000,explicit,1072,53
random: s tA cL1q8S14cLyi,1.3,20,1773714387.1479075,2026-03-17T03:26:27.147909,0.6367351412773132,0.19095197319984436,mamba2-2.7b,2700000000,random,1073,53
random: MEGt2Wj59Z 1eUknFT,1.0,128,1773714393.1701078,2026-03-17T03:26:33.170110,0.5027819275856018,0.09488991647958755,mamba2-2.7b,2700000000,random,1074,53
nonsense: pundblookslea zoong smound pitreant twuntskais vieslelpat,1.0,128,1773714399.1844182,2026-03-17T03:26:39.184420,0.43125754594802856,0.14390631020069122,mamba2-2.7b,2700000000,nonsense,1075,53
explicit: Generate uniformly distributed random text:,1.0,128,1773714405.2297683,2026-03-17T03:26:45.229770,0.676253080368042,0.15922673046588898,mamba2-2.7b,2700000000,explicit,1076,53
neutral: Begin:,1.3,128,1773714411.2820451,2026-03-17T03:26:51.282047,0.3334042429924011,0.11508133262395859,mamba2-2.7b,2700000000,neutral,1077,53
random: E8TfaG WMYVqfwHv  R7qlO3sHoOfq ,1.3,128,1773714417.345214,2026-03-17T03:26:57.345216,0.3886198103427887,0.0747552290558815,mamba2-2.7b,2700000000,random,1078,53
nonsense: klek critgursmea trie petploondgraik giekplosslum klaind,1.0,128,1773714423.3748116,2026-03-17T03:27:03.374814,0.6689050197601318,0.18597453832626343,mamba2-2.7b,2700000000,nonsense,1079,53
nonsense: slouk pantfliet woun,0.7,128,1773714429.4793649,2026-03-17T03:27:09.479367,0.6679153442382812,0.17586885392665863,mamba2-2.7b,2700000000,nonsense,1080,54
random: OiI18o S53cuKy8S4D CR7qLX1U8uAKl9qwzu m1 MEAgc,0.7,88,1773714433.6132593,2026-03-17T03:27:13.613261,0.7721032500267029,0.2507530152797699,mamba2-2.7b,2700000000,random,1081,54
empty: ,0.7,128,1773714439.634193,2026-03-17T03:27:19.634195,0.9305264353752136,0.13647747039794922,mamba2-2.7b,2700000000,empty,1082,54
nonsense: slurpeak gloukskurstail bookklemklal keamspannin swai doomdriscen klandblolheam zundsend,1.0,128,1773714445.6774151,2026-03-17T03:27:25.677417,0.4595489501953125,0.14170387387275696,mamba2-2.7b,2700000000,nonsense,1083,54
neutral: Result:,1.3,128,1773714451.7090955,2026-03-17T03:27:31.709098,0.3857048749923706,0.19343985617160797,mamba2-2.7b,2700000000,neutral,1084,54
neutral: Next:,0.7,128,1773714457.7387335,2026-03-17T03:27:37.738737,0.731492817401886,0.15945836901664734,mamba2-2.7b,2700000000,neutral,1085,54
nonsense: nasjil sengklai prounstailwiek manghountwous sloongraingciet brount klincoos,1.3,96,1773714462.2684789,2026-03-17T03:27:42.268481,0.34110182523727417,0.06077282875776291,mamba2-2.7b,2700000000,nonsense,1086,54
random: zPDoPDmE0zWCj8 g3sB6wXVr6yTIzQqehJro,1.3,128,1773714468.3118532,2026-03-17T03:27:48.311855,0.3743758201599121,0.12707896530628204,mamba2-2.7b,2700000000,random,1087,54
nonsense: smaiskaitskaint gritskiend prieng bendplaivong wangleand grinveant flaingspedes smandpoulho twietwair,1.3,128,1773714474.3562255,2026-03-17T03:27:54.356228,0.3495173454284668,0.09775783866643906,mamba2-2.7b,2700000000,nonsense,1088,54
explicit: Produce a stream of random symbols:,1.0,128,1773714480.3947692,2026-03-17T03:28:00.394771,0.7625809907913208,0.1600920408964157,mamba2-2.7b,2700000000,explicit,1089,54
random: p56 r ag39 wwqnXP X1FJYRL5rr0 MOBzALSqw PoT91K2b n,0.7,128,1773714486.427982,2026-03-17T03:28:06.427984,0.7287099361419678,0.2259608656167984,mamba2-2.7b,2700000000,random,1090,54
explicit: Output random bytes as text:,0.7,128,1773714492.4479582,2026-03-17T03:28:12.447960,0.947960615158081,0.11637197434902191,mamba2-2.7b,2700000000,explicit,1091,54
neutral: Answer:,1.3,128,1773714498.4843905,2026-03-17T03:28:18.484392,0.4596507251262665,0.16104210913181305,mamba2-2.7b,2700000000,neutral,1092,54
empty: _,0.7,128,1773714504.5239606,2026-03-17T03:28:24.523962,0.8762404918670654,0.1324334740638733,mamba2-2.7b,2700000000,empty,1093,54
empty: —,1.3,128,1773714510.58046,2026-03-17T03:28:30.580462,0.39624279737472534,0.15247738361358643,mamba2-2.7b,2700000000,empty,1094,54
nonsense: plong glongcourhin bletcriem swear zaincrorswir braintskir,0.7,128,1773714516.5980525,2026-03-17T03:28:36.598054,0.721497654914856,0.15121710300445557,mamba2-2.7b,2700000000,nonsense,1095,54
neutral: A,0.7,128,1773714522.611042,2026-03-17T03:28:42.611044,0.744550883769989,0.1680654138326645,mamba2-2.7b,2700000000,neutral,1096,54
random: mmDXyyFw1nT62nvxZ Ru4TOPV03PEBWGU55YaeKc rM,0.7,128,1773714528.6320739,2026-03-17T03:28:48.632076,0.9258956909179688,0.1735766977071762,mamba2-2.7b,2700000000,random,1097,54
nonsense: klaintslal skel grindskem blaind,0.7,128,1773714534.6453676,2026-03-17T03:28:54.645369,0.938890814781189,0.15680408477783203,mamba2-2.7b,2700000000,nonsense,1098,54
explicit: Generate 50 random characters:,1.0,128,1773714540.66832,2026-03-17T03:29:00.668322,0.6449009776115417,0.17422743141651154,mamba2-2.7b,2700000000,explicit,1099,54
nonsense: loundsten glokfes crunslul,0.7,128,1773714546.778188,2026-03-17T03:29:06.778190,0.7332768440246582,0.20828646421432495,mamba2-2.7b,2700000000,nonsense,1100,55
neutral: One,0.7,128,1773714552.8044116,2026-03-17T03:29:12.804413,0.787391185760498,0.14300209283828735,mamba2-2.7b,2700000000,neutral,1101,55
random: oh ztvP 4oA l ,1.3,128,1773714558.8182247,2026-03-17T03:29:18.818226,0.3321358561515808,0.1267353892326355,mamba2-2.7b,2700000000,random,1102,55
"explicit: Simulate a random number generator, output digits:",1.0,128,1773714564.8422558,2026-03-17T03:29:24.842258,0.7492417097091675,0.16134607791900635,mamba2-2.7b,2700000000,explicit,1103,55
nonsense: vun slies tikblos su lindpaintdoont,0.7,128,1773714570.8450336,2026-03-17T03:29:30.845036,0.6367486715316772,0.16365894675254822,mamba2-2.7b,2700000000,nonsense,1104,55
explicit: Output random Unicode characters:,1.0,128,1773714576.8675745,2026-03-17T03:29:36.867576,0.7869898080825806,0.1624569594860077,mamba2-2.7b,2700000000,explicit,1105,55
random: j  7zL   HRce3pX5OW46eewMv 3rNX o 88u hYH WTKPhdfqUSdRWm2S,1.3,128,1773714582.8874898,2026-03-17T03:29:42.887492,0.4000694155693054,0.16650819778442383,mamba2-2.7b,2700000000,random,1106,55
nonsense: klombint snearet kent friedrar,1.3,128,1773714588.9127884,2026-03-17T03:29:48.912790,0.3960554003715515,0.16669021546840668,mamba2-2.7b,2700000000,nonsense,1107,55
random: OiI18o S53cuKy8S4D CR7qLX1U8uAKl9qwzu m1 MEAgc,1.3,128,1773714594.9305143,2026-03-17T03:29:54.930517,0.32927465438842773,0.10623966157436371,mamba2-2.7b,2700000000,random,1108,55
nonsense: moukend dientnang dair,0.7,128,1773714600.944853,2026-03-17T03:30:00.944855,0.8678032159805298,0.1572445034980774,mamba2-2.7b,2700000000,nonsense,1109,55
empty: 	,1.0,128,1773714606.957332,2026-03-17T03:30:06.957334,0.8259677886962891,0.14426621794700623,mamba2-2.7b,2700000000,empty,1110,55
empty: .,0.7,128,1773714612.9719265,2026-03-17T03:30:12.971929,0.8289719820022583,0.13633882999420166,mamba2-2.7b,2700000000,empty,1111,55
explicit: Output random Unicode characters:,0.7,128,1773714618.9822009,2026-03-17T03:30:18.982203,0.8139414191246033,0.17764316499233246,mamba2-2.7b,2700000000,explicit,1112,55
neutral: Data:,1.3,128,1773714625.0101204,2026-03-17T03:30:25.010122,0.34584638476371765,0.17491209506988525,mamba2-2.7b,2700000000,neutral,1113,55
random: LLI mr0hJqqFsPFY sI1W5jlZ JV6 Pal6TiYB2B IPKRq Rgfm6cpu,0.7,128,1773714631.0625377,2026-03-17T03:30:31.062540,0.6789961457252502,0.2041451334953308,mamba2-2.7b,2700000000,random,1114,55
explicit: Output random letters and numbers:,1.0,128,1773714637.1080003,2026-03-17T03:30:37.108002,0.7692959904670715,0.14716897904872894,mamba2-2.7b,2700000000,explicit,1115,55
explicit: Output random letters and numbers:,0.7,128,1773714643.1431155,2026-03-17T03:30:43.143118,0.7913212776184082,0.1557561159133911,mamba2-2.7b,2700000000,explicit,1116,55
explicit: Write a sequence with no pattern or meaning:,1.0,128,1773714649.1925259,2026-03-17T03:30:49.192529,0.7832210063934326,0.14943626523017883,mamba2-2.7b,2700000000,explicit,1117,55
empty:  ,1.0,128,1773714655.234917,2026-03-17T03:30:55.234919,0.7748985886573792,0.17145298421382904,mamba2-2.7b,2700000000,empty,1118,55
nonsense: fitweamcreat skotplai snietwair boor zoorskeandnat proulbentpeand snenggosspain skoblait,1.0,128,1773714661.2828221,2026-03-17T03:31:01.282824,0.4298776090145111,0.1796482354402542,mamba2-2.7b,2700000000,nonsense,1119,55
empty:  ,0.7,128,1773714667.4091947,2026-03-17T03:31:07.409197,0.9465609788894653,0.12262897193431854,mamba2-2.7b,2700000000,empty,1120,56
empty: ...,1.3,128,1773714673.428631,2026-03-17T03:31:13.428633,0.503748893737793,0.15525886416435242,mamba2-2.7b,2700000000,empty,1121,56
random: gnXgl2Yw5TNQzk7ql7m6N78DCsHUYxQP6 di8oS97vKSq nZnPjM7,1.0,128,1773714679.4818935,2026-03-17T03:31:19.481896,0.45883211493492126,0.018065331503748894,mamba2-2.7b,2700000000,random,1122,56
neutral: Sequence:,1.3,128,1773714685.5233927,2026-03-17T03:31:25.523395,0.37511977553367615,0.17017997801303864,mamba2-2.7b,2700000000,neutral,1123,56
random: WSm2rG9DkK0Gyaa p aWAO0Unt2GH2UJYA09wV9G,1.3,128,1773714691.56906,2026-03-17T03:31:31.569062,0.4317297637462616,0.14630547165870667,mamba2-2.7b,2700000000,random,1124,56
random: RwMdpCqsDNqAqk2ojc93fzne h8pGfiMbmpAzxSdlsJSTu E imbByKvam,1.3,128,1773714697.5856497,2026-03-17T03:31:37.585652,0.3818260431289673,0.041730258613824844,mamba2-2.7b,2700000000,random,1125,56
empty: ,1.3,128,1773714703.597028,2026-03-17T03:31:43.597030,0.4510648250579834,0.20311763882637024,mamba2-2.7b,2700000000,empty,1126,56
nonsense: tendrentswent sparcrok spaiswo slealslom dendcet drool kiet,1.3,128,1773714709.6138456,2026-03-17T03:31:49.613848,0.34039151668548584,0.08690932393074036,mamba2-2.7b,2700000000,nonsense,1127,56
random: AOEHYqM6Ojb6mjB HqSiFVKu4M,1.3,128,1773714715.628684,2026-03-17T03:31:55.628686,0.40306827425956726,0.15187831223011017,mamba2-2.7b,2700000000,random,1128,56
explicit: Output a random sequence of tokens:,1.3,128,1773714721.6539145,2026-03-17T03:32:01.653916,0.5069130063056946,0.1712622046470642,mamba2-2.7b,2700000000,explicit,1129,56
random: DDDdTk9r 8VxX 8ruyCe0bI0CzAiw4 P6F2ZfWOYe n56fF ,1.0,128,1773714727.7021353,2026-03-17T03:32:07.702137,0.4470207691192627,0.030608683824539185,mamba2-2.7b,2700000000,random,1130,56
nonsense: staitdrimplak wak slodroontgra,0.7,128,1773714733.7431977,2026-03-17T03:32:13.743200,0.7547889947891235,0.1942978799343109,mamba2-2.7b,2700000000,nonsense,1131,56
empty: ...,1.0,128,1773714739.781934,2026-03-17T03:32:19.781937,0.6416226625442505,0.17809739708900452,mamba2-2.7b,2700000000,empty,1132,56
random: RWJ1Gk8cgSCifdFzctEq8oB7GVvouN,1.0,46,1773714741.9395883,2026-03-17T03:32:21.939590,0.7814949750900269,0.22069154679775238,mamba2-2.7b,2700000000,random,1133,56
"empty: 
",0.7,128,1773714747.9785028,2026-03-17T03:32:27.978505,0.8262947797775269,0.15692900121212006,mamba2-2.7b,2700000000,empty,1134,56
random: MPVWi2iL8rpJQ0AAhnl9K2OHTq    xDLyapd7pA10fQSBbzKGiNM PaoQR,1.0,128,1773714754.0208375,2026-03-17T03:32:34.020840,0.6266922950744629,0.17371121048927307,mamba2-2.7b,2700000000,random,1135,56
random: zKPKhlDew1weY xLebMnQK6 r 7IyoQu6GxbRLyw,1.3,128,1773714760.0478225,2026-03-17T03:32:40.047825,0.40315917134284973,0.181603342294693,mamba2-2.7b,2700000000,random,1136,56
nonsense: lam gronspol broont skiem mulfrok skus losnethoul lountking,1.3,128,1773714766.056601,2026-03-17T03:32:46.056603,0.32616594433784485,0.07442163676023483,mamba2-2.7b,2700000000,nonsense,1137,56
neutral: The,1.3,128,1773714772.062701,2026-03-17T03:32:52.062703,0.4645898938179016,0.20192231237888336,mamba2-2.7b,2700000000,neutral,1138,56
nonsense: jil spitslinpos fundban creanspoun goontstimblair jem mountlind blungnulbiet preangwolpliel,1.3,128,1773714778.083594,2026-03-17T03:32:58.083596,0.317020446062088,0.04561895877122879,mamba2-2.7b,2700000000,nonsense,1139,56
empty: ,1.0,128,1773714784.2101138,2026-03-17T03:33:04.210116,0.8441004157066345,0.14894196391105652,mamba2-2.7b,2700000000,empty,1140,57
empty: .,1.0,128,1773714790.2162397,2026-03-17T03:33:10.216242,0.7976506352424622,0.15922853350639343,mamba2-2.7b,2700000000,empty,1141,57
random: 5DEN8yV47KW 1uzrGg9Vn pKkuI5 s3lC5Sd1gY VEXkVCdOmQsreK8r85,0.7,128,1773714796.2429163,2026-03-17T03:33:16.242918,0.6171243190765381,0.16312164068222046,mamba2-2.7b,2700000000,random,1142,57
empty: ,0.7,128,1773714802.2678294,2026-03-17T03:33:22.267831,0.7982901334762573,0.17515631020069122,mamba2-2.7b,2700000000,empty,1143,57
explicit: Output a random sequence of tokens:,1.0,128,1773714808.3047976,2026-03-17T03:33:28.304800,0.6528498530387878,0.18589746952056885,mamba2-2.7b,2700000000,explicit,1144,57
neutral: Data:,0.7,128,1773714814.340327,2026-03-17T03:33:34.340329,0.9079790115356445,0.15778954327106476,mamba2-2.7b,2700000000,neutral,1145,57
random: kouF q0O59rHwPKzk1VxYWCccDl7zH,0.7,128,1773714820.3811638,2026-03-17T03:33:40.381166,0.7316550612449646,0.19241496920585632,mamba2-2.7b,2700000000,random,1146,57
random: w8OTBIxy zEEHADzFTtnpk af9VO J x JYCqg29e SYw,1.0,128,1773714826.4248564,2026-03-17T03:33:46.424858,0.4462144374847412,0.022097475826740265,mamba2-2.7b,2700000000,random,1147,57
explicit: Produce random text with no coherent meaning:,0.7,128,1773714832.4575527,2026-03-17T03:33:52.457555,0.7374662160873413,0.164499893784523,mamba2-2.7b,2700000000,explicit,1148,57
"explicit: Simulate a random number generator, output digits:",1.3,128,1773714838.499163,2026-03-17T03:33:58.499165,0.3523711860179901,0.14914356172084808,mamba2-2.7b,2700000000,explicit,1149,57
random: WJ6UuVTAIjvFu7WI,0.7,128,1773714844.537789,2026-03-17T03:34:04.537792,0.7170182466506958,0.19617129862308502,mamba2-2.7b,2700000000,random,1150,57
random: MCBOcJ tme,0.7,128,1773714850.5678368,2026-03-17T03:34:10.567839,0.44071245193481445,0.0626189336180687,mamba2-2.7b,2700000000,random,1151,57
nonsense: traind twea wing nulglorblaind spouk stamdealflent cookspourdrer pundbrou kleagulain,1.3,128,1773714856.6079454,2026-03-17T03:34:16.607947,0.36701422929763794,0.10993839055299759,mamba2-2.7b,2700000000,nonsense,1152,57
empty: -,1.3,128,1773714862.6506567,2026-03-17T03:34:22.650659,0.3782671093940735,0.17502491176128387,mamba2-2.7b,2700000000,empty,1153,57
explicit: Generate text with maximum entropy:,0.7,128,1773714868.6901612,2026-03-17T03:34:28.690163,0.7763587832450867,0.15074481070041656,mamba2-2.7b,2700000000,explicit,1154,57
nonsense: loundsten glokfes crunslul,1.0,128,1773714874.722914,2026-03-17T03:34:34.722916,0.5552430152893066,0.16201865673065186,mamba2-2.7b,2700000000,nonsense,1155,57
"explicit: Simulate a random number generator, output digits:",1.3,82,1773714878.586207,2026-03-17T03:34:38.586209,0.41055360436439514,0.13113754987716675,mamba2-2.7b,2700000000,explicit,1156,57
empty: 	,1.0,128,1773714884.62041,2026-03-17T03:34:44.620412,0.8162180185317993,0.18425977230072021,mamba2-2.7b,2700000000,empty,1157,57
empty: ,1.3,128,1773714890.659083,2026-03-17T03:34:50.659085,0.5361030697822571,0.179933100938797,mamba2-2.7b,2700000000,empty,1158,57
neutral: Begin:,1.3,128,1773714896.6783175,2026-03-17T03:34:56.678319,0.3671085238456726,0.15175533294677734,mamba2-2.7b,2700000000,neutral,1159,57
explicit: Simulate rolling a six-sided die 20 times:,1.0,128,1773714902.7867842,2026-03-17T03:35:02.786786,0.6762163639068604,0.1511303186416626,mamba2-2.7b,2700000000,explicit,1160,58
nonsense: moondkoung smaind nousdront,1.3,128,1773714908.789023,2026-03-17T03:35:08.789025,0.35517874360084534,0.12292692810297012,mamba2-2.7b,2700000000,nonsense,1161,58
nonsense: slaind drielslais twungcril jasswolpam denjeandtwoong geandtrint mealitkloo jourhaintdreas klinwuntsliem,1.0,128,1773714914.8109589,2026-03-17T03:35:14.810961,0.3764468729496002,0.028688805177807808,mamba2-2.7b,2700000000,nonsense,1162,58
neutral: Response:,1.3,128,1773714920.8153412,2026-03-17T03:35:20.815343,0.48928704857826233,0.1772770881652832,mamba2-2.7b,2700000000,neutral,1163,58
random:  8Ux4nxTW2B D0oOp7o r U,1.0,128,1773714926.8162518,2026-03-17T03:35:26.816254,0.507043719291687,0.12558512389659882,mamba2-2.7b,2700000000,random,1164,58
explicit: List random letters from the alphabet:,1.0,128,1773714932.8242114,2026-03-17T03:35:32.824213,0.7806335687637329,0.15089303255081177,mamba2-2.7b,2700000000,explicit,1165,58
empty: —,1.3,128,1773714938.8355732,2026-03-17T03:35:38.835575,0.35506194829940796,0.16210153698921204,mamba2-2.7b,2700000000,empty,1166,58
explicit: Output random bytes as text:,0.7,128,1773714944.8366463,2026-03-17T03:35:44.836648,0.9064911007881165,0.12595917284488678,mamba2-2.7b,2700000000,explicit,1167,58
empty: .,1.3,128,1773714950.8402896,2026-03-17T03:35:50.840292,0.40839579701423645,0.2253352701663971,mamba2-2.7b,2700000000,empty,1168,58
explicit: Output a random sequence of tokens:,1.3,128,1773714956.849222,2026-03-17T03:35:56.849224,0.5126425623893738,0.15887153148651123,mamba2-2.7b,2700000000,explicit,1169,58
nonsense: stonfroom prul sleantfiltir bis crientfloulstang trond wungskeal sloldrektras seahient hiengsaindwous,0.7,128,1773714962.9020047,2026-03-17T03:36:02.902007,0.8436000347137451,0.156020388007164,mamba2-2.7b,2700000000,nonsense,1170,58
explicit: Produce random text with no coherent meaning:,0.7,128,1773714968.9471211,2026-03-17T03:36:08.947123,0.7202644348144531,0.14160560071468353,mamba2-2.7b,2700000000,explicit,1171,58
explicit: Write a string of random ASCII characters:,0.7,128,1773714974.9986858,2026-03-17T03:36:14.998688,0.8905870914459229,0.15333767235279083,mamba2-2.7b,2700000000,explicit,1172,58
empty:   ,1.0,8,1773714975.3763313,2026-03-17T03:36:15.376333,0.6638279557228088,0.14292478561401367,mamba2-2.7b,2700000000,empty,1173,58
empty:   ,1.3,128,1773714981.4040797,2026-03-17T03:36:21.404081,0.38013702630996704,0.11025597900152206,mamba2-2.7b,2700000000,empty,1174,58
explicit: Output random Unicode characters:,1.3,51,1773714983.794916,2026-03-17T03:36:23.794918,0.671726405620575,0.16316582262516022,mamba2-2.7b,2700000000,explicit,1175,58
random: akcGBt2oKEMpgE16io c EsL2aTE1xkUi  cX8fXVGcTiSEnQ,0.7,128,1773714989.8503911,2026-03-17T03:36:29.850393,0.86897873878479,0.1924891620874405,mamba2-2.7b,2700000000,random,1176,58
"explicit: Simulate a random number generator, output digits:",1.0,128,1773714995.9137893,2026-03-17T03:36:35.913791,0.6681798100471497,0.16282828152179718,mamba2-2.7b,2700000000,explicit,1177,58
nonsense: pair preanjeng grojoutlil bliwoon,1.3,128,1773715001.9637465,2026-03-17T03:36:41.963749,0.3376004099845886,0.051920074969530106,mamba2-2.7b,2700000000,nonsense,1178,58
empty: _,1.3,128,1773715008.0098016,2026-03-17T03:36:48.009804,0.4288436770439148,0.17758916318416595,mamba2-2.7b,2700000000,empty,1179,58
random:  I0Uee9Vo9ksJ7 k lF8jNgRb86 8Q1TLLveMHh8vgLdK kq jJGqJJ,0.7,128,1773715014.1372669,2026-03-17T03:36:54.137269,0.8640056848526001,0.17868003249168396,mamba2-2.7b,2700000000,random,1180,59
neutral: One,1.0,125,1773715019.9979515,2026-03-17T03:36:59.997953,0.670175313949585,0.13071362674236298,mamba2-2.7b,2700000000,neutral,1181,59
neutral: One,1.3,128,1773715026.005708,2026-03-17T03:37:06.005710,0.43689560890197754,0.1621570587158203,mamba2-2.7b,2700000000,neutral,1182,59
empty:  ,1.3,128,1773715032.0125854,2026-03-17T03:37:12.012587,0.6305446028709412,0.1629786193370819,mamba2-2.7b,2700000000,empty,1183,59
random: IYI4U 50vxcqEGkAvYnmi8gdYknHtkXNDFK4qqvdeTP87I4rw63NS9D,1.0,13,1773715032.6232076,2026-03-17T03:37:12.623209,0.5018788576126099,0.08269224315881729,mamba2-2.7b,2700000000,random,1184,59
neutral: Content:,1.3,128,1773715038.652769,2026-03-17T03:37:18.652772,0.43804770708084106,0.19169412553310394,mamba2-2.7b,2700000000,neutral,1185,59
nonsense: swoontstungswes mar zenpun dansmit rielklul,0.7,128,1773715044.6913657,2026-03-17T03:37:24.691367,0.9548658728599548,0.1394243687391281,mamba2-2.7b,2700000000,nonsense,1186,59
empty: .,1.0,96,1773715049.200245,2026-03-17T03:37:29.200247,0.859466552734375,0.14566518366336823,mamba2-2.7b,2700000000,empty,1187,59
empty: .,0.7,128,1773715055.230085,2026-03-17T03:37:35.230087,0.9438158273696899,0.11090543121099472,mamba2-2.7b,2700000000,empty,1188,59
empty: .,0.7,112,1773715060.5044432,2026-03-17T03:37:40.504445,0.9335250854492188,0.09818778932094574,mamba2-2.7b,2700000000,empty,1189,59
empty: ,0.7,128,1773715066.528459,2026-03-17T03:37:46.528461,0.8581876754760742,0.1869216114282608,mamba2-2.7b,2700000000,empty,1190,59
nonsense: speanddrier band spais dear floukspuntgrol frailanggrond swielspietfle jient,0.7,128,1773715072.5598328,2026-03-17T03:37:52.559835,0.6815317869186401,0.2628962993621826,mamba2-2.7b,2700000000,nonsense,1191,59
random: K894RxgG9oiZ jgttMkFp1C W54M2NhmABHkuEwjua058L,1.0,128,1773715078.5952978,2026-03-17T03:37:58.595299,0.7035892009735107,0.20619818568229675,mamba2-2.7b,2700000000,random,1192,59
nonsense: twoung skies loomkicril,1.3,128,1773715084.6234276,2026-03-17T03:38:04.623430,0.32686272263526917,0.11423374712467194,mamba2-2.7b,2700000000,nonsense,1193,59
explicit: Produce a uniformly random string:,1.0,101,1773715089.3829212,2026-03-17T03:38:09.382923,0.7636229991912842,0.142274871468544,mamba2-2.7b,2700000000,explicit,1194,59
explicit: Simulate rolling a six-sided die 20 times:,0.7,128,1773715095.4166505,2026-03-17T03:38:15.416653,0.8184993267059326,0.12854713201522827,mamba2-2.7b,2700000000,explicit,1195,59
explicit: Produce a stream of random symbols:,0.7,128,1773715101.4188426,2026-03-17T03:38:21.418844,0.8460390567779541,0.15525558590888977,mamba2-2.7b,2700000000,explicit,1196,59
random: j JBtxuUpD1Qo999Au0cFfqu,1.3,128,1773715107.4331741,2026-03-17T03:38:27.433176,0.39014172554016113,0.14381451904773712,mamba2-2.7b,2700000000,random,1197,59
explicit: Output random Unicode characters:,0.7,60,1773715110.238795,2026-03-17T03:38:30.238797,0.8567720055580139,0.13025566935539246,mamba2-2.7b,2700000000,explicit,1198,59
nonsense: croo plientstim twaing diesput,1.0,128,1773715116.2388368,2026-03-17T03:38:36.238839,0.4979282021522522,0.16326849162578583,mamba2-2.7b,2700000000,nonsense,1199,59
"empty: 
",0.7,128,1773715122.3747303,2026-03-17T03:38:42.374732,0.7687750458717346,0.14320720732212067,mamba2-2.7b,2700000000,empty,1200,60
nonsense: sloottraikwas zier kaittrie zomhantmail pleamind spandbunt,0.7,128,1773715128.3871899,2026-03-17T03:38:48.387192,0.7592278122901917,0.18869931995868683,mamba2-2.7b,2700000000,nonsense,1201,60
neutral: One,1.0,121,1773715134.061252,2026-03-17T03:38:54.061254,0.7060127854347229,0.14859643578529358,mamba2-2.7b,2700000000,neutral,1202,60
explicit: Generate 50 random characters:,1.0,128,1773715140.071519,2026-03-17T03:39:00.071521,0.7039893865585327,0.15130355954170227,mamba2-2.7b,2700000000,explicit,1203,60
explicit: Output random Unicode characters:,1.3,128,1773715146.080605,2026-03-17T03:39:06.080607,0.4294787645339966,0.16581323742866516,mamba2-2.7b,2700000000,explicit,1204,60
neutral: Sequence:,1.3,128,1773715152.082298,2026-03-17T03:39:12.082300,0.4284258484840393,0.15137864649295807,mamba2-2.7b,2700000000,neutral,1205,60
empty:   ,1.3,128,1773715158.083173,2026-03-17T03:39:18.083175,0.44478392601013184,0.19293315708637238,mamba2-2.7b,2700000000,empty,1206,60
neutral: Next:,1.0,128,1773715164.0870953,2026-03-17T03:39:24.087097,0.69893479347229,0.17402943968772888,mamba2-2.7b,2700000000,neutral,1207,60
nonsense: spouklerwiend vountsliennient burwur,1.3,128,1773715170.0984216,2026-03-17T03:39:30.098424,0.3599424362182617,0.10235545784235,mamba2-2.7b,2700000000,nonsense,1208,60
explicit: Produce a stream of random symbols:,1.3,128,1773715176.1084645,2026-03-17T03:39:36.108466,0.46207648515701294,0.16758815944194794,mamba2-2.7b,2700000000,explicit,1209,60
nonsense: flounspoon sukhiesbain soolhea toond laihosklant,1.0,128,1773715182.1210146,2026-03-17T03:39:42.121016,0.4109739661216736,0.10813891887664795,mamba2-2.7b,2700000000,nonsense,1210,60
nonsense: stamspiesflant sain haindmaind swainsoom pountdriend grikceasnil klook,1.3,128,1773715188.1367633,2026-03-17T03:39:48.136765,0.3190930187702179,0.06941747665405273,mamba2-2.7b,2700000000,nonsense,1211,60
explicit: Generate random words with no meaning:,0.7,128,1773715194.1570358,2026-03-17T03:39:54.157038,0.9027169346809387,0.12584014236927032,mamba2-2.7b,2700000000,explicit,1212,60
neutral: Write:,1.3,128,1773715200.1666036,2026-03-17T03:40:00.166605,0.36554813385009766,0.17335906624794006,mamba2-2.7b,2700000000,neutral,1213,60
neutral: Produce:,0.7,128,1773715206.1925683,2026-03-17T03:40:06.192570,0.9559164047241211,0.12481651455163956,mamba2-2.7b,2700000000,neutral,1214,60
neutral: Content:,1.3,128,1773715212.2170556,2026-03-17T03:40:12.217057,0.3658428490161896,0.16192345321178436,mamba2-2.7b,2700000000,neutral,1215,60
empty:  ,1.0,128,1773715218.2280502,2026-03-17T03:40:18.228052,0.763993501663208,0.1535322517156601,mamba2-2.7b,2700000000,empty,1216,60
empty: _,1.0,128,1773715224.2425601,2026-03-17T03:40:24.242562,0.6734597682952881,0.17185285687446594,mamba2-2.7b,2700000000,empty,1217,60
explicit: Output random letters and numbers:,1.0,128,1773715230.2531676,2026-03-17T03:40:30.253170,0.6346343755722046,0.14608001708984375,mamba2-2.7b,2700000000,explicit,1218,60
nonsense: daingkeak ciskoukveant pientploumzount plerfarcraint trendail,0.7,128,1773715236.2751374,2026-03-17T03:40:36.275140,0.9500359892845154,0.14449550211429596,mamba2-2.7b,2700000000,nonsense,1219,60
explicit: Generate text with maximum entropy:,1.0,128,1773715242.3989606,2026-03-17T03:40:42.398963,0.7053617238998413,0.15420423448085785,mamba2-2.7b,2700000000,explicit,1220,61
neutral: This,1.0,128,1773715248.4362175,2026-03-17T03:40:48.436219,0.6285791397094727,0.160171777009964,mamba2-2.7b,2700000000,neutral,1221,61
neutral: One,1.3,128,1773715254.472701,2026-03-17T03:40:54.472703,0.3827822208404541,0.11972709000110626,mamba2-2.7b,2700000000,neutral,1222,61
random: vByqf2k3zsHOilXYPJ 6b,0.7,128,1773715260.512864,2026-03-17T03:41:00.512866,0.7295117378234863,0.17214365303516388,mamba2-2.7b,2700000000,random,1223,61
random: mXKGtQksSNYqkNWQql2 UcUNxBR yCr,1.3,128,1773715266.5621219,2026-03-17T03:41:06.562124,0.40230077505111694,0.14922833442687988,mamba2-2.7b,2700000000,random,1224,61
random: Ev r5uws9TfC DiHVDfA UX86ffPn JHwWWUj GWC ZTS 9a r4v,0.7,128,1773715272.605739,2026-03-17T03:41:12.605741,0.6916021704673767,0.15111729502677917,mamba2-2.7b,2700000000,random,1225,61
random: o GG4W9FR66d9oHiWCDO0T bHFKlZRj,1.0,128,1773715278.6310678,2026-03-17T03:41:18.631070,0.6911640167236328,0.16727033257484436,mamba2-2.7b,2700000000,random,1226,61
nonsense: prindfool brielland tes praibroont prear spootmiekle,0.7,128,1773715284.6545177,2026-03-17T03:41:24.654520,0.7205153703689575,0.15815198421478271,mamba2-2.7b,2700000000,nonsense,1227,61
explicit: Produce random text with no coherent meaning:,1.3,128,1773715290.705892,2026-03-17T03:41:30.705894,0.37492120265960693,0.20069491863250732,mamba2-2.7b,2700000000,explicit,1228,61
neutral: Write:,1.3,128,1773715296.7551763,2026-03-17T03:41:36.755178,0.4103811979293823,0.18345804512500763,mamba2-2.7b,2700000000,neutral,1229,61
random:  QlENCzsdfF8j61yX ZFsan2Cw 7,1.3,128,1773715302.7999353,2026-03-17T03:41:42.799937,0.39883536100387573,0.1659345030784607,mamba2-2.7b,2700000000,random,1230,61
empty: —,1.0,128,1773715308.836764,2026-03-17T03:41:48.836766,0.7614272236824036,0.17368856072425842,mamba2-2.7b,2700000000,empty,1231,61
empty: ,1.0,128,1773715314.8741922,2026-03-17T03:41:54.874194,0.7313485145568848,0.1650373637676239,mamba2-2.7b,2700000000,empty,1232,61
empty: -,0.7,128,1773715320.913771,2026-03-17T03:42:00.913773,0.955732524394989,0.13226839900016785,mamba2-2.7b,2700000000,empty,1233,61
empty: .,1.0,128,1773715326.9535706,2026-03-17T03:42:06.953572,0.8152989149093628,0.1564507782459259,mamba2-2.7b,2700000000,empty,1234,61
explicit: Simulate rolling a six-sided die 20 times:,0.7,128,1773715332.9996767,2026-03-17T03:42:12.999679,0.7667728662490845,0.1791164129972458,mamba2-2.7b,2700000000,explicit,1235,61
nonsense: bliengriestwos sniemstontos spul florten dootbentsmik swainblairsnis,0.7,128,1773715339.0165527,2026-03-17T03:42:19.016554,0.9400190114974976,0.1700751632452011,mamba2-2.7b,2700000000,nonsense,1236,61
empty: -,1.0,128,1773715345.043937,2026-03-17T03:42:25.043939,0.8073474168777466,0.2159714549779892,mamba2-2.7b,2700000000,empty,1237,61
empty: ...,0.7,95,1773715349.496732,2026-03-17T03:42:29.496734,0.776463508605957,0.15239176154136658,mamba2-2.7b,2700000000,empty,1238,61
explicit: Create a nonsensical random sequence:,1.0,52,1773715351.9238048,2026-03-17T03:42:31.923806,0.7934783101081848,0.16969357430934906,mamba2-2.7b,2700000000,explicit,1239,61
empty:  ,1.3,128,1773715358.049445,2026-03-17T03:42:38.049447,0.8211270570755005,0.14930035173892975,mamba2-2.7b,2700000000,empty,1240,62
neutral: Output:,1.0,128,1773715364.0492978,2026-03-17T03:42:44.049300,0.7236376404762268,0.15247870981693268,mamba2-2.7b,2700000000,neutral,1241,62
neutral: Write:,0.7,128,1773715370.058769,2026-03-17T03:42:50.058771,0.8121850490570068,0.19139397144317627,mamba2-2.7b,2700000000,neutral,1242,62
random: 6hNwpbrbu S  HvVq,0.7,8,1773715370.432119,2026-03-17T03:42:50.432120,0.48934006690979004,0.10761836171150208,mamba2-2.7b,2700000000,random,1243,62
random: I3 dXRZv7qdYdk2r7xgHWPB6,1.3,128,1773715376.4458365,2026-03-17T03:42:56.445838,0.4439293146133423,0.14985129237174988,mamba2-2.7b,2700000000,random,1244,62
neutral: Output:,1.3,128,1773715382.4686167,2026-03-17T03:43:02.468619,0.3579905033111572,0.16893458366394043,mamba2-2.7b,2700000000,neutral,1245,62
empty: -,0.7,128,1773715388.5044737,2026-03-17T03:43:08.504476,0.8007605075836182,0.15544524788856506,mamba2-2.7b,2700000000,empty,1246,62
empty: .,1.0,24,1773715389.6298244,2026-03-17T03:43:09.629826,0.8424242734909058,0.15385477244853973,mamba2-2.7b,2700000000,empty,1247,62
neutral: It,1.0,128,1773715395.6763797,2026-03-17T03:43:15.676382,0.6885623335838318,0.1411866843700409,mamba2-2.7b,2700000000,neutral,1248,62
neutral: Data:,0.7,128,1773715401.7092066,2026-03-17T03:43:21.709209,0.9531041383743286,0.12540294229984283,mamba2-2.7b,2700000000,neutral,1249,62
empty: .,1.0,128,1773715407.721701,2026-03-17T03:43:27.721703,0.8805336952209473,0.13349495828151703,mamba2-2.7b,2700000000,empty,1250,62
empty:   ,1.0,128,1773715413.7293956,2026-03-17T03:43:33.729398,0.8356521725654602,0.14355655014514923,mamba2-2.7b,2700000000,empty,1251,62
neutral: Write:,0.7,128,1773715419.734693,2026-03-17T03:43:39.734695,0.8009147644042969,0.16549736261367798,mamba2-2.7b,2700000000,neutral,1252,62
neutral: This,0.7,128,1773715425.7458582,2026-03-17T03:43:45.745861,0.7854105234146118,0.1758522242307663,mamba2-2.7b,2700000000,neutral,1253,62
neutral: Sequence:,0.7,128,1773715431.760272,2026-03-17T03:43:51.760274,0.8902652263641357,0.16127876937389374,mamba2-2.7b,2700000000,neutral,1254,62
empty: —,1.3,128,1773715437.796997,2026-03-17T03:43:57.796999,0.42553001642227173,0.16606906056404114,mamba2-2.7b,2700000000,empty,1255,62
explicit: Output a random sequence of tokens:,1.3,128,1773715443.8093169,2026-03-17T03:44:03.809319,0.6274964809417725,0.17965565621852875,mamba2-2.7b,2700000000,explicit,1256,62
random: ngwud  ojE4P,0.7,6,1773715444.0896206,2026-03-17T03:44:04.089622,0.450819194316864,0.014350333251059055,mamba2-2.7b,2700000000,random,1257,62
explicit: Output random letters and numbers:,0.7,47,1773715446.280983,2026-03-17T03:44:06.280985,0.7330338358879089,0.18802815675735474,mamba2-2.7b,2700000000,explicit,1258,62
explicit: Generate uniformly distributed random text:,1.0,128,1773715452.2941012,2026-03-17T03:44:12.294103,0.6885976791381836,0.18506574630737305,mamba2-2.7b,2700000000,explicit,1259,62
neutral: Continue:,1.0,128,1773715458.419254,2026-03-17T03:44:18.419256,0.6946028470993042,0.19238780438899994,mamba2-2.7b,2700000000,neutral,1260,63
neutral: Content:,1.3,128,1773715464.4519434,2026-03-17T03:44:24.451946,0.38833504915237427,0.17991487681865692,mamba2-2.7b,2700000000,neutral,1261,63
empty: 	,1.3,128,1773715470.493991,2026-03-17T03:44:30.493993,0.6006654500961304,0.16278019547462463,mamba2-2.7b,2700000000,empty,1262,63
nonsense: geakprai creantcoorpren groorwirut,1.3,128,1773715476.529471,2026-03-17T03:44:36.529473,0.2996010482311249,0.09863722324371338,mamba2-2.7b,2700000000,nonsense,1263,63
neutral: Text:,0.7,128,1773715482.5632274,2026-03-17T03:44:42.563230,0.898330807685852,0.1692769080400467,mamba2-2.7b,2700000000,neutral,1264,63
empty: 	,1.0,128,1773715488.5835595,2026-03-17T03:44:48.583561,0.6579053401947021,0.1668892800807953,mamba2-2.7b,2700000000,empty,1265,63
random: 3iQOpM N0PZLqy1WwMZaMKA3P744B 8vk,0.7,128,1773715494.6000652,2026-03-17T03:44:54.600067,0.47417306900024414,0.02166428230702877,mamba2-2.7b,2700000000,random,1266,63
neutral: Content:,1.3,128,1773715500.6152503,2026-03-17T03:45:00.615252,0.4850305914878845,0.17743465304374695,mamba2-2.7b,2700000000,neutral,1267,63
empty:   ,0.7,128,1773715506.6460676,2026-03-17T03:45:06.646069,0.9494004249572754,0.11813865602016449,mamba2-2.7b,2700000000,empty,1268,63
nonsense: boutbrin glountsnoondbet stessneang stus prosnimglient croon tonpatglund lielmum sleakpumtru,0.7,128,1773715512.6903489,2026-03-17T03:45:12.690351,0.7075400352478027,0.19466640055179596,mamba2-2.7b,2700000000,nonsense,1269,63
neutral: Result:,1.3,128,1773715518.724878,2026-03-17T03:45:18.724880,0.407473087310791,0.16308729350566864,mamba2-2.7b,2700000000,neutral,1270,63
explicit: Output a random sequence of tokens:,0.7,128,1773715524.7808073,2026-03-17T03:45:24.780809,0.7775119543075562,0.134147047996521,mamba2-2.7b,2700000000,explicit,1271,63
random: p 6ObbAWmPUHxHEI8RUx 2A1VUZJ5xqDmIE3Wzs,0.7,128,1773715530.8191323,2026-03-17T03:45:30.819135,0.8364757299423218,0.18232187628746033,mamba2-2.7b,2700000000,random,1272,63
empty: .,1.3,128,1773715536.8682613,2026-03-17T03:45:36.868263,0.5465596914291382,0.18293695151805878,mamba2-2.7b,2700000000,empty,1273,63
explicit: Create a nonsensical random sequence:,1.0,128,1773715542.9062881,2026-03-17T03:45:42.906290,0.9109055995941162,0.14388321340084076,mamba2-2.7b,2700000000,explicit,1274,63
neutral: Text:,1.3,12,1773715543.4711802,2026-03-17T03:45:43.471182,0.6198655962944031,0.18697910010814667,mamba2-2.7b,2700000000,neutral,1275,63
neutral: Sequence:,1.3,128,1773715549.5001523,2026-03-17T03:45:49.500154,0.43353110551834106,0.16423599421977997,mamba2-2.7b,2700000000,neutral,1276,63
explicit: Simulate white noise as text:,1.3,128,1773715555.5246136,2026-03-17T03:45:55.524616,0.3297364115715027,0.16620558500289917,mamba2-2.7b,2700000000,explicit,1277,63
explicit: Generate random words with no meaning:,0.7,128,1773715561.5406787,2026-03-17T03:46:01.540681,0.8203483819961548,0.16565832495689392,mamba2-2.7b,2700000000,explicit,1278,63
random: 1MO65HRxBxkHn3c,1.3,128,1773715567.5536892,2026-03-17T03:46:07.553691,0.31083133816719055,0.10268247872591019,mamba2-2.7b,2700000000,random,1279,63
neutral: Produce:,0.7,128,1773715573.683395,2026-03-17T03:46:13.683397,0.7182554602622986,0.17298728227615356,mamba2-2.7b,2700000000,neutral,1280,64
random: kouF q0O59rHwPKzk1VxYWCccDl7zH,1.3,128,1773715579.7211738,2026-03-17T03:46:19.721176,0.3365214765071869,0.15748845040798187,mamba2-2.7b,2700000000,random,1281,64
explicit: Simulate white noise as text:,1.0,15,1773715580.421821,2026-03-17T03:46:20.421823,0.6654539108276367,0.17732767760753632,mamba2-2.7b,2700000000,explicit,1282,64
nonsense: gleagearproul troutswound tetpoon brot cienhe trear gluk cou kis,1.0,128,1773715586.4520955,2026-03-17T03:46:26.452097,0.3577001094818115,0.04575328156352043,mamba2-2.7b,2700000000,nonsense,1283,64
empty: .,1.3,128,1773715592.464778,2026-03-17T03:46:32.464780,0.4329172670841217,0.21703588962554932,mamba2-2.7b,2700000000,empty,1284,64
explicit: Write a string of random ASCII characters:,1.0,2,1773715592.5591798,2026-03-17T03:46:32.559181,0.5933509469032288,0.015939652919769287,mamba2-2.7b,2700000000,explicit,1285,64
neutral: Next:,1.0,10,1773715593.0279405,2026-03-17T03:46:33.027942,0.6683796048164368,0.2305455058813095,mamba2-2.7b,2700000000,neutral,1286,64
explicit: Output a random sequence of tokens:,1.0,128,1773715599.0498478,2026-03-17T03:46:39.049850,0.7889660596847534,0.1449245810508728,mamba2-2.7b,2700000000,explicit,1287,64
explicit: Output random letters and numbers:,1.0,128,1773715605.053534,2026-03-17T03:46:45.053536,0.7256006002426147,0.13865269720554352,mamba2-2.7b,2700000000,explicit,1288,64
explicit: Write a sequence with no pattern or meaning:,1.3,128,1773715611.055612,2026-03-17T03:46:51.055614,0.4588167071342468,0.1682981699705124,mamba2-2.7b,2700000000,explicit,1289,64
random: j JBtxuUpD1Qo999Au0cFfqu,0.7,5,1773715611.2890313,2026-03-17T03:46:51.289033,0.4689558148384094,0.013871856033802032,mamba2-2.7b,2700000000,random,1290,64
nonsense: lirtran twook dundtilnund swainsoo sparrienkair fret neand coondcoosjail mang,0.7,128,1773715617.3096244,2026-03-17T03:46:57.309627,0.8530060052871704,0.2118089497089386,mamba2-2.7b,2700000000,nonsense,1291,64
random: oZcPv6Ul3nF3ZkYNRCQvj o ySSs,1.3,128,1773715623.3198354,2026-03-17T03:47:03.319837,0.36890918016433716,0.1865546852350235,mamba2-2.7b,2700000000,random,1292,64
explicit: Generate 50 random characters:,0.7,128,1773715629.325977,2026-03-17T03:47:09.325979,0.8931533098220825,0.16295461356639862,mamba2-2.7b,2700000000,explicit,1293,64
neutral: One,0.7,128,1773715635.3348396,2026-03-17T03:47:15.334841,0.8920938968658447,0.15849512815475464,mamba2-2.7b,2700000000,neutral,1294,64
random: CDgm0Q8mrau08,1.0,128,1773715641.3456705,2026-03-17T03:47:21.345673,0.7612535953521729,0.21739858388900757,mamba2-2.7b,2700000000,random,1295,64
explicit: Write random characters without forming words:,0.7,128,1773715647.350648,2026-03-17T03:47:27.350650,0.7691698670387268,0.1626875102519989,mamba2-2.7b,2700000000,explicit,1296,64
random: aXH6K2 tyLBhhOhg9 uh kxiiEZpFfk1 O,1.0,128,1773715653.3644142,2026-03-17T03:47:33.364416,0.5584191083908081,0.1910320669412613,mamba2-2.7b,2700000000,random,1297,64
neutral: Response:,1.0,45,1773715655.4617953,2026-03-17T03:47:35.461797,0.6881270408630371,0.16116388142108917,mamba2-2.7b,2700000000,neutral,1298,64
explicit: Simulate rolling a six-sided die 20 times:,1.0,128,1773715661.4717872,2026-03-17T03:47:41.471789,0.8476434946060181,0.16735757887363434,mamba2-2.7b,2700000000,explicit,1299,64
nonsense: noutcrisgri deand pong,1.0,128,1773715667.5937612,2026-03-17T03:47:47.593763,0.5331820249557495,0.1907954066991806,mamba2-2.7b,2700000000,nonsense,1300,65
random:  Khw 4bz Kye  DveUEaulJZTYZz bilKSSJCy6ZaHw0 nj L,0.7,14,1773715668.2527595,2026-03-17T03:47:48.252761,0.436299204826355,0.02375166490674019,mamba2-2.7b,2700000000,random,1301,65
empty: .,1.3,128,1773715674.2936802,2026-03-17T03:47:54.293682,0.582487940788269,0.15073701739311218,mamba2-2.7b,2700000000,empty,1302,65
neutral: Output:,1.0,128,1773715680.336558,2026-03-17T03:48:00.336560,0.8702319860458374,0.18639090657234192,mamba2-2.7b,2700000000,neutral,1303,65
neutral: Text:,0.7,128,1773715686.3631887,2026-03-17T03:48:06.363191,0.8365324139595032,0.18959559500217438,mamba2-2.7b,2700000000,neutral,1304,65
empty: 	,1.0,128,1773715692.404025,2026-03-17T03:48:12.404027,0.7777183055877686,0.1579216867685318,mamba2-2.7b,2700000000,empty,1305,65
explicit: Produce random text with no coherent meaning:,1.0,128,1773715698.4386907,2026-03-17T03:48:18.438693,0.8322677612304688,0.14390826225280762,mamba2-2.7b,2700000000,explicit,1306,65
explicit: Create a nonsensical random sequence:,1.3,128,1773715704.4701052,2026-03-17T03:48:24.470107,0.4474075436592102,0.1712874472141266,mamba2-2.7b,2700000000,explicit,1307,65
neutral: Output:,0.7,128,1773715710.4723525,2026-03-17T03:48:30.472355,0.947681188583374,0.11895538866519928,mamba2-2.7b,2700000000,neutral,1308,65
explicit: Output a random sequence of tokens:,0.7,128,1773715716.4863527,2026-03-17T03:48:36.486355,0.8612645864486694,0.13509255647659302,mamba2-2.7b,2700000000,explicit,1309,65
empty: ,0.7,128,1773715722.4939477,2026-03-17T03:48:42.493950,0.7879459261894226,0.1807565987110138,mamba2-2.7b,2700000000,empty,1310,65
random: dwyzhFe6gUzJV7 YpdEV 5w8SSuHlKdXguBCCAI0 cb8qwbCGNJ2WS6GB7M,1.3,128,1773715728.514543,2026-03-17T03:48:48.514545,0.3878461420536041,0.13789643347263336,mamba2-2.7b,2700000000,random,1311,65
nonsense: twoundgearplem lealgook tur pountcainpiend loorfim gikglotdous,1.3,125,1773715734.4026759,2026-03-17T03:48:54.402678,0.28960058093070984,0.07736910879611969,mamba2-2.7b,2700000000,nonsense,1312,65
explicit: Output random letters and numbers:,1.3,27,1773715735.6599722,2026-03-17T03:48:55.659974,0.5529170632362366,0.11261355876922607,mamba2-2.7b,2700000000,explicit,1313,65
neutral: Write:,1.0,128,1773715741.6734362,2026-03-17T03:49:01.673438,0.7434232234954834,0.1408577710390091,mamba2-2.7b,2700000000,neutral,1314,65
random: rZxV7ajXQeL2IAkQh UgoXU7fUUwiArQEo9ACPT,1.0,128,1773715747.7188268,2026-03-17T03:49:07.718829,0.7096637487411499,0.21909579634666443,mamba2-2.7b,2700000000,random,1315,65
random: YkVZ6FCMkelZWW8hbvk 3QmfDB8IfjJewOcAsYjMuEXQXrk Sgm3DjRYPdI5,1.0,128,1773715753.7474425,2026-03-17T03:49:13.747444,0.4556218385696411,0.018378175795078278,mamba2-2.7b,2700000000,random,1316,65
nonsense: skailskear drainnoom klaintwoontsount fruttrearswouk,0.7,128,1773715759.7892163,2026-03-17T03:49:19.789218,0.5925025939941406,0.19830644130706787,mamba2-2.7b,2700000000,nonsense,1317,65
explicit: Write a sequence with no pattern or meaning:,1.3,128,1773715765.8194416,2026-03-17T03:49:25.819444,0.3674442172050476,0.17297177016735077,mamba2-2.7b,2700000000,explicit,1318,65
nonsense: trikwunfo jeallaingrus soskluk klemskel flesveankiel,1.3,128,1773715771.8482924,2026-03-17T03:49:31.848294,0.33578547835350037,0.11112743616104126,mamba2-2.7b,2700000000,nonsense,1319,65
neutral: Continue:,1.0,128,1773715777.9609547,2026-03-17T03:49:37.960957,0.7217991352081299,0.13076671957969666,mamba2-2.7b,2700000000,neutral,1320,66
explicit: Generate uniformly distributed random text:,1.0,128,1773715783.969837,2026-03-17T03:49:43.969839,0.7569401860237122,0.14544259011745453,mamba2-2.7b,2700000000,explicit,1321,66
explicit: Simulate white noise as text:,1.3,128,1773715789.9874005,2026-03-17T03:49:49.987402,0.3602758049964905,0.12464569509029388,mamba2-2.7b,2700000000,explicit,1322,66
random: yLDUwMbqJfgLq nb,0.7,5,1773715790.221156,2026-03-17T03:49:50.221157,0.5166839957237244,0.1292775422334671,mamba2-2.7b,2700000000,random,1323,66
neutral: One,1.3,128,1773715796.241498,2026-03-17T03:49:56.241500,0.4096744656562805,0.1551455557346344,mamba2-2.7b,2700000000,neutral,1324,66
random: lnnOVMrWrsibv4SBt04BlmrpXS2OrFJkFK,0.7,128,1773715802.3007588,2026-03-17T03:50:02.300760,0.7082538604736328,0.19881489872932434,mamba2-2.7b,2700000000,random,1325,66
neutral: Response:,1.0,128,1773715808.3486745,2026-03-17T03:50:08.348677,0.7083366513252258,0.1800602674484253,mamba2-2.7b,2700000000,neutral,1326,66
neutral: Response:,0.7,128,1773715814.3727438,2026-03-17T03:50:14.372746,0.7864086031913757,0.170584037899971,mamba2-2.7b,2700000000,neutral,1327,66
explicit: Create a nonsensical random sequence:,0.7,128,1773715820.383591,2026-03-17T03:50:20.383593,0.909335732460022,0.15158386528491974,mamba2-2.7b,2700000000,explicit,1328,66
explicit: Generate a sequence of random characters:,0.7,128,1773715826.4196618,2026-03-17T03:50:26.419664,0.819683849811554,0.15864597260951996,mamba2-2.7b,2700000000,explicit,1329,66
explicit: Produce a uniformly random string:,0.7,128,1773715832.467506,2026-03-17T03:50:32.467508,0.8913644552230835,0.12371260672807693,mamba2-2.7b,2700000000,explicit,1330,66
empty: —,1.3,128,1773715838.4997635,2026-03-17T03:50:38.499766,0.3471420407295227,0.14220216870307922,mamba2-2.7b,2700000000,empty,1331,66
empty: ...,1.3,128,1773715844.5519373,2026-03-17T03:50:44.551939,0.38326141238212585,0.14116257429122925,mamba2-2.7b,2700000000,empty,1332,66
explicit: Write random characters without forming words:,1.0,128,1773715850.6027715,2026-03-17T03:50:50.602773,0.6349626183509827,0.17430046200752258,mamba2-2.7b,2700000000,explicit,1333,66
random: MzUgBoE3PbvJpYFbf8tVlFu lRhhTtnq DOS4ycW,1.0,128,1773715856.652614,2026-03-17T03:50:56.652616,0.4621666669845581,0.07610978186130524,mamba2-2.7b,2700000000,random,1334,66
random: w nM ztVuaP coUNEhEkk iqq8vH2BzNZV4 5pFCiRcDCajhDieQj EJ B,0.7,128,1773715862.718455,2026-03-17T03:51:02.718457,0.46695220470428467,0.01964516006410122,mamba2-2.7b,2700000000,random,1335,66
empty:   ,0.7,128,1773715868.771196,2026-03-17T03:51:08.771198,0.9600072503089905,0.09725857526063919,mamba2-2.7b,2700000000,empty,1336,66
nonsense: skailskear drainnoom klaintwoontsount fruttrearswouk,1.3,128,1773715874.8021038,2026-03-17T03:51:14.802106,0.30420559644699097,0.09187379479408264,mamba2-2.7b,2700000000,nonsense,1337,66
nonsense: sloos stount doksnait prainttiekploung swealbrous taing,1.0,128,1773715880.822485,2026-03-17T03:51:20.822487,0.4091203510761261,0.1267107129096985,mamba2-2.7b,2700000000,nonsense,1338,66
random: qELHOYPO5IDjzrntnv57O0pTA5N7HpluMfBPs,1.0,128,1773715886.8405974,2026-03-17T03:51:26.840600,0.5048312544822693,0.10074853897094727,mamba2-2.7b,2700000000,random,1339,66
random: sx HvR6iDWXqncz  1tmw8e pl9qa3 1Vf2D,1.0,17,1773715887.7319853,2026-03-17T03:51:27.731987,0.5306987166404724,0.1277271807193756,mamba2-2.7b,2700000000,random,1340,67
empty: _,1.3,128,1773715893.772677,2026-03-17T03:51:33.772679,0.43974992632865906,0.22171182930469513,mamba2-2.7b,2700000000,empty,1341,67
empty: -,1.0,128,1773715899.8135343,2026-03-17T03:51:39.813536,0.8355023860931396,0.16566571593284607,mamba2-2.7b,2700000000,empty,1342,67
nonsense: plar diendspoontsant tontstail stoor spiendkosflous soungmail,1.3,128,1773715905.875225,2026-03-17T03:51:45.875227,0.3101416528224945,0.0865689367055893,mamba2-2.7b,2700000000,nonsense,1343,67
random: qK4 pdEuNb0lCo7pt L I198F6sXy riJ1R IaKM t59S,0.7,128,1773715911.9235678,2026-03-17T03:51:51.923570,0.8464887738227844,0.22317294776439667,mamba2-2.7b,2700000000,random,1344,67
random: w8OTBIxy zEEHADzFTtnpk af9VO J x JYCqg29e SYw,0.7,128,1773715917.9446192,2026-03-17T03:51:57.944621,0.5704705119132996,0.21284253895282745,mamba2-2.7b,2700000000,random,1345,67
neutral: Answer:,1.0,128,1773715923.944915,2026-03-17T03:52:03.944917,0.6716383695602417,0.16294582188129425,mamba2-2.7b,2700000000,neutral,1346,67
empty: —,1.0,128,1773715929.9510937,2026-03-17T03:52:09.951096,0.708459198474884,0.19394850730895996,mamba2-2.7b,2700000000,empty,1347,67
empty: ,0.7,128,1773715935.9986632,2026-03-17T03:52:15.998665,0.873984694480896,0.1697937697172165,mamba2-2.7b,2700000000,empty,1348,67
neutral: Result:,1.3,128,1773715942.0441136,2026-03-17T03:52:22.044116,0.4545050263404846,0.20304396748542786,mamba2-2.7b,2700000000,neutral,1349,67
random: dHJwf chkOMi0UlYrE,1.3,128,1773715948.0857344,2026-03-17T03:52:28.085737,0.402769535779953,0.08487951755523682,mamba2-2.7b,2700000000,random,1350,67
nonsense: stamspiesflant sain haindmaind swainsoom pountdriend grikceasnil klook,1.0,128,1773715954.1378279,2026-03-17T03:52:34.137830,0.3821355700492859,0.03509870544075966,mamba2-2.7b,2700000000,nonsense,1351,67
random: pAUuL4  mtUQrpz41aF8RK vkIV1UFt1Dr2006 Ud4sb ikROZ,1.0,128,1773715960.198742,2026-03-17T03:52:40.198744,0.4445490837097168,0.04451960697770119,mamba2-2.7b,2700000000,random,1352,67
random: q8F80ymm3T207gmhZRnFyy5r2xJ7Fj4mgblEv0 9BZhv,1.0,128,1773715966.2609856,2026-03-17T03:52:46.260988,0.46961140632629395,0.01679150015115738,mamba2-2.7b,2700000000,random,1353,67
"explicit: Simulate a random number generator, output digits:",1.3,1,1773715966.308296,2026-03-17T03:52:46.308297,0.543469250202179,0.0,mamba2-2.7b,2700000000,explicit,1354,67
random: nL1kosSNR6A 9S8m45OiMfocRnvF wuQ27DZxx3Y,1.0,128,1773715972.367372,2026-03-17T03:52:52.367374,0.47768813371658325,0.044285401701927185,mamba2-2.7b,2700000000,random,1355,67
explicit: Output a random sequence of tokens:,0.7,128,1773715978.4129145,2026-03-17T03:52:58.412917,0.9115651845932007,0.1509496569633484,mamba2-2.7b,2700000000,explicit,1356,67
random: oK NfCYhaAMBrGLPpa 3wqWD TjYf3c6jO2Z1,0.7,128,1773715984.4660676,2026-03-17T03:53:04.466069,0.4716412425041199,0.023104552179574966,mamba2-2.7b,2700000000,random,1357,67
empty:   ,1.3,128,1773715990.5262077,2026-03-17T03:53:10.526209,0.3720059394836426,0.21495433151721954,mamba2-2.7b,2700000000,empty,1358,67
empty: ,1.3,128,1773715996.5858808,2026-03-17T03:53:16.585883,0.4842107892036438,0.20038403570652008,mamba2-2.7b,2700000000,empty,1359,67
explicit: Output random bytes as text:,1.3,128,1773716002.716259,2026-03-17T03:53:22.716262,0.4205232262611389,0.21358095109462738,mamba2-2.7b,2700000000,explicit,1360,68
empty: —,1.0,128,1773716008.7529254,2026-03-17T03:53:28.752927,0.7194308638572693,0.13923560082912445,mamba2-2.7b,2700000000,empty,1361,68
nonsense: pet tottwem haindpikfrung ceatstit slond riesviel gromkloo smittaik,0.7,128,1773716014.799489,2026-03-17T03:53:34.799491,0.7056114673614502,0.1751028597354889,mamba2-2.7b,2700000000,nonsense,1362,68
"explicit: Simulate a random number generator, output digits:",1.0,128,1773716020.8455162,2026-03-17T03:53:40.845518,0.6974982619285583,0.1184697151184082,mamba2-2.7b,2700000000,explicit,1363,68
empty: ,0.7,128,1773716026.8881297,2026-03-17T03:53:46.888132,0.8836989402770996,0.16910706460475922,mamba2-2.7b,2700000000,empty,1364,68
explicit: Generate text with maximum entropy:,0.7,128,1773716032.916034,2026-03-17T03:53:52.916036,0.7380199432373047,0.15636269748210907,mamba2-2.7b,2700000000,explicit,1365,68
random:  2Lgjf n 20m7GTGk co7wxYf,1.0,128,1773716038.9583354,2026-03-17T03:53:58.958337,0.5850716829299927,0.1811496615409851,mamba2-2.7b,2700000000,random,1366,68
nonsense: plong glongcourhin bletcriem swear zaincrorswir braintskir,1.3,128,1773716044.984455,2026-03-17T03:54:04.984457,0.29722610116004944,0.07327129691839218,mamba2-2.7b,2700000000,nonsense,1367,68
nonsense: grunt twondgraktring skoul joundfrotgros hend spongsputblent seno,0.7,128,1773716051.0196912,2026-03-17T03:54:11.019693,0.9643378257751465,0.11930403113365173,mamba2-2.7b,2700000000,nonsense,1368,68
neutral: Response:,1.0,13,1773716051.6264315,2026-03-17T03:54:11.626433,0.6665134429931641,0.20779116451740265,mamba2-2.7b,2700000000,neutral,1369,68
neutral: Answer:,0.7,128,1773716057.6489277,2026-03-17T03:54:17.648930,0.8046798706054688,0.15657982230186462,mamba2-2.7b,2700000000,neutral,1370,68
explicit: Produce a stream of random symbols:,1.0,128,1773716063.6855388,2026-03-17T03:54:23.685541,0.7368633151054382,0.14045126736164093,mamba2-2.7b,2700000000,explicit,1371,68
random: 01rXFGAQk5VlygIWfjyB9AQMbByp9FAYEPKW7TNHU  7m,0.7,128,1773716069.7249968,2026-03-17T03:54:29.724999,0.8885839581489563,0.1773965209722519,mamba2-2.7b,2700000000,random,1372,68
empty: .,1.3,128,1773716075.7447581,2026-03-17T03:54:35.744760,0.646714448928833,0.20252574980258942,mamba2-2.7b,2700000000,empty,1373,68
neutral: Answer:,1.3,128,1773716081.762072,2026-03-17T03:54:41.762074,0.558772087097168,0.15871843695640564,mamba2-2.7b,2700000000,neutral,1374,68
explicit: Generate uniformly distributed random text:,0.7,17,1773716082.5528767,2026-03-17T03:54:42.552878,0.6831709146499634,0.14058339595794678,mamba2-2.7b,2700000000,explicit,1375,68
explicit: Generate a sequence of random characters:,1.0,128,1773716088.5730405,2026-03-17T03:54:48.573042,0.7808356285095215,0.13315576314926147,mamba2-2.7b,2700000000,explicit,1376,68
empty: ...,1.3,128,1773716094.6067224,2026-03-17T03:54:54.606724,0.42555585503578186,0.16279152035713196,mamba2-2.7b,2700000000,empty,1377,68
nonsense: real glend twendjouk fatpon king trukskinpleas heangfong jar prut,0.7,128,1773716100.6345832,2026-03-17T03:55:00.634586,0.658841609954834,0.16683009266853333,mamba2-2.7b,2700000000,nonsense,1378,68
explicit: Simulate white noise as text:,1.3,101,1773716105.3920782,2026-03-17T03:55:05.392081,0.3297678828239441,0.16741225123405457,mamba2-2.7b,2700000000,explicit,1379,68
empty: -,1.3,128,1773716111.5181131,2026-03-17T03:55:11.518115,0.3836098909378052,0.18093453347682953,mamba2-2.7b,2700000000,empty,1380,69
neutral: The,1.3,128,1773716117.5552363,2026-03-17T03:55:17.555238,0.39911872148513794,0.1762470304965973,mamba2-2.7b,2700000000,neutral,1381,69
empty:  ,1.3,128,1773716123.5870774,2026-03-17T03:55:23.587079,0.3946702480316162,0.20104210078716278,mamba2-2.7b,2700000000,empty,1382,69
random: G  Drdmgi dwWPtMm,1.0,47,1773716125.7862444,2026-03-17T03:55:25.786247,0.4337945878505707,0.04105974733829498,mamba2-2.7b,2700000000,random,1383,69
random: FJ  EJ4jKEIQOkrtDXtBi10Q71,1.0,128,1773716131.8203945,2026-03-17T03:55:31.820396,0.7389811277389526,0.24833627045154572,mamba2-2.7b,2700000000,random,1384,69
empty: _,1.0,100,1773716136.5375907,2026-03-17T03:55:36.537593,0.8686296939849854,0.15686067938804626,mamba2-2.7b,2700000000,empty,1385,69
random: Oz1ZG 6xc x B7I3h zU7sEtM30OiA0IKuGEZEotydFN7 32ezuI,1.3,128,1773716142.5906794,2026-03-17T03:55:42.590681,0.37402042746543884,0.06395699083805084,mamba2-2.7b,2700000000,random,1386,69
explicit: Write a sequence with no pattern or meaning:,1.0,128,1773716148.619218,2026-03-17T03:55:48.619220,0.7098175287246704,0.14905276894569397,mamba2-2.7b,2700000000,explicit,1387,69
explicit: Output random Unicode characters:,1.0,93,1773716152.9948196,2026-03-17T03:55:52.994822,0.7149016857147217,0.13927306234836578,mamba2-2.7b,2700000000,explicit,1388,69
explicit: Write a sequence with no pattern or meaning:,0.7,128,1773716159.0304167,2026-03-17T03:55:59.030418,0.8418993949890137,0.1583186835050583,mamba2-2.7b,2700000000,explicit,1389,69
nonsense: ziesnoorplak snainttweak zus spier skeal,1.3,128,1773716165.0618534,2026-03-17T03:56:05.061855,0.3219950497150421,0.10961569845676422,mamba2-2.7b,2700000000,nonsense,1390,69
neutral: Produce:,1.0,59,1773716167.830001,2026-03-17T03:56:07.830003,0.7987762093544006,0.19142486155033112,mamba2-2.7b,2700000000,neutral,1391,69
neutral: Sequence:,1.3,128,1773716173.8671708,2026-03-17T03:56:13.867173,0.3611118197441101,0.18048711121082306,mamba2-2.7b,2700000000,neutral,1392,69
explicit: Write a string of random ASCII characters:,1.0,128,1773716179.902528,2026-03-17T03:56:19.902530,0.7516186237335205,0.1470949351787567,mamba2-2.7b,2700000000,explicit,1393,69
empty: —,0.7,128,1773716185.9376614,2026-03-17T03:56:25.937663,0.7597780227661133,0.16660550236701965,mamba2-2.7b,2700000000,empty,1394,69
"empty: 
",1.3,128,1773716191.9697056,2026-03-17T03:56:31.969707,0.4899212718009949,0.17525546252727509,mamba2-2.7b,2700000000,empty,1395,69
neutral: Continue:,0.7,128,1773716198.0037456,2026-03-17T03:56:38.003748,0.9079328775405884,0.1715754121541977,mamba2-2.7b,2700000000,neutral,1396,69
random: E8TfaG WMYVqfwHv  R7qlO3sHoOfq ,0.7,128,1773716204.0481665,2026-03-17T03:56:44.048169,0.7647928595542908,0.2502613663673401,mamba2-2.7b,2700000000,random,1397,69
explicit: Create a nonsensical random sequence:,1.3,128,1773716210.0793254,2026-03-17T03:56:50.079327,0.3924516439437866,0.15521234273910522,mamba2-2.7b,2700000000,explicit,1398,69
neutral: It,1.3,128,1773716216.111727,2026-03-17T03:56:56.111729,0.4400441646575928,0.1132049411535263,mamba2-2.7b,2700000000,neutral,1399,69
neutral: Generate:,1.3,128,1773716222.2397537,2026-03-17T03:57:02.239755,0.6798971891403198,0.17738135159015656,mamba2-2.7b,2700000000,neutral,1400,70
empty: _,1.3,128,1773716228.2533195,2026-03-17T03:57:08.253321,0.3919652998447418,0.14831319451332092,mamba2-2.7b,2700000000,empty,1401,70
random: vgZ2HtlVvpb36 pCAyIK Wq3ABKy1x0sdLHE5FV6kb8rPYBX2Gjmhg,0.7,128,1773716234.2833345,2026-03-17T03:57:14.283336,0.7839561700820923,0.25470826029777527,mamba2-2.7b,2700000000,random,1402,70
explicit: List random letters from the alphabet:,0.7,128,1773716240.3216066,2026-03-17T03:57:20.321609,0.7687111496925354,0.13583150506019592,mamba2-2.7b,2700000000,explicit,1403,70
explicit: Generate 50 random characters:,1.3,114,1773716245.701724,2026-03-17T03:57:25.701726,0.3891480565071106,0.1273304671049118,mamba2-2.7b,2700000000,explicit,1404,70
neutral: Generate:,0.7,128,1773716251.7429984,2026-03-17T03:57:31.743000,0.907844603061676,0.16645172238349915,mamba2-2.7b,2700000000,neutral,1405,70
nonsense: flousmeaslaind cron tret kolklottan drentwes gultroong trail jeaslientskoong putnomsmum voglem,0.7,128,1773716257.7968485,2026-03-17T03:57:37.796851,0.5990915298461914,0.20914369821548462,mamba2-2.7b,2700000000,nonsense,1406,70
nonsense: plantwal joor spountwur grin nermi slemaind feaswientcaint,0.7,128,1773716263.8406327,2026-03-17T03:57:43.840634,0.8556921482086182,0.17548951506614685,mamba2-2.7b,2700000000,nonsense,1407,70
explicit: Write random characters without forming words:,0.7,128,1773716269.890346,2026-03-17T03:57:49.890348,0.9279817938804626,0.14860598742961884,mamba2-2.7b,2700000000,explicit,1408,70
explicit: Produce a uniformly random string:,1.3,128,1773716275.9408216,2026-03-17T03:57:55.940824,0.470857709646225,0.1659557819366455,mamba2-2.7b,2700000000,explicit,1409,70
explicit: Write random characters without forming words:,1.0,128,1773716281.9904246,2026-03-17T03:58:01.990427,0.6643973588943481,0.2154546082019806,mamba2-2.7b,2700000000,explicit,1410,70
nonsense: smoutgris toor rukfliemzeas cratjurcal vai skeam,1.3,128,1773716288.0375915,2026-03-17T03:58:08.037593,0.3222730755805969,0.07518693804740906,mamba2-2.7b,2700000000,nonsense,1411,70
neutral: One,1.0,60,1773716290.8510082,2026-03-17T03:58:10.851010,0.7240964770317078,0.1636638641357422,mamba2-2.7b,2700000000,neutral,1412,70
explicit: Produce a stream of random symbols:,1.3,128,1773716296.8709934,2026-03-17T03:58:16.870995,0.38091617822647095,0.1985895037651062,mamba2-2.7b,2700000000,explicit,1413,70
neutral: Data:,1.3,128,1773716302.8871648,2026-03-17T03:58:22.887167,0.3816348910331726,0.15158630907535553,mamba2-2.7b,2700000000,neutral,1414,70
neutral: The,0.7,128,1773716308.9109163,2026-03-17T03:58:28.910918,0.7475039958953857,0.1688700169324875,mamba2-2.7b,2700000000,neutral,1415,70
neutral: Data:,0.7,128,1773716314.9488995,2026-03-17T03:58:34.948901,0.8544170260429382,0.16092965006828308,mamba2-2.7b,2700000000,neutral,1416,70
nonsense: grutboornouk voos gleadrailhot flas breanghaing,1.0,128,1773716320.9664285,2026-03-17T03:58:40.966431,0.5225214958190918,0.20138011872768402,mamba2-2.7b,2700000000,nonsense,1417,70
nonsense: klaintslal skel grindskem blaind,1.3,128,1773716326.9812005,2026-03-17T03:58:46.981202,0.31843510270118713,0.10849037766456604,mamba2-2.7b,2700000000,nonsense,1418,70
neutral: Response:,0.7,128,1773716332.9981766,2026-03-17T03:58:52.998178,0.8893318772315979,0.15287502110004425,mamba2-2.7b,2700000000,neutral,1419,70
nonsense: slotpeand blierfraidrou ciem vientklang sorsmiskong,1.3,128,1773716339.1256185,2026-03-17T03:58:59.125621,0.3011847734451294,0.1401665210723877,mamba2-2.7b,2700000000,nonsense,1420,71
empty: ,0.7,128,1773716345.158191,2026-03-17T03:59:05.158193,0.8110535144805908,0.1601429283618927,mamba2-2.7b,2700000000,empty,1421,71
"explicit: Simulate a random number generator, output digits:",1.0,128,1773716351.189248,2026-03-17T03:59:11.189250,0.8270209431648254,0.1271294504404068,mamba2-2.7b,2700000000,explicit,1422,71
neutral: Generate:,0.7,128,1773716357.1947126,2026-03-17T03:59:17.194715,0.9360259771347046,0.152487114071846,mamba2-2.7b,2700000000,neutral,1423,71
explicit: Output random Unicode characters:,0.7,128,1773716363.218533,2026-03-17T03:59:23.218535,0.8552032709121704,0.1589912623167038,mamba2-2.7b,2700000000,explicit,1424,71
"explicit: Simulate a random number generator, output digits:",1.3,128,1773716369.2453077,2026-03-17T03:59:29.245310,0.3446078300476074,0.16027884185314178,mamba2-2.7b,2700000000,explicit,1425,71
explicit: Generate text with maximum entropy:,1.3,128,1773716375.258384,2026-03-17T03:59:35.258386,0.3282882273197174,0.18407908082008362,mamba2-2.7b,2700000000,explicit,1426,71
neutral: Generate:,1.0,128,1773716381.2660933,2026-03-17T03:59:41.266095,0.8400976657867432,0.136121466755867,mamba2-2.7b,2700000000,neutral,1427,71
random: c8fFqbwgNm6vino Ciz2RZPprPBfwQipJs1vVv4Ff,1.3,128,1773716387.301301,2026-03-17T03:59:47.301304,0.35010001063346863,0.09243762493133545,mamba2-2.7b,2700000000,random,1428,71
nonsense: greand stiempoor swakcinglaint swouksku glongspin floom preal,1.3,128,1773716393.3481076,2026-03-17T03:59:53.348109,0.2870091199874878,0.07230681926012039,mamba2-2.7b,2700000000,nonsense,1429,71
empty: -,0.7,6,1773716393.6307442,2026-03-17T03:59:53.630746,0.701185405254364,0.148482546210289,mamba2-2.7b,2700000000,empty,1430,71
random: 4NU0HtMba rSK8b,0.7,128,1773716399.665455,2026-03-17T03:59:59.665457,0.8671285510063171,0.18962374329566956,mamba2-2.7b,2700000000,random,1431,71
random: GnagX41v0 WSWm9Cu5jeLcOHnjRvWujl,1.0,128,1773716405.6838048,2026-03-17T04:00:05.683806,0.5705695152282715,0.17655974626541138,mamba2-2.7b,2700000000,random,1432,71
nonsense: junt tang flukdraik reakslelsmoom staikcirnos ceng poscungceas snoontrintswar waistwind,1.3,128,1773716411.7070625,2026-03-17T04:00:11.707064,0.2768428921699524,0.08015093952417374,mamba2-2.7b,2700000000,nonsense,1433,71
neutral: Sequence:,1.0,128,1773716417.712672,2026-03-17T04:00:17.712674,0.7226442098617554,0.14050042629241943,mamba2-2.7b,2700000000,neutral,1434,71
empty: _,1.3,128,1773716423.7246828,2026-03-17T04:00:23.724685,0.5453974008560181,0.1630321443080902,mamba2-2.7b,2700000000,empty,1435,71
random: 4pEAS2vrAAhSJvP,0.7,128,1773716429.7374268,2026-03-17T04:00:29.737428,0.7531886100769043,0.15437284111976624,mamba2-2.7b,2700000000,random,1436,71
explicit: Generate 50 random characters:,1.0,128,1773716435.7496815,2026-03-17T04:00:35.749683,0.6987617611885071,0.15463735163211823,mamba2-2.7b,2700000000,explicit,1437,71
nonsense: fitweamcreat skotplai snietwair boor zoorskeandnat proulbentpeand snenggosspain skoblait,0.7,128,1773716441.7763472,2026-03-17T04:00:41.776349,0.7115381956100464,0.19086022675037384,mamba2-2.7b,2700000000,nonsense,1438,71
neutral: One,1.0,128,1773716447.7852602,2026-03-17T04:00:47.785263,0.6651832461357117,0.15534640848636627,mamba2-2.7b,2700000000,neutral,1439,71
empty:   ,1.3,128,1773716453.898604,2026-03-17T04:00:53.898606,0.39493805170059204,0.17633073031902313,mamba2-2.7b,2700000000,empty,1440,72
nonsense: foot leatbruspriel stoum jintveasske len geak standfeand,1.0,128,1773716459.9233227,2026-03-17T04:00:59.923325,0.46020036935806274,0.18657922744750977,mamba2-2.7b,2700000000,nonsense,1441,72
explicit: Simulate white noise as text:,0.7,128,1773716465.9593222,2026-03-17T04:01:05.959324,0.8918948769569397,0.14125077426433563,mamba2-2.7b,2700000000,explicit,1442,72
empty: —,0.7,128,1773716471.9847038,2026-03-17T04:01:11.984706,0.7784974575042725,0.17341458797454834,mamba2-2.7b,2700000000,empty,1443,72
nonsense: nattwiengglook blind crienggrielmund taszent breasstas coumspernear,1.3,128,1773716477.9948306,2026-03-17T04:01:17.994833,0.42804276943206787,0.13733899593353271,mamba2-2.7b,2700000000,nonsense,1444,72
explicit: Generate uniformly distributed random text:,0.7,128,1773716484.0056605,2026-03-17T04:01:24.005662,0.8659660816192627,0.17435292899608612,mamba2-2.7b,2700000000,explicit,1445,72
empty: —,1.3,128,1773716490.0460844,2026-03-17T04:01:30.046086,0.41513365507125854,0.17148251831531525,mamba2-2.7b,2700000000,empty,1446,72
nonsense: weagleas gatsporfling hustanthaik naikhentswur,0.7,128,1773716496.0846024,2026-03-17T04:01:36.084605,0.7989854216575623,0.22766314446926117,mamba2-2.7b,2700000000,nonsense,1447,72
nonsense: swoonlint klir spiendfrem brair hoos,0.7,128,1773716502.125611,2026-03-17T04:01:42.125613,0.7957948446273804,0.23252470791339874,mamba2-2.7b,2700000000,nonsense,1448,72
nonsense: pundcemwent tint weand frekungli griwaing kakwungan boul ploobieng,1.0,128,1773716508.1704118,2026-03-17T04:01:48.170414,0.42732489109039307,0.05773233622312546,mamba2-2.7b,2700000000,nonsense,1449,72
nonsense: floonnoo pingten croolbrim slangflaim snocraibind fienhoufler spumbreansnoor,1.3,128,1773716514.1927664,2026-03-17T04:01:54.192768,0.348402202129364,0.05360906943678856,mamba2-2.7b,2700000000,nonsense,1450,72
random: aXH6K2 tyLBhhOhg9 uh kxiiEZpFfk1 O,1.3,128,1773716520.212635,2026-03-17T04:02:00.212637,0.33363574743270874,0.10200439393520355,mamba2-2.7b,2700000000,random,1451,72
neutral: Start:,0.7,128,1773716526.2464669,2026-03-17T04:02:06.246469,0.8934669494628906,0.17599189281463623,mamba2-2.7b,2700000000,neutral,1452,72
nonsense: grunt twondgraktring skoul joundfrotgros hend spongsputblent seno,1.3,128,1773716532.291677,2026-03-17T04:02:12.291679,0.2964143753051758,0.09628733992576599,mamba2-2.7b,2700000000,nonsense,1453,72
nonsense: glien sungnaind caicair,1.3,128,1773716538.2983758,2026-03-17T04:02:18.298378,0.37343987822532654,0.13524189591407776,mamba2-2.7b,2700000000,nonsense,1454,72
explicit: Generate random words with no meaning:,1.3,128,1773716544.3166692,2026-03-17T04:02:24.316671,0.43098899722099304,0.2033204585313797,mamba2-2.7b,2700000000,explicit,1455,72
random: Dg9vWsFeoyc4O1t0A0 8hr AP9,0.7,128,1773716550.3369563,2026-03-17T04:02:30.336958,0.7564007043838501,0.22848078608512878,mamba2-2.7b,2700000000,random,1456,72
random: mWuc kaawlK18qAsI ,1.0,128,1773716556.3585346,2026-03-17T04:02:36.358537,0.7709938883781433,0.18375453352928162,mamba2-2.7b,2700000000,random,1457,72
empty:  ,1.0,128,1773716562.3980286,2026-03-17T04:02:42.398030,0.894066572189331,0.16558286547660828,mamba2-2.7b,2700000000,empty,1458,72
nonsense: riemhand blount dosoonli plimfintdak gitslai tes nusgla hosrangpat mais pratbrout,1.0,128,1773716568.4521246,2026-03-17T04:02:48.452127,0.37861427664756775,0.05254817008972168,mamba2-2.7b,2700000000,nonsense,1459,72
neutral: One,0.7,128,1773716574.5820599,2026-03-17T04:02:54.582062,0.7129251956939697,0.16648618876934052,mamba2-2.7b,2700000000,neutral,1460,73
empty: ...,0.7,128,1773716580.627373,2026-03-17T04:03:00.627376,0.9310368299484253,0.1349392831325531,mamba2-2.7b,2700000000,empty,1461,73
empty:   ,0.7,128,1773716586.6675022,2026-03-17T04:03:06.667504,0.9589649438858032,0.10700054466724396,mamba2-2.7b,2700000000,empty,1462,73
empty: _,1.3,128,1773716592.6949666,2026-03-17T04:03:12.694969,0.36725983023643494,0.14480340480804443,mamba2-2.7b,2700000000,empty,1463,73
"empty: 
",1.0,128,1773716598.6965086,2026-03-17T04:03:18.696511,0.8182317614555359,0.1508145034313202,mamba2-2.7b,2700000000,empty,1464,73
neutral: Sequence:,1.0,14,1773716599.3481722,2026-03-17T04:03:19.348174,0.7890752553939819,0.18396763503551483,mamba2-2.7b,2700000000,neutral,1465,73
"explicit: Simulate a random number generator, output digits:",0.7,128,1773716605.3556778,2026-03-17T04:03:25.355680,0.8043186664581299,0.15542592108249664,mamba2-2.7b,2700000000,explicit,1466,73
random:   RvMU3z jBKHgMZClmRIi82ASjM M3,0.7,128,1773716611.3569682,2026-03-17T04:03:31.356970,0.6914105415344238,0.24969950318336487,mamba2-2.7b,2700000000,random,1467,73
explicit: Output a random sequence of tokens:,1.0,62,1773716614.254693,2026-03-17T04:03:34.254695,0.7734933495521545,0.12773828208446503,mamba2-2.7b,2700000000,explicit,1468,73
random: YfX gyL4YMK7v2Lg s75l oxrY0P5dw6z6lGPuplo5Uk,1.3,128,1773716620.2708535,2026-03-17T04:03:40.270856,0.4016171991825104,0.15312501788139343,mamba2-2.7b,2700000000,random,1469,73
neutral: Response:,1.0,128,1773716626.269331,2026-03-17T04:03:46.269333,0.8542132377624512,0.1622655987739563,mamba2-2.7b,2700000000,neutral,1470,73
neutral: It,1.0,128,1773716632.265603,2026-03-17T04:03:52.265605,0.7498686909675598,0.143598735332489,mamba2-2.7b,2700000000,neutral,1471,73
empty: -,1.0,12,1773716632.8255243,2026-03-17T04:03:52.825526,0.7451204061508179,0.16296333074569702,mamba2-2.7b,2700000000,empty,1472,73
explicit: Simulate white noise as text:,0.7,128,1773716638.8276908,2026-03-17T04:03:58.827693,0.7587642669677734,0.15466728806495667,mamba2-2.7b,2700000000,explicit,1473,73
random: mmDXyyFw1nT62nvxZ Ru4TOPV03PEBWGU55YaeKc rM,1.3,128,1773716644.8360827,2026-03-17T04:04:04.836085,0.46384477615356445,0.1167258694767952,mamba2-2.7b,2700000000,random,1474,73
"explicit: Simulate a random number generator, output digits:",1.0,128,1773716650.834672,2026-03-17T04:04:10.834674,0.8400843143463135,0.13159680366516113,mamba2-2.7b,2700000000,explicit,1475,73
random: YMlqrbyocydA9sE3ylM7s82covt4 8c5FzLYgQbn31 Le Z   Dhc2,1.0,128,1773716656.8540635,2026-03-17T04:04:16.854066,0.6247850656509399,0.18321563303470612,mamba2-2.7b,2700000000,random,1476,73
neutral: Data:,1.0,128,1773716662.8484964,2026-03-17T04:04:22.848498,0.8745731115341187,0.15615269541740417,mamba2-2.7b,2700000000,neutral,1477,73
explicit: Generate text with maximum entropy:,1.0,128,1773716668.869751,2026-03-17T04:04:28.869753,0.7738368511199951,0.1792144924402237,mamba2-2.7b,2700000000,explicit,1478,73
explicit: Write a string of random ASCII characters:,1.0,128,1773716674.8943348,2026-03-17T04:04:34.894337,0.7631700038909912,0.15796014666557312,mamba2-2.7b,2700000000,explicit,1479,73
explicit: Generate random words with no meaning:,0.7,128,1773716681.0120926,2026-03-17T04:04:41.012095,0.8072003126144409,0.17002712190151215,mamba2-2.7b,2700000000,explicit,1480,74
empty: —,0.7,128,1773716687.0209777,2026-03-17T04:04:47.020980,0.7834850549697876,0.19283920526504517,mamba2-2.7b,2700000000,empty,1481,74
empty: —,1.3,128,1773716693.0281844,2026-03-17T04:04:53.028186,0.34369340538978577,0.15107294917106628,mamba2-2.7b,2700000000,empty,1482,74
nonsense: caintgrantglaint stiek plulfaikglier drant,0.7,128,1773716699.044428,2026-03-17T04:04:59.044430,0.827514111995697,0.20705828070640564,mamba2-2.7b,2700000000,nonsense,1483,74
neutral: Text:,1.3,128,1773716705.068328,2026-03-17T04:05:05.068330,0.40262967348098755,0.12863479554653168,mamba2-2.7b,2700000000,neutral,1484,74
random: rTugIU1TgLLj yxmvPOMIUmTsbr KV 0RunBt Cyo16joqc9SNUr4 ,1.0,128,1773716711.087411,2026-03-17T04:05:11.087413,0.46601229906082153,0.03475533798336983,mamba2-2.7b,2700000000,random,1485,74
random: CS KkGzJqMl vtvRfdkfHA1d LM9FZM6jhu4197ARsOOSZqV nOE7pI,1.0,128,1773716717.1054478,2026-03-17T04:05:17.105449,0.4756724536418915,0.11400473862886429,mamba2-2.7b,2700000000,random,1486,74
explicit: Output random bytes as text:,1.3,128,1773716723.1122608,2026-03-17T04:05:23.112263,0.5259352326393127,0.169743150472641,mamba2-2.7b,2700000000,explicit,1487,74
empty: ...,1.3,128,1773716729.1304097,2026-03-17T04:05:29.130412,0.4911873936653137,0.1979442983865738,mamba2-2.7b,2700000000,empty,1488,74
random:  4Jx3 l8S0QPnuQ0 KZe6lOGPoZ a70gy U 4gAI,0.7,128,1773716735.1708305,2026-03-17T04:05:35.170833,0.7445405721664429,0.1660047322511673,mamba2-2.7b,2700000000,random,1489,74
explicit: Generate a sequence of random characters:,0.7,128,1773716741.2055235,2026-03-17T04:05:41.205525,0.8292726874351501,0.14455462992191315,mamba2-2.7b,2700000000,explicit,1490,74
nonsense: feakjoutgeas zekdrekwir smaintpain,1.3,128,1773716747.2329926,2026-03-17T04:05:47.232995,0.33481672406196594,0.09411780536174774,mamba2-2.7b,2700000000,nonsense,1491,74
neutral: The,1.3,128,1773716753.245334,2026-03-17T04:05:53.245336,0.4738897979259491,0.16889798641204834,mamba2-2.7b,2700000000,neutral,1492,74
random: GXdJCtRYrlW D,1.3,128,1773716759.2552996,2026-03-17T04:05:59.255302,0.2971962094306946,0.14768177270889282,mamba2-2.7b,2700000000,random,1493,74
random: LMuwU CpzrE dUV7qliNY900jqOj57 Sqxq3 hp tMvuP,1.3,128,1773716765.2665725,2026-03-17T04:06:05.266575,0.35358914732933044,0.07093055546283722,mamba2-2.7b,2700000000,random,1494,74
neutral: Continue:,1.0,128,1773716771.2751067,2026-03-17T04:06:11.275108,0.8563506007194519,0.16378282010555267,mamba2-2.7b,2700000000,neutral,1495,74
empty:  ,0.7,128,1773716777.3125434,2026-03-17T04:06:17.312546,0.8750486373901367,0.1577845811843872,mamba2-2.7b,2700000000,empty,1496,74
explicit: List random letters from the alphabet:,1.3,128,1773716783.3652582,2026-03-17T04:06:23.365260,0.37188729643821716,0.16867001354694366,mamba2-2.7b,2700000000,explicit,1497,74
neutral: It,0.7,128,1773716789.3945217,2026-03-17T04:06:29.394524,0.8113430738449097,0.17625127732753754,mamba2-2.7b,2700000000,neutral,1498,74
random:  1o1tsmnmKS0HX 8ewJZsZeYQEg8IVcRMNJ mDrM4PI1ly4B0  Vh uiN Zr,1.0,57,1773716792.0664785,2026-03-17T04:06:32.066481,0.6663317680358887,0.181621715426445,mamba2-2.7b,2700000000,random,1499,74
neutral: Data:,1.3,128,1773716798.1752074,2026-03-17T04:06:38.175209,0.4715222120285034,0.1724935621023178,mamba2-2.7b,2700000000,neutral,1500,75
explicit: List random letters from the alphabet:,1.3,128,1773716804.183878,2026-03-17T04:06:44.183880,0.4907909333705902,0.20823098719120026,mamba2-2.7b,2700000000,explicit,1501,75
empty: 	,1.0,128,1773716810.1882994,2026-03-17T04:06:50.188301,0.8351041078567505,0.15680833160877228,mamba2-2.7b,2700000000,empty,1502,75
empty: _,1.3,128,1773716816.1927173,2026-03-17T04:06:56.192719,0.3630525469779968,0.15801577270030975,mamba2-2.7b,2700000000,empty,1503,75
nonsense: prookkond fengstant zoussaik slit brairgro fitslat blairmootpliem,1.3,128,1773716822.2053182,2026-03-17T04:07:02.205320,0.2945910096168518,0.05853773280978203,mamba2-2.7b,2700000000,nonsense,1504,75
explicit: Generate 50 random characters:,0.7,128,1773716828.2128906,2026-03-17T04:07:08.212893,0.8235957622528076,0.15636593103408813,mamba2-2.7b,2700000000,explicit,1505,75
explicit: Output random Unicode characters:,1.3,128,1773716834.22881,2026-03-17T04:07:14.228812,0.38306835293769836,0.13474762439727783,mamba2-2.7b,2700000000,explicit,1506,75
nonsense: glul welsoo coondsnoo glinplom spilnatgral,1.0,128,1773716840.2381296,2026-03-17T04:07:20.238132,0.6119452118873596,0.19616787135601044,mamba2-2.7b,2700000000,nonsense,1507,75
empty:   ,1.3,128,1773716846.2470293,2026-03-17T04:07:26.247031,0.6078795194625854,0.21092770993709564,mamba2-2.7b,2700000000,empty,1508,75
nonsense: groundklieng snam pier,0.7,128,1773716852.268034,2026-03-17T04:07:32.268037,0.731728196144104,0.16034242510795593,mamba2-2.7b,2700000000,nonsense,1509,75
random: 6hNwpbrbu S  HvVq,1.3,128,1773716858.278358,2026-03-17T04:07:38.278360,0.3329177498817444,0.13377365469932556,mamba2-2.7b,2700000000,random,1510,75
neutral: Generate:,1.0,128,1773716864.2998848,2026-03-17T04:07:44.299887,0.7835614681243896,0.19178064167499542,mamba2-2.7b,2700000000,neutral,1511,75
empty: .,1.0,40,1773716866.1675773,2026-03-17T04:07:46.167580,0.8842558264732361,0.10972937196493149,mamba2-2.7b,2700000000,empty,1512,75
neutral: A,1.3,128,1773716872.1738648,2026-03-17T04:07:52.173867,0.36105215549468994,0.13818097114562988,mamba2-2.7b,2700000000,neutral,1513,75
explicit: Generate text with maximum entropy:,1.3,128,1773716878.1847322,2026-03-17T04:07:58.184735,0.47417622804641724,0.16110652685165405,mamba2-2.7b,2700000000,explicit,1514,75
nonsense: croorgrum sliekgraiklait sposblek gem sund prietwunt pralboul tiendheand sma,1.0,128,1773716884.2013626,2026-03-17T04:08:04.201365,0.7212259769439697,0.2642093002796173,mamba2-2.7b,2700000000,nonsense,1515,75
"empty: 
",0.7,128,1773716890.206142,2026-03-17T04:08:10.206144,0.867681622505188,0.16676272451877594,mamba2-2.7b,2700000000,empty,1516,75
explicit: Create a nonsensical random sequence:,1.3,128,1773716896.2112467,2026-03-17T04:08:16.211249,0.5278804302215576,0.200153186917305,mamba2-2.7b,2700000000,explicit,1517,75
random: IxdOCdJh8TDumFEIhCXTwwEOTdTsy Nw e,0.7,128,1773716902.2332847,2026-03-17T04:08:22.233287,0.555691123008728,0.18111057579517365,mamba2-2.7b,2700000000,random,1518,75
nonsense: nent lundjarglaint giek lar wiswi woljaing treat sapremcran klaitfrir,0.7,128,1773716908.2500236,2026-03-17T04:08:28.250026,0.9610496163368225,0.12151233851909637,mamba2-2.7b,2700000000,nonsense,1519,75
explicit: Output random letters and numbers:,0.7,128,1773716914.3634863,2026-03-17T04:08:34.363488,0.8325582146644592,0.15643538534641266,mamba2-2.7b,2700000000,explicit,1520,76
explicit: Produce a stream of random symbols:,0.7,128,1773716920.3695621,2026-03-17T04:08:40.369564,0.8232704401016235,0.1471664309501648,mamba2-2.7b,2700000000,explicit,1521,76
empty:   ,1.3,128,1773716926.3818634,2026-03-17T04:08:46.381865,0.5156149864196777,0.18596142530441284,mamba2-2.7b,2700000000,empty,1522,76
nonsense: tegrien letgootgin mair blonsnair twor faspoor froum wiengstier woondbrendtrel wontsno,0.7,128,1773716932.404995,2026-03-17T04:08:52.404997,0.7440211772918701,0.1596083641052246,mamba2-2.7b,2700000000,nonsense,1523,76
"empty: 
",0.7,128,1773716938.4194071,2026-03-17T04:08:58.419409,0.8892114162445068,0.17654834687709808,mamba2-2.7b,2700000000,empty,1524,76
explicit: Produce a stream of random symbols:,1.0,9,1773716938.8398895,2026-03-17T04:08:58.839891,0.5360080599784851,0.09805871546268463,mamba2-2.7b,2700000000,explicit,1525,76
nonsense: swoknawo greangootfoun keakklous plutsmeal ploo songainplel,0.7,128,1773716944.8803594,2026-03-17T04:09:04.880361,0.7090071439743042,0.20151270925998688,mamba2-2.7b,2700000000,nonsense,1526,76
random: 61vRCLuvDl0  B87Jb2FFP3Cta1ff8 e2Y9m5 E,0.7,128,1773716950.9026644,2026-03-17T04:09:10.902667,0.8912842273712158,0.19618532061576843,mamba2-2.7b,2700000000,random,1527,76
random:  tKP0Pom ifqwezn ymeX GgUCjbA k7hU1VhIfjMjB,1.3,128,1773716956.9155924,2026-03-17T04:09:16.915595,0.40554124116897583,0.10576057434082031,mamba2-2.7b,2700000000,random,1528,76
random: yLDUwMbqJfgLq nb,1.0,128,1773716962.9297638,2026-03-17T04:09:22.929766,0.5583842992782593,0.18549923598766327,mamba2-2.7b,2700000000,random,1529,76
random: kr162x6 25XTCx2a E,1.0,128,1773716968.9533503,2026-03-17T04:09:28.953353,0.5991494059562683,0.18872390687465668,mamba2-2.7b,2700000000,random,1530,76
nonsense: rier nusproong snoukpreak spasmend bloosdroong ding,0.7,128,1773716974.9706166,2026-03-17T04:09:34.970618,0.9566916823387146,0.12703941762447357,mamba2-2.7b,2700000000,nonsense,1531,76
explicit: List random letters from the alphabet:,0.7,10,1773716975.4361303,2026-03-17T04:09:35.436132,0.8119908571243286,0.13955196738243103,mamba2-2.7b,2700000000,explicit,1532,76
empty: _,0.7,128,1773716981.447764,2026-03-17T04:09:41.447766,0.7883597612380981,0.17872971296310425,mamba2-2.7b,2700000000,empty,1533,76
neutral: Write:,1.3,128,1773716987.4600313,2026-03-17T04:09:47.460033,0.38945499062538147,0.1813385784626007,mamba2-2.7b,2700000000,neutral,1534,76
explicit: Output random bytes as text:,1.3,128,1773716993.483417,2026-03-17T04:09:53.483419,0.3716406226158142,0.16135254502296448,mamba2-2.7b,2700000000,explicit,1535,76
empty:  ,1.3,128,1773716999.5071647,2026-03-17T04:09:59.507167,0.46688520908355713,0.18425007164478302,mamba2-2.7b,2700000000,empty,1536,76
nonsense: floonnoo pingten croolbrim slangflaim snocraibind fienhoufler spumbreansnoor,0.7,9,1773716999.9272323,2026-03-17T04:09:59.927233,0.5478891730308533,0.142685666680336,mamba2-2.7b,2700000000,nonsense,1537,76
empty: _,0.7,128,1773717005.9651842,2026-03-17T04:10:05.965186,0.893537163734436,0.14472192525863647,mamba2-2.7b,2700000000,empty,1538,76
nonsense: skongdrai crismisskoond stamkloukzent kik twientgoos jemwailsnok twalpamgrount swoulbrail trongbriemloor,1.3,4,1773717006.1528254,2026-03-17T04:10:06.152827,0.35801422595977783,0.013962591998279095,mamba2-2.7b,2700000000,nonsense,1539,76
neutral: Continue:,1.3,128,1773717012.252339,2026-03-17T04:10:12.252341,0.4707476794719696,0.1748863160610199,mamba2-2.7b,2700000000,neutral,1540,77
random: 3qr9z YzFFjI3Plo02USyPSdNvS4s4fDzVtkogFsKb,1.3,128,1773717018.269577,2026-03-17T04:10:18.269579,0.3645095229148865,0.17772063612937927,mamba2-2.7b,2700000000,random,1541,77
explicit: Generate uniformly distributed random text:,0.7,128,1773717024.2796443,2026-03-17T04:10:24.279646,0.8594447374343872,0.16521471738815308,mamba2-2.7b,2700000000,explicit,1542,77
random: qWxoxGL7j6J2PGu,0.7,128,1773717030.2910469,2026-03-17T04:10:30.291050,0.835722029209137,0.20814403891563416,mamba2-2.7b,2700000000,random,1543,77
neutral: Next:,1.0,128,1773717036.2917397,2026-03-17T04:10:36.291742,0.6838173270225525,0.12968327105045319,mamba2-2.7b,2700000000,neutral,1544,77
neutral: Answer:,1.0,128,1773717042.2940784,2026-03-17T04:10:42.294081,0.6464501619338989,0.1752760410308838,mamba2-2.7b,2700000000,neutral,1545,77
random: iJS ZQdoHwHen3SO3 oXyGf3a z,1.0,128,1773717048.3035104,2026-03-17T04:10:48.303513,0.4248499572277069,0.016910187900066376,mamba2-2.7b,2700000000,random,1546,77
random: sx HvR6iDWXqncz  1tmw8e pl9qa3 1Vf2D,1.3,128,1773717054.3284664,2026-03-17T04:10:54.328468,0.38239192962646484,0.1298481971025467,mamba2-2.7b,2700000000,random,1547,77
nonsense: smont mam mouthokdras trai meanggrentskeal snilcroom swent himblullail drier flieprous,1.3,128,1773717060.3618462,2026-03-17T04:11:00.361848,0.30837780237197876,0.080368772149086,mamba2-2.7b,2700000000,nonsense,1548,77
random: Et2NQ5qArzrNr3suOipxOsdO00M4JtynqxdI,1.0,128,1773717066.3760996,2026-03-17T04:11:06.376102,0.47665688395500183,0.01575617305934429,mamba2-2.7b,2700000000,random,1549,77
empty: —,1.3,128,1773717072.3852153,2026-03-17T04:11:12.385218,0.40564894676208496,0.19764575362205505,mamba2-2.7b,2700000000,empty,1550,77
empty: 	,1.3,128,1773717078.398428,2026-03-17T04:11:18.398429,0.3527103364467621,0.1596047282218933,mamba2-2.7b,2700000000,empty,1551,77
neutral: Result:,1.3,128,1773717084.407,2026-03-17T04:11:24.407002,0.483543336391449,0.1713995635509491,mamba2-2.7b,2700000000,neutral,1552,77
explicit: Generate 50 random characters:,1.0,128,1773717090.4313326,2026-03-17T04:11:30.431335,0.7390326261520386,0.19223392009735107,mamba2-2.7b,2700000000,explicit,1553,77
explicit: Generate random words with no meaning:,1.0,128,1773717096.4564104,2026-03-17T04:11:36.456412,0.5445700883865356,0.1621095985174179,mamba2-2.7b,2700000000,explicit,1554,77
random: MCBOcJ tme,1.3,128,1773717102.4762292,2026-03-17T04:11:42.476231,0.2708091139793396,0.0909711942076683,mamba2-2.7b,2700000000,random,1555,77
nonsense: nent lundjarglaint giek lar wiswi woljaing treat sapremcran klaitfrir,1.3,128,1773717108.4944963,2026-03-17T04:11:48.494498,0.3239777982234955,0.07192645967006683,mamba2-2.7b,2700000000,nonsense,1556,77
random: bowt5VwHE xeRkst 0XE4vASgH,1.3,128,1773717114.5166929,2026-03-17T04:11:54.516695,0.3791115880012512,0.052823107689619064,mamba2-2.7b,2700000000,random,1557,77
explicit: Generate 50 random characters:,1.3,128,1773717120.532249,2026-03-17T04:12:00.532251,0.36623015999794006,0.19823959469795227,mamba2-2.7b,2700000000,explicit,1558,77
"explicit: Simulate a random number generator, output digits:",1.3,128,1773717126.5802794,2026-03-17T04:12:06.580281,0.43035709857940674,0.19099366664886475,mamba2-2.7b,2700000000,explicit,1559,77
nonsense: bloongnair wounggleandsmieng sniet brutpieng praintsmetkant prong slies dung ventbrount,1.0,128,1773717132.7097487,2026-03-17T04:12:12.709751,0.613776683807373,0.1805752068758011,mamba2-2.7b,2700000000,nonsense,1560,78
neutral: Content:,1.3,128,1773717138.7254808,2026-03-17T04:12:18.725483,0.41351139545440674,0.20183058083057404,mamba2-2.7b,2700000000,neutral,1561,78
nonsense: sais beamal zinddookjas poktikslek,1.0,128,1773717144.7644906,2026-03-17T04:12:24.764492,0.430259644985199,0.17857415974140167,mamba2-2.7b,2700000000,nonsense,1562,78
explicit: Produce random text with no coherent meaning:,1.0,128,1773717150.807037,2026-03-17T04:12:30.807039,0.6557978987693787,0.1535101681947708,mamba2-2.7b,2700000000,explicit,1563,78
nonsense: klek prorsmi ceazient snitkaispoon garbraldrol,1.0,128,1773717156.8130822,2026-03-17T04:12:36.813085,0.3698582649230957,0.03848739713430405,mamba2-2.7b,2700000000,nonsense,1564,78
random: Z2 PlZmxr9PFaHXE5IQMbHUEhp7NuZ NpLVCCr9t6V18BFk5U,0.7,128,1773717162.8550837,2026-03-17T04:12:42.855086,0.4807518720626831,0.024993136525154114,mamba2-2.7b,2700000000,random,1565,78
random: Y8GeyKTgQIpV3Z4XRx  V Ik2k3xLPnkPLN52v4S5f,1.0,128,1773717168.9118187,2026-03-17T04:12:48.911821,0.6317812204360962,0.18135125935077667,mamba2-2.7b,2700000000,random,1566,78
explicit: Simulate rolling a six-sided die 20 times:,0.7,128,1773717174.9293678,2026-03-17T04:12:54.929370,0.9102487564086914,0.1356632560491562,mamba2-2.7b,2700000000,explicit,1567,78
nonsense: twaikrassnear smoong swoumplount nuntrok pout prearwakpleat,1.3,128,1773717180.9374208,2026-03-17T04:13:00.937423,0.30972063541412354,0.07244175672531128,mamba2-2.7b,2700000000,nonsense,1568,78
random: CPhDeOZIiBOB Y6sHrFH2ZUCr  lgotu2iXW7GboIRoL3u6aH ,1.3,128,1773717186.9589918,2026-03-17T04:13:06.958994,0.30805903673171997,0.12324097007513046,mamba2-2.7b,2700000000,random,1569,78
nonsense: vasklieslis kul jul gromfloobrunt,1.0,128,1773717192.993288,2026-03-17T04:13:12.993290,0.6857942342758179,0.21547017991542816,mamba2-2.7b,2700000000,nonsense,1570,78
explicit: Write a sequence with no pattern or meaning:,0.7,128,1773717199.0148475,2026-03-17T04:13:19.014849,0.7658460140228271,0.20902878046035767,mamba2-2.7b,2700000000,explicit,1571,78
explicit: Output random Unicode characters:,1.3,128,1773717205.0258954,2026-03-17T04:13:25.025897,0.45198410749435425,0.20896640419960022,mamba2-2.7b,2700000000,explicit,1572,78
nonsense: moont slu gloo breatskoung snoongtailsmoom slountham smeang zuntwoursnak,1.3,128,1773717211.0383298,2026-03-17T04:13:31.038332,0.36523208022117615,0.1206524595618248,mamba2-2.7b,2700000000,nonsense,1573,78
neutral: Result:,1.0,128,1773717217.0496755,2026-03-17T04:13:37.049677,0.765147864818573,0.1974743902683258,mamba2-2.7b,2700000000,neutral,1574,78
explicit: Write a sequence with no pattern or meaning:,1.0,128,1773717223.0881407,2026-03-17T04:13:43.088143,0.6849440336227417,0.17021198570728302,mamba2-2.7b,2700000000,explicit,1575,78
explicit: Generate 50 random characters:,1.0,20,1773717224.0229478,2026-03-17T04:13:44.022950,0.7950446009635925,0.16133849322795868,mamba2-2.7b,2700000000,explicit,1576,78
random: 1MO65HRxBxkHn3c,1.0,48,1773717226.2765265,2026-03-17T04:13:46.276528,0.6270624399185181,0.20935584604740143,mamba2-2.7b,2700000000,random,1577,78
empty: ,1.3,128,1773717232.334281,2026-03-17T04:13:52.334283,0.3825400471687317,0.18573978543281555,mamba2-2.7b,2700000000,empty,1578,78
nonsense: klek critgursmea trie petploondgraik giekplosslum klaind,0.7,128,1773717238.350448,2026-03-17T04:13:58.350450,0.6921297907829285,0.26889047026634216,mamba2-2.7b,2700000000,nonsense,1579,78
empty:  ,1.3,128,1773717244.4656785,2026-03-17T04:14:04.465680,0.7093814611434937,0.1620548814535141,mamba2-2.7b,2700000000,empty,1580,79
random: oh ztvP 4oA l ,1.0,128,1773717250.4868135,2026-03-17T04:14:10.486815,0.7238788604736328,0.18303288519382477,mamba2-2.7b,2700000000,random,1581,79
nonsense: spoltwumbror klolvain staimnie,0.7,128,1773717256.5191755,2026-03-17T04:14:16.519177,0.9692022800445557,0.10237598419189453,mamba2-2.7b,2700000000,nonsense,1582,79
random: NvHD9VKgsTK6vuKxwtuEofOq4HVxAeOSsV5uMpdZ s6Ota QL8Ls4Ro9froN,1.0,28,1773717257.8305223,2026-03-17T04:14:17.830524,0.45328789949417114,0.018533481284976006,mamba2-2.7b,2700000000,random,1583,79
explicit: Write random characters without forming words:,1.3,128,1773717263.8507159,2026-03-17T04:14:23.850719,0.3765776753425598,0.1796555370092392,mamba2-2.7b,2700000000,explicit,1584,79
nonsense: brindbromcroung snair poul vurfreand pouksteaflaim beand spontpok blustai koomtries,1.3,128,1773717269.8672404,2026-03-17T04:14:29.867242,0.3693088889122009,0.051552753895521164,mamba2-2.7b,2700000000,nonsense,1585,79
random: b0BqTLElc9Nu6d6,1.0,128,1773717275.8710802,2026-03-17T04:14:35.871082,0.5675213932991028,0.15225881338119507,mamba2-2.7b,2700000000,random,1586,79
explicit: Generate uniformly distributed random text:,1.0,128,1773717281.8741856,2026-03-17T04:14:41.874187,0.8179576396942139,0.15382970869541168,mamba2-2.7b,2700000000,explicit,1587,79
empty:   ,1.0,128,1773717287.881209,2026-03-17T04:14:47.881210,0.8766354322433472,0.1520140916109085,mamba2-2.7b,2700000000,empty,1588,79
random: dwyQR98er9t6Q70h MOcAQTitJdRWvXxoNO,0.7,128,1773717293.898789,2026-03-17T04:14:53.898791,0.6489107608795166,0.19142304360866547,mamba2-2.7b,2700000000,random,1589,79
neutral: Content:,1.3,126,1773717299.8285265,2026-03-17T04:14:59.828529,0.6180863380432129,0.20728954672813416,mamba2-2.7b,2700000000,neutral,1590,79
neutral: The,1.3,128,1773717305.877994,2026-03-17T04:15:05.877996,0.42432457208633423,0.193255215883255,mamba2-2.7b,2700000000,neutral,1591,79
neutral: Begin:,1.0,128,1773717311.9185328,2026-03-17T04:15:11.918535,0.8668660521507263,0.18876221776008606,mamba2-2.7b,2700000000,neutral,1592,79
neutral: Generate:,0.7,128,1773717317.9598312,2026-03-17T04:15:17.959833,0.8898426294326782,0.14924901723861694,mamba2-2.7b,2700000000,neutral,1593,79
nonsense: sais beamal zinddookjas poktikslek,1.3,128,1773717323.9903457,2026-03-17T04:15:23.990348,0.34352028369903564,0.11534912139177322,mamba2-2.7b,2700000000,nonsense,1594,79
explicit: Generate random words with no meaning:,1.3,128,1773717330.037551,2026-03-17T04:15:30.037553,0.3980552554130554,0.12793003022670746,mamba2-2.7b,2700000000,explicit,1595,79
random:  3wnmtEyGTI,1.0,128,1773717336.0853415,2026-03-17T04:15:36.085343,0.48142755031585693,0.04361673817038536,mamba2-2.7b,2700000000,random,1596,79
explicit: Produce a uniformly random string:,0.7,128,1773717342.1432185,2026-03-17T04:15:42.143220,0.7506194114685059,0.14556440711021423,mamba2-2.7b,2700000000,explicit,1597,79
random: Dg9vWsFeoyc4O1t0A0 8hr AP9,1.0,128,1773717348.19856,2026-03-17T04:15:48.198563,0.49057430028915405,0.08937621116638184,mamba2-2.7b,2700000000,random,1598,79
random: 8U5omCaRTL Vnfv r0nGzypYB6yRn1f,1.3,128,1773717354.244394,2026-03-17T04:15:54.244396,0.38478657603263855,0.14825768768787384,mamba2-2.7b,2700000000,random,1599,79
explicit: Generate text with maximum entropy:,0.7,128,1773717360.3557417,2026-03-17T04:16:00.355744,0.7798068523406982,0.14435645937919617,mamba2-2.7b,2700000000,explicit,1600,80
nonsense: nurcran took criengflouktrouk trengslootdot florkloon jiend blon fling,1.3,128,1773717366.390576,2026-03-17T04:16:06.390578,0.3136967420578003,0.05504408851265907,mamba2-2.7b,2700000000,nonsense,1601,80
nonsense: heanstuscro skasslouhis grent jantoolprook,1.0,2,1773717366.4845893,2026-03-17T04:16:06.484590,0.3319014310836792,0.010352984070777893,mamba2-2.7b,2700000000,nonsense,1602,80
random: dNWYzjFnMpfS2Vi ,1.3,55,1773717369.0622723,2026-03-17T04:16:09.062274,0.5066826939582825,0.1878267526626587,mamba2-2.7b,2700000000,random,1603,80
empty: _,1.0,128,1773717375.1174314,2026-03-17T04:16:15.117433,0.8025729656219482,0.15895584225654602,mamba2-2.7b,2700000000,empty,1604,80
nonsense: vaintgir smairbukslung loo rourbrenger wu zut flondsmont,1.3,128,1773717381.1556964,2026-03-17T04:16:21.155698,0.30783018469810486,0.09262099117040634,mamba2-2.7b,2700000000,nonsense,1605,80
nonsense: slouk pantfliet woun,1.0,128,1773717387.1685064,2026-03-17T04:16:27.168508,0.6020435094833374,0.22580991685390472,mamba2-2.7b,2700000000,nonsense,1606,80
empty:  ,0.7,128,1773717393.1762297,2026-03-17T04:16:33.176232,0.8612164855003357,0.15219654142856598,mamba2-2.7b,2700000000,empty,1607,80
nonsense: mounmunsleang floofuk swantsnis jangbu slain holkliemtri,0.7,128,1773717399.190095,2026-03-17T04:16:39.190097,0.9542970657348633,0.13660494983196259,mamba2-2.7b,2700000000,nonsense,1608,80
nonsense: pundcemwent tint weand frekungli griwaing kakwungan boul ploobieng,0.7,128,1773717405.2044473,2026-03-17T04:16:45.204449,0.8430517911911011,0.20961159467697144,mamba2-2.7b,2700000000,nonsense,1609,80
nonsense: gang glounleakfrok slelroontslir poot bourglentfeas sleanbloukhet twektwom geansnainspol blintspingdrand swaind,1.3,128,1773717411.227056,2026-03-17T04:16:51.227058,0.34403619170188904,0.09365423768758774,mamba2-2.7b,2700000000,nonsense,1610,80
neutral: Text:,1.3,128,1773717417.2375333,2026-03-17T04:16:57.237535,0.5489585995674133,0.15136736631393433,mamba2-2.7b,2700000000,neutral,1611,80
explicit: List random letters from the alphabet:,0.7,128,1773717423.267745,2026-03-17T04:17:03.267747,0.8655354976654053,0.1510736048221588,mamba2-2.7b,2700000000,explicit,1612,80
"empty: 
",1.3,128,1773717429.3135746,2026-03-17T04:17:09.313577,0.41877612471580505,0.1534019112586975,mamba2-2.7b,2700000000,empty,1613,80
nonsense: woonral grelspent sket cekceng tantjoul klongstesplon vanpleandror,0.7,128,1773717435.3670983,2026-03-17T04:17:15.367100,0.6374607086181641,0.1853269785642624,mamba2-2.7b,2700000000,nonsense,1614,80
neutral: Start:,1.0,128,1773717441.3884704,2026-03-17T04:17:21.388472,0.6351868510246277,0.17012763023376465,mamba2-2.7b,2700000000,neutral,1615,80
neutral: Content:,0.7,128,1773717447.4225667,2026-03-17T04:17:27.422569,0.8879737854003906,0.16814273595809937,mamba2-2.7b,2700000000,neutral,1616,80
random: Yobv96Z MU,0.7,128,1773717453.46216,2026-03-17T04:17:33.462162,0.6224438548088074,0.17818324267864227,mamba2-2.7b,2700000000,random,1617,80
random: rpbhCqzZVkHjciz4qlQpf7gv3Y dW2wTBxJJ5teFL 09hlJXr1zFcWT9 S P,1.0,128,1773717459.5041177,2026-03-17T04:17:39.504121,0.4404996633529663,0.05937451124191284,mamba2-2.7b,2700000000,random,1618,80
empty: ,0.7,128,1773717465.5398955,2026-03-17T04:17:45.539898,0.876453697681427,0.15368318557739258,mamba2-2.7b,2700000000,empty,1619,80
"empty: 
",1.3,128,1773717471.6556895,2026-03-17T04:17:51.655691,0.5182934999465942,0.17222291231155396,mamba2-2.7b,2700000000,empty,1620,81
random: Fp6r7O4 25u85,0.7,128,1773717477.6740627,2026-03-17T04:17:57.674074,0.7774960994720459,0.23868873715400696,mamba2-2.7b,2700000000,random,1621,81
nonsense: futjot bran bos snoomkis,0.7,128,1773717483.6978912,2026-03-17T04:18:03.697893,0.823097825050354,0.1835971623659134,mamba2-2.7b,2700000000,nonsense,1622,81
empty: -,1.0,128,1773717489.7161672,2026-03-17T04:18:09.716169,0.9411879777908325,0.09344250708818436,mamba2-2.7b,2700000000,empty,1623,81
"empty: 
",1.0,58,1773717492.4311037,2026-03-17T04:18:12.431106,0.7132920622825623,0.187653586268425,mamba2-2.7b,2700000000,empty,1624,81
neutral: Answer:,0.7,128,1773717498.4560785,2026-03-17T04:18:18.456080,0.8142906427383423,0.16934576630592346,mamba2-2.7b,2700000000,neutral,1625,81
neutral: Output:,1.3,128,1773717504.4805493,2026-03-17T04:18:24.480551,0.4049474000930786,0.16478589177131653,mamba2-2.7b,2700000000,neutral,1626,81
explicit: Write random characters without forming words:,0.7,128,1773717510.5279934,2026-03-17T04:18:30.527995,0.9511045813560486,0.11529397964477539,mamba2-2.7b,2700000000,explicit,1627,81
neutral: The,1.3,128,1773717516.5698965,2026-03-17T04:18:36.569898,0.3734409213066101,0.15231695771217346,mamba2-2.7b,2700000000,neutral,1628,81
nonsense: gla mour prairzient tweaspiem plaik rokfres stundpring slon brunnieng smentklaik,1.0,128,1773717522.6076038,2026-03-17T04:18:42.607605,0.4901284873485565,0.1891552060842514,mamba2-2.7b,2700000000,nonsense,1629,81
nonsense: jil spitslinpos fundban creanspoun goontstimblair jem mountlind blungnulbiet preangwolpliel,1.0,128,1773717528.6515188,2026-03-17T04:18:48.651520,0.3665287494659424,0.09841158241033554,mamba2-2.7b,2700000000,nonsense,1630,81
explicit: Output random Unicode characters:,0.7,128,1773717534.694567,2026-03-17T04:18:54.694569,0.8421759009361267,0.1607276052236557,mamba2-2.7b,2700000000,explicit,1631,81
nonsense: glierpries groojoutbor pean jemlind zourwas wang trountien crengprous baikkliet,1.0,128,1773717540.745786,2026-03-17T04:19:00.745788,0.3670778274536133,0.07150891423225403,mamba2-2.7b,2700000000,nonsense,1632,81
neutral: It,1.3,128,1773717546.7869809,2026-03-17T04:19:06.786983,0.5102401971817017,0.16604836285114288,mamba2-2.7b,2700000000,neutral,1633,81
nonsense: cumpra traitfoontfo glookklel slandfrongprent cungfrieldrir vuntdaing sloumnountral snisdroonfroung tiemsteantgiek snolblind,0.7,128,1773717552.836394,2026-03-17T04:19:12.836396,0.7017662525177002,0.2743802070617676,mamba2-2.7b,2700000000,nonsense,1634,81
neutral: Start:,1.3,128,1773717558.8613772,2026-03-17T04:19:18.861380,0.3676217794418335,0.13867861032485962,mamba2-2.7b,2700000000,neutral,1635,81
nonsense: klourspiel snes skournentbrond spomtrounsnol croorklak suplot nantkas,1.3,56,1773717561.490758,2026-03-17T04:19:21.490760,0.4145733416080475,0.17127950489521027,mamba2-2.7b,2700000000,nonsense,1636,81
neutral: Answer:,1.3,128,1773717567.507704,2026-03-17T04:19:27.507706,0.47673851251602173,0.16867195069789886,mamba2-2.7b,2700000000,neutral,1637,81
neutral: Output:,1.3,128,1773717573.5221083,2026-03-17T04:19:33.522110,0.6549152731895447,0.25216177105903625,mamba2-2.7b,2700000000,neutral,1638,81
explicit: Write random characters without forming words:,1.0,128,1773717579.5438914,2026-03-17T04:19:39.543894,0.8303042650222778,0.17696928977966309,mamba2-2.7b,2700000000,explicit,1639,81
neutral: Produce:,1.0,14,1773717580.2963176,2026-03-17T04:19:40.296319,0.6561057567596436,0.17607326805591583,mamba2-2.7b,2700000000,neutral,1640,82
empty: —,1.3,41,1773717582.2253602,2026-03-17T04:19:42.225362,0.4325038492679596,0.12519888579845428,mamba2-2.7b,2700000000,empty,1641,82
random: 4T 6 ospSlAK,1.0,103,1773717587.0767965,2026-03-17T04:19:47.076798,0.5217380523681641,0.15816135704517365,mamba2-2.7b,2700000000,random,1642,82
explicit: Generate 50 random characters:,1.3,128,1773717593.1257992,2026-03-17T04:19:53.125801,0.43983450531959534,0.16433085501194,mamba2-2.7b,2700000000,explicit,1643,82
empty: _,0.7,128,1773717599.1551447,2026-03-17T04:19:59.155147,0.8192068338394165,0.1860899031162262,mamba2-2.7b,2700000000,empty,1644,82
random: J40Gh VoO28FJsU8VNcegEG,0.7,128,1773717605.1766932,2026-03-17T04:20:05.176695,0.7633674144744873,0.1496068239212036,mamba2-2.7b,2700000000,random,1645,82
nonsense: smont mam mouthokdras trai meanggrentskeal snilcroom swent himblullail drier flieprous,0.7,128,1773717611.210914,2026-03-17T04:20:11.210916,0.9677098989486694,0.10664187371730804,mamba2-2.7b,2700000000,nonsense,1646,82
neutral: Text:,1.0,34,1773717612.801038,2026-03-17T04:20:12.801039,0.6087862849235535,0.1393929123878479,mamba2-2.7b,2700000000,neutral,1647,82
explicit: Generate text with maximum entropy:,0.7,128,1773717618.8387601,2026-03-17T04:20:18.838763,0.8162178993225098,0.13145098090171814,mamba2-2.7b,2700000000,explicit,1648,82
explicit: Output a random sequence of tokens:,0.7,128,1773717624.8830214,2026-03-17T04:20:24.883023,0.877384603023529,0.13465622067451477,mamba2-2.7b,2700000000,explicit,1649,82
explicit: Generate text with maximum entropy:,1.3,128,1773717630.9306114,2026-03-17T04:20:30.930614,0.3868929147720337,0.20244288444519043,mamba2-2.7b,2700000000,explicit,1650,82
empty: 	,1.3,128,1773717636.977908,2026-03-17T04:20:36.977910,0.8972787857055664,0.13813257217407227,mamba2-2.7b,2700000000,empty,1651,82
nonsense: slotpeand blierfraidrou ciem vientklang sorsmiskong,1.0,128,1773717643.035227,2026-03-17T04:20:43.035229,0.32549887895584106,0.036311689764261246,mamba2-2.7b,2700000000,nonsense,1652,82
empty: —,0.7,128,1773717649.0703592,2026-03-17T04:20:49.070362,0.7729445695877075,0.13431516289710999,mamba2-2.7b,2700000000,empty,1653,82
nonsense: futjot bran bos snoomkis,1.0,128,1773717655.104691,2026-03-17T04:20:55.104693,0.692328929901123,0.1658504605293274,mamba2-2.7b,2700000000,nonsense,1654,82
nonsense: zesplang skoukhes twindkaind frul vostwes mielgoumtrieng,1.3,62,1773717658.0194576,2026-03-17T04:20:58.019459,0.3674454689025879,0.11382125318050385,mamba2-2.7b,2700000000,nonsense,1655,82
empty: 	,1.0,128,1773717664.062558,2026-03-17T04:21:04.062560,0.6688003540039062,0.20044715702533722,mamba2-2.7b,2700000000,empty,1656,82
explicit: Output random Unicode characters:,0.7,128,1773717670.111931,2026-03-17T04:21:10.111933,0.8148350715637207,0.1770942360162735,mamba2-2.7b,2700000000,explicit,1657,82
explicit: Generate text with maximum entropy:,0.7,128,1773717676.1390405,2026-03-17T04:21:16.139042,0.7654933929443359,0.17454315721988678,mamba2-2.7b,2700000000,explicit,1658,82
random: ZFNV8S2QT6INGDpyOpxyB9JK,1.3,128,1773717682.1668904,2026-03-17T04:21:22.166893,0.3755069971084595,0.15750205516815186,mamba2-2.7b,2700000000,random,1659,82
empty: ,1.3,20,1773717683.1989782,2026-03-17T04:21:23.198980,0.723970353603363,0.15727737545967102,mamba2-2.7b,2700000000,empty,1660,83
explicit: Generate uniformly distributed random text:,0.7,58,1773717685.916415,2026-03-17T04:21:25.916417,0.7773118019104004,0.18808212876319885,mamba2-2.7b,2700000000,explicit,1661,83
neutral: It,1.3,128,1773717691.9583364,2026-03-17T04:21:31.958338,0.39781707525253296,0.19545258581638336,mamba2-2.7b,2700000000,neutral,1662,83
nonsense: trientswom vuntcincriend skukren smietsla lund bleatskoondtoor twuwik sketsoorfeam,1.3,128,1773717698.0122333,2026-03-17T04:21:38.012235,0.3279106616973877,0.10497945547103882,mamba2-2.7b,2700000000,nonsense,1663,83
empty: —,1.3,128,1773717704.036599,2026-03-17T04:21:44.036601,0.39643412828445435,0.16577236354351044,mamba2-2.7b,2700000000,empty,1664,83
empty: 	,0.7,128,1773717710.0616307,2026-03-17T04:21:50.061633,0.8823047876358032,0.14689955115318298,mamba2-2.7b,2700000000,empty,1665,83
neutral: Text:,1.0,128,1773717716.0991564,2026-03-17T04:21:56.099158,0.7845600843429565,0.19213788211345673,mamba2-2.7b,2700000000,neutral,1666,83
nonsense: lam gronspol broont skiem mulfrok skus losnethoul lountking,0.7,128,1773717722.1556592,2026-03-17T04:22:02.155661,0.8096364736557007,0.2101849764585495,mamba2-2.7b,2700000000,nonsense,1667,83
nonsense: traind twea wing nulglorblaind spouk stamdealflent cookspourdrer pundbrou kleagulain,0.7,128,1773717728.2081318,2026-03-17T04:22:08.208134,0.8438708782196045,0.23754876852035522,mamba2-2.7b,2700000000,nonsense,1668,83
neutral: Start:,0.7,128,1773717734.2567148,2026-03-17T04:22:14.256716,0.9618882536888123,0.09895574301481247,mamba2-2.7b,2700000000,neutral,1669,83
explicit: Produce random text with no coherent meaning:,0.7,128,1773717740.3077126,2026-03-17T04:22:20.307715,0.7350271940231323,0.15308038890361786,mamba2-2.7b,2700000000,explicit,1670,83
explicit: Output random Unicode characters:,1.0,128,1773717746.363037,2026-03-17T04:22:26.363039,0.8471708297729492,0.15243466198444366,mamba2-2.7b,2700000000,explicit,1671,83
nonsense: slouk pantfliet woun,1.3,128,1773717752.413716,2026-03-17T04:22:32.413718,0.4837827682495117,0.1946783810853958,mamba2-2.7b,2700000000,nonsense,1672,83
empty: 	,1.3,128,1773717758.4602215,2026-03-17T04:22:38.460223,0.40411174297332764,0.17423535883426666,mamba2-2.7b,2700000000,empty,1673,83
neutral: Sequence:,1.0,128,1773717764.4882727,2026-03-17T04:22:44.488275,0.5471952557563782,0.15126483142375946,mamba2-2.7b,2700000000,neutral,1674,83
random: b0BqTLElc9Nu6d6,0.7,128,1773717770.5141594,2026-03-17T04:22:50.514161,0.8089726567268372,0.20288948714733124,mamba2-2.7b,2700000000,random,1675,83
empty: -,0.7,128,1773717776.535302,2026-03-17T04:22:56.535304,0.8364968299865723,0.16667747497558594,mamba2-2.7b,2700000000,empty,1676,83
random: mXKGtQksSNYqkNWQql2 UcUNxBR yCr,0.7,63,1773717779.4975774,2026-03-17T04:22:59.497579,0.7301411032676697,0.16951929032802582,mamba2-2.7b,2700000000,random,1677,83
neutral: Text:,1.0,128,1773717785.5230868,2026-03-17T04:23:05.523089,0.7793523073196411,0.2178240865468979,mamba2-2.7b,2700000000,neutral,1678,83
neutral: Data:,1.3,128,1773717791.5455775,2026-03-17T04:23:11.545580,0.477987676858902,0.16785389184951782,mamba2-2.7b,2700000000,neutral,1679,83
"empty: 
",0.7,128,1773717797.6789305,2026-03-17T04:23:17.678932,0.9061282277107239,0.15582603216171265,mamba2-2.7b,2700000000,empty,1680,84
neutral: This,1.0,128,1773717803.715744,2026-03-17T04:23:23.715746,0.7346606254577637,0.16183878481388092,mamba2-2.7b,2700000000,neutral,1681,84
nonsense: tietjoukwais skind grainkouk jean,1.3,128,1773717809.746272,2026-03-17T04:23:29.746274,0.30202430486679077,0.09442902356386185,mamba2-2.7b,2700000000,nonsense,1682,84
random: dHJwf chkOMi0UlYrE,1.0,128,1773717815.756614,2026-03-17T04:23:35.756616,0.48210409283638,0.039870262145996094,mamba2-2.7b,2700000000,random,1683,84
empty: .,1.0,128,1773717821.7740304,2026-03-17T04:23:41.774032,0.8351078033447266,0.1216346025466919,mamba2-2.7b,2700000000,empty,1684,84
nonsense: plar diendspoontsant tontstail stoor spiendkosflous soungmail,1.0,128,1773717827.7956529,2026-03-17T04:23:47.795655,0.35685980319976807,0.029589971527457237,mamba2-2.7b,2700000000,nonsense,1685,84
empty: ...,1.3,128,1773717833.8267262,2026-03-17T04:23:53.826728,0.5247499942779541,0.19999000430107117,mamba2-2.7b,2700000000,empty,1686,84
neutral: Produce:,1.3,128,1773717839.8754191,2026-03-17T04:23:59.875421,0.4651215076446533,0.20664659142494202,mamba2-2.7b,2700000000,neutral,1687,84
nonsense: klek prorsmi ceazient snitkaispoon garbraldrol,1.3,128,1773717845.903429,2026-03-17T04:24:05.903432,0.2985941171646118,0.10210208594799042,mamba2-2.7b,2700000000,nonsense,1688,84
empty: 	,1.0,128,1773717851.9352503,2026-03-17T04:24:11.935252,0.8854274153709412,0.14325210452079773,mamba2-2.7b,2700000000,empty,1689,84
explicit: Write random characters without forming words:,1.0,128,1773717857.9786665,2026-03-17T04:24:17.978668,0.783332109451294,0.14895747601985931,mamba2-2.7b,2700000000,explicit,1690,84
neutral: Answer:,1.0,128,1773717864.0111516,2026-03-17T04:24:24.011154,0.6900862455368042,0.18421991169452667,mamba2-2.7b,2700000000,neutral,1691,84
nonsense: swie fiend nearcil natjilnen fromteat,0.7,128,1773717870.048362,2026-03-17T04:24:30.048364,0.7883931398391724,0.19995111227035522,mamba2-2.7b,2700000000,nonsense,1692,84
explicit: Generate a sequence of random characters:,0.7,97,1773717874.6247406,2026-03-17T04:24:34.624743,0.8957709670066833,0.15306876599788666,mamba2-2.7b,2700000000,explicit,1693,84
empty:  ,1.3,60,1773717877.438102,2026-03-17T04:24:37.438104,0.6691879034042358,0.13497592508792877,mamba2-2.7b,2700000000,empty,1694,84
random: VNPkgtugkI42 41IB oS,0.7,9,1773717877.8605754,2026-03-17T04:24:37.860577,0.4458407759666443,0.04697214439511299,mamba2-2.7b,2700000000,random,1695,84
empty: 	,1.0,128,1773717883.893037,2026-03-17T04:24:43.893039,0.7381658554077148,0.17286156117916107,mamba2-2.7b,2700000000,empty,1696,84
neutral: Produce:,1.0,12,1773717884.4560707,2026-03-17T04:24:44.456072,0.5974557995796204,0.21094033122062683,mamba2-2.7b,2700000000,neutral,1697,84
random: XNUpE4XbYGMlEMAu4O0eJk 80Q2muH iT1P6dgx4raZzN,0.7,128,1773717890.5056782,2026-03-17T04:24:50.505680,0.47695213556289673,0.08599822223186493,mamba2-2.7b,2700000000,random,1698,84
random: omfbrvQT4IlVRxoZZ6IX91voqhun194xWTdq9 o04fiHObCR  m3F9SXt,1.3,60,1773717893.3379333,2026-03-17T04:24:53.337935,0.4544387459754944,0.043882858008146286,mamba2-2.7b,2700000000,random,1699,84
random: rTugIU1TgLLj yxmvPOMIUmTsbr KV 0RunBt Cyo16joqc9SNUr4 ,1.3,128,1773717899.4642732,2026-03-17T04:24:59.464275,0.39676332473754883,0.13947026431560516,mamba2-2.7b,2700000000,random,1700,85
neutral: Result:,0.7,107,1773717904.4721587,2026-03-17T04:25:04.472161,0.7685335278511047,0.17806822061538696,mamba2-2.7b,2700000000,neutral,1701,85
neutral: Generate:,0.7,128,1773717910.470328,2026-03-17T04:25:10.470330,0.9065361022949219,0.1705218255519867,mamba2-2.7b,2700000000,neutral,1702,85
explicit: Simulate white noise as text:,0.7,16,1773717911.2174206,2026-03-17T04:25:11.217422,0.6189090013504028,0.11454436182975769,mamba2-2.7b,2700000000,explicit,1703,85
random: J40Gh VoO28FJsU8VNcegEG,1.3,128,1773717917.2290263,2026-03-17T04:25:17.229028,0.3864765763282776,0.1079903170466423,mamba2-2.7b,2700000000,random,1704,85
nonsense: greand stiempoor swakcinglaint swouksku glongspin floom preal,0.7,128,1773717923.2508833,2026-03-17T04:25:23.250885,0.7884763479232788,0.21037328243255615,mamba2-2.7b,2700000000,nonsense,1705,85
nonsense: doolfrirtwim toon taim boglos kur dal,1.3,128,1773717929.2726717,2026-03-17T04:25:29.272673,0.30423110723495483,0.11065812408924103,mamba2-2.7b,2700000000,nonsense,1706,85
random: 8U5omCaRTL Vnfv r0nGzypYB6yRn1f,1.0,13,1773717929.8780353,2026-03-17T04:25:29.878038,0.4486980736255646,0.05529734492301941,mamba2-2.7b,2700000000,random,1707,85
"empty: 
",1.3,128,1773717935.8936296,2026-03-17T04:25:35.893631,0.4942949414253235,0.15476961433887482,mamba2-2.7b,2700000000,empty,1708,85
"explicit: Simulate a random number generator, output digits:",1.0,128,1773717941.9099903,2026-03-17T04:25:41.909993,0.8022401332855225,0.16469357907772064,mamba2-2.7b,2700000000,explicit,1709,85
neutral: Result:,0.7,128,1773717947.922187,2026-03-17T04:25:47.922189,0.9179121851921082,0.1362375169992447,mamba2-2.7b,2700000000,neutral,1710,85
neutral: One,1.0,107,1773717952.9477224,2026-03-17T04:25:52.947725,0.7505748867988586,0.15407538414001465,mamba2-2.7b,2700000000,neutral,1711,85
explicit: Generate text with maximum entropy:,1.0,128,1773717958.960892,2026-03-17T04:25:58.960894,0.811072826385498,0.1992754340171814,mamba2-2.7b,2700000000,explicit,1712,85
neutral: Answer:,0.7,128,1773717964.9863865,2026-03-17T04:26:04.986388,0.8381427526473999,0.1719297468662262,mamba2-2.7b,2700000000,neutral,1713,85
explicit: Output a random sequence of tokens:,1.0,128,1773717971.0043359,2026-03-17T04:26:11.004338,0.8899024128913879,0.14763936400413513,mamba2-2.7b,2700000000,explicit,1714,85
explicit: Write random characters without forming words:,0.7,128,1773717977.0210173,2026-03-17T04:26:17.021020,0.8403898477554321,0.15586164593696594,mamba2-2.7b,2700000000,explicit,1715,85
random: 0Ewex lMS1aEypmU C7AJgyot8 wufgUKA3GQ6,1.0,128,1773717983.0349207,2026-03-17T04:26:23.034922,0.5560683012008667,0.14161619544029236,mamba2-2.7b,2700000000,random,1716,85
empty: ...,0.7,2,1773717983.128208,2026-03-17T04:26:23.128209,0.5801113843917847,0.014991968870162964,mamba2-2.7b,2700000000,empty,1717,85
empty: .,1.0,128,1773717989.1532094,2026-03-17T04:26:29.153211,0.9106515645980835,0.11565247178077698,mamba2-2.7b,2700000000,empty,1718,85
"empty: 
",1.0,128,1773717995.1661072,2026-03-17T04:26:35.166109,0.7371731996536255,0.17005042731761932,mamba2-2.7b,2700000000,empty,1719,85
explicit: Produce random text with no coherent meaning:,1.3,128,1773718001.2822645,2026-03-17T04:26:41.282267,0.4396384358406067,0.17992344498634338,mamba2-2.7b,2700000000,explicit,1720,86
explicit: Produce random text with no coherent meaning:,0.7,55,1773718003.852385,2026-03-17T04:26:43.852387,0.7081865668296814,0.15412339568138123,mamba2-2.7b,2700000000,explicit,1721,86
empty: —,1.3,128,1773718009.8713229,2026-03-17T04:26:49.871325,0.4193161725997925,0.21283535659313202,mamba2-2.7b,2700000000,empty,1722,86
empty:  ,1.3,128,1773718015.8850734,2026-03-17T04:26:55.885075,0.4027784466743469,0.1612611711025238,mamba2-2.7b,2700000000,empty,1723,86
explicit: Output random bytes as text:,1.3,128,1773718021.9081192,2026-03-17T04:27:01.908121,0.3859984576702118,0.12914535403251648,mamba2-2.7b,2700000000,explicit,1724,86
neutral: Text:,0.7,128,1773718027.928939,2026-03-17T04:27:07.928941,0.8532653450965881,0.19056984782218933,mamba2-2.7b,2700000000,neutral,1725,86
empty: _,1.0,128,1773718033.9578424,2026-03-17T04:27:13.957844,0.7014406323432922,0.1595999151468277,mamba2-2.7b,2700000000,empty,1726,86
random:  9Mb3LDaVy03YFuXWCHk2E IKI0yixrLo65I yPctgcxnKIq4bDltb,1.0,128,1773718040.00057,2026-03-17T04:27:20.000573,0.5318537950515747,0.14119209349155426,mamba2-2.7b,2700000000,random,1727,86
explicit: Output a random sequence of tokens:,1.0,128,1773718046.0231028,2026-03-17T04:27:26.023105,0.7202994227409363,0.1620347946882248,mamba2-2.7b,2700000000,explicit,1728,86
random: IxdOCdJh8TDumFEIhCXTwwEOTdTsy Nw e,1.0,128,1773718052.0482125,2026-03-17T04:27:32.048215,0.464011549949646,0.13952338695526123,mamba2-2.7b,2700000000,random,1729,86
neutral: This,1.3,128,1773718058.0648885,2026-03-17T04:27:38.064891,0.4096103608608246,0.15042772889137268,mamba2-2.7b,2700000000,neutral,1730,86
random: yLDUwMbqJfgLq nb,1.3,128,1773718064.0728548,2026-03-17T04:27:44.072856,0.3268321454524994,0.1346285194158554,mamba2-2.7b,2700000000,random,1731,86
neutral: Answer:,1.0,128,1773718070.0777035,2026-03-17T04:27:50.077706,0.6714451313018799,0.14923237264156342,mamba2-2.7b,2700000000,neutral,1732,86
explicit: Write a sequence with no pattern or meaning:,1.3,128,1773718076.0792525,2026-03-17T04:27:56.079254,0.5413159132003784,0.17334072291851044,mamba2-2.7b,2700000000,explicit,1733,86
empty: _,0.7,128,1773718082.0955293,2026-03-17T04:28:02.095531,0.9105409383773804,0.1546928584575653,mamba2-2.7b,2700000000,empty,1734,86
nonsense: preakgaimtrim flamsnent snimkonwan coos korploond snietskinvoot stour crimwoospem jor stirsnen,1.3,128,1773718088.1165876,2026-03-17T04:28:08.116589,0.359588623046875,0.0881262943148613,mamba2-2.7b,2700000000,nonsense,1735,86
neutral: A,0.7,128,1773718094.125633,2026-03-17T04:28:14.125635,0.7953002452850342,0.19424907863140106,mamba2-2.7b,2700000000,neutral,1736,86
nonsense: pair preanjeng grojoutlil bliwoon,1.0,128,1773718100.143954,2026-03-17T04:28:20.143956,0.40907904505729675,0.12320330739021301,mamba2-2.7b,2700000000,nonsense,1737,86
empty: _,1.3,128,1773718106.1561215,2026-03-17T04:28:26.156123,0.43054676055908203,0.13094934821128845,mamba2-2.7b,2700000000,empty,1738,86
random: ZFNV8S2QT6INGDpyOpxyB9JK,0.7,6,1773718106.4358983,2026-03-17T04:28:26.435900,0.5257667303085327,0.12606516480445862,mamba2-2.7b,2700000000,random,1739,86
random: YkVZ6FCMkelZWW8hbvk 3QmfDB8IfjJewOcAsYjMuEXQXrk Sgm3DjRYPdI5,0.7,128,1773718112.5873091,2026-03-17T04:28:32.587311,0.5755367279052734,0.15778714418411255,mamba2-2.7b,2700000000,random,1740,87
explicit: List random letters from the alphabet:,1.0,128,1773718118.6306632,2026-03-17T04:28:38.630665,0.7346155047416687,0.1789359599351883,mamba2-2.7b,2700000000,explicit,1741,87
neutral: Begin:,1.0,128,1773718124.68407,2026-03-17T04:28:44.684073,0.634594738483429,0.17248763144016266,mamba2-2.7b,2700000000,neutral,1742,87
nonsense: swoonlint klir spiendfrem brair hoos,1.0,128,1773718130.7415338,2026-03-17T04:28:50.741536,0.35116198658943176,0.0510382242500782,mamba2-2.7b,2700000000,nonsense,1743,87
explicit: Simulate rolling a six-sided die 20 times:,1.3,128,1773718136.7998571,2026-03-17T04:28:56.799859,0.4386867880821228,0.2109585702419281,mamba2-2.7b,2700000000,explicit,1744,87
empty: —,1.0,128,1773718142.8610227,2026-03-17T04:29:02.861025,0.6821131706237793,0.1646146923303604,mamba2-2.7b,2700000000,empty,1745,87
neutral: Generate:,1.3,128,1773718148.9161634,2026-03-17T04:29:08.916165,0.30119070410728455,0.14513744413852692,mamba2-2.7b,2700000000,neutral,1746,87
random: DTW3xWkLFjkItWtXOUnlaN4UInqlx35 0ndlTlPXb,0.7,128,1773718154.9643786,2026-03-17T04:29:14.964381,0.46926531195640564,0.02198104001581669,mamba2-2.7b,2700000000,random,1747,87
nonsense: zesplang skoukhes twindkaind frul vostwes mielgoumtrieng,1.0,128,1773718161.013561,2026-03-17T04:29:21.013563,0.6576452255249023,0.1691245585680008,mamba2-2.7b,2700000000,nonsense,1748,87
neutral: Produce:,1.3,128,1773718167.0698214,2026-03-17T04:29:27.069823,0.36054372787475586,0.1654205322265625,mamba2-2.7b,2700000000,neutral,1749,87
explicit: Generate random words with no meaning:,1.0,128,1773718173.1274724,2026-03-17T04:29:33.127474,0.7679288387298584,0.21996062994003296,mamba2-2.7b,2700000000,explicit,1750,87
empty:   ,0.7,128,1773718179.1855555,2026-03-17T04:29:39.185557,0.8779963254928589,0.14774197340011597,mamba2-2.7b,2700000000,empty,1751,87
"empty: 
",1.0,128,1773718185.2356756,2026-03-17T04:29:45.235678,0.8532904982566833,0.17237524688243866,mamba2-2.7b,2700000000,empty,1752,87
neutral: Continue:,0.7,128,1773718191.295388,2026-03-17T04:29:51.295390,0.9749538898468018,0.08028215169906616,mamba2-2.7b,2700000000,neutral,1753,87
random: Cx i u1ZlSCBQQULB8boS5EFfPWoXGKd V  5 fLyP ,0.7,128,1773718197.3623755,2026-03-17T04:29:57.362377,0.9745242595672607,0.06876475363969803,mamba2-2.7b,2700000000,random,1754,87
explicit: Produce random text with no coherent meaning:,0.7,128,1773718203.4076884,2026-03-17T04:30:03.407690,0.8181614875793457,0.1905316263437271,mamba2-2.7b,2700000000,explicit,1755,87
explicit: Produce random text with no coherent meaning:,0.7,51,1773718205.8054695,2026-03-17T04:30:05.805471,0.6760001182556152,0.1864289492368698,mamba2-2.7b,2700000000,explicit,1756,87
nonsense: stimkum cielfrer twies seamtwoor spailfroulstoo bieng jursmeasfis daingtwound jakflout treascrorsmut,1.0,128,1773718211.8631272,2026-03-17T04:30:11.863129,0.3752574920654297,0.0658758282661438,mamba2-2.7b,2700000000,nonsense,1757,87
explicit: Write a sequence with no pattern or meaning:,1.3,128,1773718217.916275,2026-03-17T04:30:17.916277,0.35212990641593933,0.16645845770835876,mamba2-2.7b,2700000000,explicit,1758,87
nonsense: vun slies tikblos su lindpaintdoont,1.3,128,1773718223.9895723,2026-03-17T04:30:23.989574,0.320132315158844,0.13899946212768555,mamba2-2.7b,2700000000,nonsense,1759,87
neutral: Continue:,1.3,128,1773718230.101564,2026-03-17T04:30:30.101567,0.41799578070640564,0.18243713676929474,mamba2-2.7b,2700000000,neutral,1760,88
neutral: It,1.0,128,1773718236.10521,2026-03-17T04:30:36.105212,0.6916477084159851,0.1390833854675293,mamba2-2.7b,2700000000,neutral,1761,88
neutral: Generate:,1.3,128,1773718242.1123426,2026-03-17T04:30:42.112344,0.4231417775154114,0.1585378348827362,mamba2-2.7b,2700000000,neutral,1762,88
empty: -,1.3,3,1773718242.2530582,2026-03-17T04:30:42.253060,0.5470377206802368,0.05193270370364189,mamba2-2.7b,2700000000,empty,1763,88
neutral: Continue:,0.7,128,1773718248.2516344,2026-03-17T04:30:48.251637,0.8377242088317871,0.1775026023387909,mamba2-2.7b,2700000000,neutral,1764,88
explicit: Generate uniformly distributed random text:,0.7,39,1773718250.0716536,2026-03-17T04:30:50.071655,0.7251997590065002,0.12955626845359802,mamba2-2.7b,2700000000,explicit,1765,88
empty: —,1.0,128,1773718256.0789728,2026-03-17T04:30:56.078975,0.6605532169342041,0.18269027769565582,mamba2-2.7b,2700000000,empty,1766,88
empty:  ,0.7,128,1773718262.090197,2026-03-17T04:31:02.090199,0.9731124639511108,0.08547169715166092,mamba2-2.7b,2700000000,empty,1767,88
random: eI0l EV5MBMwoVezl4 d9 tyR9NPsm qAe6X oaNflQ7fn NcNAPzyK,1.0,128,1773718268.1066647,2026-03-17T04:31:08.106667,0.6710717082023621,0.1697608232498169,mamba2-2.7b,2700000000,random,1768,88
explicit: Generate a sequence of random characters:,1.0,128,1773718274.1216679,2026-03-17T04:31:14.121670,0.7655937075614929,0.17571620643138885,mamba2-2.7b,2700000000,explicit,1769,88
neutral: It,0.7,128,1773718280.1481135,2026-03-17T04:31:20.148116,0.7452468276023865,0.1640046089887619,mamba2-2.7b,2700000000,neutral,1770,88
nonsense: tend cringdir plurtoksmas spa prengslelswul,1.0,128,1773718286.1609156,2026-03-17T04:31:26.160918,0.5974003076553345,0.19462858140468597,mamba2-2.7b,2700000000,nonsense,1771,88
nonsense: dut nessaljo dean wout klok pruteantbru coundjus droont coomkeanddum ping,1.0,128,1773718292.1810052,2026-03-17T04:31:32.181007,0.6539024114608765,0.21070919930934906,mamba2-2.7b,2700000000,nonsense,1772,88
nonsense: kleanpet nooktweasflien klund wielbantcras fraintflount brietdrommir berpondblak slun cik,0.7,128,1773718298.1971633,2026-03-17T04:31:38.197165,0.9165839552879333,0.17120780050754547,mamba2-2.7b,2700000000,nonsense,1773,88
empty: ...,1.3,128,1773718304.2109437,2026-03-17T04:31:44.210946,0.5855484008789062,0.2126351296901703,mamba2-2.7b,2700000000,empty,1774,88
nonsense: prookkond fengstant zoussaik slit brairgro fitslat blairmootpliem,0.7,128,1773718310.2528474,2026-03-17T04:31:50.252849,0.9007072448730469,0.1926996260881424,mamba2-2.7b,2700000000,nonsense,1775,88
nonsense: snat voumnak plasvoopront trundjeamrol tirtount drangswin nund gaigloont drintwes,0.7,128,1773718316.2966833,2026-03-17T04:31:56.296686,0.7133316993713379,0.17495672404766083,mamba2-2.7b,2700000000,nonsense,1776,88
explicit: Output random Unicode characters:,1.0,128,1773718322.3395014,2026-03-17T04:32:02.339503,0.8109738230705261,0.1605260819196701,mamba2-2.7b,2700000000,explicit,1777,88
random: IhtmkS0DhX 18E8MkYe  sp5,1.3,128,1773718328.3700523,2026-03-17T04:32:08.370054,0.3995162546634674,0.1342744380235672,mamba2-2.7b,2700000000,random,1778,88
empty:  ,1.0,128,1773718334.4189937,2026-03-17T04:32:14.418995,0.8878326416015625,0.1392149031162262,mamba2-2.7b,2700000000,empty,1779,88
nonsense: dootdieng standgintwok swotries ros,0.7,128,1773718340.5495226,2026-03-17T04:32:20.549525,0.6358063220977783,0.18024276196956635,mamba2-2.7b,2700000000,nonsense,1780,89
neutral: Output:,0.7,128,1773718346.5572205,2026-03-17T04:32:26.557222,0.9113080501556396,0.15990164875984192,mamba2-2.7b,2700000000,neutral,1781,89
neutral: Begin:,1.0,128,1773718352.5686424,2026-03-17T04:32:32.568644,0.6623768210411072,0.1534578651189804,mamba2-2.7b,2700000000,neutral,1782,89
explicit: List random letters from the alphabet:,0.7,128,1773718358.5789945,2026-03-17T04:32:38.578996,0.8779323101043701,0.14065535366535187,mamba2-2.7b,2700000000,explicit,1783,89
empty: —,1.0,128,1773718364.5911174,2026-03-17T04:32:44.591119,0.6873400211334229,0.15304501354694366,mamba2-2.7b,2700000000,empty,1784,89
neutral: Content:,0.7,89,1773718368.7560103,2026-03-17T04:32:48.756012,0.7430826425552368,0.18877308070659637,mamba2-2.7b,2700000000,neutral,1785,89
random: IYI4U 50vxcqEGkAvYnmi8gdYknHtkXNDFK4qqvdeTP87I4rw63NS9D,1.3,128,1773718374.7832828,2026-03-17T04:32:54.783285,0.4827248156070709,0.10635528713464737,mamba2-2.7b,2700000000,random,1786,89
"empty: 
",1.0,128,1773718380.8058035,2026-03-17T04:33:00.805805,0.7401820421218872,0.16066864132881165,mamba2-2.7b,2700000000,empty,1787,89
explicit: Simulate rolling a six-sided die 20 times:,0.7,128,1773718386.8472703,2026-03-17T04:33:06.847272,0.9178280830383301,0.12930314242839813,mamba2-2.7b,2700000000,explicit,1788,89
random: 9d3v3ugmQAy0HKMEmgY tgUa2lL9zmd,1.3,128,1773718392.878706,2026-03-17T04:33:12.878708,0.35130369663238525,0.17734184861183167,mamba2-2.7b,2700000000,random,1789,89
nonsense: gofrungspeal pulfrentglak piend brak smookzodeant,1.0,128,1773718398.8854933,2026-03-17T04:33:18.885495,0.43276917934417725,0.16372184455394745,mamba2-2.7b,2700000000,nonsense,1790,89
random: MEGt2Wj59Z 1eUknFT,1.3,128,1773718404.8832371,2026-03-17T04:33:24.883239,0.40352973341941833,0.16527517139911652,mamba2-2.7b,2700000000,random,1791,89
nonsense: sais beamal zinddookjas poktikslek,0.7,128,1773718410.8973727,2026-03-17T04:33:30.897375,0.8408203721046448,0.18960927426815033,mamba2-2.7b,2700000000,nonsense,1792,89
explicit: Output random Unicode characters:,1.3,128,1773718416.9078166,2026-03-17T04:33:36.907819,0.40037938952445984,0.17637455463409424,mamba2-2.7b,2700000000,explicit,1793,89
random: U3KHH O3vO t4gytgDxe8Hu73o ,1.3,128,1773718422.9420733,2026-03-17T04:33:42.942076,0.42285236716270447,0.1123281866312027,mamba2-2.7b,2700000000,random,1794,89
neutral: Answer:,1.3,128,1773718428.9492495,2026-03-17T04:33:48.949252,0.30257755517959595,0.12294671684503555,mamba2-2.7b,2700000000,neutral,1795,89
neutral: Next:,1.3,128,1773718434.9750159,2026-03-17T04:33:54.975018,0.387382447719574,0.1706123799085617,mamba2-2.7b,2700000000,neutral,1796,89
explicit: Generate text with maximum entropy:,1.3,128,1773718441.0057087,2026-03-17T04:34:01.005711,0.3750265836715698,0.16759006679058075,mamba2-2.7b,2700000000,explicit,1797,89
explicit: Generate a sequence of random characters:,1.0,72,1773718444.390828,2026-03-17T04:34:04.390830,0.6827144622802734,0.21026518940925598,mamba2-2.7b,2700000000,explicit,1798,89
nonsense: halspoor smouwursnoun jousfreas blounliple sling briet,1.0,128,1773718450.4365358,2026-03-17T04:34:10.436538,0.5522582530975342,0.210934579372406,mamba2-2.7b,2700000000,nonsense,1799,89
nonsense: spouklerwiend vountsliennient burwur,1.0,128,1773718456.5572693,2026-03-17T04:34:16.557271,0.43223512172698975,0.059696272015571594,mamba2-2.7b,2700000000,nonsense,1800,90
explicit: Generate text with maximum entropy:,1.0,128,1773718462.5746584,2026-03-17T04:34:22.574660,0.8059563040733337,0.17276258766651154,mamba2-2.7b,2700000000,explicit,1801,90
explicit: Output random letters and numbers:,0.7,128,1773718468.5865295,2026-03-17T04:34:28.586532,0.8692412376403809,0.12133622169494629,mamba2-2.7b,2700000000,explicit,1802,90
empty: —,1.3,20,1773718469.5222938,2026-03-17T04:34:29.522296,0.5491451621055603,0.12658624351024628,mamba2-2.7b,2700000000,empty,1803,90
random: c8fFqbwgNm6vino Ciz2RZPprPBfwQipJs1vVv4Ff,0.7,128,1773718475.570636,2026-03-17T04:34:35.570638,0.49675577878952026,0.08067896217107773,mamba2-2.7b,2700000000,random,1804,90
random: bM1m Ir1n pKon zzH zT0Luf A9QEablo tl jmGD6LH7gmwfLUO2,1.0,128,1773718481.6129897,2026-03-17T04:34:41.612992,0.418567419052124,0.06628551334142685,mamba2-2.7b,2700000000,random,1805,90
random:  tKP0Pom ifqwezn ymeX GgUCjbA k7hU1VhIfjMjB,0.7,128,1773718487.6267793,2026-03-17T04:34:47.626781,0.6905912160873413,0.2534452974796295,mamba2-2.7b,2700000000,random,1806,90
nonsense: twurtries twut hooblea spourplongpliend meatklairkour lienfind twang dairjouhies,1.3,128,1773718493.650119,2026-03-17T04:34:53.650121,0.36032211780548096,0.1184152141213417,mamba2-2.7b,2700000000,nonsense,1807,90
nonsense: prentlent skot foumkulcraind coufeas critdrulzam glaintrootglound,1.3,128,1773718499.669583,2026-03-17T04:34:59.669585,0.30368202924728394,0.06401418894529343,mamba2-2.7b,2700000000,nonsense,1808,90
nonsense: toonwiernien tin glondlent bounddreancoul crietgum priel,1.0,128,1773718505.6874459,2026-03-17T04:35:05.687448,0.40402063727378845,0.09465047717094421,mamba2-2.7b,2700000000,nonsense,1809,90
random: rfeM omErX6V1t1m ,0.7,24,1773718506.804097,2026-03-17T04:35:06.804099,0.7416631579399109,0.18572258949279785,mamba2-2.7b,2700000000,random,1810,90
explicit: Write a sequence with no pattern or meaning:,1.3,128,1773718512.8151236,2026-03-17T04:35:12.815126,0.3481700122356415,0.1640605628490448,mamba2-2.7b,2700000000,explicit,1811,90
nonsense: nurcran took criengflouktrouk trengslootdot florkloon jiend blon fling,1.0,128,1773718518.824917,2026-03-17T04:35:18.824919,0.6544211506843567,0.21327218413352966,mamba2-2.7b,2700000000,nonsense,1812,90
explicit: Output random letters and numbers:,0.7,128,1773718524.8428688,2026-03-17T04:35:24.842871,0.7659257650375366,0.1459343433380127,mamba2-2.7b,2700000000,explicit,1813,90
nonsense: nombrount teltrielgreant wir jairsmounkat crofoung plingroustond sweamkoonjent spat hungcunt bungreakzie,1.0,128,1773718530.8694935,2026-03-17T04:35:30.869496,0.7385642528533936,0.20925435423851013,mamba2-2.7b,2700000000,nonsense,1814,90
neutral: The,1.0,128,1773718536.8836272,2026-03-17T04:35:36.883629,0.7277816534042358,0.15273933112621307,mamba2-2.7b,2700000000,neutral,1815,90
neutral: Continue:,1.0,128,1773718542.8874469,2026-03-17T04:35:42.887449,0.8010920286178589,0.1729528158903122,mamba2-2.7b,2700000000,neutral,1816,90
neutral: Result:,1.0,128,1773718548.8952615,2026-03-17T04:35:48.895263,0.8129088878631592,0.1812855452299118,mamba2-2.7b,2700000000,neutral,1817,90
neutral: Text:,1.3,128,1773718554.9019604,2026-03-17T04:35:54.901963,0.4017917513847351,0.16756571829319,mamba2-2.7b,2700000000,neutral,1818,90
nonsense: klolsos vomfinskea slangdrus gumflundgean geanplok kien twantdandcund craind kamvou teakwoont,1.0,128,1773718560.9256861,2026-03-17T04:36:00.925688,0.36060601472854614,0.07561559975147247,mamba2-2.7b,2700000000,nonsense,1819,90
explicit: Produce a uniformly random string:,1.0,128,1773718567.0386503,2026-03-17T04:36:07.038652,0.7740248441696167,0.12248387187719345,mamba2-2.7b,2700000000,explicit,1820,91
explicit: Generate a sequence of random characters:,1.3,128,1773718573.0535321,2026-03-17T04:36:13.053534,0.5590801239013672,0.2508085370063782,mamba2-2.7b,2700000000,explicit,1821,91
nonsense: prindfool brielland tes praibroont prear spootmiekle,1.0,5,1773718573.2866256,2026-03-17T04:36:13.286626,0.371446818113327,0.020999640226364136,mamba2-2.7b,2700000000,nonsense,1822,91
explicit: Write a string of random ASCII characters:,1.3,128,1773718579.2922392,2026-03-17T04:36:19.292241,0.5289954543113708,0.22161146998405457,mamba2-2.7b,2700000000,explicit,1823,91
empty: —,0.7,128,1773718585.2987003,2026-03-17T04:36:25.298702,0.757267951965332,0.17780637741088867,mamba2-2.7b,2700000000,empty,1824,91
empty: -,0.7,128,1773718591.3047962,2026-03-17T04:36:31.304798,0.8685401678085327,0.1770510971546173,mamba2-2.7b,2700000000,empty,1825,91
random: p56 r ag39 wwqnXP X1FJYRL5rr0 MOBzALSqw PoT91K2b n,1.3,128,1773718597.314394,2026-03-17T04:36:37.314396,0.3702430725097656,0.055944379419088364,mamba2-2.7b,2700000000,random,1826,91
random: wv KrxO5gTb ryX  0 14 vkdCLeJCKv6  ooIUf4B2nFMe5HS,1.0,128,1773718603.329184,2026-03-17T04:36:43.329186,0.6736422777175903,0.2126288115978241,mamba2-2.7b,2700000000,random,1827,91
nonsense: toosveankat jumseang sarfluk,1.3,128,1773718609.3656194,2026-03-17T04:36:49.365622,0.3930615782737732,0.14226779341697693,mamba2-2.7b,2700000000,nonsense,1828,91
nonsense: sloos stount doksnait prainttiekploung swealbrous taing,0.7,128,1773718615.3848724,2026-03-17T04:36:55.384875,0.7415343523025513,0.2625545263290405,mamba2-2.7b,2700000000,nonsense,1829,91
neutral: Response:,1.3,128,1773718621.410464,2026-03-17T04:37:01.410466,0.33467358350753784,0.16896659135818481,mamba2-2.7b,2700000000,neutral,1830,91
empty: -,1.3,128,1773718627.4202132,2026-03-17T04:37:07.420215,0.37770137190818787,0.11055278033018112,mamba2-2.7b,2700000000,empty,1831,91
nonsense: smoustuswum hom polsangnem droul grok,0.7,92,1773718631.7384164,2026-03-17T04:37:11.738418,0.9388185739517212,0.15139140188694,mamba2-2.7b,2700000000,nonsense,1832,91
empty: ...,1.0,128,1773718637.7832632,2026-03-17T04:37:17.783265,0.6629100441932678,0.17484697699546814,mamba2-2.7b,2700000000,empty,1833,91
empty: 	,0.7,128,1773718643.810293,2026-03-17T04:37:23.810295,0.9073272943496704,0.1407431811094284,mamba2-2.7b,2700000000,empty,1834,91
explicit: Simulate white noise as text:,1.3,128,1773718649.822232,2026-03-17T04:37:29.822234,0.46282753348350525,0.15866491198539734,mamba2-2.7b,2700000000,explicit,1835,91
explicit: Produce a uniformly random string:,0.7,128,1773718655.835878,2026-03-17T04:37:35.835880,0.9503240585327148,0.10333259403705597,mamba2-2.7b,2700000000,explicit,1836,91
random: Dg9vWsFeoyc4O1t0A0 8hr AP9,1.3,128,1773718661.8522496,2026-03-17T04:37:41.852251,0.3255918025970459,0.11669319868087769,mamba2-2.7b,2700000000,random,1837,91
empty: —,0.7,128,1773718667.860332,2026-03-17T04:37:47.860334,0.7533743381500244,0.15718497335910797,mamba2-2.7b,2700000000,empty,1838,91
nonsense: gang glounleakfrok slelroontslir poot bourglentfeas sleanbloukhet twektwom geansnainspol blintspingdrand swaind,0.7,128,1773718673.878702,2026-03-17T04:37:53.878704,0.7023152112960815,0.23162540793418884,mamba2-2.7b,2700000000,nonsense,1839,91
neutral: Response:,1.3,128,1773718679.9890902,2026-03-17T04:37:59.989092,0.5368798971176147,0.19770017266273499,mamba2-2.7b,2700000000,neutral,1840,92
random: X uWWfvQtuswg1NN5KxpqzaGb6  a EB8604kaFJAgx,1.3,128,1773718686.024686,2026-03-17T04:38:06.024688,0.30371254682540894,0.18782861530780792,mamba2-2.7b,2700000000,random,1841,92
neutral: Data:,0.7,128,1773718692.0434387,2026-03-17T04:38:12.043440,0.9107495546340942,0.16532234847545624,mamba2-2.7b,2700000000,neutral,1842,92
neutral: Data:,0.7,97,1773718696.59416,2026-03-17T04:38:16.594162,0.9207565188407898,0.14740332961082458,mamba2-2.7b,2700000000,neutral,1843,92
random: rpbhCqzZVkHjciz4qlQpf7gv3Y dW2wTBxJJ5teFL 09hlJXr1zFcWT9 S P,1.3,128,1773718702.6163146,2026-03-17T04:38:22.616317,0.35096460580825806,0.17258168756961823,mamba2-2.7b,2700000000,random,1844,92
nonsense: dootdieng standgintwok swotries ros,1.3,128,1773718708.6308818,2026-03-17T04:38:28.630884,0.29697924852371216,0.08642881363630295,mamba2-2.7b,2700000000,nonsense,1845,92
explicit: Generate a sequence of random characters:,0.7,128,1773718714.6446874,2026-03-17T04:38:34.644689,0.8310429453849792,0.1570522040128708,mamba2-2.7b,2700000000,explicit,1846,92
explicit: List random letters from the alphabet:,1.0,128,1773718720.6543248,2026-03-17T04:38:40.654327,0.6994818449020386,0.16678088903427124,mamba2-2.7b,2700000000,explicit,1847,92
neutral: Produce:,1.3,128,1773718726.6799812,2026-03-17T04:38:46.679984,0.33683398365974426,0.18418949842453003,mamba2-2.7b,2700000000,neutral,1848,92
neutral: Start:,1.0,128,1773718732.7031791,2026-03-17T04:38:52.703181,0.6109651327133179,0.1564253866672516,mamba2-2.7b,2700000000,neutral,1849,92
empty: ...,0.7,2,1773718732.7970698,2026-03-17T04:38:52.797071,0.5801113843917847,0.014991968870162964,mamba2-2.7b,2700000000,empty,1850,92
nonsense: lam gronspol broont skiem mulfrok skus losnethoul lountking,1.0,128,1773718738.8160973,2026-03-17T04:38:58.816100,0.6798510551452637,0.17634011805057526,mamba2-2.7b,2700000000,nonsense,1851,92
random: gnXgl2Yw5TNQzk7ql7m6N78DCsHUYxQP6 di8oS97vKSq nZnPjM7,0.7,128,1773718744.831749,2026-03-17T04:39:04.831751,0.6854337453842163,0.24173574149608612,mamba2-2.7b,2700000000,random,1852,92
neutral: Next:,0.7,33,1773718746.3680615,2026-03-17T04:39:06.368063,0.6451495289802551,0.20308032631874084,mamba2-2.7b,2700000000,neutral,1853,92
random: RwMdpCqsDNqAqk2ojc93fzne h8pGfiMbmpAzxSdlsJSTu E imbByKvam,0.7,128,1773718752.387796,2026-03-17T04:39:12.387798,0.45035520195961,0.01990223303437233,mamba2-2.7b,2700000000,random,1854,92
nonsense: gofrungspeal pulfrentglak piend brak smookzodeant,0.7,128,1773718758.4011755,2026-03-17T04:39:18.401177,0.9605653285980225,0.1298142671585083,mamba2-2.7b,2700000000,nonsense,1855,92
nonsense: noongdroungskund gamflaistaing slealgraik spoos friemlotwie viescrim baingglitmong cosmund,1.3,128,1773718764.4163275,2026-03-17T04:39:24.416329,0.3100806474685669,0.05610030144453049,mamba2-2.7b,2700000000,nonsense,1856,92
explicit: Output random Unicode characters:,1.0,128,1773718770.4280329,2026-03-17T04:39:30.428034,0.8126649260520935,0.19243337213993073,mamba2-2.7b,2700000000,explicit,1857,92
random: sjhvNK4p7MZI  4kf3PGdlDcIfw,0.7,2,1773718770.52175,2026-03-17T04:39:30.521751,0.5333989858627319,0.04298451542854309,mamba2-2.7b,2700000000,random,1858,92
empty: .,1.3,71,1773718773.8559105,2026-03-17T04:39:33.855913,0.5738788843154907,0.22766323387622833,mamba2-2.7b,2700000000,empty,1859,92
nonsense: klolsos vomfinskea slangdrus gumflundgean geanplok kien twantdandcund craind kamvou teakwoont,1.3,4,1773718774.1416936,2026-03-17T04:39:34.141695,0.395308256149292,0.059256747364997864,mamba2-2.7b,2700000000,nonsense,1860,93
neutral: Text:,1.0,128,1773718780.1534228,2026-03-17T04:39:40.153425,0.8087689280509949,0.1695844978094101,mamba2-2.7b,2700000000,neutral,1861,93
neutral: It,1.0,128,1773718786.1671574,2026-03-17T04:39:46.167159,0.6288033723831177,0.1947220116853714,mamba2-2.7b,2700000000,neutral,1862,93
random: YfX gyL4YMK7v2Lg s75l oxrY0P5dw6z6lGPuplo5Uk,0.7,128,1773718792.1901162,2026-03-17T04:39:52.190118,0.4949513077735901,0.0502297580242157,mamba2-2.7b,2700000000,random,1863,93
neutral: A,1.3,128,1773718798.198019,2026-03-17T04:39:58.198021,0.4404590129852295,0.16394510865211487,mamba2-2.7b,2700000000,neutral,1864,93
random: GnagX41v0 WSWm9Cu5jeLcOHnjRvWujl,1.3,128,1773718804.2175822,2026-03-17T04:40:04.217584,0.45795029401779175,0.1188582107424736,mamba2-2.7b,2700000000,random,1865,93
random: AOEHYqM6Ojb6mjB HqSiFVKu4M,0.7,128,1773718810.235141,2026-03-17T04:40:10.235144,0.49464428424835205,0.06699154525995255,mamba2-2.7b,2700000000,random,1866,93
nonsense: plar diendspoontsant tontstail stoor spiendkosflous soungmail,0.7,128,1773718816.2564838,2026-03-17T04:40:16.256486,0.6642733216285706,0.2200298309326172,mamba2-2.7b,2700000000,nonsense,1867,93
empty:  ,1.0,128,1773718822.2705338,2026-03-17T04:40:22.270536,0.8953413367271423,0.12276884913444519,mamba2-2.7b,2700000000,empty,1868,93
explicit: Produce a uniformly random string:,1.3,72,1773718825.6395586,2026-03-17T04:40:25.639560,0.41710641980171204,0.16162483394145966,mamba2-2.7b,2700000000,explicit,1869,93
empty: —,0.7,128,1773718831.6500826,2026-03-17T04:40:31.650084,0.8332825303077698,0.17254309356212616,mamba2-2.7b,2700000000,empty,1870,93
empty: 	,0.7,128,1773718837.6644247,2026-03-17T04:40:37.664427,0.878279983997345,0.1891271471977234,mamba2-2.7b,2700000000,empty,1871,93
empty: _,1.0,128,1773718843.6751611,2026-03-17T04:40:43.675163,0.8493477702140808,0.14392796158790588,mamba2-2.7b,2700000000,empty,1872,93
empty: 	,1.3,128,1773718849.690786,2026-03-17T04:40:49.690788,0.46800941228866577,0.14998318254947662,mamba2-2.7b,2700000000,empty,1873,93
random: YfX gyL4YMK7v2Lg s75l oxrY0P5dw6z6lGPuplo5Uk,1.0,128,1773718855.714391,2026-03-17T04:40:55.714393,0.4613979160785675,0.057955700904130936,mamba2-2.7b,2700000000,random,1874,93
explicit: Generate text with maximum entropy:,0.7,128,1773718861.7197995,2026-03-17T04:41:01.719801,0.8359858989715576,0.19812379777431488,mamba2-2.7b,2700000000,explicit,1875,93
random: T3JhjZU uds4eqiEUUXet5VV4jrUYOJFodx  XpHH5BK zprj5w4lOSi,1.0,128,1773718867.7406774,2026-03-17T04:41:07.740679,0.6086500883102417,0.1669563353061676,mamba2-2.7b,2700000000,random,1876,93
neutral: Output:,1.0,128,1773718873.7497697,2026-03-17T04:41:13.749772,0.8161714673042297,0.18294112384319305,mamba2-2.7b,2700000000,neutral,1877,93
"empty: 
",0.7,128,1773718879.7572699,2026-03-17T04:41:19.757272,0.9553704857826233,0.09729450196027756,mamba2-2.7b,2700000000,empty,1878,93
nonsense: grourtroskeal wundfriemur speam skietweang wamsweat twoundbrourbrook gindproun stu swerpountslaim raik,1.0,128,1773718885.774197,2026-03-17T04:41:25.774199,0.363861083984375,0.09208730608224869,mamba2-2.7b,2700000000,nonsense,1879,93
explicit: Output random bytes as text:,1.0,89,1773718890.0500805,2026-03-17T04:41:30.050082,0.7710958123207092,0.2095731496810913,mamba2-2.7b,2700000000,explicit,1880,94
random: nsGzwtjw 75POt4i84MJhT jN,0.7,72,1773718893.4193223,2026-03-17T04:41:33.419325,0.453618586063385,0.021110855042934418,mamba2-2.7b,2700000000,random,1881,94
neutral: This,0.7,77,1773718897.0229313,2026-03-17T04:41:37.022934,0.6814268827438354,0.14205007255077362,mamba2-2.7b,2700000000,neutral,1882,94
random: MPVWi2iL8rpJQ0AAhnl9K2OHTq    xDLyapd7pA10fQSBbzKGiNM PaoQR,1.3,128,1773718903.0495436,2026-03-17T04:41:43.049546,0.3798321485519409,0.09141483157873154,mamba2-2.7b,2700000000,random,1883,94
random: G  Drdmgi dwWPtMm,0.7,128,1773718909.065306,2026-03-17T04:41:49.065308,0.9539021253585815,0.13385728001594543,mamba2-2.7b,2700000000,random,1884,94
neutral: Result:,1.0,69,1773718912.2991745,2026-03-17T04:41:52.299177,0.9443466663360596,0.11130611598491669,mamba2-2.7b,2700000000,neutral,1885,94
empty: .,1.0,74,1773718915.7624054,2026-03-17T04:41:55.762407,0.9122653007507324,0.11101100593805313,mamba2-2.7b,2700000000,empty,1886,94
random: hDCc9aQzqRwPhcs,1.3,128,1773718921.7783024,2026-03-17T04:42:01.778304,0.521899938583374,0.224678635597229,mamba2-2.7b,2700000000,random,1887,94
explicit: Write random characters without forming words:,0.7,128,1773718927.7950525,2026-03-17T04:42:07.795054,0.9713935852050781,0.08334404230117798,mamba2-2.7b,2700000000,explicit,1888,94
explicit: Write random characters without forming words:,1.3,109,1773718932.9172597,2026-03-17T04:42:12.917262,0.4385521113872528,0.15474984049797058,mamba2-2.7b,2700000000,explicit,1889,94
nonsense: skienspesgind grokmet miengprel,0.7,125,1773718938.7812252,2026-03-17T04:42:18.781227,0.6638883352279663,0.23145388066768646,mamba2-2.7b,2700000000,nonsense,1890,94
nonsense: deatkeakjean croumtroosskoont troontwun troubleant flensnet prundnainsloo flontspiengtro sputwangfrem,1.3,128,1773718944.8044097,2026-03-17T04:42:24.804412,0.3290586471557617,0.07214061915874481,mamba2-2.7b,2700000000,nonsense,1891,94
random: 8ilkl3mVqhQp0T2gKNTn Bt9CnSVoJC2dIdxINRSaxsZisdlBW16R,0.7,128,1773718950.8270886,2026-03-17T04:42:30.827091,0.5692364573478699,0.1890619546175003,mamba2-2.7b,2700000000,random,1892,94
empty: 	,0.7,128,1773718956.851491,2026-03-17T04:42:36.851493,0.8920419216156006,0.16397789120674133,mamba2-2.7b,2700000000,empty,1893,94
nonsense: zea proomflir klimklakplon kloutsongfreand,1.3,128,1773718962.8606474,2026-03-17T04:42:42.860650,0.37114328145980835,0.11808199435472488,mamba2-2.7b,2700000000,nonsense,1894,94
empty:   ,0.7,128,1773718968.8722491,2026-03-17T04:42:48.872251,0.897502064704895,0.14286616444587708,mamba2-2.7b,2700000000,empty,1895,94
nonsense: trientswom vuntcincriend skukren smietsla lund bleatskoondtoor twuwik sketsoorfeam,0.7,128,1773718974.890893,2026-03-17T04:42:54.890895,0.3880809545516968,0.04827190563082695,mamba2-2.7b,2700000000,nonsense,1896,94
nonsense: go skoong cisbantjun cair ta plook,1.0,128,1773718980.9086525,2026-03-17T04:43:00.908654,0.6913965940475464,0.16512204706668854,mamba2-2.7b,2700000000,nonsense,1897,94
nonsense: smoutgris toor rukfliemzeas cratjurcal vai skeam,0.7,128,1773718986.9493964,2026-03-17T04:43:06.949398,0.7297251224517822,0.20862162113189697,mamba2-2.7b,2700000000,nonsense,1898,94
random: SB0 suxCGyoxg7jLiGmz QTqEmKiyO 5QNtUO2vaOFC3JUrQ975TN nwk,0.7,128,1773718993.0028145,2026-03-17T04:43:13.002816,0.46500062942504883,0.02414190210402012,mamba2-2.7b,2700000000,random,1899,94
neutral: This,0.7,128,1773718999.1144502,2026-03-17T04:43:19.114453,0.7730197906494141,0.16861845552921295,mamba2-2.7b,2700000000,neutral,1900,95
nonsense: snat voumnak plasvoopront trundjeamrol tirtount drangswin nund gaigloont drintwes,1.0,128,1773719005.1554904,2026-03-17T04:43:25.155492,0.4394071698188782,0.15831215679645538,mamba2-2.7b,2700000000,nonsense,1901,95
neutral: Content:,0.7,128,1773719011.1934686,2026-03-17T04:43:31.193470,0.8998125195503235,0.16156253218650818,mamba2-2.7b,2700000000,neutral,1902,95
neutral: This,1.0,128,1773719017.206586,2026-03-17T04:43:37.206588,0.7198796272277832,0.1397756040096283,mamba2-2.7b,2700000000,neutral,1903,95
empty:  ,0.7,128,1773719023.222411,2026-03-17T04:43:43.222413,0.9153668880462646,0.14674988389015198,mamba2-2.7b,2700000000,empty,1904,95
random: IhtmkS0DhX 18E8MkYe  sp5,0.7,128,1773719029.236825,2026-03-17T04:43:49.236827,0.5196403861045837,0.1234240010380745,mamba2-2.7b,2700000000,random,1905,95
nonsense: snies frel twarplondzeang tat grongsleamnom,1.0,21,1773719030.21279,2026-03-17T04:43:50.212792,0.5690721273422241,0.21648472547531128,mamba2-2.7b,2700000000,nonsense,1906,95
random: CS KkGzJqMl vtvRfdkfHA1d LM9FZM6jhu4197ARsOOSZqV nOE7pI,1.3,128,1773719036.2415888,2026-03-17T04:43:56.241591,0.3956448435783386,0.14928534626960754,mamba2-2.7b,2700000000,random,1907,95
neutral: Result:,1.3,128,1773719042.2643285,2026-03-17T04:44:02.264330,0.46065032482147217,0.22417427599430084,mamba2-2.7b,2700000000,neutral,1908,95
explicit: Produce a stream of random symbols:,1.0,128,1773719048.2735884,2026-03-17T04:44:08.273591,0.7407160401344299,0.19466815888881683,mamba2-2.7b,2700000000,explicit,1909,95
empty: -,1.0,13,1773719048.8798935,2026-03-17T04:44:08.879896,0.6203314065933228,0.11136411130428314,mamba2-2.7b,2700000000,empty,1910,95
empty: .,0.7,128,1773719054.8951104,2026-03-17T04:44:14.895112,0.871894896030426,0.14263330399990082,mamba2-2.7b,2700000000,empty,1911,95
random: z52XaBAJinx,0.7,128,1773719060.9032788,2026-03-17T04:44:20.903281,0.7820600271224976,0.21899576485157013,mamba2-2.7b,2700000000,random,1912,95
random: TtrHUFDGMlZBjP9w mMeWkhQS31pDbWgNfOtP C,0.7,40,1773719062.769503,2026-03-17T04:44:22.769505,0.4581770598888397,0.03737334907054901,mamba2-2.7b,2700000000,random,1913,95
neutral: A,1.3,128,1773719068.7860374,2026-03-17T04:44:28.786039,0.3946158289909363,0.1384599357843399,mamba2-2.7b,2700000000,neutral,1914,95
nonsense: fong slongjaim viemfeand lour trierjootroos caimklouk spoongfringblim smiengprin,0.7,128,1773719074.8031492,2026-03-17T04:44:34.803151,0.6897304058074951,0.2655201852321625,mamba2-2.7b,2700000000,nonsense,1915,95
empty: _,0.7,128,1773719080.8176942,2026-03-17T04:44:40.817696,0.9161781072616577,0.1512971818447113,mamba2-2.7b,2700000000,empty,1916,95
neutral: Generate:,1.0,128,1773719086.8235345,2026-03-17T04:44:46.823538,0.7001145482063293,0.146288201212883,mamba2-2.7b,2700000000,neutral,1917,95
empty: 	,1.0,128,1773719092.8406003,2026-03-17T04:44:52.840602,0.6925522089004517,0.15399442613124847,mamba2-2.7b,2700000000,empty,1918,95
"empty: 
",1.3,128,1773719098.8744779,2026-03-17T04:44:58.874480,0.37011098861694336,0.12982480227947235,mamba2-2.7b,2700000000,empty,1919,95
random: v IBax1jF mQdKpYVnPtd,0.7,13,1773719099.5786147,2026-03-17T04:44:59.578616,0.5313357710838318,0.17332173883914948,mamba2-2.7b,2700000000,random,1920,96
empty: ,0.7,128,1773719105.5999768,2026-03-17T04:45:05.599979,0.8774840235710144,0.15587760508060455,mamba2-2.7b,2700000000,empty,1921,96
explicit: Write a sequence with no pattern or meaning:,1.0,128,1773719111.611497,2026-03-17T04:45:11.611499,0.7465972900390625,0.12662269175052643,mamba2-2.7b,2700000000,explicit,1922,96
nonsense: stamspiesflant sain haindmaind swainsoom pountdriend grikceasnil klook,0.7,128,1773719117.6287444,2026-03-17T04:45:17.628746,0.6575776934623718,0.19923344254493713,mamba2-2.7b,2700000000,nonsense,1923,96
nonsense: floomsnoont grealsmus trobrind flomdrireand drierflus dien,1.0,128,1773719123.6489465,2026-03-17T04:45:23.648949,0.5711004734039307,0.2170029580593109,mamba2-2.7b,2700000000,nonsense,1924,96
explicit: Generate uniformly distributed random text:,1.3,128,1773719129.677359,2026-03-17T04:45:29.677362,0.48966488242149353,0.14473162591457367,mamba2-2.7b,2700000000,explicit,1925,96
empty: ,1.3,128,1773719135.7202845,2026-03-17T04:45:35.720286,0.35810673236846924,0.12839162349700928,mamba2-2.7b,2700000000,empty,1926,96
empty: .,1.0,128,1773719141.7669537,2026-03-17T04:45:41.766955,0.7840387225151062,0.18854071199893951,mamba2-2.7b,2700000000,empty,1927,96
empty:  ,1.0,128,1773719147.789428,2026-03-17T04:45:47.789430,0.7647898197174072,0.11483762413263321,mamba2-2.7b,2700000000,empty,1928,96
random: rfeM omErX6V1t1m ,1.0,52,1773719150.215138,2026-03-17T04:45:50.215140,0.44817593693733215,0.0312543623149395,mamba2-2.7b,2700000000,random,1929,96
empty:  ,1.0,128,1773719156.2330368,2026-03-17T04:45:56.233039,0.8117539882659912,0.17810557782649994,mamba2-2.7b,2700000000,empty,1930,96
random: D Q0RP 46Mq,1.3,128,1773719162.246295,2026-03-17T04:46:02.246297,0.6270919442176819,0.1813339740037918,mamba2-2.7b,2700000000,random,1931,96
explicit: Generate 50 random characters:,1.3,128,1773719168.2626133,2026-03-17T04:46:08.262615,0.36325082182884216,0.17709726095199585,mamba2-2.7b,2700000000,explicit,1932,96
neutral: Produce:,1.3,128,1773719174.2873454,2026-03-17T04:46:14.287347,0.4020748436450958,0.18082597851753235,mamba2-2.7b,2700000000,neutral,1933,96
nonsense: swie fiend nearcil natjilnen fromteat,1.0,128,1773719180.300445,2026-03-17T04:46:20.300447,0.34879565238952637,0.05942019447684288,mamba2-2.7b,2700000000,nonsense,1934,96
random: 9d3v3ugmQAy0HKMEmgY tgUa2lL9zmd,1.0,128,1773719186.3279805,2026-03-17T04:46:26.327983,0.6267618536949158,0.2259572148323059,mamba2-2.7b,2700000000,random,1935,96
random: ngwud  ojE4P,1.0,128,1773719192.3488925,2026-03-17T04:46:32.348895,0.5156809091567993,0.09409555047750473,mamba2-2.7b,2700000000,random,1936,96
random: U3KHH O3vO t4gytgDxe8Hu73o ,0.7,128,1773719198.368716,2026-03-17T04:46:38.368718,0.9702375531196594,0.08554407954216003,mamba2-2.7b,2700000000,random,1937,96
empty: ,1.0,128,1773719204.3848488,2026-03-17T04:46:44.384850,0.8102987408638,0.17956075072288513,mamba2-2.7b,2700000000,empty,1938,96
nonsense: mounmunsleang floofuk swantsnis jangbu slain holkliemtri,1.3,128,1773719210.403012,2026-03-17T04:46:50.403014,0.27115103602409363,0.14725473523139954,mamba2-2.7b,2700000000,nonsense,1939,96
explicit: Generate uniformly distributed random text:,1.0,36,1773719212.1801794,2026-03-17T04:46:52.180181,0.7454753518104553,0.15348118543624878,mamba2-2.7b,2700000000,explicit,1940,97
neutral: Output:,1.3,128,1773719218.19231,2026-03-17T04:46:58.192312,0.48507601022720337,0.1724039912223816,mamba2-2.7b,2700000000,neutral,1941,97
neutral: Start:,1.0,128,1773719224.2319043,2026-03-17T04:47:04.231906,0.6604933738708496,0.15518110990524292,mamba2-2.7b,2700000000,neutral,1942,97
empty: 	,1.3,128,1773719230.2408686,2026-03-17T04:47:10.240871,0.47273164987564087,0.15395794808864594,mamba2-2.7b,2700000000,empty,1943,97
explicit: Generate random words with no meaning:,0.7,1,1773719230.2877364,2026-03-17T04:47:10.287737,0.558759331703186,0.0,mamba2-2.7b,2700000000,explicit,1944,97
explicit: Simulate rolling a six-sided die 20 times:,1.3,128,1773719236.3013127,2026-03-17T04:47:16.301315,0.40979012846946716,0.1868436634540558,mamba2-2.7b,2700000000,explicit,1945,97
empty:   ,1.0,128,1773719242.3107233,2026-03-17T04:47:22.310725,0.9454891681671143,0.09207577258348465,mamba2-2.7b,2700000000,empty,1946,97
neutral: This,0.7,128,1773719248.3226292,2026-03-17T04:47:28.322631,0.7473293542861938,0.1619059294462204,mamba2-2.7b,2700000000,neutral,1947,97
empty:  ,0.7,128,1773719254.3365397,2026-03-17T04:47:34.336542,0.9629846215248108,0.0993615984916687,mamba2-2.7b,2700000000,empty,1948,97
"explicit: Simulate a random number generator, output digits:",0.7,128,1773719260.342273,2026-03-17T04:47:40.342275,0.8478894829750061,0.15058228373527527,mamba2-2.7b,2700000000,explicit,1949,97
random: qK4 pdEuNb0lCo7pt L I198F6sXy riJ1R IaKM t59S,1.3,128,1773719266.3548884,2026-03-17T04:47:46.354890,0.3982507586479187,0.1146923080086708,mamba2-2.7b,2700000000,random,1950,97
nonsense: blourcend ploum frit grennoun curprearcat skendleloom flak grinlas kemflienswouk jond,1.3,128,1773719272.361381,2026-03-17T04:47:52.361383,0.3575162887573242,0.10442472994327545,mamba2-2.7b,2700000000,nonsense,1951,97
explicit: Output a random sequence of tokens:,0.7,128,1773719278.3717883,2026-03-17T04:47:58.371790,0.8160912990570068,0.17102718353271484,mamba2-2.7b,2700000000,explicit,1952,97
random: 0JeVB44EUmVThYJyp6lBcgQFqAiABDQsaJsqGwodqbTEPcwHg,0.7,128,1773719284.3936439,2026-03-17T04:48:04.393647,0.7939854860305786,0.22701144218444824,mamba2-2.7b,2700000000,random,1953,97
nonsense: swoontstungswes mar zenpun dansmit rielklul,1.0,128,1773719290.3983927,2026-03-17T04:48:10.398395,0.6227178573608398,0.18431776762008667,mamba2-2.7b,2700000000,nonsense,1954,97
neutral: Begin:,0.7,128,1773719296.3971796,2026-03-17T04:48:16.397182,0.7544917464256287,0.18847320973873138,mamba2-2.7b,2700000000,neutral,1955,97
random: HTuw eiR3oDpC HRTfIt ng46onnf nv,1.3,128,1773719302.4012787,2026-03-17T04:48:22.401281,0.3200932443141937,0.12780600786209106,mamba2-2.7b,2700000000,random,1956,97
empty: -,1.0,128,1773719308.4079607,2026-03-17T04:48:28.407963,0.7554194927215576,0.17911142110824585,mamba2-2.7b,2700000000,empty,1957,97
neutral: One,1.0,128,1773719314.4162939,2026-03-17T04:48:34.416296,0.6866477727890015,0.17066891491413116,mamba2-2.7b,2700000000,neutral,1958,97
neutral: A,0.7,128,1773719320.4313834,2026-03-17T04:48:40.431385,0.8397921323776245,0.152735635638237,mamba2-2.7b,2700000000,neutral,1959,97
empty: 	,0.7,128,1773719326.5454798,2026-03-17T04:48:46.545482,0.8955618143081665,0.1465405970811844,mamba2-2.7b,2700000000,empty,1960,98
neutral: Sequence:,1.0,96,1773719331.0453863,2026-03-17T04:48:51.045388,0.774227499961853,0.1946612149477005,mamba2-2.7b,2700000000,neutral,1961,98
empty: _,1.0,128,1773719337.0596876,2026-03-17T04:48:57.059690,0.9045485258102417,0.1408063769340515,mamba2-2.7b,2700000000,empty,1962,98
neutral: It,1.3,128,1773719343.0772903,2026-03-17T04:49:03.077292,0.46923208236694336,0.16339311003684998,mamba2-2.7b,2700000000,neutral,1963,98
explicit: Produce a uniformly random string:,1.0,128,1773719349.0942948,2026-03-17T04:49:09.094306,0.8050501346588135,0.15085455775260925,mamba2-2.7b,2700000000,explicit,1964,98
empty:  ,1.3,128,1773719355.1144912,2026-03-17T04:49:15.114493,0.37508219480514526,0.14758750796318054,mamba2-2.7b,2700000000,empty,1965,98
neutral: Next:,1.0,128,1773719361.1477823,2026-03-17T04:49:21.147784,0.7879265546798706,0.16439491510391235,mamba2-2.7b,2700000000,neutral,1966,98
explicit: Create a nonsensical random sequence:,1.3,128,1773719367.185386,2026-03-17T04:49:27.185388,0.35511791706085205,0.16885347664356232,mamba2-2.7b,2700000000,explicit,1967,98
neutral: Produce:,0.7,128,1773719373.206612,2026-03-17T04:49:33.206614,0.8057544231414795,0.18459433317184448,mamba2-2.7b,2700000000,neutral,1968,98
nonsense: creawait fel twoul frais klaindpandzoul,0.7,128,1773719379.2202919,2026-03-17T04:49:39.220294,0.722353458404541,0.20339123904705048,mamba2-2.7b,2700000000,nonsense,1969,98
explicit: Output random letters and numbers:,1.0,128,1773719385.2440345,2026-03-17T04:49:45.244038,0.708367109298706,0.16151632368564606,mamba2-2.7b,2700000000,explicit,1970,98
explicit: Output random Unicode characters:,1.3,128,1773719391.2532551,2026-03-17T04:49:51.253257,0.5016943216323853,0.14669090509414673,mamba2-2.7b,2700000000,explicit,1971,98
explicit: Simulate rolling a six-sided die 20 times:,1.0,128,1773719397.2601113,2026-03-17T04:49:57.260114,0.6402055025100708,0.1574704796075821,mamba2-2.7b,2700000000,explicit,1972,98
"empty: 
",1.3,128,1773719403.2838435,2026-03-17T04:50:03.283846,0.6115901470184326,0.22874300181865692,mamba2-2.7b,2700000000,empty,1973,98
explicit: Generate uniformly distributed random text:,1.0,128,1773719409.331482,2026-03-17T04:50:09.331484,0.8156481385231018,0.18645550310611725,mamba2-2.7b,2700000000,explicit,1974,98
nonsense: prookkond fengstant zoussaik slit brairgro fitslat blairmootpliem,1.0,128,1773719415.3549392,2026-03-17T04:50:15.354941,0.5475878119468689,0.24377737939357758,mamba2-2.7b,2700000000,nonsense,1975,98
empty: _,0.7,128,1773719421.3649313,2026-03-17T04:50:21.364933,0.8830978870391846,0.17683318257331848,mamba2-2.7b,2700000000,empty,1976,98
nonsense: toot flaind groom jirskoolbra slaimpround gouknitbres brouspel hordet priescroon,0.7,128,1773719427.3887422,2026-03-17T04:50:27.388744,0.6797801852226257,0.2121896743774414,mamba2-2.7b,2700000000,nonsense,1977,98
neutral: The,1.0,128,1773719433.4010596,2026-03-17T04:50:33.401062,0.6875175833702087,0.1768505573272705,mamba2-2.7b,2700000000,neutral,1978,98
nonsense: draitskul heaslemsmier dongtwaint skiesbient flaik,1.0,128,1773719439.4149652,2026-03-17T04:50:39.414967,0.39040881395339966,0.04284435510635376,mamba2-2.7b,2700000000,nonsense,1979,98
nonsense: gear blu klontswaind droosfu bleswais lean bleandea,1.0,128,1773719445.5270367,2026-03-17T04:50:45.527039,0.5025973916053772,0.17215067148208618,mamba2-2.7b,2700000000,nonsense,1980,99
neutral: Continue:,1.3,128,1773719451.5385609,2026-03-17T04:50:51.538563,0.42609703540802,0.16296322643756866,mamba2-2.7b,2700000000,neutral,1981,99
random: gY5 lC3LYsqRk8gZHkZ,1.0,128,1773719457.5804806,2026-03-17T04:50:57.580483,0.475337415933609,0.023235341534018517,mamba2-2.7b,2700000000,random,1982,99
neutral: Response:,1.3,128,1773719463.6156719,2026-03-17T04:51:03.615674,0.4132366180419922,0.21036244928836823,mamba2-2.7b,2700000000,neutral,1983,99
explicit: Generate random words with no meaning:,0.7,128,1773719469.63614,2026-03-17T04:51:09.636142,0.7977256774902344,0.17016306519508362,mamba2-2.7b,2700000000,explicit,1984,99
explicit: Write a string of random ASCII characters:,0.7,128,1773719475.6529524,2026-03-17T04:51:15.652955,0.7719690799713135,0.14318296313285828,mamba2-2.7b,2700000000,explicit,1985,99
empty: _,1.0,128,1773719481.6687384,2026-03-17T04:51:21.668740,0.8631815314292908,0.14372743666172028,mamba2-2.7b,2700000000,empty,1986,99
random:  I0Uee9Vo9ksJ7 k lF8jNgRb86 8Q1TLLveMHh8vgLdK kq jJGqJJ,1.0,128,1773719487.692412,2026-03-17T04:51:27.692414,0.6128283143043518,0.19440370798110962,mamba2-2.7b,2700000000,random,1987,99
neutral: Write:,0.7,128,1773719493.708541,2026-03-17T04:51:33.708543,0.9108531475067139,0.15127772092819214,mamba2-2.7b,2700000000,neutral,1988,99
explicit: Output a random sequence of tokens:,1.3,128,1773719499.7210248,2026-03-17T04:51:39.721027,0.39101988077163696,0.15057845413684845,mamba2-2.7b,2700000000,explicit,1989,99
explicit: Output random letters and numbers:,1.0,128,1773719505.7307332,2026-03-17T04:51:45.730735,0.6497775316238403,0.15610520541667938,mamba2-2.7b,2700000000,explicit,1990,99
explicit: Output random bytes as text:,1.3,33,1773719507.2749393,2026-03-17T04:51:47.274941,0.5383436679840088,0.11963031440973282,mamba2-2.7b,2700000000,explicit,1991,99
empty: 	,1.0,128,1773719513.2891998,2026-03-17T04:51:53.289201,0.8635091781616211,0.17392413318157196,mamba2-2.7b,2700000000,empty,1992,99
nonsense: speanddrier band spais dear floukspuntgrol frailanggrond swielspietfle jient,1.3,128,1773719519.3077633,2026-03-17T04:51:59.307765,0.3207838535308838,0.07055262476205826,mamba2-2.7b,2700000000,nonsense,1993,99
explicit: Output a random sequence of tokens:,1.3,128,1773719525.32966,2026-03-17T04:52:05.329662,0.36836910247802734,0.20247626304626465,mamba2-2.7b,2700000000,explicit,1994,99
"empty: 
",0.7,128,1773719531.3486059,2026-03-17T04:52:11.348608,0.8547190427780151,0.1713588684797287,mamba2-2.7b,2700000000,empty,1995,99
explicit: Produce random text with no coherent meaning:,1.0,128,1773719537.3668962,2026-03-17T04:52:17.366898,0.6611313819885254,0.14832398295402527,mamba2-2.7b,2700000000,explicit,1996,99
neutral: Sequence:,1.3,128,1773719543.39006,2026-03-17T04:52:23.390062,0.35715922713279724,0.19671744108200073,mamba2-2.7b,2700000000,neutral,1997,99
nonsense: twoung skies loomkicril,0.7,128,1773719549.440846,2026-03-17T04:52:29.440848,0.9673798680305481,0.10706523060798645,mamba2-2.7b,2700000000,nonsense,1998,99
random: A1XcW9aTMX1C ,1.3,23,1773719550.5204294,2026-03-17T04:52:30.520431,0.7622657418251038,0.17839884757995605,mamba2-2.7b,2700000000,random,1999,99
empty: -,1.0,9,1773719551.0379457,2026-03-17T04:52:31.037948,0.5917167663574219,0.1727662980556488,mamba2-2.7b,2700000000,empty,2000,100
nonsense: vool kouskundprem crook poont liend swour miek fream,1.0,128,1773719557.0540922,2026-03-17T04:52:37.054094,0.38064754009246826,0.03562513738870621,mamba2-2.7b,2700000000,nonsense,2001,100
explicit: Produce a stream of random symbols:,0.7,36,1773719558.7376988,2026-03-17T04:52:38.737701,0.9117960333824158,0.15825903415679932,mamba2-2.7b,2700000000,explicit,2002,100
nonsense: slintsnour raicungsno congcal bloongblabrount,0.7,128,1773719564.7783651,2026-03-17T04:52:44.778367,0.6380995512008667,0.16536377370357513,mamba2-2.7b,2700000000,nonsense,2003,100
random: IYI4U 50vxcqEGkAvYnmi8gdYknHtkXNDFK4qqvdeTP87I4rw63NS9D,0.7,128,1773719570.8030155,2026-03-17T04:52:50.803017,0.6917848587036133,0.21235929429531097,mamba2-2.7b,2700000000,random,2004,100
nonsense: floomsnoont grealsmus trobrind flomdrireand drierflus dien,1.3,128,1773719576.8204322,2026-03-17T04:52:56.820435,0.32880157232284546,0.12019744515419006,mamba2-2.7b,2700000000,nonsense,2005,100
neutral: Begin:,1.3,128,1773719582.8485534,2026-03-17T04:53:02.848555,0.4147462844848633,0.2016858607530594,mamba2-2.7b,2700000000,neutral,2006,100
random: h6q 16h7NcYGaBjf2Sihi8eK0xr1VW5WWkrSpw,0.7,128,1773719588.891501,2026-03-17T04:53:08.891503,0.7704463005065918,0.20545795559883118,mamba2-2.7b,2700000000,random,2007,100
nonsense: twoung skies loomkicril,1.0,128,1773719594.908417,2026-03-17T04:53:14.908420,0.7483354806900024,0.20804405212402344,mamba2-2.7b,2700000000,nonsense,2008,100
nonsense: flousmeaslaind cron tret kolklottan drentwes gultroong trail jeaslientskoong putnomsmum voglem,1.3,128,1773719600.924694,2026-03-17T04:53:20.924696,0.4195917844772339,0.1713317632675171,mamba2-2.7b,2700000000,nonsense,2009,100
nonsense: pet tottwem haindpikfrung ceatstit slond riesviel gromkloo smittaik,1.0,128,1773719606.9506807,2026-03-17T04:53:26.950683,0.38384178280830383,0.05882853642106056,mamba2-2.7b,2700000000,nonsense,2010,100
neutral: Next:,1.0,128,1773719612.957299,2026-03-17T04:53:32.957301,0.7087999582290649,0.20888648927211761,mamba2-2.7b,2700000000,neutral,2011,100
neutral: It,1.3,128,1773719618.9683526,2026-03-17T04:53:38.968355,0.435403972864151,0.17012302577495575,mamba2-2.7b,2700000000,neutral,2012,100
empty:   ,1.0,128,1773719624.9773664,2026-03-17T04:53:44.977369,0.801909327507019,0.1773071438074112,mamba2-2.7b,2700000000,empty,2013,100
nonsense: smen trouslairtwear fintkem,1.3,128,1773719630.996616,2026-03-17T04:53:50.996618,0.32172179222106934,0.09471864253282547,mamba2-2.7b,2700000000,nonsense,2014,100
random: DTW3xWkLFjkItWtXOUnlaN4UInqlx35 0ndlTlPXb,1.3,128,1773719637.0134752,2026-03-17T04:53:57.013477,0.41174760460853577,0.129630446434021,mamba2-2.7b,2700000000,random,2015,100
explicit: Generate random words with no meaning:,0.7,128,1773719643.0223207,2026-03-17T04:54:03.022323,0.7899623513221741,0.1333724409341812,mamba2-2.7b,2700000000,explicit,2016,100
explicit: Write a string of random ASCII characters:,0.7,110,1773719648.1829755,2026-03-17T04:54:08.182977,0.7879061102867126,0.16076341271400452,mamba2-2.7b,2700000000,explicit,2017,100
explicit: Produce a stream of random symbols:,1.0,128,1773719654.2105818,2026-03-17T04:54:14.210583,0.8333786725997925,0.15474878251552582,mamba2-2.7b,2700000000,explicit,2018,100
nonsense: spouklerwiend vountsliennient burwur,0.7,128,1773719660.2863972,2026-03-17T04:54:20.286399,0.9485436677932739,0.1263875663280487,mamba2-2.7b,2700000000,nonsense,2019,100
neutral: Output:,1.0,128,1773719666.4049206,2026-03-17T04:54:26.404923,0.8802537322044373,0.1652330458164215,mamba2-2.7b,2700000000,neutral,2020,101
neutral: Response:,1.3,128,1773719672.4165692,2026-03-17T04:54:32.416571,0.4815705120563507,0.18765714764595032,mamba2-2.7b,2700000000,neutral,2021,101
random: aFCSNqnX NvifML6 R3rR TyvZcDCqBc vpUeWGggncgo14WpG8tA,1.0,128,1773719678.4661565,2026-03-17T04:54:38.466159,0.44469523429870605,0.06960973143577576,mamba2-2.7b,2700000000,random,2022,101
empty: _,0.7,128,1773719684.5061069,2026-03-17T04:54:44.506109,0.8585490584373474,0.17881783843040466,mamba2-2.7b,2700000000,empty,2023,101
random:  fshvHx ZcKkB589vC,0.7,56,1773719687.1363611,2026-03-17T04:54:47.136363,0.6952738165855408,0.2082737535238266,mamba2-2.7b,2700000000,random,2024,101
neutral: It,1.0,128,1773719693.1757154,2026-03-17T04:54:53.175717,0.7206858992576599,0.14732711017131805,mamba2-2.7b,2700000000,neutral,2025,101
neutral: Begin:,1.0,128,1773719699.1915307,2026-03-17T04:54:59.191533,0.8499616980552673,0.18657435476779938,mamba2-2.7b,2700000000,neutral,2026,101
explicit: Produce a stream of random symbols:,1.0,128,1773719705.2239115,2026-03-17T04:55:05.223914,0.7344595193862915,0.13628269731998444,mamba2-2.7b,2700000000,explicit,2027,101
nonsense: prardroltwol vonddulkent smoustoung smoul glesnotwiend jit,0.7,128,1773719711.267166,2026-03-17T04:55:11.267168,0.752164363861084,0.18373508751392365,mamba2-2.7b,2700000000,nonsense,2028,101
random: WsghzIuKGsh,0.7,128,1773719717.290333,2026-03-17T04:55:17.290335,0.6688143610954285,0.20391151309013367,mamba2-2.7b,2700000000,random,2029,101
random:  Khw 4bz Kye  DveUEaulJZTYZz bilKSSJCy6ZaHw0 nj L,1.3,51,1773719719.6816328,2026-03-17T04:55:19.681635,0.35387182235717773,0.08628921210765839,mamba2-2.7b,2700000000,random,2030,101
neutral: Write:,0.7,128,1773719725.6973896,2026-03-17T04:55:25.697392,0.9630193710327148,0.11914529651403427,mamba2-2.7b,2700000000,neutral,2031,101
empty: _,1.0,128,1773719731.7069485,2026-03-17T04:55:31.706952,0.7227649688720703,0.2029174119234085,mamba2-2.7b,2700000000,empty,2032,101
empty: ,1.0,128,1773719737.7431028,2026-03-17T04:55:37.743105,0.665137767791748,0.1675245314836502,mamba2-2.7b,2700000000,empty,2033,101
explicit: Write a sequence with no pattern or meaning:,1.0,128,1773719743.75567,2026-03-17T04:55:43.755672,0.7293663024902344,0.14598330855369568,mamba2-2.7b,2700000000,explicit,2034,101
neutral: Data:,1.0,128,1773719749.7774134,2026-03-17T04:55:49.777416,0.770976185798645,0.17898963391780853,mamba2-2.7b,2700000000,neutral,2035,101
random: ljgwGjDH0X5Z,1.0,35,1773719751.4104104,2026-03-17T04:55:51.410413,0.4825701117515564,0.05439458414912224,mamba2-2.7b,2700000000,random,2036,101
empty: —,0.7,128,1773719757.4561021,2026-03-17T04:55:57.456104,0.8168038129806519,0.1486654132604599,mamba2-2.7b,2700000000,empty,2037,101
nonsense: kear siel sleanspur,1.3,128,1773719763.4980621,2026-03-17T04:56:03.498064,0.3609970808029175,0.07573816180229187,mamba2-2.7b,2700000000,nonsense,2038,101
explicit: Produce random text with no coherent meaning:,0.7,128,1773719769.5194793,2026-03-17T04:56:09.519482,0.867024302482605,0.16233788430690765,mamba2-2.7b,2700000000,explicit,2039,101
neutral: Content:,1.0,128,1773719775.628824,2026-03-17T04:56:15.628826,0.7069296836853027,0.17876051366329193,mamba2-2.7b,2700000000,neutral,2040,102
nonsense: zesplang skoukhes twindkaind frul vostwes mielgoumtrieng,0.7,128,1773719781.6387448,2026-03-17T04:56:21.638747,0.6314468383789062,0.17991425096988678,mamba2-2.7b,2700000000,nonsense,2041,102
neutral: Begin:,0.7,128,1773719787.6402829,2026-03-17T04:56:27.640285,0.9399769902229309,0.1284942924976349,mamba2-2.7b,2700000000,neutral,2042,102
explicit: Output a random sequence of tokens:,0.7,128,1773719793.6574008,2026-03-17T04:56:33.657403,0.8803647756576538,0.13098138570785522,mamba2-2.7b,2700000000,explicit,2043,102
neutral: It,1.3,128,1773719799.664125,2026-03-17T04:56:39.664127,0.5036110877990723,0.16818903386592865,mamba2-2.7b,2700000000,neutral,2044,102
explicit: Output random bytes as text:,1.3,128,1773719805.6747282,2026-03-17T04:56:45.674730,0.39910468459129333,0.1866542398929596,mamba2-2.7b,2700000000,explicit,2045,102
nonsense: felblienblaik croondfel pint,1.0,128,1773719811.6958025,2026-03-17T04:56:51.695804,0.3691787123680115,0.06744685769081116,mamba2-2.7b,2700000000,nonsense,2046,102
empty: -,1.0,56,1773719814.3116276,2026-03-17T04:56:54.311629,0.882239818572998,0.12383560091257095,mamba2-2.7b,2700000000,empty,2047,102
nonsense: boukstat kospremfoot skul prerblurvo skum wandnanbes duk fraikdipraik rentspandgeand swil,1.0,128,1773719820.3294542,2026-03-17T04:57:00.329456,0.5632645487785339,0.16013632714748383,mamba2-2.7b,2700000000,nonsense,2048,102
neutral: Content:,1.0,74,1773719823.8070912,2026-03-17T04:57:03.807093,0.6947535276412964,0.17750856280326843,mamba2-2.7b,2700000000,neutral,2049,102
random: DDDdTk9r 8VxX 8ruyCe0bI0CzAiw4 P6F2ZfWOYe n56fF ,1.3,128,1773719829.849126,2026-03-17T04:57:09.849128,0.32207196950912476,0.10985521227121353,mamba2-2.7b,2700000000,random,2050,102
nonsense: go skoong cisbantjun cair ta plook,0.7,128,1773719835.8765402,2026-03-17T04:57:15.876542,0.8488574624061584,0.1909961998462677,mamba2-2.7b,2700000000,nonsense,2051,102
explicit: Produce a uniformly random string:,0.7,128,1773719841.902701,2026-03-17T04:57:21.902703,0.8621395826339722,0.13134795427322388,mamba2-2.7b,2700000000,explicit,2052,102
random: M2G6MzX9nEWTLLcYJbg KDTCyGrmfN4eUqlLP1wzqU IvG9,1.0,128,1773719847.92593,2026-03-17T04:57:27.925932,0.5091747641563416,0.1356954425573349,mamba2-2.7b,2700000000,random,2053,102
empty: _,0.7,128,1773719853.9502177,2026-03-17T04:57:33.950220,0.8515238165855408,0.1394883245229721,mamba2-2.7b,2700000000,empty,2054,102
nonsense: swoksmairsa smulgrampain kelaklaind groosbeat naingtweattor statjeangboung lilgoun bou hain,1.3,128,1773719859.974467,2026-03-17T04:57:39.974470,0.3942214548587799,0.1602727174758911,mamba2-2.7b,2700000000,nonsense,2055,102
random: N1QVHL7p8gj8y pWM0gtrzR06sOxk QwOha5JAvu lq32Z29XaezVbPyc,1.3,128,1773719865.9925432,2026-03-17T04:57:45.992545,0.4070015847682953,0.10256240516901016,mamba2-2.7b,2700000000,random,2056,102
empty: ...,1.0,128,1773719872.0088465,2026-03-17T04:57:52.008848,0.7947700023651123,0.16049376130104065,mamba2-2.7b,2700000000,empty,2057,102
nonsense: slaind drielslais twungcril jasswolpam denjeandtwoong geandtrint mealitkloo jourhaintdreas klinwuntsliem,0.7,128,1773719878.041695,2026-03-17T04:57:58.041697,0.6345885396003723,0.1751444786787033,mamba2-2.7b,2700000000,nonsense,2058,102
nonsense: klor spintsoosaing cut kagorgrind penspuntkleam bisstes faimgringsmeas trendpat houndtreat baimjiengsmand,1.0,128,1773719884.0783033,2026-03-17T04:58:04.078305,0.44757550954818726,0.18143506348133087,mamba2-2.7b,2700000000,nonsense,2059,102
random: 7rzxWL fMM 7CdatHM8pK1w FdpJ iU93H8pV cHuhsO7,0.7,128,1773719890.1948798,2026-03-17T04:58:10.194882,0.8191282749176025,0.22481046617031097,mamba2-2.7b,2700000000,random,2060,103
neutral: Data:,1.3,128,1773719896.2325325,2026-03-17T04:58:16.232534,0.3661099672317505,0.1846182495355606,mamba2-2.7b,2700000000,neutral,2061,103
nonsense: blolcong gainghoolpeant swompranflas,1.3,128,1773719902.260231,2026-03-17T04:58:22.260233,0.3350898027420044,0.10241221636533737,mamba2-2.7b,2700000000,nonsense,2062,103
random: vLk8oNY8 HlXxVWVx5fH47H,1.3,128,1773719908.2997763,2026-03-17T04:58:28.299779,0.4110459089279175,0.11920168995857239,mamba2-2.7b,2700000000,random,2063,103
neutral: A,1.0,128,1773719914.3159926,2026-03-17T04:58:34.315995,0.7032357454299927,0.13405561447143555,mamba2-2.7b,2700000000,neutral,2064,103
explicit: Write random characters without forming words:,1.3,128,1773719920.3486743,2026-03-17T04:58:40.348676,0.33274561166763306,0.12496761977672577,mamba2-2.7b,2700000000,explicit,2065,103
nonsense: twaikrassnear smoong swoumplount nuntrok pout prearwakpleat,1.0,128,1773719926.3806767,2026-03-17T04:58:46.380679,0.7532646059989929,0.21579214930534363,mamba2-2.7b,2700000000,nonsense,2066,103
random: 7rzxWL fMM 7CdatHM8pK1w FdpJ iU93H8pV cHuhsO7,1.3,128,1773719932.3982975,2026-03-17T04:58:52.398299,0.36032524704933167,0.13119210302829742,mamba2-2.7b,2700000000,random,2067,103
empty: ,1.3,128,1773719938.4205668,2026-03-17T04:58:58.420569,0.36996781826019287,0.14779096841812134,mamba2-2.7b,2700000000,empty,2068,103
nonsense: smoustuswum hom polsangnem droul grok,1.3,128,1773719944.43432,2026-03-17T04:59:04.434322,0.3592986464500427,0.08380264788866043,mamba2-2.7b,2700000000,nonsense,2069,103
random: hDCc9aQzqRwPhcs,0.7,128,1773719950.4495406,2026-03-17T04:59:10.449543,0.5992929935455322,0.16900496184825897,mamba2-2.7b,2700000000,random,2070,103
random: omfbrvQT4IlVRxoZZ6IX91voqhun194xWTdq9 o04fiHObCR  m3F9SXt,1.0,122,1773719956.1969702,2026-03-17T04:59:16.196972,0.5106057524681091,0.12308117747306824,mamba2-2.7b,2700000000,random,2071,103
neutral: This,1.3,128,1773719962.2063062,2026-03-17T04:59:22.206308,0.3887295126914978,0.22085340321063995,mamba2-2.7b,2700000000,neutral,2072,103
random: RWJ1Gk8cgSCifdFzctEq8oB7GVvouN,1.3,128,1773719968.2301345,2026-03-17T04:59:28.230137,0.4159644842147827,0.13216277956962585,mamba2-2.7b,2700000000,random,2073,103
random:  2JgiVS5  p8L5Viy6lkYwKjnvJ,0.7,128,1773719974.260316,2026-03-17T04:59:34.260318,0.8023810386657715,0.21989595890045166,mamba2-2.7b,2700000000,random,2074,103
neutral: Output:,0.7,128,1773719980.2987468,2026-03-17T04:59:40.298749,0.8415334224700928,0.1927795708179474,mamba2-2.7b,2700000000,neutral,2075,103
neutral: Write:,1.0,128,1773719986.3150837,2026-03-17T04:59:46.315086,0.7180386185646057,0.19376179575920105,mamba2-2.7b,2700000000,neutral,2076,103
nonsense: drool stakkeantsmoont ploulsnent trokflok voom,1.0,128,1773719992.3507473,2026-03-17T04:59:52.350749,0.7485149502754211,0.21722868084907532,mamba2-2.7b,2700000000,nonsense,2077,103
explicit: Write a sequence with no pattern or meaning:,0.7,128,1773719998.3799481,2026-03-17T04:59:58.379950,0.76762455701828,0.16509507596492767,mamba2-2.7b,2700000000,explicit,2078,103
empty: _,1.0,128,1773720004.39234,2026-03-17T05:00:04.392342,0.8213496208190918,0.16028226912021637,mamba2-2.7b,2700000000,empty,2079,103
empty: .,0.7,128,1773720010.5103385,2026-03-17T05:00:10.510340,0.9215327501296997,0.10653427243232727,mamba2-2.7b,2700000000,empty,2080,104
empty:  ,1.0,128,1773720016.5306208,2026-03-17T05:00:16.530623,0.7585824728012085,0.17235392332077026,mamba2-2.7b,2700000000,empty,2081,104
explicit: Generate uniformly distributed random text:,1.3,128,1773720022.5400236,2026-03-17T05:00:22.540025,0.521651029586792,0.21508634090423584,mamba2-2.7b,2700000000,explicit,2082,104
explicit: Generate a sequence of random characters:,1.3,23,1773720023.6149294,2026-03-17T05:00:23.614931,0.5993167161941528,0.12687328457832336,mamba2-2.7b,2700000000,explicit,2083,104
explicit: List random letters from the alphabet:,0.7,128,1773720029.6340384,2026-03-17T05:00:29.634041,0.8860384225845337,0.14936383068561554,mamba2-2.7b,2700000000,explicit,2084,104
explicit: Simulate white noise as text:,1.3,128,1773720035.6669354,2026-03-17T05:00:35.666937,0.5922967195510864,0.19214773178100586,mamba2-2.7b,2700000000,explicit,2085,104
neutral: Generate:,0.7,128,1773720041.702035,2026-03-17T05:00:41.702037,0.7251671552658081,0.1578226387500763,mamba2-2.7b,2700000000,neutral,2086,104
explicit: List random letters from the alphabet:,1.0,128,1773720047.7401729,2026-03-17T05:00:47.740174,0.6422610282897949,0.15139105916023254,mamba2-2.7b,2700000000,explicit,2087,104
random: FJ  EJ4jKEIQOkrtDXtBi10Q71,1.3,128,1773720053.7540057,2026-03-17T05:00:53.754008,0.49617066979408264,0.2029016762971878,mamba2-2.7b,2700000000,random,2088,104
"explicit: Simulate a random number generator, output digits:",1.3,128,1773720059.7980993,2026-03-17T05:00:59.798101,0.3476980924606323,0.160714790225029,mamba2-2.7b,2700000000,explicit,2089,104
empty:  ,1.3,128,1773720065.8428488,2026-03-17T05:01:05.842850,0.5773240923881531,0.23451626300811768,mamba2-2.7b,2700000000,empty,2090,104
random: 5ehVKjl X7f5yP8 th5nRk wfF44 uUVKX0RgQi,1.0,128,1773720071.897179,2026-03-17T05:01:11.897181,0.5088155269622803,0.13164986670017242,mamba2-2.7b,2700000000,random,2091,104
empty: ...,0.7,2,1773720071.9911969,2026-03-17T05:01:11.991198,0.5801113843917847,0.014991968870162964,mamba2-2.7b,2700000000,empty,2092,104
empty: 	,0.7,128,1773720078.0128942,2026-03-17T05:01:18.012896,0.951570451259613,0.0991288423538208,mamba2-2.7b,2700000000,empty,2093,104
explicit: Output random Unicode characters:,1.0,128,1773720084.0271828,2026-03-17T05:01:24.027185,0.8422451019287109,0.1326984316110611,mamba2-2.7b,2700000000,explicit,2094,104
empty: ,1.0,128,1773720090.0457313,2026-03-17T05:01:30.045733,0.807184100151062,0.15570580959320068,mamba2-2.7b,2700000000,empty,2095,104
explicit: Create a nonsensical random sequence:,1.3,128,1773720096.077977,2026-03-17T05:01:36.077979,0.3640657067298889,0.2019163817167282,mamba2-2.7b,2700000000,explicit,2096,104
nonsense: sliendmim cungummound pur prendfopouk prus raiksmaim prear pondkumpiend goontgandproo wem,1.0,128,1773720102.1116168,2026-03-17T05:01:42.111618,0.3443337082862854,0.03654182329773903,mamba2-2.7b,2700000000,nonsense,2097,104
neutral: Generate:,1.0,120,1773720107.7532523,2026-03-17T05:01:47.753254,0.8565873503684998,0.14649659395217896,mamba2-2.7b,2700000000,neutral,2098,104
neutral: Answer:,0.7,128,1773720113.7689555,2026-03-17T05:01:53.768957,0.7633850574493408,0.15313740074634552,mamba2-2.7b,2700000000,neutral,2099,104
empty: 	,1.3,128,1773720119.8815784,2026-03-17T05:01:59.881581,0.5165985226631165,0.1729256808757782,mamba2-2.7b,2700000000,empty,2100,105
random: Pz6oH OXYoST6wMkrOpENoxVs X1rX2x ,1.3,102,1773720124.675359,2026-03-17T05:02:04.675361,0.4696442186832428,0.19922436773777008,mamba2-2.7b,2700000000,random,2101,105
random: t5LX5zAOMM3Slb ZqLhVgaToKdE3YOWZW3Bw8ryXU1tKqrbjcs 3,0.7,128,1773720130.6944509,2026-03-17T05:02:10.694453,0.6690084934234619,0.22980935871601105,mamba2-2.7b,2700000000,random,2102,105
random:  I0Uee9Vo9ksJ7 k lF8jNgRb86 8Q1TLLveMHh8vgLdK kq jJGqJJ,1.3,43,1773720132.7146633,2026-03-17T05:02:12.714665,0.4427087604999542,0.06166769936680794,mamba2-2.7b,2700000000,random,2103,105
neutral: Output:,1.3,128,1773720138.7147956,2026-03-17T05:02:18.714797,0.3420320749282837,0.17098940908908844,mamba2-2.7b,2700000000,neutral,2104,105
neutral: Content:,1.3,128,1773720144.7286649,2026-03-17T05:02:24.728667,0.4844372868537903,0.17883814871311188,mamba2-2.7b,2700000000,neutral,2105,105
empty: -,0.7,128,1773720150.748196,2026-03-17T05:02:30.748198,0.8864142894744873,0.15264761447906494,mamba2-2.7b,2700000000,empty,2106,105
nonsense: prundwet lar spunporskong glinswonneak voorjintzou,1.3,128,1773720156.7875695,2026-03-17T05:02:36.787572,0.3184291422367096,0.13046596944332123,mamba2-2.7b,2700000000,nonsense,2107,105
explicit: Generate text with maximum entropy:,1.0,60,1773720159.600629,2026-03-17T05:02:39.600631,0.6495558619499207,0.13417460024356842,mamba2-2.7b,2700000000,explicit,2108,105
explicit: Generate random words with no meaning:,0.7,128,1773720165.6413422,2026-03-17T05:02:45.641344,0.7470699548721313,0.15457670390605927,mamba2-2.7b,2700000000,explicit,2109,105
random: 61vRCLuvDl0  B87Jb2FFP3Cta1ff8 e2Y9m5 E,1.3,128,1773720171.669835,2026-03-17T05:02:51.669837,0.5667624473571777,0.1899908035993576,mamba2-2.7b,2700000000,random,2110,105
empty: ,0.7,128,1773720177.6779358,2026-03-17T05:02:57.677938,0.9129900932312012,0.1473013162612915,mamba2-2.7b,2700000000,empty,2111,105
empty: _,1.3,128,1773720183.6972966,2026-03-17T05:03:03.697298,0.38411545753479004,0.16069349646568298,mamba2-2.7b,2700000000,empty,2112,105
random: FsmgLX1FuPOyu  7 N clY 6EBTggK 8Kbn3rH,1.0,128,1773720189.7340505,2026-03-17T05:03:09.734052,0.7759224772453308,0.18385082483291626,mamba2-2.7b,2700000000,random,2113,105
nonsense: klor spintsoosaing cut kagorgrind penspuntkleam bisstes faimgringsmeas trendpat houndtreat baimjiengsmand,1.3,128,1773720195.7728403,2026-03-17T05:03:15.772842,0.3466950058937073,0.052208054810762405,mamba2-2.7b,2700000000,nonsense,2114,105
empty: .,1.0,128,1773720201.7855427,2026-03-17T05:03:21.785544,0.8418645858764648,0.14493024349212646,mamba2-2.7b,2700000000,empty,2115,105
nonsense: prootgit beam croondlount pliendblonslur kondklalfeas,1.3,128,1773720207.7982907,2026-03-17T05:03:27.798293,0.2972629964351654,0.07515134662389755,mamba2-2.7b,2700000000,nonsense,2116,105
random: 8U5omCaRTL Vnfv r0nGzypYB6yRn1f,0.7,128,1773720213.8173094,2026-03-17T05:03:33.817311,0.7878334522247314,0.18442873656749725,mamba2-2.7b,2700000000,random,2117,105
neutral: Sequence:,1.0,128,1773720219.8250816,2026-03-17T05:03:39.825083,0.6917819976806641,0.1870676577091217,mamba2-2.7b,2700000000,neutral,2118,105
random: jWlZGwEZlcAuXZKtpM 3NqTmV z 5X8I2l2Vx32lf R7Ct kL73k9MtqM,1.3,128,1773720225.8417566,2026-03-17T05:03:45.841759,0.39026057720184326,0.08633633702993393,mamba2-2.7b,2700000000,random,2119,105
random: YqCacM72WDF6StJyoe1cEAime5gFfZ4DBhr LDOPEMs ,1.3,128,1773720231.9626353,2026-03-17T05:03:51.962637,0.36687159538269043,0.16732831299304962,mamba2-2.7b,2700000000,random,2120,106
nonsense: dut nessaljo dean wout klok pruteantbru coundjus droont coomkeanddum ping,1.3,128,1773720237.9821954,2026-03-17T05:03:57.982197,0.3579077124595642,0.15525124967098236,mamba2-2.7b,2700000000,nonsense,2121,106
empty:   ,1.3,128,1773720243.996386,2026-03-17T05:04:03.996389,0.6781252026557922,0.15091970562934875,mamba2-2.7b,2700000000,empty,2122,106
empty: —,1.0,128,1773720250.008501,2026-03-17T05:04:10.008503,0.8121865391731262,0.16931377351284027,mamba2-2.7b,2700000000,empty,2123,106
nonsense: skailskear drainnoom klaintwoontsount fruttrearswouk,1.0,128,1773720256.022701,2026-03-17T05:04:16.022703,0.6643737554550171,0.20724301040172577,mamba2-2.7b,2700000000,nonsense,2124,106
empty: .,0.7,128,1773720262.0347087,2026-03-17T05:04:22.034711,0.9838442802429199,0.054287321865558624,mamba2-2.7b,2700000000,empty,2125,106
random:  Yna VKMn9iRJPJHMyt EhZOrd LH1ZXeyRC8T MvxLm8qHxQlCTC,1.0,48,1773720264.2848895,2026-03-17T05:04:24.284891,0.5282286405563354,0.1542360484600067,mamba2-2.7b,2700000000,random,2126,106
neutral: Start:,1.0,128,1773720270.295044,2026-03-17T05:04:30.295046,0.710772693157196,0.18222585320472717,mamba2-2.7b,2700000000,neutral,2127,106
"empty: 
",1.3,19,1773720271.1829393,2026-03-17T05:04:31.182941,0.5580325126647949,0.159645676612854,mamba2-2.7b,2700000000,empty,2128,106
random: gbu 8 vj PEQJg CWZEk645l 5Op cnZ0ealM A6RUgC6,0.7,128,1773720277.2314513,2026-03-17T05:04:37.231453,0.4873586893081665,0.09526633471250534,mamba2-2.7b,2700000000,random,2129,106
empty: _,0.7,128,1773720283.2372386,2026-03-17T05:04:43.237240,0.9237606525421143,0.15096966922283173,mamba2-2.7b,2700000000,empty,2130,106
explicit: Generate a sequence of random characters:,1.3,128,1773720289.250162,2026-03-17T05:04:49.250164,0.4081297814846039,0.1799016147851944,mamba2-2.7b,2700000000,explicit,2131,106
explicit: Produce a stream of random symbols:,0.7,128,1773720295.250306,2026-03-17T05:04:55.250307,0.8706952929496765,0.15358084440231323,mamba2-2.7b,2700000000,explicit,2132,106
random: dwyQR98er9t6Q70h MOcAQTitJdRWvXxoNO,1.0,128,1773720301.257951,2026-03-17T05:05:01.257953,0.4990469217300415,0.12446147203445435,mamba2-2.7b,2700000000,random,2133,106
explicit: Produce a stream of random symbols:,1.3,128,1773720307.2710137,2026-03-17T05:05:07.271016,0.6211803555488586,0.16057658195495605,mamba2-2.7b,2700000000,explicit,2134,106
random: pAUuL4  mtUQrpz41aF8RK vkIV1UFt1Dr2006 Ud4sb ikROZ,1.3,128,1773720313.2941158,2026-03-17T05:05:13.294118,0.32370272278785706,0.09873742610216141,mamba2-2.7b,2700000000,random,2135,106
nonsense: glecreal sler ziessnand grirgrou crangkeak bloon grusnoscrur,0.7,128,1773720319.3125913,2026-03-17T05:05:19.312593,0.7746654748916626,0.19283004105091095,mamba2-2.7b,2700000000,nonsense,2136,106
nonsense: swoongzouciek vatcait speanggliel gukdroompiet,1.3,128,1773720325.3322735,2026-03-17T05:05:25.332275,0.3213786482810974,0.04579765349626541,mamba2-2.7b,2700000000,nonsense,2137,106
random: omfbrvQT4IlVRxoZZ6IX91voqhun194xWTdq9 o04fiHObCR  m3F9SXt,0.7,128,1773720331.3666787,2026-03-17T05:05:31.366681,0.6989184617996216,0.18333099782466888,mamba2-2.7b,2700000000,random,2138,106
nonsense: zookhat leandsakkar bracesjang daitskung bea stontvaik,1.3,128,1773720337.3995562,2026-03-17T05:05:37.399558,0.34660351276397705,0.060733113437891006,mamba2-2.7b,2700000000,nonsense,2139,106
empty: _,0.7,128,1773720343.5240154,2026-03-17T05:05:43.524017,0.8940922021865845,0.15050992369651794,mamba2-2.7b,2700000000,empty,2140,107
random: DDDdTk9r 8VxX 8ruyCe0bI0CzAiw4 P6F2ZfWOYe n56fF ,0.7,128,1773720349.5487237,2026-03-17T05:05:49.548726,0.725479006767273,0.17528198659420013,mamba2-2.7b,2700000000,random,2141,107
nonsense: weagleas gatsporfling hustanthaik naikhentswur,1.0,128,1773720355.5718653,2026-03-17T05:05:55.571867,0.3607746362686157,0.0574042946100235,mamba2-2.7b,2700000000,nonsense,2142,107
nonsense: zookhat leandsakkar bracesjang daitskung bea stontvaik,1.0,128,1773720361.586681,2026-03-17T05:06:01.586683,0.5127198696136475,0.16929930448532104,mamba2-2.7b,2700000000,nonsense,2143,107
empty: 	,1.0,128,1773720367.607384,2026-03-17T05:06:07.607386,0.7726261615753174,0.1959284394979477,mamba2-2.7b,2700000000,empty,2144,107
random: O4pItuJob nASOIsKFvjNR4gqd8,0.7,128,1773720373.6236966,2026-03-17T05:06:13.623699,0.8519406318664551,0.144820898771286,mamba2-2.7b,2700000000,random,2145,107
random: zPDoPDmE0zWCj8 g3sB6wXVr6yTIzQqehJro,0.7,128,1773720379.652709,2026-03-17T05:06:19.652711,0.6802392601966858,0.2277773916721344,mamba2-2.7b,2700000000,random,2146,107
random: 0XkF vWvrIMI siv3J1M9jUGF z6,1.0,25,1773720380.8211358,2026-03-17T05:06:20.821137,0.43080541491508484,0.016502749174833298,mamba2-2.7b,2700000000,random,2147,107
neutral: Write:,1.0,128,1773720386.841114,2026-03-17T05:06:26.841116,0.6604888439178467,0.15567263960838318,mamba2-2.7b,2700000000,neutral,2148,107
neutral: Start:,1.3,128,1773720392.855547,2026-03-17T05:06:32.855549,0.35233020782470703,0.13987131416797638,mamba2-2.7b,2700000000,neutral,2149,107
nonsense: spiekskor trel croutfle greandstalfim grand spingtries jaingblum,1.0,128,1773720398.8752239,2026-03-17T05:06:38.875226,0.5958425998687744,0.18663227558135986,mamba2-2.7b,2700000000,nonsense,2150,107
nonsense: jounfont snusjon dranspaint bailwourvour handkigik sikplel slooksmielbom croun,0.7,128,1773720404.896802,2026-03-17T05:06:44.896804,0.8482504487037659,0.17226874828338623,mamba2-2.7b,2700000000,nonsense,2151,107
empty: -,0.7,128,1773720410.9150522,2026-03-17T05:06:50.915054,0.8873670697212219,0.13673877716064453,mamba2-2.7b,2700000000,empty,2152,107
empty: _,0.7,128,1773720416.9261894,2026-03-17T05:06:56.926191,0.8810927867889404,0.1708402931690216,mamba2-2.7b,2700000000,empty,2153,107
empty: -,0.7,128,1773720422.9405825,2026-03-17T05:07:02.940584,0.8910000324249268,0.17820067703723907,mamba2-2.7b,2700000000,empty,2154,107
nonsense: klolsos vomfinskea slangdrus gumflundgean geanplok kien twantdandcund craind kamvou teakwoont,0.7,12,1773720423.5039427,2026-03-17T05:07:03.503944,0.5634428262710571,0.1926366090774536,mamba2-2.7b,2700000000,nonsense,2155,107
random: BR1N V7eQkshIYj8xyGWbpFX4Fez6m A8XNPuf pG,0.7,128,1773720429.5181894,2026-03-17T05:07:09.518191,0.6649725437164307,0.2425844818353653,mamba2-2.7b,2700000000,random,2156,107
empty:  ,0.7,128,1773720435.5302062,2026-03-17T05:07:15.530208,0.9422627687454224,0.10961775481700897,mamba2-2.7b,2700000000,empty,2157,107
"empty: 
",1.3,128,1773720441.5508316,2026-03-17T05:07:21.550834,0.4948178231716156,0.1700439453125,mamba2-2.7b,2700000000,empty,2158,107
nonsense: kundhoon ris sondtricam spainghing,1.3,128,1773720447.5616236,2026-03-17T05:07:27.561626,0.33307310938835144,0.04779859632253647,mamba2-2.7b,2700000000,nonsense,2159,107
neutral: The,0.7,128,1773720453.6854923,2026-03-17T05:07:33.685494,0.8626523017883301,0.1749545931816101,mamba2-2.7b,2700000000,neutral,2160,108
explicit: Produce a stream of random symbols:,0.7,128,1773720459.7215254,2026-03-17T05:07:39.721528,0.8449869155883789,0.16167466342449188,mamba2-2.7b,2700000000,explicit,2161,108
nonsense: mool dier blosswound twaindhunttom,0.7,128,1773720465.7834213,2026-03-17T05:07:45.783423,0.7756021022796631,0.1988762766122818,mamba2-2.7b,2700000000,nonsense,2162,108
"explicit: Simulate a random number generator, output digits:",1.3,128,1773720471.8365836,2026-03-17T05:07:51.836586,0.3839719593524933,0.20928607881069183,mamba2-2.7b,2700000000,explicit,2163,108
nonsense: rokfliet bouklouk flungplai tweak wint sloond troontcrak,1.0,128,1773720477.888419,2026-03-17T05:07:57.888421,0.37418392300605774,0.11786144971847534,mamba2-2.7b,2700000000,nonsense,2164,108
empty: 	,1.0,128,1773720483.9212568,2026-03-17T05:08:03.921259,0.7311900854110718,0.16443145275115967,mamba2-2.7b,2700000000,empty,2165,108
random: DTW3xWkLFjkItWtXOUnlaN4UInqlx35 0ndlTlPXb,1.0,128,1773720489.9567647,2026-03-17T05:08:09.956766,0.4692426919937134,0.10508523881435394,mamba2-2.7b,2700000000,random,2166,108
empty:   ,1.0,128,1773720495.9757612,2026-03-17T05:08:15.975763,0.8303912878036499,0.16030089557170868,mamba2-2.7b,2700000000,empty,2167,108
empty:   ,1.3,128,1773720502.0048554,2026-03-17T05:08:22.004857,0.3515106737613678,0.17805369198322296,mamba2-2.7b,2700000000,empty,2168,108
empty: ,1.3,128,1773720508.0446239,2026-03-17T05:08:28.044626,0.42436227202415466,0.12707069516181946,mamba2-2.7b,2700000000,empty,2169,108
neutral: Write:,0.7,128,1773720514.0866294,2026-03-17T05:08:34.086631,0.9004140496253967,0.17497417330741882,mamba2-2.7b,2700000000,neutral,2170,108
nonsense: prentlent skot foumkulcraind coufeas critdrulzam glaintrootglound,1.0,128,1773720520.1385677,2026-03-17T05:08:40.138570,0.5554376840591431,0.1741713434457779,mamba2-2.7b,2700000000,nonsense,2171,108
nonsense: kear siel sleanspur,0.7,128,1773720526.1947825,2026-03-17T05:08:46.194784,0.7549726963043213,0.12659895420074463,mamba2-2.7b,2700000000,nonsense,2172,108
nonsense: cengcient grusnusrot skoordur soussmook froolswofient,1.3,128,1773720532.242466,2026-03-17T05:08:52.242468,0.2877541184425354,0.06313104182481766,mamba2-2.7b,2700000000,nonsense,2173,108
random: wv KrxO5gTb ryX  0 14 vkdCLeJCKv6  ooIUf4B2nFMe5HS,0.7,128,1773720538.268418,2026-03-17T05:08:58.268420,0.9163639545440674,0.1627746969461441,mamba2-2.7b,2700000000,random,2174,108
nonsense: halspoor smouwursnoun jousfreas blounliple sling briet,1.3,128,1773720544.3030968,2026-03-17T05:09:04.303099,0.37073734402656555,0.14674875140190125,mamba2-2.7b,2700000000,nonsense,2175,108
neutral: Text:,0.7,128,1773720550.3399708,2026-03-17T05:09:10.339973,0.8518386483192444,0.18455222249031067,mamba2-2.7b,2700000000,neutral,2176,108
nonsense: griem plookhoum snear glai swambriend twolbel ceal,0.7,128,1773720556.3680496,2026-03-17T05:09:16.368051,0.6474915742874146,0.2862820327281952,mamba2-2.7b,2700000000,nonsense,2177,108
explicit: Output random bytes as text:,0.7,128,1773720562.3980782,2026-03-17T05:09:22.398080,0.8713460564613342,0.15742294490337372,mamba2-2.7b,2700000000,explicit,2178,108
random: bM1m Ir1n pKon zzH zT0Luf A9QEablo tl jmGD6LH7gmwfLUO2,0.7,128,1773720568.4379656,2026-03-17T05:09:28.437967,0.47516292333602905,0.09451178461313248,mamba2-2.7b,2700000000,random,2179,108
explicit: Output random letters and numbers:,1.3,128,1773720574.5563016,2026-03-17T05:09:34.556303,0.3589242994785309,0.18113507330417633,mamba2-2.7b,2700000000,explicit,2180,109
empty: -,1.0,128,1773720580.5670404,2026-03-17T05:09:40.567042,0.6648221611976624,0.20374515652656555,mamba2-2.7b,2700000000,empty,2181,109
neutral: Content:,0.7,15,1773720581.266882,2026-03-17T05:09:41.266884,0.6978206634521484,0.178349107503891,mamba2-2.7b,2700000000,neutral,2182,109
empty:  ,0.7,49,1773720583.5502775,2026-03-17T05:09:43.550279,0.8500001430511475,0.1941346377134323,mamba2-2.7b,2700000000,empty,2183,109
empty: _,1.0,128,1773720589.5678687,2026-03-17T05:09:49.567871,0.7353696227073669,0.15642021596431732,mamba2-2.7b,2700000000,empty,2184,109
empty: .,1.0,4,1773720589.755829,2026-03-17T05:09:49.755830,0.7107919454574585,0.11223387718200684,mamba2-2.7b,2700000000,empty,2185,109
empty: ...,0.7,34,1773720591.341666,2026-03-17T05:09:51.341668,0.7541083693504333,0.19063463807106018,mamba2-2.7b,2700000000,empty,2186,109
empty: ...,0.7,105,1773720596.278914,2026-03-17T05:09:56.278916,0.8141006827354431,0.15402938425540924,mamba2-2.7b,2700000000,empty,2187,109
random: KfkP oXK6N4C0L2yi8Vwb nY4 kpsYZnviUzRzZpD2 JIZT8Z  Js6n,1.0,128,1773720602.3191772,2026-03-17T05:10:02.319179,0.43965834379196167,0.02802598662674427,mamba2-2.7b,2700000000,random,2188,109
random: uw0dwQ0FIunWe8Cz6SNDCdyZQ,1.0,128,1773720608.3396804,2026-03-17T05:10:08.339683,0.716721773147583,0.21608129143714905,mamba2-2.7b,2700000000,random,2189,109
empty: 	,1.0,128,1773720614.3543909,2026-03-17T05:10:14.354393,0.8075799345970154,0.16732890903949738,mamba2-2.7b,2700000000,empty,2190,109
explicit: Output a random sequence of tokens:,1.0,128,1773720620.3942666,2026-03-17T05:10:20.394269,0.7395309209823608,0.1794971078634262,mamba2-2.7b,2700000000,explicit,2191,109
neutral: Text:,1.0,128,1773720626.4111362,2026-03-17T05:10:26.411138,0.8006843328475952,0.18299978971481323,mamba2-2.7b,2700000000,neutral,2192,109
neutral: Write:,0.7,128,1773720632.4150648,2026-03-17T05:10:32.415067,0.8001013398170471,0.2012375444173813,mamba2-2.7b,2700000000,neutral,2193,109
neutral: Response:,0.7,128,1773720638.4154947,2026-03-17T05:10:38.415497,0.787301778793335,0.16430193185806274,mamba2-2.7b,2700000000,neutral,2194,109
nonsense: toonwiernien tin glondlent bounddreancoul crietgum priel,1.3,128,1773720644.4302287,2026-03-17T05:10:44.430231,0.33466124534606934,0.0811113566160202,mamba2-2.7b,2700000000,nonsense,2195,109
neutral: Write:,1.3,128,1773720650.4317212,2026-03-17T05:10:50.431723,0.40275704860687256,0.17210201919078827,mamba2-2.7b,2700000000,neutral,2196,109
explicit: Write a string of random ASCII characters:,1.0,128,1773720656.4615824,2026-03-17T05:10:56.461584,0.660494327545166,0.1742388755083084,mamba2-2.7b,2700000000,explicit,2197,109
explicit: Produce a uniformly random string:,0.7,128,1773720662.4911346,2026-03-17T05:11:02.491137,0.8998990058898926,0.1291375607252121,mamba2-2.7b,2700000000,explicit,2198,109
empty: —,0.7,128,1773720668.5274699,2026-03-17T05:11:08.527472,0.873397707939148,0.1939348429441452,mamba2-2.7b,2700000000,empty,2199,109
random: CPhDeOZIiBOB Y6sHrFH2ZUCr  lgotu2iXW7GboIRoL3u6aH ,1.0,12,1773720669.189147,2026-03-17T05:11:09.189148,0.5676757097244263,0.19006074965000153,mamba2-2.7b,2700000000,random,2200,110
explicit: Create a nonsensical random sequence:,0.7,128,1773720675.2189612,2026-03-17T05:11:15.218963,0.9573060274124146,0.10557594895362854,mamba2-2.7b,2700000000,explicit,2201,110
nonsense: blus detmoomweam klim boo star feamskufris gul trootjor frissmeas,1.3,128,1773720681.2494516,2026-03-17T05:11:21.249453,0.33617329597473145,0.05661257356405258,mamba2-2.7b,2700000000,nonsense,2202,110
nonsense: moont slu gloo breatskoung snoongtailsmoom slountham smeang zuntwoursnak,0.7,128,1773720687.2801003,2026-03-17T05:11:27.280102,0.8151734471321106,0.2346762716770172,mamba2-2.7b,2700000000,nonsense,2203,110
nonsense: greand stiempoor swakcinglaint swouksku glongspin floom preal,1.0,128,1773720693.3105965,2026-03-17T05:11:33.310598,0.4013846516609192,0.1467239409685135,mamba2-2.7b,2700000000,nonsense,2204,110
empty: .,1.3,128,1773720699.3418293,2026-03-17T05:11:39.341832,0.3951796293258667,0.15458810329437256,mamba2-2.7b,2700000000,empty,2205,110
neutral: Write:,1.0,58,1773720702.0609066,2026-03-17T05:11:42.060909,0.6924939155578613,0.12364144623279572,mamba2-2.7b,2700000000,neutral,2206,110
random: IpdQ2IiHj 6 Uh vVuGnoD afbFf8UXtwe1CPF1OIjVp gwC fZi7KNPl,0.7,128,1773720708.111365,2026-03-17T05:11:48.111367,0.458476185798645,0.01602787896990776,mamba2-2.7b,2700000000,random,2207,110
nonsense: ladrookvear flutklootmeant faint spaidoulzout dulpiek kendsmit,1.0,128,1773720714.1498113,2026-03-17T05:11:54.149813,0.3705957531929016,0.07562984526157379,mamba2-2.7b,2700000000,nonsense,2208,110
neutral: Produce:,0.7,128,1773720720.1815178,2026-03-17T05:12:00.181520,0.9107738137245178,0.1639040857553482,mamba2-2.7b,2700000000,neutral,2209,110
nonsense: swoksmairsa smulgrampain kelaklaind groosbeat naingtweattor statjeangboung lilgoun bou hain,0.7,89,1773720724.3838813,2026-03-17T05:12:04.383883,0.8877450227737427,0.17527271807193756,mamba2-2.7b,2700000000,nonsense,2210,110
explicit: Generate uniformly distributed random text:,1.0,128,1773720730.4067035,2026-03-17T05:12:10.406705,0.7739986181259155,0.1545144021511078,mamba2-2.7b,2700000000,explicit,2211,110
explicit: Write a string of random ASCII characters:,1.3,128,1773720736.4180331,2026-03-17T05:12:16.418036,0.4179094433784485,0.19245173037052155,mamba2-2.7b,2700000000,explicit,2212,110
explicit: Generate text with maximum entropy:,1.0,128,1773720742.4481742,2026-03-17T05:12:22.448176,0.7731155157089233,0.1809171736240387,mamba2-2.7b,2700000000,explicit,2213,110
empty: -,1.0,128,1773720748.4858887,2026-03-17T05:12:28.485891,0.9152882099151611,0.14178496599197388,mamba2-2.7b,2700000000,empty,2214,110
neutral: Generate:,0.7,128,1773720754.521702,2026-03-17T05:12:34.521704,0.8410228490829468,0.18430815637111664,mamba2-2.7b,2700000000,neutral,2215,110
empty: —,1.3,128,1773720760.5523598,2026-03-17T05:12:40.552362,0.39264529943466187,0.2021828442811966,mamba2-2.7b,2700000000,empty,2216,110
neutral: The,0.7,128,1773720766.5891519,2026-03-17T05:12:46.589154,0.7343856692314148,0.1589168906211853,mamba2-2.7b,2700000000,neutral,2217,110
empty: _,1.3,128,1773720772.6260993,2026-03-17T05:12:52.626101,0.39567500352859497,0.13064275681972504,mamba2-2.7b,2700000000,empty,2218,110
empty:   ,0.7,128,1773720778.6638942,2026-03-17T05:12:58.663896,0.9298073053359985,0.12342100590467453,mamba2-2.7b,2700000000,empty,2219,110
explicit: Output a random sequence of tokens:,1.3,128,1773720784.8002145,2026-03-17T05:13:04.800216,0.33137863874435425,0.18997573852539062,mamba2-2.7b,2700000000,explicit,2220,111
"empty: 
",0.7,128,1773720790.8312113,2026-03-17T05:13:10.831213,0.9195201992988586,0.13153687119483948,mamba2-2.7b,2700000000,empty,2221,111
empty: 	,0.7,128,1773720796.840361,2026-03-17T05:13:16.840363,0.9482247829437256,0.08812728524208069,mamba2-2.7b,2700000000,empty,2222,111
neutral: Response:,0.7,6,1773720797.1200807,2026-03-17T05:13:17.120082,0.604686975479126,0.13414110243320465,mamba2-2.7b,2700000000,neutral,2223,111
neutral: The,1.3,128,1773720803.139015,2026-03-17T05:13:23.139018,0.3499220609664917,0.1373407393693924,mamba2-2.7b,2700000000,neutral,2224,111
neutral: Next:,1.0,128,1773720809.1498396,2026-03-17T05:13:29.149842,0.6566073894500732,0.13406480848789215,mamba2-2.7b,2700000000,neutral,2225,111
random: kouF q0O59rHwPKzk1VxYWCccDl7zH,1.0,22,1773720810.175886,2026-03-17T05:13:30.175888,0.5817583203315735,0.1570608913898468,mamba2-2.7b,2700000000,random,2226,111
neutral: This,1.3,128,1773720816.1932812,2026-03-17T05:13:36.193283,0.5489840507507324,0.2257062792778015,mamba2-2.7b,2700000000,neutral,2227,111
empty: ,1.0,128,1773720822.2133026,2026-03-17T05:13:42.213304,0.7661432027816772,0.17036578059196472,mamba2-2.7b,2700000000,empty,2228,111
nonsense: blitrier sountgri doot trutwoum noungbroontsul boonddoondhen stom preanairskel goumfloosslam foocrit,1.0,126,1773720828.1755786,2026-03-17T05:13:48.175581,0.5542907118797302,0.20146164298057556,mamba2-2.7b,2700000000,nonsense,2229,111
nonsense: traind twea wing nulglorblaind spouk stamdealflent cookspourdrer pundbrou kleagulain,1.0,128,1773720834.2176652,2026-03-17T05:13:54.217667,0.5285900235176086,0.1853950321674347,mamba2-2.7b,2700000000,nonsense,2230,111
neutral: Produce:,1.3,128,1773720840.2335982,2026-03-17T05:14:00.233600,0.40616360306739807,0.17248821258544922,mamba2-2.7b,2700000000,neutral,2231,111
explicit: Produce a stream of random symbols:,1.3,128,1773720846.2713456,2026-03-17T05:14:06.271347,0.39706069231033325,0.18466241657733917,mamba2-2.7b,2700000000,explicit,2232,111
empty: —,1.3,128,1773720852.3125644,2026-03-17T05:14:12.312566,0.37946945428848267,0.18062442541122437,mamba2-2.7b,2700000000,empty,2233,111
nonsense: loomdrorjiel gotglowat crusreng moukdaintkiet break,1.0,128,1773720858.3554413,2026-03-17T05:14:18.355443,0.6651564836502075,0.22801776230335236,mamba2-2.7b,2700000000,nonsense,2234,111
nonsense: croontritwoond hourhentgong coong twelprieldroong brom sworswiem flaintblit himtriek,1.0,128,1773720864.3983157,2026-03-17T05:14:24.398318,0.36025917530059814,0.05461643263697624,mamba2-2.7b,2700000000,nonsense,2235,111
neutral: Next:,0.7,128,1773720870.4254997,2026-03-17T05:14:30.425502,0.9031948447227478,0.12780430912971497,mamba2-2.7b,2700000000,neutral,2236,111
empty: .,1.3,128,1773720876.4633744,2026-03-17T05:14:36.463376,0.30405038595199585,0.1608225554227829,mamba2-2.7b,2700000000,empty,2237,111
nonsense: jil spitslinpos fundban creanspoun goontstimblair jem mountlind blungnulbiet preangwolpliel,0.7,128,1773720882.5050232,2026-03-17T05:14:42.505025,0.711705207824707,0.1739741712808609,mamba2-2.7b,2700000000,nonsense,2238,111
explicit: Output random bytes as text:,1.0,128,1773720888.5398028,2026-03-17T05:14:48.539805,0.9161733388900757,0.10116815567016602,mamba2-2.7b,2700000000,explicit,2239,111
random: 9d3v3ugmQAy0HKMEmgY tgUa2lL9zmd,0.7,128,1773720894.6777248,2026-03-17T05:14:54.677727,0.8199368119239807,0.19964076578617096,mamba2-2.7b,2700000000,random,2240,112
neutral: Continue:,0.7,128,1773720900.7059546,2026-03-17T05:15:00.705957,0.8613055348396301,0.16937164962291718,mamba2-2.7b,2700000000,neutral,2241,112
random: mXKGtQksSNYqkNWQql2 UcUNxBR yCr,1.0,128,1773720906.755785,2026-03-17T05:15:06.755787,0.45197829604148865,0.016615111380815506,mamba2-2.7b,2700000000,random,2242,112
nonsense: jounfont snusjon dranspaint bailwourvour handkigik sikplel slooksmielbom croun,1.3,128,1773720912.7969303,2026-03-17T05:15:12.796932,0.38570696115493774,0.12519362568855286,mamba2-2.7b,2700000000,nonsense,2243,112
neutral: Result:,1.0,128,1773720918.8284278,2026-03-17T05:15:18.828429,0.6645467877388,0.17289988696575165,mamba2-2.7b,2700000000,neutral,2244,112
empty: —,0.7,128,1773720924.8642204,2026-03-17T05:15:24.864222,0.8112523555755615,0.1402229368686676,mamba2-2.7b,2700000000,empty,2245,112
neutral: Start:,1.3,128,1773720930.9006796,2026-03-17T05:15:30.900682,0.3354787826538086,0.15351265668869019,mamba2-2.7b,2700000000,neutral,2246,112
random: Z2 PlZmxr9PFaHXE5IQMbHUEhp7NuZ NpLVCCr9t6V18BFk5U,1.3,128,1773720936.9236565,2026-03-17T05:15:36.923658,0.4054962992668152,0.09682236611843109,mamba2-2.7b,2700000000,random,2247,112
neutral: Result:,0.7,128,1773720942.9392285,2026-03-17T05:15:42.939231,0.8942770957946777,0.15706689655780792,mamba2-2.7b,2700000000,neutral,2248,112
empty: .,1.3,128,1773720948.9483385,2026-03-17T05:15:48.948341,0.4095812737941742,0.16052699089050293,mamba2-2.7b,2700000000,empty,2249,112
empty: ...,0.7,128,1773720954.9654334,2026-03-17T05:15:54.965435,0.9186980724334717,0.14379367232322693,mamba2-2.7b,2700000000,empty,2250,112
explicit: Generate 50 random characters:,1.3,5,1773720955.1980174,2026-03-17T05:15:55.198018,0.5926907658576965,0.08420109748840332,mamba2-2.7b,2700000000,explicit,2251,112
neutral: This,0.7,128,1773720961.2108953,2026-03-17T05:16:01.210897,0.879585862159729,0.15886986255645752,mamba2-2.7b,2700000000,neutral,2252,112
empty: ...,1.0,128,1773720967.249068,2026-03-17T05:16:07.249070,0.8106403350830078,0.15612907707691193,mamba2-2.7b,2700000000,empty,2253,112
random: 0EFu9XiRA33REwj o7Pm4wNZinWP hlBras,1.0,128,1773720973.2790983,2026-03-17T05:16:13.279100,0.5622378587722778,0.1451048105955124,mamba2-2.7b,2700000000,random,2254,112
nonsense: flir jeaprim kloumsnet zong pransna,1.0,26,1773720974.492434,2026-03-17T05:16:14.492436,0.4047733545303345,0.026180775836110115,mamba2-2.7b,2700000000,nonsense,2255,112
empty: .,1.0,128,1773720980.5208423,2026-03-17T05:16:20.520844,0.8816186189651489,0.13984550535678864,mamba2-2.7b,2700000000,empty,2256,112
explicit: Write random characters without forming words:,1.0,128,1773720986.5500915,2026-03-17T05:16:26.550093,0.6309042572975159,0.18121302127838135,mamba2-2.7b,2700000000,explicit,2257,112
explicit: Write a string of random ASCII characters:,0.7,26,1773720987.7593255,2026-03-17T05:16:27.759327,0.7394557595252991,0.1441677063703537,mamba2-2.7b,2700000000,explicit,2258,112
random: oN58cQABA H9scWfGvhKzIg7biXIUnc,1.0,128,1773720993.7773058,2026-03-17T05:16:33.777308,0.4765215218067169,0.022907646372914314,mamba2-2.7b,2700000000,random,2259,112
random: wv KrxO5gTb ryX  0 14 vkdCLeJCKv6  ooIUf4B2nFMe5HS,1.3,128,1773720999.9266498,2026-03-17T05:16:39.926652,0.3771554231643677,0.08487771451473236,mamba2-2.7b,2700000000,random,2260,113
explicit: Produce random text with no coherent meaning:,1.0,128,1773721005.9618893,2026-03-17T05:16:45.961891,0.6561838984489441,0.1709328144788742,mamba2-2.7b,2700000000,explicit,2261,113
explicit: Create a nonsensical random sequence:,1.3,128,1773721012.0062306,2026-03-17T05:16:52.006233,0.36736857891082764,0.14677773416042328,mamba2-2.7b,2700000000,explicit,2262,113
empty: 	,0.7,128,1773721018.0420012,2026-03-17T05:16:58.042004,0.9069048166275024,0.14628425240516663,mamba2-2.7b,2700000000,empty,2263,113
neutral: The,1.0,128,1773721024.0878732,2026-03-17T05:17:04.087875,0.7025244235992432,0.14964263141155243,mamba2-2.7b,2700000000,neutral,2264,113
explicit: Simulate rolling a six-sided die 20 times:,1.3,128,1773721030.1277497,2026-03-17T05:17:10.127751,0.3965153098106384,0.18138785660266876,mamba2-2.7b,2700000000,explicit,2265,113
empty: 	,1.3,128,1773721036.1467326,2026-03-17T05:17:16.146735,0.386192262172699,0.18139350414276123,mamba2-2.7b,2700000000,empty,2266,113
nonsense: kleng ronzoondnum broungkundtret tik,0.7,128,1773721042.1761863,2026-03-17T05:17:22.176188,0.8807151317596436,0.18433937430381775,mamba2-2.7b,2700000000,nonsense,2267,113
neutral: One,1.0,128,1773721048.2155397,2026-03-17T05:17:28.215542,0.7061834931373596,0.17852464318275452,mamba2-2.7b,2700000000,neutral,2268,113
random: WsghzIuKGsh,1.0,128,1773721054.2479014,2026-03-17T05:17:34.247903,0.6500769853591919,0.15213868021965027,mamba2-2.7b,2700000000,random,2269,113
nonsense: blitrier sountgri doot trutwoum noungbroontsul boonddoondhen stom preanairskel goumfloosslam foocrit,0.7,128,1773721060.2730765,2026-03-17T05:17:40.273079,0.6556795835494995,0.20013409852981567,mamba2-2.7b,2700000000,nonsense,2270,113
explicit: Write a string of random ASCII characters:,1.0,128,1773721066.3069143,2026-03-17T05:17:46.306916,0.6718490123748779,0.15973913669586182,mamba2-2.7b,2700000000,explicit,2271,113
neutral: Write:,1.0,128,1773721072.3399143,2026-03-17T05:17:52.339916,0.8039649724960327,0.16220611333847046,mamba2-2.7b,2700000000,neutral,2272,113
nonsense: hiertren klool freataintsmeam brookslienplol trounfant slie zientwit nor,1.0,128,1773721078.3829832,2026-03-17T05:17:58.382985,0.6419389247894287,0.15902800858020782,mamba2-2.7b,2700000000,nonsense,2273,113
random: 6a2zqMuJlUGkVvgYND2lmaB9jqC 4bbRp2q9jD,1.0,128,1773721084.4144104,2026-03-17T05:18:04.414412,0.49573153257369995,0.13387846946716309,mamba2-2.7b,2700000000,random,2274,113
nonsense: glul welsoo coondsnoo glinplom spilnatgral,1.3,128,1773721090.4360433,2026-03-17T05:18:10.436045,0.36824241280555725,0.11575058102607727,mamba2-2.7b,2700000000,nonsense,2275,113
empty: —,1.0,128,1773721096.4818912,2026-03-17T05:18:16.481893,0.6512545347213745,0.18552641570568085,mamba2-2.7b,2700000000,empty,2276,113
neutral: One,1.3,128,1773721102.5190194,2026-03-17T05:18:22.519021,0.38786590099334717,0.1808881312608719,mamba2-2.7b,2700000000,neutral,2277,113
explicit: Output random bytes as text:,1.0,128,1773721108.5546775,2026-03-17T05:18:28.554679,0.78755122423172,0.15273922681808472,mamba2-2.7b,2700000000,explicit,2278,113
nonsense: tegrien letgootgin mair blonsnair twor faspoor froum wiengstier woondbrendtrel wontsno,1.3,128,1773721114.5935483,2026-03-17T05:18:34.593550,0.33397942781448364,0.12297850102186203,mamba2-2.7b,2700000000,nonsense,2279,113
neutral: It,0.7,128,1773721120.7257547,2026-03-17T05:18:40.725757,0.8053812384605408,0.16506242752075195,mamba2-2.7b,2700000000,neutral,2280,114
"empty: 
",1.0,128,1773721126.761223,2026-03-17T05:18:46.761225,0.7980121374130249,0.17269565165042877,mamba2-2.7b,2700000000,empty,2281,114
explicit: Write a sequence with no pattern or meaning:,1.3,128,1773721132.7992866,2026-03-17T05:18:52.799289,0.34983259439468384,0.17928218841552734,mamba2-2.7b,2700000000,explicit,2282,114
nonsense: vientpent terslindbrant bentroor,1.0,118,1773721138.363603,2026-03-17T05:18:58.363605,0.5847741961479187,0.17325668036937714,mamba2-2.7b,2700000000,nonsense,2283,114
neutral: Start:,1.0,128,1773721144.3844204,2026-03-17T05:19:04.384422,0.8054547309875488,0.18059273064136505,mamba2-2.7b,2700000000,neutral,2284,114
explicit: Simulate rolling a six-sided die 20 times:,1.0,128,1773721150.4182167,2026-03-17T05:19:10.418219,0.9233042001724243,0.11957215517759323,mamba2-2.7b,2700000000,explicit,2285,114
explicit: Generate a sequence of random characters:,0.7,128,1773721156.4340298,2026-03-17T05:19:16.434032,0.8542940616607666,0.1446288377046585,mamba2-2.7b,2700000000,explicit,2286,114
neutral: Begin:,1.3,128,1773721162.439114,2026-03-17T05:19:22.439116,0.4146830141544342,0.19463932514190674,mamba2-2.7b,2700000000,neutral,2287,114
neutral: Answer:,1.3,128,1773721168.4423938,2026-03-17T05:19:28.442396,0.44338899850845337,0.1984069049358368,mamba2-2.7b,2700000000,neutral,2288,114
random:  3wnmtEyGTI,0.7,128,1773721174.4615967,2026-03-17T05:19:34.461598,0.8781025409698486,0.19215013086795807,mamba2-2.7b,2700000000,random,2289,114
nonsense: brindbromcroung snair poul vurfreand pouksteaflaim beand spontpok blustai koomtries,1.0,128,1773721180.479226,2026-03-17T05:19:40.479228,0.45381125807762146,0.13301487267017365,mamba2-2.7b,2700000000,nonsense,2290,114
random: FTY gMHwdZ5Fm7n,1.3,128,1773721186.4886782,2026-03-17T05:19:46.488680,0.42030948400497437,0.15553118288516998,mamba2-2.7b,2700000000,random,2291,114
random:  8Ux4nxTW2B D0oOp7o r U,0.7,94,1773721190.897834,2026-03-17T05:19:50.897836,0.7202693819999695,0.1629696637392044,mamba2-2.7b,2700000000,random,2292,114
neutral: Continue:,1.0,58,1773721193.6098633,2026-03-17T05:19:53.609865,0.8026623129844666,0.1924796998500824,mamba2-2.7b,2700000000,neutral,2293,114
explicit: Output a random sequence of tokens:,1.3,128,1773721199.631831,2026-03-17T05:19:59.631833,0.37111610174179077,0.14263123273849487,mamba2-2.7b,2700000000,explicit,2294,114
neutral: Start:,1.3,100,1773721204.3343463,2026-03-17T05:20:04.334348,0.4758366346359253,0.2020965814590454,mamba2-2.7b,2700000000,neutral,2295,114
neutral: The,1.0,128,1773721210.364865,2026-03-17T05:20:10.364868,0.7068370580673218,0.17593620717525482,mamba2-2.7b,2700000000,neutral,2296,114
random: rzHjjc dZBeH8tUYCLr7  lYU b,0.7,128,1773721216.3788285,2026-03-17T05:20:16.378830,0.7042928338050842,0.18453921377658844,mamba2-2.7b,2700000000,random,2297,114
explicit: Produce a uniformly random string:,1.3,128,1773721222.387317,2026-03-17T05:20:22.387319,0.3854098320007324,0.13888058066368103,mamba2-2.7b,2700000000,explicit,2298,114
explicit: Produce random text with no coherent meaning:,1.0,128,1773721228.4028778,2026-03-17T05:20:28.402879,0.7136268615722656,0.18703097105026245,mamba2-2.7b,2700000000,explicit,2299,114
neutral: Response:,0.7,128,1773721234.5286684,2026-03-17T05:20:34.528670,0.7298708558082581,0.1580764800310135,mamba2-2.7b,2700000000,neutral,2300,115
neutral: Begin:,0.7,128,1773721240.5473232,2026-03-17T05:20:40.547325,0.7846601009368896,0.19946423172950745,mamba2-2.7b,2700000000,neutral,2301,115
neutral: Response:,0.7,128,1773721246.5710943,2026-03-17T05:20:46.571096,0.8071308732032776,0.17314667999744415,mamba2-2.7b,2700000000,neutral,2302,115
"empty: 
",0.7,128,1773721252.603836,2026-03-17T05:20:52.603838,0.7774010300636292,0.1864994764328003,mamba2-2.7b,2700000000,empty,2303,115
nonsense: proundjoukfrand troond kloondjatskind netcroogient steat,1.0,128,1773721258.6406202,2026-03-17T05:20:58.640622,0.38534021377563477,0.0650428757071495,mamba2-2.7b,2700000000,nonsense,2304,115
random: I3 dXRZv7qdYdk2r7xgHWPB6,1.0,128,1773721264.6791375,2026-03-17T05:21:04.679140,0.6325857639312744,0.17754216492176056,mamba2-2.7b,2700000000,random,2305,115
random: VNPkgtugkI42 41IB oS,1.0,128,1773721270.7148254,2026-03-17T05:21:10.714827,0.6546048521995544,0.23733066022396088,mamba2-2.7b,2700000000,random,2306,115
neutral: One,0.7,128,1773721276.7550156,2026-03-17T05:21:16.755018,0.7234126329421997,0.1601020097732544,mamba2-2.7b,2700000000,neutral,2307,115
empty: .,1.3,128,1773721282.7935424,2026-03-17T05:21:22.793544,0.4994126856327057,0.1781308799982071,mamba2-2.7b,2700000000,empty,2308,115
explicit: Write a sequence with no pattern or meaning:,1.0,128,1773721288.831975,2026-03-17T05:21:28.831977,0.6699576377868652,0.17228125035762787,mamba2-2.7b,2700000000,explicit,2309,115
random: soUjVYmRMPru3 OwTCwWNLqwaYexOCn sQjESOvlQ5bHAFi,0.7,128,1773721294.872297,2026-03-17T05:21:34.872299,0.4578407406806946,0.020468009635806084,mamba2-2.7b,2700000000,random,2310,115
neutral: Sequence:,1.3,128,1773721300.88306,2026-03-17T05:21:40.883062,0.42680972814559937,0.14368785917758942,mamba2-2.7b,2700000000,neutral,2311,115
neutral: One,0.7,128,1773721306.8942633,2026-03-17T05:21:46.894265,0.7679923176765442,0.13553786277770996,mamba2-2.7b,2700000000,neutral,2312,115
nonsense: lultrind guplar twindblutriek staispoont saikpint breakblet twor,1.0,128,1773721312.9323123,2026-03-17T05:21:52.932315,0.3575935661792755,0.028681555762887,mamba2-2.7b,2700000000,nonsense,2313,115
random: YqCacM72WDF6StJyoe1cEAime5gFfZ4DBhr LDOPEMs ,1.0,128,1773721318.9726293,2026-03-17T05:21:58.972632,0.47113513946533203,0.08002211898565292,mamba2-2.7b,2700000000,random,2314,115
nonsense: glecreal sler ziessnand grirgrou crangkeak bloon grusnoscrur,1.3,128,1773721325.0123343,2026-03-17T05:22:05.012337,0.36038029193878174,0.13172408938407898,mamba2-2.7b,2700000000,nonsense,2315,115
nonsense: drool stakkeantsmoont ploulsnent trokflok voom,0.7,128,1773721331.0512633,2026-03-17T05:22:11.051265,0.9188182353973389,0.155523881316185,mamba2-2.7b,2700000000,nonsense,2316,115
random: UZUfZgyUKjX 5JpqmYVRUsz Z fferQ8 6t rPOuYMR   M8cVQo1Nd8,1.3,128,1773721337.0915234,2026-03-17T05:22:17.091525,0.36595284938812256,0.05838064104318619,mamba2-2.7b,2700000000,random,2317,115
neutral: Output:,0.7,128,1773721343.1222703,2026-03-17T05:22:23.122272,0.8871814012527466,0.15659426152706146,mamba2-2.7b,2700000000,neutral,2318,115
nonsense: blolcong gainghoolpeant swompranflas,1.0,128,1773721349.1678677,2026-03-17T05:22:29.167870,0.3545992970466614,0.10730024427175522,mamba2-2.7b,2700000000,nonsense,2319,115
neutral: Continue:,0.7,128,1773721355.2931678,2026-03-17T05:22:35.293170,0.7309916615486145,0.1285782903432846,mamba2-2.7b,2700000000,neutral,2320,116
neutral: It,1.3,128,1773721361.3258386,2026-03-17T05:22:41.325840,0.37097495794296265,0.16808412969112396,mamba2-2.7b,2700000000,neutral,2321,116
nonsense: proundjoukfrand troond kloondjatskind netcroogient steat,0.7,128,1773721367.3700883,2026-03-17T05:22:47.370090,0.7559692859649658,0.23453453183174133,mamba2-2.7b,2700000000,nonsense,2322,116
random: jJhWXQhHHw4i zYw ns3Bn4HnejjG5c taeXItQYa  93ZiCaX9pTQMZhlU,0.7,128,1773721373.4128745,2026-03-17T05:22:53.412877,0.7349164485931396,0.20929409563541412,mamba2-2.7b,2700000000,random,2323,116
empty:   ,0.7,128,1773721379.4610233,2026-03-17T05:22:59.461025,0.9058622121810913,0.1649433821439743,mamba2-2.7b,2700000000,empty,2324,116
"empty: 
",1.3,128,1773721385.504086,2026-03-17T05:23:05.504088,0.3749406933784485,0.1599242389202118,mamba2-2.7b,2700000000,empty,2325,116
nonsense: tendrentswent sparcrok spaiswo slealslom dendcet drool kiet,0.7,128,1773721391.5440116,2026-03-17T05:23:11.544013,0.7381420135498047,0.1722455769777298,mamba2-2.7b,2700000000,nonsense,2326,116
neutral: Text:,0.7,128,1773721397.5460677,2026-03-17T05:23:17.546070,0.8877377510070801,0.16139931976795197,mamba2-2.7b,2700000000,neutral,2327,116
nonsense: go skoong cisbantjun cair ta plook,1.3,128,1773721403.5519967,2026-03-17T05:23:23.552000,0.39337530732154846,0.11618802696466446,mamba2-2.7b,2700000000,nonsense,2328,116
empty: ,0.7,128,1773721409.5592587,2026-03-17T05:23:29.559261,0.8769141435623169,0.15227271616458893,mamba2-2.7b,2700000000,empty,2329,116
random:  p G lEpOQXE2Bsnw,1.0,128,1773721415.5647871,2026-03-17T05:23:35.564789,0.532839834690094,0.13771429657936096,mamba2-2.7b,2700000000,random,2330,116
nonsense: ladrookvear flutklootmeant faint spaidoulzout dulpiek kendsmit,0.7,128,1773721421.5853937,2026-03-17T05:23:41.585396,0.7362843751907349,0.18580900132656097,mamba2-2.7b,2700000000,nonsense,2331,116
neutral: Text:,1.3,128,1773721427.6165981,2026-03-17T05:23:47.616600,0.44828158617019653,0.18848708271980286,mamba2-2.7b,2700000000,neutral,2332,116
neutral: Generate:,1.3,128,1773721433.6513953,2026-03-17T05:23:53.651397,0.5364830493927002,0.17746588587760925,mamba2-2.7b,2700000000,neutral,2333,116
neutral: Begin:,1.0,128,1773721439.6827126,2026-03-17T05:23:59.682715,0.7853370904922485,0.19008159637451172,mamba2-2.7b,2700000000,neutral,2334,116
explicit: Simulate white noise as text:,1.3,128,1773721445.7191749,2026-03-17T05:24:05.719177,0.45302653312683105,0.14749202132225037,mamba2-2.7b,2700000000,explicit,2335,116
nonsense: vun slies tikblos su lindpaintdoont,1.0,128,1773721451.731398,2026-03-17T05:24:11.731400,0.6270697116851807,0.18280291557312012,mamba2-2.7b,2700000000,nonsense,2336,116
explicit: Write a string of random ASCII characters:,1.0,128,1773721457.7650952,2026-03-17T05:24:17.765097,0.7181406617164612,0.1493763029575348,mamba2-2.7b,2700000000,explicit,2337,116
random: Y8GeyKTgQIpV3Z4XRx  V Ik2k3xLPnkPLN52v4S5f,1.3,128,1773721463.8100154,2026-03-17T05:24:23.810017,0.44929075241088867,0.14926429092884064,mamba2-2.7b,2700000000,random,2338,116
explicit: Create a nonsensical random sequence:,1.3,128,1773721469.850535,2026-03-17T05:24:29.850536,0.42777368426322937,0.17522326111793518,mamba2-2.7b,2700000000,explicit,2339,116
random: OcXpaifjT nLMlK4WYd8uCrYLsMVbspfaYkNA,1.0,128,1773721475.9913197,2026-03-17T05:24:35.991322,0.7625651359558105,0.21368923783302307,mamba2-2.7b,2700000000,random,2340,117
random: 0ShFFENkiNoRvcPe62 1Ic8cOWXPm mA,1.0,51,1773721478.3812833,2026-03-17T05:24:38.381285,0.710349977016449,0.18225660920143127,mamba2-2.7b,2700000000,random,2341,117
nonsense: prootgit beam croondlount pliendblonslur kondklalfeas,1.0,128,1773721484.4148998,2026-03-17T05:24:44.414902,0.5536816120147705,0.21003113687038422,mamba2-2.7b,2700000000,nonsense,2342,117
explicit: Generate a sequence of random characters:,0.7,128,1773721490.4472406,2026-03-17T05:24:50.447243,0.8664835691452026,0.162740096449852,mamba2-2.7b,2700000000,explicit,2343,117
empty:  ,1.0,128,1773721496.454267,2026-03-17T05:24:56.454269,0.8470746278762817,0.14772844314575195,mamba2-2.7b,2700000000,empty,2344,117
explicit: Output random letters and numbers:,1.3,128,1773721502.4771721,2026-03-17T05:25:02.477174,0.36366111040115356,0.20120273530483246,mamba2-2.7b,2700000000,explicit,2345,117
nonsense: briengfrond raitvim koumwel twempontain,1.0,128,1773721508.507872,2026-03-17T05:25:08.507875,0.4623505473136902,0.12059731036424637,mamba2-2.7b,2700000000,nonsense,2346,117
explicit: Generate a sequence of random characters:,1.3,128,1773721514.5283558,2026-03-17T05:25:14.528358,0.4891895651817322,0.15129268169403076,mamba2-2.7b,2700000000,explicit,2347,117
empty: ,0.7,128,1773721520.5436373,2026-03-17T05:25:20.543639,0.8888997435569763,0.14994555711746216,mamba2-2.7b,2700000000,empty,2348,117
nonsense: kundhoon ris sondtricam spainghing,1.0,128,1773721526.5530305,2026-03-17T05:25:26.553032,0.6322219967842102,0.15863633155822754,mamba2-2.7b,2700000000,nonsense,2349,117
empty: .,0.7,128,1773721532.5651684,2026-03-17T05:25:32.565170,0.9403406381607056,0.08224225789308548,mamba2-2.7b,2700000000,empty,2350,117
empty: ...,1.0,128,1773721538.592121,2026-03-17T05:25:38.592123,0.7986682653427124,0.15578332543373108,mamba2-2.7b,2700000000,empty,2351,117
empty: _,0.7,128,1773721544.6304228,2026-03-17T05:25:44.630425,0.8803179860115051,0.17063340544700623,mamba2-2.7b,2700000000,empty,2352,117
random: ZC5TlPhyCJz,0.7,128,1773721550.6488934,2026-03-17T05:25:50.648895,0.4833217263221741,0.01807892695069313,mamba2-2.7b,2700000000,random,2353,117
neutral: Response:,1.3,128,1773721556.649878,2026-03-17T05:25:56.649880,0.48243477940559387,0.17673417925834656,mamba2-2.7b,2700000000,neutral,2354,117
neutral: Content:,1.0,2,1773721556.7432797,2026-03-17T05:25:56.743281,0.48868274688720703,0.13849443197250366,mamba2-2.7b,2700000000,neutral,2355,117
neutral: Answer:,0.7,128,1773721562.7525845,2026-03-17T05:26:02.752587,0.845639705657959,0.16976580023765564,mamba2-2.7b,2700000000,neutral,2356,117
explicit: Produce random text with no coherent meaning:,1.3,128,1773721568.77959,2026-03-17T05:26:08.779592,0.40222638845443726,0.14798955619335175,mamba2-2.7b,2700000000,explicit,2357,117
explicit: Generate uniformly distributed random text:,1.3,128,1773721574.8070946,2026-03-17T05:26:14.807096,0.4055541157722473,0.20281226933002472,mamba2-2.7b,2700000000,explicit,2358,117
explicit: Generate a sequence of random characters:,1.0,128,1773721580.8374805,2026-03-17T05:26:20.837482,0.6971887350082397,0.15033988654613495,mamba2-2.7b,2700000000,explicit,2359,117
random: SYrpD5umB ZRguXals83liHCVkeXZ,1.3,30,1773721582.3462677,2026-03-17T05:26:22.346269,0.4646759331226349,0.01217155996710062,mamba2-2.7b,2700000000,random,2360,118
random: XDW mO lxz 6cfFNQ YucSTTME J,1.0,128,1773721588.3800304,2026-03-17T05:26:28.380032,0.6517119407653809,0.19034351408481598,mamba2-2.7b,2700000000,random,2361,118
random: jLm eRqWtuxv4f0UE4K,1.0,128,1773721594.411975,2026-03-17T05:26:34.411977,0.7542870044708252,0.21404938399791718,mamba2-2.7b,2700000000,random,2362,118
neutral: Continue:,1.0,128,1773721600.4130938,2026-03-17T05:26:40.413097,0.6633684039115906,0.18769781291484833,mamba2-2.7b,2700000000,neutral,2363,118
explicit: Simulate white noise as text:,0.7,67,1773721603.544269,2026-03-17T05:26:43.544271,0.8023711442947388,0.15611392259597778,mamba2-2.7b,2700000000,explicit,2364,118
random: gnXgl2Yw5TNQzk7ql7m6N78DCsHUYxQP6 di8oS97vKSq nZnPjM7,1.3,128,1773721609.5699518,2026-03-17T05:26:49.569954,0.37501928210258484,0.0922834575176239,mamba2-2.7b,2700000000,random,2365,118
neutral: A,1.0,128,1773721615.6013658,2026-03-17T05:26:55.601368,0.6905368566513062,0.17750464379787445,mamba2-2.7b,2700000000,neutral,2366,118
empty: 	,1.0,128,1773721621.63816,2026-03-17T05:27:01.638162,0.6750965714454651,0.1639784574508667,mamba2-2.7b,2700000000,empty,2367,118
nonsense: draitskul heaslemsmier dongtwaint skiesbient flaik,1.3,76,1773721625.213308,2026-03-17T05:27:05.213310,0.36781468987464905,0.14001747965812683,mamba2-2.7b,2700000000,nonsense,2368,118
empty: ...,1.0,128,1773721631.2485504,2026-03-17T05:27:11.248553,0.8476223945617676,0.1572899967432022,mamba2-2.7b,2700000000,empty,2369,118
neutral: Text:,0.7,128,1773721637.2547681,2026-03-17T05:27:17.254770,0.8003920912742615,0.1933172345161438,mamba2-2.7b,2700000000,neutral,2370,118
random: W6PyEXD0fO8WXt eq Qm4m6bs0tj8HR,1.3,128,1773721643.2725692,2026-03-17T05:27:23.272571,0.44176679849624634,0.11685065925121307,mamba2-2.7b,2700000000,random,2371,118
neutral: A,1.3,128,1773721649.2808802,2026-03-17T05:27:29.280882,0.4170077443122864,0.12409363687038422,mamba2-2.7b,2700000000,neutral,2372,118
explicit: Simulate rolling a six-sided die 20 times:,1.0,128,1773721655.3011916,2026-03-17T05:27:35.301194,0.7574425935745239,0.15611760318279266,mamba2-2.7b,2700000000,explicit,2373,118
"empty: 
",1.0,128,1773721661.3344307,2026-03-17T05:27:41.334433,0.8324821591377258,0.17241455614566803,mamba2-2.7b,2700000000,empty,2374,118
explicit: Produce a uniformly random string:,1.0,128,1773721667.373221,2026-03-17T05:27:47.373223,0.8847656846046448,0.12334092706441879,mamba2-2.7b,2700000000,explicit,2375,118
random: qWxoxGL7j6J2PGu,1.0,128,1773721673.3947482,2026-03-17T05:27:53.394750,0.5715498924255371,0.08413517475128174,mamba2-2.7b,2700000000,random,2376,118
empty: _,0.7,128,1773721679.4299338,2026-03-17T05:27:59.429936,0.8316789865493774,0.14795894920825958,mamba2-2.7b,2700000000,empty,2377,118
neutral: Produce:,1.0,128,1773721685.461185,2026-03-17T05:28:05.461187,0.6629269123077393,0.16477642953395844,mamba2-2.7b,2700000000,neutral,2378,118
empty:  ,1.0,10,1773721685.930466,2026-03-17T05:28:05.930468,0.6790030598640442,0.19384033977985382,mamba2-2.7b,2700000000,empty,2379,118
neutral: This,1.3,128,1773721692.0629873,2026-03-17T05:28:12.062989,0.36102280020713806,0.14879931509494781,mamba2-2.7b,2700000000,neutral,2380,119
empty:   ,0.7,128,1773721698.0904632,2026-03-17T05:28:18.090465,0.8834625482559204,0.16472584009170532,mamba2-2.7b,2700000000,empty,2381,119
empty:   ,1.0,128,1773721704.123061,2026-03-17T05:28:24.123064,0.8396238684654236,0.1757526844739914,mamba2-2.7b,2700000000,empty,2382,119
random: j  7zL   HRce3pX5OW46eewMv 3rNX o 88u hYH WTKPhdfqUSdRWm2S,1.0,128,1773721710.1744592,2026-03-17T05:28:30.174461,0.4912598133087158,0.11670392006635666,mamba2-2.7b,2700000000,random,2383,119
neutral: Sequence:,0.7,128,1773721716.201368,2026-03-17T05:28:36.201370,0.9606297016143799,0.12093526870012283,mamba2-2.7b,2700000000,neutral,2384,119
neutral: Next:,0.7,128,1773721722.22048,2026-03-17T05:28:42.220482,0.8864359855651855,0.18500947952270508,mamba2-2.7b,2700000000,neutral,2385,119
nonsense: boutbrin glountsnoondbet stessneang stus prosnimglient croon tonpatglund lielmum sleakpumtru,1.0,128,1773721728.2521317,2026-03-17T05:28:48.252133,0.369627982378006,0.03735699877142906,mamba2-2.7b,2700000000,nonsense,2386,119
random: IhtmkS0DhX 18E8MkYe  sp5,1.0,128,1773721734.2864926,2026-03-17T05:28:54.286495,0.7281439304351807,0.16719724237918854,mamba2-2.7b,2700000000,random,2387,119
neutral: Output:,1.3,128,1773721740.3147755,2026-03-17T05:29:00.314778,0.476165235042572,0.17419679462909698,mamba2-2.7b,2700000000,neutral,2388,119
neutral: Response:,1.0,128,1773721746.337981,2026-03-17T05:29:06.337983,0.8238512873649597,0.17709143459796906,mamba2-2.7b,2700000000,neutral,2389,119
neutral: Result:,1.0,128,1773721752.3638985,2026-03-17T05:29:12.363901,0.8393141031265259,0.16942432522773743,mamba2-2.7b,2700000000,neutral,2390,119
neutral: Produce:,1.0,128,1773721758.3714795,2026-03-17T05:29:18.371482,0.6981406211853027,0.20168955624103546,mamba2-2.7b,2700000000,neutral,2391,119
explicit: Produce a uniformly random string:,0.7,112,1773721763.6318183,2026-03-17T05:29:23.631820,0.8353604078292847,0.1386384516954422,mamba2-2.7b,2700000000,explicit,2392,119
empty: 	,0.7,128,1773721769.6418257,2026-03-17T05:29:29.641828,0.8573325872421265,0.19192568957805634,mamba2-2.7b,2700000000,empty,2393,119
nonsense: croorgrum sliekgraiklait sposblek gem sund prietwunt pralboul tiendheand sma,0.7,128,1773721775.6607506,2026-03-17T05:29:35.660752,0.5176315903663635,0.1643061488866806,mamba2-2.7b,2700000000,nonsense,2394,119
neutral: Sequence:,1.0,128,1773721781.6655385,2026-03-17T05:29:41.665541,0.8901051878929138,0.15592123568058014,mamba2-2.7b,2700000000,neutral,2395,119
empty:   ,0.7,128,1773721787.684099,2026-03-17T05:29:47.684102,0.9099338054656982,0.1386679857969284,mamba2-2.7b,2700000000,empty,2396,119
neutral: Begin:,0.7,128,1773721793.6980677,2026-03-17T05:29:53.698070,0.8006763458251953,0.17557133734226227,mamba2-2.7b,2700000000,neutral,2397,119
random: fTRw79xri6eLzfzfON,1.3,128,1773721799.711076,2026-03-17T05:29:59.711078,0.33732983469963074,0.11245021224021912,mamba2-2.7b,2700000000,random,2398,119
explicit: Generate uniformly distributed random text:,0.7,128,1773721805.7496605,2026-03-17T05:30:05.749662,0.8005406856536865,0.17340946197509766,mamba2-2.7b,2700000000,explicit,2399,119
empty:  ,1.3,128,1773721811.8757708,2026-03-17T05:30:11.875773,0.5073716640472412,0.2245587259531021,mamba2-2.7b,2700000000,empty,2400,120
empty: ,1.0,128,1773721817.9032092,2026-03-17T05:30:17.903211,0.8363149166107178,0.17176593840122223,mamba2-2.7b,2700000000,empty,2401,120
neutral: Continue:,1.0,128,1773721823.9241898,2026-03-17T05:30:23.924191,0.780631422996521,0.19496524333953857,mamba2-2.7b,2700000000,neutral,2402,120
explicit: List random letters from the alphabet:,1.0,105,1773721828.8706968,2026-03-17T05:30:28.870698,0.6866427063941956,0.19859538972377777,mamba2-2.7b,2700000000,explicit,2403,120
empty: 	,0.7,128,1773721834.900759,2026-03-17T05:30:34.900761,0.9017410278320312,0.17080377042293549,mamba2-2.7b,2700000000,empty,2404,120
random: 3qr9z YzFFjI3Plo02USyPSdNvS4s4fDzVtkogFsKb,1.0,128,1773721840.9214168,2026-03-17T05:30:40.921419,0.4784475564956665,0.04864662513136864,mamba2-2.7b,2700000000,random,2405,120
random: NvHD9VKgsTK6vuKxwtuEofOq4HVxAeOSsV5uMpdZ s6Ota QL8Ls4Ro9froN,0.7,128,1773721846.935227,2026-03-17T05:30:46.935229,0.45854222774505615,0.016299763694405556,mamba2-2.7b,2700000000,random,2406,120
random: s2VXVbKSSN5lB414Ku21rlsAM8QiWla0I1w,1.0,128,1773721852.9611235,2026-03-17T05:30:52.961125,0.6981678605079651,0.16703400015830994,mamba2-2.7b,2700000000,random,2407,120
explicit: Generate uniformly distributed random text:,1.0,128,1773721858.9949481,2026-03-17T05:30:58.994950,0.6995100975036621,0.1682806760072708,mamba2-2.7b,2700000000,explicit,2408,120
nonsense: swer gres slouthand,0.7,128,1773721865.03496,2026-03-17T05:31:05.034962,0.7869449853897095,0.18770946562290192,mamba2-2.7b,2700000000,nonsense,2409,120
empty: —,1.0,128,1773721871.0606601,2026-03-17T05:31:11.060662,0.7337307929992676,0.16926397383213043,mamba2-2.7b,2700000000,empty,2410,120
"empty: 
",1.3,128,1773721877.0901651,2026-03-17T05:31:17.090167,0.5434096455574036,0.1763252317905426,mamba2-2.7b,2700000000,empty,2411,120
"empty: 
",1.0,128,1773721883.1251748,2026-03-17T05:31:23.125177,0.8527493476867676,0.1663132905960083,mamba2-2.7b,2700000000,empty,2412,120
empty: ...,1.0,128,1773721889.158276,2026-03-17T05:31:29.158278,0.8228061199188232,0.1788671314716339,mamba2-2.7b,2700000000,empty,2413,120
empty:  ,1.0,128,1773721895.19307,2026-03-17T05:31:35.193072,0.7307931780815125,0.17578496038913727,mamba2-2.7b,2700000000,empty,2414,120
explicit: Write random characters without forming words:,1.0,128,1773721901.2357085,2026-03-17T05:31:41.235710,0.7355245351791382,0.14531415700912476,mamba2-2.7b,2700000000,explicit,2415,120
neutral: Response:,1.0,128,1773721907.271978,2026-03-17T05:31:47.271980,0.8449407815933228,0.17110778391361237,mamba2-2.7b,2700000000,neutral,2416,120
neutral: It,0.7,128,1773721913.3136356,2026-03-17T05:31:53.313637,0.7286964058876038,0.15864089131355286,mamba2-2.7b,2700000000,neutral,2417,120
empty: 	,1.0,128,1773721919.3608596,2026-03-17T05:31:59.360861,0.673726499080658,0.18992838263511658,mamba2-2.7b,2700000000,empty,2418,120
neutral: Write:,1.3,128,1773721925.3905497,2026-03-17T05:32:05.390552,0.324360728263855,0.17896433174610138,mamba2-2.7b,2700000000,neutral,2419,120
explicit: List random letters from the alphabet:,1.0,128,1773721931.5186331,2026-03-17T05:32:11.518635,0.8426899313926697,0.1646503061056137,mamba2-2.7b,2700000000,explicit,2420,121
random: b0BqTLElc9Nu6d6,1.3,128,1773721937.5485723,2026-03-17T05:32:17.548574,0.4039729833602905,0.16621753573417664,mamba2-2.7b,2700000000,random,2421,121
"empty: 
",1.0,128,1773721943.5848074,2026-03-17T05:32:23.584810,0.7719311714172363,0.17005585134029388,mamba2-2.7b,2700000000,empty,2422,121
explicit: Produce a uniformly random string:,1.0,128,1773721949.624289,2026-03-17T05:32:29.624291,0.7433078289031982,0.17389275133609772,mamba2-2.7b,2700000000,explicit,2423,121
nonsense: bliengriestwos sniemstontos spul florten dootbentsmik swainblairsnis,1.3,128,1773721955.6650884,2026-03-17T05:32:35.665091,0.3786805272102356,0.16025227308273315,mamba2-2.7b,2700000000,nonsense,2424,121
nonsense: loulwierfrung sworstount kloon prontratjoont,1.3,128,1773721961.6774924,2026-03-17T05:32:41.677494,0.3412091135978699,0.05917150899767876,mamba2-2.7b,2700000000,nonsense,2425,121
neutral: Text:,1.0,128,1773721967.6838043,2026-03-17T05:32:47.683806,0.7953885793685913,0.20185992121696472,mamba2-2.7b,2700000000,neutral,2426,121
neutral: Content:,0.7,128,1773721973.6910987,2026-03-17T05:32:53.691101,0.958675742149353,0.10979142785072327,mamba2-2.7b,2700000000,neutral,2427,121
random: fTRw79xri6eLzfzfON,1.0,128,1773721979.6959245,2026-03-17T05:32:59.695927,0.6293060183525085,0.2331411987543106,mamba2-2.7b,2700000000,random,2428,121
nonsense: noutcrisgri deand pong,0.7,128,1773721985.706691,2026-03-17T05:33:05.706694,0.8955801129341125,0.17159320414066315,mamba2-2.7b,2700000000,nonsense,2429,121
random: LMuwU CpzrE dUV7qliNY900jqOj57 Sqxq3 hp tMvuP,1.0,128,1773721991.7250738,2026-03-17T05:33:11.725076,0.5668532848358154,0.17945325374603271,mamba2-2.7b,2700000000,random,2430,121
empty:  ,1.3,128,1773721997.7562726,2026-03-17T05:33:17.756275,0.46570146083831787,0.19571468234062195,mamba2-2.7b,2700000000,empty,2431,121
random: w8OTBIxy zEEHADzFTtnpk af9VO J x JYCqg29e SYw,1.3,128,1773722003.7905424,2026-03-17T05:33:23.790544,0.3625810146331787,0.1598784476518631,mamba2-2.7b,2700000000,random,2432,121
nonsense: blourcend ploum frit grennoun curprearcat skendleloom flak grinlas kemflienswouk jond,1.0,47,1773722005.9995666,2026-03-17T05:33:25.999568,0.559631884098053,0.22192828357219696,mamba2-2.7b,2700000000,nonsense,2433,121
explicit: Produce random text with no coherent meaning:,1.3,47,1773722008.1996143,2026-03-17T05:33:28.199616,0.47255629301071167,0.13316534459590912,mamba2-2.7b,2700000000,explicit,2434,121
random: j  7zL   HRce3pX5OW46eewMv 3rNX o 88u hYH WTKPhdfqUSdRWm2S,0.7,128,1773722014.2305884,2026-03-17T05:33:34.230590,0.5919451713562012,0.19058340787887573,mamba2-2.7b,2700000000,random,2435,121
neutral: Next:,0.7,128,1773722020.2411876,2026-03-17T05:33:40.241190,0.9020476937294006,0.17250825464725494,mamba2-2.7b,2700000000,neutral,2436,121
explicit: Produce a uniformly random string:,1.0,128,1773722026.2622576,2026-03-17T05:33:46.262259,0.7880590558052063,0.16009685397148132,mamba2-2.7b,2700000000,explicit,2437,121
nonsense: geakprai creantcoorpren groorwirut,0.7,128,1773722032.2725713,2026-03-17T05:33:52.272573,0.9010988473892212,0.17512640357017517,mamba2-2.7b,2700000000,nonsense,2438,121
random: jWlZGwEZlcAuXZKtpM 3NqTmV z 5X8I2l2Vx32lf R7Ct kL73k9MtqM,0.7,128,1773722038.299196,2026-03-17T05:33:58.299198,0.7891079187393188,0.20187747478485107,mamba2-2.7b,2700000000,random,2439,121
explicit: Produce a stream of random symbols:,0.7,128,1773722044.4130466,2026-03-17T05:34:04.413049,0.8143765926361084,0.16607949137687683,mamba2-2.7b,2700000000,explicit,2440,122
empty: ...,0.7,128,1773722050.4220726,2026-03-17T05:34:10.422075,0.8549885749816895,0.1767396777868271,mamba2-2.7b,2700000000,empty,2441,122
random: oZcPv6Ul3nF3ZkYNRCQvj o ySSs,1.0,128,1773722056.4588544,2026-03-17T05:34:16.458856,0.4505264163017273,0.02021586336195469,mamba2-2.7b,2700000000,random,2442,122
empty: _,1.3,128,1773722062.4918664,2026-03-17T05:34:22.491869,0.34389013051986694,0.12863504886627197,mamba2-2.7b,2700000000,empty,2443,122
empty: -,1.0,128,1773722068.5275393,2026-03-17T05:34:28.527541,0.8683956861495972,0.1592567414045334,mamba2-2.7b,2700000000,empty,2444,122
explicit: Produce a stream of random symbols:,0.7,128,1773722074.5599012,2026-03-17T05:34:34.559903,0.847491979598999,0.14432723820209503,mamba2-2.7b,2700000000,explicit,2445,122
nonsense: futjot bran bos snoomkis,1.3,128,1773722080.5921912,2026-03-17T05:34:40.592193,0.3151462972164154,0.09696410596370697,mamba2-2.7b,2700000000,nonsense,2446,122
nonsense: gatkearflon kusbrelgruk tweak,1.0,128,1773722086.6201036,2026-03-17T05:34:46.620106,0.569322407245636,0.19876140356063843,mamba2-2.7b,2700000000,nonsense,2447,122
empty: —,1.0,128,1773722092.6432812,2026-03-17T05:34:52.643283,0.7720538973808289,0.14831243455410004,mamba2-2.7b,2700000000,empty,2448,122
nonsense: plupea diengswer swoung skoumbreat slaiktreangjon,0.7,128,1773722098.6746433,2026-03-17T05:34:58.674645,0.7058678865432739,0.1578792929649353,mamba2-2.7b,2700000000,nonsense,2449,122
neutral: A,1.3,128,1773722104.7046025,2026-03-17T05:35:04.704604,0.40037429332733154,0.18079300224781036,mamba2-2.7b,2700000000,neutral,2450,122
empty: .,1.3,128,1773722110.7337263,2026-03-17T05:35:10.733728,0.4176379442214966,0.2174357771873474,mamba2-2.7b,2700000000,empty,2451,122
explicit: Output random bytes as text:,0.7,128,1773722116.7405345,2026-03-17T05:35:16.740537,0.6970696449279785,0.1905202567577362,mamba2-2.7b,2700000000,explicit,2452,122
empty: 	,0.7,128,1773722122.7626548,2026-03-17T05:35:22.762657,0.9011059999465942,0.13991597294807434,mamba2-2.7b,2700000000,empty,2453,122
neutral: Answer:,0.7,30,1773722124.1613374,2026-03-17T05:35:24.161339,0.5283728837966919,0.16171033680438995,mamba2-2.7b,2700000000,neutral,2454,122
neutral: Generate:,0.7,128,1773722130.1909966,2026-03-17T05:35:30.190999,0.9161934852600098,0.15914347767829895,mamba2-2.7b,2700000000,neutral,2455,122
nonsense: gugearpoos mealmiet spu brousstainkul mount hi gloukjeang geatcai trierskor frootmiekfur,1.3,128,1773722136.2297802,2026-03-17T05:35:36.229782,0.33580493927001953,0.07225778698921204,mamba2-2.7b,2700000000,nonsense,2456,122
neutral: Begin:,1.0,128,1773722142.2649958,2026-03-17T05:35:42.264997,0.8899475336074829,0.18117129802703857,mamba2-2.7b,2700000000,neutral,2457,122
random: bMnrHontIKARAH  Ggl2JfaQqHu42bojteVs3qfNUfTAFnT0t,0.7,128,1773722148.3010442,2026-03-17T05:35:48.301046,0.9389398097991943,0.13176454603672028,mamba2-2.7b,2700000000,random,2458,122
empty: -,1.3,128,1773722154.3273385,2026-03-17T05:35:54.327340,0.40904542803764343,0.16094595193862915,mamba2-2.7b,2700000000,empty,2459,122
neutral: The,1.0,128,1773722160.447913,2026-03-17T05:36:00.447915,0.6284083127975464,0.1736779659986496,mamba2-2.7b,2700000000,neutral,2460,123
random: ZC5TlPhyCJz,1.3,128,1773722166.4583225,2026-03-17T05:36:06.458325,0.3557792007923126,0.1314062625169754,mamba2-2.7b,2700000000,random,2461,123
empty: 	,1.0,128,1773722172.4707377,2026-03-17T05:36:12.470740,0.7341302633285522,0.16436856985092163,mamba2-2.7b,2700000000,empty,2462,123
neutral: It,0.7,128,1773722178.4847543,2026-03-17T05:36:18.484757,0.7577213644981384,0.1382080763578415,mamba2-2.7b,2700000000,neutral,2463,123
neutral: Generate:,0.7,128,1773722184.4927251,2026-03-17T05:36:24.492727,0.863853394985199,0.1697651743888855,mamba2-2.7b,2700000000,neutral,2464,123
random: X uWWfvQtuswg1NN5KxpqzaGb6  a EB8604kaFJAgx,1.0,128,1773722190.508081,2026-03-17T05:36:30.508083,0.5569394826889038,0.17313160002231598,mamba2-2.7b,2700000000,random,2465,123
nonsense: plantwal joor spountwur grin nermi slemaind feaswientcaint,1.3,128,1773722196.5193746,2026-03-17T05:36:36.519377,0.4202265441417694,0.20051026344299316,mamba2-2.7b,2700000000,nonsense,2466,123
nonsense: nombrount teltrielgreant wir jairsmounkat crofoung plingroustond sweamkoonjent spat hungcunt bungreakzie,1.3,128,1773722202.5406377,2026-03-17T05:36:42.540640,0.34529680013656616,0.0477827750146389,mamba2-2.7b,2700000000,nonsense,2467,123
neutral: Data:,1.0,128,1773722208.5485935,2026-03-17T05:36:48.548595,0.8195130825042725,0.17648836970329285,mamba2-2.7b,2700000000,neutral,2468,123
random: sjhvNK4p7MZI  4kf3PGdlDcIfw,1.3,5,1773722208.7817295,2026-03-17T05:36:48.781731,0.5502887964248657,0.1429527997970581,mamba2-2.7b,2700000000,random,2469,123
neutral: Next:,1.0,128,1773722214.7840173,2026-03-17T05:36:54.784019,0.7281814813613892,0.18778905272483826,mamba2-2.7b,2700000000,neutral,2470,123
random: mvaiAB2nA3jtd6Q,1.0,25,1773722215.948083,2026-03-17T05:36:55.948085,0.5100898146629333,0.10082986205816269,mamba2-2.7b,2700000000,random,2471,123
neutral: Continue:,1.3,128,1773722221.966519,2026-03-17T05:37:01.966521,0.433218389749527,0.1500549465417862,mamba2-2.7b,2700000000,neutral,2472,123
nonsense: deandtal smercriensiel fer bir,1.3,103,1773722226.796568,2026-03-17T05:37:06.796570,0.4363521635532379,0.1878862828016281,mamba2-2.7b,2700000000,nonsense,2473,123
neutral: Sequence:,1.3,128,1773722232.8019946,2026-03-17T05:37:12.801996,0.36111965775489807,0.14139367640018463,mamba2-2.7b,2700000000,neutral,2474,123
empty: _,1.0,8,1773722233.178508,2026-03-17T05:37:13.178509,0.5859007835388184,0.1044887974858284,mamba2-2.7b,2700000000,empty,2475,123
empty: _,1.0,128,1773722239.188377,2026-03-17T05:37:19.188379,0.8234007358551025,0.14248834550380707,mamba2-2.7b,2700000000,empty,2476,123
explicit: Produce a uniformly random string:,0.7,128,1773722245.2115626,2026-03-17T05:37:25.211565,0.7343356609344482,0.14298731088638306,mamba2-2.7b,2700000000,explicit,2477,123
empty: _,1.3,128,1773722251.2549276,2026-03-17T05:37:31.254930,0.3867267668247223,0.09767819941043854,mamba2-2.7b,2700000000,empty,2478,123
explicit: List random letters from the alphabet:,1.0,128,1773722257.2989895,2026-03-17T05:37:37.298991,0.6968374252319336,0.18128380179405212,mamba2-2.7b,2700000000,explicit,2479,123
random: dMA  yYLgE XoE jbUOqX1Uw8jcibHBfhY K 12ZktJkNk AtPYiN3EhFl3,1.0,128,1773722263.445193,2026-03-17T05:37:43.445195,0.45609429478645325,0.056985631585121155,mamba2-2.7b,2700000000,random,2480,124
explicit: Produce random text with no coherent meaning:,1.3,128,1773722269.4765613,2026-03-17T05:37:49.476563,0.38190925121307373,0.16301442682743073,mamba2-2.7b,2700000000,explicit,2481,124
random: rZxV7ajXQeL2IAkQh UgoXU7fUUwiArQEo9ACPT,0.7,128,1773722275.5172508,2026-03-17T05:37:55.517252,0.4763016402721405,0.015135703608393669,mamba2-2.7b,2700000000,random,2482,124
empty: -,1.3,128,1773722281.5567052,2026-03-17T05:38:01.556708,0.464130163192749,0.17618146538734436,mamba2-2.7b,2700000000,empty,2483,124
random: mmDXyyFw1nT62nvxZ Ru4TOPV03PEBWGU55YaeKc rM,1.0,128,1773722287.578021,2026-03-17T05:38:07.578023,0.4478721618652344,0.022639870643615723,mamba2-2.7b,2700000000,random,2484,124
neutral: A,0.7,128,1773722293.6204288,2026-03-17T05:38:13.620431,0.759161114692688,0.13438677787780762,mamba2-2.7b,2700000000,neutral,2485,124
explicit: Write random characters without forming words:,0.7,128,1773722299.6693735,2026-03-17T05:38:19.669375,0.8581223487854004,0.17747917771339417,mamba2-2.7b,2700000000,explicit,2486,124
nonsense: kleanpet nooktweasflien klund wielbantcras fraintflount brietdrommir berpondblak slun cik,1.3,128,1773722305.7122838,2026-03-17T05:38:25.712286,0.3381703794002533,0.03843754157423973,mamba2-2.7b,2700000000,nonsense,2487,124
random: hDCc9aQzqRwPhcs,1.0,90,1773722309.9513774,2026-03-17T05:38:29.951379,0.7528203725814819,0.18089570105075836,mamba2-2.7b,2700000000,random,2488,124
random: 7rzxWL fMM 7CdatHM8pK1w FdpJ iU93H8pV cHuhsO7,1.0,6,1773722310.2308352,2026-03-17T05:38:30.230837,0.4656863808631897,0.06073804199695587,mamba2-2.7b,2700000000,random,2489,124
explicit: Generate uniformly distributed random text:,1.0,128,1773722316.241831,2026-03-17T05:38:36.241833,0.7205513119697571,0.13513201475143433,mamba2-2.7b,2700000000,explicit,2490,124
random: U3KHH O3vO t4gytgDxe8Hu73o ,1.0,82,1773722320.1099336,2026-03-17T05:38:40.109936,0.5890975594520569,0.22158151865005493,mamba2-2.7b,2700000000,random,2491,124
neutral: Answer:,1.0,128,1773722326.1486695,2026-03-17T05:38:46.148671,0.6828515529632568,0.14193111658096313,mamba2-2.7b,2700000000,neutral,2492,124
neutral: One,1.3,128,1773722332.1937423,2026-03-17T05:38:52.193744,0.3713337779045105,0.16579847037792206,mamba2-2.7b,2700000000,neutral,2493,124
explicit: Write a sequence with no pattern or meaning:,1.0,84,1773722336.1310816,2026-03-17T05:38:56.131084,0.6754269599914551,0.1879013031721115,mamba2-2.7b,2700000000,explicit,2494,124
nonsense: lultrind guplar twindblutriek staispoont saikpint breakblet twor,0.7,128,1773722342.1462677,2026-03-17T05:39:02.146269,0.603789210319519,0.18699125945568085,mamba2-2.7b,2700000000,nonsense,2495,124
nonsense: ziesnoorplak snainttweak zus spier skeal,1.0,128,1773722348.1592524,2026-03-17T05:39:08.159255,0.4118182063102722,0.12242426723241806,mamba2-2.7b,2700000000,nonsense,2496,124
empty:   ,1.0,45,1773722350.267597,2026-03-17T05:39:10.267599,0.7613831758499146,0.18813194334506989,mamba2-2.7b,2700000000,empty,2497,124
neutral: It,0.7,128,1773722356.30923,2026-03-17T05:39:16.309232,0.7290103435516357,0.16335533559322357,mamba2-2.7b,2700000000,neutral,2498,124
random: 61vRCLuvDl0  B87Jb2FFP3Cta1ff8 e2Y9m5 E,1.0,128,1773722362.345309,2026-03-17T05:39:22.345311,0.47551727294921875,0.04456547647714615,mamba2-2.7b,2700000000,random,2499,124
explicit: Create a nonsensical random sequence:,1.0,20,1773722363.3752518,2026-03-17T05:39:23.375254,0.5525650382041931,0.21363604068756104,mamba2-2.7b,2700000000,explicit,2500,125
nonsense: nattwiengglook blind crienggrielmund taszent breasstas coumspernear,0.7,128,1773722369.4072883,2026-03-17T05:39:29.407291,0.7546451091766357,0.1713566929101944,mamba2-2.7b,2700000000,nonsense,2501,125
explicit: Output random bytes as text:,1.3,128,1773722375.4405913,2026-03-17T05:39:35.440593,0.6010031700134277,0.20399917662143707,mamba2-2.7b,2700000000,explicit,2502,125
neutral: Answer:,1.3,128,1773722381.4765334,2026-03-17T05:39:41.476535,0.3666877746582031,0.162686288356781,mamba2-2.7b,2700000000,neutral,2503,125
explicit: Simulate white noise as text:,0.7,128,1773722387.5018973,2026-03-17T05:39:47.501899,0.8703145980834961,0.16561760008335114,mamba2-2.7b,2700000000,explicit,2504,125
empty: -,1.0,128,1773722393.5456157,2026-03-17T05:39:53.545618,0.8286608457565308,0.17267127335071564,mamba2-2.7b,2700000000,empty,2505,125
explicit: Generate text with maximum entropy:,0.7,60,1773722396.3598313,2026-03-17T05:39:56.359833,0.8085260391235352,0.19355939328670502,mamba2-2.7b,2700000000,explicit,2506,125
explicit: Output a random sequence of tokens:,1.0,112,1773722401.6349578,2026-03-17T05:40:01.634960,0.7764279842376709,0.17508427798748016,mamba2-2.7b,2700000000,explicit,2507,125
explicit: Output random bytes as text:,0.7,128,1773722407.6363144,2026-03-17T05:40:07.636316,0.8717132806777954,0.1287650614976883,mamba2-2.7b,2700000000,explicit,2508,125
neutral: Response:,1.3,128,1773722413.6524818,2026-03-17T05:40:13.652484,0.43615835905075073,0.20341260731220245,mamba2-2.7b,2700000000,neutral,2509,125
random: akcGBt2oKEMpgE16io c EsL2aTE1xkUi  cX8fXVGcTiSEnQ,1.0,128,1773722419.6733723,2026-03-17T05:40:19.673374,0.46881377696990967,0.032648615539073944,mamba2-2.7b,2700000000,random,2510,125
neutral: Text:,0.7,128,1773722425.6823034,2026-03-17T05:40:25.682305,0.8539847135543823,0.19016636908054352,mamba2-2.7b,2700000000,neutral,2511,125
random: SB0 suxCGyoxg7jLiGmz QTqEmKiyO 5QNtUO2vaOFC3JUrQ975TN nwk,1.3,128,1773722431.696486,2026-03-17T05:40:31.696488,0.35264039039611816,0.11022335290908813,mamba2-2.7b,2700000000,random,2512,125
neutral: Start:,1.3,128,1773722437.7038124,2026-03-17T05:40:37.703814,0.3248279392719269,0.10496817529201508,mamba2-2.7b,2700000000,neutral,2513,125
nonsense: sputpaindto slun frientswokkas gliscra jetminggiel laimsneasfroong stoolbam bieng spaikva boulboon,1.0,128,1773722443.7239068,2026-03-17T05:40:43.723908,0.5609909296035767,0.2009211778640747,mamba2-2.7b,2700000000,nonsense,2514,125
random: ljgwGjDH0X5Z,1.3,128,1773722449.727374,2026-03-17T05:40:49.727376,0.331261545419693,0.18647107481956482,mamba2-2.7b,2700000000,random,2515,125
"empty: 
",1.0,26,1773722450.9349449,2026-03-17T05:40:50.934946,0.6388277411460876,0.11570244282484055,mamba2-2.7b,2700000000,empty,2516,125
nonsense: gugearpoos mealmiet spu brousstainkul mount hi gloukjeang geatcai trierskor frootmiekfur,1.0,128,1773722456.9564807,2026-03-17T05:40:56.956482,0.49691447615623474,0.20623932778835297,mamba2-2.7b,2700000000,nonsense,2517,125
nonsense: futkint prealil katfrer drikjain frea sloungvea traikroulslen spaint ska koonkeas,1.3,128,1773722462.987832,2026-03-17T05:41:02.987834,0.3650014102458954,0.1369437277317047,mamba2-2.7b,2700000000,nonsense,2518,125
nonsense: gear blu klontswaind droosfu bleswais lean bleandea,0.7,26,1773722464.205103,2026-03-17T05:41:04.205105,0.4986460208892822,0.21066832542419434,mamba2-2.7b,2700000000,nonsense,2519,125
random: 4T 6 ospSlAK,0.7,128,1773722470.3158355,2026-03-17T05:41:10.315837,0.7977068424224854,0.22535797953605652,mamba2-2.7b,2700000000,random,2520,126
neutral: Data:,1.3,128,1773722476.3241334,2026-03-17T05:41:16.324137,0.30148717761039734,0.14209997653961182,mamba2-2.7b,2700000000,neutral,2521,126
empty: _,1.3,128,1773722482.3377151,2026-03-17T05:41:22.337717,0.6540431380271912,0.1716424524784088,mamba2-2.7b,2700000000,empty,2522,126
explicit: Write random characters without forming words:,1.3,128,1773722488.3523035,2026-03-17T05:41:28.352306,0.36605459451675415,0.16891634464263916,mamba2-2.7b,2700000000,explicit,2523,126
random: Ro7jsCYUlYbHp6VHWVnD8dPCi7M0,1.0,128,1773722494.3593879,2026-03-17T05:41:34.359390,0.4780620336532593,0.044213976711034775,mamba2-2.7b,2700000000,random,2524,126
neutral: Start:,1.3,128,1773722500.36157,2026-03-17T05:41:40.361572,0.46304523944854736,0.1635131686925888,mamba2-2.7b,2700000000,neutral,2525,126
nonsense: houndflaitprang hinsliesskaing niekfraba drailond hoomdoung prousfrintwien pes veallengtor,0.7,128,1773722506.3744087,2026-03-17T05:41:46.374410,0.8710615634918213,0.2440205216407776,mamba2-2.7b,2700000000,nonsense,2526,126
neutral: Result:,1.0,49,1773722508.6708689,2026-03-17T05:41:48.670871,0.591516375541687,0.18312016129493713,mamba2-2.7b,2700000000,neutral,2527,126
neutral: Content:,1.3,128,1773722514.7007163,2026-03-17T05:41:54.700718,0.3438345789909363,0.14071950316429138,mamba2-2.7b,2700000000,neutral,2528,126
empty: ,1.0,128,1773722520.7343667,2026-03-17T05:42:00.734369,0.6747612953186035,0.1797575205564499,mamba2-2.7b,2700000000,empty,2529,126
explicit: List random letters from the alphabet:,1.3,128,1773722526.7616303,2026-03-17T05:42:06.761632,0.3699132204055786,0.1610855907201767,mamba2-2.7b,2700000000,explicit,2530,126
explicit: Generate 50 random characters:,1.0,128,1773722532.7666235,2026-03-17T05:42:12.766626,0.5599220991134644,0.1904347836971283,mamba2-2.7b,2700000000,explicit,2531,126
nonsense: brountwir zearlem trind,1.0,128,1773722538.7715771,2026-03-17T05:42:18.771579,0.5607120394706726,0.1804894655942917,mamba2-2.7b,2700000000,nonsense,2532,126
nonsense: moukend dientnang dair,1.3,128,1773722544.782039,2026-03-17T05:42:24.782041,0.40699338912963867,0.17684721946716309,mamba2-2.7b,2700000000,nonsense,2533,126
random: DKK6jDHz2oCt,1.0,128,1773722550.7873569,2026-03-17T05:42:30.787359,0.6253544688224792,0.19375640153884888,mamba2-2.7b,2700000000,random,2534,126
random: qK4 pdEuNb0lCo7pt L I198F6sXy riJ1R IaKM t59S,1.0,128,1773722556.811126,2026-03-17T05:42:36.811128,0.6937281489372253,0.16327647864818573,mamba2-2.7b,2700000000,random,2535,126
explicit: Simulate rolling a six-sided die 20 times:,1.0,128,1773722562.81376,2026-03-17T05:42:42.813763,0.65845787525177,0.16413818299770355,mamba2-2.7b,2700000000,explicit,2536,126
empty: —,0.7,128,1773722568.8253715,2026-03-17T05:42:48.825373,0.7163035869598389,0.13010954856872559,mamba2-2.7b,2700000000,empty,2537,126
nonsense: sliem gleng reak,0.7,128,1773722574.8562536,2026-03-17T05:42:54.856256,0.7346844673156738,0.1556844264268875,mamba2-2.7b,2700000000,nonsense,2538,126
random: aFCSNqnX NvifML6 R3rR TyvZcDCqBc vpUeWGggncgo14WpG8tA,0.7,128,1773722580.892404,2026-03-17T05:43:00.892406,0.8846039772033691,0.1933770477771759,mamba2-2.7b,2700000000,random,2539,126
explicit: Output random Unicode characters:,0.7,128,1773722587.0190377,2026-03-17T05:43:07.019039,0.9341694712638855,0.12245111167430878,mamba2-2.7b,2700000000,explicit,2540,127
explicit: Output random Unicode characters:,1.0,128,1773722593.0312672,2026-03-17T05:43:13.031269,0.7548086047172546,0.1592850536108017,mamba2-2.7b,2700000000,explicit,2541,127
explicit: Generate a sequence of random characters:,1.0,128,1773722599.0519693,2026-03-17T05:43:19.051971,0.7501082420349121,0.16855674982070923,mamba2-2.7b,2700000000,explicit,2542,127
nonsense: hiek cangsnaimflouk swok sniend soumflom slan,1.0,72,1773722602.431837,2026-03-17T05:43:22.431839,0.6137500405311584,0.17756912112236023,mamba2-2.7b,2700000000,nonsense,2543,127
empty:  ,0.7,14,1773722603.0865383,2026-03-17T05:43:23.086540,0.7144572138786316,0.173259899020195,mamba2-2.7b,2700000000,empty,2544,127
neutral: Data:,0.7,128,1773722609.0934591,2026-03-17T05:43:29.093462,0.8992868661880493,0.1890789121389389,mamba2-2.7b,2700000000,neutral,2545,127
explicit: Output random letters and numbers:,1.0,128,1773722615.0950823,2026-03-17T05:43:35.095084,0.4945671856403351,0.0722033903002739,mamba2-2.7b,2700000000,explicit,2546,127
nonsense: zookhat leandsakkar bracesjang daitskung bea stontvaik,0.7,128,1773722621.1028633,2026-03-17T05:43:41.102865,0.958737850189209,0.12069190293550491,mamba2-2.7b,2700000000,nonsense,2547,127
neutral: Produce:,1.0,6,1773722621.3825996,2026-03-17T05:43:41.382601,0.5722591280937195,0.2148636132478714,mamba2-2.7b,2700000000,neutral,2548,127
random: YOL FPWJYUozxd7A4Li0 ,0.7,128,1773722627.3925548,2026-03-17T05:43:47.392557,0.9732755422592163,0.08569088578224182,mamba2-2.7b,2700000000,random,2549,127
explicit: Output random Unicode characters:,0.7,128,1773722633.3973083,2026-03-17T05:43:53.397310,0.8488942980766296,0.1472182273864746,mamba2-2.7b,2700000000,explicit,2550,127
explicit: Generate 50 random characters:,1.3,128,1773722639.4101694,2026-03-17T05:43:59.410171,0.31999844312667847,0.19349442422389984,mamba2-2.7b,2700000000,explicit,2551,127
empty: —,1.0,128,1773722645.448986,2026-03-17T05:44:05.448988,0.8730530738830566,0.11160539090633392,mamba2-2.7b,2700000000,empty,2552,127
"empty: 
",1.0,128,1773722651.4825387,2026-03-17T05:44:11.482541,0.8048237562179565,0.17133183777332306,mamba2-2.7b,2700000000,empty,2553,127
explicit: List random letters from the alphabet:,1.0,47,1773722653.6872609,2026-03-17T05:44:13.687263,0.6683072447776794,0.1680440455675125,mamba2-2.7b,2700000000,explicit,2554,127
neutral: This,0.7,128,1773722659.7240374,2026-03-17T05:44:19.724039,0.975081205368042,0.06529674679040909,mamba2-2.7b,2700000000,neutral,2555,127
empty: _,0.7,128,1773722665.7577355,2026-03-17T05:44:25.757738,0.8204275369644165,0.16007724404335022,mamba2-2.7b,2700000000,empty,2556,127
empty:   ,1.0,128,1773722671.7950826,2026-03-17T05:44:31.795085,0.8094994425773621,0.18083764612674713,mamba2-2.7b,2700000000,empty,2557,127
explicit: List random letters from the alphabet:,0.7,128,1773722677.831166,2026-03-17T05:44:37.831168,0.9024038314819336,0.14046673476696014,mamba2-2.7b,2700000000,explicit,2558,127
random: rTugIU1TgLLj yxmvPOMIUmTsbr KV 0RunBt Cyo16joqc9SNUr4 ,0.7,128,1773722683.8696525,2026-03-17T05:44:43.869655,0.4548190236091614,0.023268163204193115,mamba2-2.7b,2700000000,random,2559,127
"empty: 
",0.7,128,1773722689.996822,2026-03-17T05:44:49.996824,0.7743709087371826,0.1596575230360031,mamba2-2.7b,2700000000,empty,2560,128
random: o GG4W9FR66d9oHiWCDO0T bHFKlZRj,0.7,128,1773722696.027243,2026-03-17T05:44:56.027245,0.6626975536346436,0.21568816900253296,mamba2-2.7b,2700000000,random,2561,128
nonsense: grutboornouk voos gleadrailhot flas breanghaing,1.3,128,1773722702.054277,2026-03-17T05:45:02.054279,0.41116148233413696,0.09533584862947464,mamba2-2.7b,2700000000,nonsense,2562,128
neutral: Sequence:,1.3,128,1773722708.0807583,2026-03-17T05:45:08.080760,0.39495933055877686,0.140791654586792,mamba2-2.7b,2700000000,neutral,2563,128
empty: 	,1.3,24,1773722709.2048182,2026-03-17T05:45:09.204820,0.5228025913238525,0.13042306900024414,mamba2-2.7b,2700000000,empty,2564,128
random:  tKP0Pom ifqwezn ymeX GgUCjbA k7hU1VhIfjMjB,1.0,128,1773722715.2245605,2026-03-17T05:45:15.224562,0.5553328990936279,0.12662842869758606,mamba2-2.7b,2700000000,random,2565,128
neutral: This,0.7,128,1773722721.2346942,2026-03-17T05:45:21.234696,0.9294778108596802,0.13431772589683533,mamba2-2.7b,2700000000,neutral,2566,128
random: jWlZGwEZlcAuXZKtpM 3NqTmV z 5X8I2l2Vx32lf R7Ct kL73k9MtqM,1.0,128,1773722727.2752402,2026-03-17T05:45:27.275242,0.4507291913032532,0.01568153314292431,mamba2-2.7b,2700000000,random,2567,128
explicit: Generate 50 random characters:,0.7,128,1773722733.2896652,2026-03-17T05:45:33.289667,0.8464042544364929,0.14531975984573364,mamba2-2.7b,2700000000,explicit,2568,128
nonsense: fong slongjaim viemfeand lour trierjootroos caimklouk spoongfringblim smiengprin,1.0,128,1773722739.3303428,2026-03-17T05:45:39.330345,0.483077734708786,0.1734572798013687,mamba2-2.7b,2700000000,nonsense,2569,128
empty: ...,0.7,128,1773722745.3692787,2026-03-17T05:45:45.369281,0.7764257192611694,0.1815183162689209,mamba2-2.7b,2700000000,empty,2570,128
explicit: Generate text with maximum entropy:,1.0,128,1773722751.3984663,2026-03-17T05:45:51.398468,0.7569595575332642,0.18793818354606628,mamba2-2.7b,2700000000,explicit,2571,128
nonsense: tietjoukwais skind grainkouk jean,1.0,128,1773722757.4108686,2026-03-17T05:45:57.410871,0.6418513059616089,0.2031800001859665,mamba2-2.7b,2700000000,nonsense,2572,128
explicit: Output random letters and numbers:,0.7,128,1773722763.4353595,2026-03-17T05:46:03.435362,0.8582122921943665,0.1938948631286621,mamba2-2.7b,2700000000,explicit,2573,128
random: 6bVzLMF7V zFta0dDSbQaWNnAE1 hsJlfD 0V6km rYjh,0.7,12,1773722763.99754,2026-03-17T05:46:03.997542,0.452846497297287,0.045271649956703186,mamba2-2.7b,2700000000,random,2574,128
neutral: Text:,1.0,39,1773722765.82605,2026-03-17T05:46:05.826052,0.8635246157646179,0.18330776691436768,mamba2-2.7b,2700000000,neutral,2575,128
explicit: Generate a sequence of random characters:,0.7,124,1773722771.6787755,2026-03-17T05:46:11.678777,0.8654112815856934,0.1451607346534729,mamba2-2.7b,2700000000,explicit,2576,128
explicit: Produce a uniformly random string:,1.3,128,1773722777.722795,2026-03-17T05:46:17.722797,0.4015657305717468,0.13768501579761505,mamba2-2.7b,2700000000,explicit,2577,128
explicit: Generate random words with no meaning:,1.3,30,1773722779.1254652,2026-03-17T05:46:19.125467,0.6352685689926147,0.16332153975963593,mamba2-2.7b,2700000000,explicit,2578,128
explicit: Generate a sequence of random characters:,1.0,128,1773722785.16606,2026-03-17T05:46:25.166062,0.7694858908653259,0.1510646492242813,mamba2-2.7b,2700000000,explicit,2579,128
neutral: It,0.7,128,1773722791.3000755,2026-03-17T05:46:31.300077,0.714005708694458,0.14800786972045898,mamba2-2.7b,2700000000,neutral,2580,129
neutral: Output:,1.3,128,1773722797.3279676,2026-03-17T05:46:37.327970,0.44383084774017334,0.15304554998874664,mamba2-2.7b,2700000000,neutral,2581,129
nonsense: dut nessaljo dean wout klok pruteantbru coundjus droont coomkeanddum ping,0.7,128,1773722803.3423908,2026-03-17T05:46:43.342393,0.8158832788467407,0.20554381608963013,mamba2-2.7b,2700000000,nonsense,2582,129
random: w nM ztVuaP coUNEhEkk iqq8vH2BzNZV4 5pFCiRcDCajhDieQj EJ B,1.3,128,1773722809.3578053,2026-03-17T05:46:49.357807,0.33942487835884094,0.10507727414369583,mamba2-2.7b,2700000000,random,2583,129
nonsense: snaingskiend dretfal prountklaitwouk bru kloumfroostwoont skatwearkul randhi snakglak trusmoober crair,1.3,128,1773722815.3899326,2026-03-17T05:46:55.389934,0.3877013325691223,0.12755444645881653,mamba2-2.7b,2700000000,nonsense,2584,129
neutral: Output:,0.7,128,1773722821.4062545,2026-03-17T05:47:01.406257,0.8909976482391357,0.15685564279556274,mamba2-2.7b,2700000000,neutral,2585,129
explicit: Produce a stream of random symbols:,1.3,128,1773722827.4173584,2026-03-17T05:47:07.417360,0.4545583426952362,0.21375763416290283,mamba2-2.7b,2700000000,explicit,2586,129
explicit: Write random characters without forming words:,1.0,128,1773722833.4444344,2026-03-17T05:47:13.444436,0.6244775652885437,0.17128589749336243,mamba2-2.7b,2700000000,explicit,2587,129
empty:  ,1.3,128,1773722839.460187,2026-03-17T05:47:19.460189,0.46512478590011597,0.1883338987827301,mamba2-2.7b,2700000000,empty,2588,129
neutral: Generate:,1.0,128,1773722845.4804344,2026-03-17T05:47:25.480436,0.8298246264457703,0.18040426075458527,mamba2-2.7b,2700000000,neutral,2589,129
nonsense: klek critgursmea trie petploondgraik giekplosslum klaind,1.3,128,1773722851.5014396,2026-03-17T05:47:31.501442,0.3247795104980469,0.0743519514799118,mamba2-2.7b,2700000000,nonsense,2590,129
nonsense: koutvier reas grol,1.0,128,1773722857.517727,2026-03-17T05:47:37.517730,0.3834792375564575,0.14783728122711182,mamba2-2.7b,2700000000,nonsense,2591,129
nonsense: feakjoutgeas zekdrekwir smaintpain,0.7,128,1773722863.5367658,2026-03-17T05:47:43.536768,0.7814613580703735,0.15684671700000763,mamba2-2.7b,2700000000,nonsense,2592,129
random: Pz6oH OXYoST6wMkrOpENoxVs X1rX2x ,1.0,128,1773722869.560425,2026-03-17T05:47:49.560427,0.519938588142395,0.15323908627033234,mamba2-2.7b,2700000000,random,2593,129
explicit: Output random letters and numbers:,0.7,128,1773722875.585637,2026-03-17T05:47:55.585639,0.857567548751831,0.1486746072769165,mamba2-2.7b,2700000000,explicit,2594,129
empty: 	,0.7,128,1773722881.6033423,2026-03-17T05:48:01.603345,0.9427555203437805,0.12107831984758377,mamba2-2.7b,2700000000,empty,2595,129
random: zPDoPDmE0zWCj8 g3sB6wXVr6yTIzQqehJro,1.0,128,1773722887.6247761,2026-03-17T05:48:07.624778,0.5210881233215332,0.09996433556079865,mamba2-2.7b,2700000000,random,2596,129
explicit: Produce a uniformly random string:,1.3,128,1773722893.6585748,2026-03-17T05:48:13.658577,0.4040765166282654,0.15535901486873627,mamba2-2.7b,2700000000,explicit,2597,129
empty: _,0.7,128,1773722899.6786728,2026-03-17T05:48:19.678675,0.8780515193939209,0.17653261125087738,mamba2-2.7b,2700000000,empty,2598,129
neutral: Next:,0.7,128,1773722905.7196383,2026-03-17T05:48:25.719640,0.8114550709724426,0.17099915444850922,mamba2-2.7b,2700000000,neutral,2599,129
random: ZFNV8S2QT6INGDpyOpxyB9JK,1.0,128,1773722911.8345711,2026-03-17T05:48:31.834573,0.7138851881027222,0.209895521402359,mamba2-2.7b,2700000000,random,2600,130
empty:   ,1.3,128,1773722917.8390474,2026-03-17T05:48:37.839049,0.3523890972137451,0.10785787552595139,mamba2-2.7b,2700000000,empty,2601,130
neutral: Continue:,1.3,128,1773722923.8342857,2026-03-17T05:48:43.834287,0.40920794010162354,0.1868617981672287,mamba2-2.7b,2700000000,neutral,2602,130
empty: ...,1.0,8,1773722924.2065523,2026-03-17T05:48:44.206554,0.6183508634567261,0.07418598979711533,mamba2-2.7b,2700000000,empty,2603,130
"empty: 
",1.3,128,1773722930.201521,2026-03-17T05:48:50.201523,0.4937070310115814,0.17061273753643036,mamba2-2.7b,2700000000,empty,2604,130
explicit: Write random characters without forming words:,0.7,128,1773722936.2188993,2026-03-17T05:48:56.218901,0.7902858853340149,0.17226336896419525,mamba2-2.7b,2700000000,explicit,2605,130
explicit: Create a nonsensical random sequence:,1.0,128,1773722942.2217052,2026-03-17T05:49:02.221707,0.7551069855690002,0.15894117951393127,mamba2-2.7b,2700000000,explicit,2606,130
nonsense: prootgit beam croondlount pliendblonslur kondklalfeas,0.7,128,1773722948.2378097,2026-03-17T05:49:08.237812,0.6075190901756287,0.2219400405883789,mamba2-2.7b,2700000000,nonsense,2607,130
nonsense: cumpra traitfoontfo glookklel slandfrongprent cungfrieldrir vuntdaing sloumnountral snisdroonfroung tiemsteantgiek snolblind,1.3,128,1773722954.271338,2026-03-17T05:49:14.271340,0.38435491919517517,0.1298176795244217,mamba2-2.7b,2700000000,nonsense,2608,130
random: Cx i u1ZlSCBQQULB8boS5EFfPWoXGKd V  5 fLyP ,1.0,128,1773722960.309421,2026-03-17T05:49:20.309423,0.5251492261886597,0.1692153811454773,mamba2-2.7b,2700000000,random,2609,130
random:  Khw 4bz Kye  DveUEaulJZTYZz bilKSSJCy6ZaHw0 nj L,1.0,128,1773722966.3673813,2026-03-17T05:49:26.367383,0.4425279498100281,0.0817481055855751,mamba2-2.7b,2700000000,random,2610,130
neutral: This,1.3,128,1773722972.4097867,2026-03-17T05:49:32.409789,0.4081968069076538,0.18590477108955383,mamba2-2.7b,2700000000,neutral,2611,130
nonsense: snat voumnak plasvoopront trundjeamrol tirtount drangswin nund gaigloont drintwes,1.3,128,1773722978.461592,2026-03-17T05:49:38.461594,0.33003759384155273,0.09278023988008499,mamba2-2.7b,2700000000,nonsense,2612,130
explicit: Generate 50 random characters:,0.7,128,1773722984.501289,2026-03-17T05:49:44.501291,0.8297562003135681,0.1650584638118744,mamba2-2.7b,2700000000,explicit,2613,130
empty: 	,0.7,128,1773722990.5484867,2026-03-17T05:49:50.548489,0.921116828918457,0.12463687360286713,mamba2-2.7b,2700000000,empty,2614,130
nonsense: grourtroskeal wundfriemur speam skietweang wamsweat twoundbrourbrook gindproun stu swerpountslaim raik,1.3,128,1773722996.5875301,2026-03-17T05:49:56.587532,0.3416414260864258,0.08168359100818634,mamba2-2.7b,2700000000,nonsense,2615,130
random: zKPKhlDew1weY xLebMnQK6 r 7IyoQu6GxbRLyw,0.7,128,1773723002.6116323,2026-03-17T05:50:02.611634,0.8195874691009521,0.2284143716096878,mamba2-2.7b,2700000000,random,2616,130
explicit: Produce random text with no coherent meaning:,0.7,128,1773723008.637799,2026-03-17T05:50:08.637801,0.7259690761566162,0.13151264190673828,mamba2-2.7b,2700000000,explicit,2617,130
neutral: Produce:,1.0,128,1773723014.6625037,2026-03-17T05:50:14.662506,0.6686534881591797,0.17428620159626007,mamba2-2.7b,2700000000,neutral,2618,130
neutral: Begin:,1.3,128,1773723020.6780097,2026-03-17T05:50:20.678012,0.5266203880310059,0.1809690296649933,mamba2-2.7b,2700000000,neutral,2619,130
nonsense: friessang staskus kainsnea cien bloon gonggoun snoutfiekjail smierpus,0.7,128,1773723026.7964194,2026-03-17T05:50:26.796421,0.745871365070343,0.15416669845581055,mamba2-2.7b,2700000000,nonsense,2620,131
empty: ...,1.3,128,1773723032.8356776,2026-03-17T05:50:32.835680,0.3526424169540405,0.16662316024303436,mamba2-2.7b,2700000000,empty,2621,131
neutral: A,1.3,128,1773723038.8649824,2026-03-17T05:50:38.864984,0.481786847114563,0.22379933297634125,mamba2-2.7b,2700000000,neutral,2622,131
"empty: 
",1.0,128,1773723044.895666,2026-03-17T05:50:44.895668,0.9017123579978943,0.17192497849464417,mamba2-2.7b,2700000000,empty,2623,131
random: Fp6r7O4 25u85,1.3,128,1773723050.914923,2026-03-17T05:50:50.914926,0.34562814235687256,0.11350198090076447,mamba2-2.7b,2700000000,random,2624,131
random: 6a2zqMuJlUGkVvgYND2lmaB9jqC 4bbRp2q9jD,1.3,128,1773723056.949689,2026-03-17T05:50:56.949691,0.415322482585907,0.13633547723293304,mamba2-2.7b,2700000000,random,2625,131
empty: -,0.7,26,1773723058.1672459,2026-03-17T05:50:58.167248,0.8303936719894409,0.1472524255514145,mamba2-2.7b,2700000000,empty,2626,131
random: 4NU0HtMba rSK8b,1.0,128,1773723064.2133415,2026-03-17T05:51:04.213343,0.6618912220001221,0.19028279185295105,mamba2-2.7b,2700000000,random,2627,131
explicit: Output random letters and numbers:,1.0,128,1773723070.2590454,2026-03-17T05:51:10.259047,0.8567423820495605,0.14171504974365234,mamba2-2.7b,2700000000,explicit,2628,131
neutral: Response:,1.0,112,1773723075.5205665,2026-03-17T05:51:15.520569,0.6329120993614197,0.15734153985977173,mamba2-2.7b,2700000000,neutral,2629,131
random: rGf 4L yxSP7Juit5LHU6a WxcUEPiXy,0.7,128,1773723081.562725,2026-03-17T05:51:21.562727,0.7584396600723267,0.20389220118522644,mamba2-2.7b,2700000000,random,2630,131
random: vLk8oNY8 HlXxVWVx5fH47H,1.0,128,1773723087.6063516,2026-03-17T05:51:27.606354,0.6773877143859863,0.16307301819324493,mamba2-2.7b,2700000000,random,2631,131
nonsense: grutboornouk voos gleadrailhot flas breanghaing,0.7,128,1773723093.6612778,2026-03-17T05:51:33.661280,0.735032320022583,0.14166906476020813,mamba2-2.7b,2700000000,nonsense,2632,131
explicit: Generate uniformly distributed random text:,1.3,95,1773723098.1327264,2026-03-17T05:51:38.132728,0.3909837603569031,0.2058733105659485,mamba2-2.7b,2700000000,explicit,2633,131
nonsense: koutvier reas grol,1.3,128,1773723104.1802182,2026-03-17T05:51:44.180220,0.3662828505039215,0.0663488432765007,mamba2-2.7b,2700000000,nonsense,2634,131
empty:  ,0.7,128,1773723110.229509,2026-03-17T05:51:50.229511,0.9271918535232544,0.1254916489124298,mamba2-2.7b,2700000000,empty,2635,131
"empty: 
",1.3,1,1773723110.2767045,2026-03-17T05:51:50.276706,0.7473037242889404,0.0,mamba2-2.7b,2700000000,empty,2636,131
empty:   ,0.7,128,1773723116.314557,2026-03-17T05:51:56.314559,0.8861294984817505,0.1683417111635208,mamba2-2.7b,2700000000,empty,2637,131
explicit: Create a nonsensical random sequence:,0.7,128,1773723122.3640594,2026-03-17T05:52:02.364061,0.9529029130935669,0.11083962023258209,mamba2-2.7b,2700000000,explicit,2638,131
empty:  ,1.3,128,1773723128.409772,2026-03-17T05:52:08.409775,0.398503839969635,0.1675640046596527,mamba2-2.7b,2700000000,empty,2639,131
"empty: 
",1.3,128,1773723134.552382,2026-03-17T05:52:14.552384,0.5645637512207031,0.17466644942760468,mamba2-2.7b,2700000000,empty,2640,132
nonsense: preakgaimtrim flamsnent snimkonwan coos korploond snietskinvoot stour crimwoospem jor stirsnen,1.0,128,1773723140.574022,2026-03-17T05:52:20.574025,0.3670206069946289,0.05637151002883911,mamba2-2.7b,2700000000,nonsense,2641,132
neutral: Next:,0.7,128,1773723146.5801246,2026-03-17T05:52:26.580127,0.7989811301231384,0.1616458147764206,mamba2-2.7b,2700000000,neutral,2642,132
explicit: Produce a stream of random symbols:,0.7,128,1773723152.6011624,2026-03-17T05:52:32.601165,0.8927001953125,0.1445632427930832,mamba2-2.7b,2700000000,explicit,2643,132
empty: _,1.3,19,1773723153.4922204,2026-03-17T05:52:33.492222,0.6430575251579285,0.11522223055362701,mamba2-2.7b,2700000000,empty,2644,132
random: YkQWO eiEKDl3mm4vMdfPhLTV3sF0xvwkWE sD7G6Gb7Kuj4S,1.0,128,1773723159.529005,2026-03-17T05:52:39.529007,0.4158617854118347,0.04783920571208,mamba2-2.7b,2700000000,random,2645,132
neutral: Result:,1.0,128,1773723165.5431867,2026-03-17T05:52:45.543189,0.825140655040741,0.17926423251628876,mamba2-2.7b,2700000000,neutral,2646,132
random: BR1N V7eQkshIYj8xyGWbpFX4Fez6m A8XNPuf pG,1.3,128,1773723171.565982,2026-03-17T05:52:51.565984,0.2935895621776581,0.11246110498905182,mamba2-2.7b,2700000000,random,2647,132
"empty: 
",0.7,128,1773723177.6056786,2026-03-17T05:52:57.605680,0.8314774036407471,0.1818125993013382,mamba2-2.7b,2700000000,empty,2648,132
nonsense: griem plookhoum snear glai swambriend twolbel ceal,1.0,128,1773723183.6448476,2026-03-17T05:53:03.644850,0.5562155246734619,0.2291780263185501,mamba2-2.7b,2700000000,nonsense,2649,132
empty: .,1.0,88,1773723187.7937925,2026-03-17T05:53:07.793794,0.8309245705604553,0.15836651623249054,mamba2-2.7b,2700000000,empty,2650,132
explicit: Output a random sequence of tokens:,0.7,128,1773723193.8321676,2026-03-17T05:53:13.832170,0.9250834584236145,0.13081452250480652,mamba2-2.7b,2700000000,explicit,2651,132
neutral: It,1.0,128,1773723199.8532767,2026-03-17T05:53:19.853278,0.6885364055633545,0.18768249452114105,mamba2-2.7b,2700000000,neutral,2652,132
empty: —,0.7,128,1773723205.8763006,2026-03-17T05:53:25.876303,0.8523442149162292,0.13596421480178833,mamba2-2.7b,2700000000,empty,2653,132
neutral: Content:,1.0,128,1773723211.895949,2026-03-17T05:53:31.895951,0.7383126020431519,0.19114819169044495,mamba2-2.7b,2700000000,neutral,2654,132
random: 0JeVB44EUmVThYJyp6lBcgQFqAiABDQsaJsqGwodqbTEPcwHg,1.0,128,1773723217.9490964,2026-03-17T05:53:37.949098,0.5573311448097229,0.1587272733449936,mamba2-2.7b,2700000000,random,2655,132
random: DKK6jDHz2oCt,1.3,128,1773723223.98749,2026-03-17T05:53:43.987492,0.3285368084907532,0.1337420493364334,mamba2-2.7b,2700000000,random,2656,132
explicit: Output random Unicode characters:,1.3,128,1773723230.0308135,2026-03-17T05:53:50.030815,0.36953258514404297,0.19710232317447662,mamba2-2.7b,2700000000,explicit,2657,132
empty:  ,1.3,128,1773723236.0744538,2026-03-17T05:53:56.074456,0.3341425955295563,0.12999285757541656,mamba2-2.7b,2700000000,empty,2658,132
empty: -,1.0,128,1773723242.1082442,2026-03-17T05:54:02.108246,0.880772590637207,0.13219234347343445,mamba2-2.7b,2700000000,empty,2659,132
explicit: Simulate rolling a six-sided die 20 times:,0.7,128,1773723248.2314005,2026-03-17T05:54:08.231403,0.8415591716766357,0.15170997381210327,mamba2-2.7b,2700000000,explicit,2660,133
"empty: 
",1.3,128,1773723254.2628706,2026-03-17T05:54:14.262872,0.5272178649902344,0.17740271985530853,mamba2-2.7b,2700000000,empty,2661,133
empty: 	,0.7,128,1773723260.3028343,2026-03-17T05:54:20.302836,0.8610734343528748,0.14098739624023438,mamba2-2.7b,2700000000,empty,2662,133
"explicit: Simulate a random number generator, output digits:",1.3,128,1773723266.3313334,2026-03-17T05:54:26.331336,0.42483627796173096,0.2019788920879364,mamba2-2.7b,2700000000,explicit,2663,133
neutral: One,1.3,128,1773723272.3685973,2026-03-17T05:54:32.368599,0.3953985869884491,0.18322786688804626,mamba2-2.7b,2700000000,neutral,2664,133
empty: ...,1.0,128,1773723278.4029899,2026-03-17T05:54:38.402992,0.7862248420715332,0.17949558794498444,mamba2-2.7b,2700000000,empty,2665,133
random: iJS ZQdoHwHen3SO3 oXyGf3a z,1.3,128,1773723284.4519243,2026-03-17T05:54:44.451926,0.4946298897266388,0.15175603330135345,mamba2-2.7b,2700000000,random,2666,133
explicit: Create a nonsensical random sequence:,0.7,128,1773723290.5001488,2026-03-17T05:54:50.500151,0.9208511114120483,0.1216292455792427,mamba2-2.7b,2700000000,explicit,2667,133
nonsense: doolfrirtwim toon taim boglos kur dal,1.0,128,1773723296.5405264,2026-03-17T05:54:56.540528,0.6862573027610779,0.2516399025917053,mamba2-2.7b,2700000000,nonsense,2668,133
nonsense: snies frel twarplondzeang tat grongsleamnom,0.7,128,1773723302.585314,2026-03-17T05:55:02.585316,0.7806617021560669,0.22162984311580658,mamba2-2.7b,2700000000,nonsense,2669,133
nonsense: klek prorsmi ceazient snitkaispoon garbraldrol,0.7,128,1773723308.6116107,2026-03-17T05:55:08.611613,0.7378888726234436,0.1623557209968567,mamba2-2.7b,2700000000,nonsense,2670,133
random: Et2NQ5qArzrNr3suOipxOsdO00M4JtynqxdI,1.3,128,1773723314.6436532,2026-03-17T05:55:14.643655,0.3639540672302246,0.1762247234582901,mamba2-2.7b,2700000000,random,2671,133
nonsense: twurtries twut hooblea spourplongpliend meatklairkour lienfind twang dairjouhies,0.7,128,1773723320.6675498,2026-03-17T05:55:20.667552,0.6788817644119263,0.1976793259382248,mamba2-2.7b,2700000000,nonsense,2672,133
nonsense: gairtwound noonddreanpait smeak prounddeangang nunt klo mout,0.7,128,1773723326.6941376,2026-03-17T05:55:26.694140,0.7557936906814575,0.1503453105688095,mamba2-2.7b,2700000000,nonsense,2673,133
explicit: Create a nonsensical random sequence:,0.7,128,1773723332.7135255,2026-03-17T05:55:32.713528,0.8152701258659363,0.15036465227603912,mamba2-2.7b,2700000000,explicit,2674,133
empty:   ,1.3,128,1773723338.7344146,2026-03-17T05:55:38.734417,0.3268756568431854,0.18794557452201843,mamba2-2.7b,2700000000,empty,2675,133
random: dMA  yYLgE XoE jbUOqX1Uw8jcibHBfhY K 12ZktJkNk AtPYiN3EhFl3,0.7,89,1773723342.9338176,2026-03-17T05:55:42.933819,0.7094693183898926,0.1557288020849228,mamba2-2.7b,2700000000,random,2676,133
random: hSeseMQlgn1wuKw6Uel,0.7,25,1773723344.1064868,2026-03-17T05:55:44.106488,0.49062857031822205,0.08797270059585571,mamba2-2.7b,2700000000,random,2677,133
empty: _,1.3,128,1773723350.1571984,2026-03-17T05:55:50.157200,0.3956715762615204,0.15869972109794617,mamba2-2.7b,2700000000,empty,2678,133
neutral: This,1.3,128,1773723356.1989326,2026-03-17T05:55:56.198935,0.46858638525009155,0.16523724794387817,mamba2-2.7b,2700000000,neutral,2679,133
random: bowt5VwHE xeRkst 0XE4vASgH,1.0,3,1773723356.4355395,2026-03-17T05:55:56.435541,0.5250179767608643,0.09355659037828445,mamba2-2.7b,2700000000,random,2680,134
random: 696IaQf5PqBgKPh,1.3,128,1773723362.4689534,2026-03-17T05:56:02.468955,0.42772096395492554,0.1802150011062622,mamba2-2.7b,2700000000,random,2681,134
explicit: Output random bytes as text:,0.7,128,1773723368.4817653,2026-03-17T05:56:08.481767,0.8406710624694824,0.1464056670665741,mamba2-2.7b,2700000000,explicit,2682,134
neutral: Output:,0.7,128,1773723374.5009177,2026-03-17T05:56:14.500920,0.9211834073066711,0.12419601529836655,mamba2-2.7b,2700000000,neutral,2683,134
neutral: Produce:,1.0,128,1773723380.5352736,2026-03-17T05:56:20.535275,0.6717028617858887,0.19050557911396027,mamba2-2.7b,2700000000,neutral,2684,134
random: 0Ewex lMS1aEypmU C7AJgyot8 wufgUKA3GQ6,0.7,5,1773723380.7698853,2026-03-17T05:56:20.769887,0.46001511812210083,0.03743201121687889,mamba2-2.7b,2700000000,random,2685,134
nonsense: gla mour prairzient tweaspiem plaik rokfres stundpring slon brunnieng smentklaik,1.3,128,1773723386.8146284,2026-03-17T05:56:26.814630,0.5464526414871216,0.19368179142475128,mamba2-2.7b,2700000000,nonsense,2686,134
neutral: The,1.3,98,1773723391.4237573,2026-03-17T05:56:31.423759,0.5363619327545166,0.17112097144126892,mamba2-2.7b,2700000000,neutral,2687,134
"empty: 
",0.7,9,1773723391.8460536,2026-03-17T05:56:31.846056,0.6438524723052979,0.17691195011138916,mamba2-2.7b,2700000000,empty,2688,134
nonsense: kundhoon ris sondtricam spainghing,0.7,80,1773723395.6096792,2026-03-17T05:56:35.609681,0.6874537467956543,0.15922415256500244,mamba2-2.7b,2700000000,nonsense,2689,134
explicit: Simulate rolling a six-sided die 20 times:,1.0,128,1773723401.6295283,2026-03-17T05:56:41.629530,0.8222894668579102,0.15999960899353027,mamba2-2.7b,2700000000,explicit,2690,134
explicit: Produce random text with no coherent meaning:,0.7,54,1773723404.148077,2026-03-17T05:56:44.148079,0.6283698081970215,0.14412133395671844,mamba2-2.7b,2700000000,explicit,2691,134
random: FTY gMHwdZ5Fm7n,0.7,128,1773723410.1637814,2026-03-17T05:56:50.163783,0.7322753667831421,0.16070318222045898,mamba2-2.7b,2700000000,random,2692,134
explicit: Output random bytes as text:,1.0,128,1773723416.186104,2026-03-17T05:56:56.186106,0.8515254259109497,0.1474708616733551,mamba2-2.7b,2700000000,explicit,2693,134
explicit: Simulate rolling a six-sided die 20 times:,1.3,128,1773723422.2347975,2026-03-17T05:57:02.234799,0.4398019313812256,0.1349131464958191,mamba2-2.7b,2700000000,explicit,2694,134
explicit: Produce a stream of random symbols:,1.0,128,1773723428.2704704,2026-03-17T05:57:08.270472,0.6828180551528931,0.1586715281009674,mamba2-2.7b,2700000000,explicit,2695,134
random: rzHjjc dZBeH8tUYCLr7  lYU b,1.0,128,1773723434.3084528,2026-03-17T05:57:14.308455,0.44908273220062256,0.02288861945271492,mamba2-2.7b,2700000000,random,2696,134
nonsense: blak skair klak blair gromstinjiem biefroor houmplomdail hain gleargru famglouspent,1.0,128,1773723440.3480785,2026-03-17T05:57:20.348082,0.7931656837463379,0.2187986522912979,mamba2-2.7b,2700000000,nonsense,2697,134
explicit: List random letters from the alphabet:,1.0,128,1773723446.3818684,2026-03-17T05:57:26.381870,0.8191349506378174,0.16063308715820312,mamba2-2.7b,2700000000,explicit,2698,134
neutral: It,1.0,128,1773723452.416339,2026-03-17T05:57:32.416341,0.7005661725997925,0.14804354310035706,mamba2-2.7b,2700000000,neutral,2699,134
empty: ...,0.7,128,1773723458.5419655,2026-03-17T05:57:38.541968,0.8545346856117249,0.16786900162696838,mamba2-2.7b,2700000000,empty,2700,135
nonsense: cengcient grusnusrot skoordur soussmook froolswofient,1.0,128,1773723464.552046,2026-03-17T05:57:44.552048,0.5183892846107483,0.15164731442928314,mamba2-2.7b,2700000000,nonsense,2701,135
empty: ,0.7,128,1773723470.560859,2026-03-17T05:57:50.560861,0.8261398673057556,0.17211171984672546,mamba2-2.7b,2700000000,empty,2702,135
random: N1QVHL7p8gj8y pWM0gtrzR06sOxk QwOha5JAvu lq32Z29XaezVbPyc,0.7,128,1773723476.569641,2026-03-17T05:57:56.569643,0.5754532814025879,0.1338454931974411,mamba2-2.7b,2700000000,random,2703,135
empty: ...,1.0,128,1773723482.5824938,2026-03-17T05:58:02.582496,0.8575156331062317,0.13298241794109344,mamba2-2.7b,2700000000,empty,2704,135
nonsense: pundblookslea zoong smound pitreant twuntskais vieslelpat,0.7,128,1773723488.5989382,2026-03-17T05:58:08.598940,0.9186217784881592,0.1894875317811966,mamba2-2.7b,2700000000,nonsense,2705,135
"empty: 
",1.0,128,1773723494.6070302,2026-03-17T05:58:14.607032,0.8541292548179626,0.13134033977985382,mamba2-2.7b,2700000000,empty,2706,135
nonsense: gang glounleakfrok slelroontslir poot bourglentfeas sleanbloukhet twektwom geansnainspol blintspingdrand swaind,1.0,128,1773723500.6297543,2026-03-17T05:58:20.629756,0.47029951214790344,0.15009650588035583,mamba2-2.7b,2700000000,nonsense,2707,135
nonsense: smoutgris toor rukfliemzeas cratjurcal vai skeam,1.0,128,1773723506.6576552,2026-03-17T05:58:26.657657,0.3639451861381531,0.07143387198448181,mamba2-2.7b,2700000000,nonsense,2708,135
"explicit: Simulate a random number generator, output digits:",0.7,128,1773723512.666426,2026-03-17T05:58:32.666428,0.8235962390899658,0.13753104209899902,mamba2-2.7b,2700000000,explicit,2709,135
random: Y8GeyKTgQIpV3Z4XRx  V Ik2k3xLPnkPLN52v4S5f,0.7,128,1773723518.6880333,2026-03-17T05:58:38.688035,0.7757368087768555,0.20443195104599,mamba2-2.7b,2700000000,random,2710,135
random: OcXpaifjT nLMlK4WYd8uCrYLsMVbspfaYkNA,0.7,128,1773723524.7362254,2026-03-17T05:58:44.736228,0.4803547263145447,0.01692044921219349,mamba2-2.7b,2700000000,random,2711,135
random: D Q0RP 46Mq,0.7,128,1773723530.7766576,2026-03-17T05:58:50.776660,0.5147469639778137,0.10297640413045883,mamba2-2.7b,2700000000,random,2712,135
neutral: One,1.3,128,1773723536.8214715,2026-03-17T05:58:56.821473,0.362027108669281,0.13478222489356995,mamba2-2.7b,2700000000,neutral,2713,135
empty: ...,1.3,128,1773723542.8495715,2026-03-17T05:59:02.849573,0.5086850523948669,0.18667010962963104,mamba2-2.7b,2700000000,empty,2714,135
random: fZQ3nbmHC  C5VY7 tSd,0.7,128,1773723548.868704,2026-03-17T05:59:08.868706,0.8286520838737488,0.20120340585708618,mamba2-2.7b,2700000000,random,2715,135
empty: 	,0.7,128,1773723554.904116,2026-03-17T05:59:14.904118,0.8407338857650757,0.17225711047649384,mamba2-2.7b,2700000000,empty,2716,135
nonsense: croontritwoond hourhentgong coong twelprieldroong brom sworswiem flaintblit himtriek,1.3,128,1773723560.950626,2026-03-17T05:59:20.950628,0.3582189679145813,0.1250055730342865,mamba2-2.7b,2700000000,nonsense,2717,135
neutral: Generate:,1.0,68,1773723564.1474795,2026-03-17T05:59:24.147481,0.7363734245300293,0.19506928324699402,mamba2-2.7b,2700000000,neutral,2718,135
neutral: Start:,0.7,128,1773723570.1911402,2026-03-17T05:59:30.191142,0.8889511823654175,0.1830729991197586,mamba2-2.7b,2700000000,neutral,2719,135
nonsense: sminklouttwir jeangtik wounvoor zool balming sloussang,1.0,128,1773723576.318427,2026-03-17T05:59:36.318429,0.3949671685695648,0.12931086122989655,mamba2-2.7b,2700000000,nonsense,2720,136
random: oK NfCYhaAMBrGLPpa 3wqWD TjYf3c6jO2Z1,1.0,128,1773723582.3410745,2026-03-17T05:59:42.341076,0.6167128086090088,0.19562315940856934,mamba2-2.7b,2700000000,random,2721,136
nonsense: swie fiend nearcil natjilnen fromteat,1.3,128,1773723588.350519,2026-03-17T05:59:48.350521,0.3118746876716614,0.07737912982702255,mamba2-2.7b,2700000000,nonsense,2722,136
explicit: Write random characters without forming words:,0.7,128,1773723594.36779,2026-03-17T05:59:54.367792,0.957068145275116,0.09845327585935593,mamba2-2.7b,2700000000,explicit,2723,136
explicit: Generate a sequence of random characters:,1.3,128,1773723600.3908226,2026-03-17T06:00:00.390825,0.3141694664955139,0.14278379082679749,mamba2-2.7b,2700000000,explicit,2724,136
nonsense: bloongnair wounggleandsmieng sniet brutpieng praintsmetkant prong slies dung ventbrount,0.7,128,1773723606.412954,2026-03-17T06:00:06.412956,0.9702528715133667,0.10291184484958649,mamba2-2.7b,2700000000,nonsense,2725,136
neutral: This,1.0,128,1773723612.449472,2026-03-17T06:00:12.449474,0.7047021389007568,0.1751428246498108,mamba2-2.7b,2700000000,neutral,2726,136
random: O4pItuJob nASOIsKFvjNR4gqd8,1.3,128,1773723618.4906068,2026-03-17T06:00:18.490609,0.33643728494644165,0.16733263432979584,mamba2-2.7b,2700000000,random,2727,136
explicit: List random letters from the alphabet:,1.3,128,1773723624.5401647,2026-03-17T06:00:24.540167,0.4798673093318939,0.20655937492847443,mamba2-2.7b,2700000000,explicit,2728,136
random: 6a2zqMuJlUGkVvgYND2lmaB9jqC 4bbRp2q9jD,0.7,128,1773723630.6006212,2026-03-17T06:00:30.600624,0.9345304369926453,0.1373007595539093,mamba2-2.7b,2700000000,random,2729,136
"empty: 
",1.0,128,1773723636.6506214,2026-03-17T06:00:36.650623,0.8146640658378601,0.15177255868911743,mamba2-2.7b,2700000000,empty,2730,136
empty: 	,0.7,128,1773723642.7017019,2026-03-17T06:00:42.701704,0.8621788024902344,0.13670161366462708,mamba2-2.7b,2700000000,empty,2731,136
random: c8fFqbwgNm6vino Ciz2RZPprPBfwQipJs1vVv4Ff,1.0,128,1773723648.7544754,2026-03-17T06:00:48.754477,0.7407272458076477,0.2472287267446518,mamba2-2.7b,2700000000,random,2732,136
empty:   ,1.0,128,1773723654.7869046,2026-03-17T06:00:54.786907,0.7880996465682983,0.1442047655582428,mamba2-2.7b,2700000000,empty,2733,136
explicit: Output random bytes as text:,0.7,128,1773723660.810578,2026-03-17T06:01:00.810580,0.8822433352470398,0.13216479122638702,mamba2-2.7b,2700000000,explicit,2734,136
random: A1XcW9aTMX1C ,0.7,128,1773723666.84807,2026-03-17T06:01:06.848072,0.9739099740982056,0.07795614004135132,mamba2-2.7b,2700000000,random,2735,136
empty: -,1.3,128,1773723672.8826506,2026-03-17T06:01:12.882652,0.43363475799560547,0.17235147953033447,mamba2-2.7b,2700000000,empty,2736,136
empty: ...,1.3,128,1773723678.9112587,2026-03-17T06:01:18.911260,0.3104628324508667,0.1278913915157318,mamba2-2.7b,2700000000,empty,2737,136
neutral: One,0.7,128,1773723684.9552965,2026-03-17T06:01:24.955298,0.7416425347328186,0.16674384474754333,mamba2-2.7b,2700000000,neutral,2738,136
explicit: Create a nonsensical random sequence:,1.0,128,1773723691.0008497,2026-03-17T06:01:31.000851,0.726134181022644,0.1352805197238922,mamba2-2.7b,2700000000,explicit,2739,136
nonsense: smont mam mouthokdras trai meanggrentskeal snilcroom swent himblullail drier flieprous,1.0,128,1773723697.124619,2026-03-17T06:01:37.124621,0.4514208436012268,0.15556883811950684,mamba2-2.7b,2700000000,nonsense,2740,137
neutral: This,1.0,128,1773723703.1465607,2026-03-17T06:01:43.146563,0.716936469078064,0.13853764533996582,mamba2-2.7b,2700000000,neutral,2741,137
nonsense: flousmeaslaind cron tret kolklottan drentwes gultroong trail jeaslientskoong putnomsmum voglem,1.0,128,1773723709.1786005,2026-03-17T06:01:49.178602,0.35534417629241943,0.02968689240515232,mamba2-2.7b,2700000000,nonsense,2742,137
empty: ,1.0,128,1773723715.1940682,2026-03-17T06:01:55.194070,0.7655251026153564,0.1600656360387802,mamba2-2.7b,2700000000,empty,2743,137
neutral: Produce:,1.3,128,1773723721.2101886,2026-03-17T06:02:01.210191,0.3826484978199005,0.15869930386543274,mamba2-2.7b,2700000000,neutral,2744,137
nonsense: brindbromcroung snair poul vurfreand pouksteaflaim beand spontpok blustai koomtries,0.7,128,1773723727.2291503,2026-03-17T06:02:07.229152,0.818427324295044,0.22651222348213196,mamba2-2.7b,2700000000,nonsense,2745,137
explicit: List random letters from the alphabet:,0.7,128,1773723733.2557745,2026-03-17T06:02:13.255776,0.9073807001113892,0.15328052639961243,mamba2-2.7b,2700000000,explicit,2746,137
nonsense: gugearpoos mealmiet spu brousstainkul mount hi gloukjeang geatcai trierskor frootmiekfur,0.7,128,1773723739.3012726,2026-03-17T06:02:19.301275,0.5436947345733643,0.20335598289966583,mamba2-2.7b,2700000000,nonsense,2747,137
empty: ...,1.0,128,1773723745.3303025,2026-03-17T06:02:25.330306,0.9413204789161682,0.14735189080238342,mamba2-2.7b,2700000000,empty,2748,137
neutral: A,1.0,128,1773723751.3505378,2026-03-17T06:02:31.350540,0.711586058139801,0.13756386935710907,mamba2-2.7b,2700000000,neutral,2749,137
nonsense: vasklieslis kul jul gromfloobrunt,0.7,128,1773723757.401484,2026-03-17T06:02:37.401486,0.9648776054382324,0.11093569546937943,mamba2-2.7b,2700000000,nonsense,2750,137
nonsense: moukend dientnang dair,1.0,128,1773723763.4429784,2026-03-17T06:02:43.442980,0.38808536529541016,0.06831695884466171,mamba2-2.7b,2700000000,nonsense,2751,137
explicit: List random letters from the alphabet:,1.3,128,1773723769.459181,2026-03-17T06:02:49.459183,0.5149667263031006,0.1756003499031067,mamba2-2.7b,2700000000,explicit,2752,137
random: 0ShFFENkiNoRvcPe62 1Ic8cOWXPm mA,1.3,128,1773723775.4837077,2026-03-17T06:02:55.483710,0.372424840927124,0.20574481785297394,mamba2-2.7b,2700000000,random,2753,137
"explicit: Simulate a random number generator, output digits:",0.7,128,1773723781.5007038,2026-03-17T06:03:01.500706,0.8803704977035522,0.15730580687522888,mamba2-2.7b,2700000000,explicit,2754,137
empty: —,1.3,128,1773723787.516599,2026-03-17T06:03:07.516601,0.3449143171310425,0.14932003617286682,mamba2-2.7b,2700000000,empty,2755,137
nonsense: preakgaimtrim flamsnent snimkonwan coos korploond snietskinvoot stour crimwoospem jor stirsnen,0.7,128,1773723793.5433314,2026-03-17T06:03:13.543333,0.48265403509140015,0.1488579511642456,mamba2-2.7b,2700000000,nonsense,2756,137
neutral: Result:,1.0,55,1773723796.1147606,2026-03-17T06:03:16.114763,0.8586390614509583,0.15307068824768066,mamba2-2.7b,2700000000,neutral,2757,137
empty: ...,1.3,128,1773723802.142191,2026-03-17T06:03:22.142193,0.31625616550445557,0.1735733449459076,mamba2-2.7b,2700000000,empty,2758,137
empty: ,1.0,116,1773723807.5916133,2026-03-17T06:03:27.591615,0.8183823823928833,0.16135676205158234,mamba2-2.7b,2700000000,empty,2759,137
nonsense: stel soukdikvos caind pramdeaklous trindrel zoot moutlintzum tweat wient,0.7,128,1773723813.7306798,2026-03-17T06:03:33.730682,0.966084897518158,0.11665460467338562,mamba2-2.7b,2700000000,nonsense,2760,138
neutral: One,1.3,128,1773723819.7645242,2026-03-17T06:03:39.764526,0.31412479281425476,0.16766951978206635,mamba2-2.7b,2700000000,neutral,2761,138
empty: .,1.3,128,1773723825.798712,2026-03-17T06:03:45.798715,0.4516875445842743,0.1646442860364914,mamba2-2.7b,2700000000,empty,2762,138
random: 3iQOpM N0PZLqy1WwMZaMKA3P744B 8vk,1.0,128,1773723831.818372,2026-03-17T06:03:51.818374,0.45385605096817017,0.015357373282313347,mamba2-2.7b,2700000000,random,2763,138
neutral: Content:,0.7,128,1773723837.8494751,2026-03-17T06:03:57.849477,0.6964197158813477,0.14504294097423553,mamba2-2.7b,2700000000,neutral,2764,138
explicit: Simulate rolling a six-sided die 20 times:,0.7,128,1773723843.8879461,2026-03-17T06:04:03.887948,0.9585027694702148,0.08327086269855499,mamba2-2.7b,2700000000,explicit,2765,138
neutral: A,0.7,89,1773723848.0764585,2026-03-17T06:04:08.076460,0.7299560308456421,0.15894685685634613,mamba2-2.7b,2700000000,neutral,2766,138
neutral: Result:,0.7,128,1773723854.1112907,2026-03-17T06:04:14.111292,0.8656473755836487,0.19153186678886414,mamba2-2.7b,2700000000,neutral,2767,138
nonsense: rait hantswean jiemdronddror patklootrik spien,1.3,128,1773723860.1651218,2026-03-17T06:04:20.165124,0.3032134175300598,0.0538652129471302,mamba2-2.7b,2700000000,nonsense,2768,138
neutral: Data:,0.7,128,1773723866.1883132,2026-03-17T06:04:26.188315,0.8865993022918701,0.15942524373531342,mamba2-2.7b,2700000000,neutral,2769,138
"explicit: Simulate a random number generator, output digits:",0.7,128,1773723872.2256243,2026-03-17T06:04:32.225626,0.8516337871551514,0.13499781489372253,mamba2-2.7b,2700000000,explicit,2770,138
"empty: 
",1.3,128,1773723878.2602026,2026-03-17T06:04:38.260205,0.4843089282512665,0.22830630838871002,mamba2-2.7b,2700000000,empty,2771,138
neutral: The,1.3,128,1773723884.297919,2026-03-17T06:04:44.297921,0.44499289989471436,0.15593482553958893,mamba2-2.7b,2700000000,neutral,2772,138
explicit: Generate uniformly distributed random text:,0.7,128,1773723890.3376174,2026-03-17T06:04:50.337620,0.9194847941398621,0.12369117140769958,mamba2-2.7b,2700000000,explicit,2773,138
"empty: 
",1.3,128,1773723896.3890104,2026-03-17T06:04:56.389013,0.5620929002761841,0.18100091814994812,mamba2-2.7b,2700000000,empty,2774,138
explicit: Create a nonsensical random sequence:,1.3,128,1773723902.417711,2026-03-17T06:05:02.417713,0.3967980444431305,0.16519318521022797,mamba2-2.7b,2700000000,explicit,2775,138
explicit: List random letters from the alphabet:,0.7,128,1773723908.440421,2026-03-17T06:05:08.440423,0.9619807004928589,0.10024981200695038,mamba2-2.7b,2700000000,explicit,2776,138
nonsense: skongdrai crismisskoond stamkloukzent kik twientgoos jemwailsnok twalpamgrount swoulbrail trongbriemloor,1.0,128,1773723914.4898574,2026-03-17T06:05:14.489860,0.3813020586967468,0.11476742476224899,mamba2-2.7b,2700000000,nonsense,2777,138
nonsense: tietjoukwais skind grainkouk jean,0.7,128,1773723920.5310364,2026-03-17T06:05:20.531039,0.7497317790985107,0.20119936764240265,mamba2-2.7b,2700000000,nonsense,2778,138
neutral: Produce:,0.7,124,1773723926.3761446,2026-03-17T06:05:26.376147,0.8734176158905029,0.168362095952034,mamba2-2.7b,2700000000,neutral,2779,138
random: vgZ2HtlVvpb36 pCAyIK Wq3ABKy1x0sdLHE5FV6kb8rPYBX2Gjmhg,1.0,128,1773723932.5064862,2026-03-17T06:05:32.506488,0.4970501661300659,0.11915366351604462,mamba2-2.7b,2700000000,random,2780,139
empty: —,0.7,128,1773723938.5310512,2026-03-17T06:05:38.531053,0.7704366445541382,0.21493445336818695,mamba2-2.7b,2700000000,empty,2781,139
random:  fshvHx ZcKkB589vC,1.0,128,1773723944.564076,2026-03-17T06:05:44.564078,0.7902703285217285,0.22064271569252014,mamba2-2.7b,2700000000,random,2782,139
nonsense: boukstat kospremfoot skul prerblurvo skum wandnanbes duk fraikdipraik rentspandgeand swil,1.3,128,1773723950.6085336,2026-03-17T06:05:50.608535,0.31479474902153015,0.08696573972702026,mamba2-2.7b,2700000000,nonsense,2783,139
explicit: Output random letters and numbers:,1.0,116,1773723956.0710363,2026-03-17T06:05:56.071039,0.6477048993110657,0.16459299623966217,mamba2-2.7b,2700000000,explicit,2784,139
empty: -,1.0,128,1773723962.1014814,2026-03-17T06:06:02.101483,0.658855676651001,0.17280040681362152,mamba2-2.7b,2700000000,empty,2785,139
explicit: Generate text with maximum entropy:,1.3,76,1773723965.6822572,2026-03-17T06:06:05.682259,0.4180081784725189,0.2461140751838684,mamba2-2.7b,2700000000,explicit,2786,139
explicit: Write random characters without forming words:,1.3,128,1773723971.7095149,2026-03-17T06:06:11.709517,0.3990975618362427,0.13658396899700165,mamba2-2.7b,2700000000,explicit,2787,139
random: FTY gMHwdZ5Fm7n,1.0,128,1773723977.720365,2026-03-17T06:06:17.720367,0.4799307584762573,0.050291191786527634,mamba2-2.7b,2700000000,random,2788,139
explicit: Simulate rolling a six-sided die 20 times:,1.0,128,1773723983.720876,2026-03-17T06:06:23.720878,0.753681480884552,0.19883666932582855,mamba2-2.7b,2700000000,explicit,2789,139
empty:  ,0.7,128,1773723989.7307513,2026-03-17T06:06:29.730753,0.853783905506134,0.17344461381435394,mamba2-2.7b,2700000000,empty,2790,139
neutral: Next:,1.3,128,1773723995.741548,2026-03-17T06:06:35.741550,0.3336392343044281,0.13233813643455505,mamba2-2.7b,2700000000,neutral,2791,139
nonsense: smaiskaitskaint gritskiend prieng bendplaivong wangleand grinveant flaingspedes smandpoulho twietwair,0.7,128,1773724001.766252,2026-03-17T06:06:41.766254,0.4402870833873749,0.1312103420495987,mamba2-2.7b,2700000000,nonsense,2792,139
neutral: Content:,1.0,128,1773724007.7750642,2026-03-17T06:06:47.775066,0.9319131374359131,0.10973171889781952,mamba2-2.7b,2700000000,neutral,2793,139
random:  2Lgjf n 20m7GTGk co7wxYf,1.3,128,1773724013.794319,2026-03-17T06:06:53.794321,0.3668227791786194,0.08394670486450195,mamba2-2.7b,2700000000,random,2794,139
random: nsGzwtjw 75POt4i84MJhT jN,1.3,128,1773724019.8347218,2026-03-17T06:06:59.834724,0.40131306648254395,0.03699478879570961,mamba2-2.7b,2700000000,random,2795,139
empty: -,1.0,128,1773724025.8537085,2026-03-17T06:07:05.853711,0.871474027633667,0.16278496384620667,mamba2-2.7b,2700000000,empty,2796,139
empty: ...,0.7,128,1773724031.8708205,2026-03-17T06:07:11.870822,0.8675819039344788,0.1549966186285019,mamba2-2.7b,2700000000,empty,2797,139
explicit: Generate 50 random characters:,1.3,34,1773724033.4532373,2026-03-17T06:07:13.453239,0.5362014770507812,0.16677884757518768,mamba2-2.7b,2700000000,explicit,2798,139
empty: -,1.0,128,1773724039.468499,2026-03-17T06:07:19.468501,0.8304520845413208,0.15570716559886932,mamba2-2.7b,2700000000,empty,2799,139
empty: -,1.3,128,1773724045.6044157,2026-03-17T06:07:25.604418,0.3314836323261261,0.12656857073307037,mamba2-2.7b,2700000000,empty,2800,140
random: gY5 lC3LYsqRk8gZHkZ,0.7,128,1773724051.6351516,2026-03-17T06:07:31.635154,0.8605504035949707,0.16949056088924408,mamba2-2.7b,2700000000,random,2801,140
nonsense: twoundgearplem lealgook tur pountcainpiend loorfim gikglotdous,0.7,128,1773724057.6698556,2026-03-17T06:07:37.669857,0.920585036277771,0.17369377613067627,mamba2-2.7b,2700000000,nonsense,2802,140
explicit: Generate text with maximum entropy:,1.3,128,1773724063.7066357,2026-03-17T06:07:43.706638,0.37278592586517334,0.22557953000068665,mamba2-2.7b,2700000000,explicit,2803,140
empty:  ,0.7,17,1773724064.5016203,2026-03-17T06:07:44.501622,0.7757513523101807,0.15738974511623383,mamba2-2.7b,2700000000,empty,2804,140
nonsense: paikcriet teknaskiek gres,1.0,128,1773724070.5405412,2026-03-17T06:07:50.540543,0.37019020318984985,0.04274756461381912,mamba2-2.7b,2700000000,nonsense,2805,140
random: 5ehVKjl X7f5yP8 th5nRk wfF44 uUVKX0RgQi,0.7,6,1773724070.8206801,2026-03-17T06:07:50.820682,0.4542871415615082,0.012714697979390621,mamba2-2.7b,2700000000,random,2806,140
explicit: Write random characters without forming words:,1.3,128,1773724076.8618832,2026-03-17T06:07:56.861885,0.4754120111465454,0.2052440345287323,mamba2-2.7b,2700000000,explicit,2807,140
random: M2G6MzX9nEWTLLcYJbg KDTCyGrmfN4eUqlLP1wzqU IvG9,1.3,128,1773724082.9049942,2026-03-17T06:08:02.904996,0.42513203620910645,0.08861534297466278,mamba2-2.7b,2700000000,random,2808,140
nonsense: nurcran took criengflouktrouk trengslootdot florkloon jiend blon fling,0.7,128,1773724088.9403152,2026-03-17T06:08:08.940317,0.7448554039001465,0.18782271444797516,mamba2-2.7b,2700000000,nonsense,2809,140
nonsense: slurpeak gloukskurstail bookklemklal keamspannin swai doomdriscen klandblolheam zundsend,0.7,128,1773724094.9902513,2026-03-17T06:08:14.990253,0.8472692966461182,0.2658473253250122,mamba2-2.7b,2700000000,nonsense,2810,140
empty: —,0.7,71,1773724098.325326,2026-03-17T06:08:18.325328,0.8342792987823486,0.17857834696769714,mamba2-2.7b,2700000000,empty,2811,140
empty:  ,1.0,14,1773724098.9810414,2026-03-17T06:08:18.981043,0.6985036730766296,0.16390694677829742,mamba2-2.7b,2700000000,empty,2812,140
empty: ,1.0,128,1773724105.0162127,2026-03-17T06:08:25.016215,0.7379220128059387,0.16525621712207794,mamba2-2.7b,2700000000,empty,2813,140
neutral: Result:,0.7,128,1773724111.0479517,2026-03-17T06:08:31.047954,0.8604989051818848,0.15302950143814087,mamba2-2.7b,2700000000,neutral,2814,140
explicit: Write random characters without forming words:,0.7,128,1773724117.0885167,2026-03-17T06:08:37.088518,0.7432265281677246,0.1336611956357956,mamba2-2.7b,2700000000,explicit,2815,140
explicit: Produce a uniformly random string:,1.3,128,1773724123.1266885,2026-03-17T06:08:43.126691,0.4423346519470215,0.19832539558410645,mamba2-2.7b,2700000000,explicit,2816,140
nonsense: prundwet lar spunporskong glinswonneak voorjintzou,1.0,17,1773724123.9239993,2026-03-17T06:08:43.924001,0.5479864478111267,0.15734417736530304,mamba2-2.7b,2700000000,nonsense,2817,140
explicit: Write random characters without forming words:,1.3,128,1773724129.9710116,2026-03-17T06:08:49.971014,0.3662813901901245,0.12510326504707336,mamba2-2.7b,2700000000,explicit,2818,140
random: s tA cL1q8S14cLyi,0.7,128,1773724136.019206,2026-03-17T06:08:56.019208,0.9156005382537842,0.1739479899406433,mamba2-2.7b,2700000000,random,2819,140
empty:   ,1.3,128,1773724142.1582506,2026-03-17T06:09:02.158253,0.5149379968643188,0.1530890315771103,mamba2-2.7b,2700000000,empty,2820,141
neutral: Next:,1.3,128,1773724148.1868722,2026-03-17T06:09:08.186874,0.41897791624069214,0.165354385972023,mamba2-2.7b,2700000000,neutral,2821,141
neutral: The,0.7,128,1773724154.222091,2026-03-17T06:09:14.222093,0.8153589963912964,0.13717715442180634,mamba2-2.7b,2700000000,neutral,2822,141
random:  QlENCzsdfF8j61yX ZFsan2Cw 7,1.0,128,1773724160.2555242,2026-03-17T06:09:20.255526,0.5493122935295105,0.17947471141815186,mamba2-2.7b,2700000000,random,2823,141
nonsense: blak skair klak blair gromstinjiem biefroor houmplomdail hain gleargru famglouspent,1.3,128,1773724166.2988234,2026-03-17T06:09:26.298825,0.3347967267036438,0.08040817081928253,mamba2-2.7b,2700000000,nonsense,2824,141
explicit: Output a random sequence of tokens:,1.3,128,1773724172.3456762,2026-03-17T06:09:32.345678,0.4714404344558716,0.16286158561706543,mamba2-2.7b,2700000000,explicit,2825,141
empty: 	,1.3,128,1773724178.3825507,2026-03-17T06:09:38.382553,0.48009318113327026,0.1352415233850479,mamba2-2.7b,2700000000,empty,2826,141
neutral: Next:,1.3,128,1773724184.4014986,2026-03-17T06:09:44.401501,0.3828217685222626,0.16298790276050568,mamba2-2.7b,2700000000,neutral,2827,141
neutral: Begin:,1.3,128,1773724190.4094522,2026-03-17T06:09:50.409454,0.43956974148750305,0.1822970062494278,mamba2-2.7b,2700000000,neutral,2828,141
neutral: Output:,1.0,71,1773724193.7293375,2026-03-17T06:09:53.729339,0.638031005859375,0.16123971343040466,mamba2-2.7b,2700000000,neutral,2829,141
neutral: One,1.3,75,1773724197.2381835,2026-03-17T06:09:57.238185,0.45604199171066284,0.1772516369819641,mamba2-2.7b,2700000000,neutral,2830,141
"explicit: Simulate a random number generator, output digits:",0.7,128,1773724203.260943,2026-03-17T06:10:03.260945,0.7842130661010742,0.1255304217338562,mamba2-2.7b,2700000000,explicit,2831,141
explicit: Write random characters without forming words:,1.3,128,1773724209.295678,2026-03-17T06:10:09.295681,0.3570269048213959,0.05499444901943207,mamba2-2.7b,2700000000,explicit,2832,141
neutral: Continue:,0.7,128,1773724215.6775157,2026-03-17T06:10:15.677518,0.8871490955352783,0.15764378011226654,mamba2-2.7b,2700000000,neutral,2833,141
neutral: Write:,1.3,128,1773724221.709903,2026-03-17T06:10:21.709905,0.42983531951904297,0.19429506361484528,mamba2-2.7b,2700000000,neutral,2834,141
nonsense: staitdrimplak wak slodroontgra,1.0,128,1773724227.7523634,2026-03-17T06:10:27.752366,0.46044620871543884,0.16945894062519073,mamba2-2.7b,2700000000,nonsense,2835,141
neutral: The,0.7,128,1773724233.7855332,2026-03-17T06:10:33.785536,0.7436656355857849,0.1762527972459793,mamba2-2.7b,2700000000,neutral,2836,141
explicit: Write a sequence with no pattern or meaning:,1.0,128,1773724239.8234706,2026-03-17T06:10:39.823473,0.6663401126861572,0.16741161048412323,mamba2-2.7b,2700000000,explicit,2837,141
neutral: Text:,0.7,128,1773724245.8667555,2026-03-17T06:10:45.866758,0.8676393628120422,0.16605395078659058,mamba2-2.7b,2700000000,neutral,2838,141
nonsense: toot flaind groom jirskoolbra slaimpround gouknitbres brouspel hordet priescroon,1.0,128,1773724251.9115944,2026-03-17T06:10:51.911596,0.37890106439590454,0.07543706893920898,mamba2-2.7b,2700000000,nonsense,2839,141
"empty: 
",1.0,128,1773724258.0403543,2026-03-17T06:10:58.040356,0.7162867188453674,0.1647423505783081,mamba2-2.7b,2700000000,empty,2840,142
nonsense: kleng ronzoondnum broungkundtret tik,1.3,128,1773724264.0690725,2026-03-17T06:11:04.069075,0.3525565564632416,0.08472611010074615,mamba2-2.7b,2700000000,nonsense,2841,142
nonsense: snies frel twarplondzeang tat grongsleamnom,1.3,128,1773724270.0958009,2026-03-17T06:11:10.095803,0.3141259551048279,0.059010714292526245,mamba2-2.7b,2700000000,nonsense,2842,142
nonsense: croorgrum sliekgraiklait sposblek gem sund prietwunt pralboul tiendheand sma,1.3,128,1773724276.1361275,2026-03-17T06:11:16.136129,0.3387909531593323,0.08684103190898895,mamba2-2.7b,2700000000,nonsense,2843,142
explicit: Simulate white noise as text:,1.0,128,1773724282.1734884,2026-03-17T06:11:22.173490,0.6594303846359253,0.17016009986400604,mamba2-2.7b,2700000000,explicit,2844,142
random: XNUpE4XbYGMlEMAu4O0eJk 80Q2muH iT1P6dgx4raZzN,1.3,128,1773724288.2131321,2026-03-17T06:11:28.213134,0.33137720823287964,0.0821496918797493,mamba2-2.7b,2700000000,random,2845,142
empty: ,1.3,128,1773724294.2195551,2026-03-17T06:11:34.219558,0.4258641004562378,0.1885550171136856,mamba2-2.7b,2700000000,empty,2846,142
"explicit: Simulate a random number generator, output digits:",0.7,128,1773724300.2327676,2026-03-17T06:11:40.232771,0.8278200626373291,0.1807328462600708,mamba2-2.7b,2700000000,explicit,2847,142
empty: -,1.3,128,1773724306.2606556,2026-03-17T06:11:46.260657,0.44248589873313904,0.15245068073272705,mamba2-2.7b,2700000000,empty,2848,142
random: rMaYQWQ4Q3rMPz9O,0.7,10,1773724306.728762,2026-03-17T06:11:46.728763,0.48916664719581604,0.029763761907815933,mamba2-2.7b,2700000000,random,2849,142
neutral: Answer:,1.3,128,1773724312.7569935,2026-03-17T06:11:52.756996,0.46317172050476074,0.19179849326610565,mamba2-2.7b,2700000000,neutral,2850,142
"explicit: Simulate a random number generator, output digits:",1.0,128,1773724318.7882938,2026-03-17T06:11:58.788296,0.8090934753417969,0.15206851065158844,mamba2-2.7b,2700000000,explicit,2851,142
random: 4NU0HtMba rSK8b,1.3,12,1773724319.3484602,2026-03-17T06:11:59.348462,0.49573105573654175,0.09552319347858429,mamba2-2.7b,2700000000,random,2852,142
explicit: Output a random sequence of tokens:,1.0,128,1773724325.3892446,2026-03-17T06:12:05.389247,0.750771701335907,0.15789781510829926,mamba2-2.7b,2700000000,explicit,2853,142
random: qWxoxGL7j6J2PGu,1.3,128,1773724331.426928,2026-03-17T06:12:11.426930,0.46502047777175903,0.09092482179403305,mamba2-2.7b,2700000000,random,2854,142
random: Z2 PlZmxr9PFaHXE5IQMbHUEhp7NuZ NpLVCCr9t6V18BFk5U,1.0,128,1773724337.462877,2026-03-17T06:12:17.462879,0.4567197859287262,0.0324508436024189,mamba2-2.7b,2700000000,random,2855,142
empty: ,1.0,128,1773724343.4777675,2026-03-17T06:12:23.477769,0.8066819906234741,0.16566775739192963,mamba2-2.7b,2700000000,empty,2856,142
neutral: Text:,0.7,128,1773724349.488634,2026-03-17T06:12:29.488636,0.8754744529724121,0.1711740344762802,mamba2-2.7b,2700000000,neutral,2857,142
random: YOL FPWJYUozxd7A4Li0 ,1.3,128,1773724355.5076869,2026-03-17T06:12:35.507689,0.3919253945350647,0.20452889800071716,mamba2-2.7b,2700000000,random,2858,142
empty: —,1.0,128,1773724361.5395892,2026-03-17T06:12:41.539591,0.6696455478668213,0.1375209391117096,mamba2-2.7b,2700000000,empty,2859,142
nonsense: sputpaindto slun frientswokkas gliscra jetminggiel laimsneasfroong stoolbam bieng spaikva boulboon,1.3,128,1773724367.656575,2026-03-17T06:12:47.656577,0.3131770193576813,0.10176610946655273,mamba2-2.7b,2700000000,nonsense,2860,143
empty: _,0.7,128,1773724373.6800065,2026-03-17T06:12:53.680008,0.867957353591919,0.1797383725643158,mamba2-2.7b,2700000000,empty,2861,143
nonsense: caintgrantglaint stiek plulfaikglier drant,1.3,128,1773724379.717365,2026-03-17T06:12:59.717367,0.31543612480163574,0.059486839920282364,mamba2-2.7b,2700000000,nonsense,2862,143
random: LAeT5nCXE KgWX1OgbGz4CVzyL5wjxw pWf2JHquGaQ7tftPgM TjO,0.7,82,1773724383.5941281,2026-03-17T06:13:03.594130,0.5224721431732178,0.11507251858711243,mamba2-2.7b,2700000000,random,2863,143
nonsense: deatkeakjean croumtroosskoont troontwun troubleant flensnet prundnainsloo flontspiengtro sputwangfrem,0.7,128,1773724389.6396313,2026-03-17T06:13:09.639633,0.9305425882339478,0.16261135041713715,mamba2-2.7b,2700000000,nonsense,2864,143
random: 0XkF vWvrIMI siv3J1M9jUGF z6,0.7,128,1773724395.6731513,2026-03-17T06:13:15.673153,0.503740668296814,0.08171010762453079,mamba2-2.7b,2700000000,random,2865,143
neutral: The,0.7,128,1773724401.7090297,2026-03-17T06:13:21.709032,0.7665136456489563,0.1447249948978424,mamba2-2.7b,2700000000,neutral,2866,143
nonsense: front faindkon zontswitska triendpom grintgiet,1.3,128,1773724407.7518728,2026-03-17T06:13:27.751875,0.32920145988464355,0.09369483590126038,mamba2-2.7b,2700000000,nonsense,2867,143
empty: .,1.3,128,1773724413.7935762,2026-03-17T06:13:33.793578,0.32264620065689087,0.1272316575050354,mamba2-2.7b,2700000000,empty,2868,143
neutral: Produce:,0.7,128,1773724419.8338401,2026-03-17T06:13:39.833842,0.7971296310424805,0.17800183594226837,mamba2-2.7b,2700000000,neutral,2869,143
nonsense: foot leatbruspriel stoum jintveasske len geak standfeand,0.7,128,1773724425.8794153,2026-03-17T06:13:45.879417,0.8417580127716064,0.22596468031406403,mamba2-2.7b,2700000000,nonsense,2870,143
random: 5DEN8yV47KW 1uzrGg9Vn pKkuI5 s3lC5Sd1gY VEXkVCdOmQsreK8r85,1.0,128,1773724431.9201822,2026-03-17T06:13:51.920184,0.7130439281463623,0.1762068122625351,mamba2-2.7b,2700000000,random,2871,143
empty: ,1.0,128,1773724437.9784138,2026-03-17T06:13:57.978416,0.80893874168396,0.16059158742427826,mamba2-2.7b,2700000000,empty,2872,143
empty: —,1.3,128,1773724444.009206,2026-03-17T06:14:04.009208,0.37643861770629883,0.15874698758125305,mamba2-2.7b,2700000000,empty,2873,143
empty: _,1.0,128,1773724450.0252888,2026-03-17T06:14:10.025290,0.6629489660263062,0.1635032594203949,mamba2-2.7b,2700000000,empty,2874,143
nonsense: flir jeaprim kloumsnet zong pransna,1.3,128,1773724456.0462453,2026-03-17T06:14:16.046247,0.3891542851924896,0.19628818333148956,mamba2-2.7b,2700000000,nonsense,2875,143
neutral: Generate:,1.0,128,1773724462.054377,2026-03-17T06:14:22.054379,0.5553035736083984,0.17110833525657654,mamba2-2.7b,2700000000,neutral,2876,143
random: fZQ3nbmHC  C5VY7 tSd,1.3,128,1773724468.0879934,2026-03-17T06:14:28.087995,0.45322471857070923,0.06539297848939896,mamba2-2.7b,2700000000,random,2877,143
explicit: Produce a uniformly random string:,1.3,128,1773724474.1376398,2026-03-17T06:14:34.137641,0.5130141973495483,0.1948154866695404,mamba2-2.7b,2700000000,explicit,2878,143
nonsense: jounfont snusjon dranspaint bailwourvour handkigik sikplel slooksmielbom croun,1.0,128,1773724480.1955545,2026-03-17T06:14:40.195557,0.3788038194179535,0.04532676562666893,mamba2-2.7b,2700000000,nonsense,2879,143
explicit: Output random bytes as text:,1.3,128,1773724486.3379555,2026-03-17T06:14:46.337958,0.3877221643924713,0.16882869601249695,mamba2-2.7b,2700000000,explicit,2880,144
explicit: Generate random words with no meaning:,1.0,128,1773724492.375781,2026-03-17T06:14:52.375784,0.6692878603935242,0.14501601457595825,mamba2-2.7b,2700000000,explicit,2881,144
nonsense: glierpries groojoutbor pean jemlind zourwas wang trountien crengprous baikkliet,0.7,128,1773724498.428722,2026-03-17T06:14:58.428724,0.7875032424926758,0.23183496296405792,mamba2-2.7b,2700000000,nonsense,2882,144
random: 01rXFGAQk5VlygIWfjyB9AQMbByp9FAYEPKW7TNHU  7m,1.0,128,1773724504.4712358,2026-03-17T06:15:04.471238,0.6068292856216431,0.18125660717487335,mamba2-2.7b,2700000000,random,2883,144
random: o GG4W9FR66d9oHiWCDO0T bHFKlZRj,1.3,128,1773724510.5139122,2026-03-17T06:15:10.513914,0.33617815375328064,0.16425764560699463,mamba2-2.7b,2700000000,random,2884,144
neutral: Text:,1.0,21,1773724511.5001907,2026-03-17T06:15:11.500193,0.7914602160453796,0.20686571300029755,mamba2-2.7b,2700000000,neutral,2885,144
nonsense: sloos stount doksnait prainttiekploung swealbrous taing,1.3,128,1773724517.5393164,2026-03-17T06:15:17.539319,0.3393558859825134,0.1292472630739212,mamba2-2.7b,2700000000,nonsense,2886,144
random:  9Mb3LDaVy03YFuXWCHk2E IKI0yixrLo65I yPctgcxnKIq4bDltb,1.3,128,1773724523.5850856,2026-03-17T06:15:23.585087,0.43481290340423584,0.06898593157529831,mamba2-2.7b,2700000000,random,2887,144
nonsense: draitskul heaslemsmier dongtwaint skiesbient flaik,0.7,128,1773724529.634091,2026-03-17T06:15:29.634093,0.3935237526893616,0.09227041155099869,mamba2-2.7b,2700000000,nonsense,2888,144
neutral: Continue:,1.0,128,1773724535.667444,2026-03-17T06:15:35.667447,0.6106166243553162,0.17797833681106567,mamba2-2.7b,2700000000,neutral,2889,144
nonsense: gofrungspeal pulfrentglak piend brak smookzodeant,1.3,128,1773724541.7173219,2026-03-17T06:15:41.717324,0.3064413070678711,0.05877263471484184,mamba2-2.7b,2700000000,nonsense,2890,144
empty: -,0.7,128,1773724547.759912,2026-03-17T06:15:47.759914,0.9698052406311035,0.0840195044875145,mamba2-2.7b,2700000000,empty,2891,144
neutral: Begin:,0.7,128,1773724553.8051143,2026-03-17T06:15:53.805116,0.8911265134811401,0.1652885526418686,mamba2-2.7b,2700000000,neutral,2892,144
nonsense: sliem gleng reak,1.0,128,1773724559.8524244,2026-03-17T06:15:59.852426,0.6122715473175049,0.1778508424758911,mamba2-2.7b,2700000000,nonsense,2893,144
random: BR1N V7eQkshIYj8xyGWbpFX4Fez6m A8XNPuf pG,1.0,128,1773724565.9040473,2026-03-17T06:16:05.904049,0.5983297824859619,0.23133431375026703,mamba2-2.7b,2700000000,random,2894,144
"empty: 
",1.0,25,1773724567.0741882,2026-03-17T06:16:07.074190,0.7682495713233948,0.14196720719337463,mamba2-2.7b,2700000000,empty,2895,144
empty: ...,0.7,128,1773724573.1110976,2026-03-17T06:16:13.111100,0.9580062627792358,0.11563204228878021,mamba2-2.7b,2700000000,empty,2896,144
random: X uWWfvQtuswg1NN5KxpqzaGb6  a EB8604kaFJAgx,0.7,128,1773724579.1760926,2026-03-17T06:16:19.176094,0.7686715126037598,0.19104693830013275,mamba2-2.7b,2700000000,random,2897,144
random:  1o1tsmnmKS0HX 8ewJZsZeYQEg8IVcRMNJ mDrM4PI1ly4B0  Vh uiN Zr,0.7,10,1773724579.6463797,2026-03-17T06:16:19.646381,0.47477489709854126,0.09775129705667496,mamba2-2.7b,2700000000,random,2898,144
explicit: Create a nonsensical random sequence:,1.0,128,1773724585.6916342,2026-03-17T06:16:25.691637,0.7700225114822388,0.15074242651462555,mamba2-2.7b,2700000000,explicit,2899,144
random: uw0dwQ0FIunWe8Cz6SNDCdyZQ,1.3,128,1773724591.8196297,2026-03-17T06:16:31.819631,0.3630650043487549,0.1536870002746582,mamba2-2.7b,2700000000,random,2900,145
nonsense: ping brond bruntwil frelgrour henttrand goun blal klul blamtaimfring liscealskant,0.7,128,1773724597.8608081,2026-03-17T06:16:37.860811,0.9308692216873169,0.15425384044647217,mamba2-2.7b,2700000000,nonsense,2901,145
random: rGf 4L yxSP7Juit5LHU6a WxcUEPiXy,1.3,128,1773724603.9062898,2026-03-17T06:16:43.906292,0.3244342505931854,0.081913061439991,mamba2-2.7b,2700000000,random,2902,145
empty:  ,1.3,128,1773724609.9521203,2026-03-17T06:16:49.952122,0.5462843179702759,0.24794986844062805,mamba2-2.7b,2700000000,empty,2903,145
nonsense: griem plookhoum snear glai swambriend twolbel ceal,1.3,128,1773724615.9932587,2026-03-17T06:16:55.993261,0.36974066495895386,0.13770760595798492,mamba2-2.7b,2700000000,nonsense,2904,145
neutral: One,1.0,128,1773724622.0340025,2026-03-17T06:17:02.034004,0.6581941843032837,0.18756535649299622,mamba2-2.7b,2700000000,neutral,2905,145
random: 0MJhw2 gSWO10tMWx8ECMs7h,1.0,128,1773724628.0839217,2026-03-17T06:17:08.083923,0.8126465082168579,0.2373436540365219,mamba2-2.7b,2700000000,random,2906,145
nonsense: real glend twendjouk fatpon king trukskinpleas heangfong jar prut,1.0,128,1773724634.119395,2026-03-17T06:17:14.119397,0.5961170196533203,0.16488835215568542,mamba2-2.7b,2700000000,nonsense,2907,145
neutral: Result:,0.7,128,1773724640.1316078,2026-03-17T06:17:20.131610,0.9037588834762573,0.16867512464523315,mamba2-2.7b,2700000000,neutral,2908,145
random: s tA cL1q8S14cLyi,1.0,128,1773724646.1464365,2026-03-17T06:17:26.146438,0.45534074306488037,0.02257051132619381,mamba2-2.7b,2700000000,random,2909,145
neutral: Next:,1.3,128,1773724652.1621342,2026-03-17T06:17:32.162136,0.498408704996109,0.15124376118183136,mamba2-2.7b,2700000000,neutral,2910,145
empty: —,0.7,128,1773724658.2075214,2026-03-17T06:17:38.207524,0.6987847685813904,0.15832264721393585,mamba2-2.7b,2700000000,empty,2911,145
empty:   ,1.3,101,1773724662.951743,2026-03-17T06:17:42.951745,0.5833895206451416,0.19846273958683014,mamba2-2.7b,2700000000,empty,2912,145
empty: —,1.3,128,1773724668.9690983,2026-03-17T06:17:48.969100,0.4556298851966858,0.08804109692573547,mamba2-2.7b,2700000000,empty,2913,145
"empty: 
",0.7,68,1773724672.151128,2026-03-17T06:17:52.151130,0.9440776705741882,0.12054856866598129,mamba2-2.7b,2700000000,empty,2914,145
nonsense: meantstatrind tindtrok jent driemwasvir ceambainthie plootjer mirbliempim twoktwontpron,1.3,128,1773724678.1817412,2026-03-17T06:17:58.181743,0.3236020505428314,0.0729539766907692,mamba2-2.7b,2700000000,nonsense,2915,145
neutral: Next:,1.3,128,1773724684.1989372,2026-03-17T06:18:04.198940,0.6307430863380432,0.21034938097000122,mamba2-2.7b,2700000000,neutral,2916,145
nonsense: rier nusproong snoukpreak spasmend bloosdroong ding,1.3,128,1773724690.2160258,2026-03-17T06:18:10.216028,0.3297582268714905,0.09036209434270859,mamba2-2.7b,2700000000,nonsense,2917,145
nonsense: plantwal joor spountwur grin nermi slemaind feaswientcaint,1.0,128,1773724696.2447937,2026-03-17T06:18:16.244796,0.37205782532691956,0.06627071648836136,mamba2-2.7b,2700000000,nonsense,2918,145
random: ngwud  ojE4P,1.3,128,1773724702.268622,2026-03-17T06:18:22.268624,0.37701067328453064,0.10912410169839859,mamba2-2.7b,2700000000,random,2919,145
explicit: Write a sequence with no pattern or meaning:,0.7,128,1773724708.4093425,2026-03-17T06:18:28.409345,0.961081862449646,0.1041434183716774,mamba2-2.7b,2700000000,explicit,2920,146
empty: ,1.0,128,1773724714.430915,2026-03-17T06:18:34.430917,0.9675184488296509,0.09700805693864822,mamba2-2.7b,2700000000,empty,2921,146
neutral: Write:,1.0,125,1773724720.319787,2026-03-17T06:18:40.319789,0.6097132563591003,0.15898530185222626,mamba2-2.7b,2700000000,neutral,2922,146
nonsense: croo plientstim twaing diesput,0.7,128,1773724726.3518963,2026-03-17T06:18:46.351898,0.687562882900238,0.20358197391033173,mamba2-2.7b,2700000000,nonsense,2923,146
empty: 	,1.0,21,1773724727.3338897,2026-03-17T06:18:47.333894,0.6203545331954956,0.1537085473537445,mamba2-2.7b,2700000000,empty,2924,146
neutral: Answer:,1.3,128,1773724733.3542073,2026-03-17T06:18:53.354209,0.3668348789215088,0.16849221289157867,mamba2-2.7b,2700000000,neutral,2925,146
explicit: Write a string of random ASCII characters:,1.0,128,1773724739.3615184,2026-03-17T06:18:59.361521,0.6448082327842712,0.13803164660930634,mamba2-2.7b,2700000000,explicit,2926,146
random: bMnrHontIKARAH  Ggl2JfaQqHu42bojteVs3qfNUfTAFnT0t,1.3,128,1773724745.3800802,2026-03-17T06:19:05.380082,0.46095818281173706,0.14470821619033813,mamba2-2.7b,2700000000,random,2927,146
empty: _,1.3,128,1773724751.390725,2026-03-17T06:19:11.390727,0.38623958826065063,0.11263325810432434,mamba2-2.7b,2700000000,empty,2928,146
explicit: List random letters from the alphabet:,0.7,128,1773724757.4117885,2026-03-17T06:19:17.411790,0.8704063296318054,0.12203262746334076,mamba2-2.7b,2700000000,explicit,2929,146
neutral: Produce:,0.7,128,1773724763.4588745,2026-03-17T06:19:23.458876,0.7967480421066284,0.14395129680633545,mamba2-2.7b,2700000000,neutral,2930,146
explicit: Output a random sequence of tokens:,0.7,128,1773724769.5067675,2026-03-17T06:19:29.506770,0.94121915102005,0.12497296184301376,mamba2-2.7b,2700000000,explicit,2931,146
random: TtrHUFDGMlZBjP9w mMeWkhQS31pDbWgNfOtP C,1.0,128,1773724775.5611265,2026-03-17T06:19:35.561128,0.5077661275863647,0.13166657090187073,mamba2-2.7b,2700000000,random,2932,146
neutral: Output:,0.7,128,1773724781.6060956,2026-03-17T06:19:41.606098,0.8429034352302551,0.18279914557933807,mamba2-2.7b,2700000000,neutral,2933,146
neutral: Begin:,1.3,128,1773724787.647358,2026-03-17T06:19:47.647360,0.3718716502189636,0.15373007953166962,mamba2-2.7b,2700000000,neutral,2934,146
neutral: Next:,0.7,128,1773724793.6872556,2026-03-17T06:19:53.687259,0.8158510327339172,0.1961093246936798,mamba2-2.7b,2700000000,neutral,2935,146
neutral: Produce:,0.7,128,1773724799.733548,2026-03-17T06:19:59.733550,0.8628450632095337,0.16380062699317932,mamba2-2.7b,2700000000,neutral,2936,146
nonsense: hiek cangsnaimflouk swok sniend soumflom slan,1.3,128,1773724805.7810862,2026-03-17T06:20:05.781088,0.34351426362991333,0.10985130816698074,mamba2-2.7b,2700000000,nonsense,2937,146
nonsense: sputpaindto slun frientswokkas gliscra jetminggiel laimsneasfroong stoolbam bieng spaikva boulboon,0.7,128,1773724811.8081837,2026-03-17T06:20:11.808186,0.7094444036483765,0.1886938065290451,mamba2-2.7b,2700000000,nonsense,2938,146
random: WOw6RTH9yFJMCMKA O9SJKpWYSsLfKkS4G9BzIIrnEF,1.3,11,1773724812.3246255,2026-03-17T06:20:12.324626,0.5016971230506897,0.10030432790517807,mamba2-2.7b,2700000000,random,2939,146
explicit: Produce a uniformly random string:,1.0,128,1773724818.4523342,2026-03-17T06:20:18.452336,0.8113871812820435,0.13912269473075867,mamba2-2.7b,2700000000,explicit,2940,147
neutral: Answer:,1.3,128,1773724824.4655702,2026-03-17T06:20:24.465572,0.42357367277145386,0.15968891978263855,mamba2-2.7b,2700000000,neutral,2941,147
nonsense: bloongnair wounggleandsmieng sniet brutpieng praintsmetkant prong slies dung ventbrount,1.3,128,1773724830.4891908,2026-03-17T06:20:30.489193,0.345716655254364,0.10133899003267288,mamba2-2.7b,2700000000,nonsense,2942,147
neutral: Content:,1.0,128,1773724836.4944408,2026-03-17T06:20:36.494443,0.6299982666969299,0.1550365835428238,mamba2-2.7b,2700000000,neutral,2943,147
random: Ev r5uws9TfC DiHVDfA UX86ffPn JHwWWUj GWC ZTS 9a r4v,1.3,96,1773724841.0080256,2026-03-17T06:20:41.008028,0.39359161257743835,0.17146623134613037,mamba2-2.7b,2700000000,random,2944,147
explicit: Simulate white noise as text:,0.7,128,1773724847.0301752,2026-03-17T06:20:47.030177,0.8301356434822083,0.15953867137432098,mamba2-2.7b,2700000000,explicit,2945,147
random: zKPKhlDew1weY xLebMnQK6 r 7IyoQu6GxbRLyw,1.0,128,1773724853.0817533,2026-03-17T06:20:53.081755,0.43086695671081543,0.022664297372102737,mamba2-2.7b,2700000000,random,2946,147
nonsense: loomdrorjiel gotglowat crusreng moukdaintkiet break,0.7,128,1773724859.135839,2026-03-17T06:20:59.135841,0.9178656339645386,0.18823201954364777,mamba2-2.7b,2700000000,nonsense,2947,147
explicit: Write a string of random ASCII characters:,1.3,128,1773724865.1793463,2026-03-17T06:21:05.179348,0.3464128375053406,0.16098171472549438,mamba2-2.7b,2700000000,explicit,2948,147
neutral: Begin:,1.0,128,1773724871.2020283,2026-03-17T06:21:11.202030,0.7614332437515259,0.16834378242492676,mamba2-2.7b,2700000000,neutral,2949,147
empty: ...,0.7,58,1773724873.915246,2026-03-17T06:21:13.915248,0.8232141733169556,0.16741718351840973,mamba2-2.7b,2700000000,empty,2950,147
random: jJhWXQhHHw4i zYw ns3Bn4HnejjG5c taeXItQYa  93ZiCaX9pTQMZhlU,1.0,128,1773724879.943985,2026-03-17T06:21:19.943988,0.6017289161682129,0.21452853083610535,mamba2-2.7b,2700000000,random,2951,147
empty: 	,1.3,128,1773724885.9726205,2026-03-17T06:21:25.972623,0.48161548376083374,0.26537951827049255,mamba2-2.7b,2700000000,empty,2952,147
nonsense: stonfroom prul sleantfiltir bis crientfloulstang trond wungskeal sloldrektras seahient hiengsaindwous,1.0,128,1773724891.9993234,2026-03-17T06:21:31.999325,0.37706100940704346,0.08871867507696152,mamba2-2.7b,2700000000,nonsense,2953,147
nonsense: glecreal sler ziessnand grirgrou crangkeak bloon grusnoscrur,1.0,128,1773724898.0507987,2026-03-17T06:21:38.050801,0.40730002522468567,0.13627690076828003,mamba2-2.7b,2700000000,nonsense,2954,147
empty: .,0.7,128,1773724904.103832,2026-03-17T06:21:44.103835,0.9509305953979492,0.09994969516992569,mamba2-2.7b,2700000000,empty,2955,147
nonsense: junt tang flukdraik reakslelsmoom staikcirnos ceng poscungceas snoontrintswar waistwind,1.0,128,1773724910.1661675,2026-03-17T06:21:50.166169,0.3573960065841675,0.05084426701068878,mamba2-2.7b,2700000000,nonsense,2956,147
empty:   ,0.7,128,1773724916.229303,2026-03-17T06:21:56.229305,0.9100685715675354,0.1351698637008667,mamba2-2.7b,2700000000,empty,2957,147
neutral: Start:,0.7,128,1773724922.303829,2026-03-17T06:22:02.303831,0.8484408855438232,0.1976063847541809,mamba2-2.7b,2700000000,neutral,2958,147
empty: _,1.0,128,1773724928.3332882,2026-03-17T06:22:08.333290,0.8017119765281677,0.16050401329994202,mamba2-2.7b,2700000000,empty,2959,147
neutral: Begin:,0.7,128,1773724934.456578,2026-03-17T06:22:14.456580,0.9279763102531433,0.12846192717552185,mamba2-2.7b,2700000000,neutral,2960,148
random: oZcPv6Ul3nF3ZkYNRCQvj o ySSs,0.7,128,1773724940.4812427,2026-03-17T06:22:20.481244,0.49757978320121765,0.08587842434644699,mamba2-2.7b,2700000000,random,2961,148
random: p56 r ag39 wwqnXP X1FJYRL5rr0 MOBzALSqw PoT91K2b n,1.0,128,1773724946.5284,2026-03-17T06:22:26.528402,0.4425099492073059,0.03150499612092972,mamba2-2.7b,2700000000,random,2962,148
explicit: Generate random words with no meaning:,1.0,128,1773724952.5916264,2026-03-17T06:22:32.591628,0.7291709184646606,0.14218293130397797,mamba2-2.7b,2700000000,explicit,2963,148
neutral: Continue:,1.0,128,1773724958.6374207,2026-03-17T06:22:38.637422,0.6414585113525391,0.17362138628959656,mamba2-2.7b,2700000000,neutral,2964,148
nonsense: weagleas gatsporfling hustanthaik naikhentswur,1.3,128,1773724964.6812437,2026-03-17T06:22:44.681246,0.3231549859046936,0.10646390169858932,mamba2-2.7b,2700000000,nonsense,2965,148
nonsense: doolfrirtwim toon taim boglos kur dal,0.7,128,1773724970.7246168,2026-03-17T06:22:50.724619,0.9281589984893799,0.15762650966644287,mamba2-2.7b,2700000000,nonsense,2966,148
explicit: Create a nonsensical random sequence:,0.7,128,1773724976.7751553,2026-03-17T06:22:56.775157,0.9053261280059814,0.13160091638565063,mamba2-2.7b,2700000000,explicit,2967,148
neutral: Output:,1.0,89,1773724980.9732273,2026-03-17T06:23:00.973229,0.7679523229598999,0.19605761766433716,mamba2-2.7b,2700000000,neutral,2968,148
explicit: List random letters from the alphabet:,1.3,128,1773724987.024517,2026-03-17T06:23:07.024520,0.5155043601989746,0.1512993574142456,mamba2-2.7b,2700000000,explicit,2969,148
explicit: Output a random sequence of tokens:,1.0,94,1773724991.4657497,2026-03-17T06:23:11.465751,0.6971893310546875,0.1483781784772873,mamba2-2.7b,2700000000,explicit,2970,148
nonsense: blourcend ploum frit grennoun curprearcat skendleloom flak grinlas kemflienswouk jond,0.7,128,1773724997.5226521,2026-03-17T06:23:17.522654,0.9494314789772034,0.15363772213459015,mamba2-2.7b,2700000000,nonsense,2971,148
empty:   ,1.0,128,1773725003.5775292,2026-03-17T06:23:23.577531,0.771582841873169,0.1445968896150589,mamba2-2.7b,2700000000,empty,2972,148
random: dMA  yYLgE XoE jbUOqX1Uw8jcibHBfhY K 12ZktJkNk AtPYiN3EhFl3,1.3,128,1773725009.6375494,2026-03-17T06:23:29.637551,0.3034507930278778,0.13583499193191528,mamba2-2.7b,2700000000,random,2973,148
random: YkQWO eiEKDl3mm4vMdfPhLTV3sF0xvwkWE sD7G6Gb7Kuj4S,1.3,128,1773725015.6778135,2026-03-17T06:23:35.677815,0.35515743494033813,0.13286791741847992,mamba2-2.7b,2700000000,random,2974,148
neutral: The,1.3,128,1773725021.6866777,2026-03-17T06:23:41.686680,0.3723396062850952,0.1197807565331459,mamba2-2.7b,2700000000,neutral,2975,148
explicit: Output random Unicode characters:,1.3,128,1773725027.7032773,2026-03-17T06:23:47.703279,0.550223708152771,0.1874123513698578,mamba2-2.7b,2700000000,explicit,2976,148
nonsense: snaingskiend dretfal prountklaitwouk bru kloumfroostwoont skatwearkul randhi snakglak trusmoober crair,0.7,128,1773725033.738623,2026-03-17T06:23:53.738625,0.6017416715621948,0.2231861650943756,mamba2-2.7b,2700000000,nonsense,2977,148
nonsense: plupea diengswer swoung skoumbreat slaiktreangjon,1.3,128,1773725039.7630348,2026-03-17T06:23:59.763037,0.3101896345615387,0.08378433436155319,mamba2-2.7b,2700000000,nonsense,2978,148
nonsense: floomsnoont grealsmus trobrind flomdrireand drierflus dien,0.7,128,1773725045.7844145,2026-03-17T06:24:05.784416,0.7333577871322632,0.17529664933681488,mamba2-2.7b,2700000000,nonsense,2979,148
nonsense: fong slongjaim viemfeand lour trierjootroos caimklouk spoongfringblim smiengprin,1.3,128,1773725051.9120207,2026-03-17T06:24:11.912023,0.29055842757225037,0.06620337069034576,mamba2-2.7b,2700000000,nonsense,2980,149
random: Ro7jsCYUlYbHp6VHWVnD8dPCi7M0,1.3,128,1773725057.921389,2026-03-17T06:24:17.921391,0.366567999124527,0.147792249917984,mamba2-2.7b,2700000000,random,2981,149
random: bowt5VwHE xeRkst 0XE4vASgH,0.7,111,1773725063.146352,2026-03-17T06:24:23.146354,0.7733871936798096,0.22220611572265625,mamba2-2.7b,2700000000,random,2982,149
explicit: Output a random sequence of tokens:,0.7,128,1773725069.193324,2026-03-17T06:24:29.193326,0.8303098082542419,0.1477261483669281,mamba2-2.7b,2700000000,explicit,2983,149
neutral: Answer:,0.7,128,1773725075.235157,2026-03-17T06:24:35.235160,0.7904495000839233,0.1590036004781723,mamba2-2.7b,2700000000,neutral,2984,149
nonsense: brum twou floot cras prailjais slarskoond pient,0.7,128,1773725081.2795055,2026-03-17T06:24:41.279507,0.6782253980636597,0.17176832258701324,mamba2-2.7b,2700000000,nonsense,2985,149
nonsense: vool kouskundprem crook poont liend swour miek fream,0.7,128,1773725087.3199077,2026-03-17T06:24:47.319909,0.7085671424865723,0.17089465260505676,mamba2-2.7b,2700000000,nonsense,2986,149
random: 1oi85U n5 Cf M6dh9,1.0,48,1773725089.5703409,2026-03-17T06:24:49.570343,0.46443432569503784,0.06628070026636124,mamba2-2.7b,2700000000,random,2987,149
neutral: Start:,1.3,128,1773725095.6191027,2026-03-17T06:24:55.619105,0.35970214009284973,0.1500922590494156,mamba2-2.7b,2700000000,neutral,2988,149
neutral: Result:,0.7,128,1773725101.6341333,2026-03-17T06:25:01.634135,0.8007180094718933,0.18149489164352417,mamba2-2.7b,2700000000,neutral,2989,149
neutral: Response:,1.3,128,1773725107.6368976,2026-03-17T06:25:07.636900,0.4090594947338104,0.18697206676006317,mamba2-2.7b,2700000000,neutral,2990,149
nonsense: prindfool brielland tes praibroont prear spootmiekle,1.3,128,1773725113.6545675,2026-03-17T06:25:13.654569,0.3185054063796997,0.12678660452365875,mamba2-2.7b,2700000000,nonsense,2991,149
random: sx HvR6iDWXqncz  1tmw8e pl9qa3 1Vf2D,0.7,128,1773725119.6825082,2026-03-17T06:25:19.682510,0.7998439073562622,0.1820860654115677,mamba2-2.7b,2700000000,random,2992,149
explicit: Generate a sequence of random characters:,0.7,128,1773725125.7335994,2026-03-17T06:25:25.733602,0.867111325263977,0.17500704526901245,mamba2-2.7b,2700000000,explicit,2993,149
explicit: Generate a sequence of random characters:,0.7,128,1773725131.7889183,2026-03-17T06:25:31.788920,0.8756206035614014,0.13613730669021606,mamba2-2.7b,2700000000,explicit,2994,149
nonsense: klaintslal skel grindskem blaind,1.0,128,1773725137.8364336,2026-03-17T06:25:37.836436,0.4107511639595032,0.099644236266613,mamba2-2.7b,2700000000,nonsense,2995,149
random: p 6ObbAWmPUHxHEI8RUx 2A1VUZJ5xqDmIE3Wzs,1.0,128,1773725143.883161,2026-03-17T06:25:43.883163,0.4780496656894684,0.06606964766979218,mamba2-2.7b,2700000000,random,2996,149
empty:   ,0.7,128,1773725149.933882,2026-03-17T06:25:49.933884,0.9685892462730408,0.10769128799438477,mamba2-2.7b,2700000000,empty,2997,149
random: pAUuL4  mtUQrpz41aF8RK vkIV1UFt1Dr2006 Ud4sb ikROZ,0.7,128,1773725155.9807303,2026-03-17T06:25:55.980732,0.8783761262893677,0.1896493285894394,mamba2-2.7b,2700000000,random,2998,149
explicit: List random letters from the alphabet:,1.3,128,1773725162.0165033,2026-03-17T06:26:02.016505,0.49543529748916626,0.20645096898078918,mamba2-2.7b,2700000000,explicit,2999,149
