prompt,temp,seq_len,gen_time,timestamp,ED_mean,ED_std,model,model_size,domain,rank,chkpt_id
"Explain what this code does:
def function_92(x): return x * 2",1.3,128,1773608842.7702022,2026-03-15T22:07:22.770205,0.4610168933868408,0.24277567863464355,mamba2-2.7b,2700000000,Explain what this code does,0,0
Which celestial object listed below has the greatest density? (Answer: D),1.3,128,1773608848.9076831,2026-03-15T22:07:28.907685,0.4926777780056,0.21861675381660461,mamba2-2.7b,2700000000,Which celestial object listed below has the greatest density? (Answer,1,0
"Generally prohibited in the West at large, school corporal punishment is not unusual in Alabama, with 27,260 public school students paddled at least one time, according to government data for the 2011–2012 school year.",1.3,128,1773608855.031073,2026-03-15T22:07:35.031075,0.37099146842956543,0.2071073353290558,mamba2-2.7b,2700000000,,2,0
"SEE: Virtual and augmented reality policy (Tech Pro Research) The XR1 features an ARM-based multi-core CPU, a vector processor, a GPU, and a dedicated AI engine for on-board processing.",1.3,128,1773608861.1633701,2026-03-15T22:07:41.163372,0.5402948260307312,0.20869094133377075,mamba2-2.7b,2700000000,SEE,3,0
"Jordan-Hare Stadium is the home field of the Auburn football team and seats up to 87,451.",1.3,128,1773608867.2834532,2026-03-15T22:07:47.283455,0.41849690675735474,0.1978980153799057,mamba2-2.7b,2700000000,,4,0
"The Goodyear Tire and Rubber Company operates a large plant in Gadsden which employs about 1,400 people.",1.3,128,1773608873.4229386,2026-03-15T22:07:53.422940,0.45918476581573486,0.21874947845935822,mamba2-2.7b,2700000000,,5,0
"In Latin America, Argentina was a stronghold for anarcho-syndicalism, where it became the most prominent left-wing ideology.",0.7,128,1773608879.55767,2026-03-15T22:07:59.557672,0.7841949462890625,0.1556243598461151,mamba2-2.7b,2700000000,,6,0
"Ritualistic behavior: Unvarying pattern of daily activities, such as an unchanging menu or a dressing ritual.",0.7,128,1773608885.7152846,2026-03-15T22:08:05.715286,0.8926148414611816,0.14475415647029877,mamba2-2.7b,2700000000,Ritualistic behavior,7,0
"Anarchists were treated similarly in the Second International, being ultimately expelled in 1896.",1.0,128,1773608891.8627243,2026-03-15T22:08:11.862726,0.7049591541290283,0.17544350028038025,mamba2-2.7b,2700000000,,8,0
"34 total views, 34 views today Share Us",1.0,128,1773608898.0449157,2026-03-15T22:08:18.044918,0.6111173629760742,0.1747899353504181,mamba2-2.7b,2700000000,,9,0
"The Alabama Fever land rush was underway when the state was admitted to the Union, with settlers and land speculators pouring into the state to take advantage of fertile land suitable for cotton cultivation.",0.7,128,1773608904.224407,2026-03-15T22:08:24.224409,0.7365944385528564,0.14752690494060516,mamba2-2.7b,2700000000,,10,0
How long does it take for Earth to rotate on its axis seven times? (Answer: B),1.0,87,1773608908.4037793,2026-03-15T22:08:28.403781,0.7941647171974182,0.12869659066200256,mamba2-2.7b,2700000000,How long does it take for Earth to rotate on its axis seven times? (Answer,11,0
A student accidentally drops a test tube that breaks when it hits the floor. Which method is the best way to retrieve the broken glass? (Answer: C),0.7,128,1773608914.5842543,2026-03-15T22:08:34.584256,0.7907391786575317,0.12078088521957397,mamba2-2.7b,2700000000,A student accidentally drops a test tube that breaks when it hits the floor. Which method is the best way to retrieve the broken glass? (Answer,12,0
Which of these would most likely improve the air quality in large Texas cities? (Answer: A),1.0,128,1773608920.7563777,2026-03-15T22:08:40.756380,0.7598376274108887,0.17150308191776276,mamba2-2.7b,2700000000,Which of these would most likely improve the air quality in large Texas cities? (Answer,13,0
"Explain what this code does:
def function_86(x): return x * 2",0.7,128,1773608926.9253635,2026-03-15T22:08:46.925366,0.887133777141571,0.11639963835477829,mamba2-2.7b,2700000000,Explain what this code does,14,0
How autism occurs is not well understood.,1.0,50,1773608929.3069131,2026-03-15T22:08:49.306915,0.7453948259353638,0.12779735028743744,mamba2-2.7b,2700000000,,15,0
A company is designing a new laptop computer. The computer must not exceed a certain weight. Which of the following is the most likely reason to have a weight restriction for the computer? (Answer: C),0.7,128,1773608935.4284182,2026-03-15T22:08:55.428420,0.9080713391304016,0.10915836691856384,mamba2-2.7b,2700000000,A company is designing a new laptop computer. The computer must not exceed a certain weight. Which of the following is the most likely reason to have a weight restriction for the computer? (Answer,16,0
Puddles on a sidewalk are evaporating quickly. What most likely causes the puddles to evaporate? (Answer: A),1.3,32,1773608936.9321678,2026-03-15T22:08:56.932169,0.67472904920578,0.15396080911159515,mamba2-2.7b,2700000000,Puddles on a sidewalk are evaporating quickly. What most likely causes the puddles to evaporate? (Answer,17,0
The company is one of dozens of others honoring Robbins this year; last week we covered Cincinnati Ballet and New York Theatre Ballet.,0.7,128,1773608943.030202,2026-03-15T22:09:03.030204,0.7568893432617188,0.14494507014751434,mamba2-2.7b,2700000000,,18,0
"Nonetheless, his ideas formed the inspiration for a series of modern schools around the world.",0.7,128,1773608949.0939858,2026-03-15T22:09:09.093987,0.7654067277908325,0.1620641052722931,mamba2-2.7b,2700000000,,19,0
Parents often notice signs during the first three years of their child's life.,0.7,128,1773608955.3823936,2026-03-15T22:09:15.382396,0.806135892868042,0.13410525023937225,mamba2-2.7b,2700000000,,20,1
Subscribe Also see,1.3,128,1773608961.553512,2026-03-15T22:09:21.553514,0.3775961995124817,0.2089044600725174,mamba2-2.7b,2700000000,,21,1
Automakers accounted for approximately a third of the industrial expansion in the state in 2012.,0.7,128,1773608967.7307978,2026-03-15T22:09:27.730799,0.7677107453346252,0.16282036900520325,mamba2-2.7b,2700000000,,22,1
"About three-fifths of the land area is part of the Gulf Coastal Plain, a gentle plain with a general descent towards the Mississippi River and the Gulf of Mexico.",0.7,128,1773608973.8603048,2026-03-15T22:09:33.860307,0.7374444007873535,0.1494031846523285,mamba2-2.7b,2700000000,,23,1
"Jackson, Harvey H. Inside Alabama: A Personal History of My State (2004).",1.0,24,1773608974.9929626,2026-03-15T22:09:34.992965,0.7053787112236023,0.11384820938110352,mamba2-2.7b,2700000000,"Jackson, Harvey H. Inside Alabama",24,1
"Additionally, compliance and security whitepapers will also help prepare would-be test takers.",0.7,128,1773608981.1099932,2026-03-15T22:09:41.109995,0.7543808221817017,0.14715807139873505,mamba2-2.7b,2700000000,,25,1
"Explain what this code does:
def function_50(x): return x * 2",1.3,128,1773608987.227522,2026-03-15T22:09:47.227523,0.41111016273498535,0.19295549392700195,mamba2-2.7b,2700000000,Explain what this code does,26,1
"""It's not just a few ballet steps here and there; he asks you to fully engage with yourself, not only as a dancer but as an actor and a person.""",1.0,102,1773608992.1065757,2026-03-15T22:09:52.106578,0.7442904114723206,0.15840402245521545,mamba2-2.7b,2700000000,,27,1
"Explain what this code does:
def function_80(x): return x * 2",1.0,25,1773608993.2880983,2026-03-15T22:09:53.288100,0.7423278093338013,0.11881747841835022,mamba2-2.7b,2700000000,Explain what this code does,28,1
A Typical Day Students begin their days with an early 8 am technique class.,1.3,128,1773608999.46737,2026-03-15T22:09:59.467372,0.46657058596611023,0.18624930083751678,mamba2-2.7b,2700000000,,29,1
"Explain what this code does:
def function_95(x): return x * 2",0.7,128,1773609005.6462698,2026-03-15T22:10:05.646272,0.8512200713157654,0.12542280554771423,mamba2-2.7b,2700000000,Explain what this code does,30,1
"With the rise of organised hierarchical bodies, scepticism toward authority also rose.",0.7,128,1773609011.8752923,2026-03-15T22:10:11.875294,0.7285513877868652,0.1595313400030136,mamba2-2.7b,2700000000,,31,1
I was unable to login with that user.,0.7,128,1773609018.102413,2026-03-15T22:10:18.102415,0.7529940605163574,0.11647248268127441,mamba2-2.7b,2700000000,,32,1
"Acquiring language before age six, having an IQ above 50, and having a marketable skill all predict better outcomes; independent living is unlikely with severe autism.",1.3,31,1773609019.601662,2026-03-15T22:10:19.601664,0.708472490310669,0.14820942282676697,mamba2-2.7b,2700000000,,33,1
"Services should be carried out by behavior analysts, special education teachers, speech pathologists, and licensed psychologists.",1.0,128,1773609025.864421,2026-03-15T22:10:25.864423,0.7274184226989746,0.15544451773166656,mamba2-2.7b,2700000000,,34,1
"Contemporary-era anarchists have been engaging with various grassroots movements that are more or less based on horizontalism, although not explicitly anarchist, respecting personal autonomy and participating in mass activism such as strikes and demonstrations.",1.0,128,1773609032.141842,2026-03-15T22:10:32.141844,0.7256003618240356,0.15033987164497375,mamba2-2.7b,2700000000,,35,1
No single treatment is best and treatment is typically tailored to the child's needs.,1.0,128,1773609038.4133725,2026-03-15T22:10:38.413375,0.8015719652175903,0.11756909638643265,mamba2-2.7b,2700000000,,36,1
"Stage Time Performance is the most important aspect of BDA students' professional development, with annual productions featuring classical ballets, contemporary works and student choreography.",0.7,128,1773609044.6976368,2026-03-15T22:10:44.697639,0.7379773855209351,0.15894435346126556,mamba2-2.7b,2700000000,,37,1
"Jackson, Harvey H. Inside Alabama: A Personal History of My State (2004).",1.3,128,1773609050.9679477,2026-03-15T22:10:50.967949,0.41890382766723633,0.19723227620124817,mamba2-2.7b,2700000000,"Jackson, Harvey H. Inside Alabama",38,1
"Muslims have been increasing in Alabama, with 31 mosques built by 2011, many by African-American converts.",1.0,32,1773609052.5265079,2026-03-15T22:10:52.526509,0.7655272483825684,0.15390531718730927,mamba2-2.7b,2700000000,,39,1
Anarchism pays significant attention to moral arguments since ethics have a central role in anarchist philosophy.,1.0,128,1773609058.833386,2026-03-15T22:10:58.833387,0.7418286800384521,0.1388806402683258,mamba2-2.7b,2700000000,,40,2
Trees most likely change the environment in which they are located by (Answer: D),1.0,128,1773609064.9354024,2026-03-15T22:11:04.935404,0.7342205047607422,0.1743595153093338,mamba2-2.7b,2700000000,Trees most likely change the environment in which they are located by (Answer,41,2
"Some animals are very rare. For example, there are very few Siberian tigers. If the only Siberian tigers left are female, what will most likely happen? (Answer: D)",0.7,128,1773609071.0882626,2026-03-15T22:11:11.088264,0.8520035743713379,0.11638857424259186,mamba2-2.7b,2700000000,"Some animals are very rare. For example, there are very few Siberian tigers. If the only Siberian tigers left are female, what will most likely happen? (Answer",42,2
"It has been established that vaccination is not a risk factor for autism and is not behind any increase in autism prevalence rates, if any change in the rate of autism exists at all.",0.7,128,1773609077.237913,2026-03-15T22:11:17.237914,0.7635102272033691,0.13234040141105652,mamba2-2.7b,2700000000,,43,2
Two common optical albedos that are used in astronomy are the (V-band) geometric albedo (measuring brightness when illumination comes from directly behind the observer) and the Bond albedo (measuring total proportion of electromagnetic energy reflected).,0.7,67,1773609080.455112,2026-03-15T22:11:20.455114,0.7634302377700806,0.14445705711841583,mamba2-2.7b,2700000000,,44,2
Alabama ranks ninth in the number of deaths from lightning and tenth in the number of deaths from lightning strikes per capita.,0.7,128,1773609087.0915267,2026-03-15T22:11:27.091528,0.8280346393585205,0.12355262786149979,mamba2-2.7b,2700000000,,45,2
"It's an invaluable quality for a person to have, whether they continue to dance or end up doing other things.",1.3,128,1773609093.1696692,2026-03-15T22:11:33.169671,0.5465930104255676,0.20927391946315765,mamba2-2.7b,2700000000,,46,2
"Societal and cultural aspects of autism have developed: some in the community seek a cure, while others believe that autism is simply another way of being.",1.0,125,1773609099.2437081,2026-03-15T22:11:39.243710,0.7651816606521606,0.15477913618087769,mamba2-2.7b,2700000000,Societal and cultural aspects of autism have developed,47,2
"Explain what this code does:
def function_91(x): return x * 2",0.7,128,1773609105.2609196,2026-03-15T22:11:45.260921,0.8483896851539612,0.11713811010122299,mamba2-2.7b,2700000000,Explain what this code does,48,2
"There was also a cursive style used for everyday or utilitarian writing, which was done on more perishable surfaces.",1.3,128,1773609111.279072,2026-03-15T22:11:51.279074,0.4251936078071594,0.18568749725818634,mamba2-2.7b,2700000000,,49,2
"For example, one online retailer Rickard works with has many customers from the EU, but can't geolocate them from the website.",1.3,128,1773609117.3076925,2026-03-15T22:11:57.307694,0.3399485945701599,0.14053308963775635,mamba2-2.7b,2700000000,,50,2
An old T-shirt can be ripped into smaller pieces and used as rags. An empty milk jug can be used to water houseplants. Both of these are examples of how (Answer: D),1.3,128,1773609123.3493454,2026-03-15T22:12:03.349347,0.4494860768318176,0.15951895713806152,mamba2-2.7b,2700000000,An old T-shirt can be ripped into smaller pieces and used as rags. An empty milk jug can be used to water houseplants. Both of these are examples of how (Answer,51,2
Rural workers poured into the largest cities in the state for better jobs and a higher standard of living.,0.7,128,1773609129.3687692,2026-03-15T22:12:09.368772,0.7527945637702942,0.16515573859214783,mamba2-2.7b,2700000000,,52,2
Alabama is one of the few places in the world that has a secondary tornado season in November and December besides the typically severe spring.,1.0,128,1773609135.3730664,2026-03-15T22:12:15.373068,0.6299623847007751,0.1445920467376709,mamba2-2.7b,2700000000,,53,2
"Explain what this code does:
def function_17(x): return x * 2",0.7,65,1773609138.4107869,2026-03-15T22:12:18.410788,0.8779295682907104,0.11528213322162628,mamba2-2.7b,2700000000,Explain what this code does,54,2
"Explain what this code does:
def function_90(x): return x * 2",1.0,128,1773609144.4217517,2026-03-15T22:12:24.421753,0.891965389251709,0.12598928809165955,mamba2-2.7b,2700000000,Explain what this code does,55,2
"What is now the counties of Baldwin and Mobile became part of Spanish West Florida in 1783, part of the independent Republic of West Florida in 1810, and was finally added to the Mississippi Territory in 1812.",0.7,128,1773609150.4371781,2026-03-15T22:12:30.437181,0.7606410980224609,0.1373153030872345,mamba2-2.7b,2700000000,,56,2
This coincided with its failure to gain traction in Northern Europe and its unprecedented height in Latin America.,0.7,128,1773609156.4465964,2026-03-15T22:12:36.446598,0.757742166519165,0.17184357345104218,mamba2-2.7b,2700000000,,57,2
"Explain what this code does:
def function_67(x): return x * 2",0.7,128,1773609162.455913,2026-03-15T22:12:42.455915,0.7936466932296753,0.11461450904607773,mamba2-2.7b,2700000000,Explain what this code does,58,2
"However, there are no correspondingly similar words in the Alabama language.",1.0,128,1773609168.48438,2026-03-15T22:12:48.484381,0.6865680813789368,0.14647960662841797,mamba2-2.7b,2700000000,,59,2
The suffix -ism denotes the ideological current that favours anarchy.,1.0,128,1773609174.5961769,2026-03-15T22:12:54.596178,0.7758035063743591,0.13794663548469543,mamba2-2.7b,2700000000,,60,3
Robert Paul Wolff believed that the tension between authority and autonomy would mean the state could never be legitimate.,1.3,128,1773609180.610548,2026-03-15T22:13:00.610549,0.5000686049461365,0.22562076151371002,mamba2-2.7b,2700000000,,61,3
The Alabama Alcoholic Beverage Control Board controls the sale and distribution of alcoholic beverages in the state.,0.7,28,1773609181.9186552,2026-03-15T22:13:01.918657,0.7935703992843628,0.11288487911224365,mamba2-2.7b,2700000000,,62,3
"An estimated 60–80% of autistic people have motor signs that include poor muscle tone, poor motor planning, and toe walking;  deficits in motor coordination are pervasive across ASD and are greater in autism proper.",1.3,128,1773609187.960944,2026-03-15T22:13:07.960946,0.4519585371017456,0.21565137803554535,mamba2-2.7b,2700000000,,63,3
Which property of a mineral can be determined just by looking at it? (Answer: A),1.0,128,1773609193.9897707,2026-03-15T22:13:13.989773,0.8041059374809265,0.15673504769802094,mamba2-2.7b,2700000000,Which property of a mineral can be determined just by looking at it? (Answer,64,3
Which planet has the longest planetary year? (Answer: D),1.0,128,1773609200.0244088,2026-03-15T22:13:20.024411,0.7267507910728455,0.1578906625509262,mamba2-2.7b,2700000000,Which planet has the longest planetary year? (Answer,65,3
"The grouping of disorders, including PDD-NOS, autism, Asperger syndrome, Rett syndrome, and CDD, has been removed and replaced with the general term of Autism Spectrum Disorders.",1.3,128,1773609206.0717359,2026-03-15T22:13:26.071738,0.42043495178222656,0.16215191781520844,mamba2-2.7b,2700000000,,66,3
What adaptation is necessary in intertidal ecosystems but not in reef ecosystems? (Answer: C),1.3,128,1773609212.1052585,2026-03-15T22:13:32.105260,0.3547022342681885,0.17970913648605347,mamba2-2.7b,2700000000,What adaptation is necessary in intertidal ecosystems but not in reef ecosystems? (Answer,67,3
"The scattering of radiation causes atmospheric cooling, whereas absorption can cause atmospheric warming.",1.0,128,1773609218.121963,2026-03-15T22:13:38.121965,0.7049539685249329,0.13691410422325134,mamba2-2.7b,2700000000,,68,3
"According to the 2012 U.S. News & World Report, Alabama had four tier one universities (University of Alabama, Auburn University, University of Alabama at Birmingham and University of Alabama in Huntsville).",0.7,21,1773609219.1031291,2026-03-15T22:13:39.103131,0.7931098937988281,0.13462939858436584,mamba2-2.7b,2700000000,,69,3
"Of the parks and natural destinations, Alabama's Gulf Coast topped the list with 6,700,000 visitors.",1.0,128,1773609225.1257627,2026-03-15T22:13:45.125764,0.720551609992981,0.17082975804805756,mamba2-2.7b,2700000000,,70,3
"Among those who find work, most are employed in sheltered settings working for wages below the national minimum.",1.0,128,1773609231.1422482,2026-03-15T22:13:51.142249,0.7819933891296387,0.13297481834888458,mamba2-2.7b,2700000000,,71,3
"Explain what this code does:
def function_22(x): return x * 2",1.0,128,1773609237.1571693,2026-03-15T22:13:57.157171,0.8081570863723755,0.11576034873723984,mamba2-2.7b,2700000000,Explain what this code does,72,3
"Since a direct connection from I-22 to I-422 will not be possible, I-222 has been proposed, as well.",1.0,38,1773609238.929651,2026-03-15T22:13:58.929652,0.7441831231117249,0.13862520456314087,mamba2-2.7b,2700000000,,73,3
Anarchism appears in English from 1642 as anarchisme and anarchy from 1539; early English usages emphasised a sense of disorder.,1.3,128,1773609244.9808326,2026-03-15T22:14:04.980834,0.47045981884002686,0.22969603538513184,mamba2-2.7b,2700000000,,74,3
The judiciary is responsible for interpreting the Constitution of Alabama and applying the law in state criminal and civil cases.,1.0,128,1773609251.0197947,2026-03-15T22:14:11.019796,0.7667907476425171,0.1356925666332245,mamba2-2.7b,2700000000,,75,3
"With the anarchists being crushed in Russia, two new antithetical currents emerged, namely platformism and synthesis anarchism.",1.3,128,1773609257.0398877,2026-03-15T22:14:17.039889,0.525244414806366,0.18884705007076263,mamba2-2.7b,2700000000,,76,3
"Treatment approaches have little empirical support in quality-of-life contexts, and many programs focus on success measures that lack predictive validity and real-world relevance.",0.7,128,1773609263.063413,2026-03-15T22:14:23.063415,0.7889636754989624,0.12255138158798218,mamba2-2.7b,2700000000,,77,3
"In the 2000s, the number of autistic people worldwide was estimated at 1–2 per 1,000 people.",0.7,128,1773609269.075639,2026-03-15T22:14:29.075641,0.8115234375,0.11639681458473206,mamba2-2.7b,2700000000,,78,3
What are you most looking forward to in your new role?,1.3,128,1773609275.0785892,2026-03-15T22:14:35.078591,0.4407884180545807,0.16092631220817566,mamba2-2.7b,2700000000,,79,3
Enlightenment challenges to intellectual authority (secular and religious) and the revolutions of the 1790s and 1848 all spurred the ideological development of what became the era of classical anarchism.,1.0,128,1773609281.1990287,2026-03-15T22:14:41.199030,0.7072826623916626,0.1709725707769394,mamba2-2.7b,2700000000,,80,4
"Among these approaches, interventions either treat autistic features comprehensively, or focalize treatment on a specific area of deficit.",0.7,128,1773609287.2088082,2026-03-15T22:14:47.208810,0.7363522052764893,0.13937757909297943,mamba2-2.7b,2700000000,,81,4
"This week marks the world premiere of Frame by Frame, The National Ballet of Canada's new full length ballet based on the life and work of innovative filmmaker Norman McLaren.",1.3,128,1773609293.227751,2026-03-15T22:14:53.227752,0.6027266383171082,0.1975620537996292,mamba2-2.7b,2700000000,,82,4
"Explain what this code does:
def function_21(x): return x * 2",1.3,128,1773609299.237025,2026-03-15T22:14:59.237027,0.44607096910476685,0.20737046003341675,mamba2-2.7b,2700000000,Explain what this code does,83,4
Cellular respiration results in the production of adenosine triphosphate (ATP) molecules for energy. The most efficient form of cellular respiration would result in the production of ATP along with which substances? (Answer: D),1.0,128,1773609305.262289,2026-03-15T22:15:05.262291,0.7515571117401123,0.12922489643096924,mamba2-2.7b,2700000000,Cellular respiration results in the production of adenosine triphosphate (ATP) molecules for energy. The most efficient form of cellular respiration would result in the production of ATP along with which substances? (Answer,84,4
"Although you might find systems with more features (and a more powerful configuration system), Trac is very simple to set up and use.",1.0,128,1773609311.2791793,2026-03-15T22:15:11.279181,0.837634801864624,0.14508558809757233,mamba2-2.7b,2700000000,,85,4
"In most instances, the transmitted pulse is circularly polarized and the received pulse is measured in the same sense of polarization as the transmitted pulse (SC) and the opposite sense (OC).",1.0,128,1773609317.3008645,2026-03-15T22:15:17.300866,0.7261359095573425,0.14585334062576294,mamba2-2.7b,2700000000,,86,4
We had our first workshop four years ago.,1.0,128,1773609323.3088806,2026-03-15T22:15:23.308883,0.6846380829811096,0.15467657148838043,mamba2-2.7b,2700000000,,87,4
"Those free love movements contributed to the establishment of communal houses, where large groups of travelers, anarchists and other activists slept in beds together.",1.0,128,1773609329.3289027,2026-03-15T22:15:29.328904,0.6980788707733154,0.15310613811016083,mamba2-2.7b,2700000000,,88,4
Log in with the user admin and the password you set when you created admin user earlier.,0.7,128,1773609335.3573086,2026-03-15T22:15:35.357311,0.8119299411773682,0.11748570948839188,mamba2-2.7b,2700000000,,89,4
WPA Guide to Alabama (1939).,1.0,128,1773609341.3817775,2026-03-15T22:15:41.381779,0.6982913017272949,0.16480334103107452,mamba2-2.7b,2700000000,,90,4
"Many of these attacks were done by individual assailants and the majority took place in the late 1870s, the early 1880s and the 1890s, with some still occurring in the early 1900s.",0.7,128,1773609347.4083955,2026-03-15T22:15:47.408398,0.7492328882217407,0.15594835579395294,mamba2-2.7b,2700000000,,91,4
"Explain what this code does:
def function_59(x): return x * 2",1.3,128,1773609353.4462123,2026-03-15T22:15:53.446214,0.5389617681503296,0.22149202227592468,mamba2-2.7b,2700000000,Explain what this code does,92,4
Robert had just finished his documentary and has a really deep understanding of this kind of Canadian culture.,1.3,32,1773609354.945806,2026-03-15T22:15:54.945808,0.5557154417037964,0.1355179101228714,mamba2-2.7b,2700000000,,93,4
"This compared to more than 181,000 African Americans eligible to vote in 1900.",1.3,128,1773609360.9847198,2026-03-15T22:16:00.984721,0.4332161545753479,0.19340811669826508,mamba2-2.7b,2700000000,,94,4
The atypical antipsychotic drugs risperidone and aripiprazole are FDA-approved for treating associated aggressive and self-injurious behaviors.,1.3,128,1773609367.0361862,2026-03-15T22:16:07.036188,0.31176209449768066,0.19055967032909393,mamba2-2.7b,2700000000,,95,4
"Interest in the anarchist movement developed alongside momentum in the anti-globalisation movement, whose leading activist networks were anarchist in orientation.",0.7,128,1773609373.0753303,2026-03-15T22:16:13.075332,0.7752259373664856,0.14647313952445984,mamba2-2.7b,2700000000,,96,4
"The Royal Swedish Ballet in Alexander Ekman's ""Midsummer Night's Dream.""",1.0,57,1773609375.7448545,2026-03-15T22:16:15.744856,0.7412946224212646,0.192674458026886,mamba2-2.7b,2700000000,,97,4
Which of these is not an inherited trait in humans? (Answer: D),0.7,128,1773609381.774659,2026-03-15T22:16:21.774660,0.7787294387817383,0.14146363735198975,mamba2-2.7b,2700000000,Which of these is not an inherited trait in humans? (Answer,98,4
"This can take the form of disrupting and protesting against unjust hierarchy, or the form of self-managing their lives through the creation of counter-institutions such as communes and non-hierarchical collectives.",1.0,128,1773609387.8111987,2026-03-15T22:16:27.811201,0.7129932045936584,0.1482902616262436,mamba2-2.7b,2700000000,,99,4
"Explain what this code does:
def function_51(x): return x * 2",0.7,99,1773609392.5601568,2026-03-15T22:16:32.560158,0.798805296421051,0.12771520018577576,mamba2-2.7b,2700000000,Explain what this code does,100,5
"A scientist put several different plants in a sealed container. Every hour, she checked the oxygen in the container to see if it changed. How did the oxygen in the container most likely change? (Answer: A)",1.3,128,1773609398.5866268,2026-03-15T22:16:38.586629,0.4357237219810486,0.18022724986076355,mamba2-2.7b,2700000000,"A scientist put several different plants in a sealed container. Every hour, she checked the oxygen in the container to see if it changed. How did the oxygen in the container most likely change? (Answer",101,5
"The team will be responsible for the day-to-day artistic needs of the company including scheduling, casting and conducting rehearsals.",0.7,128,1773609404.605828,2026-03-15T22:16:44.605830,0.7624973654747009,0.17770664393901825,mamba2-2.7b,2700000000,,102,5
"An important relationship between an object's astronomical (geometric) albedo, absolute magnitude and diameter is given by:  where  is the astronomical albedo,  is the diameter in kilometers, and  is the absolute magnitude.",1.0,128,1773609410.6375775,2026-03-15T22:16:50.637579,0.7250300645828247,0.1358339935541153,mamba2-2.7b,2700000000,"An important relationship between an object's astronomical (geometric) albedo, absolute magnitude and diameter is given by",103,5
Which of the following is an observation about grasshoppers that a science class could have made on their nature walk? (Answer: B),1.0,128,1773609416.650995,2026-03-15T22:16:56.650996,0.7327052354812622,0.13975514471530914,mamba2-2.7b,2700000000,Which of the following is an observation about grasshoppers that a science class could have made on their nature walk? (Answer,104,5
"Different types of clouds exhibit different reflectivity, theoretically ranging in albedo from a minimum of near 0 to a maximum approaching 0.8.",1.3,128,1773609422.67005,2026-03-15T22:17:02.670051,0.44596120715141296,0.18776783347129822,mamba2-2.7b,2700000000,,105,5
Were you familiar with McLaren's work before this project?,0.7,128,1773609428.6813693,2026-03-15T22:17:08.681371,0.756506085395813,0.13119463622570038,mamba2-2.7b,2700000000,,106,5
"The three GOP lieutenant governors are Steve Windom (1999–2003), Kay Ivey (2011–2017), and Will Ainsworth (2019–present).",1.0,128,1773609434.6940742,2026-03-15T22:17:14.694076,0.8766754269599915,0.1184382289648056,mamba2-2.7b,2700000000,,107,5
We had our first workshop four years ago.,1.3,128,1773609440.6982124,2026-03-15T22:17:20.698214,0.45492613315582275,0.1738850176334381,mamba2-2.7b,2700000000,,108,5
"Explain what this code does:
def function_2(x): return x * 2",1.3,128,1773609446.702698,2026-03-15T22:17:26.702700,0.6213096380233765,0.1563883274793625,mamba2-2.7b,2700000000,Explain what this code does,109,5
"Photo by Paul Kolnik, Courtesy New York City Ballet.",0.7,128,1773609452.709166,2026-03-15T22:17:32.709168,0.8139175176620483,0.17667169868946075,mamba2-2.7b,2700000000,,110,5
"Explain what this code does:
def function_92(x): return x * 2",1.0,103,1773609457.5338573,2026-03-15T22:17:37.533859,0.7924847602844238,0.13321761786937714,mamba2-2.7b,2700000000,Explain what this code does,111,5
A long tradition of Spanish anarchism led to anarchists playing a pivotal role in the war.,0.7,128,1773609463.5395064,2026-03-15T22:17:43.539508,0.8172324299812317,0.1657208502292633,mamba2-2.7b,2700000000,,112,5
"Two students are asked to make a chart on the electromagnetic spectrum. Reading left to right, one student's chart shows the spectrum from gamma rays to radio waves, while the other student's chart shows the opposite. If the teacher says that both charts are correct, then (Answer: B)",1.3,128,1773609469.5551784,2026-03-15T22:17:49.555180,0.43579375743865967,0.20992323756217957,mamba2-2.7b,2700000000,"Two students are asked to make a chart on the electromagnetic spectrum. Reading left to right, one student's chart shows the spectrum from gamma rays to radio waves, while the other student's chart shows the opposite. If the teacher says that both charts are correct, then (Answer",113,5
"An important relationship between an object's astronomical (geometric) albedo, absolute magnitude and diameter is given by:  where  is the astronomical albedo,  is the diameter in kilometers, and  is the absolute magnitude.",1.3,128,1773609475.5806632,2026-03-15T22:17:55.580665,0.5736990571022034,0.2281009405851364,mamba2-2.7b,2700000000,"An important relationship between an object's astronomical (geometric) albedo, absolute magnitude and diameter is given by",114,5
The judiciary is responsible for interpreting the Constitution of Alabama and applying the law in state criminal and civil cases.,0.7,128,1773609481.5982158,2026-03-15T22:18:01.598217,0.8147903680801392,0.12534981966018677,mamba2-2.7b,2700000000,,115,5
"The team will be responsible for the day-to-day artistic needs of the company including scheduling, casting and conducting rehearsals.",1.0,47,1773609483.804817,2026-03-15T22:18:03.804818,0.6992934942245483,0.14191482961177826,mamba2-2.7b,2700000000,,116,5
"Alabama's constitution has been amended more than 700 times, and almost one-third of the amendments are local in nature, applying to only one county or city.",1.0,128,1773609489.8363948,2026-03-15T22:18:09.836397,0.6853575706481934,0.17258135974407196,mamba2-2.7b,2700000000,,117,5
"If I can't describe what I want with words, I have to show them.""",1.0,128,1773609495.8436,2026-03-15T22:18:15.843602,0.6882333159446716,0.179524764418602,mamba2-2.7b,2700000000,,118,5
"It's part of my individuality,'"" he said.",1.3,128,1773609501.8491278,2026-03-15T22:18:21.849129,0.47699329257011414,0.20159117877483368,mamba2-2.7b,2700000000,,119,5
This had caused decades of underinvestment in such areas.,0.7,91,1773609506.2144127,2026-03-15T22:18:26.214415,0.6973550319671631,0.15369558334350586,mamba2-2.7b,2700000000,,120,6
"Data processing policies Companies need to do data process flow mapping to see what data is being collected, how it's being processed, and who is receiving processed copies, Rickard said.",0.7,128,1773609512.2309997,2026-03-15T22:18:32.231002,0.7589704394340515,0.13365013897418976,mamba2-2.7b,2700000000,,121,6
"Explain what this code does:
def function_62(x): return x * 2",1.0,128,1773609518.2470348,2026-03-15T22:18:38.247037,0.8275117874145508,0.1197916641831398,mamba2-2.7b,2700000000,Explain what this code does,122,6
"""It's a kind of otherworldly dream,"" says Wheater.",1.3,128,1773609524.2582111,2026-03-15T22:18:44.258213,0.4148063063621521,0.1892695426940918,mamba2-2.7b,2700000000,,123,6
Automakers accounted for approximately a third of the industrial expansion in the state in 2012.,1.0,128,1773609530.2695837,2026-03-15T22:18:50.269585,0.7485312223434448,0.1524726301431656,mamba2-2.7b,2700000000,,124,6
"Just as fresh snow has a higher albedo than does dirty snow, the albedo of snow-covered sea ice is far higher than that of sea water.",1.3,128,1773609536.2850876,2026-03-15T22:18:56.285090,0.4158889651298523,0.1914471685886383,mamba2-2.7b,2700000000,,125,6
Native American groups within the state had increasingly been demanding recognition as ethnic groups and seeking an end to discrimination.,1.3,128,1773609542.3268788,2026-03-15T22:19:02.326880,0.480688214302063,0.17830410599708557,mamba2-2.7b,2700000000,,126,6
"Trac can be used as a wiki, a project management system, and for tracking bugs in software development.",0.7,128,1773609548.3540413,2026-03-15T22:19:08.354043,0.8477946519851685,0.13039475679397583,mamba2-2.7b,2700000000,,127,6
"Tactics  Anarchists' tactics take various forms but in general serve two major goals, namely to first oppose the Establishment and secondly to promote anarchist ethics and reflect an anarchist vision of society, illustrating the unity of means and ends.",1.3,128,1773609554.3778887,2026-03-15T22:19:14.377891,0.6474210023880005,0.17678333818912506,mamba2-2.7b,2700000000,,128,6
Alabama ranks ninth in the number of deaths from lightning and tenth in the number of deaths from lightning strikes per capita.,1.0,128,1773609560.3991663,2026-03-15T22:19:20.399168,0.7748576402664185,0.14031046628952026,mamba2-2.7b,2700000000,,129,6
"According to Fullington, Pavel Gerdt, the dancer who created the role, was likely too old to dance the variation himself.",0.7,128,1773609566.4168396,2026-03-15T22:19:26.416841,0.7760955691337585,0.13351649045944214,mamba2-2.7b,2700000000,,130,6
"Owen Thomas M. History of Alabama and Dictionary of Alabama Biography (4 vols, 1921).",1.3,128,1773609572.4264944,2026-03-15T22:19:32.426496,0.43849465250968933,0.15005603432655334,mamba2-2.7b,2700000000,,131,6
"Explain what this code does:
def function_59(x): return x * 2",1.0,114,1773609577.7789457,2026-03-15T22:19:37.778948,0.7899333834648132,0.11635188013315201,mamba2-2.7b,2700000000,Explain what this code does,132,6
"According to a pH scale, which pH would be the strongest acid? (Answer: A)",1.0,128,1773609583.800272,2026-03-15T22:19:43.800273,0.7066718339920044,0.19892019033432007,mamba2-2.7b,2700000000,"According to a pH scale, which pH would be the strongest acid? (Answer",133,6
Some authors suggest that automatic motor assessment could be useful to screen the children with ASD for instance with behavioural motor and emotionals reactions during smartphone watching.,0.7,128,1773609589.8549585,2026-03-15T22:19:49.854960,0.7599782943725586,0.14917665719985962,mamba2-2.7b,2700000000,,134,6
Which is a nonrenewable resource? (Answer: A),1.3,128,1773609595.8716965,2026-03-15T22:19:55.871698,0.5466708540916443,0.1799887865781784,mamba2-2.7b,2700000000,Which is a nonrenewable resource? (Answer,135,6
I want to walk you through the installation of one such tool: Trac.,1.0,128,1773609601.9042308,2026-03-15T22:20:01.904232,0.7372565865516663,0.17167972028255463,mamba2-2.7b,2700000000,I want to walk you through the installation of one such tool,136,6
"After bitter disputes, the Bakuninists were expelled from the International by the Marxists at the 1872 Hague Congress.",0.7,128,1773609607.9584622,2026-03-15T22:20:07.958464,0.7894241809844971,0.16907362639904022,mamba2-2.7b,2700000000,,137,6
"Explain what this code does:
def function_4(x): return x * 2",1.0,128,1773609613.9966002,2026-03-15T22:20:13.996602,0.8462353944778442,0.11198212206363678,mamba2-2.7b,2700000000,Explain what this code does,138,6
Pei Yu learned Over Glow from Elo himself.,1.0,128,1773609620.0085416,2026-03-15T22:20:20.008544,0.6290550827980042,0.18956035375595093,mamba2-2.7b,2700000000,,139,6
"Over the next decade, the company toured the ballet extensively, exposing it to audiences nationwide.",1.3,128,1773609626.1402843,2026-03-15T22:20:26.140286,0.5342691540718079,0.20158270001411438,mamba2-2.7b,2700000000,,140,7
So I returned to the IP address and was presented with a login screen.,0.7,128,1773609632.1503477,2026-03-15T22:20:32.150350,0.8240107893943787,0.1531628966331482,mamba2-2.7b,2700000000,,141,7
Log out and log back in with your new credentials.,0.7,128,1773609638.1701999,2026-03-15T22:20:38.170201,0.8140062689781189,0.11532565951347351,mamba2-2.7b,2700000000,,142,7
"It has a seating capacity of 143,000 and is the thirteenth largest stadium in the world and sixth largest stadium in America.",1.0,47,1773609640.363636,2026-03-15T22:20:40.363638,0.8018954992294312,0.13698412477970123,mamba2-2.7b,2700000000,,143,7
"The Bolshoi Premiere of John Neumeier's Anna Karenina Last July Hamburg Ballet presented the world premiere of John Neumeier's Anna Karenina, a modern adaptation on Leo Tolstoy's famous novel.",1.0,128,1773609646.3999245,2026-03-15T22:20:46.399926,0.7055084109306335,0.1999836415052414,mamba2-2.7b,2700000000,,144,7
"The three GOP lieutenant governors are Steve Windom (1999–2003), Kay Ivey (2011–2017), and Will Ainsworth (2019–present).",0.7,128,1773609652.4398277,2026-03-15T22:20:52.439829,0.8796359300613403,0.13992325961589813,mamba2-2.7b,2700000000,,145,7
"Once again, the final screen links wouldn't work.",1.0,113,1773609657.7573051,2026-03-15T22:20:57.757307,0.6628162860870361,0.14070475101470947,mamba2-2.7b,2700000000,,146,7
"Explain what this code does:
def function_61(x): return x * 2",1.0,128,1773609663.7738917,2026-03-15T22:21:03.773893,0.7604514360427856,0.15662087500095367,mamba2-2.7b,2700000000,Explain what this code does,147,7
"In China, small groups of students imported the humanistic pro-science version of anarcho-communism.",0.7,128,1773609669.789829,2026-03-15T22:21:09.789831,0.7220256328582764,0.15146487951278687,mamba2-2.7b,2700000000,,148,7
"Owen Thomas M. History of Alabama and Dictionary of Alabama Biography (4 vols, 1921).",0.7,128,1773609675.835585,2026-03-15T22:21:15.835587,0.8131769895553589,0.13288640975952148,mamba2-2.7b,2700000000,,149,7
"This time around the final screen appeared, the All set link didn't work.",1.3,128,1773609681.8758607,2026-03-15T22:21:21.875862,0.4388543963432312,0.1818317174911499,mamba2-2.7b,2700000000,,150,7
"NBoC's new work, titled Frame by Frame, will run June 1-10 in Toronto.",0.7,128,1773609687.896434,2026-03-15T22:21:27.896436,0.7004401683807373,0.17350535094738007,mamba2-2.7b,2700000000,,151,7
"There are two intermediate appellate courts, the Court of Civil Appeals and the Court of Criminal Appeals, and four trial courts: the circuit court (trial court of general jurisdiction), and the district, probate, and municipal courts.",1.0,128,1773609693.924191,2026-03-15T22:21:33.924192,0.792402446269989,0.1185203343629837,mamba2-2.7b,2700000000,"There are two intermediate appellate courts, the Court of Civil Appeals and the Court of Criminal Appeals, and four trial courts",152,7
"Rail  For rail transport, Amtrak schedules the Crescent, a daily passenger train, running from New York to New Orleans with station stops at Anniston, Birmingham, and Tuscaloosa.",1.3,128,1773609699.9514742,2026-03-15T22:21:39.951476,0.7239649295806885,0.13209475576877594,mamba2-2.7b,2700000000,,153,7
"Ritualistic behavior: Unvarying pattern of daily activities, such as an unchanging menu or a dressing ritual.",1.3,128,1773609705.9778395,2026-03-15T22:21:45.977842,0.4427984356880188,0.15235751867294312,mamba2-2.7b,2700000000,Ritualistic behavior,154,7
"Explain what this code does:
def function_64(x): return x * 2",1.0,128,1773609712.0013964,2026-03-15T22:21:52.001398,0.7501435279846191,0.11475591361522675,mamba2-2.7b,2700000000,Explain what this code does,155,7
"Ferrer's approach was secular, rejecting both state and church involvement in the educational process whilst giving pupils large amounts of autonomy in planning their work and attendance.",1.3,128,1773609718.0301301,2026-03-15T22:21:58.030132,0.4933687150478363,0.21591851115226746,mamba2-2.7b,2700000000,,156,7
"I approached him about doing a different project a long time ago, and he said ""well, maybe that's not the correct project.""",1.3,128,1773609724.0595348,2026-03-15T22:22:04.059536,0.46449196338653564,0.17739245295524597,mamba2-2.7b,2700000000,,157,7
How long does it take for Earth to rotate on its axis seven times? (Answer: B),0.7,128,1773609730.0851886,2026-03-15T22:22:10.085199,0.8295594453811646,0.13687600195407867,mamba2-2.7b,2700000000,How long does it take for Earth to rotate on its axis seven times? (Answer,158,7
"Email policies IT should have an email policy in place that hardens systems and can detect spam and viruses, Rickard said.",1.0,128,1773609736.121091,2026-03-15T22:22:16.121092,0.7949497699737549,0.1651720255613327,mamba2-2.7b,2700000000,,159,7
"The record low of  occurred on January 30, 1966, in New Market.",1.3,128,1773609742.2415123,2026-03-15T22:22:22.241514,0.5627937912940979,0.18801473081111908,mamba2-2.7b,2700000000,,160,8
The current governor is Republican Kay Ivey.,1.0,128,1773609748.263071,2026-03-15T22:22:28.263073,0.7346217632293701,0.1513211727142334,mamba2-2.7b,2700000000,,161,8
"Similar to other former slave states, Alabamian legislators employed Jim Crow laws to disenfranchise and discriminate against African Americans from the late 19th century up until the 1960s.",1.3,49,1773609750.566124,2026-03-15T22:22:30.566126,0.7424766421318054,0.1433975100517273,mamba2-2.7b,2700000000,,162,8
"21st century  In 2001, Alabama Supreme Court chief justice Roy Moore installed a statue of the Ten Commandments in the capitol in Montgomery.",0.7,128,1773609756.5936158,2026-03-15T22:22:36.593618,0.8062383532524109,0.12326696515083313,mamba2-2.7b,2700000000,,163,8
"Explain what this code does:
def function_76(x): return x * 2",1.0,125,1773609762.4760382,2026-03-15T22:22:42.476040,0.7987333536148071,0.134450301527977,mamba2-2.7b,2700000000,Explain what this code does,164,8
The Canadian artist's many accolades include a 1952 Oscar for Best Documentary for his abstract short film Neighbours (watch the whole thing here).,1.3,128,1773609768.5153549,2026-03-15T22:22:48.515357,0.4063417613506317,0.21897223591804504,mamba2-2.7b,2700000000,,165,8
"Explain what this code does:
def function_52(x): return x * 2",0.7,128,1773609774.543237,2026-03-15T22:22:54.543238,0.8938925266265869,0.12022806704044342,mamba2-2.7b,2700000000,Explain what this code does,166,8
Why do areas in the middle of a large continent generally have more extreme differences in temperature than areas near the coastline? (Answer: D),0.7,128,1773609780.573521,2026-03-15T22:23:00.573522,0.8335407972335815,0.1507231742143631,mamba2-2.7b,2700000000,Why do areas in the middle of a large continent generally have more extreme differences in temperature than areas near the coastline? (Answer,167,8
"""People often have Post-it notes on monitors with passwords on them.""",1.0,128,1773609786.5952103,2026-03-15T22:23:06.595212,0.7104045152664185,0.1503986120223999,mamba2-2.7b,2700000000,,168,8
"Although you might find systems with more features (and a more powerful configuration system), Trac is very simple to set up and use.",1.3,128,1773609792.6189098,2026-03-15T22:23:12.618912,0.48859283328056335,0.21546721458435059,mamba2-2.7b,2700000000,,169,8
"The notes were incomplete and difficult to read, yet Sergeyev persisted, and The Nutcracker made it to the stage.",1.0,128,1773609798.6489902,2026-03-15T22:23:18.648992,0.7362300157546997,0.17490708827972412,mamba2-2.7b,2700000000,,170,8
"The total effects were greater on the black community, as almost all its citizens were disfranchised and relegated to separate and unequal treatment under the law.",0.7,128,1773609804.7085404,2026-03-15T22:23:24.708542,0.7782899141311646,0.15176191926002502,mamba2-2.7b,2700000000,,171,8
Anarchism and the state   Objection to the state and its institutions is a sine qua non of anarchism.,1.3,128,1773609810.765472,2026-03-15T22:23:30.765474,0.5231119990348816,0.21718335151672363,mamba2-2.7b,2700000000,,172,8
The atypical antipsychotic drugs risperidone and aripiprazole are FDA-approved for treating associated aggressive and self-injurious behaviors.,0.7,128,1773609816.8142955,2026-03-15T22:23:36.814297,0.8194794654846191,0.13898620009422302,mamba2-2.7b,2700000000,,173,8
"Media  Major newspapers include Birmingham News, Mobile Press-Register, and Montgomery Advertiser.",1.3,128,1773609822.8648634,2026-03-15T22:23:42.864865,0.44589030742645264,0.1833103448152542,mamba2-2.7b,2700000000,,174,8
Giant redwood trees change energy from one form to another. How is energy changed by the trees? (Answer: B),1.3,17,1773609823.6626263,2026-03-15T22:23:43.662628,0.599499523639679,0.16732633113861084,mamba2-2.7b,2700000000,Giant redwood trees change energy from one form to another. How is energy changed by the trees? (Answer,175,8
A smooth metallic sphere would have .,1.3,128,1773609829.7129486,2026-03-15T22:23:49.712950,0.4461628198623657,0.1747399866580963,mamba2-2.7b,2700000000,,176,8
"In response to their expulsion from the First International, anarchists formed the St. Imier International.",1.3,46,1773609831.8596022,2026-03-15T22:23:51.859604,0.6687448024749756,0.1598385125398636,mamba2-2.7b,2700000000,,177,8
"Explain what this code does:
def function_77(x): return x * 2",0.7,128,1773609837.8893147,2026-03-15T22:23:57.889317,0.8680363893508911,0.11619149893522263,mamba2-2.7b,2700000000,Explain what this code does,178,8
"Ports The Port of Mobile, Alabama's only saltwater port, is a large seaport on the Gulf of Mexico with inland waterway access to the Midwest by way of the Tennessee–Tombigbee Waterway.",1.0,128,1773609843.934245,2026-03-15T22:24:03.934247,0.7412993907928467,0.1549091339111328,mamba2-2.7b,2700000000,,179,8
"Hoffmann, a German writer, penned the eerie and dark tale ""Nutcracker and Mouse King"" in 1816.",0.7,128,1773609850.060696,2026-03-15T22:24:10.060698,0.766599178314209,0.1577526330947876,mamba2-2.7b,2700000000,,180,9
Which of these do scientists offer as the most recent explanation as to why many plants and animals died out at the end of the Mesozoic era? (Answer: D),1.3,128,1773609856.080752,2026-03-15T22:24:16.080753,0.3887813091278076,0.1990860402584076,mamba2-2.7b,2700000000,Which of these do scientists offer as the most recent explanation as to why many plants and animals died out at the end of the Mesozoic era? (Answer,181,9
"Hatchling sea turtles are typically dark in color. Occasionally, a sea turtle hatches that is almost white in color. When crawling from the nest on the beach to the ocean, this light-colored sea turtle could be at risk for sunburn. The light color of the turtles would most likely (Answer: C)",1.0,128,1773609862.118807,2026-03-15T22:24:22.118808,0.7901769280433655,0.13671839237213135,mamba2-2.7b,2700000000,"Hatchling sea turtles are typically dark in color. Occasionally, a sea turtle hatches that is almost white in color. When crawling from the nest on the beach to the ocean, this light-colored sea turtle could be at risk for sunburn. The light color of the turtles would most likely (Answer",182,9
"Sun Jie, a coach and men's teacher at BDA since 2008, explains how introducing works from Western choreographers has broadened the overall abilities of Chinese ballet dancers.",0.7,128,1773609868.144453,2026-03-15T22:24:28.144455,0.7584807872772217,0.1434715837240219,mamba2-2.7b,2700000000,,183,9
Alabama receives an average of  of rainfall annually and enjoys a lengthy growing season of up to 300 days in the southern part of the state.,1.3,128,1773609874.1736245,2026-03-15T22:24:34.173626,0.42949986457824707,0.2434030920267105,mamba2-2.7b,2700000000,,184,9
"Alabama English is predominantly Southern, and is related to South Midland speech which was taken across the border from Tennessee.",0.7,128,1773609880.196263,2026-03-15T22:24:40.196265,0.7688311338424683,0.14888688921928406,mamba2-2.7b,2700000000,,185,9
As I was getting older the company all of a sudden started to seem younger and younger.,1.3,128,1773609886.2166042,2026-03-15T22:24:46.216606,0.4091064929962158,0.1719498187303543,mamba2-2.7b,2700000000,,186,9
"Many individuals with ASD show superior skills in perception and attention, relative to the general population.",1.3,128,1773609892.2523031,2026-03-15T22:24:52.252305,0.433920681476593,0.20450319349765778,mamba2-2.7b,2700000000,,187,9
The Bay County Sheriff’s Office has arrested four men from Atlanta after they allegedly hired local transients to cash fraudulent checks for them using stolen personal information.,0.7,128,1773609898.2934406,2026-03-15T22:24:58.293443,0.7864556908607483,0.15764625370502472,mamba2-2.7b,2700000000,,188,9
A long tradition of Spanish anarchism led to anarchists playing a pivotal role in the war.,1.3,128,1773609904.337884,2026-03-15T22:25:04.337885,0.5492205619812012,0.18024520576000214,mamba2-2.7b,2700000000,,189,9
"In China, small groups of students imported the humanistic pro-science version of anarcho-communism.",1.0,128,1773609910.4148693,2026-03-15T22:25:10.414871,0.6981703042984009,0.16107399761676788,mamba2-2.7b,2700000000,,190,9
"Explain what this code does:
def function_93(x): return x * 2",1.3,128,1773609916.4462864,2026-03-15T22:25:16.446288,0.36053982377052307,0.14503905177116394,mamba2-2.7b,2700000000,Explain what this code does,191,9
"There was also a cursive style used for everyday or utilitarian writing, which was done on more perishable surfaces.",0.7,82,1773609920.3025315,2026-03-15T22:25:20.302533,0.7105013132095337,0.1630312204360962,mamba2-2.7b,2700000000,,192,9
"Photo by Walter E. Owen, Courtesy Dance Magazine Archives.",1.0,128,1773609926.3235793,2026-03-15T22:25:26.323582,0.9230891466140747,0.1484588235616684,mamba2-2.7b,2700000000,,193,9
Giant redwood trees change energy from one form to another. How is energy changed by the trees? (Answer: B),1.0,61,1773609929.1850188,2026-03-15T22:25:29.185020,0.6783984899520874,0.16268692910671234,mamba2-2.7b,2700000000,Giant redwood trees change energy from one form to another. How is energy changed by the trees? (Answer,194,9
"While medications have not been found to help with core symptoms, they may be used for associated symptoms, such as irritability, inattention, or repetitive behavior patterns.",1.3,86,1773609933.2307262,2026-03-15T22:25:33.230728,0.6424128413200378,0.24553215503692627,mamba2-2.7b,2700000000,,195,9
"In the 2000s, the number of autistic people worldwide was estimated at 1–2 per 1,000 people.",1.3,128,1773609939.2620437,2026-03-15T22:25:39.262045,0.4765823185443878,0.21322914958000183,mamba2-2.7b,2700000000,,196,9
A ship leaks a large amount of oil near a coastal area. Which statement describes how the oil most likely will affect the coastal habitat? (Answer: B),1.3,128,1773609945.2926497,2026-03-15T22:25:45.292651,0.4029753804206848,0.16672351956367493,mamba2-2.7b,2700000000,A ship leaks a large amount of oil near a coastal area. Which statement describes how the oil most likely will affect the coastal habitat? (Answer,197,9
"Birmingham also serves as the headquarters for several large investment management companies, including Harbert Management Corporation.",1.3,34,1773609946.87782,2026-03-15T22:25:46.877821,0.6367334723472595,0.1804647594690323,mamba2-2.7b,2700000000,,198,9
"Anarchism has continued to generate many philosophies and movements, at times eclectic, drawing upon various sources and combining disparate concepts to create new philosophical approaches.",1.3,128,1773609952.942656,2026-03-15T22:25:52.942658,0.5853487253189087,0.2207508087158203,mamba2-2.7b,2700000000,,199,9
"Hatchling sea turtles are typically dark in color. Occasionally, a sea turtle hatches that is almost white in color. When crawling from the nest on the beach to the ocean, this light-colored sea turtle could be at risk for sunburn. The light color of the turtles would most likely (Answer: C)",0.7,10,1773609953.510004,2026-03-15T22:25:53.510006,0.7971128821372986,0.11634518206119537,mamba2-2.7b,2700000000,"Hatchling sea turtles are typically dark in color. Occasionally, a sea turtle hatches that is almost white in color. When crawling from the nest on the beach to the ocean, this light-colored sea turtle could be at risk for sunburn. The light color of the turtles would most likely (Answer",200,10
The Ceremonial Complex represents a major component of the religion of the Mississippian peoples; it is one of the primary means by which their religion is understood.,1.3,128,1773609959.5460162,2026-03-15T22:25:59.546018,0.5865373611450195,0.22168678045272827,mamba2-2.7b,2700000000,,201,10
A toothpaste commercial states that a brand of toothpaste has a higher concentration of fluoride than any other toothpaste available. The commercial is most likely inferring that the advertised toothpaste (Answer: C),1.3,128,1773609965.5746062,2026-03-15T22:26:05.574608,0.41974592208862305,0.181800976395607,mamba2-2.7b,2700000000,A toothpaste commercial states that a brand of toothpaste has a higher concentration of fluoride than any other toothpaste available. The commercial is most likely inferring that the advertised toothpaste (Answer,202,10
Which property of a mineral can be determined just by looking at it? (Answer: A),1.3,128,1773609971.5995116,2026-03-15T22:26:11.599513,0.41089439392089844,0.16596929728984833,mamba2-2.7b,2700000000,Which property of a mineral can be determined just by looking at it? (Answer,203,10
"Explain what this code does:
def function_7(x): return x * 2",0.7,128,1773609977.616431,2026-03-15T22:26:17.616433,0.9222943186759949,0.09856674820184708,mamba2-2.7b,2700000000,Explain what this code does,204,10
"In Reynolds v. Sims (1964), the U.S. Supreme Court implemented the principle of ""one man, one vote"", ruling that congressional districts had to be reapportioned based on censuses (as the state already included in its constitution but had not implemented.)",1.0,128,1773609983.657766,2026-03-15T22:26:23.657768,0.7503347396850586,0.14489446580410004,mamba2-2.7b,2700000000,,205,10
"Explain what this code does:
def function_35(x): return x * 2",1.3,128,1773609989.6949916,2026-03-15T22:26:29.694993,0.8035709261894226,0.1457497477531433,mamba2-2.7b,2700000000,Explain what this code does,206,10
Variants also existed that were intermediate between the monumental and cursive styles.,1.0,128,1773609995.7406266,2026-03-15T22:26:35.740628,0.6675920486450195,0.17111845314502716,mamba2-2.7b,2700000000,,207,10
"Some days you might not feel good about yourself, or things in your body might not be working well—every day is different.",1.0,128,1773610001.7970083,2026-03-15T22:26:41.797010,0.7561198472976685,0.14907881617546082,mamba2-2.7b,2700000000,,208,10
This line of arguments most often calls for political action within the system to reform it.,0.7,128,1773610007.8583498,2026-03-15T22:26:47.858351,0.7601550817489624,0.1490766704082489,mamba2-2.7b,2700000000,,209,10
"Photo by Paul Kolnik, Courtesy NYCB.",1.0,128,1773610013.9109898,2026-03-15T22:26:53.910991,0.7080996036529541,0.15880240499973297,mamba2-2.7b,2700000000,,210,10
"Explain what this code does:
def function_78(x): return x * 2",1.3,128,1773610019.9677684,2026-03-15T22:26:59.967770,0.5530375838279724,0.20226262509822845,mamba2-2.7b,2700000000,Explain what this code does,211,10
"Radar Albedos of Solar System Objects  The values reported for the Moon, Mercury, Mars, Venus, and Comet P/2005 JQ5 are derived from the total (OC+SC) radar albedo reported in those references.",0.7,128,1773610026.0299037,2026-03-15T22:27:06.029905,0.8503566980361938,0.14649547636508942,mamba2-2.7b,2700000000,,212,10
"The state ranges in elevation from sea level at Mobile Bay to more than  in the northeast, to Mount Cheaha at .",1.3,128,1773610032.0851843,2026-03-15T22:27:12.085186,0.6046388149261475,0.23819787800312042,mamba2-2.7b,2700000000,,213,10
"Companies that fail to comply with GDPR will face a penalty of either 4% of their global revenue or €20 million, whichever is greater.",1.3,128,1773610038.1329186,2026-03-15T22:27:18.132920,0.4815521240234375,0.18854555487632751,mamba2-2.7b,2700000000,,214,10
"Sample symptoms include lack of social or emotional reciprocity, stereotyped and repetitive use of language or idiosyncratic language, and persistent preoccupation with unusual objects.",1.3,128,1773610044.2043998,2026-03-15T22:27:24.204402,0.49039340019226074,0.2139270156621933,mamba2-2.7b,2700000000,,215,10
"A defence of philosophical anarchism, stating that ""both kinds of 'anarchism' [i.e.",1.0,128,1773610050.2711997,2026-03-15T22:27:30.271201,0.6938700675964355,0.1703006625175476,mamba2-2.7b,2700000000,,216,10
"Overall, contemporary anarchists are much less violent and militant than their ideological ancestors.",1.0,128,1773610056.3312073,2026-03-15T22:27:36.331209,0.7208104133605957,0.12855388224124908,mamba2-2.7b,2700000000,,217,10
"Explain what this code does:
def function_69(x): return x * 2",0.7,128,1773610062.3853061,2026-03-15T22:27:42.385308,0.8457911014556885,0.11222517490386963,mamba2-2.7b,2700000000,Explain what this code does,218,10
"Explain what this code does:
def function_64(x): return x * 2",0.7,128,1773610068.4405553,2026-03-15T22:27:48.440557,0.9336216449737549,0.09001976996660233,mamba2-2.7b,2700000000,Explain what this code does,219,10
How many times does Earth rotate on its axis in one day? (Answer: A),0.7,128,1773610074.5832007,2026-03-15T22:27:54.583203,0.9204910397529602,0.11760451644659042,mamba2-2.7b,2700000000,How many times does Earth rotate on its axis in one day? (Answer,220,11
"Explain what this code does:
def function_97(x): return x * 2",1.0,128,1773610080.6088917,2026-03-15T22:28:00.608893,0.722705066204071,0.12698762118816376,mamba2-2.7b,2700000000,Explain what this code does,221,11
The Marxist criticism of anarchism is that it has a utopian character because all individuals should have anarchist views and values.,1.3,71,1773610083.9926763,2026-03-15T22:28:03.992678,0.6011331081390381,0.220768004655838,mamba2-2.7b,2700000000,,222,11
There's a surprising twist to Regina Willoughby's last season with Columbia City Ballet: It's also her 18-year-old daughter Melina's first season with the company.,0.7,128,1773610090.0659835,2026-03-15T22:28:10.065985,0.7911874651908875,0.1257297247648239,mamba2-2.7b,2700000000,There's a surprising twist to Regina Willoughby's last season with Columbia City Ballet,223,11
A plant that grows red flowers was crossed with the same kind of plant that grows white flowers. Their offspring grew pink flowers. Which best explains why the offspring grew pink flowers? (Answer: C),1.0,108,1773610095.1741087,2026-03-15T22:28:15.174111,0.7695128917694092,0.1196952685713768,mamba2-2.7b,2700000000,A plant that grows red flowers was crossed with the same kind of plant that grows white flowers. Their offspring grew pink flowers. Which best explains why the offspring grew pink flowers? (Answer,224,11
"Explain what this code does:
def function_26(x): return x * 2",0.7,128,1773610101.2202837,2026-03-15T22:28:21.220285,0.8684999942779541,0.12137535959482193,mamba2-2.7b,2700000000,Explain what this code does,225,11
Data in tables may also be presented in graphs. Which type of data would best be displayed on a circle graph? (Answer: D),1.0,128,1773610107.2812583,2026-03-15T22:28:27.281260,0.7413936853408813,0.16616687178611755,mamba2-2.7b,2700000000,Data in tables may also be presented in graphs. Which type of data would best be displayed on a circle graph? (Answer,226,11
"The Internet has helped autistic individuals bypass nonverbal cues and emotional sharing that they find difficult to deal with, and has given them a way to form online communities and work remotely.",1.3,1,1773610107.3389792,2026-03-15T22:28:27.338981,0.7213578820228577,,mamba2-2.7b,2700000000,,227,11
"The way these hacktivists work to develop and distribute resembles the anarchist ideals, especially when it comes to preserving users' privacy from state surveillance.",1.3,128,1773610113.4029903,2026-03-15T22:28:33.402993,0.4382455348968506,0.19389913976192474,mamba2-2.7b,2700000000,,228,11
"Explain what this code does:
def function_59(x): return x * 2",0.7,128,1773610119.4577737,2026-03-15T22:28:39.457776,0.8768698573112488,0.10780280828475952,mamba2-2.7b,2700000000,Explain what this code does,229,11
"I've noticed it the most during dress rehearsals, particularly for Balanchine ballets.",1.0,128,1773610125.4850662,2026-03-15T22:28:45.485068,0.7432659864425659,0.17328545451164246,mamba2-2.7b,2700000000,,230,11
"This time around the final screen appeared, the All set link didn't work.",1.0,128,1773610131.5159757,2026-03-15T22:28:51.515977,0.6924008131027222,0.11772734671831131,mamba2-2.7b,2700000000,,231,11
"Individual symptoms of autism occur in the general population and appear not to associate highly, without a sharp line separating pathologically severe from common traits.",0.7,128,1773610137.5683842,2026-03-15T22:28:57.568386,0.7326959371566772,0.128109410405159,mamba2-2.7b,2700000000,,232,11
"""I'd say compliance right now is only at about 35% or 40% at the most,"" he said.",0.7,36,1773610139.2595463,2026-03-15T22:28:59.259548,0.7615416049957275,0.13502101600170135,mamba2-2.7b,2700000000,,233,11
"After both of the above commands, you'll be prompted to type (and confirm) a password.",1.0,128,1773610145.3171678,2026-03-15T22:29:05.317170,0.7826676368713379,0.1383354365825653,mamba2-2.7b,2700000000,,234,11
"The first community of adherents of the Baháʼí Faith in Alabama was founded in 1896 by Paul K. Dealy, who moved from Chicago to Fairhope.",1.3,128,1773610151.3734148,2026-03-15T22:29:11.373416,0.5563887357711792,0.16616494953632355,mamba2-2.7b,2700000000,,235,11
"A differential diagnosis for ASD at this stage might also consider intellectual disability, hearing impairment, and a specific language impairment such as Landau–Kleffner syndrome.",1.3,36,1773610153.053928,2026-03-15T22:29:13.053930,0.7600849866867065,0.15681928396224976,mamba2-2.7b,2700000000,,236,11
Collectivist anarchism is a revolutionary socialist form of anarchism commonly associated with Mikhail Bakunin.,0.7,128,1773610159.0808012,2026-03-15T22:29:19.080803,0.8075383305549622,0.1420316994190216,mamba2-2.7b,2700000000,,237,11
"Authority ultimately rests solely on power, regardless of whether that power is open or transparent, as it still has the ability to coerce people.",1.3,128,1773610165.1190207,2026-03-15T22:29:25.119023,0.5334723591804504,0.19617663323879242,mamba2-2.7b,2700000000,,238,11
"A total of 387 schools, seven teachers' houses, and several vocational buildings were completed by 1937 in the state.",1.0,128,1773610171.166804,2026-03-15T22:29:31.166805,0.7673338651657104,0.16106243431568146,mamba2-2.7b,2700000000,,239,11
"One thing to note: If you need more users, you'll create them from the command line (in similar fashion as you did above).",1.3,128,1773610177.2904532,2026-03-15T22:29:37.290455,0.5441000461578369,0.17735138535499573,mamba2-2.7b,2700000000,One thing to note,240,12
"As it appeals to both emotion and reason, art could appeal to the whole human and have a powerful effect.",0.7,128,1773610183.3255663,2026-03-15T22:29:43.325568,0.7479858994483948,0.14427649974822998,mamba2-2.7b,2700000000,,241,12
"A. John Simmons and Leslie Green, who leaned toward philosophical anarchism, believed that the state could be legitimate if it is governed by consensus, although they saw this as highly unlikely.",1.3,128,1773610189.3717244,2026-03-15T22:29:49.371726,0.43721839785575867,0.20985472202301025,mamba2-2.7b,2700000000,,242,12
"In Reynolds v. Sims (1964), the U.S. Supreme Court implemented the principle of ""one man, one vote"", ruling that congressional districts had to be reapportioned based on censuses (as the state already included in its constitution but had not implemented.)",0.7,128,1773610195.4330385,2026-03-15T22:29:55.433040,0.9536598920822144,0.1055721715092659,mamba2-2.7b,2700000000,,243,12
"A 2018 review concluded that it may be a therapeutic option for specific groups of children with autism, such as those with known food intolerances or allergies, or with food intolerance markers.",0.7,128,1773610201.4808774,2026-03-15T22:30:01.480879,0.7847708463668823,0.12566030025482178,mamba2-2.7b,2700000000,,244,12
"Typically, autism cannot be traced to a Mendelian (single-gene) mutation or to a single chromosome abnormality, and none of the genetic syndromes associated with ASDs have been shown to selectively cause ASD.",1.0,128,1773610207.5383797,2026-03-15T22:30:07.538381,0.7098622918128967,0.15971677005290985,mamba2-2.7b,2700000000,,245,12
"The way these hacktivists work to develop and distribute resembles the anarchist ideals, especially when it comes to preserving users' privacy from state surveillance.",1.0,128,1773610213.5950122,2026-03-15T22:30:13.595014,0.7141181826591492,0.1533070057630539,mamba2-2.7b,2700000000,,246,12
"New engine technology has helped cars get more mileage per gallon of gas. Since gasoline comes from oil, this technology will affect the world supply of oil by (Answer: D)",1.0,128,1773610219.646489,2026-03-15T22:30:19.646490,0.7804050445556641,0.12614431977272034,mamba2-2.7b,2700000000,"New engine technology has helped cars get more mileage per gallon of gas. Since gasoline comes from oil, this technology will affect the world supply of oil by (Answer",247,12
"Over the past two decades, Java has arguably been the most successful programming language on the planet.",1.3,128,1773610225.6907237,2026-03-15T22:30:25.690725,0.5688186883926392,0.22932648658752441,mamba2-2.7b,2700000000,,248,12
"The latter is commonly used in handwriting and fonts based on it, especially fonts intended to be read by children, and is also found in italic type.",0.7,128,1773610231.7457552,2026-03-15T22:30:31.745757,0.7864908576011658,0.13230082392692566,mamba2-2.7b,2700000000,,249,12
San Francisco Ballet Honors Robbins Mysterious; romantic; witty; electrifying.,1.3,128,1773610237.7924306,2026-03-15T22:30:37.792432,0.3781954050064087,0.21893712878227234,mamba2-2.7b,2700000000,,250,12
A historical current that arose and flourished during 1890 and 1920 within anarchism was free love.,1.3,128,1773610243.8302271,2026-03-15T22:30:43.830229,0.453753262758255,0.23942847549915314,mamba2-2.7b,2700000000,,251,12
"Explain what this code does:
def function_40(x): return x * 2",1.3,128,1773610249.8865888,2026-03-15T22:30:49.886590,0.38220590353012085,0.19913385808467865,mamba2-2.7b,2700000000,Explain what this code does,252,12
(A Birmingham city ordinance would have raised theirs to $10.10.),1.0,128,1773610255.92302,2026-03-15T22:30:55.923021,0.7680142521858215,0.1768525391817093,mamba2-2.7b,2700000000,,253,12
"Explain what this code does:
def function_43(x): return x * 2",0.7,81,1773610259.7279289,2026-03-15T22:30:59.727930,0.8314470648765564,0.11318323761224747,mamba2-2.7b,2700000000,Explain what this code does,254,12
"Steel jobs, for instance, declined from 46,314 in 1950 to 14,185 in 2011.",1.0,128,1773610265.778555,2026-03-15T22:31:05.778556,0.7291067838668823,0.14733371138572693,mamba2-2.7b,2700000000,,255,12
"Tactics  Anarchists' tactics take various forms but in general serve two major goals, namely to first oppose the Establishment and secondly to promote anarchist ethics and reflect an anarchist vision of society, illustrating the unity of means and ends.",1.0,128,1773610271.8431268,2026-03-15T22:31:11.843128,0.7245563268661499,0.16063623130321503,mamba2-2.7b,2700000000,,256,12
"Explain what this code does:
def function_27(x): return x * 2",0.7,40,1773610273.7110348,2026-03-15T22:31:13.711037,0.9181825518608093,0.09045718610286713,mamba2-2.7b,2700000000,Explain what this code does,257,12
"Photosynthesis is a process involving carbon dioxide, water, glucose, oxygen, and sunlight. Which is the correct chemical equation for photosynthesis? (Answer: D)",0.7,112,1773610278.9959474,2026-03-15T22:31:18.995949,0.8103722929954529,0.12219113111495972,mamba2-2.7b,2700000000,"Photosynthesis is a process involving carbon dioxide, water, glucose, oxygen, and sunlight. Which is the correct chemical equation for photosynthesis? (Answer",258,12
"The four-person group is made up of members of the company's current artistic staff, led by ballet master and former principal dancer Jonathan Stafford.",1.3,128,1773610285.0235083,2026-03-15T22:31:25.023511,0.41195353865623474,0.17471696436405182,mamba2-2.7b,2700000000,,259,12
"In 2009, Bryant–Denny Stadium and Jordan-Hare Stadium became the homes of the Alabama High School Athletic Association state football championship games, after previously being held at Legion Field in Birmingham.",0.7,118,1773610290.713374,2026-03-15T22:31:30.713375,0.7854429483413696,0.13214553892612457,mamba2-2.7b,2700000000,,260,13
"Critics argue that Alabama's constitution maintains highly centralized power with the state legislature, leaving practically no power in local hands.",1.0,70,1773610294.0158732,2026-03-15T22:31:34.015875,0.726676881313324,0.17387787997722626,mamba2-2.7b,2700000000,,261,13
"Explain what this code does:
def function_13(x): return x * 2",0.7,128,1773610300.070751,2026-03-15T22:31:40.070752,0.8211919069290161,0.11271679401397705,mamba2-2.7b,2700000000,Explain what this code does,262,13
"Many common hand tools create a mechanical advantage by using the basic principles found in simple machines. For example, a screwdriver uses the principles of the wheel and axle. In order to increase gripping force, pliers use the principle demonstrated in the (Answer: B)",1.0,128,1773610306.1072636,2026-03-15T22:31:46.107265,0.7736371755599976,0.13476842641830444,mamba2-2.7b,2700000000,"Many common hand tools create a mechanical advantage by using the basic principles found in simple machines. For example, a screwdriver uses the principles of the wheel and axle. In order to increase gripping force, pliers use the principle demonstrated in the (Answer",263,13
"Their values can differ significantly, which is a common source of confusion.",1.3,128,1773610312.1312504,2026-03-15T22:31:52.131253,0.6153466701507568,0.18683665990829468,mamba2-2.7b,2700000000,,264,13
"Explain what this code does:
def function_33(x): return x * 2",1.3,2,1773610312.2247424,2026-03-15T22:31:52.224743,0.8556269407272339,0.03194490820169449,mamba2-2.7b,2700000000,Explain what this code does,265,13
"Ritualistic behavior: Unvarying pattern of daily activities, such as an unchanging menu or a dressing ritual.",1.0,128,1773610318.2693772,2026-03-15T22:31:58.269379,0.7529957294464111,0.14983589947223663,mamba2-2.7b,2700000000,Ritualistic behavior,266,13
"Because light specularly reflected from water does not usually reach the viewer, water is usually considered to have a very low albedo in spite of its high reflectivity at high angles of incident light.",1.3,128,1773610324.3096611,2026-03-15T22:32:04.309663,0.40954893827438354,0.17476852238178253,mamba2-2.7b,2700000000,,267,13
"Diagnosis Diagnosis is based on behavior, not cause or mechanism.",0.7,128,1773610330.3493013,2026-03-15T22:32:10.349303,0.7731842994689941,0.15069854259490967,mamba2-2.7b,2700000000,,268,13
"As seen by anarchists, squatting is a way to regain urban space from the capitalist market, serving pragmatical needs and also being an exemplary direct action.",0.7,128,1773610336.4109654,2026-03-15T22:32:16.410967,0.7288038730621338,0.13079139590263367,mamba2-2.7b,2700000000,,269,13
"No single repetitive or self-injurious behavior seems to be specific to autism, but autism appears to have an elevated pattern of occurrence and severity of these behaviors.",0.7,128,1773610342.4615874,2026-03-15T22:32:22.461589,0.7659479379653931,0.12384442985057831,mamba2-2.7b,2700000000,,270,13
"Explain what this code does:
def function_58(x): return x * 2",1.3,10,1773610342.9289918,2026-03-15T22:32:22.928993,0.7070299983024597,0.16944918036460876,mamba2-2.7b,2700000000,Explain what this code does,271,13
What parts of your life outside of ballet do you most look forward to cultivating now that you'll have more time on your hands?,1.3,128,1773610348.9805925,2026-03-15T22:32:28.980594,0.42791032791137695,0.17918449640274048,mamba2-2.7b,2700000000,,272,13
"The Gulf Coast, around Mobile Bay, averages between 70 and 80 days per year with thunder reported.",1.0,100,1773610353.6896636,2026-03-15T22:32:33.689665,0.7414529323577881,0.12865883111953735,mamba2-2.7b,2700000000,,273,13
"For instance, Birmingham and Jefferson County taxes had supplied one-third of the state budget, but Jefferson County received only 1/67th of state services in funding.",1.0,128,1773610359.7357054,2026-03-15T22:32:39.735707,0.7297477722167969,0.14055125415325165,mamba2-2.7b,2700000000,,274,13
"History  The earliest certain ancestor of ""A"" is aleph (also written 'aleph), the first letter of the Phoenician alphabet, which consisted entirely of consonants (for that reason, it is also called an abjad to distinguish it from a true alphabet).",0.7,128,1773610365.7907555,2026-03-15T22:32:45.790757,0.725504994392395,0.12744848430156708,mamba2-2.7b,2700000000,,275,13
"However, the link to climate change has not been explored to date and it is unclear whether or not this represents an ongoing trend.",1.0,128,1773610371.8261456,2026-03-15T22:32:51.826147,0.7554827928543091,0.14590908586978912,mamba2-2.7b,2700000000,,276,13
"Heat, light, and sound are all different forms of ___. (Answer: B)",0.7,128,1773610377.8574781,2026-03-15T22:32:57.857480,0.843956708908081,0.1418846994638443,mamba2-2.7b,2700000000,"Heat, light, and sound are all different forms of ___. (Answer",277,13
"A total of 387 schools, seven teachers' houses, and several vocational buildings were completed by 1937 in the state.",0.7,128,1773610383.9114227,2026-03-15T22:33:03.911424,0.7568677663803101,0.15105651319026947,mamba2-2.7b,2700000000,,278,13
"Former Royal Danish Ballet artistic director Frank Andersen has been a guest teacher at the school since 2002, and was awarded a professorship in 2012.",1.0,128,1773610389.9812477,2026-03-15T22:33:09.981250,0.7397194504737854,0.15455138683319092,mamba2-2.7b,2700000000,,279,13
"Anarchism calls for the abolition of the state, which it holds to be unnecessary, undesirable, and harmful.",0.7,128,1773610396.1218047,2026-03-15T22:33:16.121806,0.8024938106536865,0.15235291421413422,mamba2-2.7b,2700000000,,280,14
Anarchism and the state   Objection to the state and its institutions is a sine qua non of anarchism.,0.7,128,1773610402.180033,2026-03-15T22:33:22.180035,0.9594828486442566,0.0927729383111,mamba2-2.7b,2700000000,,281,14
1.,1.3,128,1773610408.2401385,2026-03-15T22:33:28.240140,0.5619072914123535,0.2038855403661728,mamba2-2.7b,2700000000,,282,14
"Lastly, Fiala mentions a critique towards philosophical anarchism of being ineffective (all talk and thoughts) and in the meantime capitalism and bourgeois class remains strong.",1.0,128,1773610414.295912,2026-03-15T22:33:34.295913,0.7029103636741638,0.12623633444309235,mamba2-2.7b,2700000000,,283,14
The Nutcracker's first major exposure outside of Russia took place in London in 1934.,1.3,128,1773610420.3379774,2026-03-15T22:33:40.337979,0.42055875062942505,0.17363891005516052,mamba2-2.7b,2700000000,,284,14
"Explain what this code does:
def function_12(x): return x * 2",1.0,128,1773610426.373362,2026-03-15T22:33:46.373364,0.8862322568893433,0.1002425029873848,mamba2-2.7b,2700000000,Explain what this code does,285,14
Aquaculture   Aquaculture is a large part of the economy of Alabama.,1.0,128,1773610432.4284523,2026-03-15T22:33:52.428454,0.7705709934234619,0.1486363559961319,mamba2-2.7b,2700000000,,286,14
"Explain what this code does:
def function_60(x): return x * 2",1.3,128,1773610438.4709966,2026-03-15T22:33:58.470999,0.5087283849716187,0.2346944510936737,mamba2-2.7b,2700000000,Explain what this code does,287,14
"The white male with them was identified as Charles Edward Sinard, age 39, a transient.",0.7,128,1773610444.5157979,2026-03-15T22:34:04.515799,0.8199926018714905,0.15251833200454712,mamba2-2.7b,2700000000,,288,14
Anti-capitalism Anti-fascism Economic ideologies Left-wing politics Libertarian socialism Libertarianism Political culture Political movements Political ideologies Social theories Socialism Far-left politics,1.3,128,1773610450.5577135,2026-03-15T22:34:10.557715,0.37836262583732605,0.18336398899555206,mamba2-2.7b,2700000000,,289,14
Which of these would most likely improve the air quality in large Texas cities? (Answer: A),0.7,128,1773610456.61521,2026-03-15T22:34:16.615211,0.7699323892593384,0.16216999292373657,mamba2-2.7b,2700000000,Which of these would most likely improve the air quality in large Texas cities? (Answer,290,14
Why do areas in the middle of a large continent generally have more extreme differences in temperature than areas near the coastline? (Answer: D),1.3,128,1773610462.687485,2026-03-15T22:34:22.687486,0.38718077540397644,0.13327275216579437,mamba2-2.7b,2700000000,Why do areas in the middle of a large continent generally have more extreme differences in temperature than areas near the coastline? (Answer,291,14
"Explain what this code does:
def function_55(x): return x * 2",0.7,128,1773610468.7490304,2026-03-15T22:34:28.749032,0.9080588817596436,0.09277556836605072,mamba2-2.7b,2700000000,Explain what this code does,292,14
"However, most of the Democratic sheriffs preside over rural and less populated counties.",1.3,128,1773610474.7893517,2026-03-15T22:34:34.789353,0.5609147548675537,0.18305961787700653,mamba2-2.7b,2700000000,,293,14
"It has a seating capacity of 143,000 and is the thirteenth largest stadium in the world and sixth largest stadium in America.",1.3,19,1773610475.6778796,2026-03-15T22:34:35.677881,0.6208591461181641,0.19661928713321686,mamba2-2.7b,2700000000,,294,14
"It offers degrees in performance, choreography and more.",1.3,128,1773610481.7035553,2026-03-15T22:34:41.703558,0.495141863822937,0.1939300298690796,mamba2-2.7b,2700000000,,295,14
"Explain what this code does:
def function_77(x): return x * 2",1.0,21,1773610482.6840074,2026-03-15T22:34:42.684009,0.7595176100730896,0.12612485885620117,mamba2-2.7b,2700000000,Explain what this code does,296,14
"After both of the above commands, you'll be prompted to type (and confirm) a password.",0.7,128,1773610488.7364423,2026-03-15T22:34:48.736444,0.7839131355285645,0.11297424137592316,mamba2-2.7b,2700000000,,297,14
"Census-designated and metropolitan areas  Cities  Demographics  According to the 2020 United States census the population of Alabama was 5,024,279 on April 1, 2020, which represents an increase of 244,543 or 5.12%, since the 2010 census.",1.3,128,1773610494.818281,2026-03-15T22:34:54.818283,0.4679534435272217,0.18514662981033325,mamba2-2.7b,2700000000,,298,14
"Construction of an Airbus A320 family aircraft assembly plant in Mobile was formally announced by Airbus CEO Fabrice Brégier from the Mobile Convention Center on July 2, 2012.",0.7,128,1773610500.9024389,2026-03-15T22:35:00.902441,0.8163537979125977,0.11933789402246475,mamba2-2.7b,2700000000,,299,14
"According to a pH scale, which pH would be the strongest acid? (Answer: A)",1.3,128,1773610507.0496235,2026-03-15T22:35:07.049626,0.5156992673873901,0.21375446021556854,mamba2-2.7b,2700000000,"According to a pH scale, which pH would be the strongest acid? (Answer",300,15
"A. John Simmons and Leslie Green, who leaned toward philosophical anarchism, believed that the state could be legitimate if it is governed by consensus, although they saw this as highly unlikely.",0.7,128,1773610513.0974827,2026-03-15T22:35:13.097484,0.7369004487991333,0.14881078898906708,mamba2-2.7b,2700000000,,301,15
The Bay County Sheriff’s Office announced the arrest of a local man on charges he committed sexual battery on a child.,1.3,128,1773610519.1387038,2026-03-15T22:35:19.138706,0.5423393249511719,0.23736754059791565,mamba2-2.7b,2700000000,,302,15
"Explain what this code does:
def function_89(x): return x * 2",1.3,20,1773610520.0732052,2026-03-15T22:35:20.073207,0.6797428131103516,0.12036589533090591,mamba2-2.7b,2700000000,Explain what this code does,303,15
The Etruscans brought the Greek alphabet to their civilization in the Italian Peninsula and left the letter unchanged.,0.7,128,1773610526.1414542,2026-03-15T22:35:26.141456,0.7656201124191284,0.14076143503189087,mamba2-2.7b,2700000000,,304,15
"She's standing among other students, but they all work alone, with the help of teachers calling out corrections from the front of the room.",1.3,128,1773610532.2032106,2026-03-15T22:35:32.203212,0.5804855823516846,0.2195289582014084,mamba2-2.7b,2700000000,,305,15
"Explain what this code does:
def function_47(x): return x * 2",0.7,128,1773610538.240042,2026-03-15T22:35:38.240044,0.841870903968811,0.1233476847410202,mamba2-2.7b,2700000000,Explain what this code does,306,15
Data in tables may also be presented in graphs. Which type of data would best be displayed on a circle graph? (Answer: D),0.7,128,1773610544.2768238,2026-03-15T22:35:44.276825,0.8246485590934753,0.16251438856124878,mamba2-2.7b,2700000000,Data in tables may also be presented in graphs. Which type of data would best be displayed on a circle graph? (Answer,307,15
"Steel jobs, for instance, declined from 46,314 in 1950 to 14,185 in 2011.",0.7,128,1773610550.3244233,2026-03-15T22:35:50.324425,0.7959760427474976,0.14445854723453522,mamba2-2.7b,2700000000,,308,15
"Alabama has been identified as one of the most religious states in the United States, with about 58% of the population attending church regularly.",0.7,128,1773610556.3981204,2026-03-15T22:35:56.398122,0.81681227684021,0.14009395241737366,mamba2-2.7b,2700000000,,309,15
"Since a direct connection from I-22 to I-422 will not be possible, I-222 has been proposed, as well.",1.3,128,1773610562.4738405,2026-03-15T22:36:02.473843,0.46392056345939636,0.21099764108657837,mamba2-2.7b,2700000000,,310,15
"In most instances, the transmitted pulse is circularly polarized and the received pulse is measured in the same sense of polarization as the transmitted pulse (SC) and the opposite sense (OC).",0.7,128,1773610568.5516798,2026-03-15T22:36:08.551681,0.790725827217102,0.1478496491909027,mamba2-2.7b,2700000000,,311,15
"The total effects were greater on the black community, as almost all its citizens were disfranchised and relegated to separate and unequal treatment under the law.",1.3,42,1773610570.5327551,2026-03-15T22:36:10.532757,0.6437413692474365,0.17342449724674225,mamba2-2.7b,2700000000,,312,15
"Explain what this code does:
def function_45(x): return x * 2",0.7,128,1773610576.5980635,2026-03-15T22:36:16.598065,0.8379016518592834,0.11302802711725235,mamba2-2.7b,2700000000,Explain what this code does,313,15
A ship leaks a large amount of oil near a coastal area. Which statement describes how the oil most likely will affect the coastal habitat? (Answer: B),1.0,126,1773610582.5771632,2026-03-15T22:36:22.577165,0.7225845456123352,0.1383155882358551,mamba2-2.7b,2700000000,A ship leaks a large amount of oil near a coastal area. Which statement describes how the oil most likely will affect the coastal habitat? (Answer,314,15
Variation in summer albedo across both forest types is associated with maximum rates of photosynthesis because plants with high growth capacity display a greater fraction of their foliage for direct interception of incoming radiation in the upper canopy.,0.7,128,1773610588.6380873,2026-03-15T22:36:28.638089,0.7653354406356812,0.15938565135002136,mamba2-2.7b,2700000000,,315,15
"""It's a kind of otherworldly dream,"" says Wheater.",1.0,110,1773610593.8187864,2026-03-15T22:36:33.818788,0.744408369064331,0.11581341177225113,mamba2-2.7b,2700000000,,316,15
"Explain what this code does:
def function_28(x): return x * 2",0.7,128,1773610599.8530166,2026-03-15T22:36:39.853018,0.8197730183601379,0.11814945936203003,mamba2-2.7b,2700000000,Explain what this code does,317,15
Trees most likely change the environment in which they are located by (Answer: D),0.7,104,1773610604.7521386,2026-03-15T22:36:44.752140,0.7797764539718628,0.14525438845157623,mamba2-2.7b,2700000000,Trees most likely change the environment in which they are located by (Answer,318,15
Which statement describes a harmful effect of clearing rainforests for farmland? (Answer: B),0.7,128,1773610610.7839477,2026-03-15T22:36:50.783949,0.917605996131897,0.11794744431972504,mamba2-2.7b,2700000000,Which statement describes a harmful effect of clearing rainforests for farmland? (Answer,319,15
Greater Birmingham is Alabama's largest metropolitan area and its economic center.,0.7,128,1773610616.9071393,2026-03-15T22:36:56.907141,0.8302130699157715,0.14021992683410645,mamba2-2.7b,2700000000,,320,16
"Ferrer's approach was secular, rejecting both state and church involvement in the educational process whilst giving pupils large amounts of autonomy in planning their work and attendance.",0.7,128,1773610622.9415915,2026-03-15T22:37:02.941593,0.7323662042617798,0.13598115742206573,mamba2-2.7b,2700000000,,321,16
"""Showing can be more effective than telling.",0.7,54,1773610625.4692442,2026-03-15T22:37:05.469245,0.7166140079498291,0.15604941546916962,mamba2-2.7b,2700000000,,322,16
"Explain what this code does:
def function_17(x): return x * 2",1.0,83,1773610629.3730142,2026-03-15T22:37:09.373016,0.7930734157562256,0.1473814994096756,mamba2-2.7b,2700000000,Explain what this code does,323,16
"Overall, contemporary anarchists are much less violent and militant than their ideological ancestors.",0.7,128,1773610635.4174862,2026-03-15T22:37:15.417488,0.7595043182373047,0.13720710575580597,mamba2-2.7b,2700000000,,324,16
"In the 2000s, the number of autistic people worldwide was estimated at 1–2 per 1,000 people.",1.0,128,1773610641.472923,2026-03-15T22:37:21.472925,0.7890779376029968,0.20500808954238892,mamba2-2.7b,2700000000,,325,16
"As a result, preparation is intense.",1.3,128,1773610647.5103605,2026-03-15T22:37:27.510362,0.37484362721443176,0.11593078076839447,mamba2-2.7b,2700000000,,326,16
"Anarcho-syndicalism is a branch of anarchism that views labour syndicates as a potential force for revolutionary social change, replacing capitalism and the state with a new society democratically self-managed by workers.",1.0,128,1773610653.570845,2026-03-15T22:37:33.570847,0.7461729645729065,0.14257261157035828,mamba2-2.7b,2700000000,,327,16
"Explain what this code does:
def function_94(x): return x * 2",1.3,128,1773610659.605792,2026-03-15T22:37:39.605794,0.42120006680488586,0.20651312172412872,mamba2-2.7b,2700000000,Explain what this code does,328,16
"When a mirror is placed by a fish bowl with a beta fish swimming inside, the beta fish sees what appears to be another fish. This occurs because of (Answer: C)",1.0,128,1773610665.6492455,2026-03-15T22:37:45.649247,0.713043212890625,0.14458565413951874,mamba2-2.7b,2700000000,"When a mirror is placed by a fish bowl with a beta fish swimming inside, the beta fish sees what appears to be another fish. This occurs because of (Answer",329,16
"In 2010, Republicans took large majorities of both chambers of the state legislature, giving them control of that body for the first time in 136 years.",1.0,128,1773610671.691307,2026-03-15T22:37:51.691309,0.7486212253570557,0.16491319239139557,mamba2-2.7b,2700000000,,330,16
"According to Fullington, Balanchine took this slide from Ivanov's original choreography.",1.3,128,1773610677.7301087,2026-03-15T22:37:57.730111,0.4989139139652252,0.20985521376132965,mamba2-2.7b,2700000000,,331,16
"An estimated 26 million tourists visited the state in 2017 and spent $14.3 billion, providing directly or indirectly 186,900 jobs in the state, which includes 362,000 International tourists spending $589 million.",1.3,128,1773610683.7838347,2026-03-15T22:38:03.783836,0.5274368524551392,0.1950048953294754,mamba2-2.7b,2700000000,,332,16
What do earthquakes tell scientists about the history of the planet? (Answer: B),1.0,128,1773610689.8249385,2026-03-15T22:38:09.824940,0.7106128931045532,0.15270878374576569,mamba2-2.7b,2700000000,What do earthquakes tell scientists about the history of the planet? (Answer,333,16
We've pulled together some highlights.,1.3,5,1773610690.0589864,2026-03-15T22:38:10.058988,0.7686510682106018,0.16030600666999817,mamba2-2.7b,2700000000,,334,16
Black carbon is a bigger cause of the melting of the polar ice cap in the Arctic than carbon dioxide due to its effect on the albedo.,1.0,128,1773610696.109112,2026-03-15T22:38:16.109114,0.705591082572937,0.15528751909732819,mamba2-2.7b,2700000000,,335,16
"Albedo–temperature feedback When an area's albedo changes due to snowfall, a snow–temperature feedback results.",1.0,128,1773610702.1699963,2026-03-15T22:38:22.169998,0.7918334603309631,0.13743293285369873,mamba2-2.7b,2700000000,,336,16
"Explain what this code does:
def function_70(x): return x * 2",1.0,128,1773610708.208313,2026-03-15T22:38:28.208315,0.7807459831237793,0.15578505396842957,mamba2-2.7b,2700000000,Explain what this code does,337,16
Various anarchist schools of thought formed during this period.,1.3,128,1773610714.2532005,2026-03-15T22:38:34.253202,0.4789419174194336,0.17098915576934814,mamba2-2.7b,2700000000,,338,16
All of the following contain metric units of measurement except (Answer: C),0.7,128,1773610720.290184,2026-03-15T22:38:40.290185,0.8116530179977417,0.16789306700229645,mamba2-2.7b,2700000000,All of the following contain metric units of measurement except (Answer,339,16
"Explain what this code does:
def function_16(x): return x * 2",1.0,128,1773610726.4198012,2026-03-15T22:38:46.419803,0.8482479453086853,0.1474420428276062,mamba2-2.7b,2700000000,Explain what this code does,340,17
A long tradition of Spanish anarchism led to anarchists playing a pivotal role in the war.,1.0,128,1773610732.4506557,2026-03-15T22:38:52.450657,0.753191351890564,0.1698245257139206,mamba2-2.7b,2700000000,,341,17
"Other aspects, such as atypical eating, are also common but are not essential for diagnosis.",0.7,33,1773610733.9913242,2026-03-15T22:38:53.991325,0.718662440776825,0.1472063511610031,mamba2-2.7b,2700000000,,342,17
Urban interests were consistently underrepresented in the legislature.,1.0,93,1773610738.3621395,2026-03-15T22:38:58.362141,0.7417005300521851,0.16055834293365479,mamba2-2.7b,2700000000,,343,17
"Explain what this code does:
def function_1(x): return x * 2",1.3,128,1773610744.3981342,2026-03-15T22:39:04.398136,0.39354297518730164,0.16067856550216675,mamba2-2.7b,2700000000,Explain what this code does,344,17
"Individual symptoms of autism occur in the general population and appear not to associate highly, without a sharp line separating pathologically severe from common traits.",1.3,128,1773610750.430403,2026-03-15T22:39:10.430404,0.41604915261268616,0.17495031654834747,mamba2-2.7b,2700000000,,345,17
BDA alumni in American companies include San Francisco Ballet soloists Wei Wang and Wanting Zhao and ABT corps members Zhiyao Zhang and Xuelan Lu.,1.3,128,1773610756.464225,2026-03-15T22:39:16.464227,0.47727537155151367,0.19748084247112274,mamba2-2.7b,2700000000,,346,17
"Interest in the anarchist movement developed alongside momentum in the anti-globalisation movement, whose leading activist networks were anarchist in orientation.",1.0,128,1773610762.5032918,2026-03-15T22:39:22.503293,0.7330387234687805,0.14328086376190186,mamba2-2.7b,2700000000,,347,17
"JVC America, Inc. operates an optical disc replication and packaging plant in Tuscaloosa.",1.3,128,1773610768.5386243,2026-03-15T22:39:28.538626,0.5814021825790405,0.2242974042892456,mamba2-2.7b,2700000000,,348,17
The former sought to create a coherent group that would push for revolution while the latter were against anything that would resemble a political party.,0.7,128,1773610774.579897,2026-03-15T22:39:34.579899,0.764616847038269,0.16741272807121277,mamba2-2.7b,2700000000,,349,17
"Williams, Benjamin Buford.",1.3,128,1773610780.6248314,2026-03-15T22:39:40.624833,0.41122376918792725,0.18710406124591827,mamba2-2.7b,2700000000,,350,17
A signal from the brain to a muscle in the arm is transmitted by which structures? (Answer: C),1.0,57,1773610783.3079195,2026-03-15T22:39:43.307921,0.7124950885772705,0.10501910001039505,mamba2-2.7b,2700000000,A signal from the brain to a muscle in the arm is transmitted by which structures? (Answer,351,17
"Explain what this code does:
def function_30(x): return x * 2",1.0,128,1773610789.3525236,2026-03-15T22:39:49.352525,0.9160999059677124,0.11087129265069962,mamba2-2.7b,2700000000,Explain what this code does,352,17
"The rural bias of the state legislature, which had also failed to redistrict seats in the state house, affected politics well into the 20th century, failing to recognize the rise of industrial cities and urbanized areas.",1.0,128,1773610795.4056196,2026-03-15T22:39:55.405621,0.7208641171455383,0.15510152280330658,mamba2-2.7b,2700000000,,353,17
"Behavioral, psychological, education, and/or skill-building interventions may be used to assist autistic people to learn life skills necessary for living independently, as well as other social, communication, and language skills.",1.3,128,1773610801.4570546,2026-03-15T22:40:01.457056,0.6179973483085632,0.17091357707977295,mamba2-2.7b,2700000000,,354,17
"Explain what this code does:
def function_41(x): return x * 2",1.3,128,1773610807.4914577,2026-03-15T22:40:07.491459,0.4805803894996643,0.2357793003320694,mamba2-2.7b,2700000000,Explain what this code does,355,17
The Etruscans brought the Greek alphabet to their civilization in the Italian Peninsula and left the letter unchanged.,1.3,128,1773610813.5328114,2026-03-15T22:40:13.532813,0.43256518244743347,0.20752324163913727,mamba2-2.7b,2700000000,,356,17
The dismemberment of the French socialist movement into many groups and the execution and exile of many Communards to penal colonies following the suppression of the Paris Commune favoured individualist political expression and acts.,1.0,128,1773610819.5814478,2026-03-15T22:40:19.581450,0.6945663690567017,0.16119714081287384,mamba2-2.7b,2700000000,,357,17
"Explain what this code does:
def function_62(x): return x * 2",0.7,128,1773610825.6143181,2026-03-15T22:40:25.614320,0.8159096837043762,0.10708727687597275,mamba2-2.7b,2700000000,Explain what this code does,358,17
"Explain what this code does:
def function_94(x): return x * 2",0.7,128,1773610831.673387,2026-03-15T22:40:31.673389,0.9355232119560242,0.10926846414804459,mamba2-2.7b,2700000000,Explain what this code does,359,17
"Explain what this code does:
def function_65(x): return x * 2",1.0,128,1773610837.8025093,2026-03-15T22:40:37.802511,0.8567337989807129,0.13500352203845978,mamba2-2.7b,2700000000,Explain what this code does,360,18
"Explain what this code does:
def function_16(x): return x * 2",0.7,128,1773610843.8208213,2026-03-15T22:40:43.820823,0.8643331527709961,0.1098550483584404,mamba2-2.7b,2700000000,Explain what this code does,361,18
"A scientist put several different plants in a sealed container. Every hour, she checked the oxygen in the container to see if it changed. How did the oxygen in the container most likely change? (Answer: A)",0.7,101,1773610848.5861273,2026-03-15T22:40:48.586129,0.8599826693534851,0.16502594947814941,mamba2-2.7b,2700000000,"A scientist put several different plants in a sealed container. Every hour, she checked the oxygen in the container to see if it changed. How did the oxygen in the container most likely change? (Answer",362,18
Two common optical albedos that are used in astronomy are the (V-band) geometric albedo (measuring brightness when illumination comes from directly behind the observer) and the Bond albedo (measuring total proportion of electromagnetic energy reflected).,1.3,128,1773610854.6232235,2026-03-15T22:40:54.623225,0.4527609050273895,0.212590754032135,mamba2-2.7b,2700000000,,363,18
"During the first round, the final screen was blank.",1.0,128,1773610860.6542046,2026-03-15T22:41:00.654207,0.7207151651382446,0.15373283624649048,mamba2-2.7b,2700000000,,364,18
"SEE: Virtual and augmented reality policy (Tech Pro Research) The XR1 features an ARM-based multi-core CPU, a vector processor, a GPU, and a dedicated AI engine for on-board processing.",1.0,128,1773610866.6910295,2026-03-15T22:41:06.691032,0.7380013465881348,0.15206663310527802,mamba2-2.7b,2700000000,SEE,365,18
"Due to measurement constraints, it is often given for the spectrum in which most solar energy reaches the surface (between 0.3 and 3 μm).",0.7,128,1773610872.7380311,2026-03-15T22:41:12.738033,0.7696405649185181,0.1318313628435135,mamba2-2.7b,2700000000,,366,18
"Fortunately, I was sent two devices, so I unplugged the first (a GS-16) and plugged in the second (a GS-64).",1.0,128,1773610878.7796152,2026-03-15T22:41:18.779617,0.7429121136665344,0.1381153166294098,mamba2-2.7b,2700000000,,367,18
"It is not known whether treatment programs for children lead to significant improvements after the children grow up, and the limited research on the effectiveness of adult residential programs shows mixed results.",0.7,128,1773610884.8209052,2026-03-15T22:41:24.820907,0.7911769151687622,0.12306811660528183,mamba2-2.7b,2700000000,,368,18
"During the second half of the 20th century, anarchism intermingled with the second wave of feminism, radicalising some currents of the feminist movement and being influenced as well.",0.7,128,1773610890.855901,2026-03-15T22:41:30.855903,0.7439150810241699,0.1665858030319214,mamba2-2.7b,2700000000,,369,18
"A 2016 survey in the United States reported a rate of 25 per 1,000 children for ASD.",0.7,128,1773610896.89643,2026-03-15T22:41:36.896432,0.8306074738502502,0.13467592000961304,mamba2-2.7b,2700000000,,370,18
Cotton and other cash crops faded in importance as the state developed a manufacturing and service base.,0.7,128,1773610902.9364972,2026-03-15T22:41:42.936499,0.7720614075660706,0.15118174254894257,mamba2-2.7b,2700000000,,371,18
"Those free love movements contributed to the establishment of communal houses, where large groups of travelers, anarchists and other activists slept in beds together.",0.7,128,1773610909.0058527,2026-03-15T22:41:49.005858,0.7222390174865723,0.1679992824792862,mamba2-2.7b,2700000000,,372,18
"In 2009, Bryant–Denny Stadium and Jordan-Hare Stadium became the homes of the Alabama High School Athletic Association state football championship games, after previously being held at Legion Field in Birmingham.",1.3,128,1773610915.0850885,2026-03-15T22:41:55.085090,0.4968934953212738,0.20651736855506897,mamba2-2.7b,2700000000,,373,18
"In music, anarchism has been associated with music scenes such as punk.",1.3,128,1773610921.1496534,2026-03-15T22:42:01.149655,0.379597544670105,0.12830759584903717,mamba2-2.7b,2700000000,,374,18
"In 2002, Christian Koeberl with the Institute of Geochemistry University of Vienna published evidence and established the site as the 157th recognized impact crater on Earth.",1.0,128,1773610927.2240012,2026-03-15T22:42:07.224003,0.6952570080757141,0.14191660284996033,mamba2-2.7b,2700000000,,375,18
"JVC America, Inc. operates an optical disc replication and packaging plant in Tuscaloosa.",0.7,128,1773610933.286602,2026-03-15T22:42:13.286603,0.7800068855285645,0.15052136778831482,mamba2-2.7b,2700000000,,376,18
"Of those who indicated a religious preference, 59% said they possessed a ""full understanding"" of their faith and needed no further learning.",1.3,128,1773610939.3298438,2026-03-15T22:42:19.329846,0.5147190093994141,0.21484600007534027,mamba2-2.7b,2700000000,,377,18
"I've noticed it the most during dress rehearsals, particularly for Balanchine ballets.",1.3,128,1773610945.370148,2026-03-15T22:42:25.370149,0.5360853672027588,0.22951075434684753,mamba2-2.7b,2700000000,,378,18
1.,0.7,128,1773610951.4195807,2026-03-15T22:42:31.419582,0.8560889959335327,0.11885175108909607,mamba2-2.7b,2700000000,,379,18
"As it appeals to both emotion and reason, art could appeal to the whole human and have a powerful effect.",1.3,128,1773610957.5525975,2026-03-15T22:42:37.552599,0.5517510175704956,0.1995253562927246,mamba2-2.7b,2700000000,,380,19
"During the first round, the final screen was blank.",1.3,128,1773610963.6043239,2026-03-15T22:42:43.604325,0.41064950823783875,0.1904580444097519,mamba2-2.7b,2700000000,,381,19
Courtesy Peter Koppers.,1.0,128,1773610969.6634262,2026-03-15T22:42:49.663428,0.7400231957435608,0.15010100603103638,mamba2-2.7b,2700000000,,382,19
History  Pre-European settlement  Indigenous peoples of varying cultures lived in the area for thousands of years before the advent of European colonization.,0.7,128,1773610975.7141423,2026-03-15T22:42:55.714144,0.7649834156036377,0.13582743704319,mamba2-2.7b,2700000000,,383,19
"Explain what this code does:
def function_94(x): return x * 2",1.0,128,1773610981.758344,2026-03-15T22:43:01.758346,0.7982993125915527,0.1285826861858368,mamba2-2.7b,2700000000,Explain what this code does,384,19
History  Pre-European settlement  Indigenous peoples of varying cultures lived in the area for thousands of years before the advent of European colonization.,1.0,128,1773610987.8148563,2026-03-15T22:43:07.814858,0.7429240942001343,0.13829882442951202,mamba2-2.7b,2700000000,,385,19
Many autistic individuals have been successful in their fields.,1.0,128,1773610993.8574612,2026-03-15T22:43:13.857463,0.6707565188407898,0.18965597450733185,mamba2-2.7b,2700000000,,386,19
Why are alternative fuels being used in some automobiles? (Answer: B),1.0,128,1773610999.8919816,2026-03-15T22:43:19.891983,0.7462551593780518,0.15160727500915527,mamba2-2.7b,2700000000,Why are alternative fuels being used in some automobiles? (Answer,387,19
They held on to old representation to maintain political and economic power in agricultural areas.,1.0,128,1773611005.9236033,2026-03-15T22:43:25.923604,0.7328976392745972,0.1468830406665802,mamba2-2.7b,2700000000,,388,19
"Local elections Many local offices (county commissioners, boards of education, tax assessors, tax collectors, etc.)",1.3,128,1773611011.9750915,2026-03-15T22:43:31.975093,0.5375136733055115,0.2027294635772705,mamba2-2.7b,2700000000,,389,19
"Laura adds 50 mL of boiling water to 100 mL of ice water. If the 150 mL of water is then put into a freezer, at what temperature will the water freeze? (Answer: A)",1.3,1,1773611012.0237134,2026-03-15T22:43:32.023715,0.6638085246086121,,mamba2-2.7b,2700000000,"Laura adds 50 mL of boiling water to 100 mL of ice water. If the 150 mL of water is then put into a freezer, at what temperature will the water freeze? (Answer",390,19
"Explain what this code does:
def function_39(x): return x * 2",0.7,128,1773611018.074852,2026-03-15T22:43:38.074854,0.8358405828475952,0.11110934615135193,mamba2-2.7b,2700000000,Explain what this code does,391,19
"Explain what this code does:
def function_26(x): return x * 2",1.0,128,1773611024.1101449,2026-03-15T22:43:44.110146,0.793250322341919,0.13143117725849152,mamba2-2.7b,2700000000,Explain what this code does,392,19
Rural workers poured into the largest cities in the state for better jobs and a higher standard of living.,1.3,128,1773611030.1468136,2026-03-15T22:43:50.146815,0.3610268831253052,0.15579105913639069,mamba2-2.7b,2700000000,,393,19
"Artists of the Ballet in rehearsal for ""Frame by Frame.""",1.0,128,1773611036.182643,2026-03-15T22:43:56.182645,0.7343770861625671,0.1472313106060028,mamba2-2.7b,2700000000,,394,19
"SEE: Virtual and augmented reality policy (Tech Pro Research) The XR1 features an ARM-based multi-core CPU, a vector processor, a GPU, and a dedicated AI engine for on-board processing.",0.7,128,1773611042.240718,2026-03-15T22:44:02.240719,0.7707083225250244,0.15966294705867767,mamba2-2.7b,2700000000,SEE,395,19
"According to Fullington, Balanchine took this slide from Ivanov's original choreography.",0.7,128,1773611048.2781527,2026-03-15T22:44:08.278154,0.8629304766654968,0.16506427526474,mamba2-2.7b,2700000000,,396,19
"Explain what this code does:
def function_90(x): return x * 2",0.7,128,1773611054.3159742,2026-03-15T22:44:14.315976,0.9097990989685059,0.10645097494125366,mamba2-2.7b,2700000000,Explain what this code does,397,19
"Assassination attempts were carried out against heads of state, some of which were successful.",0.7,128,1773611060.3520496,2026-03-15T22:44:20.352052,0.8387295603752136,0.13906319439411163,mamba2-2.7b,2700000000,,398,19
Balanchine included Shiryaev's original choreography in his Nutcracker.,1.0,88,1773611064.499453,2026-03-15T22:44:24.499455,0.6976386904716492,0.15968818962574005,mamba2-2.7b,2700000000,,399,19
"In 2002, Christian Koeberl with the Institute of Geochemistry University of Vienna published evidence and established the site as the 157th recognized impact crater on Earth.",0.7,128,1773611070.6305358,2026-03-15T22:44:30.630537,0.7802422046661377,0.15390683710575104,mamba2-2.7b,2700000000,,400,20
"Following the Vaganova method, classes are strict and focus on precise positions and placement.",0.7,128,1773611076.665584,2026-03-15T22:44:36.665586,0.7315718531608582,0.1496068835258484,mamba2-2.7b,2700000000,,401,20
"Photo by Paul Kolnik, Courtesy NYCB.",1.3,128,1773611082.6998727,2026-03-15T22:44:42.699875,0.3816998600959778,0.11588923633098602,mamba2-2.7b,2700000000,,402,20
The northern part—along the Tennessee River Valley—is most vulnerable.,1.3,128,1773611088.723527,2026-03-15T22:44:48.723529,0.4182366728782654,0.19813795387744904,mamba2-2.7b,2700000000,,403,20
"Explain what this code does:
def function_14(x): return x * 2",1.3,128,1773611094.7585487,2026-03-15T22:44:54.758550,0.3363442122936249,0.18429167568683624,mamba2-2.7b,2700000000,Explain what this code does,404,20
"Unusual eating behavior occurs in about three-quarters of children with ASD, to the extent that it was formerly a diagnostic indicator.",1.0,128,1773611100.7984517,2026-03-15T22:45:00.798453,0.7218978404998779,0.146378293633461,mamba2-2.7b,2700000000,,405,20
History  Pre-European settlement  Indigenous peoples of varying cultures lived in the area for thousands of years before the advent of European colonization.,1.3,128,1773611106.8332424,2026-03-15T22:45:06.833244,0.4892110824584961,0.22402876615524292,mamba2-2.7b,2700000000,,406,20
"It's not a story ballet per say, but there is a story from beginning to end.",1.3,128,1773611112.8672621,2026-03-15T22:45:12.867264,0.4352005124092102,0.17996734380722046,mamba2-2.7b,2700000000,,407,20
"Autistic people may be severely impaired in some respects but average, or even superior, in others.",1.3,128,1773611118.8979468,2026-03-15T22:45:18.897948,0.5989338755607605,0.18728558719158173,mamba2-2.7b,2700000000,,408,20
The Nutcracker's first major exposure outside of Russia took place in London in 1934.,0.7,128,1773611124.9311445,2026-03-15T22:45:24.931146,0.8003208041191101,0.1524280309677124,mamba2-2.7b,2700000000,,409,20
"Joint attention seems to be necessary for functional speech, and deficits in joint attention seem to distinguish infants with ASD.",1.0,128,1773611130.9829264,2026-03-15T22:45:30.982928,0.7819174528121948,0.13332334160804749,mamba2-2.7b,2700000000,,410,20
Which of the following areas is most likely to form metamorphic rocks such as gneiss and schist? (Answer: C),1.0,128,1773611137.0225017,2026-03-15T22:45:37.022503,0.7547513842582703,0.13689979910850525,mamba2-2.7b,2700000000,Which of the following areas is most likely to form metamorphic rocks such as gneiss and schist? (Answer,411,20
"New engine technology has helped cars get more mileage per gallon of gas. Since gasoline comes from oil, this technology will affect the world supply of oil by (Answer: D)",0.7,128,1773611143.065257,2026-03-15T22:45:43.065259,0.7632599472999573,0.14523988962173462,mamba2-2.7b,2700000000,"New engine technology has helped cars get more mileage per gallon of gas. Since gasoline comes from oil, this technology will affect the world supply of oil by (Answer",412,20
"Students studying membranes conducted an experiment using labeled paper cups filled with varying concentrations of red food coloring. After the experiment, the cups were empty and stained. What should be done with used cups? (Answer: C)",0.7,1,1773611143.1132724,2026-03-15T22:45:43.113273,0.7669839859008789,,mamba2-2.7b,2700000000,"Students studying membranes conducted an experiment using labeled paper cups filled with varying concentrations of red food coloring. After the experiment, the cups were empty and stained. What should be done with used cups? (Answer",413,20
"That being the case, what do you do?",1.3,34,1773611144.7052026,2026-03-15T22:45:44.705204,0.6877874732017517,0.1353035867214203,mamba2-2.7b,2700000000,,414,20
"""I'd say compliance right now is only at about 35% or 40% at the most,"" he said.",1.3,128,1773611150.743853,2026-03-15T22:45:50.743854,0.44459405541419983,0.2006647288799286,mamba2-2.7b,2700000000,,415,20
"While employers state hiring concerns about productivity and supervision, experienced employers of autistic people give positive reports of above average memory and detail orientation as well as a high regard for rules and procedure in autistic employees.",1.0,128,1773611156.7914476,2026-03-15T22:45:56.791449,0.7247069478034973,0.16345655918121338,mamba2-2.7b,2700000000,,416,20
"Not only did they confront state armed forces, as in Spain and Ukraine, but some of them also employed terrorism as propaganda of the deed.",0.7,128,1773611162.8321943,2026-03-15T22:46:02.832196,0.7770159244537354,0.1515098363161087,mamba2-2.7b,2700000000,,417,20
"A ""widow's peak"" hairline in humans is coded by the dominant allele W. A straight hairline is coded by the recessive allele w. A man with a homozygous dominant WW produces a zygote with a woman with a heterozygous dominant Ww for the trait. Which allele combinations could occur in the zygote? (Answer: B)",1.0,1,1773611162.8803856,2026-03-15T22:46:02.880386,0.7509248852729797,,mamba2-2.7b,2700000000,"A ""widow's peak"" hairline in humans is coded by the dominant allele W. A straight hairline is coded by the recessive allele w. A man with a homozygous dominant WW produces a zygote with a woman with a heterozygous dominant Ww for the trait. Which allele combinations could occur in the zygote? (Answer",418,20
"By the 9th century, the Caroline script, which was very similar to the present-day form, was the principal form used in book-making, before the advent of the printing press.",0.7,89,1773611167.0860353,2026-03-15T22:46:07.086037,0.925301730632782,0.14579172432422638,mamba2-2.7b,2700000000,,419,20
The Ceremonial Complex represents a major component of the religion of the Mississippian peoples; it is one of the primary means by which their religion is understood.,0.7,128,1773611173.226878,2026-03-15T22:46:13.226880,0.7502432465553284,0.1566302478313446,mamba2-2.7b,2700000000,,420,21
"Explain what this code does:
def function_47(x): return x * 2",1.3,128,1773611179.2497115,2026-03-15T22:46:19.249713,0.4761565029621124,0.22071638703346252,mamba2-2.7b,2700000000,Explain what this code does,421,21
"It had not redistricted congressional districts since passage of its constitution in 1901; as a result, urbanized areas were grossly underrepresented.",0.7,128,1773611185.2683108,2026-03-15T22:46:25.268312,0.7910770177841187,0.12959055602550507,mamba2-2.7b,2700000000,,422,21
"Cahaba, now a ghost town, was the first permanent state capital from 1820 to 1825.",1.0,82,1773611189.1206985,2026-03-15T22:46:29.120700,0.7976152300834656,0.13453368842601776,mamba2-2.7b,2700000000,,423,21
Which of these is an example of liquid water? (Answer: C),1.3,128,1773611195.1337194,2026-03-15T22:46:35.133721,0.5435361266136169,0.21351100504398346,mamba2-2.7b,2700000000,Which of these is an example of liquid water? (Answer,424,21
"Installation The installation isn't terribly challenging, but does require a bit of typing.",0.7,128,1773611201.1696343,2026-03-15T22:46:41.169636,0.7689195871353149,0.12272021919488907,mamba2-2.7b,2700000000,,425,21
"For instance, Birmingham and Jefferson County taxes had supplied one-third of the state budget, but Jefferson County received only 1/67th of state services in funding.",0.7,128,1773611207.206667,2026-03-15T22:46:47.206669,0.7536174058914185,0.13521116971969604,mamba2-2.7b,2700000000,,426,21
"According to a pH scale, which pH would be the strongest acid? (Answer: A)",0.7,128,1773611213.2437608,2026-03-15T22:46:53.243762,0.9025344848632812,0.12205666303634644,mamba2-2.7b,2700000000,"According to a pH scale, which pH would be the strongest acid? (Answer",427,21
The remaining portion of the ThyssenKrupp plant had final bids submitted by ArcelorMittal and Nippon Steel for $1.6billion in March 2013.,1.0,128,1773611219.2923756,2026-03-15T22:46:59.292377,0.7440288066864014,0.17997044324874878,mamba2-2.7b,2700000000,,428,21
"Explain what this code does:
def function_96(x): return x * 2",1.3,128,1773611225.3309212,2026-03-15T22:47:05.330923,0.4293569326400757,0.1269056499004364,mamba2-2.7b,2700000000,Explain what this code does,429,21
"The state ranges in elevation from sea level at Mobile Bay to more than  in the northeast, to Mount Cheaha at .",1.0,122,1773611231.0979605,2026-03-15T22:47:11.097962,0.8605497479438782,0.1296333372592926,mamba2-2.7b,2700000000,,430,21
There's a surprising twist to Regina Willoughby's last season with Columbia City Ballet: It's also her 18-year-old daughter Melina's first season with the company.,1.3,128,1773611237.1469238,2026-03-15T22:47:17.146926,0.7394565343856812,0.16217537224292755,mamba2-2.7b,2700000000,There's a surprising twist to Regina Willoughby's last season with Columbia City Ballet,431,21
"Ports The Port of Mobile, Alabama's only saltwater port, is a large seaport on the Gulf of Mexico with inland waterway access to the Midwest by way of the Tennessee–Tombigbee Waterway.",0.7,128,1773611243.2102993,2026-03-15T22:47:23.210301,0.8158496618270874,0.12629686295986176,mamba2-2.7b,2700000000,,432,21
"I wanted to be someone that the young dancers could look up to; I wanted to reach out and connect to them more, and to offer support and advice.",1.3,128,1773611249.282313,2026-03-15T22:47:29.282315,0.5300069451332092,0.2024046927690506,mamba2-2.7b,2700000000,,433,21
"In Latin America, Argentina was a stronghold for anarcho-syndicalism, where it became the most prominent left-wing ideology.",1.3,128,1773611255.3558047,2026-03-15T22:47:35.355807,0.5865734219551086,0.1663213074207306,mamba2-2.7b,2700000000,,434,21
"Its oldest city is Mobile, founded by French colonists in 1702 as the capital of French Louisiana.",0.7,128,1773611261.4043128,2026-03-15T22:47:41.404314,0.8209360837936401,0.14527931809425354,mamba2-2.7b,2700000000,,435,21
Many thought that the story was too light compared to historically based stories.,1.3,128,1773611267.4577732,2026-03-15T22:47:47.457775,0.4610956907272339,0.17455166578292847,mamba2-2.7b,2700000000,,436,21
and possibly Alabahmu.,0.7,128,1773611273.510174,2026-03-15T22:47:53.510175,0.7259417772293091,0.16530515253543854,mamba2-2.7b,2700000000,,437,21
"They were followed by the major currents of social anarchism (collectivist, communist and syndicalist).",0.7,128,1773611279.5563972,2026-03-15T22:47:59.556400,0.7631680965423584,0.14074145257472992,mamba2-2.7b,2700000000,,438,21
"I won't have to worry about that so much now, and I can spend my day off roaming around and being inspired.",1.0,3,1773611279.6973646,2026-03-15T22:47:59.697365,0.811714768409729,0.15729299187660217,mamba2-2.7b,2700000000,,439,21
Native American groups within the state had increasingly been demanding recognition as ethnic groups and seeking an end to discrimination.,1.0,128,1773611285.822498,2026-03-15T22:48:05.822500,0.7380386590957642,0.15902079641819,mamba2-2.7b,2700000000,,440,22
A Typical Day Students begin their days with an early 8 am technique class.,1.0,128,1773611291.8570924,2026-03-15T22:48:11.857094,0.7720433473587036,0.18811053037643433,mamba2-2.7b,2700000000,,441,22
"One was located at a business on East Avenue and contact was made with Clarence Suggs, age 27, and Reginald Hughes, age 26.",0.7,128,1773611297.8721323,2026-03-15T22:48:17.872134,0.8570212125778198,0.13110727071762085,mamba2-2.7b,2700000000,,442,22
"During and after World War II, Alabama grew as the state's economy diversified with new industries.",1.3,128,1773611303.890025,2026-03-15T22:48:23.890027,0.34352579712867737,0.15446433424949646,mamba2-2.7b,2700000000,,443,22
"Peirce, Neal R. The Deep South States of America: People, Politics, and Power in the Seven Deep South States (1974).",1.3,128,1773611309.9361823,2026-03-15T22:48:29.936184,0.458091139793396,0.1700446754693985,mamba2-2.7b,2700000000,"Peirce, Neal R. The Deep South States of America",444,22
"Explain what this code does:
def function_20(x): return x * 2",1.0,128,1773611315.9698057,2026-03-15T22:48:35.969807,0.8223741054534912,0.1262340396642685,mamba2-2.7b,2700000000,Explain what this code does,445,22
"Explain what this code does:
def function_13(x): return x * 2",1.0,128,1773611322.0081766,2026-03-15T22:48:42.008178,0.8286892771720886,0.09921039640903473,mamba2-2.7b,2700000000,Explain what this code does,446,22
BDRF can facilitate translations of observations of reflectance into albedo.,1.0,128,1773611328.0491247,2026-03-15T22:48:48.049126,0.734356164932251,0.14132347702980042,mamba2-2.7b,2700000000,,447,22
"A differential diagnosis for ASD at this stage might also consider intellectual disability, hearing impairment, and a specific language impairment such as Landau–Kleffner syndrome.",1.0,128,1773611334.1138422,2026-03-15T22:48:54.113844,0.7711232304573059,0.16177915036678314,mamba2-2.7b,2700000000,,448,22
"Also Robbins' Dances at a Gathering... there are so many, it's hard to choose!",0.7,128,1773611340.1546333,2026-03-15T22:49:00.154635,0.7104848027229309,0.14570915699005127,mamba2-2.7b,2700000000,,449,22
"Offered in two different styles and either 2.5"" or 3"" heels, top industry professionals are loving how versatile and supportive these shoes are!",1.3,60,1773611342.982083,2026-03-15T22:49:02.982084,0.6288617253303528,0.16270868480205536,mamba2-2.7b,2700000000,,450,22
The term albedo was introduced into optics by Johann Heinrich Lambert in his 1760 work Photometria.,1.3,128,1773611349.0275955,2026-03-15T22:49:09.027597,0.5748172402381897,0.18999938666820526,mamba2-2.7b,2700000000,,451,22
"within anarcho-primitivism), and the democratic process may be sharply criticised within some anarchist tendencies and simultaneously lauded in others.",1.0,128,1773611355.0649989,2026-03-15T22:49:15.065000,0.6840941309928894,0.15449903905391693,mamba2-2.7b,2700000000,,452,22
"Typically, autism cannot be traced to a Mendelian (single-gene) mutation or to a single chromosome abnormality, and none of the genetic syndromes associated with ASDs have been shown to selectively cause ASD.",0.7,128,1773611361.104168,2026-03-15T22:49:21.104169,0.8273564577102661,0.13110074400901794,mamba2-2.7b,2700000000,,453,22
"Typically, autism cannot be traced to a Mendelian (single-gene) mutation or to a single chromosome abnormality, and none of the genetic syndromes associated with ASDs have been shown to selectively cause ASD.",1.3,128,1773611367.1582806,2026-03-15T22:49:27.158282,0.43186327815055847,0.16896042227745056,mamba2-2.7b,2700000000,,454,22
"Tokyo was a hotspot for rebellious youth from countries of the far east, travelling to the Japanese capital to study.",0.7,128,1773611373.205272,2026-03-15T22:49:33.205274,0.7811011075973511,0.16937536001205444,mamba2-2.7b,2700000000,,455,22
"Individual symptoms of autism occur in the general population and appear not to associate highly, without a sharp line separating pathologically severe from common traits.",1.0,128,1773611379.2564938,2026-03-15T22:49:39.256495,0.7492167949676514,0.13731421530246735,mamba2-2.7b,2700000000,,456,22
"As part of an experiment, an astronaut takes a scale to the Moon and weighs himself. The scale reads 31 pounds. If the astronaut has a mass of about 84 kilograms, which are the approximate weight and mass of the astronaut when standing on the Earth? (Answer: D)",1.3,128,1773611385.311979,2026-03-15T22:49:45.311981,0.6288591027259827,0.17772550880908966,mamba2-2.7b,2700000000,"As part of an experiment, an astronaut takes a scale to the Moon and weighs himself. The scale reads 31 pounds. If the astronaut has a mass of about 84 kilograms, which are the approximate weight and mass of the astronaut when standing on the Earth? (Answer",457,22
"Explain what this code does:
def function_7(x): return x * 2",1.0,128,1773611391.368057,2026-03-15T22:49:51.368059,0.771156370639801,0.11933308094739914,mamba2-2.7b,2700000000,Explain what this code does,458,22
"Whiteside, on the other hand, imitates a unicorn, talks about preparing for roles and creates a new middle name for Boylston.",1.0,128,1773611397.432465,2026-03-15T22:49:57.432467,0.6828092932701111,0.14438025653362274,mamba2-2.7b,2700000000,,459,22
"Tokyo was a hotspot for rebellious youth from countries of the far east, travelling to the Japanese capital to study.",1.0,128,1773611403.578318,2026-03-15T22:50:03.578320,0.6534668207168579,0.1479901224374771,mamba2-2.7b,2700000000,,460,23
"Once again, the final screen links wouldn't work.",0.7,128,1773611409.6058977,2026-03-15T22:50:09.605899,0.7716069221496582,0.14455707371234894,mamba2-2.7b,2700000000,,461,23
"Heat, light, and sound are all different forms of ___. (Answer: B)",1.3,128,1773611415.6587744,2026-03-15T22:50:15.658776,0.39904552698135376,0.14054925739765167,mamba2-2.7b,2700000000,"Heat, light, and sound are all different forms of ___. (Answer",462,23
"Jewish denominations in the state include two Orthodox, four Conservative, ten Reform, and one Humanistic synagogue.",1.3,128,1773611421.7201624,2026-03-15T22:50:21.720164,0.5332217812538147,0.23516033589839935,mamba2-2.7b,2700000000,,463,23
"Explain what this code does:
def function_9(x): return x * 2",0.7,128,1773611427.7753084,2026-03-15T22:50:27.775310,0.7973222732543945,0.12154244631528854,mamba2-2.7b,2700000000,Explain what this code does,464,23
"The area of Alabama and Mississippi most affected by tornadoes is sometimes referred to as Dixie Alley, as distinct from the Tornado Alley of the Southern Plains.",1.0,128,1773611433.8187075,2026-03-15T22:50:33.818709,0.6757224798202515,0.154753640294075,mamba2-2.7b,2700000000,,465,23
Many autistic individuals have been successful in their fields.,1.3,128,1773611439.8453915,2026-03-15T22:50:39.845393,0.47809898853302,0.2480553388595581,mamba2-2.7b,2700000000,,466,23
"Anarchism's emphasis on anti-capitalism, egalitarianism, and for the extension of community and individuality sets it apart from anarcho-capitalism and other types of economic libertarianism.",0.7,128,1773611445.8771138,2026-03-15T22:50:45.877115,0.7709435224533081,0.14093023538589478,mamba2-2.7b,2700000000,,467,23
"Alabama's 67 county sheriffs are elected in partisan, at-large races, and Democrats still retain the narrow majority of those posts.",1.3,128,1773611451.9312377,2026-03-15T22:50:51.931240,0.5543195605278015,0.21178044378757477,mamba2-2.7b,2700000000,,468,23
One example of this massive influx of workers occurred in Mobile.,1.3,128,1773611457.962023,2026-03-15T22:50:57.962025,0.4973071813583374,0.18979154527187347,mamba2-2.7b,2700000000,,469,23
"Explain what this code does:
def function_90(x): return x * 2",1.3,128,1773611463.993887,2026-03-15T22:51:03.993889,0.5294175148010254,0.2124183177947998,mamba2-2.7b,2700000000,Explain what this code does,470,23
"In Greek handwriting, it was common to join the left leg and horizontal stroke into a single loop, as demonstrated by the uncial version shown.",1.3,128,1773611470.026032,2026-03-15T22:51:10.026034,0.4114801287651062,0.1627645641565323,mamba2-2.7b,2700000000,,471,23
"Explain what this code does:
def function_98(x): return x * 2",0.7,128,1773611476.0740535,2026-03-15T22:51:16.074055,0.8235352635383606,0.11490404605865479,mamba2-2.7b,2700000000,Explain what this code does,472,23
South Alabama reports many thunderstorms.,1.3,128,1773611482.1314332,2026-03-15T22:51:22.131435,0.45749998092651367,0.17940935492515564,mamba2-2.7b,2700000000,,473,23
"NASA's Marshall Space Flight Center in Huntsville would help Alabama's economic growth in the mid-to-late 20th century, by developing an aerospace industry.",0.7,128,1773611488.1769812,2026-03-15T22:51:28.176983,0.7786881923675537,0.12615501880645752,mamba2-2.7b,2700000000,,474,23
"This entails that liberty and equality cannot be implemented within the state, resulting in the questioning of all forms of domination and hierarchy.",1.3,128,1773611494.212296,2026-03-15T22:51:34.212298,0.4183594286441803,0.18900634348392487,mamba2-2.7b,2700000000,,475,23
Intellectual disability.,1.3,128,1773611500.2468915,2026-03-15T22:51:40.246893,0.41131067276000977,0.1782902479171753,mamba2-2.7b,2700000000,,476,23
"Explain what this code does:
def function_44(x): return x * 2",0.7,128,1773611506.2821474,2026-03-15T22:51:46.282149,0.8289173245429993,0.11273223161697388,mamba2-2.7b,2700000000,Explain what this code does,477,23
"Sleep problems are associated with difficult behaviors and family stress, and are often a focus of clinical attention over and above the primary ASD diagnosis.",1.0,128,1773611512.3356717,2026-03-15T22:51:52.335673,0.765934407711029,0.1211535707116127,mamba2-2.7b,2700000000,,478,23
"During the second half of the 20th century, anarchism intermingled with the second wave of feminism, radicalising some currents of the feminist movement and being influenced as well.",1.3,128,1773611518.37714,2026-03-15T22:51:58.377141,0.42631494998931885,0.19621548056602478,mamba2-2.7b,2700000000,,479,23
"Explain what this code does:
def function_87(x): return x * 2",0.7,105,1773611523.434601,2026-03-15T22:52:03.434603,0.9612062573432922,0.07015575468540192,mamba2-2.7b,2700000000,Explain what this code does,480,24
How is a moth's life cycle most different from an insect that goes through incomplete metamorphosis? (Answer: A),1.3,128,1773611529.4777179,2026-03-15T22:52:09.477719,0.31792038679122925,0.1527448296546936,mamba2-2.7b,2700000000,How is a moth's life cycle most different from an insect that goes through incomplete metamorphosis? (Answer,481,24
A chemical property of a mineral is evident if the mineral (Answer: 2),1.3,128,1773611535.5270615,2026-03-15T22:52:15.527063,0.3545585870742798,0.1447635293006897,mamba2-2.7b,2700000000,A chemical property of a mineral is evident if the mineral (Answer,482,24
A Literary History of Alabama: The Nineteenth Century (1979).,1.3,128,1773611541.5796914,2026-03-15T22:52:21.579693,0.5069078207015991,0.1762382537126541,mamba2-2.7b,2700000000,A Literary History of Alabama,483,24
"Explain what this code does:
def function_75(x): return x * 2",1.0,91,1773611545.873419,2026-03-15T22:52:25.873421,0.7927553057670593,0.11170945316553116,mamba2-2.7b,2700000000,Explain what this code does,484,24
"In 2009, Bryant–Denny Stadium and Jordan-Hare Stadium became the homes of the Alabama High School Athletic Association state football championship games, after previously being held at Legion Field in Birmingham.",1.0,128,1773611551.9195788,2026-03-15T22:52:31.919581,0.7914878129959106,0.13768284022808075,mamba2-2.7b,2700000000,,485,24
"Alabama English is predominantly Southern, and is related to South Midland speech which was taken across the border from Tennessee.",1.0,128,1773611557.9785657,2026-03-15T22:52:37.978567,0.6485156416893005,0.17260277271270752,mamba2-2.7b,2700000000,,486,24
"Maternal inflammatory and autoimmune diseases may damage fetal tissues, aggravating a genetic problem or damaging the nervous system.",1.3,128,1773611564.02178,2026-03-15T22:52:44.021782,0.4783572554588318,0.19370844960212708,mamba2-2.7b,2700000000,,487,24
"I've always really loved the Balanchine black and white ballets, and there are some Robbins ballets that are always so fulfilling.",1.3,128,1773611570.0628922,2026-03-15T22:52:50.062894,0.4629937410354614,0.1851700395345688,mamba2-2.7b,2700000000,,488,24
The Etruscans brought the Greek alphabet to their civilization in the Italian Peninsula and left the letter unchanged.,1.0,128,1773611576.1115665,2026-03-15T22:52:56.111568,0.7140371799468994,0.1501108855009079,mamba2-2.7b,2700000000,,489,24
Rubbing sandpaper on a piece of wood produces what two types of energy? (Answer: B),1.0,128,1773611582.1701696,2026-03-15T22:53:02.170172,0.6540746688842773,0.192180335521698,mamba2-2.7b,2700000000,Rubbing sandpaper on a piece of wood produces what two types of energy? (Answer,490,24
"Alabama's constitution has been amended more than 700 times, and almost one-third of the amendments are local in nature, applying to only one county or city.",0.7,128,1773611588.2311802,2026-03-15T22:53:08.231182,0.7628047466278076,0.13238394260406494,mamba2-2.7b,2700000000,,491,24
"Explain what this code does:
def function_84(x): return x * 2",1.0,12,1773611588.793818,2026-03-15T22:53:08.793820,0.8331357836723328,0.13624045252799988,mamba2-2.7b,2700000000,Explain what this code does,492,24
"Explain what this code does:
def function_42(x): return x * 2",1.3,27,1773611590.0656643,2026-03-15T22:53:10.065666,0.7896953821182251,0.13350753486156464,mamba2-2.7b,2700000000,Explain what this code does,493,24
"Explain what this code does:
def function_24(x): return x * 2",0.7,128,1773611596.1353173,2026-03-15T22:53:16.135319,0.8721507787704468,0.10793979465961456,mamba2-2.7b,2700000000,Explain what this code does,494,24
"Black residents effectively taxed themselves twice, by raising additional monies to supply matching funds for such schools, which were built in many rural areas.",0.7,128,1773611602.1926005,2026-03-15T22:53:22.192602,0.7342069149017334,0.14700593054294586,mamba2-2.7b,2700000000,,495,24
"Explain what this code does:
def function_40(x): return x * 2",0.7,128,1773611608.251869,2026-03-15T22:53:28.251871,0.8621354103088379,0.11918769031763077,mamba2-2.7b,2700000000,Explain what this code does,496,24
"Explain what this code does:
def function_70(x): return x * 2",1.3,128,1773611614.3205478,2026-03-15T22:53:34.320549,0.44791379570961,0.17914260923862457,mamba2-2.7b,2700000000,Explain what this code does,497,24
"In the UK, from 1998 to 2018, the autism diagnoses increased by 787%.",0.7,128,1773611620.375311,2026-03-15T22:53:40.375313,0.7825475931167603,0.13057257235050201,mamba2-2.7b,2700000000,,498,24
It is used to define scattering of electromagnetic waves on small particles.,1.0,128,1773611626.4488776,2026-03-15T22:53:46.448879,0.8229762315750122,0.15309016406536102,mamba2-2.7b,2700000000,,499,24
"The first anarchist currents developed throughout the 18th century as William Godwin espoused philosophical anarchism in England, morally delegitimising the state, Max Stirner's thinking paved the way to individualism and Pierre-Joseph Proudhon's theory of mutualism found fertile soil in France.",1.0,128,1773611632.60187,2026-03-15T22:53:52.601871,0.8318439722061157,0.15652883052825928,mamba2-2.7b,2700000000,,500,25
"Explain what this code does:
def function_4(x): return x * 2",0.7,128,1773611638.6507773,2026-03-15T22:53:58.650779,0.8805724382400513,0.10867776721715927,mamba2-2.7b,2700000000,Explain what this code does,501,25
"A component especially of individualist anarchism, philosophical anarchism may tolerate the existence of a minimal state but claims that citizens have no moral obligation to obey government when it conflicts with individual autonomy.",1.0,128,1773611644.728956,2026-03-15T22:54:04.728958,0.7402678728103638,0.14583195745944977,mamba2-2.7b,2700000000,,502,25
"Many of these attacks were done by individual assailants and the majority took place in the late 1870s, the early 1880s and the 1890s, with some still occurring in the early 1900s.",1.0,128,1773611650.7858443,2026-03-15T22:54:10.785846,0.7611130475997925,0.14610157907009125,mamba2-2.7b,2700000000,,503,25
"In the Alabama language, the word for a person of Alabama lineage is  (or variously  or  in different dialects; the plural form is ).",1.0,128,1773611656.8527887,2026-03-15T22:54:16.852790,0.7118313312530518,0.16053034365177155,mamba2-2.7b,2700000000,,504,25
"Explain what this code does:
def function_19(x): return x * 2",1.0,128,1773611662.8889558,2026-03-15T22:54:22.888957,0.7883562445640564,0.09622285515069962,mamba2-2.7b,2700000000,Explain what this code does,505,25
Each appliance is a single board computer (based on the Raspberry Pi).,1.3,39,1773611664.7162437,2026-03-15T22:54:24.716246,0.6972740292549133,0.16154272854328156,mamba2-2.7b,2700000000,,506,25
"Jordan-Hare Stadium is the home field of the Auburn football team and seats up to 87,451.",1.0,128,1773611670.756302,2026-03-15T22:54:30.756304,0.7704864740371704,0.13164474070072174,mamba2-2.7b,2700000000,,507,25
"Summers in Alabama are among the hottest in the U.S., with high temperatures averaging over  throughout the summer in some parts of the state.",1.0,128,1773611676.8130283,2026-03-15T22:54:36.813030,0.7979310750961304,0.15493369102478027,mamba2-2.7b,2700000000,,508,25
"Anarchists reject this criticism because challenging or disobeying authority does not entail the disappearance of its advantages by acknowledging authority such as doctors or lawyers as reliable, nor does it involve a complete surrender of independent judgment.",1.0,128,1773611682.8645344,2026-03-15T22:54:42.864536,0.73000168800354,0.13925445079803467,mamba2-2.7b,2700000000,,509,25
This can be especially overwhelming when you have a larger IT department and a staff working on numerous projects at once.,1.0,58,1773611685.6023219,2026-03-15T22:54:45.602323,0.7185337543487549,0.14116951823234558,mamba2-2.7b,2700000000,,510,25
"""This is not Shakespeare's Midsummer,"" says Joffrey Ballet artistic director Ashley Wheater.",1.3,128,1773611691.670366,2026-03-15T22:54:51.670367,0.38316887617111206,0.1704718917608261,mamba2-2.7b,2700000000,,511,25
"As new genetic tests are developed several ethical, legal, and social issues will emerge.",0.7,128,1773611697.754436,2026-03-15T22:54:57.754438,0.7650997638702393,0.11900675296783447,mamba2-2.7b,2700000000,,512,25
"Instead of people being able to control the aspects of their life, major decisions are taken by a small elite.",1.3,128,1773611703.8258045,2026-03-15T22:55:03.825806,0.6317732334136963,0.23526059091091156,mamba2-2.7b,2700000000,,513,25
"Explain what this code does:
def function_67(x): return x * 2",1.0,128,1773611709.8849359,2026-03-15T22:55:09.884938,0.7642759084701538,0.1325538009405136,mamba2-2.7b,2700000000,Explain what this code does,514,25
The following mathematical expressions represent four different concentrations of a chemical solution to be used in a science experiment. Which one is equal in magnitude to 1/1000? (Answer: C),1.3,5,1773611710.1195061,2026-03-15T22:55:10.119508,0.7509228587150574,0.10118566453456879,mamba2-2.7b,2700000000,The following mathematical expressions represent four different concentrations of a chemical solution to be used in a science experiment. Which one is equal in magnitude to 1/1000? (Answer,515,25
The composition of soil influences the soil's ability to retain and transmit water and air. What soil type would be best for planting a productive garden? (Answer: B),1.3,128,1773611716.1912913,2026-03-15T22:55:16.191293,0.3961634337902069,0.21089379489421844,mamba2-2.7b,2700000000,The composition of soil influences the soil's ability to retain and transmit water and air. What soil type would be best for planting a productive garden? (Answer,516,25
"In addition, there are currently five auxiliary interstate routes in the state: I-165 in Mobile, I-359 in Tuscaloosa, I-459 around Birmingham, I-565 in Decatur and Huntsville, and I-759 in Gadsden.",1.3,128,1773611722.2718487,2026-03-15T22:55:22.271850,0.5649433135986328,0.22458966076374054,mamba2-2.7b,2700000000,"In addition, there are currently five auxiliary interstate routes in the state",517,25
"As part of an experiment, an astronaut takes a scale to the Moon and weighs himself. The scale reads 31 pounds. If the astronaut has a mass of about 84 kilograms, which are the approximate weight and mass of the astronaut when standing on the Earth? (Answer: D)",1.0,6,1773611722.5536313,2026-03-15T22:55:22.553631,0.6956124305725098,0.19232705235481262,mamba2-2.7b,2700000000,"As part of an experiment, an astronaut takes a scale to the Moon and weighs himself. The scale reads 31 pounds. If the astronaut has a mass of about 84 kilograms, which are the approximate weight and mass of the astronaut when standing on the Earth? (Answer",518,25
"Just as fresh snow has a higher albedo than does dirty snow, the albedo of snow-covered sea ice is far higher than that of sea water.",1.0,21,1773611723.5459566,2026-03-15T22:55:23.545958,0.7532843947410583,0.11651837825775146,mamba2-2.7b,2700000000,,519,25
"Services should be carried out by behavior analysts, special education teachers, speech pathologists, and licensed psychologists.",0.7,128,1773611729.6835601,2026-03-15T22:55:29.683562,0.7607775926589966,0.1483481228351593,mamba2-2.7b,2700000000,,520,26
"In contemporary anarchism, this current survives as a tendency to support polyamory and queer anarchism.",1.3,128,1773611735.7208037,2026-03-15T22:55:35.720806,0.3637041449546814,0.17837731540203094,mamba2-2.7b,2700000000,,521,26
"Explain what this code does:
def function_45(x): return x * 2",1.3,128,1773611741.7555285,2026-03-15T22:55:41.755530,0.5482377409934998,0.1501004844903946,mamba2-2.7b,2700000000,Explain what this code does,522,26
No known medication relieves autism's core symptoms of social and communication impairments.,1.0,128,1773611747.7992613,2026-03-15T22:55:47.799263,0.7315769195556641,0.14356449246406555,mamba2-2.7b,2700000000,,523,26
Cellular respiration results in the production of adenosine triphosphate (ATP) molecules for energy. The most efficient form of cellular respiration would result in the production of ATP along with which substances? (Answer: D),0.7,128,1773611753.8461328,2026-03-15T22:55:53.846134,0.7969744801521301,0.1260141134262085,mamba2-2.7b,2700000000,Cellular respiration results in the production of adenosine triphosphate (ATP) molecules for energy. The most efficient form of cellular respiration would result in the production of ATP along with which substances? (Answer,524,26
You can also login with the non-admin user you created.,0.7,128,1773611759.881587,2026-03-15T22:55:59.881588,0.7818970680236816,0.1148337721824646,mamba2-2.7b,2700000000,,525,26
The AWS Certified Security - Specialty Exam is now available to those who hold either an Associate or Cloud Practitioner certification from AWS.,1.3,128,1773611765.9238694,2026-03-15T22:56:05.923871,0.45547032356262207,0.21872033178806305,mamba2-2.7b,2700000000,,526,26
"One thing to note: If you need more users, you'll create them from the command line (in similar fashion as you did above).",0.7,128,1773611771.9868767,2026-03-15T22:56:11.986879,0.7732592225074768,0.13616518676280975,mamba2-2.7b,2700000000,One thing to note,527,26
"Tactics  Anarchists' tactics take various forms but in general serve two major goals, namely to first oppose the Establishment and secondly to promote anarchist ethics and reflect an anarchist vision of society, illustrating the unity of means and ends.",0.7,128,1773611778.038471,2026-03-15T22:56:18.038473,0.760116457939148,0.1405220776796341,mamba2-2.7b,2700000000,,528,26
The remaining portion of the ThyssenKrupp plant had final bids submitted by ArcelorMittal and Nippon Steel for $1.6billion in March 2013.,1.3,128,1773611784.0914958,2026-03-15T22:56:24.091498,0.5458389520645142,0.1893501728773117,mamba2-2.7b,2700000000,,529,26
"Depending on how you count, some 14 million Java programmers code today, with many of them paid well to maintain massive enterprise applications (an estimated 80% of enterprise workloads run on Java).",0.7,128,1773611790.149358,2026-03-15T22:56:30.149360,0.7621579766273499,0.14230751991271973,mamba2-2.7b,2700000000,,530,26
"These kinds of groups more often than not interconnect with each other, forming larger networks.",1.0,41,1773611792.076561,2026-03-15T22:56:32.076562,0.7194836735725403,0.1617124229669571,mamba2-2.7b,2700000000,,531,26
"This benefited the urban areas that had developed, as well as all in the population who had been underrepresented for more than sixty years.",0.7,128,1773611798.1370378,2026-03-15T22:56:38.137039,0.7297449707984924,0.13573884963989258,mamba2-2.7b,2700000000,,532,26
"Explain what this code does:
def function_8(x): return x * 2",0.7,128,1773611804.1941059,2026-03-15T22:56:44.194108,0.8972271084785461,0.10049751400947571,mamba2-2.7b,2700000000,Explain what this code does,533,26
The principle of equal liberty is closer to anarchist political ethics in that it transcends both the liberal and socialist traditions.,1.0,128,1773611810.2688606,2026-03-15T22:56:50.268862,0.7029194831848145,0.1605343371629715,mamba2-2.7b,2700000000,,534,26
"Explain what this code does:
def function_19(x): return x * 2",0.7,43,1773611812.292269,2026-03-15T22:56:52.292271,0.9062985181808472,0.09290184825658798,mamba2-2.7b,2700000000,Explain what this code does,535,26
"Explain what this code does:
def function_58(x): return x * 2",1.0,128,1773611818.3577964,2026-03-15T22:56:58.357798,0.7567752599716187,0.1073395311832428,mamba2-2.7b,2700000000,Explain what this code does,536,26
Corn is widely being used in the United States to make ethanol for use in automobile fuel. How might the overproduction of corn negatively affect the environment? (Answer: A),1.0,1,1773611818.4051983,2026-03-15T22:56:58.405198,0.5589828491210938,,mamba2-2.7b,2700000000,Corn is widely being used in the United States to make ethanol for use in automobile fuel. How might the overproduction of corn negatively affect the environment? (Answer,537,26
Legion Field is home of the UAB Blazers football program and the Birmingham Bowl.,0.7,75,1773611821.95318,2026-03-15T22:57:01.953182,0.7299085259437561,0.170761838555336,mamba2-2.7b,2700000000,,538,26
"Also, the Black Belt region across central Alabama ""is home to largely poor counties that are predominantly African-American.",1.3,128,1773611828.0201242,2026-03-15T22:57:08.020126,0.43557292222976685,0.1916007399559021,mamba2-2.7b,2700000000,,539,26
"Sun Jie, a coach and men's teacher at BDA since 2008, explains how introducing works from Western choreographers has broadened the overall abilities of Chinese ballet dancers.",1.3,128,1773611834.1761742,2026-03-15T22:57:14.176176,0.49021434783935547,0.18973462283611298,mamba2-2.7b,2700000000,,540,27
"Epilepsy, with variations in risk of epilepsy due to age, cognitive level, and type of language disorder.",0.7,128,1773611840.2379386,2026-03-15T22:57:20.237941,0.8302991986274719,0.12357071787118912,mamba2-2.7b,2700000000,,541,27
"However, the link to climate change has not been explored to date and it is unclear whether or not this represents an ongoing trend.",1.3,128,1773611846.3054771,2026-03-15T22:57:26.305478,0.6372877359390259,0.1902097463607788,mamba2-2.7b,2700000000,,542,27
Some changes at the county level have occurred following court challenges to establish single-member districts that enable a more diverse representation among county boards.,0.7,128,1773611852.350614,2026-03-15T22:57:32.350616,0.7695427536964417,0.15304312109947205,mamba2-2.7b,2700000000,,543,27
"According to Fullington, Balanchine took this slide from Ivanov's original choreography.",1.0,128,1773611858.401157,2026-03-15T22:57:38.401160,0.7297364473342896,0.16771410405635834,mamba2-2.7b,2700000000,,544,27
"Since then we've been doing five-day workshops once a year in Robert's studio, Ex Machina, where he has a multi media team.",1.3,128,1773611864.4481528,2026-03-15T22:57:44.448155,0.439750611782074,0.2224656045436859,mamba2-2.7b,2700000000,,545,27
A ship leaks a large amount of oil near a coastal area. Which statement describes how the oil most likely will affect the coastal habitat? (Answer: B),0.7,1,1773611864.4953036,2026-03-15T22:57:44.495304,0.8056188821792603,,mamba2-2.7b,2700000000,A ship leaks a large amount of oil near a coastal area. Which statement describes how the oil most likely will affect the coastal habitat? (Answer,546,27
The Bay County Sheriff’s Office has arrested four men from Atlanta after they allegedly hired local transients to cash fraudulent checks for them using stolen personal information.,1.3,128,1773611870.560964,2026-03-15T22:57:50.560966,0.4579981863498688,0.2014269232749939,mamba2-2.7b,2700000000,,547,27
The dancers currently have little information about the search process and plans to move forward.,1.3,128,1773611876.6149492,2026-03-15T22:57:56.614951,0.38891759514808655,0.18713127076625824,mamba2-2.7b,2700000000,,548,27
An open Java The one thing everyone agrees about Java is that it's imperfect.,1.3,128,1773611882.677828,2026-03-15T22:58:02.677830,0.40865829586982727,0.19588816165924072,mamba2-2.7b,2700000000,,549,27
After almost 20 years there are countless things.,0.7,92,1773611887.037032,2026-03-15T22:58:07.037033,0.6824119687080383,0.15327411890029907,mamba2-2.7b,2700000000,,550,27
He was paid $80 and was taken by the two men to Millville and left.,0.7,73,1773611890.4924247,2026-03-15T22:58:10.492426,0.7852484583854675,0.14059415459632874,mamba2-2.7b,2700000000,,551,27
Alabama receives an average of  of rainfall annually and enjoys a lengthy growing season of up to 300 days in the southern part of the state.,1.0,128,1773611896.5514076,2026-03-15T22:58:16.551409,0.7588720321655273,0.12956422567367554,mamba2-2.7b,2700000000,,552,27
"Explain what this code does:
def function_23(x): return x * 2",1.0,128,1773611902.619433,2026-03-15T22:58:22.619434,0.7651349902153015,0.11949270218610764,mamba2-2.7b,2700000000,Explain what this code does,553,27
"In May 2013, the DSM-5 was released, updating the classification for pervasive developmental disorders.",1.0,103,1773611907.5005682,2026-03-15T22:58:27.500570,0.7732025980949402,0.14693792164325714,mamba2-2.7b,2700000000,,554,27
That was when McNeight called the BCSO to report the robbery.,1.0,128,1773611913.5447032,2026-03-15T22:58:33.544705,0.794202446937561,0.1399480700492859,mamba2-2.7b,2700000000,,555,27
"Characteristics Autism is a highly variable neurodevelopmental disorder whose symptoms first appear during infancy or childhood, and generally follows a steady course without remission.",1.3,128,1773611919.582715,2026-03-15T22:58:39.582717,0.45223045349121094,0.16149452328681946,mamba2-2.7b,2700000000,,556,27
"The device is smaller than a credit card, has no moving parts, generates no heat, is wall-mountable, is powered by a standard USB (or included mini USB), and offers a standard ethernet connection.",1.0,128,1773611925.6593935,2026-03-15T22:58:45.659395,0.7092351913452148,0.15072518587112427,mamba2-2.7b,2700000000,,557,27
"Immigration from outside the U.S. resulted in a net increase of 31,180 people, and migration within the country produced a net gain of 73,811 people.",1.3,10,1773611926.1329827,2026-03-15T22:58:46.132984,0.8005281686782837,0.18450185656547546,mamba2-2.7b,2700000000,,558,27
"Explain what this code does:
def function_23(x): return x * 2",0.7,128,1773611932.1850197,2026-03-15T22:58:52.185021,0.7785422205924988,0.13585546612739563,mamba2-2.7b,2700000000,Explain what this code does,559,27
"Ferrer's approach was secular, rejecting both state and church involvement in the educational process whilst giving pupils large amounts of autonomy in planning their work and attendance.",1.0,128,1773611938.338388,2026-03-15T22:58:58.338390,0.7301565408706665,0.13851140439510345,mamba2-2.7b,2700000000,,560,28
"The four-person group is made up of members of the company's current artistic staff, led by ballet master and former principal dancer Jonathan Stafford.",1.0,128,1773611944.3741436,2026-03-15T22:59:04.374145,0.7163803577423096,0.14704205095767975,mamba2-2.7b,2700000000,,561,28
"The Alabama Fever land rush was underway when the state was admitted to the Union, with settlers and land speculators pouring into the state to take advantage of fertile land suitable for cotton cultivation.",1.0,79,1773611948.1001406,2026-03-15T22:59:08.100142,0.7533396482467651,0.15910011529922485,mamba2-2.7b,2700000000,,562,28
"The average albedo of the Earth from the upper atmosphere, its planetary albedo, is 30–35% because of cloud cover, but widely varies locally across the surface because of different geological and environmental features.",1.3,124,1773611953.9730577,2026-03-15T22:59:13.973060,0.49857646226882935,0.22304126620292664,mamba2-2.7b,2700000000,,563,28
"In this article, autism refers to the classic autistic disorder; in clinical practice, though, autism, ASD, and PDD are often used interchangeably.",0.7,128,1773611960.0346115,2026-03-15T22:59:20.034613,0.8855698108673096,0.11187168955802917,mamba2-2.7b,2700000000,,564,28
This did not change until the late 1960s following a lawsuit and court order.,1.0,128,1773611966.065592,2026-03-15T22:59:26.065594,0.7314995527267456,0.153355211019516,mamba2-2.7b,2700000000,,565,28
"Epidemiology  As of 2007, reviews estimate a prevalence of 1–2 per 1,000 for autism and close to 6 per 1,000 for ASD.",1.0,128,1773611972.108259,2026-03-15T22:59:32.108261,0.7823017835617065,0.13953155279159546,mamba2-2.7b,2700000000,,566,28
Deeply shadowed cavities can achieve an effective albedo approaching the zero of a black body.,0.7,128,1773611978.1380155,2026-03-15T22:59:38.138017,0.7154333591461182,0.1327475756406784,mamba2-2.7b,2700000000,,567,28
"The notes were incomplete and difficult to read, yet Sergeyev persisted, and The Nutcracker made it to the stage.",0.7,128,1773611984.1782467,2026-03-15T22:59:44.178248,0.7746813297271729,0.13403300940990448,mamba2-2.7b,2700000000,,568,28
"In 1954, the U.S. Supreme Court ruled in Brown v. Board of Education that public schools had to be desegregated, but Alabama was slow to comply.",1.0,128,1773611990.2161977,2026-03-15T22:59:50.216199,0.7397907972335815,0.1381136029958725,mamba2-2.7b,2700000000,,569,28
Some authors suggest that automatic motor assessment could be useful to screen the children with ASD for instance with behavioural motor and emotionals reactions during smartphone watching.,1.3,128,1773611996.2707949,2026-03-15T22:59:56.270797,0.5664371252059937,0.18566440045833588,mamba2-2.7b,2700000000,,570,28
Each appliance is a single board computer (based on the Raspberry Pi).,1.0,128,1773612002.3240385,2026-03-15T23:00:02.324040,0.7181072235107422,0.14331641793251038,mamba2-2.7b,2700000000,,571,28
It is diagnosed four to five times more often in males than females.,0.7,128,1773612008.3830357,2026-03-15T23:00:08.383037,0.8171460032463074,0.11920157074928284,mamba2-2.7b,2700000000,,572,28
"Additionally, compliance and security whitepapers will also help prepare would-be test takers.",1.0,128,1773612014.4315166,2026-03-15T23:00:14.431518,0.6331731081008911,0.17352239787578583,mamba2-2.7b,2700000000,,573,28
"Now, however, they will have to provide the data within one month of receiving the request.",1.0,128,1773612020.4736168,2026-03-15T23:00:20.473619,0.7354458570480347,0.13619807362556458,mamba2-2.7b,2700000000,,574,28
"From 1826 to 1846, Tuscaloosa served as Alabama's capital.",0.7,128,1773612026.5108724,2026-03-15T23:00:26.510874,0.7722713947296143,0.14363287389278412,mamba2-2.7b,2700000000,,575,28
"What is now the counties of Baldwin and Mobile became part of Spanish West Florida in 1783, part of the independent Republic of West Florida in 1810, and was finally added to the Mississippi Territory in 1812.",1.3,128,1773612032.5557983,2026-03-15T23:00:32.555801,0.7198308110237122,0.15381017327308655,mamba2-2.7b,2700000000,,576,28
"Also, the Barber Motorsports Park has hosted IndyCar Series and Rolex Sports Car Series races.",0.7,128,1773612038.5945692,2026-03-15T23:00:38.594571,0.7707071304321289,0.15086309611797333,mamba2-2.7b,2700000000,,577,28
"The big takeaways for tech leaders: Qualcomm has unveiled the Snapdragon XR1 chip, which could bring high-quality AR and VR experiences to more users, at a lower cost.",0.7,128,1773612044.640884,2026-03-15T23:00:44.640886,0.7650193572044373,0.14691540598869324,mamba2-2.7b,2700000000,The big takeaways for tech leaders,578,28
A significant event of this period was the confrontations at the 1999 Seattle WTO conference.,1.0,128,1773612050.6878195,2026-03-15T23:00:50.687821,0.7156925201416016,0.1327105015516281,mamba2-2.7b,2700000000,,579,28
"Germarco Johnson was charged with Robbery with a Firearm, Counterfeiting of an Instrument with Intent to Defraud (two counts), Principal/Accessory to Uttering a False Bank Bill (two counts), and Larceny $300 or more but less than $5000 (two counts).",0.7,104,1773612055.721808,2026-03-15T23:00:55.721810,0.8135491013526917,0.15670116245746613,mamba2-2.7b,2700000000,,580,29
"It was formally recognized by the state legislature on January 25, 1844.",0.7,68,1773612058.9360785,2026-03-15T23:00:58.936080,0.7374445199966431,0.12742580473423004,mamba2-2.7b,2700000000,,581,29
"I attempted to use the admin email/password I'd setup during the wizard, but that wouldn't work.",1.0,128,1773612064.9967344,2026-03-15T23:01:04.996737,0.7703424096107483,0.14468984305858612,mamba2-2.7b,2700000000,,582,29
A boat is acted on by a river current flowing north and by wind blowing on its sails. The boat travels northeast. In which direction is the wind most likely applying force to the sails of the boat? (Answer: B),1.0,1,1773612065.043844,2026-03-15T23:01:05.043844,0.8021054267883301,,mamba2-2.7b,2700000000,A boat is acted on by a river current flowing north and by wind blowing on its sails. The boat travels northeast. In which direction is the wind most likely applying force to the sails of the boat? (Answer,583,29
"They were followed by the major currents of social anarchism (collectivist, communist and syndicalist).",1.3,128,1773612071.0830028,2026-03-15T23:01:11.083004,0.4446967542171478,0.2009802758693695,mamba2-2.7b,2700000000,,584,29
"According to an article, failure to meet any of the following milestones ""is an absolute indication to proceed with further evaluations.",1.0,128,1773612077.1213267,2026-03-15T23:01:17.121328,0.7326839566230774,0.13883444666862488,mamba2-2.7b,2700000000,,585,29
"Alabama has been identified as one of the most religious states in the United States, with about 58% of the population attending church regularly.",1.3,128,1773612083.1617894,2026-03-15T23:01:23.161791,0.4579227864742279,0.21066567301750183,mamba2-2.7b,2700000000,,586,29
"The overall federal, state, and local tax burden in Alabama ranks the state as the second least tax-burdened state in the country.",0.7,128,1773612089.2039661,2026-03-15T23:01:29.203968,0.8312487602233887,0.12375342100858688,mamba2-2.7b,2700000000,,587,29
"For those looking to prepare for the exam, the post recommends going to the AWS Training website and working on the Advanced Architecting on AWS and Security Operations on AWS trainings.",1.3,128,1773612095.2506983,2026-03-15T23:01:35.250700,0.6013197898864746,0.16348230838775635,mamba2-2.7b,2700000000,,588,29
"Sleep problems are associated with difficult behaviors and family stress, and are often a focus of clinical attention over and above the primary ASD diagnosis.",0.7,128,1773612101.2925284,2026-03-15T23:01:41.292530,0.8167040348052979,0.11460850387811661,mamba2-2.7b,2700000000,,589,29
The state has numerous place names of Native American origin.,1.0,128,1773612107.3346338,2026-03-15T23:01:47.334635,0.7323129177093506,0.16383059322834015,mamba2-2.7b,2700000000,,590,29
"In two of the studies, whose duration was 12 and 24 months, a significant improvement in ASD symptoms (efficacy rate 50%) was identified.",1.3,72,1773612110.7458656,2026-03-15T23:01:50.745867,0.5620167851448059,0.18932998180389404,mamba2-2.7b,2700000000,,591,29
"Alabama's capital is Montgomery, and its largest city by population and area is Huntsville.",0.7,128,1773612116.7921517,2026-03-15T23:01:56.792153,0.8945586681365967,0.10807517915964127,mamba2-2.7b,2700000000,,592,29
The available evidence does not rule out the possibility that autism's true prevalence has increased; a real increase would suggest directing more attention and funding toward psychosocial factors and changing environmental factors instead of continuing to focus on genetics.,1.0,128,1773612122.8375401,2026-03-15T23:02:02.837542,0.7191177010536194,0.1446733921766281,mamba2-2.7b,2700000000,,593,29
You can also login with the non-admin user you created.,1.0,128,1773612128.8848207,2026-03-15T23:02:08.884822,0.7735368609428406,0.13274599611759186,mamba2-2.7b,2700000000,,594,29
Preempted diagnoses.,1.3,128,1773612134.9421587,2026-03-15T23:02:14.942160,0.4571905732154846,0.1898791342973709,mamba2-2.7b,2700000000,,595,29
"Generally prohibited in the West at large, school corporal punishment is not unusual in Alabama, with 27,260 public school students paddled at least one time, according to government data for the 2011–2012 school year.",0.7,128,1773612141.0088546,2026-03-15T23:02:21.008856,0.7873783707618713,0.13167494535446167,mamba2-2.7b,2700000000,,596,29
"Acquiring language before age six, having an IQ above 50, and having a marketable skill all predict better outcomes; independent living is unlikely with severe autism.",1.0,128,1773612147.0496984,2026-03-15T23:02:27.049700,0.7889975309371948,0.1262611299753189,mamba2-2.7b,2700000000,,597,29
Stars are organized into patterns called constellations. One constellation is named Leo. Which statement best explains why Leo appears in different areas of the sky throughout the year? (Answer: A),1.0,128,1773612153.1075673,2026-03-15T23:02:33.107569,0.8194791674613953,0.1558678150177002,mamba2-2.7b,2700000000,Stars are organized into patterns called constellations. One constellation is named Leo. Which statement best explains why Leo appears in different areas of the sky throughout the year? (Answer,598,29
A flowing stream contains water at 18°C. Cans of soft drinks at 28°C are lowered into the stream. Which of the following will most likely occur? (Answer: B),1.0,90,1773612157.3653545,2026-03-15T23:02:37.365356,0.8810489177703857,0.09787251055240631,mamba2-2.7b,2700000000,A flowing stream contains water at 18°C. Cans of soft drinks at 28°C are lowered into the stream. Which of the following will most likely occur? (Answer,599,29
"Acid rain has a pH below 5.6. This rain can damage soil, lakes, crops, and buildings. Acid rain is caused by all of the following except (Answer: D)",1.0,128,1773612163.5237064,2026-03-15T23:02:43.523708,0.7360638976097107,0.16999860107898712,mamba2-2.7b,2700000000,"Acid rain has a pH below 5.6. This rain can damage soil, lakes, crops, and buildings. Acid rain is caused by all of the following except (Answer",600,30
"""I think it says something that Alex trusts us to bring the work to its full realization,"" says Wheater.",0.7,128,1773612169.5839467,2026-03-15T23:02:49.583948,0.771181046962738,0.15609027445316315,mamba2-2.7b,2700000000,,601,30
A student accidentally drops a test tube that breaks when it hits the floor. Which method is the best way to retrieve the broken glass? (Answer: C),1.3,128,1773612175.649839,2026-03-15T23:02:55.649841,0.3985268771648407,0.19530227780342102,mamba2-2.7b,2700000000,A student accidentally drops a test tube that breaks when it hits the floor. Which method is the best way to retrieve the broken glass? (Answer,602,30
"The Hunt Refining Company, a subsidiary of Hunt Consolidated, Inc., is based in Tuscaloosa and operates a refinery there.",1.0,128,1773612181.7232013,2026-03-15T23:03:01.723203,0.7969837188720703,0.1265019178390503,mamba2-2.7b,2700000000,,603,30
The other detail that will change with personal data access under GDPR is how long companies have to respond to your request.,1.0,128,1773612187.7986364,2026-03-15T23:03:07.798638,0.7704715132713318,0.12691274285316467,mamba2-2.7b,2700000000,,604,30
"A defence of philosophical anarchism, stating that ""both kinds of 'anarchism' [i.e.",0.7,30,1773612189.2138104,2026-03-15T23:03:09.213812,0.7427592873573303,0.14022673666477203,mamba2-2.7b,2700000000,,605,30
Subscribe Also see,1.0,10,1773612189.6866193,2026-03-15T23:03:09.686621,0.5569517016410828,0.10286612808704376,mamba2-2.7b,2700000000,,606,30
All of the following contain metric units of measurement except (Answer: C),1.0,128,1773612195.7395377,2026-03-15T23:03:15.739540,0.7762075662612915,0.14842885732650757,mamba2-2.7b,2700000000,All of the following contain metric units of measurement except (Answer,607,30
"Stay informed, click here to subscribe to the TechRepublic Cloud Insights newsletter.",1.3,128,1773612201.7880046,2026-03-15T23:03:21.788006,0.6527695655822754,0.17295600473880768,mamba2-2.7b,2700000000,,608,30
Were you familiar with McLaren's work before this project?,1.3,128,1773612207.838804,2026-03-15T23:03:27.838806,0.43660295009613037,0.22443778812885284,mamba2-2.7b,2700000000,,609,30
Trees most likely change the environment in which they are located by (Answer: D),1.3,128,1773612213.8833919,2026-03-15T23:03:33.883393,0.3706992268562317,0.19432614743709564,mamba2-2.7b,2700000000,Trees most likely change the environment in which they are located by (Answer,610,30
Legion Field is home of the UAB Blazers football program and the Birmingham Bowl.,1.0,128,1773612219.929512,2026-03-15T23:03:39.929514,0.7194563150405884,0.16487863659858704,mamba2-2.7b,2700000000,,611,30
SEE: IT project management: 10 ways to stay under budget (free PDF) (TechRepublic) Congratulations You now have your Trac system up and running.,0.7,60,1773612222.758422,2026-03-15T23:03:42.758425,0.7546590566635132,0.1219620332121849,mamba2-2.7b,2700000000,SEE,612,30
"Explain what this code does:
def function_18(x): return x * 2",1.3,128,1773612228.8002386,2026-03-15T23:03:48.800240,0.5377730131149292,0.20066307485103607,mamba2-2.7b,2700000000,Explain what this code does,613,30
"With the rise of organised hierarchical bodies, scepticism toward authority also rose.",1.3,128,1773612234.8399324,2026-03-15T23:03:54.839934,0.43841058015823364,0.18664981424808502,mamba2-2.7b,2700000000,,614,30
How autism occurs is not well understood.,0.7,128,1773612240.8908966,2026-03-15T23:04:00.890899,0.7663087248802185,0.14325380325317383,mamba2-2.7b,2700000000,,615,30
"He holds his hands towards his chest, indicating the sign for ""I.""",1.3,128,1773612246.9350247,2026-03-15T23:04:06.935027,0.3664059638977051,0.13272793591022491,mamba2-2.7b,2700000000,,616,30
Log out and log back in with your new credentials.,1.3,128,1773612252.9822628,2026-03-15T23:04:12.982265,0.5946730971336365,0.17995136976242065,mamba2-2.7b,2700000000,,617,30
"NBoC's new work, titled Frame by Frame, will run June 1-10 in Toronto.",1.3,128,1773612259.0174615,2026-03-15T23:04:19.017463,0.5368375778198242,0.19494634866714478,mamba2-2.7b,2700000000,,618,30
"In one of 60 spacious dance studios at the Beijing Dance Academy, Pei Yu Meng practices a tricky step from Jorma Elo's Over Glow.",0.7,128,1773612265.0650454,2026-03-15T23:04:25.065047,0.7582854628562927,0.14285452663898468,mamba2-2.7b,2700000000,,619,30
George wants to warm his hands quickly by rubbing them. Which skin surface will produce the most heat? (Answer: A),1.3,128,1773612271.1920545,2026-03-15T23:04:31.192056,0.32951703667640686,0.17559152841567993,mamba2-2.7b,2700000000,George wants to warm his hands quickly by rubbing them. Which skin surface will produce the most heat? (Answer,620,31
"Explain what this code does:
def function_69(x): return x * 2",1.0,128,1773612277.211201,2026-03-15T23:04:37.211203,0.822401762008667,0.12742246687412262,mamba2-2.7b,2700000000,Explain what this code does,621,31
Alabama's slaves were freed by the 13th Amendment in 1865.,0.7,128,1773612283.2511463,2026-03-15T23:04:43.251148,0.8109063506126404,0.1390809863805771,mamba2-2.7b,2700000000,,622,31
"After observing several dogs running, students ask the following question: Do dogs with long hair run faster than dogs with short hair? How can the students best answer their question? (Answer: B)",1.0,1,1773612283.2983837,2026-03-15T23:04:43.298384,0.7501183748245239,,mamba2-2.7b,2700000000,"After observing several dogs running, students ask the following question",623,31
Other changes were made to implement representative state house and senate districts.,1.0,1,1773612283.3457608,2026-03-15T23:04:43.345761,0.6104892492294312,,mamba2-2.7b,2700000000,,624,31
"Water ports of Alabama, listed from north to south:  See also   Index of Alabama-related articles  Outline of Alabama—organized list of topics about Alabama  Notes  References  Further reading   Atkins, Leah Rawls, Wayne Flynt, William Warren Rogers, and David Ward.",0.7,128,1773612289.3969643,2026-03-15T23:04:49.396966,0.799627423286438,0.1778993159532547,mamba2-2.7b,2700000000,"Water ports of Alabama, listed from north to south",625,31
"They mostly engage in confronting the police during demonstrations and riots, especially in countries such as Canada, Greece, and Mexico.",1.3,128,1773612295.4564915,2026-03-15T23:04:55.456493,0.5084205865859985,0.21714487671852112,mamba2-2.7b,2700000000,,626,31
"Fortunately there's a solution, one that's incredibly simple.",1.3,128,1773612301.516258,2026-03-15T23:05:01.516260,0.5381567478179932,0.2017630934715271,mamba2-2.7b,2700000000,,627,31
P A men's classical Chinese dance class.,0.7,128,1773612307.5497606,2026-03-15T23:05:07.549762,0.7196204662322998,0.12483296543359756,mamba2-2.7b,2700000000,,628,31
"Explain what this code does:
def function_10(x): return x * 2",1.3,128,1773612313.6056018,2026-03-15T23:05:13.605603,0.5059911608695984,0.18783949315547943,mamba2-2.7b,2700000000,Explain what this code does,629,31
"In comparison, for PDD-NOS the association with intellectual disability is much weaker, and by definition, the diagnosis of Asperger's excludes intellectual disability.",1.3,128,1773612319.6705675,2026-03-15T23:05:19.670569,0.6697971820831299,0.17524471879005432,mamba2-2.7b,2700000000,,630,31
Rubbing sandpaper on a piece of wood produces what two types of energy? (Answer: B),0.7,128,1773612325.7159941,2026-03-15T23:05:25.715996,0.8187204599380493,0.1438116729259491,mamba2-2.7b,2700000000,Rubbing sandpaper on a piece of wood produces what two types of energy? (Answer,631,31
"Explain what this code does:
def function_43(x): return x * 2",1.0,128,1773612331.7798119,2026-03-15T23:05:31.779813,0.8814225196838379,0.1302228569984436,mamba2-2.7b,2700000000,Explain what this code does,632,31
"In sunlight, dark clothes absorb more heat and light-coloured clothes reflect it better, thus allowing some control over body temperature by exploiting the albedo effect of the colour of external clothing.",1.0,128,1773612337.8376577,2026-03-15T23:05:37.837659,0.7811591625213623,0.13913361728191376,mamba2-2.7b,2700000000,,633,31
A boat is acted on by a river current flowing north and by wind blowing on its sails. The boat travels northeast. In which direction is the wind most likely applying force to the sails of the boat? (Answer: B),1.3,128,1773612343.9003358,2026-03-15T23:05:43.900337,0.3813694715499878,0.15607722103595734,mamba2-2.7b,2700000000,A boat is acted on by a river current flowing north and by wind blowing on its sails. The boat travels northeast. In which direction is the wind most likely applying force to the sails of the boat? (Answer,634,31
Which statement is an observation? (Answer: A),0.7,128,1773612349.9551744,2026-03-15T23:05:49.955176,0.967207670211792,0.06063871085643768,mamba2-2.7b,2700000000,Which statement is an observation? (Answer,635,31
"Through many countries, individualist anarchism attracted a small yet diverse following of Bohemian artists and intellectuals as well as young anarchist outlaws in what became known as illegalism and individual reclamation.",1.3,128,1773612356.004142,2026-03-15T23:05:56.004144,0.5091520547866821,0.21942798793315887,mamba2-2.7b,2700000000,,636,31
Joseph Raz states that the acceptance of authority implies the belief that following their instructions will afford more success.,0.7,128,1773612362.0544238,2026-03-15T23:06:02.054425,0.7626670598983765,0.13641081750392914,mamba2-2.7b,2700000000,,637,31
"Those free love movements contributed to the establishment of communal houses, where large groups of travelers, anarchists and other activists slept in beds together.",1.3,128,1773612368.1133761,2026-03-15T23:06:08.113378,0.4341772198677063,0.1356700211763382,mamba2-2.7b,2700000000,,638,31
"Based on their locations in the periodic table, which element has chemical properties most similar to those of calcium, Ca? (Answer: A)",1.0,128,1773612374.209305,2026-03-15T23:06:14.209307,0.7859073281288147,0.1314866840839386,mamba2-2.7b,2700000000,"Based on their locations in the periodic table, which element has chemical properties most similar to those of calcium, Ca? (Answer",639,31
"Trac can be used as a wiki, a project management system, and for tracking bugs in software development.",1.0,128,1773612380.3574445,2026-03-15T23:06:20.357446,0.7632045745849609,0.13366879522800446,mamba2-2.7b,2700000000,,640,32
"The company wore new uniforms with yellow trim on the sleeves, collar and coattails.",1.3,128,1773612386.3965342,2026-03-15T23:06:26.396536,0.5307254195213318,0.19935445487499237,mamba2-2.7b,2700000000,,641,32
"Explain what this code does:
def function_42(x): return x * 2",0.7,128,1773612392.4335833,2026-03-15T23:06:32.433585,0.8156200647354126,0.12252280116081238,mamba2-2.7b,2700000000,Explain what this code does,642,32
The former sought to create a coherent group that would push for revolution while the latter were against anything that would resemble a political party.,1.0,128,1773612398.4685116,2026-03-15T23:06:38.468513,0.7204867601394653,0.1714317351579666,mamba2-2.7b,2700000000,,643,32
"In response to their expulsion from the First International, anarchists formed the St. Imier International.",1.0,128,1773612404.4984517,2026-03-15T23:06:44.498453,0.7493624091148376,0.15493375062942505,mamba2-2.7b,2700000000,,644,32
Many autistic individuals have been successful in their fields.,0.7,128,1773612410.5196505,2026-03-15T23:06:50.519652,0.7584434747695923,0.12982656061649323,mamba2-2.7b,2700000000,,645,32
"Explain what this code does:
def function_25(x): return x * 2",1.3,128,1773612416.5514164,2026-03-15T23:06:56.551419,0.5147358179092407,0.10568417608737946,mamba2-2.7b,2700000000,Explain what this code does,646,32
What parts of your life outside of ballet do you most look forward to cultivating now that you'll have more time on your hands?,0.7,128,1773612422.6115196,2026-03-15T23:07:02.611521,0.7755279541015625,0.11889540404081345,mamba2-2.7b,2700000000,,647,32
A number of dancers including New York City Ballet principal Russell Janzen will be acting as moving models.,1.3,128,1773612428.6699896,2026-03-15T23:07:08.669991,0.4926239252090454,0.17941798269748688,mamba2-2.7b,2700000000,,648,32
"A 2016 survey in the United States reported a rate of 25 per 1,000 children for ASD.",1.3,128,1773612434.7076113,2026-03-15T23:07:14.707613,0.46854665875434875,0.22484737634658813,mamba2-2.7b,2700000000,,649,32
"In some years, it imposes more death sentences than does Texas, a state which has a population five times larger.",1.3,128,1773612440.7429054,2026-03-15T23:07:20.742908,0.4753725826740265,0.17350982129573822,mamba2-2.7b,2700000000,,650,32
"Terminology and distinction from schizophrenia  As late as the mid-1970s there was little evidence of a genetic role in autism, while in 2007 it was believed to be one of the most heritable psychiatric conditions.",1.3,128,1773612446.7879453,2026-03-15T23:07:26.787947,0.4068065583705902,0.15988312661647797,mamba2-2.7b,2700000000,,651,32
Plug the device into your network (you'll need a Cat5 cable).,1.0,128,1773612452.8247206,2026-03-15T23:07:32.824722,0.7298382520675659,0.14272992312908173,mamba2-2.7b,2700000000,,652,32
"Installation The installation isn't terribly challenging, but does require a bit of typing.",1.0,128,1773612458.857318,2026-03-15T23:07:38.857319,0.7311884760856628,0.12329541146755219,mamba2-2.7b,2700000000,,653,32
"In this article, autism refers to the classic autistic disorder; in clinical practice, though, autism, ASD, and PDD are often used interchangeably.",1.3,128,1773612464.9019399,2026-03-15T23:07:44.901941,0.6146165132522583,0.23662136495113373,mamba2-2.7b,2700000000,,654,32
"Anarchism employs a diversity of tactics in order to meet its ideal ends which can be broadly separated into revolutionary and evolutionary tactics; there is significant overlap between the two, which are merely descriptive.",1.3,128,1773612470.942935,2026-03-15T23:07:50.942936,0.43463271856307983,0.16266191005706787,mamba2-2.7b,2700000000,,655,32
"Assassination attempts were carried out against heads of state, some of which were successful.",1.3,128,1773612476.9752107,2026-03-15T23:07:56.975212,0.49262022972106934,0.2116081863641739,mamba2-2.7b,2700000000,,656,32
Click here to subscribe to the TechRepublic Cybersecurity Insider newsletter.,1.0,128,1773612483.026119,2026-03-15T23:08:03.026120,0.7658869028091431,0.14497660100460052,mamba2-2.7b,2700000000,,657,32
An engineer measured the time it takes sound to travel through samples of different materials. All of the samples were identical in shape and size. The measurements were made using ultrasonic waves with a frequency of 5 megahertz. Which question was the engineer most likely trying to answer? (Answer: A),1.0,10,1773612483.4979436,2026-03-15T23:08:03.497945,0.7757364511489868,0.11288919299840927,mamba2-2.7b,2700000000,An engineer measured the time it takes sound to travel through samples of different materials. All of the samples were identical in shape and size. The measurements were made using ultrasonic waves with a frequency of 5 megahertz. Which question was the engineer most likely trying to answer? (Answer,658,32
"Now click on the Repositories entry in the left navigation, click the Create button, give the repository a name, and click Submit.",0.7,128,1773612489.5532007,2026-03-15T23:08:09.553202,0.7982009053230286,0.12652000784873962,mamba2-2.7b,2700000000,,659,32
"Installation The installation isn't terribly challenging, but does require a bit of typing.",1.3,128,1773612495.6903472,2026-03-15T23:08:15.690349,0.3537013828754425,0.20537389814853668,mamba2-2.7b,2700000000,,660,33
"Balletomanes felt the work to be uneven, and lamented the lack of a main ballerina in the first act.",0.7,128,1773612501.7426906,2026-03-15T23:08:21.742692,0.7201273441314697,0.1648409068584442,mamba2-2.7b,2700000000,,661,33
"Based on their locations in the periodic table, which element has chemical properties most similar to those of calcium, Ca? (Answer: A)",1.3,128,1773612507.8034468,2026-03-15T23:08:27.803448,0.5173514485359192,0.19160591065883636,mamba2-2.7b,2700000000,"Based on their locations in the periodic table, which element has chemical properties most similar to those of calcium, Ca? (Answer",662,33
The state has numerous place names of Native American origin.,1.3,128,1773612513.8376882,2026-03-15T23:08:33.837690,0.43119364976882935,0.1993190348148346,mamba2-2.7b,2700000000,,663,33
"Alabama's highest temperature of  was recorded on September 5, 1925, in the unincorporated community of Centerville.",1.0,128,1773612519.8751266,2026-03-15T23:08:39.875128,0.8019363284111023,0.13172441720962524,mamba2-2.7b,2700000000,,664,33
"Its name in English is a (pronounced ), plural aes.",1.0,128,1773612525.9029753,2026-03-15T23:08:45.902977,0.6996828317642212,0.14359837770462036,mamba2-2.7b,2700000000,,665,33
Figure A You can now go to Preferences and configure your installation of Trac.,0.7,128,1773612531.934713,2026-03-15T23:08:51.934715,0.9154817461967468,0.1266753375530243,mamba2-2.7b,2700000000,,666,33
"I've noticed it the most during dress rehearsals, particularly for Balanchine ballets.",0.7,128,1773612537.966833,2026-03-15T23:08:57.966835,0.9058131575584412,0.15336425602436066,mamba2-2.7b,2700000000,,667,33
"I attempted to use the admin email/password I'd setup during the wizard, but that wouldn't work.",1.3,128,1773612544.004956,2026-03-15T23:09:04.004957,0.4696473479270935,0.2054411619901657,mamba2-2.7b,2700000000,,668,33
"Across the Country… In 1944, San Francisco Ballet founding artistic director Willam Christensen choreographed the U.S.'s first full-length Nutcracker.",1.0,128,1773612550.033832,2026-03-15T23:09:10.033834,0.7233482003211975,0.1665174514055252,mamba2-2.7b,2700000000,,669,33
"Additional security trainings on AWS Security Fundamentals, Authentication and Authorization with AWS Identity and Access Management, AWS Shared Responsibility Model, and AWS Well-Architected Training are also helpful.",1.0,1,1773612550.0823264,2026-03-15T23:09:10.082328,0.7573169469833374,,mamba2-2.7b,2700000000,,670,33
"The Alabama Fever land rush was underway when the state was admitted to the Union, with settlers and land speculators pouring into the state to take advantage of fertile land suitable for cotton cultivation.",1.3,128,1773612556.1223621,2026-03-15T23:09:16.122364,0.5402188301086426,0.23094196617603302,mamba2-2.7b,2700000000,,671,33
"As seen by anarchists, squatting is a way to regain urban space from the capitalist market, serving pragmatical needs and also being an exemplary direct action.",1.0,128,1773612562.1629033,2026-03-15T23:09:22.162905,0.6970058679580688,0.16007262468338013,mamba2-2.7b,2700000000,,672,33
"Between run-throughs, each fastidiously practices difficult sections, never satisfied with the results.",1.0,86,1773612566.2238386,2026-03-15T23:09:26.223840,0.6641380786895752,0.16394034028053284,mamba2-2.7b,2700000000,,673,33
There's just an amazing sense of trust and spontaneity; I feel so connected when I'm out there.,0.7,128,1773612572.283383,2026-03-15T23:09:32.283384,0.7811058759689331,0.160357266664505,mamba2-2.7b,2700000000,,674,33
An open Java The one thing everyone agrees about Java is that it's imperfect.,1.0,128,1773612578.3374624,2026-03-15T23:09:38.337464,0.7825343608856201,0.1293162703514099,mamba2-2.7b,2700000000,,675,33
"Health In 2018, life expectancy in Alabama was 75.1 years, below the national average of 78.7 years and is the third lowest life expectancy in the country.",1.3,14,1773612578.9953644,2026-03-15T23:09:38.995366,0.6764559149742126,0.17156489193439484,mamba2-2.7b,2700000000,,676,33
"Former Royal Danish Ballet artistic director Frank Andersen has been a guest teacher at the school since 2002, and was awarded a professorship in 2012.",1.3,128,1773612585.0537155,2026-03-15T23:09:45.053717,0.5273385047912598,0.15696652233600616,mamba2-2.7b,2700000000,,677,33
Which of these is never found in prokaryotic cells? (Answer: D),0.7,128,1773612591.104426,2026-03-15T23:09:51.104428,0.9066444039344788,0.12858320772647858,mamba2-2.7b,2700000000,Which of these is never found in prokaryotic cells? (Answer,678,33
"Balletomanes felt the work to be uneven, and lamented the lack of a main ballerina in the first act.",1.0,128,1773612597.1403518,2026-03-15T23:09:57.140353,0.6841343641281128,0.18395422399044037,mamba2-2.7b,2700000000,,679,33
"""GDPR closes all those gaps,"" he added.",1.3,128,1773612603.3084965,2026-03-15T23:10:03.308498,0.444010466337204,0.2369050681591034,mamba2-2.7b,2700000000,,680,34
"1892 ""Nutcracker"" costume sketch by Ivan Vsevolozhsky of the Sugar Plum Fairy's retinue.",1.3,128,1773612609.3707166,2026-03-15T23:10:09.370719,0.47648030519485474,0.22612841427326202,mamba2-2.7b,2700000000,,681,34
"Self-injury: Behaviors such as eye-poking, skin-picking, hand-biting and head-banging.",1.0,67,1773612612.5302157,2026-03-15T23:10:12.530217,0.7274007201194763,0.1425982117652893,mamba2-2.7b,2700000000,Self-injury,682,34
"Explain what this code does:
def function_24(x): return x * 2",1.0,128,1773612618.5625172,2026-03-15T23:10:18.562519,0.775123655796051,0.12194167822599411,mamba2-2.7b,2700000000,Explain what this code does,683,34
"As new genetic tests are developed several ethical, legal, and social issues will emerge.",1.3,128,1773612624.5888655,2026-03-15T23:10:24.588867,0.44459494948387146,0.1860816329717636,mamba2-2.7b,2700000000,,684,34
"If I can't describe what I want with words, I have to show them.""",0.7,128,1773612630.6141825,2026-03-15T23:10:30.614184,0.8800705075263977,0.14992454648017883,mamba2-2.7b,2700000000,,685,34
"Unusual eating behavior occurs in about three-quarters of children with ASD, to the extent that it was formerly a diagnostic indicator.",0.7,128,1773612636.6658876,2026-03-15T23:10:36.665890,0.7628605961799622,0.13842037320137024,mamba2-2.7b,2700000000,,686,34
SEE: IT project management: 10 ways to stay under budget (free PDF) (TechRepublic) Congratulations You now have your Trac system up and running.,1.3,128,1773612642.7249205,2026-03-15T23:10:42.724922,0.3255956768989563,0.15746049582958221,mamba2-2.7b,2700000000,SEE,687,34
"Collectivist anarchists advocate collective ownership of the means of production which is theorised to be achieved through violent revolution and that workers be paid according to time worked, rather than goods being distributed according to need as in communism.",1.0,1,1773612642.7730923,2026-03-15T23:10:42.773093,0.681461751461029,,mamba2-2.7b,2700000000,,688,34
"Whiteside, on the other hand, imitates a unicorn, talks about preparing for roles and creates a new middle name for Boylston.",1.3,128,1773612648.8246553,2026-03-15T23:10:48.824657,0.4246688485145569,0.1688900887966156,mamba2-2.7b,2700000000,,689,34
"Their values can differ significantly, which is a common source of confusion.",0.7,128,1773612654.877821,2026-03-15T23:10:54.877822,0.7565335035324097,0.1569432020187378,mamba2-2.7b,2700000000,,690,34
"Contemporary-era anarchists have been engaging with various grassroots movements that are more or less based on horizontalism, although not explicitly anarchist, respecting personal autonomy and participating in mass activism such as strikes and demonstrations.",1.3,128,1773612660.9292734,2026-03-15T23:11:00.929275,0.5080161094665527,0.19268180429935455,mamba2-2.7b,2700000000,,691,34
Sea water absorbs more solar radiation than would the same surface covered with reflective snow.,0.7,128,1773612666.9617972,2026-03-15T23:11:06.961799,0.7663493752479553,0.14021381735801697,mamba2-2.7b,2700000000,,692,34
"Behavioral, psychological, education, and/or skill-building interventions may be used to assist autistic people to learn life skills necessary for living independently, as well as other social, communication, and language skills.",1.0,1,1773612667.009544,2026-03-15T23:11:07.009544,0.6036284565925598,,mamba2-2.7b,2700000000,,693,34
"Redmonk, in its latest Q1 2018 survey, says Java is the second-most popular language after JavaScript among developers.",0.7,128,1773612673.0615032,2026-03-15T23:11:13.061504,0.7797043323516846,0.13666144013404846,mamba2-2.7b,2700000000,,694,34
"Explain what this code does:
def function_72(x): return x * 2",1.0,128,1773612679.1132188,2026-03-15T23:11:19.113220,0.8101320266723633,0.11512759327888489,mamba2-2.7b,2700000000,Explain what this code does,695,34
Subscribe Also see,0.7,128,1773612685.1659112,2026-03-15T23:11:25.165913,0.7672038078308105,0.16375799477100372,mamba2-2.7b,2700000000,,696,34
Communication About one third to half of autistic people do not develop enough natural speech to meet their daily communication needs.,0.7,128,1773612691.2227783,2026-03-15T23:11:31.222780,0.8892802000045776,0.15775899589061737,mamba2-2.7b,2700000000,,697,34
Intellectual disability.,1.0,128,1773612697.274412,2026-03-15T23:11:37.274414,0.7543014287948608,0.15177905559539795,mamba2-2.7b,2700000000,,698,34
"Although many have won awards at international competitions, the school does not actively focus on competing.",0.7,128,1773612703.3281362,2026-03-15T23:11:43.328138,0.7229492664337158,0.1581285148859024,mamba2-2.7b,2700000000,,699,34
Which factor can increase the amount of sulfur dioxide in the air? (Answer: B),0.7,128,1773612709.4786265,2026-03-15T23:11:49.478629,0.8552543520927429,0.13382473587989807,mamba2-2.7b,2700000000,Which factor can increase the amount of sulfur dioxide in the air? (Answer,700,35
Which planet has the longest planetary year? (Answer: D),0.7,128,1773612715.5024738,2026-03-15T23:11:55.502475,0.83601313829422,0.11622516810894012,mamba2-2.7b,2700000000,Which planet has the longest planetary year? (Answer,701,35
"Explain what this code does:
def function_31(x): return x * 2",0.7,128,1773612721.5486841,2026-03-15T23:12:01.548686,0.8501496315002441,0.10746891051530838,mamba2-2.7b,2700000000,Explain what this code does,702,35
"Alabama has been identified as one of the most religious states in the United States, with about 58% of the population attending church regularly.",1.0,128,1773612727.6130314,2026-03-15T23:12:07.613033,0.768037736415863,0.13878114521503448,mamba2-2.7b,2700000000,,703,35
"Explain what this code does:
def function_3(x): return x * 2",1.3,128,1773612733.6634717,2026-03-15T23:12:13.663473,0.4988877773284912,0.16999569535255432,mamba2-2.7b,2700000000,Explain what this code does,704,35
"Explain what this code does:
def function_98(x): return x * 2",1.3,128,1773612739.6905718,2026-03-15T23:12:19.690574,0.7069413661956787,0.25736045837402344,mamba2-2.7b,2700000000,Explain what this code does,705,35
Which of these is never found in prokaryotic cells? (Answer: D),1.3,61,1773612742.555765,2026-03-15T23:12:22.555767,0.46962472796440125,0.19590960443019867,mamba2-2.7b,2700000000,Which of these is never found in prokaryotic cells? (Answer,706,35
"From Page to Stage In 1892 St. Petersburg, choreographer Marius Petipa and composer Pyotr Ilyich Tchaikovsky pulled the story off the page and onto the stage of the Mariinsky Theatre.",1.3,128,1773612748.5935621,2026-03-15T23:12:28.593564,0.4429593086242676,0.19602026045322418,mamba2-2.7b,2700000000,,707,35
"Explain what this code does:
def function_34(x): return x * 2",1.3,128,1773612754.6432486,2026-03-15T23:12:34.643250,0.6834129691123962,0.13831108808517456,mamba2-2.7b,2700000000,Explain what this code does,708,35
So I returned to the IP address and was presented with a login screen.,1.3,128,1773612760.6945734,2026-03-15T23:12:40.694575,0.4472771883010864,0.1478153020143509,mamba2-2.7b,2700000000,,709,35
"Terminology and distinction from schizophrenia  As late as the mid-1970s there was little evidence of a genetic role in autism, while in 2007 it was believed to be one of the most heritable psychiatric conditions.",1.0,128,1773612766.7570086,2026-03-15T23:12:46.757010,0.776098370552063,0.13208451867103577,mamba2-2.7b,2700000000,,710,35
"It was created in collaboration by NBoC principal dancer and choreographic associate Guillaume Côté and film and stage director Robert Lepage, who is making his NBoC debut.",1.3,128,1773612772.8231363,2026-03-15T23:12:52.823138,0.5506497025489807,0.22080621123313904,mamba2-2.7b,2700000000,,711,35
"Even if you're a one-person shop consultancy, it can be easy to drown in a quagmire of projects.",1.3,128,1773612778.888457,2026-03-15T23:12:58.888459,0.5449140071868896,0.22317536175251007,mamba2-2.7b,2700000000,,712,35
Siblings of children with ASD report greater admiration of and less conflict with the affected sibling than siblings of unaffected children and were similar to siblings of children with Down syndrome in these aspects of the sibling relationship.,1.3,128,1773612784.9598105,2026-03-15T23:13:04.959812,0.39456555247306824,0.2166711986064911,mamba2-2.7b,2700000000,,713,35
and possibly Alabahmu.,1.0,128,1773612791.0200393,2026-03-15T23:13:11.020041,0.7094931602478027,0.15631400048732758,mamba2-2.7b,2700000000,,714,35
The city was moved to the current site of Mobile in 1711.,1.0,67,1773612794.1789038,2026-03-15T23:13:14.178905,0.8269510269165039,0.11610185354948044,mamba2-2.7b,2700000000,,715,35
"I won't have to worry about that so much now, and I can spend my day off roaming around and being inspired.",1.3,128,1773612800.2312934,2026-03-15T23:13:20.231295,0.500896692276001,0.1795346438884735,mamba2-2.7b,2700000000,,716,35
BDA does participate in exchange programs with ballet schools around the world.,1.0,128,1773612806.2774444,2026-03-15T23:13:26.277447,0.7323869466781616,0.14841638505458832,mamba2-2.7b,2700000000,,717,35
Over Antarctica snow albedo averages a little more than 0.8.,1.0,128,1773612812.3267908,2026-03-15T23:13:32.326792,0.7244234085083008,0.1462944895029068,mamba2-2.7b,2700000000,,718,35
A -wide meteorite hit the area about 80 million years ago.,1.0,128,1773612818.3736126,2026-03-15T23:13:38.373614,0.6847991943359375,0.14539285004138947,mamba2-2.7b,2700000000,,719,35
What do cells break down to produce energy? (Answer: A),1.0,128,1773612824.5100002,2026-03-15T23:13:44.510002,0.7213972806930542,0.1735049933195114,mamba2-2.7b,2700000000,What do cells break down to produce energy? (Answer,720,36
How is a moth's life cycle most different from an insect that goes through incomplete metamorphosis? (Answer: A),1.0,128,1773612830.5391204,2026-03-15T23:13:50.539123,0.7801263332366943,0.14654569327831268,mamba2-2.7b,2700000000,How is a moth's life cycle most different from an insect that goes through incomplete metamorphosis? (Answer,721,36
"Explain what this code does:
def function_72(x): return x * 2",1.3,2,1773612830.6327817,2026-03-15T23:13:50.632782,0.8539919853210449,0.039677757769823074,mamba2-2.7b,2700000000,Explain what this code does,722,36
References  External links    1910s neologisms Articles containing video clips Communication disorders Neurological disorders in children Pervasive developmental disorders Wikipedia medicine articles ready to translate,0.7,13,1773612831.2438202,2026-03-15T23:13:51.243821,0.8218980431556702,0.1446937769651413,mamba2-2.7b,2700000000,,723,36
"By 1941 more Whites than Blacks had been disenfranchised: 600,000 to 520,000.",0.7,128,1773612837.2668347,2026-03-15T23:13:57.266837,0.7451713681221008,0.16563567519187927,mamba2-2.7b,2700000000,By 1941 more Whites than Blacks had been disenfranchised,724,36
Which statement is an observation? (Answer: A),1.3,128,1773612843.3135633,2026-03-15T23:14:03.313565,0.3396308422088623,0.1473461538553238,mamba2-2.7b,2700000000,Which statement is an observation? (Answer,725,36
Other anarchists advocated for or used art as a means to achieve anarchist ends.,1.0,128,1773612849.3631046,2026-03-15T23:14:09.363106,0.798460066318512,0.1743132323026657,mamba2-2.7b,2700000000,,726,36
"In May 2013, the DSM-5 was released, updating the classification for pervasive developmental disorders.",0.7,128,1773612855.4124112,2026-03-15T23:14:15.412413,0.8191415667533875,0.13502207398414612,mamba2-2.7b,2700000000,,727,36
"Photosynthesis is a process involving carbon dioxide, water, glucose, oxygen, and sunlight. Which is the correct chemical equation for photosynthesis? (Answer: D)",1.3,128,1773612861.4799652,2026-03-15T23:14:21.479967,0.4084303379058838,0.13894003629684448,mamba2-2.7b,2700000000,"Photosynthesis is a process involving carbon dioxide, water, glucose, oxygen, and sunlight. Which is the correct chemical equation for photosynthesis? (Answer",728,36
"The partnership is known for creatively intersecting design and dance; last summer they created a swimwear line based on Justin Peck costumes, and in November they presented their design-driven Nutcracker.",1.0,41,1773612863.422465,2026-03-15T23:14:23.422467,0.6577426791191101,0.16553504765033722,mamba2-2.7b,2700000000,,729,36
Belief in political nihilism has been espoused by anarchists.,1.0,128,1773612869.4827392,2026-03-15T23:14:29.482741,0.7049862742424011,0.15305888652801514,mamba2-2.7b,2700000000,,730,36
Git is the largest revision control and collaboration system available for development.,1.0,128,1773612875.5442662,2026-03-15T23:14:35.544268,0.6404995918273926,0.1454068422317505,mamba2-2.7b,2700000000,,731,36
Native American groups within the state had increasingly been demanding recognition as ethnic groups and seeking an end to discrimination.,0.7,128,1773612881.5965607,2026-03-15T23:14:41.596562,0.7669912576675415,0.14531372487545013,mamba2-2.7b,2700000000,,732,36
He was paid $80 and was taken by the two men to Millville and left.,1.3,128,1773612887.6448593,2026-03-15T23:14:47.644861,0.39627450704574585,0.17078688740730286,mamba2-2.7b,2700000000,,733,36
The dismemberment of the French socialist movement into many groups and the execution and exile of many Communards to penal colonies following the suppression of the Paris Commune favoured individualist political expression and acts.,1.3,70,1773612890.9672039,2026-03-15T23:14:50.967205,0.5310691595077515,0.1810610294342041,mamba2-2.7b,2700000000,,734,36
It has been proposed to classify autism using genetics as well as behavior.,1.3,128,1773612897.023155,2026-03-15T23:14:57.023157,0.5646172165870667,0.1654968410730362,mamba2-2.7b,2700000000,,735,36
"Although initially not forthcoming about the true circumstances surrounding the robbery, McNeight eventually told investigators how he got the money.",1.3,128,1773612903.06387,2026-03-15T23:15:03.063872,0.5842102766036987,0.22265426814556122,mamba2-2.7b,2700000000,,736,36
"Radar Albedos of Solar System Objects  The values reported for the Moon, Mercury, Mars, Venus, and Comet P/2005 JQ5 are derived from the total (OC+SC) radar albedo reported in those references.",1.3,128,1773612909.1251383,2026-03-15T23:15:09.125140,0.4684535562992096,0.20051643252372742,mamba2-2.7b,2700000000,,737,36
"Etymology, terminology, and definition   The etymological origin of anarchism is from the Ancient Greek anarkhia, meaning ""without a ruler"", composed of the prefix an- (""without"") and the word arkhos (""leader"" or ""ruler"").",1.0,128,1773612915.1764114,2026-03-15T23:15:15.176413,0.7884926795959473,0.1296110898256302,mamba2-2.7b,2700000000,,738,36
"Explain what this code does:
def function_40(x): return x * 2",1.0,128,1773612921.2076619,2026-03-15T23:15:21.207664,0.8062431812286377,0.12433283030986786,mamba2-2.7b,2700000000,Explain what this code does,739,36
Preempted diagnoses.,1.0,37,1773612923.0407097,2026-03-15T23:15:23.040711,0.6986384987831116,0.15979374945163727,mamba2-2.7b,2700000000,,740,37
Coal is solid rock that began as organic material that was deposited in a swamp. The formation of coal suggests that (Answer: D),1.0,31,1773612924.4866717,2026-03-15T23:15:24.486673,0.6552742719650269,0.1050688624382019,mamba2-2.7b,2700000000,Coal is solid rock that began as organic material that was deposited in a swamp. The formation of coal suggests that (Answer,741,37
"In comparison, for PDD-NOS the association with intellectual disability is much weaker, and by definition, the diagnosis of Asperger's excludes intellectual disability.",1.0,128,1773612930.5112824,2026-03-15T23:15:30.511284,0.7447952032089233,0.13635094463825226,mamba2-2.7b,2700000000,,742,37
"The state had 108,000 foreign-born (2.4% of the state population), of which an estimated 22.2% were undocumented (24,000).",1.3,128,1773612936.550201,2026-03-15T23:15:36.550202,0.46202975511550903,0.2082885354757309,mamba2-2.7b,2700000000,,743,37
Why are alternative fuels being used in some automobiles? (Answer: B),0.7,128,1773612942.5746138,2026-03-15T23:15:42.574615,0.795814573764801,0.13132163882255554,mamba2-2.7b,2700000000,Why are alternative fuels being used in some automobiles? (Answer,744,37
Anarchy Archives is an online research center on the history and theory of anarchism.,1.3,128,1773612948.5993888,2026-03-15T23:15:48.599391,0.6815000176429749,0.19202175736427307,mamba2-2.7b,2700000000,,745,37
Cotton and other cash crops faded in importance as the state developed a manufacturing and service base.,1.3,128,1773612954.6575146,2026-03-15T23:15:54.657516,0.4922780692577362,0.20881712436676025,mamba2-2.7b,2700000000,,746,37
"Autistic people may be severely impaired in some respects but average, or even superior, in others.",1.0,44,1773612956.7258253,2026-03-15T23:15:56.725827,0.7635999321937561,0.11672993749380112,mamba2-2.7b,2700000000,,747,37
Puddles on a sidewalk are evaporating quickly. What most likely causes the puddles to evaporate? (Answer: A),0.7,128,1773612962.7883823,2026-03-15T23:16:02.788384,0.8482682108879089,0.16080017387866974,mamba2-2.7b,2700000000,Puddles on a sidewalk are evaporating quickly. What most likely causes the puddles to evaporate? (Answer,748,37
"The latter is commonly used in handwriting and fonts based on it, especially fonts intended to be read by children, and is also found in italic type.",1.3,128,1773612968.8306255,2026-03-15T23:16:08.830627,0.3653501868247986,0.16796037554740906,mamba2-2.7b,2700000000,,749,37
"21st century  In 2001, Alabama Supreme Court chief justice Roy Moore installed a statue of the Ten Commandments in the capitol in Montgomery.",1.0,128,1773612974.8897014,2026-03-15T23:16:14.889703,0.7372288107872009,0.14200808107852936,mamba2-2.7b,2700000000,,750,37
"However, the link to climate change has not been explored to date and it is unclear whether or not this represents an ongoing trend.",0.7,128,1773612980.9362345,2026-03-15T23:16:20.936236,0.7621870040893555,0.1544298678636551,mamba2-2.7b,2700000000,,751,37
I was unable to login with that user.,1.3,128,1773612986.966098,2026-03-15T23:16:26.966100,0.4686044156551361,0.21528828144073486,mamba2-2.7b,2700000000,,752,37
"As people are often sized up initially from their basic language skills, these studies suggest that people speaking to autistic individuals are more likely to overestimate what their audience comprehends.",1.3,1,1773612987.0130947,2026-03-15T23:16:27.013095,0.6929987668991089,,mamba2-2.7b,2700000000,,753,37
"After 1890, a coalition of White Democratic politicians passed laws to segregate and disenfranchise African American residents, a process completed in provisions of the 1901 constitution.",1.0,128,1773612993.049683,2026-03-15T23:16:33.049685,0.683009147644043,0.1576772779226303,mamba2-2.7b,2700000000,,754,37
"Explain what this code does:
def function_88(x): return x * 2",1.3,128,1773612999.0768118,2026-03-15T23:16:39.076814,0.3769529461860657,0.20866630971431732,mamba2-2.7b,2700000000,Explain what this code does,755,37
What characteristic of DNA results in cell differentiation in developing embryos? (Answer: C),1.3,128,1773613005.0992138,2026-03-15T23:16:45.099215,0.4284229278564453,0.2172970324754715,mamba2-2.7b,2700000000,What characteristic of DNA results in cell differentiation in developing embryos? (Answer,756,37
"Many common hand tools create a mechanical advantage by using the basic principles found in simple machines. For example, a screwdriver uses the principles of the wheel and axle. In order to increase gripping force, pliers use the principle demonstrated in the (Answer: B)",0.7,128,1773613011.144633,2026-03-15T23:16:51.144635,0.8322796821594238,0.14886018633842468,mamba2-2.7b,2700000000,"Many common hand tools create a mechanical advantage by using the basic principles found in simple machines. For example, a screwdriver uses the principles of the wheel and axle. In order to increase gripping force, pliers use the principle demonstrated in the (Answer",757,37
One criticism of the current constitution claims that its complexity and length intentionally codify segregation and racism.,1.3,128,1773613017.180257,2026-03-15T23:16:57.180259,0.4800887703895569,0.22920337319374084,mamba2-2.7b,2700000000,,758,37
"Alabama's capital is Montgomery, and its largest city by population and area is Huntsville.",1.3,128,1773613023.2335393,2026-03-15T23:17:03.233541,0.48963987827301025,0.2045230120420456,mamba2-2.7b,2700000000,,759,37
Gastrointestinal problems are one of the most commonly co-occurring medical conditions in autistic people.,1.0,128,1773613029.358064,2026-03-15T23:17:09.358066,0.7711361646652222,0.14684440195560455,mamba2-2.7b,2700000000,,760,38
Which would a scientist use in trying to model the cause of planetary years? (Answer: D),1.0,128,1773613035.3958418,2026-03-15T23:17:15.395843,0.7248665690422058,0.15537486970424652,mamba2-2.7b,2700000000,Which would a scientist use in trying to model the cause of planetary years? (Answer,761,38
"Many of these attacks were done by individual assailants and the majority took place in the late 1870s, the early 1880s and the 1890s, with some still occurring in the early 1900s.",1.3,128,1773613041.4442234,2026-03-15T23:17:21.444225,0.38771939277648926,0.1903882771730423,mamba2-2.7b,2700000000,,762,38
Why do areas in the middle of a large continent generally have more extreme differences in temperature than areas near the coastline? (Answer: D),1.0,128,1773613047.4752986,2026-03-15T23:17:27.475300,0.8213629722595215,0.1749926060438156,mamba2-2.7b,2700000000,Why do areas in the middle of a large continent generally have more extreme differences in temperature than areas near the coastline? (Answer,763,38
Their decrease in prevalence was the result of further judicial power and targeting and cataloging by state institutions.,1.0,128,1773613053.5168545,2026-03-15T23:17:33.516856,0.7815945148468018,0.15060658752918243,mamba2-2.7b,2700000000,,764,38
"Collectivist anarchists advocate collective ownership of the means of production which is theorised to be achieved through violent revolution and that workers be paid according to time worked, rather than goods being distributed according to need as in communism.",0.7,128,1773613059.5725248,2026-03-15T23:17:39.572527,0.7736943960189819,0.1280241310596466,mamba2-2.7b,2700000000,,765,38
"Explain what this code does:
def function_38(x): return x * 2",1.0,128,1773613065.6018183,2026-03-15T23:17:45.601820,0.8125605583190918,0.12387529015541077,mamba2-2.7b,2700000000,Explain what this code does,766,38
"Radar Albedos of Solar System Objects  The values reported for the Moon, Mercury, Mars, Venus, and Comet P/2005 JQ5 are derived from the total (OC+SC) radar albedo reported in those references.",1.0,128,1773613071.6423135,2026-03-15T23:17:51.642315,0.7631332278251648,0.15928785502910614,mamba2-2.7b,2700000000,,767,38
The AWS Certified Security - Specialty Exam is now available to those who hold either an Associate or Cloud Practitioner certification from AWS.,1.0,128,1773613077.6945117,2026-03-15T23:17:57.694513,0.6948058009147644,0.1591341346502304,mamba2-2.7b,2700000000,,768,38
"Explain what this code does:
def function_36(x): return x * 2",1.3,128,1773613083.7531836,2026-03-15T23:18:03.753185,0.45317941904067993,0.18636493384838104,mamba2-2.7b,2700000000,Explain what this code does,769,38
Many autistic people face significant obstacles in transitioning to adulthood.,0.7,111,1773613088.9896002,2026-03-15T23:18:08.989602,0.7852628231048584,0.14719347655773163,mamba2-2.7b,2700000000,,770,38
"During and after World War II, Alabama grew as the state's economy diversified with new industries.",1.0,21,1773613089.9721048,2026-03-15T23:18:09.972106,0.7397884130477905,0.12812338769435883,mamba2-2.7b,2700000000,,771,38
These contributed to Congressional passage and enactment of the Civil Rights Act of 1964 and Voting Rights Act of 1965 by the U.S. Congress.,0.7,128,1773613096.037277,2026-03-15T23:18:16.037278,0.808182954788208,0.15363194048404694,mamba2-2.7b,2700000000,,772,38
Other changes were made to implement representative state house and senate districts.,0.7,56,1773613098.6777287,2026-03-15T23:18:18.677730,0.7328609824180603,0.1437654048204422,mamba2-2.7b,2700000000,,773,38
"Among these approaches, interventions either treat autistic features comprehensively, or focalize treatment on a specific area of deficit.",1.0,128,1773613104.7418654,2026-03-15T23:18:24.741867,0.7547191381454468,0.1335194706916809,mamba2-2.7b,2700000000,,774,38
"The total effects were greater on the black community, as almost all its citizens were disfranchised and relegated to separate and unequal treatment under the law.",1.0,128,1773613110.803791,2026-03-15T23:18:30.803793,0.7662226557731628,0.15690837800502777,mamba2-2.7b,2700000000,,775,38
"Fortunately, I was sent two devices, so I unplugged the first (a GS-16) and plugged in the second (a GS-64).",0.7,128,1773613116.855246,2026-03-15T23:18:36.855248,0.7527820467948914,0.14014796912670135,mamba2-2.7b,2700000000,,776,38
"""An awful lot of companies may not think they have exposure to it, but there are lots of variables in that.""",1.3,128,1773613122.903089,2026-03-15T23:18:42.903091,0.5213311314582825,0.1805303990840912,mamba2-2.7b,2700000000,,777,38
"Organized insurgent, resistance groups tried to suppress the freedmen and Republicans.",1.0,42,1773613124.872375,2026-03-15T23:18:44.872377,0.6510128378868103,0.16253317892551422,mamba2-2.7b,2700000000,,778,38
"There are two intermediate appellate courts, the Court of Civil Appeals and the Court of Criminal Appeals, and four trial courts: the circuit court (trial court of general jurisdiction), and the district, probate, and municipal courts.",1.3,128,1773613130.92011,2026-03-15T23:18:50.920112,0.4161536693572998,0.21864791214466095,mamba2-2.7b,2700000000,"There are two intermediate appellate courts, the Court of Civil Appeals and the Court of Criminal Appeals, and four trial courts",779,38
"In November the company will reference Kaiser's Balanchine roots with a program titled Classic Americana featuring Serenade and Western Symphony, as well Paul Taylor's Company B.",1.0,128,1773613137.071962,2026-03-15T23:18:57.071964,0.7117661833763123,0.16992796957492828,mamba2-2.7b,2700000000,,780,39
"Alabama's constitution has been amended more than 700 times, and almost one-third of the amendments are local in nature, applying to only one county or city.",1.3,128,1773613143.124124,2026-03-15T23:19:03.124126,0.5578901767730713,0.19746670126914978,mamba2-2.7b,2700000000,,781,39
"Children with high-functioning autism have more intense and frequent loneliness compared to non-autistic peers, despite the common belief that autistic children prefer to be alone.",1.0,128,1773613149.1666715,2026-03-15T23:19:09.166674,0.7384220361709595,0.15339845418930054,mamba2-2.7b,2700000000,,782,39
The use of state names derived from Native American languages is common in the U.S.; an estimated 27 states have names of Native American origin.,1.3,1,1773613149.213659,2026-03-15T23:19:09.213659,0.5587963461875916,,mamba2-2.7b,2700000000,,783,39
"Explain what this code does:
def function_63(x): return x * 2",1.0,128,1773613155.2553756,2026-03-15T23:19:15.255377,0.7463095188140869,0.12878060340881348,mamba2-2.7b,2700000000,Explain what this code does,784,39
"Alabama's highest temperature of  was recorded on September 5, 1925, in the unincorporated community of Centerville.",0.7,95,1773613159.7281952,2026-03-15T23:19:19.728197,0.9175304770469666,0.1283491551876068,mamba2-2.7b,2700000000,,785,39
"Explain what this code does:
def function_58(x): return x * 2",0.7,128,1773613165.7722442,2026-03-15T23:19:25.772246,0.8007659912109375,0.11569182574748993,mamba2-2.7b,2700000000,Explain what this code does,786,39
Two elements in the same group on the Periodic Table of the Elements are most similar in their (Answer: D),1.3,128,1773613171.816742,2026-03-15T23:19:31.816743,0.4198457598686218,0.17149639129638672,mamba2-2.7b,2700000000,Two elements in the same group on the Periodic Table of the Elements are most similar in their (Answer,787,39
"Of those who indicated a religious preference, 59% said they possessed a ""full understanding"" of their faith and needed no further learning.",1.0,24,1773613172.9411798,2026-03-15T23:19:32.941181,0.7827686071395874,0.11970553547143936,mamba2-2.7b,2700000000,,788,39
I want to walk you through the installation of one such tool: Trac.,0.7,128,1773613178.9611092,2026-03-15T23:19:38.961111,0.7945815324783325,0.11387188732624054,mamba2-2.7b,2700000000,I want to walk you through the installation of one such tool,789,39
"Ports The Port of Mobile, Alabama's only saltwater port, is a large seaport on the Gulf of Mexico with inland waterway access to the Midwest by way of the Tennessee–Tombigbee Waterway.",1.3,128,1773613185.0163984,2026-03-15T23:19:45.016400,0.3569420576095581,0.2043527215719223,mamba2-2.7b,2700000000,,790,39
"Because of the constraints of the Alabama Constitution, which centralizes power in the state legislature, only seven counties (Jefferson, Lee, Mobile, Madison, Montgomery, Shelby, and Tuscaloosa) in the state have limited home rule.",0.7,24,1773613186.15236,2026-03-15T23:19:46.152362,0.7666365504264832,0.1306864470243454,mamba2-2.7b,2700000000,,791,39
"The white male with them was identified as Charles Edward Sinard, age 39, a transient.",1.3,128,1773613192.2045522,2026-03-15T23:19:52.204555,0.4855591058731079,0.203287735581398,mamba2-2.7b,2700000000,,792,39
"Photosynthesis is a process involving carbon dioxide, water, glucose, oxygen, and sunlight. Which is the correct chemical equation for photosynthesis? (Answer: D)",1.0,128,1773613198.242524,2026-03-15T23:19:58.242526,0.7707717418670654,0.16198305785655975,mamba2-2.7b,2700000000,"Photosynthesis is a process involving carbon dioxide, water, glucose, oxygen, and sunlight. Which is the correct chemical equation for photosynthesis? (Answer",793,39
"within anarcho-primitivism), and the democratic process may be sharply criticised within some anarchist tendencies and simultaneously lauded in others.",0.7,128,1773613204.2808177,2026-03-15T23:20:04.280820,0.7388225793838501,0.13319645822048187,mamba2-2.7b,2700000000,,794,39
Anarchism and the state   Objection to the state and its institutions is a sine qua non of anarchism.,1.0,128,1773613210.3220441,2026-03-15T23:20:10.322046,0.7162579298019409,0.14922751486301422,mamba2-2.7b,2700000000,,795,39
"For tips on how to best train employees on cybersecurity practices, click here.",1.3,128,1773613216.3609593,2026-03-15T23:20:16.360962,0.5475611090660095,0.23482534289360046,mamba2-2.7b,2700000000,,796,39
"Functional friendships, such as those resulting in invitations to parties, may affect the quality of life more deeply.",1.3,128,1773613222.408308,2026-03-15T23:20:22.408310,0.43113863468170166,0.16996602714061737,mamba2-2.7b,2700000000,,797,39
Password policies Passwords remain a common digital entry point into an organization for hackers.,0.7,128,1773613228.4363394,2026-03-15T23:20:28.436341,0.7691507935523987,0.13697713613510132,mamba2-2.7b,2700000000,,798,39
"Explain what this code does:
def function_79(x): return x * 2",1.3,128,1773613234.4787755,2026-03-15T23:20:34.478778,0.4563625454902649,0.1785304695367813,mamba2-2.7b,2700000000,Explain what this code does,799,39
"Explain what this code does:
def function_5(x): return x * 2",0.7,128,1773613240.6127474,2026-03-15T23:20:40.612749,0.8233585357666016,0.12169419974088669,mamba2-2.7b,2700000000,Explain what this code does,800,40
"The district's boundaries were roughly limited to the area within a few miles of the Tombigbee River and included portions of what is today southern Clarke County, northernmost Mobile County, and most of Washington County.",1.0,128,1773613246.6569645,2026-03-15T23:20:46.656966,0.746877908706665,0.1388540118932724,mamba2-2.7b,2700000000,,801,40
We had our first workshop four years ago.,0.7,128,1773613252.7142682,2026-03-15T23:20:52.714270,0.8889524936676025,0.1455526351928711,mamba2-2.7b,2700000000,,802,40
What are you most looking forward to in your new role?,0.7,128,1773613258.7695673,2026-03-15T23:20:58.769569,0.766437292098999,0.13902881741523743,mamba2-2.7b,2700000000,,803,40
"The Gulf Coast, around Mobile Bay, averages between 70 and 80 days per year with thunder reported.",1.3,128,1773613264.808426,2026-03-15T23:21:04.808427,0.41806018352508545,0.18904049694538116,mamba2-2.7b,2700000000,,804,40
"Once I had that IP address, I could point my browser to that address and login with user root and password password.",0.7,128,1773613270.8424258,2026-03-15T23:21:10.842427,0.8319371938705444,0.12500041723251343,mamba2-2.7b,2700000000,,805,40
"Heat, light, and sound are all different forms of ___. (Answer: B)",1.0,128,1773613276.8970225,2026-03-15T23:21:16.897024,0.7624300718307495,0.12805724143981934,mamba2-2.7b,2700000000,"Heat, light, and sound are all different forms of ___. (Answer",806,40
Which of these is never found in prokaryotic cells? (Answer: D),1.0,15,1773613277.6006484,2026-03-15T23:21:17.600650,0.7338752150535583,0.18191927671432495,mamba2-2.7b,2700000000,Which of these is never found in prokaryotic cells? (Answer,807,40
Four materials are put into small containers. These materials are then moved from the small containers into larger containers. Which material will spread out to completely fill a larger container? (Answer: A),1.3,128,1773613283.658858,2026-03-15T23:21:23.658860,0.3689732551574707,0.15981531143188477,mamba2-2.7b,2700000000,Four materials are put into small containers. These materials are then moved from the small containers into larger containers. Which material will spread out to completely fill a larger container? (Answer,808,40
"The state legislature has retained power over local governments by refusing to pass a constitutional amendment establishing home rule for counties, as recommended by the 1973 Alabama Constitutional Commission.",0.7,128,1773613289.7024572,2026-03-15T23:21:29.702459,0.7946353554725647,0.1442171335220337,mamba2-2.7b,2700000000,,809,40
"These signs often develop gradually, though some autistic children experience regression in their communication and social skills after reaching developmental milestones at a normal pace.",0.7,128,1773613295.7376275,2026-03-15T23:21:35.737629,0.7983295917510986,0.1290222555398941,mamba2-2.7b,2700000000,,810,40
"These kinds of groups more often than not interconnect with each other, forming larger networks.",1.3,128,1773613301.7739692,2026-03-15T23:21:41.773971,0.40510451793670654,0.14631332457065582,mamba2-2.7b,2700000000,,811,40
Rubbing sandpaper on a piece of wood produces what two types of energy? (Answer: B),1.3,128,1773613307.8206246,2026-03-15T23:21:47.820626,0.38859301805496216,0.1787322461605072,mamba2-2.7b,2700000000,Rubbing sandpaper on a piece of wood produces what two types of energy? (Answer,812,40
"In 2018, Mobile's Mardi Gras parade was the state's top event, producing the most tourists with an attendance of 892,811.",1.3,128,1773613313.8633053,2026-03-15T23:21:53.863307,0.5196402668952942,0.24807938933372498,mamba2-2.7b,2700000000,,813,40
"Although popularly used as an alternative treatment for autistic people, as of 2018 there is no good evidence to recommend a gluten- and casein-free diet as a standard treatment.",1.3,128,1773613319.8963516,2026-03-15T23:21:59.896353,0.49726587533950806,0.21214792132377625,mamba2-2.7b,2700000000,,814,40
All of the following contain metric units of measurement except (Answer: C),1.3,44,1773613321.9654133,2026-03-15T23:22:01.965415,0.47833871841430664,0.1723749041557312,mamba2-2.7b,2700000000,All of the following contain metric units of measurement except (Answer,815,40
Education  Primary and secondary education  Public primary and secondary education in Alabama is under the purview of the Alabama State Board of Education as well as local oversight by 67 county school boards and 60 city boards of education.,0.7,128,1773613328.0335186,2026-03-15T23:22:08.033520,0.8424121141433716,0.13417263329029083,mamba2-2.7b,2700000000,,816,40
"During most of the year, the air over Boston, Massachusetts, contains a high amount of moisture. Which of the following best explains why there is a high amount of moisture in the air? (Answer: A)",0.7,128,1773613334.0805726,2026-03-15T23:22:14.080574,0.8621665239334106,0.12440085411071777,mamba2-2.7b,2700000000,"During most of the year, the air over Boston, Massachusetts, contains a high amount of moisture. Which of the following best explains why there is a high amount of moisture in the air? (Answer",817,40
"Explain what this code does:
def function_9(x): return x * 2",1.3,128,1773613340.100857,2026-03-15T23:22:20.100859,0.4760456085205078,0.19215822219848633,mamba2-2.7b,2700000000,Explain what this code does,818,40
"Census-designated and metropolitan areas  Cities  Demographics  According to the 2020 United States census the population of Alabama was 5,024,279 on April 1, 2020, which represents an increase of 244,543 or 5.12%, since the 2010 census.",1.0,128,1773613346.154203,2026-03-15T23:22:26.154205,0.7806393504142761,0.1503903716802597,mamba2-2.7b,2700000000,,819,40
"Economy  The state has invested in aerospace, education, health care, banking, and various heavy industries, including automobile manufacturing, mineral extraction, steel production and fabrication.",1.3,128,1773613352.2900534,2026-03-15T23:22:32.290055,0.497241735458374,0.19824448227882385,mamba2-2.7b,2700000000,,820,41
In general I would say the time that I've had onstage with some of my friends and dancing partners has been so special.,1.0,128,1773613358.3336685,2026-03-15T23:22:38.333670,0.733687162399292,0.13703235983848572,mamba2-2.7b,2700000000,,821,41
"Anarchism has continued to generate many philosophies and movements, at times eclectic, drawing upon various sources and combining disparate concepts to create new philosophical approaches.",0.7,128,1773613364.3867364,2026-03-15T23:22:44.386738,0.7930021286010742,0.14779283106327057,mamba2-2.7b,2700000000,,822,41
Other anarchists advocated for or used art as a means to achieve anarchist ends.,0.7,70,1773613367.6854627,2026-03-15T23:22:47.685465,0.780413031578064,0.1660013645887375,mamba2-2.7b,2700000000,,823,41
"During this time, a minority of anarchists adopted tactics of revolutionary political violence.",1.3,128,1773613373.7389195,2026-03-15T23:22:53.738921,0.49875408411026,0.2123597264289856,mamba2-2.7b,2700000000,,824,41
"In the carbon cycle, carbon moves from reservoir to reservoir as various organic and inorganic processes occur on Earth. Only a small percentage of the global carbon is moved in this cycle each year. The remaining carbon is stored in these reservoirs. Which reservoir contains the greatest amount of stored carbon? (Answer: D)",1.3,1,1773613373.7864163,2026-03-15T23:22:53.786416,0.7867144346237183,,mamba2-2.7b,2700000000,"In the carbon cycle, carbon moves from reservoir to reservoir as various organic and inorganic processes occur on Earth. Only a small percentage of the global carbon is moved in this cycle each year. The remaining carbon is stored in these reservoirs. Which reservoir contains the greatest amount of stored carbon? (Answer",825,41
"Its name in English is a (pronounced ), plural aes.",1.3,128,1773613379.8421273,2026-03-15T23:22:59.842129,0.4735610783100128,0.18063990771770477,mamba2-2.7b,2700000000,,826,41
"Explain what this code does:
def function_52(x): return x * 2",1.0,128,1773613385.8916502,2026-03-15T23:23:05.891653,0.8086563348770142,0.11320123821496964,mamba2-2.7b,2700000000,Explain what this code does,827,41
A Literary History of Alabama: The Nineteenth Century (1979).,1.0,128,1773613391.9364898,2026-03-15T23:23:11.936491,0.7303541302680969,0.1535404473543167,mamba2-2.7b,2700000000,A Literary History of Alabama,828,41
No babbling by 12 months.,1.0,128,1773613397.9765918,2026-03-15T23:23:17.976594,0.7545396685600281,0.14313021302223206,mamba2-2.7b,2700000000,,829,41
"Explain what this code does:
def function_48(x): return x * 2",1.0,128,1773613404.0043998,2026-03-15T23:23:24.004401,0.7784249186515808,0.13441802561283112,mamba2-2.7b,2700000000,Explain what this code does,830,41
"After bitter disputes, the Bakuninists were expelled from the International by the Marxists at the 1872 Hague Congress.",1.3,128,1773613410.0454159,2026-03-15T23:23:30.045418,0.4541642665863037,0.17942312359809875,mamba2-2.7b,2700000000,,831,41
There has been a significant movement to rewrite and modernize Alabama's constitution.,1.3,128,1773613416.0865636,2026-03-15T23:23:36.086565,0.4390009939670563,0.19170162081718445,mamba2-2.7b,2700000000,,832,41
BDA does participate in exchange programs with ballet schools around the world.,0.7,87,1773613420.1975617,2026-03-15T23:23:40.197564,0.7469850778579712,0.14086709916591644,mamba2-2.7b,2700000000,,833,41
"Numerous candidate genes have been located, with only small effects attributable to any particular gene.",1.3,87,1773613424.3128984,2026-03-15T23:23:44.312900,0.5609923601150513,0.17184945940971375,mamba2-2.7b,2700000000,,834,41
"In Alabama, majority-white districts are now expected to regularly elect Republican candidates to federal, state and local office.",0.7,128,1773613430.3820443,2026-03-15T23:23:50.382047,0.7819130420684814,0.13988721370697021,mamba2-2.7b,2700000000,,835,41
"An estimated 26 million tourists visited the state in 2017 and spent $14.3 billion, providing directly or indirectly 186,900 jobs in the state, which includes 362,000 International tourists spending $589 million.",0.7,128,1773613436.4487872,2026-03-15T23:23:56.448788,0.9332766532897949,0.11056967824697495,mamba2-2.7b,2700000000,,836,41
"In the last decades of the 20th and into the 21st century, the anarchist movement has been resurgent once more.",1.0,128,1773613442.5008645,2026-03-15T23:24:02.500866,0.7504178285598755,0.17039021849632263,mamba2-2.7b,2700000000,,837,41
"The rural-dominated Alabama legislature consistently underfunded schools and services for the disenfranchised African Americans, but it did not relieve them of paying taxes.",1.3,128,1773613448.5429115,2026-03-15T23:24:08.542913,0.5332156419754028,0.19614095985889435,mamba2-2.7b,2700000000,,838,41
"In comparison, for PDD-NOS the association with intellectual disability is much weaker, and by definition, the diagnosis of Asperger's excludes intellectual disability.",0.7,128,1773613454.6021514,2026-03-15T23:24:14.602153,0.7955973148345947,0.14842216670513153,mamba2-2.7b,2700000000,,839,41
Black anarchism began to take form at this time and influenced anarchism's move from a Eurocentric demographic.,1.0,128,1773613460.7227948,2026-03-15T23:24:20.722796,0.635393500328064,0.16841451823711395,mamba2-2.7b,2700000000,,840,42
"Due to measurement constraints, it is often given for the spectrum in which most solar energy reaches the surface (between 0.3 and 3 μm).",1.0,128,1773613466.7635229,2026-03-15T23:24:26.763524,0.7064765691757202,0.16697072982788086,mamba2-2.7b,2700000000,,841,42
"A genotype-first model of diagnosis has been proposed, which would routinely assess the genome's copy number variations.",1.0,128,1773613472.7896612,2026-03-15T23:24:32.789663,0.7142274975776672,0.15870806574821472,mamba2-2.7b,2700000000,,842,42
Robert Paul Wolff believed that the tension between authority and autonomy would mean the state could never be legitimate.,1.0,128,1773613478.8196366,2026-03-15T23:24:38.819638,0.6752052307128906,0.15821900963783264,mamba2-2.7b,2700000000,,843,42
"Companies that fail to comply with GDPR will face a penalty of either 4% of their global revenue or €20 million, whichever is greater.",1.0,83,1773613482.7364397,2026-03-15T23:24:42.736441,0.7563145160675049,0.12226898223161697,mamba2-2.7b,2700000000,,844,42
New York City Ballet principal dancer Rebecca Krohn will take her final bow with the company this Saturday night.,0.7,128,1773613488.7796464,2026-03-15T23:24:48.779648,0.8925046324729919,0.1492333561182022,mamba2-2.7b,2700000000,,845,42
"However, there are no correspondingly similar words in the Alabama language.",0.7,128,1773613494.8348744,2026-03-15T23:24:54.834876,0.7338687777519226,0.17471995949745178,mamba2-2.7b,2700000000,,846,42
"Indigenous animal species in the state include 62 mammal species, 93 reptile species, 73 amphibian species, roughly 307 native freshwater fish species, and 420 bird species that spend at least part of their year within the state.",1.3,128,1773613500.9081187,2026-03-15T23:25:00.908120,0.4272598624229431,0.19117507338523865,mamba2-2.7b,2700000000,,847,42
"Explain what this code does:
def function_31(x): return x * 2",1.3,128,1773613506.9694815,2026-03-15T23:25:06.969483,0.6991565227508545,0.16986796259880066,mamba2-2.7b,2700000000,Explain what this code does,848,42
"Photo by Alexander Iziliaev, Courtesy Nevada Ballet Theatre.",1.0,128,1773613513.0080292,2026-03-15T23:25:13.008031,0.7488270998001099,0.16726548969745636,mamba2-2.7b,2700000000,,849,42
Which statement best compares single-celled and multi-celled organisms? (Answer: C),1.3,1,1773613513.0557923,2026-03-15T23:25:13.055793,0.8272606134414673,,mamba2-2.7b,2700000000,Which statement best compares single-celled and multi-celled organisms? (Answer,850,42
Which celestial object listed below has the greatest density? (Answer: D),0.7,128,1773613519.0995295,2026-03-15T23:25:19.099531,0.9574484825134277,0.082139752805233,mamba2-2.7b,2700000000,Which celestial object listed below has the greatest density? (Answer,851,42
"Data is money.""",1.3,128,1773613525.1511672,2026-03-15T23:25:25.151169,0.48663783073425293,0.19556789100170135,mamba2-2.7b,2700000000,,852,42
Which is a nonrenewable resource? (Answer: A),1.0,128,1773613531.1954024,2026-03-15T23:25:31.195404,0.8082780838012695,0.18638505041599274,mamba2-2.7b,2700000000,Which is a nonrenewable resource? (Answer,853,42
The school closed after constant harassment by the state and Ferrer was later arrested.,1.3,128,1773613537.2444668,2026-03-15T23:25:37.244468,0.41642600297927856,0.21112628281116486,mamba2-2.7b,2700000000,,854,42
Variants also existed that were intermediate between the monumental and cursive styles.,1.3,128,1773613543.290032,2026-03-15T23:25:43.290034,0.40945860743522644,0.17142361402511597,mamba2-2.7b,2700000000,,855,42
I want to walk you through the installation of one such tool: Trac.,1.3,128,1773613549.325273,2026-03-15T23:25:49.325275,0.5371837615966797,0.22568467259407043,mamba2-2.7b,2700000000,I want to walk you through the installation of one such tool,856,42
Cellular respiration results in the production of adenosine triphosphate (ATP) molecules for energy. The most efficient form of cellular respiration would result in the production of ATP along with which substances? (Answer: D),1.3,128,1773613555.3820076,2026-03-15T23:25:55.382009,0.38248804211616516,0.19259443879127502,mamba2-2.7b,2700000000,Cellular respiration results in the production of adenosine triphosphate (ATP) molecules for energy. The most efficient form of cellular respiration would result in the production of ATP along with which substances? (Answer,857,42
"Sexual violence was a concern for anarchists such as Benjamin Tucker, who opposed age of consent laws, believing they would benefit predatory men.",1.0,128,1773613561.4260707,2026-03-15T23:26:01.426073,0.744622528553009,0.13203732669353485,mamba2-2.7b,2700000000,,858,42
"Services should be carried out by behavior analysts, special education teachers, speech pathologists, and licensed psychologists.",1.3,128,1773613567.483693,2026-03-15T23:26:07.483694,0.4808914065361023,0.2179674655199051,mamba2-2.7b,2700000000,,859,42
Data in tables may also be presented in graphs. Which type of data would best be displayed on a circle graph? (Answer: D),1.3,128,1773613573.6370277,2026-03-15T23:26:13.637030,0.4640933871269226,0.19007708132266998,mamba2-2.7b,2700000000,Data in tables may also be presented in graphs. Which type of data would best be displayed on a circle graph? (Answer,860,43
It has been in operation since 1929.,0.7,104,1773613578.5626612,2026-03-15T23:26:18.562664,0.7300601005554199,0.1677950769662857,mamba2-2.7b,2700000000,,861,43
"Explain what this code does:
def function_85(x): return x * 2",1.3,128,1773613584.6322412,2026-03-15T23:26:24.632243,0.3929261565208435,0.16085383296012878,mamba2-2.7b,2700000000,Explain what this code does,862,43
"However, most of the Democratic sheriffs preside over rural and less populated counties.",0.7,128,1773613590.6930792,2026-03-15T23:26:30.693081,0.7832924127578735,0.14996691048145294,mamba2-2.7b,2700000000,,863,43
"Explain what this code does:
def function_11(x): return x * 2",1.0,128,1773613596.7344694,2026-03-15T23:26:36.734471,0.769981861114502,0.16072259843349457,mamba2-2.7b,2700000000,Explain what this code does,864,43
"21st century  In 2001, Alabama Supreme Court chief justice Roy Moore installed a statue of the Ten Commandments in the capitol in Montgomery.",1.3,128,1773613602.7666693,2026-03-15T23:26:42.766672,0.5269632339477539,0.21250052750110626,mamba2-2.7b,2700000000,,865,43
"However, there are no correspondingly similar words in the Alabama language.",1.3,128,1773613608.7939334,2026-03-15T23:26:48.793935,0.7337218523025513,0.16650661826133728,mamba2-2.7b,2700000000,,866,43
Which statement describes a harmful effect of clearing rainforests for farmland? (Answer: B),1.3,128,1773613614.837012,2026-03-15T23:26:54.837014,0.551659345626831,0.19829672574996948,mamba2-2.7b,2700000000,Which statement describes a harmful effect of clearing rainforests for farmland? (Answer,867,43
Some studies also find decreased earning among parents who care for autistic children.,1.3,128,1773613620.8834722,2026-03-15T23:27:00.883474,0.5767554044723511,0.24876710772514343,mamba2-2.7b,2700000000,,868,43
"Explain what this code does:
def function_41(x): return x * 2",0.7,128,1773613626.9324274,2026-03-15T23:27:06.932429,0.9694370031356812,0.04921571537852287,mamba2-2.7b,2700000000,Explain what this code does,869,43
What adaptation is necessary in intertidal ecosystems but not in reef ecosystems? (Answer: C),1.0,128,1773613632.9687564,2026-03-15T23:27:12.968758,0.7064650654792786,0.1670895665884018,mamba2-2.7b,2700000000,What adaptation is necessary in intertidal ecosystems but not in reef ecosystems? (Answer,870,43
"Explain what this code does:
def function_81(x): return x * 2",1.0,128,1773613639.0009537,2026-03-15T23:27:19.000955,0.7649081945419312,0.1267610639333725,mamba2-2.7b,2700000000,Explain what this code does,871,43
The oldest Jewish congregation in the state is Congregation Sha'arai Shomayim in Mobile.,1.3,128,1773613645.05434,2026-03-15T23:27:25.054341,0.5015218257904053,0.20018194615840912,mamba2-2.7b,2700000000,,872,43
"Explain what this code does:
def function_27(x): return x * 2",1.3,61,1773613647.9260142,2026-03-15T23:27:27.926016,0.6737940907478333,0.18080651760101318,mamba2-2.7b,2700000000,Explain what this code does,873,43
"Over the next decade, the company toured the ballet extensively, exposing it to audiences nationwide.",1.0,128,1773613653.9954145,2026-03-15T23:27:33.995416,0.7287176847457886,0.1499243676662445,mamba2-2.7b,2700000000,,874,43
"Explain what this code does:
def function_36(x): return x * 2",0.7,128,1773613660.0679383,2026-03-15T23:27:40.067940,0.8509079217910767,0.11417483538389206,mamba2-2.7b,2700000000,Explain what this code does,875,43
"For those looking to prepare for the exam, the post recommends going to the AWS Training website and working on the Advanced Architecting on AWS and Security Operations on AWS trainings.",1.0,128,1773613666.1367397,2026-03-15T23:27:46.136742,0.7585788369178772,0.148472860455513,mamba2-2.7b,2700000000,,876,43
"Even though many anarchists distanced themselves from these terrorist acts, infamy came upon the movement and attempts were made to exclude them from American immigration, including the Immigration Act of 1903, also called the Anarchist Exclusion Act.",0.7,128,1773613672.2096176,2026-03-15T23:27:52.209619,0.745481550693512,0.14592917263507843,mamba2-2.7b,2700000000,,877,43
"Trac can be used as a wiki, a project management system, and for tracking bugs in software development.",1.3,128,1773613678.2599432,2026-03-15T23:27:58.259945,0.360970139503479,0.17411482334136963,mamba2-2.7b,2700000000,,878,43
"More than half of US children diagnosed with ASD are prescribed psychoactive drugs or anticonvulsants, with the most common drug classes being antidepressants, stimulants, and antipsychotics.",0.7,128,1773613684.3417685,2026-03-15T23:28:04.341770,0.7711548209190369,0.12928855419158936,mamba2-2.7b,2700000000,,879,43
A -wide meteorite hit the area about 80 million years ago.,1.3,128,1773613690.477934,2026-03-15T23:28:10.477935,0.4984663426876068,0.1975930631160736,mamba2-2.7b,2700000000,,880,44
Four materials are put into small containers. These materials are then moved from the small containers into larger containers. Which material will spread out to completely fill a larger container? (Answer: A),1.0,1,1773613690.5249953,2026-03-15T23:28:10.524995,0.7521495819091797,,mamba2-2.7b,2700000000,Four materials are put into small containers. These materials are then moved from the small containers into larger containers. Which material will spread out to completely fill a larger container? (Answer,881,44
Four materials are put into small containers. These materials are then moved from the small containers into larger containers. Which material will spread out to completely fill a larger container? (Answer: A),0.7,128,1773613696.5820181,2026-03-15T23:28:16.582020,0.7489814758300781,0.13370783627033234,mamba2-2.7b,2700000000,Four materials are put into small containers. These materials are then moved from the small containers into larger containers. Which material will spread out to completely fill a larger container? (Answer,882,44
What are you most looking forward to in your new role?,1.0,128,1773613702.6427164,2026-03-15T23:28:22.642718,0.6956838369369507,0.1441454142332077,mamba2-2.7b,2700000000,,883,44
Which term best describes the life cycle of an insect that reaches the adult stage without being a pupa? (Answer: A),1.0,128,1773613708.7120566,2026-03-15T23:28:28.712058,0.821389377117157,0.16685734689235687,mamba2-2.7b,2700000000,Which term best describes the life cycle of an insect that reaches the adult stage without being a pupa? (Answer,884,44
"Edmundson says that while the individual does not owe the state a duty of obedience, this does not imply that anarchism is the inevitable conclusion and the state is still morally legitimate.",1.0,128,1773613714.797459,2026-03-15T23:28:34.797460,0.7241662740707397,0.13032621145248413,mamba2-2.7b,2700000000,,885,44
"Muslims have been increasing in Alabama, with 31 mosques built by 2011, many by African-American converts.",1.3,128,1773613720.8742456,2026-03-15T23:28:40.874247,0.49218127131462097,0.18327318131923676,mamba2-2.7b,2700000000,,886,44
"The big takeaways for tech leaders: Qualcomm has unveiled the Snapdragon XR1 chip, which could bring high-quality AR and VR experiences to more users, at a lower cost.",1.3,128,1773613726.950019,2026-03-15T23:28:46.950020,0.4421357214450836,0.19322308897972107,mamba2-2.7b,2700000000,The big takeaways for tech leaders,887,44
Which of these is not an inherited trait in humans? (Answer: D),1.3,33,1773613728.5045614,2026-03-15T23:28:48.504563,0.5779738426208496,0.17653919756412506,mamba2-2.7b,2700000000,Which of these is not an inherited trait in humans? (Answer,888,44
European settlement  The Spanish were the first Europeans to reach Alabama during their exploration of North America in the 16th century.,1.0,128,1773613734.5611858,2026-03-15T23:28:54.561188,0.7989224195480347,0.1502034068107605,mamba2-2.7b,2700000000,,889,44
"), autocratic religions (e.g., fundamentalist Islam, Roman Catholicism, etc.",1.0,128,1773613740.6098251,2026-03-15T23:29:00.609827,0.6810168027877808,0.15273383259773254,mamba2-2.7b,2700000000,,890,44
Alabama ranks ninth in the number of deaths from lightning and tenth in the number of deaths from lightning strikes per capita.,1.3,128,1773613746.6444793,2026-03-15T23:29:06.644481,0.39422377943992615,0.202504500746727,mamba2-2.7b,2700000000,,891,44
"This compared to more than 181,000 African Americans eligible to vote in 1900.",0.7,128,1773613752.6866934,2026-03-15T23:29:12.686695,0.7876982092857361,0.16151365637779236,mamba2-2.7b,2700000000,,892,44
"The Royal Swedish Ballet in Alexander Ekman's ""Midsummer Night's Dream.""",0.7,128,1773613758.738547,2026-03-15T23:29:18.738549,0.8708689212799072,0.15909552574157715,mamba2-2.7b,2700000000,,893,44
Aquaculture   Aquaculture is a large part of the economy of Alabama.,1.3,128,1773613764.794917,2026-03-15T23:29:24.794919,0.4854070544242859,0.19132094085216522,mamba2-2.7b,2700000000,,894,44
Balanchine included Shiryaev's original choreography in his Nutcracker.,1.3,128,1773613770.8458924,2026-03-15T23:29:30.845894,0.3823264241218567,0.19969862699508667,mamba2-2.7b,2700000000,,895,44
"In 1861, the state seceded from the United States to become part of the Confederate States of America, with Montgomery acting as its first capital, and rejoined the Union in 1868.",1.3,128,1773613776.9220493,2026-03-15T23:29:36.922052,0.5447218418121338,0.1978113055229187,mamba2-2.7b,2700000000,,896,44
"While part of the same large language family, the Muskogee tribes developed distinct cultures and languages.",0.7,128,1773613782.9892707,2026-03-15T23:29:42.989272,0.7593405246734619,0.1442692130804062,mamba2-2.7b,2700000000,,897,44
"Explain what this code does:
def function_1(x): return x * 2",0.7,128,1773613789.039208,2026-03-15T23:29:49.039209,0.8288412094116211,0.13078252971172333,mamba2-2.7b,2700000000,Explain what this code does,898,44
"Explain what this code does:
def function_97(x): return x * 2",0.7,96,1773613793.5639336,2026-03-15T23:29:53.563935,0.8326941728591919,0.12857173383235931,mamba2-2.7b,2700000000,Explain what this code does,899,44
"In addition, there are currently five auxiliary interstate routes in the state: I-165 in Mobile, I-359 in Tuscaloosa, I-459 around Birmingham, I-565 in Decatur and Huntsville, and I-759 in Gadsden.",1.0,46,1773613795.8356092,2026-03-15T23:29:55.835611,0.7264183759689331,0.14517444372177124,mamba2-2.7b,2700000000,"In addition, there are currently five auxiliary interstate routes in the state",900,45
"""The kind of information that can be disclosed via email should be spelled out very clearly,"" he added.",1.0,128,1773613801.8907433,2026-03-15T23:30:01.890745,0.7682397365570068,0.15260665118694305,mamba2-2.7b,2700000000,,901,45
The male insects in a population are treated to prevent sperm production. Would this reduce this insect population? (Answer: C),1.0,111,1773613807.1445243,2026-03-15T23:30:07.144526,0.7367885112762451,0.15118403732776642,mamba2-2.7b,2700000000,The male insects in a population are treated to prevent sperm production. Would this reduce this insect population? (Answer,902,45
We had the chance to talk to the thoughtful and eloquent dancer about her time with the company and goals for the future.,1.3,128,1773613813.2072577,2026-03-15T23:30:13.207259,0.46824952960014343,0.17517991364002228,mamba2-2.7b,2700000000,,903,45
"Albedo in Astronomy  In astronomy, the term albedo can be defined in several different ways, depending upon the application and the wavelength of electromagnetic radiation involved.",1.3,128,1773613819.2732625,2026-03-15T23:30:19.273264,0.6690072417259216,0.18039220571517944,mamba2-2.7b,2700000000,,904,45
"Even though many anarchists distanced themselves from these terrorist acts, infamy came upon the movement and attempts were made to exclude them from American immigration, including the Immigration Act of 1903, also called the Anarchist Exclusion Act.",1.3,128,1773613825.353849,2026-03-15T23:30:25.353851,0.4166053533554077,0.18545159697532654,mamba2-2.7b,2700000000,,905,45
An ice cube placed in sunlight melts quickly. Which BEST explains this event? (Answer: B),1.0,128,1773613831.4231157,2026-03-15T23:30:31.423118,0.7977745532989502,0.15445387363433838,mamba2-2.7b,2700000000,An ice cube placed in sunlight melts quickly. Which BEST explains this event? (Answer,906,45
"Other members of the executive branch include the cabinet, the lieutenant governor of Alabama, the Attorney General of Alabama, the Alabama Secretary of State, the Alabama State Treasurer, and the State Auditor of Alabama.",0.7,128,1773613837.491975,2026-03-15T23:30:37.491977,0.8524143099784851,0.10613999515771866,mamba2-2.7b,2700000000,,907,45
"The agrarian Mississippian culture covered most of the state from 1000 to 1600 CE, with one of its major centers built at what is now the Moundville Archaeological Site in Moundville, Alabama.",1.0,128,1773613843.53491,2026-03-15T23:30:43.534912,0.7434175610542297,0.1540856957435608,mamba2-2.7b,2700000000,,908,45
"It has a seating capacity of 143,000 and is the thirteenth largest stadium in the world and sixth largest stadium in America.",0.7,128,1773613849.6017773,2026-03-15T23:30:49.601779,0.7942980527877808,0.13165973126888275,mamba2-2.7b,2700000000,,909,45
BDA does participate in exchange programs with ballet schools around the world.,1.3,128,1773613855.6433234,2026-03-15T23:30:55.643325,0.4640444219112396,0.1863919496536255,mamba2-2.7b,2700000000,,910,45
"At the end of the Roman Empire (5th century AD), several variants of the cursive minuscule developed through Western Europe.",0.7,128,1773613861.700961,2026-03-15T23:31:01.700963,0.785588264465332,0.15136969089508057,mamba2-2.7b,2700000000,,911,45
Parents often notice signs during the first three years of their child's life.,1.3,128,1773613867.7625878,2026-03-15T23:31:07.762590,0.5562855005264282,0.20944081246852875,mamba2-2.7b,2700000000,,912,45
"As a result, preparation is intense.",0.7,128,1773613873.8367877,2026-03-15T23:31:13.836789,0.7512571811676025,0.17370207607746124,mamba2-2.7b,2700000000,,913,45
Her undying passion for these pieces is incredibly inspiring.,1.0,128,1773613879.8860269,2026-03-15T23:31:19.886029,0.7609152793884277,0.15368585288524628,mamba2-2.7b,2700000000,,914,45
"Explain what this code does:
def function_46(x): return x * 2",0.7,93,1773613884.2854428,2026-03-15T23:31:24.285444,0.8421930074691772,0.12614257633686066,mamba2-2.7b,2700000000,Explain what this code does,915,45
"NASA's Marshall Space Flight Center in Huntsville would help Alabama's economic growth in the mid-to-late 20th century, by developing an aerospace industry.",1.3,128,1773613890.3737574,2026-03-15T23:31:30.373759,0.5457890033721924,0.19540151953697205,mamba2-2.7b,2700000000,,916,45
"If Earth were frozen entirely (and hence be more reflective), the average temperature of the planet would drop below .",1.3,128,1773613896.4422023,2026-03-15T23:31:36.442204,0.4780045747756958,0.21565061807632446,mamba2-2.7b,2700000000,,917,45
A significant event of this period was the confrontations at the 1999 Seattle WTO conference.,1.3,128,1773613902.509832,2026-03-15T23:31:42.509833,0.3240230679512024,0.14015477895736694,mamba2-2.7b,2700000000,,918,45
"Data is money.""",0.7,128,1773613908.5733628,2026-03-15T23:31:48.573365,0.7637690305709839,0.1589081734418869,mamba2-2.7b,2700000000,,919,45
"An estimated 60–80% of autistic people have motor signs that include poor muscle tone, poor motor planning, and toe walking;  deficits in motor coordination are pervasive across ASD and are greater in autism proper.",0.7,128,1773613914.7295256,2026-03-15T23:31:54.729527,0.8315980434417725,0.12618881464004517,mamba2-2.7b,2700000000,,920,46
"For some, that means setting up a server and running a Git repository for the housing of proprietary or open source code.",0.7,128,1773613920.7615676,2026-03-15T23:32:00.761569,0.7369513511657715,0.14512279629707336,mamba2-2.7b,2700000000,,921,46
Which of these do scientists offer as the most recent explanation as to why many plants and animals died out at the end of the Mesozoic era? (Answer: D),0.7,128,1773613926.800595,2026-03-15T23:32:06.800597,0.8251801133155823,0.15646116435527802,mamba2-2.7b,2700000000,Which of these do scientists offer as the most recent explanation as to why many plants and animals died out at the end of the Mesozoic era? (Answer,922,46
The judiciary is responsible for interpreting the Constitution of Alabama and applying the law in state criminal and civil cases.,1.3,128,1773613932.8319087,2026-03-15T23:32:12.831910,0.5074864625930786,0.2339051514863968,mamba2-2.7b,2700000000,,923,46
BDA alumni in American companies include San Francisco Ballet soloists Wei Wang and Wanting Zhao and ABT corps members Zhiyao Zhang and Xuelan Lu.,0.7,128,1773613938.875524,2026-03-15T23:32:18.875526,0.7973586320877075,0.1451006978750229,mamba2-2.7b,2700000000,,924,46
The composition of soil influences the soil's ability to retain and transmit water and air. What soil type would be best for planting a productive garden? (Answer: B),0.7,128,1773613944.9498596,2026-03-15T23:32:24.949862,0.946174144744873,0.1139393001794815,mamba2-2.7b,2700000000,The composition of soil influences the soil's ability to retain and transmit water and air. What soil type would be best for planting a productive garden? (Answer,925,46
(A Birmingham city ordinance would have raised theirs to $10.10.),1.3,128,1773613951.0175898,2026-03-15T23:32:31.017591,0.5920819044113159,0.17363077402114868,mamba2-2.7b,2700000000,,926,46
And then the last third is basically just direct quotes from his films and bringing them back to life.,1.3,128,1773613957.0927982,2026-03-15T23:32:37.092800,0.46754220128059387,0.23135831952095032,mamba2-2.7b,2700000000,,927,46
"Explain what this code does:
def function_13(x): return x * 2",1.3,128,1773613963.151815,2026-03-15T23:32:43.151816,0.34042876958847046,0.10634063929319382,mamba2-2.7b,2700000000,Explain what this code does,928,46
"Other members of the executive branch include the cabinet, the lieutenant governor of Alabama, the Attorney General of Alabama, the Alabama Secretary of State, the Alabama State Treasurer, and the State Auditor of Alabama.",1.0,128,1773613969.2154903,2026-03-15T23:32:49.215493,0.8546983599662781,0.1222643181681633,mamba2-2.7b,2700000000,,929,46
"In response to the army rebellion, an anarchist-inspired movement of peasants and workers, supported by armed militias, took control of Barcelona and of large areas of rural Spain, where they collectivised the land.",0.7,128,1773613975.2888622,2026-03-15T23:32:55.288864,0.7246184945106506,0.14252887666225433,mamba2-2.7b,2700000000,,930,46
"Contemporary-era anarchists have been engaging with various grassroots movements that are more or less based on horizontalism, although not explicitly anarchist, respecting personal autonomy and participating in mass activism such as strikes and demonstrations.",0.7,128,1773613981.3650527,2026-03-15T23:33:01.365054,0.7242926359176636,0.15013843774795532,mamba2-2.7b,2700000000,,931,46
"Explain what this code does:
def function_84(x): return x * 2",1.3,19,1773613982.259741,2026-03-15T23:33:02.259743,0.7978558540344238,0.1203591525554657,mamba2-2.7b,2700000000,Explain what this code does,932,46
"Acid rain has a pH below 5.6. This rain can damage soil, lakes, crops, and buildings. Acid rain is caused by all of the following except (Answer: D)",1.3,128,1773613988.343675,2026-03-15T23:33:08.343677,0.43561622500419617,0.1793941706418991,mamba2-2.7b,2700000000,"Acid rain has a pH below 5.6. This rain can damage soil, lakes, crops, and buildings. Acid rain is caused by all of the following except (Answer",933,46
It was a notable feature of the international syndicalism movement.,1.3,71,1773613991.6990068,2026-03-15T23:33:11.699008,0.6307971477508545,0.1719168722629547,mamba2-2.7b,2700000000,,934,46
"Humans lived in societies without formal hierarchies long before the establishment of formal states, realms, or empires.",1.3,128,1773613997.7369523,2026-03-15T23:33:17.736954,0.4353569746017456,0.1900004744529724,mamba2-2.7b,2700000000,,935,46
It is used to define scattering of electromagnetic waves on small particles.,1.3,128,1773614003.7838738,2026-03-15T23:33:23.783876,0.42679062485694885,0.21593795716762543,mamba2-2.7b,2700000000,,936,46
"During most of the year, the air over Boston, Massachusetts, contains a high amount of moisture. Which of the following best explains why there is a high amount of moisture in the air? (Answer: A)",1.0,128,1773614009.866856,2026-03-15T23:33:29.866858,0.775641679763794,0.1399439126253128,mamba2-2.7b,2700000000,"During most of the year, the air over Boston, Massachusetts, contains a high amount of moisture. Which of the following best explains why there is a high amount of moisture in the air? (Answer",937,46
"Indigenous animal species in the state include 62 mammal species, 93 reptile species, 73 amphibian species, roughly 307 native freshwater fish species, and 420 bird species that spend at least part of their year within the state.",0.7,50,1773614012.2395163,2026-03-15T23:33:32.239518,0.8047306537628174,0.17094063758850098,mamba2-2.7b,2700000000,,938,46
"In 2010, per capita income for the state was $22,984.",1.3,128,1773614018.3148208,2026-03-15T23:33:38.314822,0.5238660573959351,0.19604989886283875,mamba2-2.7b,2700000000,,939,46
"Typographic variants  During Roman times, there were many variant forms of the letter ""A"".",1.3,128,1773614024.4693553,2026-03-15T23:33:44.469357,0.5328468084335327,0.15690547227859497,mamba2-2.7b,2700000000,,940,47
"34 total views, 34 views today Share Us",1.3,128,1773614030.5193796,2026-03-15T23:33:50.519381,0.4384951591491699,0.16522391140460968,mamba2-2.7b,2700000000,,941,47
The gravitational force exerted by an object depends on its (Answer: C),1.0,128,1773614036.556806,2026-03-15T23:33:56.556808,0.7743270397186279,0.12423983216285706,mamba2-2.7b,2700000000,The gravitational force exerted by an object depends on its (Answer,942,47
Sleep problems affect about two-thirds of individuals with ASD at some point in childhood.,1.0,128,1773614042.6167529,2026-03-15T23:34:02.616754,0.7771676778793335,0.13107696175575256,mamba2-2.7b,2700000000,,943,47
The source of energy for the Earth's water cycle is the (Answer: B),1.3,128,1773614048.677704,2026-03-15T23:34:08.677706,0.45495015382766724,0.1978132426738739,mamba2-2.7b,2700000000,The source of energy for the Earth's water cycle is the (Answer,944,47
"Hoffmann, a German writer, penned the eerie and dark tale ""Nutcracker and Mouse King"" in 1816.",1.3,128,1773614054.7226999,2026-03-15T23:34:14.722702,0.37702804803848267,0.17659269273281097,mamba2-2.7b,2700000000,,945,47
"For some, that means setting up a server and running a Git repository for the housing of proprietary or open source code.",1.0,128,1773614060.7586725,2026-03-15T23:34:20.758674,0.7406502962112427,0.14768700301647186,mamba2-2.7b,2700000000,,946,47
"Local elections Many local offices (county commissioners, boards of education, tax assessors, tax collectors, etc.)",1.0,128,1773614066.7964485,2026-03-15T23:34:26.796450,0.5815003514289856,0.14229683578014374,mamba2-2.7b,2700000000,,947,47
"Also Robbins' Dances at a Gathering... there are so many, it's hard to choose!",1.0,128,1773614072.8376133,2026-03-15T23:34:32.837616,0.7276978492736816,0.16663308441638947,mamba2-2.7b,2700000000,,948,47
The appropriateness of including children with varying severity of autism spectrum disorders in the general education population is a subject of current debate among educators and researchers.,1.3,128,1773614078.869263,2026-03-15T23:34:38.869264,0.6587786674499512,0.20239044725894928,mamba2-2.7b,2700000000,,949,47
"Fortunately there's a solution, one that's incredibly simple.",0.7,128,1773614084.9064467,2026-03-15T23:34:44.906448,0.7945152521133423,0.14059516787528992,mamba2-2.7b,2700000000,,950,47
3.,1.0,128,1773614090.9496956,2026-03-15T23:34:50.949697,0.7340524196624756,0.1600954234600067,mamba2-2.7b,2700000000,,951,47
"Williams, Benjamin Buford.",0.7,128,1773614097.0240593,2026-03-15T23:34:57.024061,0.7689955234527588,0.1509341150522232,mamba2-2.7b,2700000000,,952,47
WPA Guide to Alabama (1939).,0.7,128,1773614103.0996096,2026-03-15T23:35:03.099611,0.9403008222579956,0.11703954637050629,mamba2-2.7b,2700000000,,953,47
"Now click on the Repositories entry in the left navigation, click the Create button, give the repository a name, and click Submit.",1.0,128,1773614109.17987,2026-03-15T23:35:09.179872,0.7909553050994873,0.11488905549049377,mamba2-2.7b,2700000000,,954,47
"Society and culture  An autistic culture has emerged, accompanied by the autistic rights and neurodiversity movements.",1.3,128,1773614115.2376468,2026-03-15T23:35:15.237649,0.5354010462760925,0.21946145594120026,mamba2-2.7b,2700000000,,955,47
"One evening as it is getting dark, Alex sits on the front porch and watches the sun slowly disappear behind the neighbor's house across the street. Which explains this observation? (Answer: D)",1.3,128,1773614121.2853863,2026-03-15T23:35:21.285388,0.48967477679252625,0.20779572427272797,mamba2-2.7b,2700000000,"One evening as it is getting dark, Alex sits on the front porch and watches the sun slowly disappear behind the neighbor's house across the street. Which explains this observation? (Answer",956,47
"There is tentative evidence that music therapy may improve social interactions, verbal communication, and non-verbal communication skills.",1.3,128,1773614127.3385987,2026-03-15T23:35:27.338600,0.45028576254844666,0.1567607969045639,mamba2-2.7b,2700000000,,957,47
The principle of equal liberty is closer to anarchist political ethics in that it transcends both the liberal and socialist traditions.,1.3,128,1773614133.401083,2026-03-15T23:35:33.401085,0.506287693977356,0.2064531445503235,mamba2-2.7b,2700000000,,958,47
Which land form is the result of the constructive force of a glacier? (Answer: B),0.7,128,1773614139.45483,2026-03-15T23:35:39.454831,0.9139738082885742,0.12229982018470764,mamba2-2.7b,2700000000,Which land form is the result of the constructive force of a glacier? (Answer,959,47
New York City Ballet continues its first year without Peter Martins at the helm as our spring season opens tonight.,0.7,128,1773614145.5990098,2026-03-15T23:35:45.599011,0.7360349893569946,0.15643543004989624,mamba2-2.7b,2700000000,,960,48
Sleep problems affect about two-thirds of individuals with ASD at some point in childhood.,1.3,128,1773614151.6420286,2026-03-15T23:35:51.642030,0.5178927183151245,0.22619250416755676,mamba2-2.7b,2700000000,,961,48
"This time around, everything went smoothly and I was able to log into the Gitstorage interface (Figure B).",1.3,128,1773614157.6994927,2026-03-15T23:35:57.699495,0.3844350576400757,0.19316352903842926,mamba2-2.7b,2700000000,,962,48
A chemical property of a mineral is evident if the mineral (Answer: 2),0.7,128,1773614163.75496,2026-03-15T23:36:03.754962,0.8738301396369934,0.14816680550575256,mamba2-2.7b,2700000000,A chemical property of a mineral is evident if the mineral (Answer,963,48
"Society and culture  An autistic culture has emerged, accompanied by the autistic rights and neurodiversity movements.",1.0,128,1773614169.820045,2026-03-15T23:36:09.820047,0.7196485996246338,0.1364697962999344,mamba2-2.7b,2700000000,,964,48
"Explain what this code does:
def function_18(x): return x * 2",1.0,128,1773614175.8849733,2026-03-15T23:36:15.884975,0.9049073457717896,0.10766920447349548,mamba2-2.7b,2700000000,Explain what this code does,965,48
"Some days you might not feel good about yourself, or things in your body might not be working well—every day is different.",0.7,128,1773614181.946284,2026-03-15T23:36:21.946286,0.7981951236724854,0.12009137868881226,mamba2-2.7b,2700000000,,966,48
"Explain what this code does:
def function_26(x): return x * 2",1.3,128,1773614188.0021312,2026-03-15T23:36:28.002134,0.6203749179840088,0.22006672620773315,mamba2-2.7b,2700000000,Explain what this code does,967,48
Subscribe Also see,1.0,128,1773614194.0600255,2026-03-15T23:36:34.060027,0.7305206060409546,0.1516694575548172,mamba2-2.7b,2700000000,,968,48
Which factor can increase the amount of sulfur dioxide in the air? (Answer: B),1.0,71,1773614197.4231822,2026-03-15T23:36:37.423184,0.7723455429077148,0.1331745982170105,mamba2-2.7b,2700000000,Which factor can increase the amount of sulfur dioxide in the air? (Answer,969,48
"Due to measurement constraints, it is often given for the spectrum in which most solar energy reaches the surface (between 0.3 and 3 μm).",1.3,128,1773614203.497763,2026-03-15T23:36:43.497765,0.5095633864402771,0.1838855892419815,mamba2-2.7b,2700000000,,970,48
"Bryant–Denny Stadium is the home of the Alabama football team, and has a seating capacity of 101,821, and is the fifth largest stadium in America.",0.7,15,1773614204.2071178,2026-03-15T23:36:44.207120,0.7189167141914368,0.11822158843278885,mamba2-2.7b,2700000000,,971,48
"OEMs like Meta, VIVE, Vuzix, and Picoare are already building on the XR1 platform, the release said.",1.0,103,1773614209.0850813,2026-03-15T23:36:49.085083,0.7708629369735718,0.13639740645885468,mamba2-2.7b,2700000000,,972,48
"In this article, autism refers to the classic autistic disorder; in clinical practice, though, autism, ASD, and PDD are often used interchangeably.",1.0,128,1773614215.1437364,2026-03-15T23:36:55.143738,0.765587329864502,0.1475086808204651,mamba2-2.7b,2700000000,,973,48
"Photo by Alexander Iziliaev, Courtesy Nevada Ballet Theatre.",0.7,128,1773614221.1804883,2026-03-15T23:37:01.180490,0.7345776557922363,0.17397169768810272,mamba2-2.7b,2700000000,,974,48
Log in with the user admin and the password you set when you created admin user earlier.,1.3,128,1773614227.2197063,2026-03-15T23:37:07.219708,0.454970121383667,0.15993544459342957,mamba2-2.7b,2700000000,,975,48
"Explain what this code does:
def function_54(x): return x * 2",0.7,128,1773614233.2791073,2026-03-15T23:37:13.279109,0.7879568338394165,0.11639344692230225,mamba2-2.7b,2700000000,Explain what this code does,976,48
"Fortunately, I was sent two devices, so I unplugged the first (a GS-16) and plugged in the second (a GS-64).",1.3,128,1773614239.3371336,2026-03-15T23:37:19.337135,0.4913274049758911,0.17624500393867493,mamba2-2.7b,2700000000,,977,48
New York City Ballet continues its first year without Peter Martins at the helm as our spring season opens tonight.,1.3,128,1773614245.364358,2026-03-15T23:37:25.364360,0.44908440113067627,0.22599101066589355,mamba2-2.7b,2700000000,,978,48
"In addition, Alabama produces aerospace and electronic products, mostly in the Huntsville area, the location of NASA's George C. Marshall Space Flight Center and the U.S. Army Materiel Command, headquartered at Redstone Arsenal.",1.3,128,1773614251.4042962,2026-03-15T23:37:31.404298,0.657951831817627,0.16944198310375214,mamba2-2.7b,2700000000,,979,48
Rural workers poured into the largest cities in the state for better jobs and a higher standard of living.,1.0,128,1773614257.5433226,2026-03-15T23:37:37.543324,0.7769909501075745,0.1374003291130066,mamba2-2.7b,2700000000,,980,49
"Through this new Jakarta EE Working Group process, we should see big Java EE vendors like IBM, Red Hat, and Oracle working within the open processes of the Eclipse Foundation with smaller vendors like Tomitribe and Payara.",1.3,128,1773614263.5820131,2026-03-15T23:37:43.582015,0.5463007688522339,0.2215113341808319,mamba2-2.7b,2700000000,,981,49
"It is not known whether treatment programs for children lead to significant improvements after the children grow up, and the limited research on the effectiveness of adult residential programs shows mixed results.",1.0,128,1773614269.620159,2026-03-15T23:37:49.620161,0.7762115597724915,0.13056638836860657,mamba2-2.7b,2700000000,,982,49
"Depending on how you count, some 14 million Java programmers code today, with many of them paid well to maintain massive enterprise applications (an estimated 80% of enterprise workloads run on Java).",1.3,128,1773614275.6675265,2026-03-15T23:37:55.667528,0.4671725034713745,0.21693171560764313,mamba2-2.7b,2700000000,,983,49
"The heart, blood vessels, kidneys, and bladder working together are best described as (Answer: D)",1.3,128,1773614281.7136688,2026-03-15T23:38:01.713671,0.4531676769256592,0.20275171101093292,mamba2-2.7b,2700000000,"The heart, blood vessels, kidneys, and bladder working together are best described as (Answer",984,49
"Explain what this code does:
def function_46(x): return x * 2",1.3,128,1773614287.7853417,2026-03-15T23:38:07.785343,0.5353316068649292,0.20455746352672577,mamba2-2.7b,2700000000,Explain what this code does,985,49
"Clouds keep Earth cool by reflecting sunlight, but they can also serve as blankets to trap warmth.""",0.7,128,1773614293.8458204,2026-03-15T23:38:13.845822,0.7771368026733398,0.14128315448760986,mamba2-2.7b,2700000000,,986,49
"Explain what this code does:
def function_0(x): return x * 2",1.0,128,1773614299.9151654,2026-03-15T23:38:19.915167,0.843048095703125,0.11440912634134293,mamba2-2.7b,2700000000,Explain what this code does,987,49
The source of energy for the Earth's water cycle is the (Answer: B),0.7,98,1773614304.5459929,2026-03-15T23:38:24.545994,0.8410784602165222,0.12861661612987518,mamba2-2.7b,2700000000,The source of energy for the Earth's water cycle is the (Answer,988,49
The Nutcracker's first major exposure outside of Russia took place in London in 1934.,1.0,9,1773614304.9678204,2026-03-15T23:38:24.967822,0.6101816296577454,0.11930491775274277,mamba2-2.7b,2700000000,,989,49
"In English grammar, ""a"", and its variant ""an"", is an indefinite article, used to introduce noun phrases.",0.7,128,1773614311.0198731,2026-03-15T23:38:31.019875,0.8008790016174316,0.14344069361686707,mamba2-2.7b,2700000000,,990,49
"Sample symptoms include lack of social or emotional reciprocity, stereotyped and repetitive use of language or idiosyncratic language, and persistent preoccupation with unusual objects.",0.7,128,1773614317.0703037,2026-03-15T23:38:37.070305,0.7869188785552979,0.14638930559158325,mamba2-2.7b,2700000000,,991,49
The following mathematical expressions represent four different concentrations of a chemical solution to be used in a science experiment. Which one is equal in magnitude to 1/1000? (Answer: C),0.7,128,1773614323.12022,2026-03-15T23:38:43.120222,0.9098179340362549,0.12841962277889252,mamba2-2.7b,2700000000,The following mathematical expressions represent four different concentrations of a chemical solution to be used in a science experiment. Which one is equal in magnitude to 1/1000? (Answer,992,49
"Bryant–Denny Stadium is the home of the Alabama football team, and has a seating capacity of 101,821, and is the fifth largest stadium in America.",1.0,125,1773614329.0409749,2026-03-15T23:38:49.040976,0.7957646250724792,0.13402408361434937,mamba2-2.7b,2700000000,,993,49
"Joint attention seems to be necessary for functional speech, and deficits in joint attention seem to distinguish infants with ASD.",1.3,128,1773614335.1049507,2026-03-15T23:38:55.104952,0.5150458812713623,0.22479993104934692,mamba2-2.7b,2700000000,,994,49
Which of the following is an example of a physical change? (Answer: B),1.0,128,1773614341.176436,2026-03-15T23:39:01.176438,0.8275719881057739,0.1624453067779541,mamba2-2.7b,2700000000,Which of the following is an example of a physical change? (Answer,995,49
"During a search warrant on the two vehicles two printers, blank checks, cash, and a computer with check-making software were located and seized.",0.7,73,1773614344.6304617,2026-03-15T23:39:04.630463,0.7823242545127869,0.16984382271766663,mamba2-2.7b,2700000000,,996,49
Contemporary news coverage which emphasizes black bloc demonstrations has reinforced anarchism's historical association with chaos and violence.,1.0,128,1773614350.6863215,2026-03-15T23:39:10.686323,0.6932883262634277,0.15702632069587708,mamba2-2.7b,2700000000,,997,49
"The record low of  occurred on January 30, 1966, in New Market.",1.0,128,1773614356.7208269,2026-03-15T23:39:16.720829,0.8331297039985657,0.13972093164920807,mamba2-2.7b,2700000000,,998,49
"Census-designated and metropolitan areas  Cities  Demographics  According to the 2020 United States census the population of Alabama was 5,024,279 on April 1, 2020, which represents an increase of 244,543 or 5.12%, since the 2010 census.",0.7,128,1773614362.7784667,2026-03-15T23:39:22.778468,0.8858239650726318,0.1510641872882843,mamba2-2.7b,2700000000,,999,49
"Rain forests contain more species of trees than any other biome. However, scientists have found that the soil of the forest floor is relatively nutrient poor. What could most likely account for this? (Answer: B)",1.3,128,1773614368.9217076,2026-03-15T23:39:28.921709,0.3888516426086426,0.19510377943515778,mamba2-2.7b,2700000000,"Rain forests contain more species of trees than any other biome. However, scientists have found that the soil of the forest floor is relatively nutrient poor. What could most likely account for this? (Answer",1000,50
"In Reynolds v. Sims (1964), the U.S. Supreme Court implemented the principle of ""one man, one vote"", ruling that congressional districts had to be reapportioned based on censuses (as the state already included in its constitution but had not implemented.)",1.3,128,1773614374.9697132,2026-03-15T23:39:34.969715,0.3880237340927124,0.20645232498645782,mamba2-2.7b,2700000000,,1001,50
A boat is acted on by a river current flowing north and by wind blowing on its sails. The boat travels northeast. In which direction is the wind most likely applying force to the sails of the boat? (Answer: B),0.7,128,1773614381.0318284,2026-03-15T23:39:41.031831,0.8444975018501282,0.11825192719697952,mamba2-2.7b,2700000000,A boat is acted on by a river current flowing north and by wind blowing on its sails. The boat travels northeast. In which direction is the wind most likely applying force to the sails of the boat? (Answer,1002,50
WPA Guide to Alabama (1939).,1.3,128,1773614387.0807326,2026-03-15T23:39:47.080734,0.49717897176742554,0.23641538619995117,mamba2-2.7b,2700000000,,1003,50
"""Showing can be more effective than telling.",1.3,128,1773614393.136612,2026-03-15T23:39:53.136613,0.512063205242157,0.19611725211143494,mamba2-2.7b,2700000000,,1004,50
"He holds his hands towards his chest, indicating the sign for ""I.""",1.0,128,1773614399.2129316,2026-03-15T23:39:59.212933,0.6742475032806396,0.1695658564567566,mamba2-2.7b,2700000000,,1005,50
"Explain what this code does:
def function_15(x): return x * 2",1.0,128,1773614405.2869837,2026-03-15T23:40:05.286985,0.8033142685890198,0.10802274942398071,mamba2-2.7b,2700000000,Explain what this code does,1006,50
"Different types of clouds exhibit different reflectivity, theoretically ranging in albedo from a minimum of near 0 to a maximum approaching 0.8.",0.7,128,1773614411.351223,2026-03-15T23:40:11.351225,0.755004346370697,0.13960382342338562,mamba2-2.7b,2700000000,,1007,50
"I approached him about doing a different project a long time ago, and he said ""well, maybe that's not the correct project.""",1.0,128,1773614417.4120271,2026-03-15T23:40:17.412029,0.7110627889633179,0.12489742785692215,mamba2-2.7b,2700000000,,1008,50
"Minorities usually accept rough consensus, except when they feel the proposal contradicts anarchist ethics, goals and values.",1.0,128,1773614423.4912558,2026-03-15T23:40:23.491258,0.6755512952804565,0.16075143218040466,mamba2-2.7b,2700000000,,1009,50
"Black residents effectively taxed themselves twice, by raising additional monies to supply matching funds for such schools, which were built in many rural areas.",1.0,128,1773614429.5706992,2026-03-15T23:40:29.570701,0.7357754111289978,0.14133650064468384,mamba2-2.7b,2700000000,,1010,50
Alabama is one of the few places in the world that has a secondary tornado season in November and December besides the typically severe spring.,0.7,128,1773614435.6519494,2026-03-15T23:40:35.651951,0.7650103569030762,0.14151020348072052,mamba2-2.7b,2700000000,,1011,50
Black carbon is a bigger cause of the melting of the polar ice cap in the Arctic than carbon dioxide due to its effect on the albedo.,1.3,128,1773614441.7278464,2026-03-15T23:40:41.727848,0.37185823917388916,0.16152243316173553,mamba2-2.7b,2700000000,,1012,50
Demarko Johnson and Johnathan Johnson were able to find McNeight at a gas station at Magnolia Beach Road and Thomas Drive.,1.0,19,1773614442.6230729,2026-03-15T23:40:42.623074,0.7120609283447266,0.1132778525352478,mamba2-2.7b,2700000000,,1013,50
How autism occurs is not well understood.,1.3,128,1773614448.671526,2026-03-15T23:40:48.671527,0.3914960026741028,0.18023386597633362,mamba2-2.7b,2700000000,,1014,50
The assembly plant is the company's first factory to be built within the United States.,0.7,128,1773614454.7232523,2026-03-15T23:40:54.723254,0.7689586877822876,0.14063161611557007,mamba2-2.7b,2700000000,,1015,50
Which factor can increase the amount of sulfur dioxide in the air? (Answer: B),1.3,128,1773614460.8007407,2026-03-15T23:41:00.800742,0.3493104577064514,0.19605228304862976,mamba2-2.7b,2700000000,Which factor can increase the amount of sulfur dioxide in the air? (Answer,1016,50
Each appliance is a single board computer (based on the Raspberry Pi).,0.7,128,1773614466.8426876,2026-03-15T23:41:06.842689,0.6922940015792847,0.14038924872875214,mamba2-2.7b,2700000000,,1017,50
"Bakunin saw the state as meaning ""coercion, domination by means of coercion, camouflaged if possible but unceremonious and overt if need be.""",1.3,128,1773614472.8968716,2026-03-15T23:41:12.896873,0.5258309245109558,0.18255048990249634,mamba2-2.7b,2700000000,,1018,50
They include:  Genetic disorders.,1.3,128,1773614478.958943,2026-03-15T23:41:18.958944,0.3338158428668976,0.16385260224342346,mamba2-2.7b,2700000000,They include,1019,50
"Even though many anarchists distanced themselves from these terrorist acts, infamy came upon the movement and attempts were made to exclude them from American immigration, including the Immigration Act of 1903, also called the Anarchist Exclusion Act.",1.0,125,1773614484.9887314,2026-03-15T23:41:24.988733,0.7076565623283386,0.16523957252502441,mamba2-2.7b,2700000000,,1020,51
Which term best describes the life cycle of an insect that reaches the adult stage without being a pupa? (Answer: A),0.7,128,1773614491.038356,2026-03-15T23:41:31.038358,0.9502273797988892,0.09308760613203049,mamba2-2.7b,2700000000,Which term best describes the life cycle of an insect that reaches the adult stage without being a pupa? (Answer,1021,51
"Alabama () is a state in the Southeastern region of the United States, bordered by Tennessee to the north; Georgia to the east; Florida and the Gulf of Mexico to the south; and Mississippi to the west.",0.7,128,1773614497.0961447,2026-03-15T23:41:37.096146,0.7903536558151245,0.13394688069820404,mamba2-2.7b,2700000000,,1022,51
"Alabama's 67 county sheriffs are elected in partisan, at-large races, and Democrats still retain the narrow majority of those posts.",1.0,128,1773614503.143811,2026-03-15T23:41:43.143813,0.7622926831245422,0.14892183244228363,mamba2-2.7b,2700000000,,1023,51
"Building a slide deck, pitch, or presentation?",1.3,128,1773614509.1996074,2026-03-15T23:41:49.199609,0.4497643709182739,0.20792707800865173,mamba2-2.7b,2700000000,,1024,51
"Here are five types of policies that companies must ensure they have in place and have trained employees on in the age of GDPR, according to Rickard.",1.0,128,1773614515.2480931,2026-03-15T23:41:55.248095,0.7101908326148987,0.1608269363641739,mamba2-2.7b,2700000000,,1025,51
Their decrease in prevalence was the result of further judicial power and targeting and cataloging by state institutions.,0.7,128,1773614521.300716,2026-03-15T23:42:01.300718,0.7894167304039001,0.15919941663742065,mamba2-2.7b,2700000000,,1026,51
The suffix -ism denotes the ideological current that favours anarchy.,1.3,128,1773614527.3397243,2026-03-15T23:42:07.339726,0.3540782630443573,0.14621761441230774,mamba2-2.7b,2700000000,,1027,51
Anarchism pays significant attention to moral arguments since ethics have a central role in anarchist philosophy.,1.3,128,1773614533.3985822,2026-03-15T23:42:13.398584,0.5866641402244568,0.2420869916677475,mamba2-2.7b,2700000000,,1028,51
It was the only state to allow judges to override jury decisions in whether or not to use a death sentence; in 10 cases judges overturned sentences of life imprisonment without parole that were voted unanimously by juries.,1.3,30,1773614534.8109875,2026-03-15T23:42:14.810989,0.6598427295684814,0.1800781935453415,mamba2-2.7b,2700000000,,1029,51
"Etymology, terminology, and definition   The etymological origin of anarchism is from the Ancient Greek anarkhia, meaning ""without a ruler"", composed of the prefix an- (""without"") and the word arkhos (""leader"" or ""ruler"").",0.7,128,1773614540.8718033,2026-03-15T23:42:20.871805,0.8037206530570984,0.12757836282253265,mamba2-2.7b,2700000000,,1030,51
A fold observed in layers of sedimentary rock most likely resulted from the (Answer: B),0.7,43,1773614542.8929427,2026-03-15T23:42:22.892944,0.7891101241111755,0.15873803198337555,mamba2-2.7b,2700000000,A fold observed in layers of sedimentary rock most likely resulted from the (Answer,1031,51
Subscribe Also see,0.7,23,1773614543.9755464,2026-03-15T23:42:23.975548,0.7911120653152466,0.17537514865398407,mamba2-2.7b,2700000000,,1032,51
"Photo by Walter E. Owen, Courtesy Dance Magazine Archives.",0.7,128,1773614550.022381,2026-03-15T23:42:30.022383,0.7650178670883179,0.13707251846790314,mamba2-2.7b,2700000000,,1033,51
"Explain what this code does:
def function_63(x): return x * 2",1.3,26,1773614551.243269,2026-03-15T23:42:31.243271,0.6371496319770813,0.16602852940559387,mamba2-2.7b,2700000000,Explain what this code does,1034,51
"As a result, preparation is intense.",1.0,128,1773614557.293363,2026-03-15T23:42:37.293365,0.716921329498291,0.1440325379371643,mamba2-2.7b,2700000000,,1035,51
"I won't have to worry about that so much now, and I can spend my day off roaming around and being inspired.",0.7,128,1773614563.3480089,2026-03-15T23:42:43.348011,0.7452082633972168,0.1456986963748932,mamba2-2.7b,2700000000,,1036,51
"I approached him about doing a different project a long time ago, and he said ""well, maybe that's not the correct project.""",0.7,84,1773614567.3186681,2026-03-15T23:42:47.318670,0.7723982930183411,0.15549322962760925,mamba2-2.7b,2700000000,,1037,51
P A men's classical Chinese dance class.,1.0,128,1773614573.376414,2026-03-15T23:42:53.376416,0.7166700959205627,0.12808571755886078,mamba2-2.7b,2700000000,,1038,51
"Explain what this code does:
def function_80(x): return x * 2",0.7,128,1773614579.4613614,2026-03-15T23:42:59.461363,0.9311411380767822,0.10311973839998245,mamba2-2.7b,2700000000,Explain what this code does,1039,51
"Investigators now believe that four black males came from Atlanta to the Destin area on October 1, 2017, and rented two vehicles.",1.0,124,1773614585.4215577,2026-03-15T23:43:05.421559,0.7531645894050598,0.15413299202919006,mamba2-2.7b,2700000000,,1040,52
"Because the behavior spectrum is continuous, boundaries between diagnostic categories are necessarily somewhat arbitrary.",1.3,128,1773614591.4785986,2026-03-15T23:43:11.478600,0.44794586300849915,0.21058964729309082,mamba2-2.7b,2700000000,,1041,52
"In the Sasanian Empire, Mazdak called for an egalitarian society and the abolition of monarchy, only to be soon executed by Emperor Kavad I.",1.0,128,1773614597.5304894,2026-03-15T23:43:17.530491,0.7324559688568115,0.15039902925491333,mamba2-2.7b,2700000000,,1042,52
Gastrointestinal problems are one of the most commonly co-occurring medical conditions in autistic people.,1.3,21,1773614598.5158222,2026-03-15T23:43:18.515824,0.7951913475990295,0.11643044650554657,mamba2-2.7b,2700000000,,1043,52
"Numerous candidate genes have been located, with only small effects attributable to any particular gene.",1.0,128,1773614604.561904,2026-03-15T23:43:24.561905,0.7338793277740479,0.14767864346504211,mamba2-2.7b,2700000000,,1044,52
"In addition, Alabama produces aerospace and electronic products, mostly in the Huntsville area, the location of NASA's George C. Marshall Space Flight Center and the U.S. Army Materiel Command, headquartered at Redstone Arsenal.",0.7,128,1773614610.624241,2026-03-15T23:43:30.624243,0.7922905683517456,0.15748165547847748,mamba2-2.7b,2700000000,,1045,52
The victim was interviewed at Gulf Coast Children’s Advocacy Center.,0.7,29,1773614611.9918933,2026-03-15T23:43:31.991895,0.7615243196487427,0.09651368111371994,mamba2-2.7b,2700000000,,1046,52
Both derive from the majuscule (capital) form.,1.3,128,1773614618.0639544,2026-03-15T23:43:38.063956,0.41396453976631165,0.18212057650089264,mamba2-2.7b,2700000000,,1047,52
"During this time, a minority of anarchists adopted tactics of revolutionary political violence.",1.0,128,1773614624.1410694,2026-03-15T23:43:44.141073,0.7455307245254517,0.15452177822589874,mamba2-2.7b,2700000000,,1048,52
"The grouping of disorders, including PDD-NOS, autism, Asperger syndrome, Rett syndrome, and CDD, has been removed and replaced with the general term of Autism Spectrum Disorders.",0.7,128,1773614630.2240002,2026-03-15T23:43:50.224002,0.8121411800384521,0.1463741660118103,mamba2-2.7b,2700000000,,1049,52
"Explain what this code does:
def function_0(x): return x * 2",0.7,128,1773614636.2970703,2026-03-15T23:43:56.297072,0.8821425437927246,0.09698593616485596,mamba2-2.7b,2700000000,Explain what this code does,1050,52
"Explain what this code does:
def function_29(x): return x * 2",1.3,128,1773614642.378305,2026-03-15T23:44:02.378306,0.48235341906547546,0.24938225746154785,mamba2-2.7b,2700000000,Explain what this code does,1051,52
"Explain what this code does:
def function_50(x): return x * 2",0.7,128,1773614648.4581244,2026-03-15T23:44:08.458126,0.900870144367218,0.11222662776708603,mamba2-2.7b,2700000000,Explain what this code does,1052,52
A flowing stream contains water at 18°C. Cans of soft drinks at 28°C are lowered into the stream. Which of the following will most likely occur? (Answer: B),0.7,128,1773614654.5276878,2026-03-15T23:44:14.527689,0.8683064579963684,0.12140776962041855,mamba2-2.7b,2700000000,A flowing stream contains water at 18°C. Cans of soft drinks at 28°C are lowered into the stream. Which of the following will most likely occur? (Answer,1053,52
Alabama was under military rule from the end of the war in May 1865 until its official restoration to the Union in 1868.,0.7,128,1773614660.585334,2026-03-15T23:44:20.585335,0.7375565767288208,0.14577718079090118,mamba2-2.7b,2700000000,,1054,52
Which conclusion is best supported by a tree-growth ring that is much narrower than the other growth rings? (Answer: B),1.3,128,1773614666.634792,2026-03-15T23:44:26.634794,0.4042099714279175,0.2123805731534958,mamba2-2.7b,2700000000,Which conclusion is best supported by a tree-growth ring that is much narrower than the other growth rings? (Answer,1055,52
"Explain what this code does:
def function_60(x): return x * 2",1.0,128,1773614672.6809623,2026-03-15T23:44:32.680964,0.8518418669700623,0.12242422997951508,mamba2-2.7b,2700000000,Explain what this code does,1056,52
"NBoC's new work, titled Frame by Frame, will run June 1-10 in Toronto.",1.0,128,1773614678.7414246,2026-03-15T23:44:38.741426,0.6595189571380615,0.14721715450286865,mamba2-2.7b,2700000000,,1057,52
Enlightenment challenges to intellectual authority (secular and religious) and the revolutions of the 1790s and 1848 all spurred the ideological development of what became the era of classical anarchism.,0.7,128,1773614684.8184037,2026-03-15T23:44:44.818405,0.7269233465194702,0.17535771429538727,mamba2-2.7b,2700000000,,1058,52
"Explain what this code does:
def function_75(x): return x * 2",0.7,128,1773614690.8976126,2026-03-15T23:44:50.897614,0.8358094096183777,0.12005974352359772,mamba2-2.7b,2700000000,Explain what this code does,1059,52
"Through many countries, individualist anarchism attracted a small yet diverse following of Bohemian artists and intellectuals as well as young anarchist outlaws in what became known as illegalism and individual reclamation.",1.0,128,1773614697.0513408,2026-03-15T23:44:57.051343,0.7155555486679077,0.15039288997650146,mamba2-2.7b,2700000000,,1060,53
"""Showing can be more effective than telling.",1.0,128,1773614703.1066215,2026-03-15T23:45:03.106623,0.7067551612854004,0.1793801337480545,mamba2-2.7b,2700000000,,1061,53
"Acid rain has a pH below 5.6. This rain can damage soil, lakes, crops, and buildings. Acid rain is caused by all of the following except (Answer: D)",0.7,128,1773614709.1849027,2026-03-15T23:45:09.184904,0.8301636576652527,0.13478635251522064,mamba2-2.7b,2700000000,"Acid rain has a pH below 5.6. This rain can damage soil, lakes, crops, and buildings. Acid rain is caused by all of the following except (Answer",1062,53
and possibly Alabahmu.,1.3,128,1773614715.267252,2026-03-15T23:45:15.267253,0.4059378504753113,0.1878725290298462,mamba2-2.7b,2700000000,,1063,53
"Even if you're a one-person shop consultancy, it can be easy to drown in a quagmire of projects.",0.7,128,1773614721.355568,2026-03-15T23:45:21.355569,0.7548324465751648,0.12479868531227112,mamba2-2.7b,2700000000,,1064,53
"In Latin America, Argentina was a stronghold for anarcho-syndicalism, where it became the most prominent left-wing ideology.",1.0,128,1773614727.4526997,2026-03-15T23:45:27.452701,0.7220070958137512,0.1554165780544281,mamba2-2.7b,2700000000,,1065,53
"The device is smaller than a credit card, has no moving parts, generates no heat, is wall-mountable, is powered by a standard USB (or included mini USB), and offers a standard ethernet connection.",0.7,128,1773614733.5328956,2026-03-15T23:45:33.532897,0.7372497320175171,0.15614381432533264,mamba2-2.7b,2700000000,,1066,53
"Bakunin saw the state as meaning ""coercion, domination by means of coercion, camouflaged if possible but unceremonious and overt if need be.""",0.7,128,1773614739.6161444,2026-03-15T23:45:39.616146,0.7599146366119385,0.139241561293602,mamba2-2.7b,2700000000,,1067,53
"In English grammar, ""a"", and its variant ""an"", is an indefinite article, used to introduce noun phrases.",1.0,128,1773614745.7071822,2026-03-15T23:45:45.707185,0.6057899594306946,0.16677226126194,mamba2-2.7b,2700000000,,1068,53
"During a search warrant on the two vehicles two printers, blank checks, cash, and a computer with check-making software were located and seized.",1.3,90,1773614749.9864519,2026-03-15T23:45:49.986453,0.6293946504592896,0.1472112536430359,mamba2-2.7b,2700000000,,1069,53
"""It's not just a few ballet steps here and there; he asks you to fully engage with yourself, not only as a dancer but as an actor and a person.""",0.7,128,1773614756.082004,2026-03-15T23:45:56.082005,0.8001618385314941,0.16745099425315857,mamba2-2.7b,2700000000,,1070,53
"Explain what this code does:
def function_44(x): return x * 2",1.3,128,1773614762.1580644,2026-03-15T23:46:02.158066,0.5335932970046997,0.19432055950164795,mamba2-2.7b,2700000000,Explain what this code does,1071,53
"Anarchists also reinforced their propaganda within the arts, some of whom practiced naturism and nudism.",0.7,128,1773614768.2360902,2026-03-15T23:46:08.236092,0.7414717674255371,0.15234452486038208,mamba2-2.7b,2700000000,,1072,53
Aerosols modify the properties of clouds through a subset of the aerosol population called cloud condensation nuclei.,1.0,128,1773614774.3220375,2026-03-15T23:46:14.322039,0.7500896453857422,0.13797923922538757,mamba2-2.7b,2700000000,,1073,53
It was the only state to allow judges to override jury decisions in whether or not to use a death sentence; in 10 cases judges overturned sentences of life imprisonment without parole that were voted unanimously by juries.,1.0,101,1773614779.1238842,2026-03-15T23:46:19.123886,0.7476016283035278,0.16140660643577576,mamba2-2.7b,2700000000,,1074,53
In which taxonomic group are organisms found that share the characteristic of storing hereditary material in a single loop of DNA? (Answer: A),1.3,128,1773614785.2058635,2026-03-15T23:46:25.205865,0.40853872895240784,0.1647643893957138,mamba2-2.7b,2700000000,In which taxonomic group are organisms found that share the characteristic of storing hereditary material in a single loop of DNA? (Answer,1075,53
"Because the behavior spectrum is continuous, boundaries between diagnostic categories are necessarily somewhat arbitrary.",0.7,128,1773614791.2901223,2026-03-15T23:46:31.290124,0.8452870845794678,0.14499104022979736,mamba2-2.7b,2700000000,,1076,53
"In addition, Alabama produces aerospace and electronic products, mostly in the Huntsville area, the location of NASA's George C. Marshall Space Flight Center and the U.S. Army Materiel Command, headquartered at Redstone Arsenal.",1.0,128,1773614797.3768733,2026-03-15T23:46:37.376875,0.7394147515296936,0.1573881059885025,mamba2-2.7b,2700000000,,1077,53
What characteristic of DNA results in cell differentiation in developing embryos? (Answer: C),1.0,128,1773614803.4552612,2026-03-15T23:46:43.455263,0.7376878261566162,0.13033507764339447,mamba2-2.7b,2700000000,What characteristic of DNA results in cell differentiation in developing embryos? (Answer,1078,53
"As seen by anarchists, squatting is a way to regain urban space from the capitalist market, serving pragmatical needs and also being an exemplary direct action.",1.3,128,1773614809.5411203,2026-03-15T23:46:49.541122,0.5126019716262817,0.23980370163917542,mamba2-2.7b,2700000000,,1079,53
"I've always really loved the Balanchine black and white ballets, and there are some Robbins ballets that are always so fulfilling.",0.7,128,1773614815.6946547,2026-03-15T23:46:55.694656,0.7421910166740417,0.13443748652935028,mamba2-2.7b,2700000000,,1080,54
The term albedo was introduced into optics by Johann Heinrich Lambert in his 1760 work Photometria.,1.0,128,1773614821.7608325,2026-03-15T23:47:01.760834,0.7822142243385315,0.1158783957362175,mamba2-2.7b,2700000000,,1081,54
"Explain what this code does:
def function_61(x): return x * 2",0.7,128,1773614827.8319054,2026-03-15T23:47:07.831907,0.8765756487846375,0.11578724533319473,mamba2-2.7b,2700000000,Explain what this code does,1082,54
"In China, small groups of students imported the humanistic pro-science version of anarcho-communism.",1.3,128,1773614833.9008899,2026-03-15T23:47:13.900891,0.5432460308074951,0.17510278522968292,mamba2-2.7b,2700000000,,1083,54
"Small-scale effects Albedo works on a smaller scale, too.",1.3,128,1773614839.957118,2026-03-15T23:47:19.957120,0.4133564829826355,0.15880107879638672,mamba2-2.7b,2700000000,,1084,54
One example of this massive influx of workers occurred in Mobile.,0.7,128,1773614846.015718,2026-03-15T23:47:26.015719,0.7672258615493774,0.1372218132019043,mamba2-2.7b,2700000000,,1085,54
"This spring, The Joffrey Ballet will present the North American premiere of Alexander Ekman's Midsummer Night's Dream.",1.0,128,1773614852.090236,2026-03-15T23:47:32.090237,0.7197322845458984,0.166629821062088,mamba2-2.7b,2700000000,,1086,54
"The two men entered the gas station after McNeight, one of them carrying a tire iron.",1.3,128,1773614858.1663668,2026-03-15T23:47:38.166368,0.4698498845100403,0.18873919546604156,mamba2-2.7b,2700000000,,1087,54
"During this time, a minority of anarchists adopted tactics of revolutionary political violence.",0.7,128,1773614864.2345057,2026-03-15T23:47:44.234507,0.7838460206985474,0.14873816072940826,mamba2-2.7b,2700000000,,1088,54
No known medication relieves autism's core symptoms of social and communication impairments.,0.7,128,1773614870.313613,2026-03-15T23:47:50.313615,0.7861613631248474,0.14392517507076263,mamba2-2.7b,2700000000,,1089,54
A smooth metallic sphere would have .,0.7,128,1773614876.40376,2026-03-15T23:47:56.403762,0.7916914820671082,0.12383142858743668,mamba2-2.7b,2700000000,,1090,54
In which taxonomic group are organisms found that share the characteristic of storing hereditary material in a single loop of DNA? (Answer: A),0.7,128,1773614882.5001826,2026-03-15T23:48:02.500184,0.9393107295036316,0.10448529571294785,mamba2-2.7b,2700000000,In which taxonomic group are organisms found that share the characteristic of storing hereditary material in a single loop of DNA? (Answer,1091,54
"Also, the Black Belt region across central Alabama ""is home to largely poor counties that are predominantly African-American.",0.7,128,1773614888.5978138,2026-03-15T23:48:08.597815,0.7582535743713379,0.16702218353748322,mamba2-2.7b,2700000000,,1092,54
"They mostly engage in confronting the police during demonstrations and riots, especially in countries such as Canada, Greece, and Mexico.",1.0,128,1773614894.6681683,2026-03-15T23:48:14.668170,0.6937158107757568,0.15243826806545258,mamba2-2.7b,2700000000,,1093,54
"Among these approaches, interventions either treat autistic features comprehensively, or focalize treatment on a specific area of deficit.",1.3,128,1773614900.7320845,2026-03-15T23:48:20.732086,0.5654251575469971,0.23602421581745148,mamba2-2.7b,2700000000,,1094,54
"Explain what this code does:
def function_8(x): return x * 2",1.0,128,1773614906.8239858,2026-03-15T23:48:26.823988,0.8159956932067871,0.12986280024051666,mamba2-2.7b,2700000000,Explain what this code does,1095,54
"In general, higher IQs are correlated with greater responsiveness to treatment and improved treatment outcomes.",0.7,128,1773614912.9120097,2026-03-15T23:48:32.912011,0.8012170791625977,0.13662387430667877,mamba2-2.7b,2700000000,,1096,54
"Although the agreement was for the transients to get about $80 for their part in the scam, McNeight took half of the money and fled on foot.",1.0,128,1773614919.0040572,2026-03-15T23:48:39.004059,0.7808650732040405,0.14584247767925262,mamba2-2.7b,2700000000,,1097,54
They include:  Genetic disorders.,0.7,128,1773614925.1018395,2026-03-15T23:48:45.101841,0.7723565101623535,0.14637891948223114,mamba2-2.7b,2700000000,They include,1098,54
"Mohl, Raymond A.",0.7,128,1773614931.194381,2026-03-15T23:48:51.194383,0.7868067026138306,0.18554557859897614,mamba2-2.7b,2700000000,,1099,54
"Explain what this code does:
def function_99(x): return x * 2",1.0,29,1773614932.655537,2026-03-15T23:48:52.655538,0.9106960892677307,0.07608011364936829,mamba2-2.7b,2700000000,Explain what this code does,1100,55
"The state legislature has retained power over local governments by refusing to pass a constitutional amendment establishing home rule for counties, as recommended by the 1973 Alabama Constitutional Commission.",1.0,128,1773614938.7399974,2026-03-15T23:48:58.740000,0.7312832474708557,0.14350417256355286,mamba2-2.7b,2700000000,,1101,55
You can also login with the non-admin user you created.,1.3,10,1773614939.211686,2026-03-15T23:48:59.211687,0.6990870237350464,0.10123814642429352,mamba2-2.7b,2700000000,,1102,55
"Summers in Alabama are among the hottest in the U.S., with high temperatures averaging over  throughout the summer in some parts of the state.",0.7,128,1773614945.2979429,2026-03-15T23:49:05.297944,0.8013702630996704,0.12807604670524597,mamba2-2.7b,2700000000,,1103,55
Autism rights or neurodiversity advocates believe that the autism spectrum is genetic and should be accepted as a natural expression of the human genome.,1.0,128,1773614951.3882203,2026-03-15T23:49:11.388231,0.7419281601905823,0.15220358967781067,mamba2-2.7b,2700000000,,1104,55
"A 2018 review concluded that it may be a therapeutic option for specific groups of children with autism, such as those with known food intolerances or allergies, or with food intolerance markers.",1.3,128,1773614957.4734476,2026-03-15T23:49:17.473450,0.586082935333252,0.21873468160629272,mamba2-2.7b,2700000000,,1105,55
"Krohn joined NYCB as an apprentice in the fall of 1998 and slowly rose through the ranks, becoming a principal in 2012.",0.7,128,1773614963.5551054,2026-03-15T23:49:23.555108,0.8273225426673889,0.14278340339660645,mamba2-2.7b,2700000000,,1106,55
"Alabama English is predominantly Southern, and is related to South Midland speech which was taken across the border from Tennessee.",1.3,128,1773614969.636558,2026-03-15T23:49:29.636560,0.47870421409606934,0.22365672886371613,mamba2-2.7b,2700000000,,1107,55
"Stay informed, click here to subscribe to the TechRepublic Cloud Insights newsletter.",0.7,128,1773614975.7091854,2026-03-15T23:49:35.709187,0.765964150428772,0.1345483809709549,mamba2-2.7b,2700000000,,1108,55
"Using the tag information, investigators were able to learn the two vehicles were rentals and eventually identified the four men from Atlanta.",1.3,128,1773614981.7895103,2026-03-15T23:49:41.789512,0.3989941477775574,0.23659907281398773,mamba2-2.7b,2700000000,,1109,55
"Explain what this code does:
def function_32(x): return x * 2",1.0,128,1773614987.8643131,2026-03-15T23:49:47.864315,0.879681408405304,0.12283765524625778,mamba2-2.7b,2700000000,Explain what this code does,1110,55
"JVC America, Inc. operates an optical disc replication and packaging plant in Tuscaloosa.",1.0,128,1773614993.9520087,2026-03-15T23:49:53.952010,0.726442277431488,0.14576312899589539,mamba2-2.7b,2700000000,,1111,55
"In 1861, the state seceded from the United States to become part of the Confederate States of America, with Montgomery acting as its first capital, and rejoined the Union in 1868.",1.0,35,1773614995.6107676,2026-03-15T23:49:55.610769,0.784974217414856,0.11710000783205032,mamba2-2.7b,2700000000,,1112,55
"I've always really loved the Balanchine black and white ballets, and there are some Robbins ballets that are always so fulfilling.",1.0,128,1773615001.7068725,2026-03-15T23:50:01.706874,0.6946071982383728,0.16299954056739807,mamba2-2.7b,2700000000,,1113,55
"That's how SFB describes their upcoming tribute to Jerome Robbins, March 20-25.",1.0,122,1773615007.5106983,2026-03-15T23:50:07.510700,0.7156217098236084,0.15233932435512543,mamba2-2.7b,2700000000,,1114,55
"She's standing among other students, but they all work alone, with the help of teachers calling out corrections from the front of the room.",1.0,128,1773615013.5867205,2026-03-15T23:50:13.586723,0.738930344581604,0.16893252730369568,mamba2-2.7b,2700000000,,1115,55
"Economy  The state has invested in aerospace, education, health care, banking, and various heavy industries, including automobile manufacturing, mineral extraction, steel production and fabrication.",1.0,128,1773615019.6500785,2026-03-15T23:50:19.650080,0.7698661088943481,0.1339326798915863,mamba2-2.7b,2700000000,,1116,55
"Explain what this code does:
def function_11(x): return x * 2",0.7,28,1773615020.968789,2026-03-15T23:50:20.968790,0.7631320357322693,0.11329179257154465,mamba2-2.7b,2700000000,Explain what this code does,1117,55
Willam Christensen (center) with his brothers Lew and Harold.,0.7,128,1773615027.041316,2026-03-15T23:50:27.041317,0.7611011266708374,0.15569467842578888,mamba2-2.7b,2700000000,,1118,55
"Once I had that IP address, I could point my browser to that address and login with user root and password password.",1.3,128,1773615033.1188343,2026-03-15T23:50:33.118836,0.42875999212265015,0.1273222416639328,mamba2-2.7b,2700000000,,1119,55
"Explain what this code does:
def function_4(x): return x * 2",1.3,128,1773615039.2737894,2026-03-15T23:50:39.273791,0.7479088306427002,0.16960065066814423,mamba2-2.7b,2700000000,Explain what this code does,1120,56
"The research was truly enriching, because I realized how wonderful of a person he was as well, which dictates how we share his personal life onstage.",1.3,1,1773615039.321361,2026-03-15T23:50:39.321362,0.6431309580802917,,mamba2-2.7b,2700000000,,1121,56
The current state constitution requires a voter referendum to raise property taxes.,1.0,128,1773615045.3896568,2026-03-15T23:50:45.389658,0.7803383469581604,0.13756325840950012,mamba2-2.7b,2700000000,,1122,56
Sea water absorbs more solar radiation than would the same surface covered with reflective snow.,1.3,128,1773615051.4701827,2026-03-15T23:50:51.470184,0.4296989440917969,0.17789658904075623,mamba2-2.7b,2700000000,,1123,56
"""GDPR closes all those gaps,"" he added.",0.7,128,1773615057.54814,2026-03-15T23:50:57.548142,0.7377705574035645,0.1535625159740448,mamba2-2.7b,2700000000,,1124,56
The current state constitution requires a voter referendum to raise property taxes.,0.7,128,1773615063.631532,2026-03-15T23:51:03.631534,0.7751098275184631,0.14937050640583038,mamba2-2.7b,2700000000,,1125,56
"Explain what this code does:
def function_51(x): return x * 2",1.3,128,1773615069.7072551,2026-03-15T23:51:09.707257,0.7248475551605225,0.1575212925672531,mamba2-2.7b,2700000000,Explain what this code does,1126,56
"Depending on how you count, some 14 million Java programmers code today, with many of them paid well to maintain massive enterprise applications (an estimated 80% of enterprise workloads run on Java).",1.0,128,1773615075.7954462,2026-03-15T23:51:15.795448,0.7092704772949219,0.1630508303642273,mamba2-2.7b,2700000000,,1127,56
Two elements in the same group on the Periodic Table of the Elements are most similar in their (Answer: D),1.0,128,1773615081.8825338,2026-03-15T23:51:21.882536,0.7617244124412537,0.16344572603702545,mamba2-2.7b,2700000000,Two elements in the same group on the Periodic Table of the Elements are most similar in their (Answer,1128,56
"Said solution is Gitstorage, an easy-to-deploy appliance dedicated to housing your Git repositories.",0.7,128,1773615087.9531796,2026-03-15T23:51:27.953182,0.7610633373260498,0.14000152051448822,mamba2-2.7b,2700000000,,1129,56
"It has been established that vaccination is not a risk factor for autism and is not behind any increase in autism prevalence rates, if any change in the rate of autism exists at all.",1.3,128,1773615094.031532,2026-03-15T23:51:34.031534,0.3682291805744171,0.19064052402973175,mamba2-2.7b,2700000000,,1130,56
"Explain what this code does:
def function_78(x): return x * 2",0.7,128,1773615100.0965858,2026-03-15T23:51:40.096587,0.8094872832298279,0.10398946702480316,mamba2-2.7b,2700000000,Explain what this code does,1131,56
The male insects in a population are treated to prevent sperm production. Would this reduce this insect population? (Answer: C),0.7,128,1773615106.1699429,2026-03-15T23:51:46.169945,0.8966213464736938,0.12257204204797745,mamba2-2.7b,2700000000,The male insects in a population are treated to prevent sperm production. Would this reduce this insect population? (Answer,1132,56
An astronomer is studying two stars that are the same distance from Earth. Star X appears brighter than star Y. Which statement best explains this observation? (Answer: A),0.7,128,1773615112.2505944,2026-03-15T23:51:52.250596,0.8616407513618469,0.11919426918029785,mamba2-2.7b,2700000000,An astronomer is studying two stars that are the same distance from Earth. Star X appears brighter than star Y. Which statement best explains this observation? (Answer,1133,56
Which geologic process most likely led to the uplifting of the Rocky Mountains? (Answer: C),1.0,128,1773615118.351514,2026-03-15T23:51:58.351516,0.7733227014541626,0.17196215689182281,mamba2-2.7b,2700000000,Which geologic process most likely led to the uplifting of the Rocky Mountains? (Answer,1134,56
A flowing stream contains water at 18°C. Cans of soft drinks at 28°C are lowered into the stream. Which of the following will most likely occur? (Answer: B),1.3,128,1773615124.4317167,2026-03-15T23:52:04.431718,0.44888660311698914,0.20916596055030823,mamba2-2.7b,2700000000,A flowing stream contains water at 18°C. Cans of soft drinks at 28°C are lowered into the stream. Which of the following will most likely occur? (Answer,1135,56
"Although popularly used as an alternative treatment for autistic people, as of 2018 there is no good evidence to recommend a gluten- and casein-free diet as a standard treatment.",1.0,128,1773615130.507262,2026-03-15T23:52:10.507264,0.672588586807251,0.15397383272647858,mamba2-2.7b,2700000000,,1136,56
"According to an article, failure to meet any of the following milestones ""is an absolute indication to proceed with further evaluations.",0.7,128,1773615136.5593998,2026-03-15T23:52:16.559403,0.9495502710342407,0.10671468824148178,mamba2-2.7b,2700000000,,1137,56
"In 1954, the U.S. Supreme Court ruled in Brown v. Board of Education that public schools had to be desegregated, but Alabama was slow to comply.",0.7,128,1773615142.6453464,2026-03-15T23:52:22.645348,0.8050248622894287,0.1238216906785965,mamba2-2.7b,2700000000,,1138,56
"Although the agreement was for the transients to get about $80 for their part in the scam, McNeight took half of the money and fled on foot.",0.7,128,1773615148.731762,2026-03-15T23:52:28.731763,0.8142191767692566,0.1476338803768158,mamba2-2.7b,2700000000,,1139,56
"During the antebellum period, Alabama was a major producer of cotton, and widely used African American slave labor.",0.7,128,1773615154.9064267,2026-03-15T23:52:34.906429,0.7924270033836365,0.14503681659698486,mamba2-2.7b,2700000000,,1140,57
"Explain what this code does:
def function_83(x): return x * 2",1.0,128,1773615160.9790776,2026-03-15T23:52:40.979079,0.7514877915382385,0.11353173851966858,mamba2-2.7b,2700000000,Explain what this code does,1141,57
"Dancers also contribute to the narration with spoken text, including imagery of young love and a dose of humor.",0.7,99,1773615165.6782722,2026-03-15T23:52:45.678274,0.7264653444290161,0.15470018982887268,mamba2-2.7b,2700000000,,1142,57
That's something I'll never forget.,0.7,128,1773615171.7553065,2026-03-15T23:52:51.755308,0.7923080921173096,0.14473073184490204,mamba2-2.7b,2700000000,,1143,57
"Explain what this code does:
def function_73(x): return x * 2",0.7,128,1773615177.8392875,2026-03-15T23:52:57.839289,0.8703969717025757,0.11376431584358215,mamba2-2.7b,2700000000,Explain what this code does,1144,57
"within anarcho-primitivism), and the democratic process may be sharply criticised within some anarchist tendencies and simultaneously lauded in others.",1.3,128,1773615183.92132,2026-03-15T23:53:03.921321,0.5774344205856323,0.19551530480384827,mamba2-2.7b,2700000000,,1145,57
A toothpaste commercial states that a brand of toothpaste has a higher concentration of fluoride than any other toothpaste available. The commercial is most likely inferring that the advertised toothpaste (Answer: C),0.7,54,1773615186.4796169,2026-03-15T23:53:06.479619,0.866765558719635,0.14180098474025726,mamba2-2.7b,2700000000,A toothpaste commercial states that a brand of toothpaste has a higher concentration of fluoride than any other toothpaste available. The commercial is most likely inferring that the advertised toothpaste (Answer,1146,57
"Krohn joined NYCB as an apprentice in the fall of 1998 and slowly rose through the ranks, becoming a principal in 2012.",1.3,79,1773615190.2204094,2026-03-15T23:53:10.220411,0.653066098690033,0.17693400382995605,mamba2-2.7b,2700000000,,1147,57
"The notes were incomplete and difficult to read, yet Sergeyev persisted, and The Nutcracker made it to the stage.",1.3,128,1773615196.2707787,2026-03-15T23:53:16.270780,0.5430422425270081,0.23004738986492157,mamba2-2.7b,2700000000,,1148,57
"Self-injury: Behaviors such as eye-poking, skin-picking, hand-biting and head-banging.",0.7,128,1773615202.3150146,2026-03-15T23:53:22.315016,0.7938077449798584,0.12685328722000122,mamba2-2.7b,2700000000,Self-injury,1149,57
"The ethereal twinkling sound in the Sugar Plum Fairy's solo comes from the celesta, a rare instrument Tchaikovsky heard in France.",0.7,128,1773615208.369417,2026-03-15T23:53:28.369418,0.7760083675384521,0.16809462010860443,mamba2-2.7b,2700000000,,1150,57
"Anarchists reject this criticism because challenging or disobeying authority does not entail the disappearance of its advantages by acknowledging authority such as doctors or lawyers as reliable, nor does it involve a complete surrender of independent judgment.",0.7,128,1773615214.4252245,2026-03-15T23:53:34.425226,0.7500608563423157,0.12575876712799072,mamba2-2.7b,2700000000,,1151,57
"This compared to more than 181,000 African Americans eligible to vote in 1900.",1.0,128,1773615220.4711115,2026-03-15T23:53:40.471113,0.714598536491394,0.16124635934829712,mamba2-2.7b,2700000000,,1152,57
Anarchist tactics have shifted during the course of the last century.,0.7,128,1773615226.5147707,2026-03-15T23:53:46.514772,0.7185179591178894,0.14247135818004608,mamba2-2.7b,2700000000,,1153,57
The use of state names derived from Native American languages is common in the U.S.; an estimated 27 states have names of Native American origin.,0.7,128,1773615232.5748913,2026-03-15T23:53:52.574893,0.8657858371734619,0.15611983835697174,mamba2-2.7b,2700000000,,1154,57
"Explain what this code does:
def function_86(x): return x * 2",1.3,128,1773615238.6366608,2026-03-15T23:53:58.636662,0.5036884546279907,0.205874502658844,mamba2-2.7b,2700000000,Explain what this code does,1155,57
"Its oldest city is Mobile, founded by French colonists in 1702 as the capital of French Louisiana.",1.0,128,1773615244.7156944,2026-03-15T23:54:04.715696,0.7331675887107849,0.1509084701538086,mamba2-2.7b,2700000000,,1156,57
"Jackson, Harvey H. Inside Alabama: A Personal History of My State (2004).",0.7,123,1773615250.559954,2026-03-15T23:54:10.559966,0.9219297766685486,0.13680694997310638,mamba2-2.7b,2700000000,"Jackson, Harvey H. Inside Alabama",1157,57
The appropriateness of including children with varying severity of autism spectrum disorders in the general education population is a subject of current debate among educators and researchers.,0.7,128,1773615256.6524963,2026-03-15T23:54:16.652498,0.7826804518699646,0.1340889036655426,mamba2-2.7b,2700000000,,1158,57
"Bryant–Denny Stadium is the home of the Alabama football team, and has a seating capacity of 101,821, and is the fifth largest stadium in America.",1.3,128,1773615262.7394035,2026-03-15T23:54:22.739405,0.5669769048690796,0.2086075395345688,mamba2-2.7b,2700000000,,1159,57
Over Antarctica snow albedo averages a little more than 0.8.,0.7,128,1773615268.8820255,2026-03-15T23:54:28.882027,0.7844108939170837,0.15010078251361847,mamba2-2.7b,2700000000,,1160,58
"Additional security trainings on AWS Security Fundamentals, Authentication and Authorization with AWS Identity and Access Management, AWS Shared Responsibility Model, and AWS Well-Architected Training are also helpful.",0.7,128,1773615274.944652,2026-03-15T23:54:34.944654,0.8046470880508423,0.13344328105449677,mamba2-2.7b,2700000000,,1161,58
"Investigators now believe that four black males came from Atlanta to the Destin area on October 1, 2017, and rented two vehicles.",0.7,128,1773615281.0064073,2026-03-15T23:54:41.006409,0.7809097170829773,0.1622176319360733,mamba2-2.7b,2700000000,,1162,58
"""One of the easiest ways to breach a company is to put somebody on the janitorial staff and go looking at desks,"" Rickard said.",1.3,128,1773615287.0664866,2026-03-15T23:54:47.066488,0.38614940643310547,0.1849214881658554,mamba2-2.7b,2700000000,,1163,58
"Explain what this code does:
def function_47(x): return x * 2",1.0,65,1773615290.1420588,2026-03-15T23:54:50.142060,0.8077547550201416,0.1165672019124031,mamba2-2.7b,2700000000,Explain what this code does,1164,58
"Explain what this code does:
def function_12(x): return x * 2",1.3,128,1773615296.2101817,2026-03-15T23:54:56.210183,0.5160207748413086,0.1870376318693161,mamba2-2.7b,2700000000,Explain what this code does,1165,58
Which of the following statements best explains why magnets usually stick to a refrigerator door? (Answer: B),1.3,128,1773615302.291524,2026-03-15T23:55:02.291525,0.5585705041885376,0.21565139293670654,mamba2-2.7b,2700000000,Which of the following statements best explains why magnets usually stick to a refrigerator door? (Answer,1166,58
"It was created in collaboration by NBoC principal dancer and choreographic associate Guillaume Côté and film and stage director Robert Lepage, who is making his NBoC debut.",0.7,128,1773615308.3591204,2026-03-15T23:55:08.359122,0.7351344227790833,0.15970316529273987,mamba2-2.7b,2700000000,,1167,58
"In a food pyramid, which best explains why the number of organisms decreases from one trophic level to the next? (Answer: B)",1.0,22,1773615309.3945413,2026-03-15T23:55:09.394543,0.7273362874984741,0.1383030265569687,mamba2-2.7b,2700000000,"In a food pyramid, which best explains why the number of organisms decreases from one trophic level to the next? (Answer",1168,58
Were you familiar with McLaren's work before this project?,1.0,128,1773615315.4579458,2026-03-15T23:55:15.457948,0.7246471047401428,0.12156427651643753,mamba2-2.7b,2700000000,,1169,58
"During the antebellum period, Alabama was a major producer of cotton, and widely used African American slave labor.",1.0,128,1773615321.5210524,2026-03-15T23:55:21.521054,0.7152673006057739,0.14121152460575104,mamba2-2.7b,2700000000,,1170,58
"Explain what this code does:
def function_32(x): return x * 2",0.7,128,1773615327.577201,2026-03-15T23:55:27.577203,0.9439855217933655,0.07333948463201523,mamba2-2.7b,2700000000,Explain what this code does,1171,58
Stars are organized into patterns called constellations. One constellation is named Leo. Which statement best explains why Leo appears in different areas of the sky throughout the year? (Answer: A),1.3,128,1773615333.6517289,2026-03-15T23:55:33.651730,0.4150209426879883,0.23519101738929749,mamba2-2.7b,2700000000,Stars are organized into patterns called constellations. One constellation is named Leo. Which statement best explains why Leo appears in different areas of the sky throughout the year? (Answer,1172,58
This line of arguments most often calls for political action within the system to reform it.,1.3,128,1773615339.7147098,2026-03-15T23:55:39.714711,0.606025755405426,0.19369003176689148,mamba2-2.7b,2700000000,,1173,58
"Alabama () is a state in the Southeastern region of the United States, bordered by Tennessee to the north; Georgia to the east; Florida and the Gulf of Mexico to the south; and Mississippi to the west.",1.3,128,1773615345.7879503,2026-03-15T23:55:45.787952,0.5905438661575317,0.21081486344337463,mamba2-2.7b,2700000000,,1174,58
"Epidemiology  As of 2007, reviews estimate a prevalence of 1–2 per 1,000 for autism and close to 6 per 1,000 for ASD.",0.7,128,1773615351.848504,2026-03-15T23:55:51.848506,0.787848949432373,0.12908044457435608,mamba2-2.7b,2700000000,,1175,58
"While part of the same large language family, the Muskogee tribes developed distinct cultures and languages.",1.0,78,1773615355.5302215,2026-03-15T23:55:55.530223,0.7443333864212036,0.16294436156749725,mamba2-2.7b,2700000000,,1176,58
Anarchism appears in English from 1642 as anarchisme and anarchy from 1539; early English usages emphasised a sense of disorder.,1.0,128,1773615361.6071694,2026-03-15T23:56:01.607171,0.7681339383125305,0.13894128799438477,mamba2-2.7b,2700000000,,1177,58
Legion Field is home of the UAB Blazers football program and the Birmingham Bowl.,1.3,128,1773615367.6714256,2026-03-15T23:56:07.671427,0.4759642481803894,0.17683382332324982,mamba2-2.7b,2700000000,,1178,58
Coal is solid rock that began as organic material that was deposited in a swamp. The formation of coal suggests that (Answer: D),0.7,128,1773615373.748641,2026-03-15T23:56:13.748643,0.7689407467842102,0.15796813368797302,mamba2-2.7b,2700000000,Coal is solid rock that began as organic material that was deposited in a swamp. The formation of coal suggests that (Answer,1179,58
"Explain what this code does:
def function_20(x): return x * 2",1.3,128,1773615379.9023888,2026-03-15T23:56:19.902390,0.5770299434661865,0.2099849134683609,mamba2-2.7b,2700000000,Explain what this code does,1180,59
"Snowflakes of the original cast, ""The Nutcracker"" at the Mariinsky Theatre, 1892.",1.3,128,1773615385.9452844,2026-03-15T23:56:25.945286,0.4169672727584839,0.16375242173671722,mamba2-2.7b,2700000000,,1181,59
"Terminology and distinction from schizophrenia  As late as the mid-1970s there was little evidence of a genetic role in autism, while in 2007 it was believed to be one of the most heritable psychiatric conditions.",0.7,128,1773615392.003166,2026-03-15T23:56:32.003168,0.7699757814407349,0.14439089596271515,mamba2-2.7b,2700000000,,1182,59
SEE: IT project management: 10 ways to stay under budget (free PDF) (TechRepublic) Congratulations You now have your Trac system up and running.,1.0,28,1773615393.319028,2026-03-15T23:56:33.319030,0.7045100331306458,0.12640118598937988,mamba2-2.7b,2700000000,SEE,1183,59
"Because light specularly reflected from water does not usually reach the viewer, water is usually considered to have a very low albedo in spite of its high reflectivity at high angles of incident light.",0.7,122,1773615399.1130817,2026-03-15T23:56:39.113083,0.7681320905685425,0.12882521748542786,mamba2-2.7b,2700000000,,1184,59
"CDC estimates about 1 out of 59 (1.7%) for 2014, an increase from 1 out of every 68 children (1.5%) for 2010.",0.7,128,1773615405.1644182,2026-03-15T23:56:45.164420,0.7805504202842712,0.1355988085269928,mamba2-2.7b,2700000000,,1185,59
"Alabama's capital is Montgomery, and its largest city by population and area is Huntsville.",1.0,128,1773615411.2211778,2026-03-15T23:56:51.221179,0.7056282162666321,0.16334885358810425,mamba2-2.7b,2700000000,,1186,59
"Since a direct connection from I-22 to I-422 will not be possible, I-222 has been proposed, as well.",0.7,128,1773615417.3060732,2026-03-15T23:56:57.306075,0.7454718947410583,0.15094642341136932,mamba2-2.7b,2700000000,,1187,59
The current governor is Republican Kay Ivey.,1.3,128,1773615423.3575094,2026-03-15T23:57:03.357511,0.5483871102333069,0.23619654774665833,mamba2-2.7b,2700000000,,1188,59
"The company wore new uniforms with yellow trim on the sleeves, collar and coattails.",0.7,88,1773615427.5058715,2026-03-15T23:57:07.505873,0.8642743229866028,0.14565806090831757,mamba2-2.7b,2700000000,,1189,59
"Collectivist anarchists advocate collective ownership of the means of production which is theorised to be achieved through violent revolution and that workers be paid according to time worked, rather than goods being distributed according to need as in communism.",1.3,1,1773615427.5542295,2026-03-15T23:57:07.554230,0.681461751461029,,mamba2-2.7b,2700000000,,1190,59
"Based on their locations in the periodic table, which element has chemical properties most similar to those of calcium, Ca? (Answer: A)",0.7,128,1773615433.6215467,2026-03-15T23:57:13.621548,0.898697555065155,0.13243627548217773,mamba2-2.7b,2700000000,"Based on their locations in the periodic table, which element has chemical properties most similar to those of calcium, Ca? (Answer",1191,59
"In music, anarchism has been associated with music scenes such as punk.",0.7,128,1773615439.6876261,2026-03-15T23:57:19.687628,0.7743735909461975,0.14556187391281128,mamba2-2.7b,2700000000,,1192,59
"At the same time, many rural people migrated to the city of Birmingham to work in new industrial jobs.",1.3,128,1773615445.74393,2026-03-15T23:57:25.743932,0.5209210515022278,0.20464511215686798,mamba2-2.7b,2700000000,,1193,59
An old T-shirt can be ripped into smaller pieces and used as rags. An empty milk jug can be used to water houseplants. Both of these are examples of how (Answer: D),1.0,128,1773615451.8089037,2026-03-15T23:57:31.808905,0.8778120279312134,0.15464822947978973,mamba2-2.7b,2700000000,An old T-shirt can be ripped into smaller pieces and used as rags. An empty milk jug can be used to water houseplants. Both of these are examples of how (Answer,1194,59
"Compulsive behaviors: Time-consuming behaviors intended to reduce the anxiety that an individual feels compelled to perform repeatedly or according to rigid rules, such as placing objects in a specific order, checking things, or handwashing.",1.3,128,1773615457.887305,2026-03-15T23:57:37.887306,0.4229605793952942,0.22877219319343567,mamba2-2.7b,2700000000,Compulsive behaviors,1195,59
Both derive from the majuscule (capital) form.,0.7,128,1773615463.9321537,2026-03-15T23:57:43.932155,0.7423542737960815,0.14967915415763855,mamba2-2.7b,2700000000,,1196,59
"There are many anecdotal reports, but few systematic studies, of aggression and violence in individuals with ASD.",0.7,128,1773615469.9738002,2026-03-15T23:57:49.973801,0.7926254272460938,0.1248488500714302,mamba2-2.7b,2700000000,,1197,59
"Explain what this code does:
def function_29(x): return x * 2",1.0,128,1773615476.0168192,2026-03-15T23:57:56.016821,0.8284112215042114,0.13326473534107208,mamba2-2.7b,2700000000,Explain what this code does,1198,59
"Explain what this code does:
def function_10(x): return x * 2",0.7,128,1773615482.0651884,2026-03-15T23:58:02.065197,0.9535958170890808,0.07309506833553314,mamba2-2.7b,2700000000,Explain what this code does,1199,59
The registration fee is $300.,1.3,128,1773615488.237667,2026-03-15T23:58:08.237668,0.42190438508987427,0.1970854252576828,mamba2-2.7b,2700000000,,1200,60
This did not change until the late 1960s following a lawsuit and court order.,0.7,128,1773615494.295355,2026-03-15T23:58:14.295357,0.7323908805847168,0.1504429429769516,mamba2-2.7b,2700000000,,1201,60
"Peirce, Neal R. The Deep South States of America: People, Politics, and Power in the Seven Deep South States (1974).",0.7,128,1773615500.3443594,2026-03-15T23:58:20.344361,0.8469418287277222,0.16291089355945587,mamba2-2.7b,2700000000,"Peirce, Neal R. The Deep South States of America",1202,60
"Since then we've been doing five-day workshops once a year in Robert's studio, Ex Machina, where he has a multi media team.",0.7,128,1773615506.4201791,2026-03-15T23:58:26.420181,0.754280686378479,0.14114122092723846,mamba2-2.7b,2700000000,,1203,60
"Explain what this code does:
def function_38(x): return x * 2",1.3,2,1773615506.514599,2026-03-15T23:58:26.514599,0.861655592918396,0.030586179345846176,mamba2-2.7b,2700000000,Explain what this code does,1204,60
"In Basra, religious sects preached against the state.",1.0,128,1773615512.575058,2026-03-15T23:58:32.575060,0.7467588186264038,0.16579459607601166,mamba2-2.7b,2700000000,,1205,60
"Explain what this code does:
def function_79(x): return x * 2",0.7,128,1773615518.691594,2026-03-15T23:58:38.691596,0.9036201238632202,0.11138048022985458,mamba2-2.7b,2700000000,Explain what this code does,1206,60
"It's part of my individuality,'"" he said.",0.7,128,1773615524.7365742,2026-03-15T23:58:44.736577,0.774936318397522,0.15146061778068542,mamba2-2.7b,2700000000,,1207,60
"With the anarchists being crushed in Russia, two new antithetical currents emerged, namely platformism and synthesis anarchism.",1.0,128,1773615530.775301,2026-03-15T23:58:50.775302,0.7285608053207397,0.16222992539405823,mamba2-2.7b,2700000000,,1208,60
"Explain what this code does:
def function_56(x): return x * 2",1.0,128,1773615536.839444,2026-03-15T23:58:56.839445,0.8069295287132263,0.1314529925584793,mamba2-2.7b,2700000000,Explain what this code does,1209,60
"Explain what this code does:
def function_63(x): return x * 2",0.7,128,1773615542.9038346,2026-03-15T23:59:02.903837,0.8290038704872131,0.12743620574474335,mamba2-2.7b,2700000000,Explain what this code does,1210,60
"History  The earliest certain ancestor of ""A"" is aleph (also written 'aleph), the first letter of the Phoenician alphabet, which consisted entirely of consonants (for that reason, it is also called an abjad to distinguish it from a true alphabet).",1.0,128,1773615548.9860175,2026-03-15T23:59:08.986019,0.7865979075431824,0.13067930936813354,mamba2-2.7b,2700000000,,1211,60
An open Java The one thing everyone agrees about Java is that it's imperfect.,0.7,128,1773615555.066534,2026-03-15T23:59:15.066536,0.7610649466514587,0.13387276232242584,mamba2-2.7b,2700000000,,1212,60
"In response to the army rebellion, an anarchist-inspired movement of peasants and workers, supported by armed militias, took control of Barcelona and of large areas of rural Spain, where they collectivised the land.",1.0,128,1773615561.1484542,2026-03-15T23:59:21.148456,0.7107371687889099,0.14123085141181946,mamba2-2.7b,2700000000,,1213,60
"In response to their expulsion from the First International, anarchists formed the St. Imier International.",0.7,128,1773615567.2138314,2026-03-15T23:59:27.213833,0.7955049276351929,0.1435723751783371,mamba2-2.7b,2700000000,,1214,60
"While it advocates for no-one to archiei, if accepted by the many, then anarchism would turn into the ruling political theory.",1.3,128,1773615573.2889457,2026-03-15T23:59:33.288948,0.47663575410842896,0.1730486899614334,mamba2-2.7b,2700000000,,1215,60
3.,1.3,128,1773615579.3671649,2026-03-15T23:59:39.367166,0.5281280875205994,0.21222740411758423,mamba2-2.7b,2700000000,,1216,60
Which of these human activities does not contribute to the extinction of species? (Answer: C),0.7,128,1773615585.423147,2026-03-15T23:59:45.423149,0.8458213210105896,0.18916067481040955,mamba2-2.7b,2700000000,Which of these human activities does not contribute to the extinction of species? (Answer,1217,60
The glint of light off water is a commonplace effect of this.,1.0,31,1773615586.876486,2026-03-15T23:59:46.876488,0.7132403254508972,0.1449916958808899,mamba2-2.7b,2700000000,,1218,60
"In 1954, the U.S. Supreme Court ruled in Brown v. Board of Education that public schools had to be desegregated, but Alabama was slow to comply.",1.3,128,1773615592.9360313,2026-03-15T23:59:52.936033,0.587920069694519,0.19807778298854828,mamba2-2.7b,2700000000,,1219,60
The northern part—along the Tennessee River Valley—is most vulnerable.,0.7,128,1773615599.0699291,2026-03-15T23:59:59.069931,0.7305896282196045,0.15234777331352234,mamba2-2.7b,2700000000,,1220,61
"In sunlight, dark clothes absorb more heat and light-coloured clothes reflect it better, thus allowing some control over body temperature by exploiting the albedo effect of the colour of external clothing.",0.7,128,1773615605.1384153,2026-03-16T00:00:05.138417,0.772038996219635,0.14316418766975403,mamba2-2.7b,2700000000,,1221,61
"Explain what this code does:
def function_83(x): return x * 2",1.3,128,1773615611.1971512,2026-03-16T00:00:11.197153,0.5608160495758057,0.1716354787349701,mamba2-2.7b,2700000000,Explain what this code does,1222,61
The male insects in a population are treated to prevent sperm production. Would this reduce this insect population? (Answer: C),1.3,128,1773615617.240451,2026-03-16T00:00:17.240453,0.38648027181625366,0.16845357418060303,mamba2-2.7b,2700000000,The male insects in a population are treated to prevent sperm production. Would this reduce this insect population? (Answer,1223,61
Anarchy Archives is an online research center on the history and theory of anarchism.,1.0,110,1773615622.4497244,2026-03-16T00:00:22.449726,0.7320939302444458,0.1430359184741974,mamba2-2.7b,2700000000,,1224,61
Alabama: The History of a Deep South State (1994).,1.3,128,1773615628.5114925,2026-03-16T00:00:28.511494,0.6043935418128967,0.21277578175067902,mamba2-2.7b,2700000000,Alabama,1225,61
"Beyond the specific factions of anarchist movements which constitute political anarchism lies philosophical anarchism which holds that the state lacks moral legitimacy, without necessarily accepting the imperative of revolution to eliminate it.",0.7,128,1773615634.575904,2026-03-16T00:00:34.575906,0.7948141098022461,0.1366928070783615,mamba2-2.7b,2700000000,,1226,61
"In Basra, religious sects preached against the state.",1.3,128,1773615640.6226337,2026-03-16T00:00:40.622635,0.35691773891448975,0.20536039769649506,mamba2-2.7b,2700000000,,1227,61
"Explain what this code does:
def function_7(x): return x * 2",1.3,128,1773615646.6971128,2026-03-16T00:00:46.697115,0.506007194519043,0.21082961559295654,mamba2-2.7b,2700000000,Explain what this code does,1228,61
"OEMs like Meta, VIVE, Vuzix, and Picoare are already building on the XR1 platform, the release said.",1.3,128,1773615652.7717712,2026-03-16T00:00:52.771773,0.43573567271232605,0.1853768676519394,mamba2-2.7b,2700000000,,1229,61
Demarko Johnson and Johnathan Johnson were able to find McNeight at a gas station at Magnolia Beach Road and Thomas Drive.,0.7,17,1773615653.5754,2026-03-16T00:00:53.575402,0.7494409084320068,0.10598447173833847,mamba2-2.7b,2700000000,,1230,61
"Explain what this code does:
def function_93(x): return x * 2",1.0,128,1773615659.6358008,2026-03-16T00:00:59.635802,0.8227472305297852,0.12609633803367615,mamba2-2.7b,2700000000,Explain what this code does,1231,61
"In the last decades of the 20th and into the 21st century, the anarchist movement has been resurgent once more.",0.7,128,1773615665.7007022,2026-03-16T00:01:05.700704,0.7473171949386597,0.15219473838806152,mamba2-2.7b,2700000000,,1232,61
"At the same time, many rural people migrated to the city of Birmingham to work in new industrial jobs.",0.7,128,1773615671.763024,2026-03-16T00:01:11.763026,0.7909038066864014,0.12125468254089355,mamba2-2.7b,2700000000,,1233,61
A fold observed in layers of sedimentary rock most likely resulted from the (Answer: B),1.0,128,1773615677.8352702,2026-03-16T00:01:17.835272,0.6904621124267578,0.16763398051261902,mamba2-2.7b,2700000000,A fold observed in layers of sedimentary rock most likely resulted from the (Answer,1234,61
"Other spellings of the name have included Alibamu, Alabamo, Albama, Alebamon, Alibama, Alibamou, Alabamu, Allibamou.",1.0,128,1773615683.8968015,2026-03-16T00:01:23.896803,0.7200158834457397,0.1429639458656311,mamba2-2.7b,2700000000,,1235,61
"Behavioral, psychological, education, and/or skill-building interventions may be used to assist autistic people to learn life skills necessary for living independently, as well as other social, communication, and language skills.",0.7,128,1773615689.9794495,2026-03-16T00:01:29.979451,0.7684112787246704,0.14161065220832825,mamba2-2.7b,2700000000,,1236,61
"In May 2007, German steelmaker ThyssenKrupp selected Calvert in Mobile County for a 4.65billion combined stainless and carbon steel processing facility.",1.0,128,1773615696.072222,2026-03-16T00:01:36.072224,0.7510714530944824,0.1423066407442093,mamba2-2.7b,2700000000,,1237,61
"A common criticism against autistic activists is that the majority of them are ""high-functioning"" or have Asperger syndrome and do not represent the views of ""low-functioning"" autistic people.",1.0,128,1773615702.1445172,2026-03-16T00:01:42.144519,0.7424325346946716,0.13785697519779205,mamba2-2.7b,2700000000,,1238,61
Aquaculture   Aquaculture is a large part of the economy of Alabama.,0.7,128,1773615708.20922,2026-03-16T00:01:48.209222,0.7866961359977722,0.15002143383026123,mamba2-2.7b,2700000000,,1239,61
"Explain what this code does:
def function_57(x): return x * 2",1.0,128,1773615714.369423,2026-03-16T00:01:54.369425,0.7875511646270752,0.11593291163444519,mamba2-2.7b,2700000000,Explain what this code does,1240,62
Greater Birmingham is Alabama's largest metropolitan area and its economic center.,1.3,128,1773615720.4445412,2026-03-16T00:02:00.444543,0.47817105054855347,0.2610972225666046,mamba2-2.7b,2700000000,,1241,62
"It had not redistricted congressional districts since passage of its constitution in 1901; as a result, urbanized areas were grossly underrepresented.",1.0,82,1773615724.324672,2026-03-16T00:02:04.324673,0.7370799779891968,0.14488092064857483,mamba2-2.7b,2700000000,,1242,62
"It's an invaluable quality for a person to have, whether they continue to dance or end up doing other things.",1.0,67,1773615727.4882143,2026-03-16T00:02:07.488216,0.6624783277511597,0.14830084145069122,mamba2-2.7b,2700000000,,1243,62
Many autistic people face significant obstacles in transitioning to adulthood.,1.0,76,1773615731.0758095,2026-03-16T00:02:11.075811,0.821937084197998,0.13758939504623413,mamba2-2.7b,2700000000,,1244,62
Anti-capitalism Anti-fascism Economic ideologies Left-wing politics Libertarian socialism Libertarianism Political culture Political movements Political ideologies Social theories Socialism Far-left politics,0.7,128,1773615737.141258,2026-03-16T00:02:17.141260,0.9522407054901123,0.08710765838623047,mamba2-2.7b,2700000000,,1245,62
"Cahaba, now a ghost town, was the first permanent state capital from 1820 to 1825.",0.7,100,1773615741.877467,2026-03-16T00:02:21.877469,0.7775486707687378,0.11654037237167358,mamba2-2.7b,2700000000,,1246,62
"Anarcho-syndicalism is a branch of anarchism that views labour syndicates as a potential force for revolutionary social change, replacing capitalism and the state with a new society democratically self-managed by workers.",0.7,128,1773615747.9590378,2026-03-16T00:02:27.959039,0.8307532668113708,0.1424153596162796,mamba2-2.7b,2700000000,,1247,62
"Anarchists were treated similarly in the Second International, being ultimately expelled in 1896.",1.3,128,1773615754.0170665,2026-03-16T00:02:34.017068,0.5090218782424927,0.2180584967136383,mamba2-2.7b,2700000000,,1248,62
"On Earth, water can be a solid, a liquid, or a gas. Which energy source has the greatest influence on the state of matter of water? (Answer: A)",0.7,128,1773615760.0789604,2026-03-16T00:02:40.078962,0.8283979892730713,0.10405154526233673,mamba2-2.7b,2700000000,"On Earth, water can be a solid, a liquid, or a gas. Which energy source has the greatest influence on the state of matter of water? (Answer",1249,62
"Immigration from outside the U.S. resulted in a net increase of 31,180 people, and migration within the country produced a net gain of 73,811 people.",0.7,128,1773615766.158284,2026-03-16T00:02:46.158286,0.8152723908424377,0.14448751509189606,mamba2-2.7b,2700000000,,1250,62
Three transients have also been arrested for their participation.,1.0,128,1773615772.22794,2026-03-16T00:02:52.227941,0.7716017961502075,0.14757777750492096,mamba2-2.7b,2700000000,,1251,62
New York City Ballet continues its first year without Peter Martins at the helm as our spring season opens tonight.,1.0,128,1773615778.3014548,2026-03-16T00:02:58.301465,0.7210538387298584,0.16890887916088104,mamba2-2.7b,2700000000,,1252,62
Which planet has the longest planetary year? (Answer: D),1.3,128,1773615784.3806267,2026-03-16T00:03:04.380628,0.4352324604988098,0.17844043672084808,mamba2-2.7b,2700000000,Which planet has the longest planetary year? (Answer,1253,62
Notes  The Talladega Superspeedway motorsports complex hosts a series of NASCAR events.,1.0,128,1773615790.4689813,2026-03-16T00:03:10.468983,0.8159375786781311,0.16842122375965118,mamba2-2.7b,2700000000,,1254,62
They held on to old representation to maintain political and economic power in agricultural areas.,1.3,128,1773615796.5222654,2026-03-16T00:03:16.522267,0.34075140953063965,0.16646865010261536,mamba2-2.7b,2700000000,,1255,62
"Germarco Johnson was charged with Robbery with a Firearm, Counterfeiting of an Instrument with Intent to Defraud (two counts), Principal/Accessory to Uttering a False Bank Bill (two counts), and Larceny $300 or more but less than $5000 (two counts).",1.3,128,1773615802.5935867,2026-03-16T00:03:22.593588,0.6400554180145264,0.16995689272880554,mamba2-2.7b,2700000000,,1256,62
A BOLO was put out to local law enforcement on the vehicles.,1.3,128,1773615808.670013,2026-03-16T00:03:28.670014,0.5019697546958923,0.2036566436290741,mamba2-2.7b,2700000000,,1257,62
"Explain what this code does:
def function_80(x): return x * 2",1.3,128,1773615814.7271137,2026-03-16T00:03:34.727115,0.6095125079154968,0.21764656901359558,mamba2-2.7b,2700000000,Explain what this code does,1258,62
Aerosols modify the properties of clouds through a subset of the aerosol population called cloud condensation nuclei.,0.7,128,1773615820.79114,2026-03-16T00:03:40.791142,0.7893837690353394,0.1477741152048111,mamba2-2.7b,2700000000,,1259,62
"Explain what this code does:
def function_71(x): return x * 2",1.0,128,1773615826.9472961,2026-03-16T00:03:46.947298,0.7841948866844177,0.12730644643306732,mamba2-2.7b,2700000000,Explain what this code does,1260,63
"""I'd say compliance right now is only at about 35% or 40% at the most,"" he said.",1.0,128,1773615833.0186722,2026-03-16T00:03:53.018673,0.7399280071258545,0.14165359735488892,mamba2-2.7b,2700000000,,1261,63
"Explain what this code does:
def function_83(x): return x * 2",0.7,128,1773615839.066346,2026-03-16T00:03:59.066347,0.7860990166664124,0.12034798413515091,mamba2-2.7b,2700000000,Explain what this code does,1262,63
"A common criticism against autistic activists is that the majority of them are ""high-functioning"" or have Asperger syndrome and do not represent the views of ""low-functioning"" autistic people.",0.7,128,1773615845.1438615,2026-03-16T00:04:05.143863,0.7709777355194092,0.14635494351387024,mamba2-2.7b,2700000000,,1263,63
"Explain what this code does:
def function_64(x): return x * 2",1.3,128,1773615851.208998,2026-03-16T00:04:11.208999,0.5132326483726501,0.22198912501335144,mamba2-2.7b,2700000000,Explain what this code does,1264,63
This line of arguments most often calls for political action within the system to reform it.,1.0,128,1773615857.2657704,2026-03-16T00:04:17.265772,0.7922999858856201,0.17136867344379425,mamba2-2.7b,2700000000,,1265,63
"Explain what this code does:
def function_61(x): return x * 2",1.3,32,1773615858.7670345,2026-03-16T00:04:18.767036,0.6397233009338379,0.11358536779880524,mamba2-2.7b,2700000000,Explain what this code does,1266,63
There are two key differences between SAR requests made under the Data Privacy Act and those made under GDPR: The cost and time frame.,0.7,128,1773615864.820909,2026-03-16T00:04:24.820910,0.8192989826202393,0.139295294880867,mamba2-2.7b,2700000000,There are two key differences between SAR requests made under the Data Privacy Act and those made under GDPR,1267,63
"Explain what this code does:
def function_53(x): return x * 2",1.3,49,1773615867.1334133,2026-03-16T00:04:27.133415,0.6966353058815002,0.11006920784711838,mamba2-2.7b,2700000000,Explain what this code does,1268,63
The glint of light off water is a commonplace effect of this.,1.3,128,1773615873.198324,2026-03-16T00:04:33.198325,0.4048434793949127,0.15355943143367767,mamba2-2.7b,2700000000,,1269,63
What do earthquakes tell scientists about the history of the planet? (Answer: B),1.3,74,1773615876.6907485,2026-03-16T00:04:36.690750,0.7267470955848694,0.26936250925064087,mamba2-2.7b,2700000000,What do earthquakes tell scientists about the history of the planet? (Answer,1270,63
"But for this one season, they're sharing the stage together.",1.3,35,1773615878.3364189,2026-03-16T00:04:38.336420,0.6904612183570862,0.16926537454128265,mamba2-2.7b,2700000000,,1271,63
"Humans lived in societies without formal hierarchies long before the establishment of formal states, realms, or empires.",1.0,128,1773615884.3994358,2026-03-16T00:04:44.399437,0.7052009105682373,0.1604568064212799,mamba2-2.7b,2700000000,,1272,63
That was when McNeight called the BCSO to report the robbery.,1.3,128,1773615890.4567473,2026-03-16T00:04:50.456749,0.45085006952285767,0.21547439694404602,mamba2-2.7b,2700000000,,1273,63
"Explain what this code does:
def function_22(x): return x * 2",0.7,128,1773615896.518937,2026-03-16T00:04:56.518939,0.8331210017204285,0.11861325055360794,mamba2-2.7b,2700000000,Explain what this code does,1274,63
The decision-making process of small anarchist affinity groups plays a significant tactical role.,1.0,128,1773615902.5950532,2026-03-16T00:05:02.595055,0.7217658162117004,0.15550391376018524,mamba2-2.7b,2700000000,,1275,63
"Here are five types of policies that companies must ensure they have in place and have trained employees on in the age of GDPR, according to Rickard.",0.7,128,1773615908.6997988,2026-03-16T00:05:08.699801,0.7891451120376587,0.12434016913175583,mamba2-2.7b,2700000000,,1276,63
"Evolutionary tactics embrace nonviolence, reject violence and take a gradual approach to anarchist aims, although there is significant overlap between the two.",1.3,128,1773615914.7905185,2026-03-16T00:05:14.790520,0.4951556921005249,0.20671607553958893,mamba2-2.7b,2700000000,,1277,63
Cotton and other cash crops faded in importance as the state developed a manufacturing and service base.,1.0,128,1773615920.8652663,2026-03-16T00:05:20.865268,0.7235135436058044,0.14367057383060455,mamba2-2.7b,2700000000,,1278,63
"Explain what this code does:
def function_57(x): return x * 2",1.3,128,1773615926.9358625,2026-03-16T00:05:26.935864,0.5054210424423218,0.17594823241233826,mamba2-2.7b,2700000000,Explain what this code does,1279,63
The available evidence does not rule out the possibility that autism's true prevalence has increased; a real increase would suggest directing more attention and funding toward psychosocial factors and changing environmental factors instead of continuing to focus on genetics.,0.7,128,1773615933.0999324,2026-03-16T00:05:33.099935,0.8588045239448547,0.14042329788208008,mamba2-2.7b,2700000000,,1280,64
Which of following is a property shared by the elements in the carbon family? (Answer: D),1.0,88,1773615937.2716355,2026-03-16T00:05:37.271637,0.7905377745628357,0.11974146217107773,mamba2-2.7b,2700000000,Which of following is a property shared by the elements in the carbon family? (Answer,1281,64
Puddles on a sidewalk are evaporating quickly. What most likely causes the puddles to evaporate? (Answer: A),1.0,128,1773615943.3472517,2026-03-16T00:05:43.347253,0.7505088448524475,0.16339029371738434,mamba2-2.7b,2700000000,Puddles on a sidewalk are evaporating quickly. What most likely causes the puddles to evaporate? (Answer,1282,64
"Edmundson says that while the individual does not owe the state a duty of obedience, this does not imply that anarchism is the inevitable conclusion and the state is still morally legitimate.",0.7,128,1773615949.432703,2026-03-16T00:05:49.432704,0.7367349863052368,0.12942081689834595,mamba2-2.7b,2700000000,,1283,64
"Email policies IT should have an email policy in place that hardens systems and can detect spam and viruses, Rickard said.",0.7,128,1773615955.5092824,2026-03-16T00:05:55.509284,0.7492467164993286,0.1369519978761673,mamba2-2.7b,2700000000,,1284,64
"""One of the easiest ways to breach a company is to put somebody on the janitorial staff and go looking at desks,"" Rickard said.",0.7,128,1773615961.592874,2026-03-16T00:06:01.592875,0.7715665102005005,0.13253486156463623,mamba2-2.7b,2700000000,,1285,64
Stars are often classified by their apparent brightness in the nighttime sky. Stars can also be classified in many other ways. Which of these is least useful in classifying stars? (Answer: C),1.3,128,1773615967.6809182,2026-03-16T00:06:07.680920,0.46659141778945923,0.2644865810871124,mamba2-2.7b,2700000000,Stars are often classified by their apparent brightness in the nighttime sky. Stars can also be classified in many other ways. Which of these is least useful in classifying stars? (Answer,1286,64
The company is one of dozens of others honoring Robbins this year; last week we covered Cincinnati Ballet and New York Theatre Ballet.,1.0,114,1773615973.0954323,2026-03-16T00:06:13.095434,0.7315375208854675,0.1463346630334854,mamba2-2.7b,2700000000,,1287,64
A student accidentally drops a test tube that breaks when it hits the floor. Which method is the best way to retrieve the broken glass? (Answer: C),1.0,128,1773615979.1762862,2026-03-16T00:06:19.176288,0.8447023630142212,0.170553520321846,mamba2-2.7b,2700000000,A student accidentally drops a test tube that breaks when it hits the floor. Which method is the best way to retrieve the broken glass? (Answer,1288,64
We had the chance to talk to the thoughtful and eloquent dancer about her time with the company and goals for the future.,1.0,128,1773615985.2472656,2026-03-16T00:06:25.247267,0.7388219237327576,0.17891055345535278,mamba2-2.7b,2700000000,,1289,64
"A 2016 survey in the United States reported a rate of 25 per 1,000 children for ASD.",1.0,128,1773615991.318787,2026-03-16T00:06:31.318789,0.7536841630935669,0.14908035099506378,mamba2-2.7b,2700000000,,1290,64
One criticism of the current constitution claims that its complexity and length intentionally codify segregation and racism.,1.0,128,1773615997.390554,2026-03-16T00:06:37.390555,0.7136505246162415,0.17159627377986908,mamba2-2.7b,2700000000,,1291,64
Michael learned that the movement of Earth in the solar system causes changes that can be seen on the planet. Which change could be seen on Earth in the time it takes Earth to rotate once on its axis? (Answer: A),0.7,1,1773615997.4384155,2026-03-16T00:06:37.438416,0.6911855340003967,,mamba2-2.7b,2700000000,Michael learned that the movement of Earth in the solar system causes changes that can be seen on the planet. Which change could be seen on Earth in the time it takes Earth to rotate once on its axis? (Answer,1292,64
"Johnathon Johnson put McNeight in a choke hold, and they threatened McNeight with the tire iron, and took the money, his wallet, and his cell phone.",1.0,1,1773615997.4856794,2026-03-16T00:06:37.485679,0.6661117672920227,,mamba2-2.7b,2700000000,,1293,64
"The scattering of radiation causes atmospheric cooling, whereas absorption can cause atmospheric warming.",0.7,128,1773616003.5610204,2026-03-16T00:06:43.561022,0.7847105860710144,0.14145414531230927,mamba2-2.7b,2700000000,,1294,64
"A 2018 review concluded that it may be a therapeutic option for specific groups of children with autism, such as those with known food intolerances or allergies, or with food intolerance markers.",1.0,128,1773616009.6346772,2026-03-16T00:06:49.634679,0.8073492050170898,0.13858427107334137,mamba2-2.7b,2700000000,,1295,64
"Explain what this code does:
def function_74(x): return x * 2",0.7,128,1773616015.707748,2026-03-16T00:06:55.707750,0.8112165927886963,0.10112222284078598,mamba2-2.7b,2700000000,Explain what this code does,1296,64
Such a dark surface is thought to be indicative of a primitive and heavily space weathered surface containing some organic compounds.,1.3,128,1773616021.7856696,2026-03-16T00:07:01.785671,0.6354769468307495,0.17356997728347778,mamba2-2.7b,2700000000,,1297,64
"The district's boundaries were roughly limited to the area within a few miles of the Tombigbee River and included portions of what is today southern Clarke County, northernmost Mobile County, and most of Washington County.",1.3,128,1773616027.869637,2026-03-16T00:07:07.869639,0.45663875341415405,0.20979997515678406,mamba2-2.7b,2700000000,,1298,64
"The uneven heating of Earth from albedo variations between land, ice, or ocean surfaces can drive weather.",1.3,128,1773616033.9347937,2026-03-16T00:07:13.934795,0.48422569036483765,0.23379340767860413,mamba2-2.7b,2700000000,,1299,64
Which geologic process most likely led to the uplifting of the Rocky Mountains? (Answer: C),1.3,128,1773616040.0883238,2026-03-16T00:07:20.088326,0.524641215801239,0.19506783783435822,mamba2-2.7b,2700000000,Which geologic process most likely led to the uplifting of the Rocky Mountains? (Answer,1300,65
"Said solution is Gitstorage, an easy-to-deploy appliance dedicated to housing your Git repositories.",1.0,128,1773616046.1772578,2026-03-16T00:07:26.177259,0.71100252866745,0.13049434125423431,mamba2-2.7b,2700000000,,1301,65
"All of them compared gluten- and casein-free diet versus normal diet with a control group (2 double-blind randomized controlled trials, 1 double-blind crossover trial, 1 single-blind trial).",1.0,128,1773616052.2551427,2026-03-16T00:07:32.255144,0.7750757336616516,0.15437233448028564,mamba2-2.7b,2700000000,,1302,65
1.,1.0,128,1773616058.3071616,2026-03-16T00:07:38.307163,0.8413857221603394,0.12241238355636597,mamba2-2.7b,2700000000,,1303,65
"Following the Vaganova method, classes are strict and focus on precise positions and placement.",1.0,87,1773616062.4090698,2026-03-16T00:07:42.409071,0.6884961724281311,0.16800548136234283,mamba2-2.7b,2700000000,,1304,65
"Explain what this code does:
def function_25(x): return x * 2",1.0,17,1773616063.2039213,2026-03-16T00:07:43.203923,0.7755923271179199,0.10046585649251938,mamba2-2.7b,2700000000,Explain what this code does,1305,65
"Unlike with autism, people with Asperger syndrome have no substantial delay in language development.",1.3,128,1773616069.2440073,2026-03-16T00:07:49.244009,0.49214014410972595,0.24159128963947296,mamba2-2.7b,2700000000,,1306,65
"Stay informed, click here to subscribe to the TechRepublic Cloud Insights newsletter.",0.7,128,1773616075.2939963,2026-03-16T00:07:55.293998,0.7471988797187805,0.13897237181663513,mamba2-2.7b,2700000000,,1307,65
"In two of the studies, whose duration was 12 and 24 months, a significant improvement in ASD symptoms (efficacy rate 50%) was identified.",0.7,128,1773616081.3462148,2026-03-16T00:08:01.346216,0.8138664960861206,0.1507726013660431,mamba2-2.7b,2700000000,,1308,65
"The EU's General Data Protection Regulation (GDPR) went into effect in May, requiring all organizations that handle the data of EU citizens to comply with its provisions regarding collecting and using personal data.",1.0,128,1773616087.4033349,2026-03-16T00:08:07.403337,0.7973357439041138,0.1312818080186844,mamba2-2.7b,2700000000,,1309,65
"In two of the studies, whose duration was 12 and 24 months, a significant improvement in ASD symptoms (efficacy rate 50%) was identified.",1.0,128,1773616093.4538727,2026-03-16T00:08:13.453874,0.6758122444152832,0.1364341527223587,mamba2-2.7b,2700000000,,1310,65
The company is one of dozens of others honoring Robbins this year; last week we covered Cincinnati Ballet and New York Theatre Ballet.,1.3,128,1773616099.50237,2026-03-16T00:08:19.502371,0.46614721417427063,0.18599188327789307,mamba2-2.7b,2700000000,,1311,65
"Albedo–temperature feedback When an area's albedo changes due to snowfall, a snow–temperature feedback results.",1.3,128,1773616105.559571,2026-03-16T00:08:25.559573,0.5295813083648682,0.19427655637264252,mamba2-2.7b,2700000000,,1312,65
"Explain what this code does:
def function_73(x): return x * 2",1.3,128,1773616111.6425247,2026-03-16T00:08:31.642526,0.4473707675933838,0.22991396486759186,mamba2-2.7b,2700000000,Explain what this code does,1313,65
"Indigenous animal species in the state include 62 mammal species, 93 reptile species, 73 amphibian species, roughly 307 native freshwater fish species, and 420 bird species that spend at least part of their year within the state.",1.0,128,1773616117.7065241,2026-03-16T00:08:37.706526,0.7323814630508423,0.1506323665380478,mamba2-2.7b,2700000000,,1314,65
"Although initially not forthcoming about the true circumstances surrounding the robbery, McNeight eventually told investigators how he got the money.",0.7,128,1773616123.7896354,2026-03-16T00:08:43.789637,0.8034555912017822,0.14384908974170685,mamba2-2.7b,2700000000,,1315,65
"In the southern Gulf coast, snowfall is less frequent, sometimes going several years without any snowfall.",0.7,128,1773616129.8563313,2026-03-16T00:08:49.856334,0.7522817850112915,0.1286236196756363,mamba2-2.7b,2700000000,,1316,65
"Stay informed, click here to subscribe to the TechRepublic Cloud Insights newsletter.",1.0,128,1773616135.909419,2026-03-16T00:08:55.909421,0.7365427017211914,0.13228346407413483,mamba2-2.7b,2700000000,,1317,65
No babbling by 12 months.,1.3,128,1773616141.9901872,2026-03-16T00:09:01.990189,0.4368615448474884,0.2007380723953247,mamba2-2.7b,2700000000,,1318,65
"Explain what this code does:
def function_2(x): return x * 2",0.7,128,1773616148.079219,2026-03-16T00:09:08.079221,0.8384234309196472,0.10471980273723602,mamba2-2.7b,2700000000,Explain what this code does,1319,65
"According to Fullington, Pavel Gerdt, the dancer who created the role, was likely too old to dance the variation himself.",1.3,128,1773616154.257395,2026-03-16T00:09:14.257397,0.5081496834754944,0.2048826962709427,mamba2-2.7b,2700000000,,1320,66
"Jewish denominations in the state include two Orthodox, four Conservative, ten Reform, and one Humanistic synagogue.",1.0,128,1773616160.3340895,2026-03-16T00:09:20.334091,0.7965254187583923,0.15468575060367584,mamba2-2.7b,2700000000,,1321,66
"Despite African Americans making up a significant minority in the state, they had been unable to elect any representatives in most of the at-large jurisdictions.",1.3,128,1773616166.3902664,2026-03-16T00:09:26.390268,0.5661826133728027,0.19666415452957153,mamba2-2.7b,2700000000,,1322,66
"Fortunately there's a solution, one that's incredibly simple.",1.0,128,1773616172.4358327,2026-03-16T00:09:32.435834,0.6734183430671692,0.15254469215869904,mamba2-2.7b,2700000000,,1323,66
"Because light specularly reflected from water does not usually reach the viewer, water is usually considered to have a very low albedo in spite of its high reflectivity at high angles of incident light.",1.0,128,1773616178.493778,2026-03-16T00:09:38.493780,0.7325305938720703,0.1159047931432724,mamba2-2.7b,2700000000,,1324,66
And then the last third is basically just direct quotes from his films and bringing them back to life.,0.7,128,1773616184.5402846,2026-03-16T00:09:44.540286,0.7567015886306763,0.14513850212097168,mamba2-2.7b,2700000000,,1325,66
"Explain what this code does:
def function_14(x): return x * 2",1.0,128,1773616190.6145926,2026-03-16T00:09:50.614594,0.8659300804138184,0.1164570152759552,mamba2-2.7b,2700000000,Explain what this code does,1326,66
Intellectual disability.,0.7,122,1773616196.411521,2026-03-16T00:09:56.411523,0.8106205463409424,0.13600949943065643,mamba2-2.7b,2700000000,,1327,66
NYCB's Brittany Pollack and Chase Finlay in the grand pas de deux toe slide.,1.3,128,1773616202.5025644,2026-03-16T00:10:02.502566,0.6416552066802979,0.1853974312543869,mamba2-2.7b,2700000000,,1328,66
"Because of the constraints of the Alabama Constitution, which centralizes power in the state legislature, only seven counties (Jefferson, Lee, Mobile, Madison, Montgomery, Shelby, and Tuscaloosa) in the state have limited home rule.",1.0,128,1773616208.5564404,2026-03-16T00:10:08.556442,0.7426376938819885,0.13549786806106567,mamba2-2.7b,2700000000,,1329,66
"Typographic variants  During Roman times, there were many variant forms of the letter ""A"".",1.0,128,1773616214.604829,2026-03-16T00:10:14.604831,0.7066943645477295,0.14762809872627258,mamba2-2.7b,2700000000,,1330,66
References  External links    1910s neologisms Articles containing video clips Communication disorders Neurological disorders in children Pervasive developmental disorders Wikipedia medicine articles ready to translate,1.3,128,1773616220.667279,2026-03-16T00:10:20.667281,0.33297741413116455,0.1493561863899231,mamba2-2.7b,2700000000,,1331,66
Courtesy Peter Koppers.,1.3,128,1773616226.7453594,2026-03-16T00:10:26.745361,0.3598873019218445,0.15348415076732635,mamba2-2.7b,2700000000,,1332,66
"Stay informed, click here to subscribe to the TechRepublic Cloud Insights newsletter.",1.0,128,1773616232.8313694,2026-03-16T00:10:32.831371,0.7670555114746094,0.1267550140619278,mamba2-2.7b,2700000000,,1333,66
"One thing to note: If you need more users, you'll create them from the command line (in similar fashion as you did above).",1.0,128,1773616238.889297,2026-03-16T00:10:38.889299,0.7992812395095825,0.13438254594802856,mamba2-2.7b,2700000000,One thing to note,1334,66
"On Earth, water can be a solid, a liquid, or a gas. Which energy source has the greatest influence on the state of matter of water? (Answer: A)",1.3,128,1773616244.951868,2026-03-16T00:10:44.951869,0.4630708694458008,0.1597835123538971,mamba2-2.7b,2700000000,"On Earth, water can be a solid, a liquid, or a gas. Which energy source has the greatest influence on the state of matter of water? (Answer",1335,66
Later immigrants in the nineteenth and twentieth centuries tended to be Ashkenazi Jews from eastern Europe.,0.7,128,1773616251.021701,2026-03-16T00:10:51.021704,0.7820931673049927,0.1400342732667923,mamba2-2.7b,2700000000,,1336,66
Alabama's slaves were freed by the 13th Amendment in 1865.,1.3,128,1773616257.1041737,2026-03-16T00:10:57.104175,0.4066910743713379,0.1973162442445755,mamba2-2.7b,2700000000,,1337,66
"This can take the form of disrupting and protesting against unjust hierarchy, or the form of self-managing their lives through the creation of counter-institutions such as communes and non-hierarchical collectives.",1.3,128,1773616263.1950347,2026-03-16T00:11:03.195036,0.48739275336265564,0.20401552319526672,mamba2-2.7b,2700000000,,1338,66
Cells are the basic unit of structure and function in all living organisms. Which describes the greatest difference between the cells of a baby gorilla and the cells of an adult gorilla? (Answer: A),1.3,128,1773616269.2940345,2026-03-16T00:11:09.294036,0.6722437143325806,0.22893473505973816,mamba2-2.7b,2700000000,Cells are the basic unit of structure and function in all living organisms. Which describes the greatest difference between the cells of a baby gorilla and the cells of an adult gorilla? (Answer,1339,66
Collectivist anarchism is a revolutionary socialist form of anarchism commonly associated with Mikhail Bakunin.,1.3,128,1773616275.4414194,2026-03-16T00:11:15.441421,0.45234671235084534,0.21416474878787994,mamba2-2.7b,2700000000,,1340,67
"The first community of adherents of the Baháʼí Faith in Alabama was founded in 1896 by Paul K. Dealy, who moved from Chicago to Fairhope.",0.7,128,1773616281.490328,2026-03-16T00:11:21.490330,0.8153758645057678,0.15555009245872498,mamba2-2.7b,2700000000,,1341,67
The other detail that will change with personal data access under GDPR is how long companies have to respond to your request.,1.3,128,1773616287.5348105,2026-03-16T00:11:27.534812,0.4570121765136719,0.18192237615585327,mamba2-2.7b,2700000000,,1342,67
The school closed after constant harassment by the state and Ferrer was later arrested.,1.0,128,1773616293.5875864,2026-03-16T00:11:33.587588,0.6559628248214722,0.1261594295501709,mamba2-2.7b,2700000000,,1343,67
"It was created in collaboration by NBoC principal dancer and choreographic associate Guillaume Côté and film and stage director Robert Lepage, who is making his NBoC debut.",1.0,128,1773616299.652659,2026-03-16T00:11:39.652661,0.6805559396743774,0.1706344187259674,mamba2-2.7b,2700000000,,1344,67
"Friedrich Engels, considered to be one of the principal founders of Marxism, criticised anarchism's anti-authoritarianism as inherently counter-revolutionary because in his view a revolution is by itself authoritarian.",1.0,55,1773616302.260002,2026-03-16T00:11:42.260003,0.7252417802810669,0.16067096590995789,mamba2-2.7b,2700000000,,1345,67
Figure A You can now go to Preferences and configure your installation of Trac.,1.3,128,1773616308.30772,2026-03-16T00:11:48.307721,0.3477940559387207,0.15159602463245392,mamba2-2.7b,2700000000,,1346,67
The remaining portion of the ThyssenKrupp plant had final bids submitted by ArcelorMittal and Nippon Steel for $1.6billion in March 2013.,0.7,128,1773616314.3577585,2026-03-16T00:11:54.357760,0.7358583211898804,0.1461835354566574,mamba2-2.7b,2700000000,,1347,67
"That's how SFB describes their upcoming tribute to Jerome Robbins, March 20-25.",0.7,128,1773616320.4043033,2026-03-16T00:12:00.404306,0.728390097618103,0.1619826853275299,mamba2-2.7b,2700000000,,1348,67
"Friedrich Engels, considered to be one of the principal founders of Marxism, criticised anarchism's anti-authoritarianism as inherently counter-revolutionary because in his view a revolution is by itself authoritarian.",0.7,128,1773616326.4812608,2026-03-16T00:12:06.481262,0.7432479858398438,0.15282203257083893,mamba2-2.7b,2700000000,,1349,67
Medication Medications may be used to treat ASD symptoms that interfere with integrating a child into home or school when behavioral treatment fails.,0.7,128,1773616332.5633624,2026-03-16T00:12:12.563364,0.7907556295394897,0.12693734467029572,mamba2-2.7b,2700000000,,1350,67
"Rain forests contain more species of trees than any other biome. However, scientists have found that the soil of the forest floor is relatively nutrient poor. What could most likely account for this? (Answer: B)",0.7,128,1773616338.6434789,2026-03-16T00:12:18.643480,0.806732714176178,0.1336408406496048,mamba2-2.7b,2700000000,"Rain forests contain more species of trees than any other biome. However, scientists have found that the soil of the forest floor is relatively nutrient poor. What could most likely account for this? (Answer",1351,67
"A component especially of individualist anarchism, philosophical anarchism may tolerate the existence of a minimal state but claims that citizens have no moral obligation to obey government when it conflicts with individual autonomy.",1.3,128,1773616344.7042675,2026-03-16T00:12:24.704269,0.5841205716133118,0.20276565849781036,mamba2-2.7b,2700000000,,1352,67
"Many individuals with ASD show superior skills in perception and attention, relative to the general population.",0.7,128,1773616350.7617807,2026-03-16T00:12:30.761782,0.7517831325531006,0.13513505458831787,mamba2-2.7b,2700000000,,1353,67
"Elections  In a 2020 study, Alabama was ranked as the 12th most difficult state for citizens to vote.",1.0,128,1773616356.8465118,2026-03-16T00:12:36.846513,0.8027807474136353,0.1364080309867859,mamba2-2.7b,2700000000,,1354,67
"Franklin wants to know how fast he runs different distances. He uses a stopwatch to measure the time it takes him to complete a 50-meter, 100-meter, and 200-meter race. How can he calculate his speed for each race? (Answer: B)",0.7,128,1773616362.9187803,2026-03-16T00:12:42.918782,0.9068353176116943,0.14321576058864594,mamba2-2.7b,2700000000,"Franklin wants to know how fast he runs different distances. He uses a stopwatch to measure the time it takes him to complete a 50-meter, 100-meter, and 200-meter race. How can he calculate his speed for each race? (Answer",1355,67
"When a mirror is placed by a fish bowl with a beta fish swimming inside, the beta fish sees what appears to be another fish. This occurs because of (Answer: C)",1.3,128,1773616369.001204,2026-03-16T00:12:49.001206,0.4682497978210449,0.183669313788414,mamba2-2.7b,2700000000,"When a mirror is placed by a fish bowl with a beta fish swimming inside, the beta fish sees what appears to be another fish. This occurs because of (Answer",1356,67
Both derive from the majuscule (capital) form.,1.0,128,1773616375.0858479,2026-03-16T00:12:55.085849,0.7038089632987976,0.16532808542251587,mamba2-2.7b,2700000000,,1357,67
But the management of projects and ticket issues doesn't just fall on the heads of large companies.,1.0,72,1773616378.5079305,2026-03-16T00:12:58.507932,0.6862886548042297,0.14092813432216644,mamba2-2.7b,2700000000,,1358,67
"Using the tag information, investigators were able to learn the two vehicles were rentals and eventually identified the four men from Atlanta.",1.0,1,1773616378.5556204,2026-03-16T00:12:58.555621,0.7011396288871765,,mamba2-2.7b,2700000000,,1359,67
Notes  The Talladega Superspeedway motorsports complex hosts a series of NASCAR events.,0.7,128,1773616384.71518,2026-03-16T00:13:04.715182,0.9071123600006104,0.11021104454994202,mamba2-2.7b,2700000000,,1360,68
"Some animals are very rare. For example, there are very few Siberian tigers. If the only Siberian tigers left are female, what will most likely happen? (Answer: D)",1.3,128,1773616390.7995112,2026-03-16T00:13:10.799513,0.6457052230834961,0.18413075804710388,mamba2-2.7b,2700000000,"Some animals are very rare. For example, there are very few Siberian tigers. If the only Siberian tigers left are female, what will most likely happen? (Answer",1361,68
Masking may include making oneself perform normative facial expressions and eye contact.,1.3,128,1773616396.8820395,2026-03-16T00:13:16.882041,0.39686650037765503,0.17985008656978607,mamba2-2.7b,2700000000,,1362,68
About half of people in their 20s with autism are not employed.,1.3,128,1773616402.9484687,2026-03-16T00:13:22.948470,0.49903416633605957,0.22607479989528656,mamba2-2.7b,2700000000,,1363,68
"), patriarchy, heterosexism, white supremacy, and imperialism.""",1.0,128,1773616409.0209367,2026-03-16T00:13:29.020938,0.6438556909561157,0.16768878698349,mamba2-2.7b,2700000000,,1364,68
An ice cube placed in sunlight melts quickly. Which BEST explains this event? (Answer: B),1.3,128,1773616415.0818846,2026-03-16T00:13:35.081886,0.3778952658176422,0.18694166839122772,mamba2-2.7b,2700000000,An ice cube placed in sunlight melts quickly. Which BEST explains this event? (Answer,1365,68
"Although popularly used as an alternative treatment for autistic people, as of 2018 there is no good evidence to recommend a gluten- and casein-free diet as a standard treatment.",0.7,24,1773616416.2166557,2026-03-16T00:13:36.216657,0.7313441038131714,0.1734226495027542,mamba2-2.7b,2700000000,,1366,68
"Regina, 40, will retire from the stage in March, just as her daughter starts her own career as a trainee.",1.3,114,1773616421.6196735,2026-03-16T00:13:41.619675,0.5530012249946594,0.19548414647579193,mamba2-2.7b,2700000000,,1367,68
Pei Yu learned Over Glow from Elo himself.,1.3,38,1773616423.4068375,2026-03-16T00:13:43.406839,0.5844031572341919,0.17493177950382233,mamba2-2.7b,2700000000,,1368,68
"The average albedo of the Earth from the upper atmosphere, its planetary albedo, is 30–35% because of cloud cover, but widely varies locally across the surface because of different geological and environmental features.",0.7,128,1773616429.4806066,2026-03-16T00:13:49.480608,0.8457992076873779,0.13236410915851593,mamba2-2.7b,2700000000,,1369,68
What do cells break down to produce energy? (Answer: A),0.7,128,1773616435.566163,2026-03-16T00:13:55.566164,0.8346265554428101,0.16626904904842377,mamba2-2.7b,2700000000,What do cells break down to produce energy? (Answer,1370,68
Anarchism is contrasted to socialist forms which are state-oriented or from above.,1.3,128,1773616441.659289,2026-03-16T00:14:01.659291,0.43528270721435547,0.2020687311887741,mamba2-2.7b,2700000000,,1371,68
"), patriarchy, heterosexism, white supremacy, and imperialism.""",1.3,128,1773616447.7345858,2026-03-16T00:14:07.734588,0.5282829999923706,0.20105884969234467,mamba2-2.7b,2700000000,,1372,68
"In geometry, capital A, B, C etc.",0.7,128,1773616453.8191242,2026-03-16T00:14:13.819126,0.8200279474258423,0.15323331952095032,mamba2-2.7b,2700000000,,1373,68
"Said solution is Gitstorage, an easy-to-deploy appliance dedicated to housing your Git repositories.",1.3,128,1773616459.9082277,2026-03-16T00:14:19.908229,0.5908962488174438,0.18229171633720398,mamba2-2.7b,2700000000,,1374,68
"Explain what this code does:
def function_6(x): return x * 2",1.3,128,1773616465.9950624,2026-03-16T00:14:25.995064,0.38563960790634155,0.19195789098739624,mamba2-2.7b,2700000000,Explain what this code does,1375,68
"Photo by Paul Kolnik, Courtesy NYCB.",0.7,128,1773616472.078183,2026-03-16T00:14:32.078185,0.710652232170105,0.17158947885036469,mamba2-2.7b,2700000000,,1376,68
The following mathematical expressions represent four different concentrations of a chemical solution to be used in a science experiment. Which one is equal in magnitude to 1/1000? (Answer: C),1.0,1,1773616472.1253307,2026-03-16T00:14:32.125331,0.8032022714614868,,mamba2-2.7b,2700000000,The following mathematical expressions represent four different concentrations of a chemical solution to be used in a science experiment. Which one is equal in magnitude to 1/1000? (Answer,1377,68
"), autocratic religions (e.g., fundamentalist Islam, Roman Catholicism, etc.",1.3,128,1773616478.20543,2026-03-16T00:14:38.205431,0.3451390266418457,0.1650533378124237,mamba2-2.7b,2700000000,,1378,68
About half of people in their 20s with autism are not employed.,1.0,125,1773616484.129366,2026-03-16T00:14:44.129368,0.7255207896232605,0.1625673919916153,mamba2-2.7b,2700000000,,1379,68
A number of dancers including New York City Ballet principal Russell Janzen will be acting as moving models.,0.7,128,1773616490.2865508,2026-03-16T00:14:50.286553,0.7214237451553345,0.17347922921180725,mamba2-2.7b,2700000000,,1380,69
The dancers currently have little information about the search process and plans to move forward.,1.0,111,1773616495.5349498,2026-03-16T00:14:55.534953,0.8713107109069824,0.16245903074741364,mamba2-2.7b,2700000000,,1381,69
Plug the device into your network (you'll need a Cat5 cable).,0.7,128,1773616501.5904937,2026-03-16T00:15:01.590495,0.8000172972679138,0.13944324851036072,mamba2-2.7b,2700000000,,1382,69
Alabama's slaves were freed by the 13th Amendment in 1865.,1.0,128,1773616507.6508837,2026-03-16T00:15:07.650885,0.7477855086326599,0.15654097497463226,mamba2-2.7b,2700000000,,1383,69
"According to Fullington, Pavel Gerdt, the dancer who created the role, was likely too old to dance the variation himself.",1.0,128,1773616513.7241247,2026-03-16T00:15:13.724126,0.7126564383506775,0.15919455885887146,mamba2-2.7b,2700000000,,1384,69
There's just an amazing sense of trust and spontaneity; I feel so connected when I'm out there.,1.3,128,1773616519.8046978,2026-03-16T00:15:19.804700,0.5920424461364746,0.17844943702220917,mamba2-2.7b,2700000000,,1385,69
Which statement describes a harmful effect of clearing rainforests for farmland? (Answer: B),1.0,128,1773616525.8875482,2026-03-16T00:15:25.887550,0.8170301914215088,0.14304670691490173,mamba2-2.7b,2700000000,Which statement describes a harmful effect of clearing rainforests for farmland? (Answer,1386,69
"It offers degrees in performance, choreography and more.",0.7,128,1773616531.9626958,2026-03-16T00:15:31.962697,0.7237652540206909,0.20370794832706451,mamba2-2.7b,2700000000,,1387,69
"Additionally, compliance and security whitepapers will also help prepare would-be test takers.",1.3,34,1773616533.566987,2026-03-16T00:15:33.566989,0.640306830406189,0.12999746203422546,mamba2-2.7b,2700000000,,1388,69
Later immigrants in the nineteenth and twentieth centuries tended to be Ashkenazi Jews from eastern Europe.,1.0,128,1773616539.6482663,2026-03-16T00:15:39.648268,0.707193911075592,0.16493788361549377,mamba2-2.7b,2700000000,,1389,69
"Anarchism has continued to generate many philosophies and movements, at times eclectic, drawing upon various sources and combining disparate concepts to create new philosophical approaches.",1.0,128,1773616545.766391,2026-03-16T00:15:45.766393,0.7222903966903687,0.15558800101280212,mamba2-2.7b,2700000000,,1390,69
Gastrointestinal problems are one of the most commonly co-occurring medical conditions in autistic people.,0.7,128,1773616551.8359623,2026-03-16T00:15:51.835964,0.7843664884567261,0.1387059986591339,mamba2-2.7b,2700000000,,1391,69
"Between run-throughs, each fastidiously practices difficult sections, never satisfied with the results.",1.3,128,1773616557.9140763,2026-03-16T00:15:57.914078,0.4270375967025757,0.16022644937038422,mamba2-2.7b,2700000000,,1392,69
"That being the case, what do you do?",0.7,128,1773616563.983481,2026-03-16T00:16:03.983482,0.7626351118087769,0.13013574481010437,mamba2-2.7b,2700000000,,1393,69
"While part of the same large language family, the Muskogee tribes developed distinct cultures and languages.",1.3,128,1773616570.048567,2026-03-16T00:16:10.048568,0.4418128728866577,0.21149809658527374,mamba2-2.7b,2700000000,,1394,69
Many thought that the story was too light compared to historically based stories.,1.0,128,1773616576.1264725,2026-03-16T00:16:16.126474,0.6934187412261963,0.15595625340938568,mamba2-2.7b,2700000000,,1395,69
"Compulsive behaviors: Time-consuming behaviors intended to reduce the anxiety that an individual feels compelled to perform repeatedly or according to rigid rules, such as placing objects in a specific order, checking things, or handwashing.",0.7,128,1773616582.214947,2026-03-16T00:16:22.214949,0.8279902338981628,0.1260668784379959,mamba2-2.7b,2700000000,Compulsive behaviors,1396,69
"In some years, it imposes more death sentences than does Texas, a state which has a population five times larger.",0.7,128,1773616588.301242,2026-03-16T00:16:28.301244,0.7584160566329956,0.1354018896818161,mamba2-2.7b,2700000000,,1397,69
Urban interests were consistently underrepresented in the legislature.,1.3,128,1773616594.3841882,2026-03-16T00:16:34.384190,0.3716428875923157,0.1294134259223938,mamba2-2.7b,2700000000,,1398,69
"Typographic variants  During Roman times, there were many variant forms of the letter ""A"".",0.7,128,1773616600.4748032,2026-03-16T00:16:40.474805,0.8236929178237915,0.12548457086086273,mamba2-2.7b,2700000000,,1399,69
"It's not a story ballet per say, but there is a story from beginning to end.",0.7,128,1773616606.6306214,2026-03-16T00:16:46.630623,0.737510085105896,0.13329678773880005,mamba2-2.7b,2700000000,,1400,70
"This can take the form of disrupting and protesting against unjust hierarchy, or the form of self-managing their lives through the creation of counter-institutions such as communes and non-hierarchical collectives.",0.7,128,1773616612.689511,2026-03-16T00:16:52.689513,0.7619127035140991,0.14242443442344666,mamba2-2.7b,2700000000,,1401,70
Which of following is a property shared by the elements in the carbon family? (Answer: D),1.3,128,1773616618.7525861,2026-03-16T00:16:58.752588,0.33993855118751526,0.15206263959407806,mamba2-2.7b,2700000000,Which of following is a property shared by the elements in the carbon family? (Answer,1402,70
"Among those who find work, most are employed in sheltered settings working for wages below the national minimum.",1.3,128,1773616624.8228836,2026-03-16T00:17:04.822885,0.4847986698150635,0.20984742045402527,mamba2-2.7b,2700000000,,1403,70
"Starbucks in hand, they discuss their mutual love of food (particularly pasta and Japanese curry), the story behind the Cindy nickname and what it's like picking up contemporary choreography versus classical.",1.3,49,1773616627.1450362,2026-03-16T00:17:07.145038,0.5708844661712646,0.1537056267261505,mamba2-2.7b,2700000000,,1404,70
"Explain what this code does:
def function_65(x): return x * 2",1.3,128,1773616633.2291703,2026-03-16T00:17:13.229172,0.4832496643066406,0.21169304847717285,mamba2-2.7b,2700000000,Explain what this code does,1405,70
"In addition, there are currently five auxiliary interstate routes in the state: I-165 in Mobile, I-359 in Tuscaloosa, I-459 around Birmingham, I-565 in Decatur and Huntsville, and I-759 in Gadsden.",0.7,101,1773616638.0439072,2026-03-16T00:17:18.043909,0.8483712673187256,0.13545852899551392,mamba2-2.7b,2700000000,"In addition, there are currently five auxiliary interstate routes in the state",1406,70
"By 1941 more Whites than Blacks had been disenfranchised: 600,000 to 520,000.",1.3,128,1773616644.1318262,2026-03-16T00:17:24.131828,0.35739848017692566,0.18988929688930511,mamba2-2.7b,2700000000,By 1941 more Whites than Blacks had been disenfranchised,1407,70
", Alabama has the sixth highest poverty rate among states in the U.S.",0.7,128,1773616650.2138932,2026-03-16T00:17:30.213895,0.846794068813324,0.13068866729736328,mamba2-2.7b,2700000000,,1408,70
The authors concluded that a longer duration of the diet may be necessary to achieve the improvement of the ASD symptoms.,1.3,128,1773616656.2672858,2026-03-16T00:17:36.267287,0.42029350996017456,0.17972366511821747,mamba2-2.7b,2700000000,,1409,70
It has been in operation since 1929.,1.0,128,1773616662.3266554,2026-03-16T00:17:42.326657,0.6776835322380066,0.13227300345897675,mamba2-2.7b,2700000000,,1410,70
Dumas even cheered up the name of the protagonist.,1.0,128,1773616668.392853,2026-03-16T00:17:48.392855,0.6889307498931885,0.1562524139881134,mamba2-2.7b,2700000000,,1411,70
Which term best describes the life cycle of an insect that reaches the adult stage without being a pupa? (Answer: A),1.3,128,1773616674.4452372,2026-03-16T00:17:54.445239,0.4518318772315979,0.24542760848999023,mamba2-2.7b,2700000000,Which term best describes the life cycle of an insect that reaches the adult stage without being a pupa? (Answer,1412,70
"Through many countries, individualist anarchism attracted a small yet diverse following of Bohemian artists and intellectuals as well as young anarchist outlaws in what became known as illegalism and individual reclamation.",0.7,128,1773616680.50748,2026-03-16T00:18:00.507481,0.7730600833892822,0.1538631170988083,mamba2-2.7b,2700000000,,1413,70
The assembly plant is the company's first factory to be built within the United States.,1.0,100,1773616685.2600687,2026-03-16T00:18:05.260070,0.7962789535522461,0.13740216195583344,mamba2-2.7b,2700000000,,1414,70
"Birmingham also serves as the headquarters for several large investment management companies, including Harbert Management Corporation.",0.7,128,1773616691.346604,2026-03-16T00:18:11.346606,0.7676861882209778,0.1411423683166504,mamba2-2.7b,2700000000,,1415,70
"Anarcho-syndicalism is a branch of anarchism that views labour syndicates as a potential force for revolutionary social change, replacing capitalism and the state with a new society democratically self-managed by workers.",1.3,128,1773616697.4462178,2026-03-16T00:18:17.446219,0.6899089813232422,0.2071211338043213,mamba2-2.7b,2700000000,,1416,70
"Explain what this code does:
def function_17(x): return x * 2",1.3,25,1773616698.623315,2026-03-16T00:18:18.623317,0.7595558166503906,0.1575077921152115,mamba2-2.7b,2700000000,Explain what this code does,1417,70
"Through this new Jakarta EE Working Group process, we should see big Java EE vendors like IBM, Red Hat, and Oracle working within the open processes of the Eclipse Foundation with smaller vendors like Tomitribe and Payara.",0.7,128,1773616704.7221558,2026-03-16T00:18:24.722158,0.7999550104141235,0.13009561598300934,mamba2-2.7b,2700000000,,1418,70
"Functional friendships, such as those resulting in invitations to parties, may affect the quality of life more deeply.",0.7,128,1773616710.777257,2026-03-16T00:18:30.777260,0.803562343120575,0.13604845106601715,mamba2-2.7b,2700000000,,1419,70
"The Gulf Coast, around Mobile Bay, averages between 70 and 80 days per year with thunder reported.",0.7,128,1773616716.946849,2026-03-16T00:18:36.946851,0.7593899965286255,0.14167559146881104,mamba2-2.7b,2700000000,,1420,71
"Minorities usually accept rough consensus, except when they feel the proposal contradicts anarchist ethics, goals and values.",0.7,128,1773616723.0058389,2026-03-16T00:18:43.005840,0.7368035316467285,0.13717025518417358,mamba2-2.7b,2700000000,,1421,71
"But Petipa fell ill while choreographing The Nutcracker and handed his duties over to his assistant, Lev Ivanov.",1.0,128,1773616729.068818,2026-03-16T00:18:49.068820,0.7936027646064758,0.1286342591047287,mamba2-2.7b,2700000000,,1422,71
"Explain what this code does:
def function_2(x): return x * 2",1.0,128,1773616735.13611,2026-03-16T00:18:55.136112,0.8193376660346985,0.12096080929040909,mamba2-2.7b,2700000000,Explain what this code does,1423,71
Robert had just finished his documentary and has a really deep understanding of this kind of Canadian culture.,1.0,92,1773616739.4955058,2026-03-16T00:18:59.495507,0.753995418548584,0.13115347921848297,mamba2-2.7b,2700000000,,1424,71
"About 8.167% of letters used in English texts tend to be ; the number is around 7.636% in French, 11.525% in Spanish, and 14.634% for Portuguese.",1.0,128,1773616745.575747,2026-03-16T00:19:05.575749,0.7306746244430542,0.1360771209001541,mamba2-2.7b,2700000000,,1425,71
Mutualism has been retrospectively characterised as ideologically situated between individualist and collectivist forms of anarchism.,1.3,128,1773616751.6420684,2026-03-16T00:19:11.642070,0.4938519597053528,0.20239290595054626,mamba2-2.7b,2700000000,,1426,71
"Explain what this code does:
def function_70(x): return x * 2",0.7,128,1773616757.6951864,2026-03-16T00:19:17.695188,0.8570055961608887,0.10114318877458572,mamba2-2.7b,2700000000,Explain what this code does,1427,71
The AWS Certified Security - Specialty Exam is now available to those who hold either an Associate or Cloud Practitioner certification from AWS.,0.7,128,1773616763.7599778,2026-03-16T00:19:23.759979,0.7926182150840759,0.1218089908361435,mamba2-2.7b,2700000000,,1428,71
"But for this one season, they're sharing the stage together.",0.7,128,1773616769.8102903,2026-03-16T00:19:29.810292,0.7504949569702148,0.15174226462841034,mamba2-2.7b,2700000000,,1429,71
"Their values can differ significantly, which is a common source of confusion.",1.0,128,1773616775.8846393,2026-03-16T00:19:35.884641,0.6977893710136414,0.15352967381477356,mamba2-2.7b,2700000000,,1430,71
Which of these is an example of liquid water? (Answer: C),0.7,128,1773616781.9582326,2026-03-16T00:19:41.958234,0.9735240936279297,0.06490207463502884,mamba2-2.7b,2700000000,Which of these is an example of liquid water? (Answer,1431,71
"This spring, The Joffrey Ballet will present the North American premiere of Alexander Ekman's Midsummer Night's Dream.",1.3,128,1773616788.0525103,2026-03-16T00:19:48.052512,0.4406742751598358,0.20183539390563965,mamba2-2.7b,2700000000,,1432,71
Anarchism pays significant attention to moral arguments since ethics have a central role in anarchist philosophy.,0.7,128,1773616794.1488051,2026-03-16T00:19:54.148807,0.7675802111625671,0.1428634524345398,mamba2-2.7b,2700000000,,1433,71
The gravitational force exerted by an object depends on its (Answer: C),0.7,128,1773616800.2532713,2026-03-16T00:20:00.253273,0.8243468999862671,0.12276680767536163,mamba2-2.7b,2700000000,The gravitational force exerted by an object depends on its (Answer,1434,71
"It was formally recognized by the state legislature on January 25, 1844.",1.0,55,1773616802.8581479,2026-03-16T00:20:02.858150,0.7285493016242981,0.1432633250951767,mamba2-2.7b,2700000000,,1435,71
"Diagnosis Diagnosis is based on behavior, not cause or mechanism.",1.3,128,1773616808.9679677,2026-03-16T00:20:08.967969,0.581373929977417,0.18556922674179077,mamba2-2.7b,2700000000,,1436,71
The current governor is Republican Kay Ivey.,0.7,128,1773616815.0414817,2026-03-16T00:20:15.041483,0.7928067445755005,0.14712370932102203,mamba2-2.7b,2700000000,,1437,71
Cells are the basic unit of structure and function in all living organisms. Which describes the greatest difference between the cells of a baby gorilla and the cells of an adult gorilla? (Answer: A),1.0,122,1773616820.8281403,2026-03-16T00:20:20.828142,0.7645363211631775,0.19189131259918213,mamba2-2.7b,2700000000,Cells are the basic unit of structure and function in all living organisms. Which describes the greatest difference between the cells of a baby gorilla and the cells of an adult gorilla? (Answer,1438,71
What do earthquakes tell scientists about the history of the planet? (Answer: B),0.7,68,1773616824.0441027,2026-03-16T00:20:24.044104,0.8348453640937805,0.16967859864234924,mamba2-2.7b,2700000000,What do earthquakes tell scientists about the history of the planet? (Answer,1439,71
Stars are often classified by their apparent brightness in the nighttime sky. Stars can also be classified in many other ways. Which of these is least useful in classifying stars? (Answer: C),0.7,114,1773616829.5326085,2026-03-16T00:20:29.532610,0.8282591104507446,0.12652680277824402,mamba2-2.7b,2700000000,Stars are often classified by their apparent brightness in the nighttime sky. Stars can also be classified in many other ways. Which of these is least useful in classifying stars? (Answer,1440,72
The registration fee is $300.,1.0,70,1773616832.824107,2026-03-16T00:20:32.824108,0.7589802145957947,0.1603848934173584,mamba2-2.7b,2700000000,,1441,72
A historical current that arose and flourished during 1890 and 1920 within anarchism was free love.,0.7,128,1773616838.8862083,2026-03-16T00:20:38.886211,0.7419701218605042,0.13796374201774597,mamba2-2.7b,2700000000,,1442,72
"The ethereal twinkling sound in the Sugar Plum Fairy's solo comes from the celesta, a rare instrument Tchaikovsky heard in France.",1.0,22,1773616839.9232783,2026-03-16T00:20:39.923280,0.6671746969223022,0.14203806221485138,mamba2-2.7b,2700000000,,1443,72
"Explain what this code does:
def function_55(x): return x * 2",1.0,128,1773616846.0069263,2026-03-16T00:20:46.006928,0.7031034231185913,0.11873366683721542,mamba2-2.7b,2700000000,Explain what this code does,1444,72
Alabama was heavily involved in the American Civil War.,1.3,128,1773616852.0509467,2026-03-16T00:20:52.050948,0.5077437162399292,0.2122173011302948,mamba2-2.7b,2700000000,,1445,72
"Explain what this code does:
def function_35(x): return x * 2",1.0,128,1773616858.0959666,2026-03-16T00:20:58.095968,0.7694449424743652,0.11536792665719986,mamba2-2.7b,2700000000,Explain what this code does,1446,72
", Alabama has the sixth highest poverty rate among states in the U.S.",1.0,128,1773616864.139312,2026-03-16T00:21:04.139314,0.7502802014350891,0.15545491874217987,mamba2-2.7b,2700000000,,1447,72
"Explain what this code does:
def function_37(x): return x * 2",0.7,63,1773616867.107529,2026-03-16T00:21:07.107530,0.7973206639289856,0.10488441586494446,mamba2-2.7b,2700000000,Explain what this code does,1448,72
Which of the following is an observation about grasshoppers that a science class could have made on their nature walk? (Answer: B),1.3,128,1773616873.1737995,2026-03-16T00:21:13.173801,0.3639422059059143,0.16829557716846466,mamba2-2.7b,2700000000,Which of the following is an observation about grasshoppers that a science class could have made on their nature walk? (Answer,1449,72
Industrial development related to the demands of World War II brought a level of prosperity to the state not seen since before the civil war.,1.0,128,1773616879.230073,2026-03-16T00:21:19.230075,0.7640705108642578,0.1520892083644867,mamba2-2.7b,2700000000,,1450,72
"From 1826 to 1846, Tuscaloosa served as Alabama's capital.",1.3,128,1773616885.2772963,2026-03-16T00:21:25.277299,0.5263065099716187,0.22214046120643616,mamba2-2.7b,2700000000,,1451,72
"Explain what this code does:
def function_78(x): return x * 2",1.0,128,1773616891.3233976,2026-03-16T00:21:31.323399,0.8317036032676697,0.12518638372421265,mamba2-2.7b,2700000000,Explain what this code does,1452,72
NYCB's Brittany Pollack and Chase Finlay in the grand pas de deux toe slide.,0.7,128,1773616897.3829305,2026-03-16T00:21:37.382932,0.7662670612335205,0.17517566680908203,mamba2-2.7b,2700000000,,1453,72
Could some of us be out of a job?,1.0,128,1773616903.4653077,2026-03-16T00:21:43.465310,0.6966065168380737,0.1446932703256607,mamba2-2.7b,2700000000,,1454,72
"Anarchism calls for the abolition of the state, which it holds to be unnecessary, undesirable, and harmful.",1.0,128,1773616909.5320878,2026-03-16T00:21:49.532090,0.7120101451873779,0.15553522109985352,mamba2-2.7b,2700000000,,1455,72
"After 1890, a coalition of White Democratic politicians passed laws to segregate and disenfranchise African American residents, a process completed in provisions of the 1901 constitution.",1.3,128,1773616915.601762,2026-03-16T00:21:55.601763,0.4398321509361267,0.18827509880065918,mamba2-2.7b,2700000000,,1456,72
"Explain what this code does:
def function_6(x): return x * 2",1.0,128,1773616921.6573215,2026-03-16T00:22:01.657323,0.8149116039276123,0.13583236932754517,mamba2-2.7b,2700000000,Explain what this code does,1457,72
"Water ports of Alabama, listed from north to south:  See also   Index of Alabama-related articles  Outline of Alabama—organized list of topics about Alabama  Notes  References  Further reading   Atkins, Leah Rawls, Wayne Flynt, William Warren Rogers, and David Ward.",1.0,128,1773616927.7356987,2026-03-16T00:22:07.735700,0.7842763662338257,0.16324834525585175,mamba2-2.7b,2700000000,"Water ports of Alabama, listed from north to south",1458,72
"Johnathon Johnson put McNeight in a choke hold, and they threatened McNeight with the tire iron, and took the money, his wallet, and his cell phone.",0.7,128,1773616933.820836,2026-03-16T00:22:13.820837,0.8412086963653564,0.1107151061296463,mamba2-2.7b,2700000000,,1459,72
"Explain what this code does:
def function_56(x): return x * 2",1.3,128,1773616939.9733665,2026-03-16T00:22:19.973368,0.5355345010757446,0.20808708667755127,mamba2-2.7b,2700000000,Explain what this code does,1460,73
"Similar to other former slave states, Alabamian legislators employed Jim Crow laws to disenfranchise and discriminate against African Americans from the late 19th century up until the 1960s.",0.7,128,1773616946.0599601,2026-03-16T00:22:26.059961,0.7954515218734741,0.14678998291492462,mamba2-2.7b,2700000000,,1461,73
"Sexual violence was a concern for anarchists such as Benjamin Tucker, who opposed age of consent laws, believing they would benefit predatory men.",1.3,128,1773616952.1343658,2026-03-16T00:22:32.134367,0.5900169014930725,0.2325619012117386,mamba2-2.7b,2700000000,,1462,73
"Photo by Paul Kolnik, Courtesy New York City Ballet.",1.0,128,1773616958.1958702,2026-03-16T00:22:38.195872,0.7836718559265137,0.18845072388648987,mamba2-2.7b,2700000000,,1463,73
A BOLO was put out to local law enforcement on the vehicles.,0.7,128,1773616964.285994,2026-03-16T00:22:44.285995,0.7980222702026367,0.12724125385284424,mamba2-2.7b,2700000000,,1464,73
Variants also existed that were intermediate between the monumental and cursive styles.,0.7,128,1773616970.3670409,2026-03-16T00:22:50.367042,0.7548720836639404,0.18047676980495453,mamba2-2.7b,2700000000,,1465,73
"Local elections Many local offices (county commissioners, boards of education, tax assessors, tax collectors, etc.)",0.7,128,1773616976.4428625,2026-03-16T00:22:56.442864,0.8282938003540039,0.13823843002319336,mamba2-2.7b,2700000000,,1466,73
"Rail  For rail transport, Amtrak schedules the Crescent, a daily passenger train, running from New York to New Orleans with station stops at Anniston, Birmingham, and Tuscaloosa.",1.0,128,1773616982.5208583,2026-03-16T00:23:02.520860,0.7553045749664307,0.15236739814281464,mamba2-2.7b,2700000000,,1467,73
Michael learned that the movement of Earth in the solar system causes changes that can be seen on the planet. Which change could be seen on Earth in the time it takes Earth to rotate once on its axis? (Answer: A),1.3,128,1773616988.6138372,2026-03-16T00:23:08.613839,0.5475276708602905,0.19923263788223267,mamba2-2.7b,2700000000,Michael learned that the movement of Earth in the solar system causes changes that can be seen on the planet. Which change could be seen on Earth in the time it takes Earth to rotate once on its axis? (Answer,1468,73
"Data is money.""",1.0,128,1773616994.691294,2026-03-16T00:23:14.691295,0.7581923007965088,0.15654024481773376,mamba2-2.7b,2700000000,,1469,73
"Photo by Frederick Melton, Courtesy Dance Magazine Archives.",0.7,128,1773617000.7719028,2026-03-16T00:23:20.771904,0.7130262851715088,0.15919974446296692,mamba2-2.7b,2700000000,,1470,73
Various anarchist schools of thought formed during this period.,1.0,128,1773617006.834891,2026-03-16T00:23:26.834893,0.753826916217804,0.15297718346118927,mamba2-2.7b,2700000000,,1471,73
"For example, the effects of a spectrally responsive albedo are illustrated by the differences between the spectrally weighted albedo of solar photovoltaic technology based on hydrogenated amorphous silicon (a-Si:H) and crystalline silicon (c-Si)-based compared to traditional spectral-integrated albedo predictions.",1.0,56,1773617009.5042446,2026-03-16T00:23:29.504246,0.7979338765144348,0.12640655040740967,mamba2-2.7b,2700000000,"For example, the effects of a spectrally responsive albedo are illustrated by the differences between the spectrally weighted albedo of solar photovoltaic technology based on hydrogenated amorphous silicon (a-Si",1472,73
"Go is cool, Swift is nifty, but old-school Java keeps reinventing itself to power both yesterday's and tomorrow's applications.",0.7,128,1773617015.5890365,2026-03-16T00:23:35.589038,0.7467966079711914,0.1463959962129593,mamba2-2.7b,2700000000,,1473,73
"The piece features a commissioned score by Swedish composer Mikael Karlsson, which will be performed onstage by singer Anna von Hausswolff.",0.7,128,1773617021.6705317,2026-03-16T00:23:41.670534,0.7423958778381348,0.1796482801437378,mamba2-2.7b,2700000000,,1474,73
I was unable to login with that user.,1.0,110,1773617026.8978047,2026-03-16T00:23:46.897807,0.7827199697494507,0.15405729413032532,mamba2-2.7b,2700000000,,1475,73
"Jordan-Hare Stadium is the home field of the Auburn football team and seats up to 87,451.",0.7,128,1773617032.97993,2026-03-16T00:23:52.979932,0.7608675360679626,0.1386691778898239,mamba2-2.7b,2700000000,,1476,73
The monument was removed in August 2003.,0.7,128,1773617039.0678535,2026-03-16T00:23:59.067855,0.7389567494392395,0.16794711351394653,mamba2-2.7b,2700000000,,1477,73
"After 1890, a coalition of White Democratic politicians passed laws to segregate and disenfranchise African American residents, a process completed in provisions of the 1901 constitution.",0.7,128,1773617045.1460228,2026-03-16T00:24:05.146025,0.7661032676696777,0.16227179765701294,mamba2-2.7b,2700000000,,1478,73
"In the southern Gulf coast, snowfall is less frequent, sometimes going several years without any snowfall.",1.3,128,1773617051.2227697,2026-03-16T00:24:11.222772,0.4589492380619049,0.2116631120443344,mamba2-2.7b,2700000000,,1479,73
"These signs often develop gradually, though some autistic children experience regression in their communication and social skills after reaching developmental milestones at a normal pace.",1.3,128,1773617057.3716187,2026-03-16T00:24:17.371620,0.471906840801239,0.1841629594564438,mamba2-2.7b,2700000000,,1480,74
"In most instances, the transmitted pulse is circularly polarized and the received pulse is measured in the same sense of polarization as the transmitted pulse (SC) and the opposite sense (OC).",1.3,128,1773617063.4507601,2026-03-16T00:24:23.450762,0.49249306321144104,0.19032734632492065,mamba2-2.7b,2700000000,,1481,74
"The company wore new uniforms with yellow trim on the sleeves, collar and coattails.",1.0,128,1773617069.5247686,2026-03-16T00:24:29.524770,0.705666184425354,0.1496431976556778,mamba2-2.7b,2700000000,,1482,74
Anarchy Archives is an online research center on the history and theory of anarchism.,0.7,128,1773617075.5950267,2026-03-16T00:24:35.595029,0.8220204710960388,0.16568532586097717,mamba2-2.7b,2700000000,,1483,74
The Ceremonial Complex represents a major component of the religion of the Mississippian peoples; it is one of the primary means by which their religion is understood.,1.0,128,1773617081.6614635,2026-03-16T00:24:41.661465,0.7617055177688599,0.15501542389392853,mamba2-2.7b,2700000000,,1484,74
Coal is solid rock that began as organic material that was deposited in a swamp. The formation of coal suggests that (Answer: D),1.3,128,1773617087.7115586,2026-03-16T00:24:47.711560,0.3973173499107361,0.19167019426822662,mamba2-2.7b,2700000000,Coal is solid rock that began as organic material that was deposited in a swamp. The formation of coal suggests that (Answer,1485,74
Which conclusion is best supported by a tree-growth ring that is much narrower than the other growth rings? (Answer: B),0.7,128,1773617093.7886171,2026-03-16T00:24:53.788618,0.9681182503700256,0.07384973019361496,mamba2-2.7b,2700000000,Which conclusion is best supported by a tree-growth ring that is much narrower than the other growth rings? (Answer,1486,74
Communication About one third to half of autistic people do not develop enough natural speech to meet their daily communication needs.,1.3,128,1773617099.875024,2026-03-16T00:24:59.875027,0.3665468692779541,0.20794551074504852,mamba2-2.7b,2700000000,,1487,74
"Lactose intolerance is a condition of the digestive system in which an individual has an inability to digest lactose, the sugar found in milk. An individual affected with lactose intolerance does not produce enough of the enzyme lactase, which is needed to break down lactose. If more adults than children are diagnosed with lactose intolerance, what does this most likely suggest? (Answer: A)",1.0,128,1773617105.9459682,2026-03-16T00:25:05.945970,0.8286975622177124,0.13389863073825836,mamba2-2.7b,2700000000,"Lactose intolerance is a condition of the digestive system in which an individual has an inability to digest lactose, the sugar found in milk. An individual affected with lactose intolerance does not produce enough of the enzyme lactase, which is needed to break down lactose. If more adults than children are diagnosed with lactose intolerance, what does this most likely suggest? (Answer",1488,74
How long does it take for Earth to rotate on its axis seven times? (Answer: B),1.3,62,1773617108.878674,2026-03-16T00:25:08.878676,0.49816837906837463,0.15456236898899078,mamba2-2.7b,2700000000,How long does it take for Earth to rotate on its axis seven times? (Answer,1489,74
"Explain what this code does:
def function_41(x): return x * 2",1.0,128,1773617114.9505384,2026-03-16T00:25:14.950540,0.8259921073913574,0.11443645507097244,mamba2-2.7b,2700000000,Explain what this code does,1490,74
"Organized insurgent, resistance groups tried to suppress the freedmen and Republicans.",0.7,128,1773617121.005099,2026-03-16T00:25:21.005100,0.7269659042358398,0.15127846598625183,mamba2-2.7b,2700000000,,1491,74
"Explain what this code does:
def function_52(x): return x * 2",1.3,128,1773617127.0718462,2026-03-16T00:25:27.071848,0.3915966749191284,0.175156831741333,mamba2-2.7b,2700000000,Explain what this code does,1492,74
"After observing several dogs running, students ask the following question: Do dogs with long hair run faster than dogs with short hair? How can the students best answer their question? (Answer: B)",0.7,128,1773617133.1508257,2026-03-16T00:25:33.150827,0.8288979530334473,0.13045856356620789,mamba2-2.7b,2700000000,"After observing several dogs running, students ask the following question",1493,74
"Explain what this code does:
def function_89(x): return x * 2",0.7,128,1773617139.232488,2026-03-16T00:25:39.232489,0.8398216366767883,0.12213718891143799,mamba2-2.7b,2700000000,Explain what this code does,1494,74
The presence of autism can make it harder to diagnose coexisting psychiatric disorders such as depression.,0.7,128,1773617145.3183603,2026-03-16T00:25:45.318362,0.8071504831314087,0.13177235424518585,mamba2-2.7b,2700000000,,1495,74
"A component especially of individualist anarchism, philosophical anarchism may tolerate the existence of a minimal state but claims that citizens have no moral obligation to obey government when it conflicts with individual autonomy.",0.7,54,1773617147.8874779,2026-03-16T00:25:47.887479,0.7820380926132202,0.1679636687040329,mamba2-2.7b,2700000000,,1496,74
Industrial development related to the demands of World War II brought a level of prosperity to the state not seen since before the civil war.,1.3,128,1773617153.9750369,2026-03-16T00:25:53.975038,0.5349524021148682,0.22568382322788239,mamba2-2.7b,2700000000,,1497,74
Sea water absorbs more solar radiation than would the same surface covered with reflective snow.,1.0,128,1773617160.0527463,2026-03-16T00:26:00.052748,0.7826486229896545,0.15012338757514954,mamba2-2.7b,2700000000,,1498,74
"Given the long history of slavery and associated racial segregation, the Native American peoples, who have sometimes been of mixed race, have insisted on having their cultural identification respected.",0.7,128,1773617166.1154792,2026-03-16T00:26:06.115481,0.7201093435287476,0.1500043123960495,mamba2-2.7b,2700000000,,1499,74
"In 2010, Republicans took large majorities of both chambers of the state legislature, giving them control of that body for the first time in 136 years.",0.7,128,1773617172.2832181,2026-03-16T00:26:12.283219,0.8141889572143555,0.12684397399425507,mamba2-2.7b,2700000000,,1500,75
"Health In 2018, life expectancy in Alabama was 75.1 years, below the national average of 78.7 years and is the third lowest life expectancy in the country.",0.7,128,1773617178.360628,2026-03-16T00:26:18.360629,0.9265164136886597,0.12112580984830856,mamba2-2.7b,2700000000,,1501,75
"One evening as it is getting dark, Alex sits on the front porch and watches the sun slowly disappear behind the neighbor's house across the street. Which explains this observation? (Answer: D)",0.7,128,1773617184.4466531,2026-03-16T00:26:24.446655,0.9024854898452759,0.1285516619682312,mamba2-2.7b,2700000000,"One evening as it is getting dark, Alex sits on the front porch and watches the sun slowly disappear behind the neighbor's house across the street. Which explains this observation? (Answer",1502,75
"Explain what this code does:
def function_20(x): return x * 2",0.7,128,1773617190.5138247,2026-03-16T00:26:30.513827,0.9267661571502686,0.08851965516805649,mamba2-2.7b,2700000000,Explain what this code does,1503,75
"For instance, Birmingham and Jefferson County taxes had supplied one-third of the state budget, but Jefferson County received only 1/67th of state services in funding.",1.3,128,1773617196.58131,2026-03-16T00:26:36.581311,0.4771553874015808,0.18658484518527985,mamba2-2.7b,2700000000,,1504,75
This did not change until the late 1960s following a lawsuit and court order.,1.3,128,1773617202.6554556,2026-03-16T00:26:42.655457,0.5401464700698853,0.2016894519329071,mamba2-2.7b,2700000000,,1505,75
"Explain what this code does:
def function_22(x): return x * 2",1.3,128,1773617208.7296908,2026-03-16T00:26:48.729692,0.3869078755378723,0.18644225597381592,mamba2-2.7b,2700000000,Explain what this code does,1506,75
"Over the next decade, the company toured the ballet extensively, exposing it to audiences nationwide.",0.7,128,1773617214.8163338,2026-03-16T00:26:54.816335,0.8008919358253479,0.16824136674404144,mamba2-2.7b,2700000000,,1507,75
"Steel jobs, for instance, declined from 46,314 in 1950 to 14,185 in 2011.",1.3,90,1773617219.1008978,2026-03-16T00:26:59.100900,0.4427570104598999,0.18399380147457123,mamba2-2.7b,2700000000,,1508,75
"Explain what this code does:
def function_9(x): return x * 2",1.0,128,1773617225.184986,2026-03-16T00:27:05.184988,0.7418516874313354,0.12477928400039673,mamba2-2.7b,2700000000,Explain what this code does,1509,75
"Explain what this code does:
def function_33(x): return x * 2",1.0,128,1773617231.2561374,2026-03-16T00:27:11.256139,0.8052894473075867,0.1296507716178894,mamba2-2.7b,2700000000,Explain what this code does,1510,75
"Explain what this code does:
def function_39(x): return x * 2",1.3,128,1773617237.3196785,2026-03-16T00:27:17.319680,0.43652498722076416,0.2119159698486328,mamba2-2.7b,2700000000,Explain what this code does,1511,75
"A common criticism against autistic activists is that the majority of them are ""high-functioning"" or have Asperger syndrome and do not represent the views of ""low-functioning"" autistic people.",1.3,128,1773617243.4124167,2026-03-16T00:27:23.412418,0.5645384788513184,0.19723227620124817,mamba2-2.7b,2700000000,,1512,75
"Anarchism employs a diversity of tactics in order to meet its ideal ends which can be broadly separated into revolutionary and evolutionary tactics; there is significant overlap between the two, which are merely descriptive.",1.0,128,1773617249.4975662,2026-03-16T00:27:29.497568,0.7385244965553284,0.15081936120986938,mamba2-2.7b,2700000000,,1513,75
"In geometry, capital A, B, C etc.",1.3,128,1773617255.573273,2026-03-16T00:27:35.573274,0.4447172284126282,0.15003354847431183,mamba2-2.7b,2700000000,,1514,75
"The Legislature is responsible for writing, debating, passing, or defeating state legislation.",0.7,128,1773617261.6566916,2026-03-16T00:27:41.656693,0.8225694298744202,0.12500056624412537,mamba2-2.7b,2700000000,,1515,75
"That's how SFB describes their upcoming tribute to Jerome Robbins, March 20-25.",1.3,128,1773617267.7140996,2026-03-16T00:27:47.714101,0.48428815603256226,0.20434054732322693,mamba2-2.7b,2700000000,,1516,75
"A defence of philosophical anarchism, stating that ""both kinds of 'anarchism' [i.e.",1.3,128,1773617273.7719362,2026-03-16T00:27:53.771938,0.5349854230880737,0.2165900319814682,mamba2-2.7b,2700000000,,1517,75
"Explain what this code does:
def function_79(x): return x * 2",1.0,128,1773617279.8363192,2026-03-16T00:27:59.836321,0.8498595952987671,0.11952374130487442,mamba2-2.7b,2700000000,Explain what this code does,1518,75
The authors concluded that a longer duration of the diet may be necessary to achieve the improvement of the ASD symptoms.,1.0,128,1773617285.9438043,2026-03-16T00:28:05.943806,0.7629446387290955,0.12035822123289108,mamba2-2.7b,2700000000,,1519,75
"), autocratic religions (e.g., fundamentalist Islam, Roman Catholicism, etc.",0.7,128,1773617292.115274,2026-03-16T00:28:12.115277,0.7197043895721436,0.16017284989356995,mamba2-2.7b,2700000000,,1520,76
"Explain what this code does:
def function_32(x): return x * 2",1.3,128,1773617298.1550314,2026-03-16T00:28:18.155033,0.4132252633571625,0.2582484781742096,mamba2-2.7b,2700000000,Explain what this code does,1521,76
This can be especially overwhelming when you have a larger IT department and a staff working on numerous projects at once.,0.7,128,1773617304.1959636,2026-03-16T00:28:24.195965,0.7663756608963013,0.13450627028942108,mamba2-2.7b,2700000000,,1522,76
Anarchism is contrasted to socialist forms which are state-oriented or from above.,1.0,128,1773617310.2458024,2026-03-16T00:28:30.245804,0.6723867654800415,0.1480826735496521,mamba2-2.7b,2700000000,,1523,76
"No single repetitive or self-injurious behavior seems to be specific to autism, but autism appears to have an elevated pattern of occurrence and severity of these behaviors.",1.3,109,1773617315.4230351,2026-03-16T00:28:35.423037,0.47767043113708496,0.17039398849010468,mamba2-2.7b,2700000000,,1524,76
"The first anarchist currents developed throughout the 18th century as William Godwin espoused philosophical anarchism in England, morally delegitimising the state, Max Stirner's thinking paved the way to individualism and Pierre-Joseph Proudhon's theory of mutualism found fertile soil in France.",1.3,128,1773617321.506744,2026-03-16T00:28:41.506745,0.5381616353988647,0.23605863749980927,mamba2-2.7b,2700000000,,1525,76
"Explain what this code does:
def function_48(x): return x * 2",0.7,128,1773617327.5826411,2026-03-16T00:28:47.582643,0.9769952893257141,0.04483620449900627,mamba2-2.7b,2700000000,Explain what this code does,1526,76
"According to the 2012 U.S. News & World Report, Alabama had four tier one universities (University of Alabama, Auburn University, University of Alabama at Birmingham and University of Alabama in Huntsville).",1.3,128,1773617333.6752841,2026-03-16T00:28:53.675285,0.3660869300365448,0.1987253576517105,mamba2-2.7b,2700000000,,1527,76
"Media  Major newspapers include Birmingham News, Mobile Press-Register, and Montgomery Advertiser.",0.7,128,1773617339.7335463,2026-03-16T00:28:59.733548,0.7896056771278381,0.1501275599002838,mamba2-2.7b,2700000000,,1528,76
"In general, higher IQs are correlated with greater responsiveness to treatment and improved treatment outcomes.",1.0,128,1773617345.784992,2026-03-16T00:29:05.784994,0.7381904125213623,0.1409928947687149,mamba2-2.7b,2700000000,,1529,76
"Explain what this code does:
def function_54(x): return x * 2",1.0,128,1773617351.8603497,2026-03-16T00:29:11.860351,0.8880298137664795,0.10505034774541855,mamba2-2.7b,2700000000,Explain what this code does,1530,76
Could some of us be out of a job?,1.3,128,1773617357.9485824,2026-03-16T00:29:17.948584,0.4719982147216797,0.19478441774845123,mamba2-2.7b,2700000000,,1531,76
"The oldest institutions are the public University of North Alabama in Florence and the Catholic Church-affiliated Spring Hill College in Mobile, both founded in 1830.",1.3,128,1773617364.0347161,2026-03-16T00:29:24.034718,0.479198157787323,0.19914358854293823,mamba2-2.7b,2700000000,,1532,76
"NASA's Marshall Space Flight Center in Huntsville would help Alabama's economic growth in the mid-to-late 20th century, by developing an aerospace industry.",1.0,128,1773617370.1064885,2026-03-16T00:29:30.106490,0.7526435852050781,0.14954693615436554,mamba2-2.7b,2700000000,,1533,76
There's just an amazing sense of trust and spontaneity; I feel so connected when I'm out there.,1.0,128,1773617376.1743991,2026-03-16T00:29:36.174401,0.7055378556251526,0.15036320686340332,mamba2-2.7b,2700000000,,1534,76
New York City Ballet principal dancer Rebecca Krohn will take her final bow with the company this Saturday night.,1.0,128,1773617382.2237074,2026-03-16T00:29:42.223709,0.7533169388771057,0.1452483981847763,mamba2-2.7b,2700000000,,1535,76
"From Page to Stage In 1892 St. Petersburg, choreographer Marius Petipa and composer Pyotr Ilyich Tchaikovsky pulled the story off the page and onto the stage of the Mariinsky Theatre.",0.7,128,1773617388.2858107,2026-03-16T00:29:48.285812,0.7949240207672119,0.1567923128604889,mamba2-2.7b,2700000000,,1536,76
Alabama is one of the few places in the world that has a secondary tornado season in November and December besides the typically severe spring.,1.3,128,1773617394.357048,2026-03-16T00:29:54.357050,0.4659474492073059,0.23776517808437347,mamba2-2.7b,2700000000,,1537,76
"A total of 387 schools, seven teachers' houses, and several vocational buildings were completed by 1937 in the state.",1.3,128,1773617400.4349506,2026-03-16T00:30:00.434952,0.6461769342422485,0.19147971272468567,mamba2-2.7b,2700000000,,1538,76
Which of these human activities does not contribute to the extinction of species? (Answer: C),1.3,128,1773617406.488158,2026-03-16T00:30:06.488160,0.4685872793197632,0.18844228982925415,mamba2-2.7b,2700000000,Which of these human activities does not contribute to the extinction of species? (Answer,1539,76
"Critics argue that Alabama's constitution maintains highly centralized power with the state legislature, leaving practically no power in local hands.",1.3,128,1773617412.6401598,2026-03-16T00:30:12.640161,0.46184951066970825,0.21828781068325043,mamba2-2.7b,2700000000,,1540,77
"For example, one online retailer Rickard works with has many customers from the EU, but can't geolocate them from the website.",1.0,128,1773617418.6939833,2026-03-16T00:30:18.693985,0.7334591150283813,0.1344738006591797,mamba2-2.7b,2700000000,,1541,77
"Explain what this code does:
def function_11(x): return x * 2",1.3,128,1773617424.7673514,2026-03-16T00:30:24.767353,0.5020156502723694,0.182775616645813,mamba2-2.7b,2700000000,Explain what this code does,1542,77
"For tips on how to best train employees on cybersecurity practices, click here.",0.7,128,1773617430.8352795,2026-03-16T00:30:30.835281,0.7763259410858154,0.13597390055656433,mamba2-2.7b,2700000000,,1543,77
"""It's a kind of otherworldly dream,"" says Wheater.",0.7,128,1773617436.890958,2026-03-16T00:30:36.890960,0.7353236675262451,0.13864481449127197,mamba2-2.7b,2700000000,,1544,77
As I was getting older the company all of a sudden started to seem younger and younger.,1.0,128,1773617442.9729328,2026-03-16T00:30:42.972934,0.6961109638214111,0.132836252450943,mamba2-2.7b,2700000000,,1545,77
"While employers state hiring concerns about productivity and supervision, experienced employers of autistic people give positive reports of above average memory and detail orientation as well as a high regard for rules and procedure in autistic employees.",1.3,1,1773617443.0205379,2026-03-16T00:30:43.020538,0.6494415998458862,,mamba2-2.7b,2700000000,,1546,77
"The rural bias of the state legislature, which had also failed to redistrict seats in the state house, affected politics well into the 20th century, failing to recognize the rise of industrial cities and urbanized areas.",0.7,128,1773617449.0992942,2026-03-16T00:30:49.099296,0.7688674926757812,0.15754015743732452,mamba2-2.7b,2700000000,,1547,77
"The area of Alabama and Mississippi most affected by tornadoes is sometimes referred to as Dixie Alley, as distinct from the Tornado Alley of the Southern Plains.",0.7,128,1773617455.1947734,2026-03-16T00:30:55.194775,0.7694309949874878,0.14945928752422333,mamba2-2.7b,2700000000,,1548,77
"While it advocates for no-one to archiei, if accepted by the many, then anarchism would turn into the ruling political theory.",0.7,128,1773617461.27001,2026-03-16T00:31:01.270012,0.7500674724578857,0.1421472430229187,mamba2-2.7b,2700000000,,1549,77
"All of them compared gluten- and casein-free diet versus normal diet with a control group (2 double-blind randomized controlled trials, 1 double-blind crossover trial, 1 single-blind trial).",0.7,128,1773617467.3683941,2026-03-16T00:31:07.368397,0.779676079750061,0.15808552503585815,mamba2-2.7b,2700000000,,1550,77
Which land form is the result of the constructive force of a glacier? (Answer: B),1.0,128,1773617473.4670262,2026-03-16T00:31:13.467028,0.7554171085357666,0.1562824547290802,mamba2-2.7b,2700000000,Which land form is the result of the constructive force of a glacier? (Answer,1551,77
"In a studio rehearsal for La Bayadère, Act II, no understudies are present, and any imperfection is pointed out by one of four coaches at the front of the room.",1.0,128,1773617479.5757916,2026-03-16T00:31:19.575793,0.6841261982917786,0.15897159278392792,mamba2-2.7b,2700000000,,1552,77
Medication Medications may be used to treat ASD symptoms that interfere with integrating a child into home or school when behavioral treatment fails.,1.0,128,1773617485.661476,2026-03-16T00:31:25.661477,0.7721767425537109,0.1174931675195694,mamba2-2.7b,2700000000,,1553,77
The Marxist criticism of anarchism is that it has a utopian character because all individuals should have anarchist views and values.,1.0,128,1773617491.7427526,2026-03-16T00:31:31.742755,0.7360044717788696,0.1357622891664505,mamba2-2.7b,2700000000,,1554,77
"Evolutionary tactics embrace nonviolence, reject violence and take a gradual approach to anarchist aims, although there is significant overlap between the two.",1.0,128,1773617497.8429084,2026-03-16T00:31:37.842910,0.7267887592315674,0.15954087674617767,mamba2-2.7b,2700000000,,1555,77
"The Legislature is responsible for writing, debating, passing, or defeating state legislation.",1.3,128,1773617503.9001477,2026-03-16T00:31:43.900149,0.5802474617958069,0.18418331444263458,mamba2-2.7b,2700000000,,1556,77
"Building a slide deck, pitch, or presentation?",0.7,128,1773617509.9550548,2026-03-16T00:31:49.955057,0.7672160863876343,0.12467329949140549,mamba2-2.7b,2700000000,,1557,77
"The team will be responsible for the day-to-day artistic needs of the company including scheduling, casting and conducting rehearsals.",1.3,128,1773617516.0109367,2026-03-16T00:31:56.010938,0.5015814304351807,0.2333524227142334,mamba2-2.7b,2700000000,,1558,77
"At the end of the Roman Empire (5th century AD), several variants of the cursive minuscule developed through Western Europe.",1.0,128,1773617522.0908568,2026-03-16T00:32:02.090858,0.7570871710777283,0.1439913809299469,mamba2-2.7b,2700000000,,1559,77
Which of the following is an example of a physical change? (Answer: B),1.3,1,1773617522.2345276,2026-03-16T00:32:02.234529,0.8432117700576782,,mamba2-2.7b,2700000000,Which of the following is an example of a physical change? (Answer,1560,78
"While medications have not been found to help with core symptoms, they may be used for associated symptoms, such as irritability, inattention, or repetitive behavior patterns.",1.0,128,1773617528.310788,2026-03-16T00:32:08.310789,0.7752031683921814,0.13116951286792755,mamba2-2.7b,2700000000,,1561,78
"Water ports of Alabama, listed from north to south:  See also   Index of Alabama-related articles  Outline of Alabama—organized list of topics about Alabama  Notes  References  Further reading   Atkins, Leah Rawls, Wayne Flynt, William Warren Rogers, and David Ward.",1.3,128,1773617534.373563,2026-03-16T00:32:14.373565,0.5343723893165588,0.23912012577056885,mamba2-2.7b,2700000000,"Water ports of Alabama, listed from north to south",1562,78
"Explain what this code does:
def function_65(x): return x * 2",0.7,128,1773617540.413425,2026-03-16T00:32:20.413427,0.8205684423446655,0.1125272884964943,mamba2-2.7b,2700000000,Explain what this code does,1563,78
"Evolutionary tactics embrace nonviolence, reject violence and take a gradual approach to anarchist aims, although there is significant overlap between the two.",0.7,128,1773617546.4792075,2026-03-16T00:32:26.479209,0.7673640251159668,0.14020144939422607,mamba2-2.7b,2700000000,,1564,78
"For example, one online retailer Rickard works with has many customers from the EU, but can't geolocate them from the website.",0.7,128,1773617552.549438,2026-03-16T00:32:32.549439,0.754926323890686,0.14986830949783325,mamba2-2.7b,2700000000,,1565,78
"Tourism and entertainment  According to Business Insider, Alabama ranked 14th in most popular states to visit in 2014.",1.0,128,1773617558.608677,2026-03-16T00:32:38.608678,0.7736690044403076,0.15690438449382782,mamba2-2.7b,2700000000,,1566,78
"For example, the effects of a spectrally responsive albedo are illustrated by the differences between the spectrally weighted albedo of solar photovoltaic technology based on hydrogenated amorphous silicon (a-Si:H) and crystalline silicon (c-Si)-based compared to traditional spectral-integrated albedo predictions.",0.7,128,1773617564.6899683,2026-03-16T00:32:44.689970,0.7626593112945557,0.143268421292305,mamba2-2.7b,2700000000,"For example, the effects of a spectrally responsive albedo are illustrated by the differences between the spectrally weighted albedo of solar photovoltaic technology based on hydrogenated amorphous silicon (a-Si",1567,78
"The device is smaller than a credit card, has no moving parts, generates no heat, is wall-mountable, is powered by a standard USB (or included mini USB), and offers a standard ethernet connection.",1.3,128,1773617570.772404,2026-03-16T00:32:50.772406,0.52744460105896,0.19693660736083984,mamba2-2.7b,2700000000,,1568,78
Such a dark surface is thought to be indicative of a primitive and heavily space weathered surface containing some organic compounds.,0.7,128,1773617576.8452823,2026-03-16T00:32:56.845284,0.7491717338562012,0.1428600549697876,mamba2-2.7b,2700000000,,1569,78
"In a food pyramid, which best explains why the number of organisms decreases from one trophic level to the next? (Answer: B)",1.3,128,1773617582.933764,2026-03-16T00:33:02.933766,0.3920992612838745,0.17633843421936035,mamba2-2.7b,2700000000,"In a food pyramid, which best explains why the number of organisms decreases from one trophic level to the next? (Answer",1570,78
"The grouping of disorders, including PDD-NOS, autism, Asperger syndrome, Rett syndrome, and CDD, has been removed and replaced with the general term of Autism Spectrum Disorders.",1.0,29,1773617584.309716,2026-03-16T00:33:04.309718,0.7389932870864868,0.10018923133611679,mamba2-2.7b,2700000000,,1571,78
"""The kind of information that can be disclosed via email should be spelled out very clearly,"" he added.",0.7,50,1773617586.677931,2026-03-16T00:33:06.677932,0.7613911032676697,0.12823258340358734,mamba2-2.7b,2700000000,,1572,78
Alabama was heavily involved in the American Civil War.,0.7,128,1773617592.7529233,2026-03-16T00:33:12.752925,0.8131376504898071,0.12884902954101562,mamba2-2.7b,2700000000,,1573,78
Git is the largest revision control and collaboration system available for development.,0.7,128,1773617598.8431652,2026-03-16T00:33:18.843167,0.8102060556411743,0.1169573962688446,mamba2-2.7b,2700000000,,1574,78
Alabama receives an average of  of rainfall annually and enjoys a lengthy growing season of up to 300 days in the southern part of the state.,0.7,128,1773617604.9370306,2026-03-16T00:33:24.937032,0.7961094975471497,0.1304728239774704,mamba2-2.7b,2700000000,,1575,78
"In a food pyramid, which best explains why the number of organisms decreases from one trophic level to the next? (Answer: B)",0.7,128,1773617611.0269635,2026-03-16T00:33:31.026965,0.9028670787811279,0.13003545999526978,mamba2-2.7b,2700000000,"In a food pyramid, which best explains why the number of organisms decreases from one trophic level to the next? (Answer",1576,78
"Explain what this code does:
def function_73(x): return x * 2",1.0,120,1773617616.7225618,2026-03-16T00:33:36.722563,0.8920398950576782,0.1150709018111229,mamba2-2.7b,2700000000,Explain what this code does,1577,78
"In English grammar, ""a"", and its variant ""an"", is an indefinite article, used to introduce noun phrases.",1.3,128,1773617622.7967281,2026-03-16T00:33:42.796730,0.4285047650337219,0.18616816401481628,mamba2-2.7b,2700000000,,1578,78
"The state legislature has retained power over local governments by refusing to pass a constitutional amendment establishing home rule for counties, as recommended by the 1973 Alabama Constitutional Commission.",1.3,128,1773617628.84421,2026-03-16T00:33:48.844211,0.4749448597431183,0.2058699131011963,mamba2-2.7b,2700000000,,1579,78
"The Bolshoi Premiere of John Neumeier's Anna Karenina Last July Hamburg Ballet presented the world premiere of John Neumeier's Anna Karenina, a modern adaptation on Leo Tolstoy's famous novel.",1.3,128,1773617635.011136,2026-03-16T00:33:55.011138,0.45574647188186646,0.2110234498977661,mamba2-2.7b,2700000000,,1580,79
"In Greek handwriting, it was common to join the left leg and horizontal stroke into a single loop, as demonstrated by the uncial version shown.",0.7,128,1773617641.0947952,2026-03-16T00:34:01.094797,0.7351894974708557,0.14893727004528046,mamba2-2.7b,2700000000,,1581,79
"In November the company will reference Kaiser's Balanchine roots with a program titled Classic Americana featuring Serenade and Western Symphony, as well Paul Taylor's Company B.",1.3,128,1773617647.1781585,2026-03-16T00:34:07.178160,0.43934765458106995,0.17755724489688873,mamba2-2.7b,2700000000,,1582,79
Anarchist tactics have shifted during the course of the last century.,1.3,128,1773617653.2557604,2026-03-16T00:34:13.255762,0.6044957637786865,0.21088063716888428,mamba2-2.7b,2700000000,,1583,79
"Explain what this code does:
def function_91(x): return x * 2",1.0,128,1773617659.3071082,2026-03-16T00:34:19.307110,0.7743359804153442,0.12528952956199646,mamba2-2.7b,2700000000,Explain what this code does,1584,79
"This time around, everything went smoothly and I was able to log into the Gitstorage interface (Figure B).",1.0,128,1773617665.3555963,2026-03-16T00:34:25.355598,0.7263503074645996,0.12499333173036575,mamba2-2.7b,2700000000,,1585,79
"Lactose intolerance is a condition of the digestive system in which an individual has an inability to digest lactose, the sugar found in milk. An individual affected with lactose intolerance does not produce enough of the enzyme lactase, which is needed to break down lactose. If more adults than children are diagnosed with lactose intolerance, what does this most likely suggest? (Answer: A)",1.3,128,1773617671.4511204,2026-03-16T00:34:31.451122,0.43013831973075867,0.22151774168014526,mamba2-2.7b,2700000000,"Lactose intolerance is a condition of the digestive system in which an individual has an inability to digest lactose, the sugar found in milk. An individual affected with lactose intolerance does not produce enough of the enzyme lactase, which is needed to break down lactose. If more adults than children are diagnosed with lactose intolerance, what does this most likely suggest? (Answer",1586,79
Enlightenment challenges to intellectual authority (secular and religious) and the revolutions of the 1790s and 1848 all spurred the ideological development of what became the era of classical anarchism.,1.3,128,1773617677.5390093,2026-03-16T00:34:37.539011,0.6108051538467407,0.18750907480716705,mamba2-2.7b,2700000000,,1587,79
"This benefited the urban areas that had developed, as well as all in the population who had been underrepresented for more than sixty years.",1.0,128,1773617683.6293557,2026-03-16T00:34:43.629359,0.7127641439437866,0.16804039478302002,mamba2-2.7b,2700000000,,1588,79
This will be the fourth work by Ekman that The Joffrey has performed.,1.3,128,1773617689.710714,2026-03-16T00:34:49.710716,0.3867911100387573,0.16461493074893951,mamba2-2.7b,2700000000,,1589,79
A historical current that arose and flourished during 1890 and 1920 within anarchism was free love.,1.0,128,1773617695.79267,2026-03-16T00:34:55.792672,0.7253944277763367,0.13858741521835327,mamba2-2.7b,2700000000,,1590,79
", Alabama has the sixth highest poverty rate among states in the U.S.",1.3,128,1773617701.8719985,2026-03-16T00:35:01.872000,0.39523327350616455,0.13861167430877686,mamba2-2.7b,2700000000,,1591,79
"Summers in Alabama are among the hottest in the U.S., with high temperatures averaging over  throughout the summer in some parts of the state.",1.3,128,1773617707.9304588,2026-03-16T00:35:07.930460,0.4386821687221527,0.17231248319149017,mamba2-2.7b,2700000000,,1592,79
It was the only state to allow judges to override jury decisions in whether or not to use a death sentence; in 10 cases judges overturned sentences of life imprisonment without parole that were voted unanimously by juries.,0.7,128,1773617713.9977877,2026-03-16T00:35:13.997789,0.7731334567070007,0.14836634695529938,mamba2-2.7b,2700000000,,1593,79
"Anarchists were treated similarly in the Second International, being ultimately expelled in 1896.",0.7,128,1773617720.0492208,2026-03-16T00:35:20.049222,0.7571020126342773,0.14041544497013092,mamba2-2.7b,2700000000,,1594,79
"Snow Snow albedo is highly variable, ranging from as high as 0.9 for freshly fallen snow, to about 0.4 for melting snow, and as low as 0.2 for dirty snow.",0.7,128,1773617726.1173298,2026-03-16T00:35:26.117331,0.8193425536155701,0.13447275757789612,mamba2-2.7b,2700000000,,1595,79
George wants to warm his hands quickly by rubbing them. Which skin surface will produce the most heat? (Answer: A),1.0,128,1773617732.1817973,2026-03-16T00:35:32.181799,0.7898370623588562,0.11601559817790985,mamba2-2.7b,2700000000,George wants to warm his hands quickly by rubbing them. Which skin surface will produce the most heat? (Answer,1596,79
Alabama was heavily involved in the American Civil War.,1.0,128,1773617738.267503,2026-03-16T00:35:38.267505,0.7412581443786621,0.1532621532678604,mamba2-2.7b,2700000000,,1597,79
"The piece features a commissioned score by Swedish composer Mikael Karlsson, which will be performed onstage by singer Anna von Hausswolff.",1.3,128,1773617744.3324246,2026-03-16T00:35:44.332426,0.6658651828765869,0.1651315689086914,mamba2-2.7b,2700000000,,1598,79
"During the antebellum period, Alabama was a major producer of cotton, and widely used African American slave labor.",1.3,128,1773617750.391485,2026-03-16T00:35:50.391486,0.360662043094635,0.1682000458240509,mamba2-2.7b,2700000000,,1599,79
"While it advocates for no-one to archiei, if accepted by the many, then anarchism would turn into the ruling political theory.",1.0,128,1773617756.5467317,2026-03-16T00:35:56.546733,0.6767098903656006,0.15594948828220367,mamba2-2.7b,2700000000,,1600,80
The Canadian artist's many accolades include a 1952 Oscar for Best Documentary for his abstract short film Neighbours (watch the whole thing here).,1.0,23,1773617757.6274176,2026-03-16T00:35:57.627419,0.691727876663208,0.18134137988090515,mamba2-2.7b,2700000000,,1601,80
"Explain what this code does:
def function_8(x): return x * 2",1.3,128,1773617763.6838205,2026-03-16T00:36:03.683822,0.34678733348846436,0.17139649391174316,mamba2-2.7b,2700000000,Explain what this code does,1602,80
What parts of your life outside of ballet do you most look forward to cultivating now that you'll have more time on your hands?,1.0,128,1773617769.7700841,2026-03-16T00:36:09.770085,0.7240205407142639,0.1359086036682129,mamba2-2.7b,2700000000,,1603,80
"Small-scale effects Albedo works on a smaller scale, too.",0.7,128,1773617775.8513346,2026-03-16T00:36:15.851336,0.7788562178611755,0.15900161862373352,mamba2-2.7b,2700000000,,1604,80
"When seen from a distance, the ocean surface has a low albedo, as do most forests, whereas desert areas have some of the highest albedos among landforms.",1.0,117,1773617781.4111938,2026-03-16T00:36:21.411196,0.7592567801475525,0.12539315223693848,mamba2-2.7b,2700000000,,1605,80
Git is the largest revision control and collaboration system available for development.,1.3,128,1773617787.4861164,2026-03-16T00:36:27.486118,0.5247937440872192,0.2214842140674591,mamba2-2.7b,2700000000,,1606,80
"Sample symptoms include lack of social or emotional reciprocity, stereotyped and repetitive use of language or idiosyncratic language, and persistent preoccupation with unusual objects.",1.0,41,1773617789.42639,2026-03-16T00:36:29.426392,0.7400086522102356,0.16822747886180878,mamba2-2.7b,2700000000,,1607,80
An engineer measured the time it takes sound to travel through samples of different materials. All of the samples were identical in shape and size. The measurements were made using ultrasonic waves with a frequency of 5 megahertz. Which question was the engineer most likely trying to answer? (Answer: A),1.3,128,1773617795.5224235,2026-03-16T00:36:35.522426,0.41570281982421875,0.18998964130878448,mamba2-2.7b,2700000000,An engineer measured the time it takes sound to travel through samples of different materials. All of the samples were identical in shape and size. The measurements were made using ultrasonic waves with a frequency of 5 megahertz. Which question was the engineer most likely trying to answer? (Answer,1608,80
"It was formally recognized by the state legislature on January 25, 1844.",1.3,119,1773617801.1598835,2026-03-16T00:36:41.159886,0.4275417923927307,0.14096389710903168,mamba2-2.7b,2700000000,,1609,80
"Sexual violence was a concern for anarchists such as Benjamin Tucker, who opposed age of consent laws, believing they would benefit predatory men.",0.7,128,1773617807.2270339,2026-03-16T00:36:47.227035,0.7810109853744507,0.14994095265865326,mamba2-2.7b,2700000000,,1610,80
"Explain what this code does:
def function_76(x): return x * 2",1.3,128,1773617813.27998,2026-03-16T00:36:53.279981,0.5802249908447266,0.2022310495376587,mamba2-2.7b,2700000000,Explain what this code does,1611,80
"Characteristics Autism is a highly variable neurodevelopmental disorder whose symptoms first appear during infancy or childhood, and generally follows a steady course without remission.",1.0,128,1773617819.3607705,2026-03-16T00:36:59.360772,0.7684215903282166,0.1425277590751648,mamba2-2.7b,2700000000,,1612,80
"The research was truly enriching, because I realized how wonderful of a person he was as well, which dictates how we share his personal life onstage.",1.0,20,1773617820.3093667,2026-03-16T00:37:00.309368,0.7206264734268188,0.1554136723279953,mamba2-2.7b,2700000000,,1613,80
"The Bolshoi Premiere of John Neumeier's Anna Karenina Last July Hamburg Ballet presented the world premiere of John Neumeier's Anna Karenina, a modern adaptation on Leo Tolstoy's famous novel.",0.7,128,1773617826.393415,2026-03-16T00:37:06.393416,0.7487889528274536,0.1437557339668274,mamba2-2.7b,2700000000,,1614,80
The composition of soil influences the soil's ability to retain and transmit water and air. What soil type would be best for planting a productive garden? (Answer: B),1.0,128,1773617832.4648461,2026-03-16T00:37:12.464848,0.7124241590499878,0.1440221220254898,mamba2-2.7b,2700000000,The composition of soil influences the soil's ability to retain and transmit water and air. What soil type would be best for planting a productive garden? (Answer,1615,80
The principle of equal liberty is closer to anarchist political ethics in that it transcends both the liberal and socialist traditions.,0.7,45,1773617834.5859182,2026-03-16T00:37:14.585920,0.7229776978492737,0.15225467085838318,mamba2-2.7b,2700000000,,1616,80
No single treatment is best and treatment is typically tailored to the child's needs.,1.3,128,1773617840.645834,2026-03-16T00:37:20.645835,0.42745035886764526,0.19763648509979248,mamba2-2.7b,2700000000,,1617,80
The gravitational force exerted by an object depends on its (Answer: C),1.3,128,1773617846.722395,2026-03-16T00:37:26.722396,0.4616657495498657,0.1822415441274643,mamba2-2.7b,2700000000,The gravitational force exerted by an object depends on its (Answer,1618,80
Subscribe Also see,0.7,73,1773617850.182941,2026-03-16T00:37:30.182943,0.7241500020027161,0.19107022881507874,mamba2-2.7b,2700000000,,1619,80
"About 8.167% of letters used in English texts tend to be ; the number is around 7.636% in French, 11.525% in Spanish, and 14.634% for Portuguese.",0.7,49,1773617852.6039133,2026-03-16T00:37:32.603916,0.7310935854911804,0.13067558407783508,mamba2-2.7b,2700000000,,1620,81
"""GDPR closes all those gaps,"" he added.",1.0,128,1773617858.6532493,2026-03-16T00:37:38.653251,0.7363344430923462,0.1462019383907318,mamba2-2.7b,2700000000,,1621,81
"If a new moon occurred on June 2, when will the next new moon occur? (Answer: A)",1.0,128,1773617864.6999216,2026-03-16T00:37:44.699923,0.8086559176445007,0.14173515141010284,mamba2-2.7b,2700000000,"If a new moon occurred on June 2, when will the next new moon occur? (Answer",1622,81
"Characteristics Autism is a highly variable neurodevelopmental disorder whose symptoms first appear during infancy or childhood, and generally follows a steady course without remission.",0.7,53,1773617867.2006848,2026-03-16T00:37:47.200686,0.7950557470321655,0.1309707760810852,mamba2-2.7b,2700000000,,1623,81
"Regina, 40, will retire from the stage in March, just as her daughter starts her own career as a trainee.",0.7,128,1773617873.2535071,2026-03-16T00:37:53.253509,0.7730063199996948,0.1415422260761261,mamba2-2.7b,2700000000,,1624,81
"Media  Major newspapers include Birmingham News, Mobile Press-Register, and Montgomery Advertiser.",1.0,128,1773617879.311277,2026-03-16T00:37:59.311279,0.7582500576972961,0.17724892497062683,mamba2-2.7b,2700000000,,1625,81
"Explain what this code does:
def function_5(x): return x * 2",1.3,128,1773617885.3736486,2026-03-16T00:38:05.373651,0.6595730185508728,0.19298914074897766,mamba2-2.7b,2700000000,Explain what this code does,1626,81
"It's not a story ballet per say, but there is a story from beginning to end.",1.0,22,1773617886.4034116,2026-03-16T00:38:06.403413,0.6505584716796875,0.14919868111610413,mamba2-2.7b,2700000000,,1627,81
"Although you might find systems with more features (and a more powerful configuration system), Trac is very simple to set up and use.",0.7,128,1773617892.484848,2026-03-16T00:38:12.484850,0.7838733792304993,0.12603355944156647,mamba2-2.7b,2700000000,,1628,81
About half of people in their 20s with autism are not employed.,0.7,128,1773617898.5383632,2026-03-16T00:38:18.538365,0.7890408039093018,0.1427432894706726,mamba2-2.7b,2700000000,,1629,81
"The EU's General Data Protection Regulation (GDPR) went into effect in May, requiring all organizations that handle the data of EU citizens to comply with its provisions regarding collecting and using personal data.",1.3,128,1773617904.6103382,2026-03-16T00:38:24.610340,0.585203230381012,0.1942363679409027,mamba2-2.7b,2700000000,,1630,81
An astronomer is studying two stars that are the same distance from Earth. Star X appears brighter than star Y. Which statement best explains this observation? (Answer: A),1.0,128,1773617910.6790597,2026-03-16T00:38:30.679061,0.7845827341079712,0.1336965262889862,mamba2-2.7b,2700000000,An astronomer is studying two stars that are the same distance from Earth. Star X appears brighter than star Y. Which statement best explains this observation? (Answer,1631,81
"Explain what this code does:
def function_55(x): return x * 2",1.3,128,1773617916.7331188,2026-03-16T00:38:36.733120,0.48623812198638916,0.1790142059326172,mamba2-2.7b,2700000000,Explain what this code does,1632,81
"Explain what this code does:
def function_3(x): return x * 2",0.7,128,1773617922.7851803,2026-03-16T00:38:42.785182,0.816736102104187,0.12643326818943024,mamba2-2.7b,2700000000,Explain what this code does,1633,81
"In Alabama, majority-white districts are now expected to regularly elect Republican candidates to federal, state and local office.",1.0,128,1773617928.8410552,2026-03-16T00:38:48.841057,0.7877863645553589,0.1502918303012848,mamba2-2.7b,2700000000,,1634,81
"Germarco Johnson was charged with Robbery with a Firearm, Counterfeiting of an Instrument with Intent to Defraud (two counts), Principal/Accessory to Uttering a False Bank Bill (two counts), and Larceny $300 or more but less than $5000 (two counts).",1.0,128,1773617934.9124665,2026-03-16T00:38:54.912468,0.7619435787200928,0.14152273535728455,mamba2-2.7b,2700000000,,1635,81
"Humans lived in societies without formal hierarchies long before the establishment of formal states, realms, or empires.",0.7,128,1773617941.0061114,2026-03-16T00:39:01.006113,0.7837733030319214,0.14338761568069458,mamba2-2.7b,2700000000,,1636,81
"The overall federal, state, and local tax burden in Alabama ranks the state as the second least tax-burdened state in the country.",1.0,126,1773617947.008782,2026-03-16T00:39:07.008783,0.7418959140777588,0.12841297686100006,mamba2-2.7b,2700000000,,1637,81
"Construction of an Airbus A320 family aircraft assembly plant in Mobile was formally announced by Airbus CEO Fabrice Brégier from the Mobile Convention Center on July 2, 2012.",1.3,128,1773617953.0867722,2026-03-16T00:39:13.086774,0.6708661317825317,0.15375351905822754,mamba2-2.7b,2700000000,,1638,81
"Investigators now believe that four black males came from Atlanta to the Destin area on October 1, 2017, and rented two vehicles.",1.3,128,1773617959.2493932,2026-03-16T00:39:19.249395,0.40959471464157104,0.19904296100139618,mamba2-2.7b,2700000000,,1639,81
"The first anarchist currents developed throughout the 18th century as William Godwin espoused philosophical anarchism in England, morally delegitimising the state, Max Stirner's thinking paved the way to individualism and Pierre-Joseph Proudhon's theory of mutualism found fertile soil in France.",0.7,128,1773617965.458155,2026-03-16T00:39:25.458157,0.7619707584381104,0.1513132005929947,mamba2-2.7b,2700000000,,1640,82
"Snow Snow albedo is highly variable, ranging from as high as 0.9 for freshly fallen snow, to about 0.4 for melting snow, and as low as 0.2 for dirty snow.",1.3,128,1773617971.682889,2026-03-16T00:39:31.682891,0.4406679570674896,0.24293217062950134,mamba2-2.7b,2700000000,,1641,82
"Explain what this code does:
def function_1(x): return x * 2",1.0,128,1773617978.0183535,2026-03-16T00:39:38.018355,0.8663452863693237,0.1260809302330017,mamba2-2.7b,2700000000,Explain what this code does,1642,82
"Explain what this code does:
def function_43(x): return x * 2",1.3,128,1773617984.1147206,2026-03-16T00:39:44.114722,0.49839770793914795,0.17864809930324554,mamba2-2.7b,2700000000,Explain what this code does,1643,82
"Just as fresh snow has a higher albedo than does dirty snow, the albedo of snow-covered sea ice is far higher than that of sea water.",0.7,128,1773617990.2137003,2026-03-16T00:39:50.213702,0.7948366403579712,0.13060881197452545,mamba2-2.7b,2700000000,,1644,82
"Of those who indicated a religious preference, 59% said they possessed a ""full understanding"" of their faith and needed no further learning.",0.7,128,1773617996.3181,2026-03-16T00:39:56.318102,0.8057876825332642,0.13851386308670044,mamba2-2.7b,2700000000,,1645,82
"Since then we've been doing five-day workshops once a year in Robert's studio, Ex Machina, where he has a multi media team.",1.0,128,1773618002.4175563,2026-03-16T00:40:02.417558,0.6614334583282471,0.15683168172836304,mamba2-2.7b,2700000000,,1646,82
"Law and government  State government  The foundational document for Alabama's government is the Alabama Constitution, which was ratified in 1901.",1.0,128,1773618008.5159166,2026-03-16T00:40:08.515918,0.7922345399856567,0.12030849605798721,mamba2-2.7b,2700000000,,1647,82
Siblings of children with ASD report greater admiration of and less conflict with the affected sibling than siblings of unaffected children and were similar to siblings of children with Down syndrome in these aspects of the sibling relationship.,0.7,128,1773618014.610052,2026-03-16T00:40:14.610054,0.7970788478851318,0.1367707997560501,mamba2-2.7b,2700000000,,1648,82
"Stay informed, click here to subscribe to the TechRepublic Cloud Insights newsletter.",1.3,128,1773618020.691732,2026-03-16T00:40:20.691733,0.4623923897743225,0.17026245594024658,mamba2-2.7b,2700000000,,1649,82
"In Alabama, majority-white districts are now expected to regularly elect Republican candidates to federal, state and local office.",1.3,128,1773618026.7889745,2026-03-16T00:40:26.788976,0.5289876461029053,0.2189069539308548,mamba2-2.7b,2700000000,,1650,82
"In November the company will reference Kaiser's Balanchine roots with a program titled Classic Americana featuring Serenade and Western Symphony, as well Paul Taylor's Company B.",0.7,128,1773618032.8857856,2026-03-16T00:40:32.885787,0.7080638408660889,0.16113755106925964,mamba2-2.7b,2700000000,,1651,82
"Explain what this code does:
def function_6(x): return x * 2",0.7,128,1773618038.981384,2026-03-16T00:40:38.981386,0.8289607763290405,0.11873996257781982,mamba2-2.7b,2700000000,Explain what this code does,1652,82
"Although the agreement was for the transients to get about $80 for their part in the scam, McNeight took half of the money and fled on foot.",1.3,128,1773618045.0900626,2026-03-16T00:40:45.090064,0.49590274691581726,0.23275506496429443,mamba2-2.7b,2700000000,,1653,82
Contemporary news coverage which emphasizes black bloc demonstrations has reinforced anarchism's historical association with chaos and violence.,1.3,128,1773618051.1915476,2026-03-16T00:40:51.191550,0.48215675354003906,0.1601802259683609,mamba2-2.7b,2700000000,,1654,82
"Joint attention seems to be necessary for functional speech, and deficits in joint attention seem to distinguish infants with ASD.",0.7,128,1773618057.2820222,2026-03-16T00:40:57.282024,0.793897807598114,0.11888228356838226,mamba2-2.7b,2700000000,,1655,82
"When seen from a distance, the ocean surface has a low albedo, as do most forests, whereas desert areas have some of the highest albedos among landforms.",1.3,128,1773618063.3680663,2026-03-16T00:41:03.368068,0.5507622957229614,0.2178431898355484,mamba2-2.7b,2700000000,,1656,82
"Explain what this code does:
def function_95(x): return x * 2",1.3,128,1773618069.4308536,2026-03-16T00:41:09.430855,0.42175838351249695,0.23305827379226685,mamba2-2.7b,2700000000,Explain what this code does,1657,82
New York City Ballet principal dancer Rebecca Krohn will take her final bow with the company this Saturday night.,1.3,128,1773618075.5144205,2026-03-16T00:41:15.514423,0.4143320620059967,0.20451784133911133,mamba2-2.7b,2700000000,,1658,82
"Once she's mastered the pirouette she's been struggling with, she repeats the step over and over until the clock reaches 12 pm for lunch.",1.3,111,1773618080.807526,2026-03-16T00:41:20.807528,0.5655437707901001,0.15383471548557281,mamba2-2.7b,2700000000,,1659,82
"Etymology, terminology, and definition   The etymological origin of anarchism is from the Ancient Greek anarkhia, meaning ""without a ruler"", composed of the prefix an- (""without"") and the word arkhos (""leader"" or ""ruler"").",1.3,128,1773618086.985504,2026-03-16T00:41:26.985505,0.42816972732543945,0.1736869513988495,mamba2-2.7b,2700000000,,1660,83
"The Legislature is responsible for writing, debating, passing, or defeating state legislation.",1.0,66,1773618090.1157904,2026-03-16T00:41:30.115792,0.7819581627845764,0.12138652801513672,mamba2-2.7b,2700000000,,1661,83
A chemical property of a mineral is evident if the mineral (Answer: 2),1.0,128,1773618096.1784623,2026-03-16T00:41:36.178464,0.7797269821166992,0.1286904513835907,mamba2-2.7b,2700000000,A chemical property of a mineral is evident if the mineral (Answer,1662,83
"The partnership is known for creatively intersecting design and dance; last summer they created a swimwear line based on Justin Peck costumes, and in November they presented their design-driven Nutcracker.",0.7,128,1773618102.2450187,2026-03-16T00:41:42.245020,0.7726341485977173,0.16123345494270325,mamba2-2.7b,2700000000,,1663,83
"A genotype-first model of diagnosis has been proposed, which would routinely assess the genome's copy number variations.",0.7,128,1773618108.30866,2026-03-16T00:41:48.308662,0.7406907081604004,0.14082865417003632,mamba2-2.7b,2700000000,,1664,83
"Not only did they confront state armed forces, as in Spain and Ukraine, but some of them also employed terrorism as propaganda of the deed.",1.0,128,1773618114.3688154,2026-03-16T00:41:54.368817,0.7634892463684082,0.15499871969223022,mamba2-2.7b,2700000000,,1665,83
"Among those who find work, most are employed in sheltered settings working for wages below the national minimum.",0.7,21,1773618115.3531759,2026-03-16T00:41:55.353177,0.6733877062797546,0.12683121860027313,mamba2-2.7b,2700000000,,1666,83
"Dancers also contribute to the narration with spoken text, including imagery of young love and a dose of humor.",1.0,128,1773618121.4450192,2026-03-16T00:42:01.445021,0.6711611151695251,0.16305479407310486,mamba2-2.7b,2700000000,,1667,83
There are two key differences between SAR requests made under the Data Privacy Act and those made under GDPR: The cost and time frame.,1.3,128,1773618127.5331266,2026-03-16T00:42:07.533128,0.4067269563674927,0.19974134862422943,mamba2-2.7b,2700000000,There are two key differences between SAR requests made under the Data Privacy Act and those made under GDPR,1668,83
"The EU's General Data Protection Regulation (GDPR) went into effect in May, requiring all organizations that handle the data of EU citizens to comply with its provisions regarding collecting and using personal data.",0.7,128,1773618133.6272497,2026-03-16T00:42:13.627251,0.7524794936180115,0.1505674421787262,mamba2-2.7b,2700000000,,1669,83
"Explain what this code does:
def function_30(x): return x * 2",1.3,128,1773618139.691257,2026-03-16T00:42:19.691259,0.5563259124755859,0.2651887536048889,mamba2-2.7b,2700000000,Explain what this code does,1670,83
"It is not known whether treatment programs for children lead to significant improvements after the children grow up, and the limited research on the effectiveness of adult residential programs shows mixed results.",1.3,128,1773618145.7751777,2026-03-16T00:42:25.775179,0.47868189215660095,0.21775314211845398,mamba2-2.7b,2700000000,,1671,83
The victim was interviewed at Gulf Coast Children’s Advocacy Center.,1.3,128,1773618151.8644428,2026-03-16T00:42:31.864445,0.4276708960533142,0.15875159204006195,mamba2-2.7b,2700000000,,1672,83
"There are many anecdotal reports, but few systematic studies, of aggression and violence in individuals with ASD.",1.3,128,1773618157.9568102,2026-03-16T00:42:37.956812,0.5746128559112549,0.18370117247104645,mamba2-2.7b,2700000000,,1673,83
"Tourism and entertainment  According to Business Insider, Alabama ranked 14th in most popular states to visit in 2014.",0.7,128,1773618164.0424411,2026-03-16T00:42:44.042443,0.7669700384140015,0.13733233511447906,mamba2-2.7b,2700000000,,1674,83
"In the carbon cycle, carbon moves from reservoir to reservoir as various organic and inorganic processes occur on Earth. Only a small percentage of the global carbon is moved in this cycle each year. The remaining carbon is stored in these reservoirs. Which reservoir contains the greatest amount of stored carbon? (Answer: D)",0.7,1,1773618164.0897589,2026-03-16T00:42:44.089759,0.7867144346237183,,mamba2-2.7b,2700000000,"In the carbon cycle, carbon moves from reservoir to reservoir as various organic and inorganic processes occur on Earth. Only a small percentage of the global carbon is moved in this cycle each year. The remaining carbon is stored in these reservoirs. Which reservoir contains the greatest amount of stored carbon? (Answer",1675,83
Other changes were made to implement representative state house and senate districts.,1.3,7,1773618164.4190352,2026-03-16T00:42:44.419037,0.7754454016685486,0.18583914637565613,mamba2-2.7b,2700000000,,1676,83
"They wrote another constitution in 1875, and the legislature passed the Blaine Amendment, prohibiting public money from being used to finance religious-affiliated schools.",1.0,128,1773618170.4975996,2026-03-16T00:42:50.497601,0.7446556091308594,0.1413540095090866,mamba2-2.7b,2700000000,,1677,83
Three transients have also been arrested for their participation.,0.7,128,1773618176.5590558,2026-03-16T00:42:56.559057,0.8295960426330566,0.17358152568340302,mamba2-2.7b,2700000000,,1678,83
This coincided with its failure to gain traction in Northern Europe and its unprecedented height in Latin America.,1.3,128,1773618182.644334,2026-03-16T00:43:02.644336,0.43761301040649414,0.18085190653800964,mamba2-2.7b,2700000000,,1679,83
"In a studio rehearsal for La Bayadère, Act II, no understudies are present, and any imperfection is pointed out by one of four coaches at the front of the room.",1.3,128,1773618188.827595,2026-03-16T00:43:08.827597,0.5118668079376221,0.20168094336986542,mamba2-2.7b,2700000000,,1680,84
"Instead of people being able to control the aspects of their life, major decisions are taken by a small elite.",0.7,128,1773618194.8838935,2026-03-16T00:43:14.883895,0.7430517673492432,0.16835488379001617,mamba2-2.7b,2700000000,,1681,84
"Different types of clouds exhibit different reflectivity, theoretically ranging in albedo from a minimum of near 0 to a maximum approaching 0.8.",1.0,128,1773618200.9336772,2026-03-16T00:43:20.933679,0.7029489278793335,0.12925493717193604,mamba2-2.7b,2700000000,,1682,84
"Explain what this code does:
def function_29(x): return x * 2",0.7,128,1773618206.9813194,2026-03-16T00:43:26.981321,0.9189572930335999,0.09932545572519302,mamba2-2.7b,2700000000,Explain what this code does,1683,84
"The two men entered the gas station after McNeight, one of them carrying a tire iron.",1.0,128,1773618213.034557,2026-03-16T00:43:33.034559,0.7964606285095215,0.13389934599399567,mamba2-2.7b,2700000000,,1684,84
"Explain what this code does:
def function_54(x): return x * 2",1.3,1,1773618213.0815187,2026-03-16T00:43:33.081519,0.832011878490448,,mamba2-2.7b,2700000000,Explain what this code does,1685,84
"In the Alabama language, the word for a person of Alabama lineage is  (or variously  or  in different dialects; the plural form is ).",0.7,128,1773618219.137818,2026-03-16T00:43:39.137820,0.7669880986213684,0.12482749670743942,mamba2-2.7b,2700000000,,1686,84
"Assassination attempts were carried out against heads of state, some of which were successful.",1.0,128,1773618225.1883018,2026-03-16T00:43:45.188303,0.722832441329956,0.16422182321548462,mamba2-2.7b,2700000000,,1687,84
"Since the mid- to late 20th century, however, white conservatives started shifting to the Republican Party.",0.7,128,1773618231.244343,2026-03-16T00:43:51.244345,0.7744817137718201,0.13757942616939545,mamba2-2.7b,2700000000,,1688,84
The Alabama Alcoholic Beverage Control Board controls the sale and distribution of alcoholic beverages in the state.,1.3,128,1773618237.3012803,2026-03-16T00:43:57.301282,0.5900434851646423,0.22189562022686005,mamba2-2.7b,2700000000,,1689,84
"There is tentative evidence that music therapy may improve social interactions, verbal communication, and non-verbal communication skills.",0.7,128,1773618243.3820107,2026-03-16T00:44:03.382013,0.7846198678016663,0.12115094065666199,mamba2-2.7b,2700000000,,1690,84
There are two key differences between SAR requests made under the Data Privacy Act and those made under GDPR: The cost and time frame.,1.0,128,1773618249.473188,2026-03-16T00:44:09.473196,0.7971137762069702,0.11831747740507126,mamba2-2.7b,2700000000,There are two key differences between SAR requests made under the Data Privacy Act and those made under GDPR,1691,84
"Offered in two different styles and either 2.5"" or 3"" heels, top industry professionals are loving how versatile and supportive these shoes are!",1.0,128,1773618255.560791,2026-03-16T00:44:15.560793,0.6713937520980835,0.1495852917432785,mamba2-2.7b,2700000000,,1692,84
"In the Sasanian Empire, Mazdak called for an egalitarian society and the abolition of monarchy, only to be soon executed by Emperor Kavad I.",1.3,128,1773618261.6412694,2026-03-16T00:44:21.641271,0.5349177122116089,0.22636263072490692,mamba2-2.7b,2700000000,,1693,84
After almost 20 years there are countless things.,1.3,128,1773618267.6989381,2026-03-16T00:44:27.698940,0.4898059070110321,0.15332376956939697,mamba2-2.7b,2700000000,,1694,84
We had the chance to talk to the thoughtful and eloquent dancer about her time with the company and goals for the future.,0.7,128,1773618273.762985,2026-03-16T00:44:33.762987,0.7664406299591064,0.1423642933368683,mamba2-2.7b,2700000000,,1695,84
We've pulled together some highlights.,0.7,128,1773618279.8489408,2026-03-16T00:44:39.848943,0.7383400201797485,0.15339361131191254,mamba2-2.7b,2700000000,,1696,84
"Instead of people being able to control the aspects of their life, major decisions are taken by a small elite.",1.0,128,1773618285.9479241,2026-03-16T00:44:45.947926,0.7340211272239685,0.13281714916229248,mamba2-2.7b,2700000000,,1697,84
And then the last third is basically just direct quotes from his films and bringing them back to life.,1.0,128,1773618292.0303771,2026-03-16T00:44:52.030379,0.7409112453460693,0.13535013794898987,mamba2-2.7b,2700000000,,1698,84
There has been a significant movement to rewrite and modernize Alabama's constitution.,0.7,128,1773618298.0918188,2026-03-16T00:44:58.091821,0.7752352952957153,0.13646407425403595,mamba2-2.7b,2700000000,,1699,84
"Explain what this code does:
def function_74(x): return x * 2",1.3,128,1773618304.2445457,2026-03-16T00:45:04.244548,0.43400782346725464,0.21561473608016968,mamba2-2.7b,2700000000,Explain what this code does,1700,85
"Regina, 40, will retire from the stage in March, just as her daughter starts her own career as a trainee.",1.0,128,1773618310.3036642,2026-03-16T00:45:10.303666,0.7524993419647217,0.1207222118973732,mamba2-2.7b,2700000000,,1701,85
"While employers state hiring concerns about productivity and supervision, experienced employers of autistic people give positive reports of above average memory and detail orientation as well as a high regard for rules and procedure in autistic employees.",0.7,128,1773618316.3638687,2026-03-16T00:45:16.363870,0.7422534227371216,0.1464875042438507,mamba2-2.7b,2700000000,,1702,85
Joseph Raz states that the acceptance of authority implies the belief that following their instructions will afford more success.,1.3,128,1773618322.4116871,2026-03-16T00:45:22.411689,0.5722153186798096,0.20435816049575806,mamba2-2.7b,2700000000,,1703,85
"Explain what this code does:
def function_68(x): return x * 2",1.0,128,1773618328.4827359,2026-03-16T00:45:28.482738,0.743472158908844,0.14153100550174713,mamba2-2.7b,2700000000,Explain what this code does,1704,85
Contemporary news coverage which emphasizes black bloc demonstrations has reinforced anarchism's historical association with chaos and violence.,0.7,128,1773618334.5377648,2026-03-16T00:45:34.537767,0.7392146587371826,0.15375016629695892,mamba2-2.7b,2700000000,,1705,85
"Laura adds 50 mL of boiling water to 100 mL of ice water. If the 150 mL of water is then put into a freezer, at what temperature will the water freeze? (Answer: A)",0.7,128,1773618340.6024413,2026-03-16T00:45:40.602443,0.956193208694458,0.09930876642465591,mamba2-2.7b,2700000000,"Laura adds 50 mL of boiling water to 100 mL of ice water. If the 150 mL of water is then put into a freezer, at what temperature will the water freeze? (Answer",1706,85
"James Dean Riles, the other transient, was unable to cash his fraudulent check at the first bank, and was taken by Clarence Suggs and Reginald Hughes to a second bank where he was successful.",1.3,128,1773618346.6607835,2026-03-16T00:45:46.660785,0.4328288435935974,0.13041825592517853,mamba2-2.7b,2700000000,,1707,85
"When seen from a distance, the ocean surface has a low albedo, as do most forests, whereas desert areas have some of the highest albedos among landforms.",0.7,128,1773618352.7270846,2026-03-16T00:45:52.727086,0.887816309928894,0.16326043009757996,mamba2-2.7b,2700000000,,1708,85
"If a new moon occurred on June 2, when will the next new moon occur? (Answer: A)",1.3,128,1773618358.80897,2026-03-16T00:45:58.808972,0.44319453835487366,0.18801836669445038,mamba2-2.7b,2700000000,"If a new moon occurred on June 2, when will the next new moon occur? (Answer",1709,85
"Here are five types of policies that companies must ensure they have in place and have trained employees on in the age of GDPR, according to Rickard.",1.3,128,1773618364.8775659,2026-03-16T00:46:04.877567,0.5889229774475098,0.18194855749607086,mamba2-2.7b,2700000000,,1710,85
"Birmingham also serves as the headquarters for several large investment management companies, including Harbert Management Corporation.",1.0,128,1773618370.9593065,2026-03-16T00:46:10.959308,0.7496594190597534,0.14977385103702545,mamba2-2.7b,2700000000,,1711,85
"Other spellings of the name have included Alibamu, Alabamo, Albama, Alebamon, Alibama, Alibamou, Alabamu, Allibamou.",0.7,128,1773618377.0550215,2026-03-16T00:46:17.055023,0.7955613136291504,0.15686438977718353,mamba2-2.7b,2700000000,,1712,85
"If successful, the XR1 chip could improve technologies found in modern smart glasses, and make VR and AR more affordable to get into for smaller companies.",1.3,128,1773618383.1520767,2026-03-16T00:46:23.152078,0.6363731622695923,0.16310016810894012,mamba2-2.7b,2700000000,,1713,85
We've pulled together some highlights.,1.0,99,1773618387.8538733,2026-03-16T00:46:27.853875,0.7112195491790771,0.13902512192726135,mamba2-2.7b,2700000000,,1714,85
"Some days you might not feel good about yourself, or things in your body might not be working well—every day is different.",1.3,34,1773618389.4595933,2026-03-16T00:46:29.459595,0.7698649764060974,0.13087841868400574,mamba2-2.7b,2700000000,,1715,85
Automakers accounted for approximately a third of the industrial expansion in the state in 2012.,1.3,43,1773618391.4890406,2026-03-16T00:46:31.489042,0.7636480927467346,0.14414861798286438,mamba2-2.7b,2700000000,,1716,85
"It offers degrees in performance, choreography and more.",1.0,128,1773618397.5640912,2026-03-16T00:46:37.564093,0.7145790457725525,0.1597650647163391,mamba2-2.7b,2700000000,,1717,85
Which of these is an example of liquid water? (Answer: C),1.0,48,1773618399.8239822,2026-03-16T00:46:39.823984,0.8065502047538757,0.15316689014434814,mamba2-2.7b,2700000000,Which of these is an example of liquid water? (Answer,1718,85
"With the rise of organised hierarchical bodies, scepticism toward authority also rose.",1.0,128,1773618405.9054656,2026-03-16T00:46:45.905467,0.6634079217910767,0.1513635516166687,mamba2-2.7b,2700000000,,1719,85
Which celestial object listed below has the greatest density? (Answer: D),1.0,117,1773618411.5389078,2026-03-16T00:46:51.538909,0.7856295704841614,0.13745668530464172,mamba2-2.7b,2700000000,Which celestial object listed below has the greatest density? (Answer,1720,86
"Autistic people may be severely impaired in some respects but average, or even superior, in others.",0.7,128,1773618417.5870106,2026-03-16T00:46:57.587012,0.7595136165618896,0.14191724359989166,mamba2-2.7b,2700000000,,1721,86
Over Antarctica snow albedo averages a little more than 0.8.,1.3,128,1773618423.662784,2026-03-16T00:47:03.662786,0.39585262537002563,0.1368211954832077,mamba2-2.7b,2700000000,,1722,86
"Functional friendships, such as those resulting in invitations to parties, may affect the quality of life more deeply.",1.0,128,1773618429.7246668,2026-03-16T00:47:09.724669,0.760918915271759,0.13308116793632507,mamba2-2.7b,2700000000,,1723,86
"Explain what this code does:
def function_14(x): return x * 2",0.7,128,1773618435.8030806,2026-03-16T00:47:15.803082,0.9477496147155762,0.0900135487318039,mamba2-2.7b,2700000000,Explain what this code does,1724,86
"From 1826 to 1846, Tuscaloosa served as Alabama's capital.",1.0,32,1773618437.315034,2026-03-16T00:47:17.315036,0.7465524077415466,0.15887871384620667,mamba2-2.7b,2700000000,,1725,86
"Explain what this code does:
def function_87(x): return x * 2",1.3,128,1773618443.4005907,2026-03-16T00:47:23.400592,0.5345691442489624,0.20733043551445007,mamba2-2.7b,2700000000,Explain what this code does,1726,86
"Maternal inflammatory and autoimmune diseases may damage fetal tissues, aggravating a genetic problem or damaging the nervous system.",0.7,128,1773618449.4847698,2026-03-16T00:47:29.484771,0.7889641523361206,0.1355641782283783,mamba2-2.7b,2700000000,,1727,86
"Explain what this code does:
def function_50(x): return x * 2",1.0,128,1773618455.5603995,2026-03-16T00:47:35.560401,0.8375228047370911,0.10036683827638626,mamba2-2.7b,2700000000,Explain what this code does,1728,86
"Given the long history of slavery and associated racial segregation, the Native American peoples, who have sometimes been of mixed race, have insisted on having their cultural identification respected.",1.0,128,1773618461.6323733,2026-03-16T00:47:41.632376,0.6525171995162964,0.1450481116771698,mamba2-2.7b,2700000000,,1729,86
"In the UK, from 1998 to 2018, the autism diagnoses increased by 787%.",1.3,128,1773618467.7104678,2026-03-16T00:47:47.710469,0.3729556202888489,0.20412451028823853,mamba2-2.7b,2700000000,,1730,86
"Through this new Jakarta EE Working Group process, we should see big Java EE vendors like IBM, Red Hat, and Oracle working within the open processes of the Eclipse Foundation with smaller vendors like Tomitribe and Payara.",1.0,128,1773618473.804641,2026-03-16T00:47:53.804643,0.7389046549797058,0.12450230866670609,mamba2-2.7b,2700000000,,1731,86
There has been a significant movement to rewrite and modernize Alabama's constitution.,1.0,128,1773618479.8767555,2026-03-16T00:47:59.876757,0.7269530892372131,0.14799000322818756,mamba2-2.7b,2700000000,,1732,86
What adaptation is necessary in intertidal ecosystems but not in reef ecosystems? (Answer: C),0.7,128,1773618485.964693,2026-03-16T00:48:05.964694,0.8038119077682495,0.16535049676895142,mamba2-2.7b,2700000000,What adaptation is necessary in intertidal ecosystems but not in reef ecosystems? (Answer,1733,86
No single treatment is best and treatment is typically tailored to the child's needs.,0.7,128,1773618492.0393713,2026-03-16T00:48:12.039373,0.7983574867248535,0.14488627016544342,mamba2-2.7b,2700000000,,1734,86
"When a mirror is placed by a fish bowl with a beta fish swimming inside, the beta fish sees what appears to be another fish. This occurs because of (Answer: C)",0.7,128,1773618498.1203196,2026-03-16T00:48:18.120321,0.7883261442184448,0.14591731131076813,mamba2-2.7b,2700000000,"When a mirror is placed by a fish bowl with a beta fish swimming inside, the beta fish sees what appears to be another fish. This occurs because of (Answer",1735,86
A company is designing a new laptop computer. The computer must not exceed a certain weight. Which of the following is the most likely reason to have a weight restriction for the computer? (Answer: C),1.0,128,1773618504.2245128,2026-03-16T00:48:24.224514,0.7724820375442505,0.11718546599149704,mamba2-2.7b,2700000000,A company is designing a new laptop computer. The computer must not exceed a certain weight. Which of the following is the most likely reason to have a weight restriction for the computer? (Answer,1736,86
A smooth metallic sphere would have .,1.0,53,1773618506.7298503,2026-03-16T00:48:26.729852,0.6942541599273682,0.12092814594507217,mamba2-2.7b,2700000000,,1737,86
"Explain what this code does:
def function_88(x): return x * 2",0.7,128,1773618512.7949948,2026-03-16T00:48:32.794996,0.7727250456809998,0.1135992631316185,mamba2-2.7b,2700000000,Explain what this code does,1738,86
Password policies Passwords remain a common digital entry point into an organization for hackers.,1.3,128,1773618518.851338,2026-03-16T00:48:38.851339,0.3312970995903015,0.1283237487077713,mamba2-2.7b,2700000000,,1739,86
One example of this massive influx of workers occurred in Mobile.,1.0,128,1773618524.9967442,2026-03-16T00:48:44.996746,0.7335630059242249,0.14072728157043457,mamba2-2.7b,2700000000,,1740,87
"Over the past two decades, Java has arguably been the most successful programming language on the planet.",0.7,128,1773618531.053493,2026-03-16T00:48:51.053495,0.7603330016136169,0.12360966205596924,mamba2-2.7b,2700000000,,1741,87
"Snowflakes of the original cast, ""The Nutcracker"" at the Mariinsky Theatre, 1892.",1.0,128,1773618537.142456,2026-03-16T00:48:57.142458,0.725034236907959,0.16112791001796722,mamba2-2.7b,2700000000,,1742,87
"Explain what this code does:
def function_81(x): return x * 2",1.3,128,1773618543.2347534,2026-03-16T00:49:03.234755,0.4582166075706482,0.20671723783016205,mamba2-2.7b,2700000000,Explain what this code does,1743,87
"Explain what this code does:
def function_98(x): return x * 2",1.0,128,1773618549.3246763,2026-03-16T00:49:09.324678,0.8205333948135376,0.11765024065971375,mamba2-2.7b,2700000000,Explain what this code does,1744,87
"From Page to Stage In 1892 St. Petersburg, choreographer Marius Petipa and composer Pyotr Ilyich Tchaikovsky pulled the story off the page and onto the stage of the Mariinsky Theatre.",1.0,128,1773618555.4245365,2026-03-16T00:49:15.424539,0.7254474759101868,0.17393077909946442,mamba2-2.7b,2700000000,,1745,87
Joseph Raz states that the acceptance of authority implies the belief that following their instructions will afford more success.,1.0,128,1773618561.496344,2026-03-16T00:49:21.496345,0.7342442274093628,0.1514914482831955,mamba2-2.7b,2700000000,,1746,87
"Other members of the executive branch include the cabinet, the lieutenant governor of Alabama, the Attorney General of Alabama, the Alabama Secretary of State, the Alabama State Treasurer, and the State Auditor of Alabama.",1.3,1,1773618561.5447345,2026-03-16T00:49:21.544735,0.7652875781059265,,mamba2-2.7b,2700000000,,1747,87
"This benefited the urban areas that had developed, as well as all in the population who had been underrepresented for more than sixty years.",1.3,128,1773618567.6353037,2026-03-16T00:49:27.635305,0.6026092171669006,0.21749813854694366,mamba2-2.7b,2700000000,,1748,87
"After observing several dogs running, students ask the following question: Do dogs with long hair run faster than dogs with short hair? How can the students best answer their question? (Answer: B)",1.3,21,1773618568.629748,2026-03-16T00:49:28.629750,0.6273866891860962,0.147699236869812,mamba2-2.7b,2700000000,"After observing several dogs running, students ask the following question",1749,87
"Societal and cultural aspects of autism have developed: some in the community seek a cure, while others believe that autism is simply another way of being.",1.3,128,1773618574.7109125,2026-03-16T00:49:34.710914,0.46029263734817505,0.1941552758216858,mamba2-2.7b,2700000000,Societal and cultural aspects of autism have developed,1750,87
But the management of projects and ticket issues doesn't just fall on the heads of large companies.,0.7,128,1773618580.7693315,2026-03-16T00:49:40.769333,0.7392255663871765,0.15515893697738647,mamba2-2.7b,2700000000,,1751,87
The atypical antipsychotic drugs risperidone and aripiprazole are FDA-approved for treating associated aggressive and self-injurious behaviors.,1.0,128,1773618586.8653998,2026-03-16T00:49:46.865402,0.789917528629303,0.13138222694396973,mamba2-2.7b,2700000000,,1752,87
Robert had just finished his documentary and has a really deep understanding of this kind of Canadian culture.,0.7,34,1773618588.4671516,2026-03-16T00:49:48.467153,0.706870436668396,0.15207627415657043,mamba2-2.7b,2700000000,,1753,87
"The four-person group is made up of members of the company's current artistic staff, led by ballet master and former principal dancer Jonathan Stafford.",0.7,128,1773618594.5795052,2026-03-16T00:49:54.579507,0.7457904815673828,0.13304050266742706,mamba2-2.7b,2700000000,,1754,87
"Law and government  State government  The foundational document for Alabama's government is the Alabama Constitution, which was ratified in 1901.",0.7,128,1773618600.675204,2026-03-16T00:50:00.675215,0.8013356924057007,0.12538103759288788,mamba2-2.7b,2700000000,,1755,87
"Explain what this code does:
def function_42(x): return x * 2",1.0,34,1773618602.2794933,2026-03-16T00:50:02.279495,0.8105442523956299,0.1623721718788147,mamba2-2.7b,2700000000,Explain what this code does,1756,87
"Anarchists reject this criticism because challenging or disobeying authority does not entail the disappearance of its advantages by acknowledging authority such as doctors or lawyers as reliable, nor does it involve a complete surrender of independent judgment.",1.3,128,1773618608.3844526,2026-03-16T00:50:08.384454,0.47795403003692627,0.18201681971549988,mamba2-2.7b,2700000000,,1757,87
"Some anarchists distanced themselves from this line of thinking, suggesting that it leaned towards an individualism that was dropping the cause of social liberation.",1.0,128,1773618614.4628217,2026-03-16T00:50:14.462823,0.7101496458053589,0.15333352982997894,mamba2-2.7b,2700000000,,1758,87
"Explain what this code does:
def function_10(x): return x * 2",1.0,128,1773618620.5589767,2026-03-16T00:50:20.558978,0.7857930660247803,0.14440995454788208,mamba2-2.7b,2700000000,Explain what this code does,1759,87
"In response to the army rebellion, an anarchist-inspired movement of peasants and workers, supported by armed militias, took control of Barcelona and of large areas of rural Spain, where they collectivised the land.",1.3,128,1773618626.724292,2026-03-16T00:50:26.724294,0.4894721806049347,0.21620529890060425,mamba2-2.7b,2700000000,,1760,88
"These kinds of groups more often than not interconnect with each other, forming larger networks.",0.7,128,1773618632.7696257,2026-03-16T00:50:32.769628,0.726298451423645,0.1772083044052124,mamba2-2.7b,2700000000,,1761,88
Which statement is an observation? (Answer: A),1.0,128,1773618638.8101578,2026-03-16T00:50:38.810160,0.772784411907196,0.17606303095817566,mamba2-2.7b,2700000000,Which statement is an observation? (Answer,1762,88
"In 2018, Mobile's Mardi Gras parade was the state's top event, producing the most tourists with an attendance of 892,811.",1.0,128,1773618644.8665516,2026-03-16T00:50:44.866553,0.6320372223854065,0.19066250324249268,mamba2-2.7b,2700000000,,1763,88
"It had not redistricted congressional districts since passage of its constitution in 1901; as a result, urbanized areas were grossly underrepresented.",1.3,91,1773618649.1759675,2026-03-16T00:50:49.175969,0.5095409750938416,0.17113478481769562,mamba2-2.7b,2700000000,,1764,88
The other detail that will change with personal data access under GDPR is how long companies have to respond to your request.,0.7,128,1773618655.2361383,2026-03-16T00:50:55.236141,0.7372772693634033,0.14430734515190125,mamba2-2.7b,2700000000,,1765,88
Many autistic people face significant obstacles in transitioning to adulthood.,1.3,128,1773618661.292391,2026-03-16T00:51:01.292393,0.43126046657562256,0.1737164705991745,mamba2-2.7b,2700000000,,1766,88
The monument was removed in August 2003.,1.3,128,1773618667.357605,2026-03-16T00:51:07.357607,0.482536256313324,0.19718396663665771,mamba2-2.7b,2700000000,,1767,88
"Numerous candidate genes have been located, with only small effects attributable to any particular gene.",0.7,128,1773618673.4152672,2026-03-16T00:51:13.415269,0.762199342250824,0.13374175131320953,mamba2-2.7b,2700000000,,1768,88
Black anarchism began to take form at this time and influenced anarchism's move from a Eurocentric demographic.,0.7,128,1773618679.4582777,2026-03-16T00:51:19.458279,0.7473434209823608,0.16077561676502228,mamba2-2.7b,2700000000,,1769,88
"Mohl, Raymond A.",1.0,54,1773618681.9985747,2026-03-16T00:51:21.998577,0.7489629983901978,0.1837959736585617,mamba2-2.7b,2700000000,,1770,88
Willam Christensen (center) with his brothers Lew and Harold.,1.0,128,1773618688.0597115,2026-03-16T00:51:28.059714,0.793583869934082,0.15972350537776947,mamba2-2.7b,2700000000,,1771,88
Anti-capitalism Anti-fascism Economic ideologies Left-wing politics Libertarian socialism Libertarianism Political culture Political movements Political ideologies Social theories Socialism Far-left politics,1.0,128,1773618694.1190622,2026-03-16T00:51:34.119064,0.7391766905784607,0.1822863519191742,mamba2-2.7b,2700000000,,1772,88
Anarchism is contrasted to socialist forms which are state-oriented or from above.,0.7,128,1773618700.1638103,2026-03-16T00:51:40.163812,0.7808629274368286,0.14149251580238342,mamba2-2.7b,2700000000,,1773,88
"One was located at a business on East Avenue and contact was made with Clarence Suggs, age 27, and Reginald Hughes, age 26.",1.0,128,1773618706.2190526,2026-03-16T00:51:46.219054,0.7803510427474976,0.14246773719787598,mamba2-2.7b,2700000000,,1774,88
"Data processing policies Companies need to do data process flow mapping to see what data is being collected, how it's being processed, and who is receiving processed copies, Rickard said.",1.0,128,1773618712.2962463,2026-03-16T00:51:52.296248,0.7316223382949829,0.1359756588935852,mamba2-2.7b,2700000000,,1775,88
"Self-injury: Behaviors such as eye-poking, skin-picking, hand-biting and head-banging.",1.3,128,1773618718.3742204,2026-03-16T00:51:58.374222,0.5244287848472595,0.18245530128479004,mamba2-2.7b,2700000000,Self-injury,1776,88
"Anarchism's emphasis on anti-capitalism, egalitarianism, and for the extension of community and individuality sets it apart from anarcho-capitalism and other types of economic libertarianism.",1.3,128,1773618724.4466279,2026-03-16T00:52:04.446629,0.4929070472717285,0.26383405923843384,mamba2-2.7b,2700000000,,1777,88
"However, it also contains the right to access any information that may be held by a company, including your employer.",1.0,44,1773618726.5126474,2026-03-16T00:52:06.512649,0.7580560445785522,0.1081082671880722,mamba2-2.7b,2700000000,,1778,88
"Explain what this code does:
def function_71(x): return x * 2",0.7,128,1773618732.5711002,2026-03-16T00:52:12.571102,0.8646966218948364,0.11803586035966873,mamba2-2.7b,2700000000,Explain what this code does,1779,88
"These signs often develop gradually, though some autistic children experience regression in their communication and social skills after reaching developmental milestones at a normal pace.",1.0,128,1773618738.7171175,2026-03-16T00:52:18.717119,0.7836446762084961,0.11722470074892044,mamba2-2.7b,2700000000,,1780,89
"By the 9th century, the Caroline script, which was very similar to the present-day form, was the principal form used in book-making, before the advent of the printing press.",1.3,8,1773618739.096621,2026-03-16T00:52:19.096622,0.6479133367538452,0.24929852783679962,mamba2-2.7b,2700000000,,1781,89
"In the Sasanian Empire, Mazdak called for an egalitarian society and the abolition of monarchy, only to be soon executed by Emperor Kavad I.",0.7,128,1773618745.1532812,2026-03-16T00:52:25.153283,0.7726379632949829,0.14589865505695343,mamba2-2.7b,2700000000,,1782,89
"The ethereal twinkling sound in the Sugar Plum Fairy's solo comes from the celesta, a rare instrument Tchaikovsky heard in France.",1.3,128,1773618751.2123792,2026-03-16T00:52:31.212380,0.4268544614315033,0.15522313117980957,mamba2-2.7b,2700000000,,1783,89
"However, it also contains the right to access any information that may be held by a company, including your employer.",1.3,128,1773618757.2807446,2026-03-16T00:52:37.280746,0.4574614465236664,0.23360323905944824,mamba2-2.7b,2700000000,,1784,89
"Explain what this code does:
def function_99(x): return x * 2",0.7,128,1773618763.3549588,2026-03-16T00:52:43.354960,0.8459660410881042,0.1155330091714859,mamba2-2.7b,2700000000,Explain what this code does,1785,89
"Stage Time Performance is the most important aspect of BDA students' professional development, with annual productions featuring classical ballets, contemporary works and student choreography.",1.0,128,1773618769.4287097,2026-03-16T00:52:49.428711,0.7424969673156738,0.15980197489261627,mamba2-2.7b,2700000000,,1786,89
"A differential diagnosis for ASD at this stage might also consider intellectual disability, hearing impairment, and a specific language impairment such as Landau–Kleffner syndrome.",0.7,128,1773618775.4972582,2026-03-16T00:52:55.497260,0.778450608253479,0.14583227038383484,mamba2-2.7b,2700000000,,1787,89
A significant event of this period was the confrontations at the 1999 Seattle WTO conference.,0.7,128,1773618781.5651708,2026-03-16T00:53:01.565172,0.7799593806266785,0.14242440462112427,mamba2-2.7b,2700000000,,1788,89
They held on to old representation to maintain political and economic power in agricultural areas.,0.7,128,1773618787.6321592,2026-03-16T00:53:07.632161,0.7220079898834229,0.13803569972515106,mamba2-2.7b,2700000000,,1789,89
Dumas even cheered up the name of the protagonist.,0.7,124,1773618793.5059125,2026-03-16T00:53:13.505914,0.729316771030426,0.15032023191452026,mamba2-2.7b,2700000000,,1790,89
It has been in operation since 1929.,1.3,128,1773618799.565028,2026-03-16T00:53:19.565029,0.4172687530517578,0.17120616137981415,mamba2-2.7b,2700000000,,1791,89
"Explain what this code does:
def function_49(x): return x * 2",1.0,128,1773618805.6227798,2026-03-16T00:53:25.622782,0.843184769153595,0.13379685580730438,mamba2-2.7b,2700000000,Explain what this code does,1792,89
"""People often have Post-it notes on monitors with passwords on them.""",0.7,128,1773618811.6952157,2026-03-16T00:53:31.695217,0.7422176003456116,0.14983588457107544,mamba2-2.7b,2700000000,,1793,89
Anarchist tactics have shifted during the course of the last century.,1.0,128,1773618817.7565806,2026-03-16T00:53:37.756582,0.7056176662445068,0.15855729579925537,mamba2-2.7b,2700000000,,1794,89
"Jewish denominations in the state include two Orthodox, four Conservative, ten Reform, and one Humanistic synagogue.",0.7,128,1773618823.824148,2026-03-16T00:53:43.824150,0.7698767185211182,0.14338549971580505,mamba2-2.7b,2700000000,,1795,89
San Francisco Ballet Honors Robbins Mysterious; romantic; witty; electrifying.,0.7,128,1773618829.8990452,2026-03-16T00:53:49.899047,0.6766700744628906,0.19080692529678345,mamba2-2.7b,2700000000,,1796,89
"Bakunin saw the state as meaning ""coercion, domination by means of coercion, camouflaged if possible but unceremonious and overt if need be.""",1.0,128,1773618835.9971242,2026-03-16T00:53:55.997126,0.7110099792480469,0.13683085143566132,mamba2-2.7b,2700000000,,1797,89
"The Internet has helped autistic individuals bypass nonverbal cues and emotional sharing that they find difficult to deal with, and has given them a way to form online communities and work remotely.",1.0,128,1773618842.0967913,2026-03-16T00:54:02.096793,0.7794641852378845,0.16762863099575043,mamba2-2.7b,2700000000,,1798,89
So I returned to the IP address and was presented with a login screen.,1.0,128,1773618848.1674962,2026-03-16T00:54:08.167498,0.774739146232605,0.1497637927532196,mamba2-2.7b,2700000000,,1799,89
"In the UK, from 1998 to 2018, the autism diagnoses increased by 787%.",1.0,103,1773618853.14217,2026-03-16T00:54:13.142172,0.7709752321243286,0.17156603932380676,mamba2-2.7b,2700000000,,1800,90
Siblings of children with ASD report greater admiration of and less conflict with the affected sibling than siblings of unaffected children and were similar to siblings of children with Down syndrome in these aspects of the sibling relationship.,1.0,128,1773618859.2304904,2026-03-16T00:54:19.230492,0.7614003419876099,0.1533452570438385,mamba2-2.7b,2700000000,,1801,90
Scientists who disagree with the results of an experiment should (Answer: D),0.7,128,1773618865.31804,2026-03-16T00:54:25.318041,0.8653116226196289,0.14942029118537903,mamba2-2.7b,2700000000,Scientists who disagree with the results of an experiment should (Answer,1802,90
"Although many have won awards at international competitions, the school does not actively focus on competing.",1.0,128,1773618871.39477,2026-03-16T00:54:31.394771,0.7169020175933838,0.14875322580337524,mamba2-2.7b,2700000000,,1803,90
Variation in summer albedo across both forest types is associated with maximum rates of photosynthesis because plants with high growth capacity display a greater fraction of their foliage for direct interception of incoming radiation in the upper canopy.,1.3,128,1773618877.4628751,2026-03-16T00:54:37.462877,0.5081604719161987,0.2168664038181305,mamba2-2.7b,2700000000,,1804,90
"Lactose intolerance is a condition of the digestive system in which an individual has an inability to digest lactose, the sugar found in milk. An individual affected with lactose intolerance does not produce enough of the enzyme lactase, which is needed to break down lactose. If more adults than children are diagnosed with lactose intolerance, what does this most likely suggest? (Answer: A)",0.7,128,1773618883.5387511,2026-03-16T00:54:43.538753,0.8284086585044861,0.13140001893043518,mamba2-2.7b,2700000000,"Lactose intolerance is a condition of the digestive system in which an individual has an inability to digest lactose, the sugar found in milk. An individual affected with lactose intolerance does not produce enough of the enzyme lactase, which is needed to break down lactose. If more adults than children are diagnosed with lactose intolerance, what does this most likely suggest? (Answer",1805,90
"One evening as it is getting dark, Alex sits on the front porch and watches the sun slowly disappear behind the neighbor's house across the street. Which explains this observation? (Answer: D)",1.0,1,1773618883.5859742,2026-03-16T00:54:43.585974,0.8270261883735657,,mamba2-2.7b,2700000000,"One evening as it is getting dark, Alex sits on the front porch and watches the sun slowly disappear behind the neighbor's house across the street. Which explains this observation? (Answer",1806,90
A plant that grows red flowers was crossed with the same kind of plant that grows white flowers. Their offspring grew pink flowers. Which best explains why the offspring grew pink flowers? (Answer: C),0.7,128,1773618889.6613927,2026-03-16T00:54:49.661394,0.8152472376823425,0.12895925343036652,mamba2-2.7b,2700000000,A plant that grows red flowers was crossed with the same kind of plant that grows white flowers. Their offspring grew pink flowers. Which best explains why the offspring grew pink flowers? (Answer,1807,90
"Explain what this code does:
def function_87(x): return x * 2",1.0,2,1773618889.75576,2026-03-16T00:54:49.755761,0.8082401752471924,0.04523823782801628,mamba2-2.7b,2700000000,Explain what this code does,1808,90
References  External links    1910s neologisms Articles containing video clips Communication disorders Neurological disorders in children Pervasive developmental disorders Wikipedia medicine articles ready to translate,1.0,128,1773618895.8433602,2026-03-16T00:54:55.843362,0.6881982088088989,0.19226904213428497,mamba2-2.7b,2700000000,,1809,90
Plug the device into your network (you'll need a Cat5 cable).,1.3,128,1773618901.914014,2026-03-16T00:55:01.914016,0.41963106393814087,0.203080415725708,mamba2-2.7b,2700000000,,1810,90
Which of these is not an inherited trait in humans? (Answer: D),1.0,128,1773618907.9696095,2026-03-16T00:55:07.969611,0.7472599148750305,0.161713644862175,mamba2-2.7b,2700000000,Which of these is not an inherited trait in humans? (Answer,1811,90
"The Hunt Refining Company, a subsidiary of Hunt Consolidated, Inc., is based in Tuscaloosa and operates a refinery there.",0.7,128,1773618914.053073,2026-03-16T00:55:14.053075,0.7903351783752441,0.19034840166568756,mamba2-2.7b,2700000000,,1812,90
"Explain what this code does:
def function_5(x): return x * 2",1.0,128,1773618920.1269991,2026-03-16T00:55:20.127000,0.7955819368362427,0.11028947681188583,mamba2-2.7b,2700000000,Explain what this code does,1813,90
Demarko Johnson and Johnathan Johnson were able to find McNeight at a gas station at Magnolia Beach Road and Thomas Drive.,1.3,128,1773618926.1989555,2026-03-16T00:55:26.198957,0.6059906482696533,0.17581041157245636,mamba2-2.7b,2700000000,,1814,90
"In May 2007, German steelmaker ThyssenKrupp selected Calvert in Mobile County for a 4.65billion combined stainless and carbon steel processing facility.",1.3,128,1773618932.276157,2026-03-16T00:55:32.276158,0.4634101092815399,0.19161564111709595,mamba2-2.7b,2700000000,,1815,90
"Explain what this code does:
def function_48(x): return x * 2",1.3,128,1773618938.3655326,2026-03-16T00:55:38.365534,0.4395184814929962,0.19299021363258362,mamba2-2.7b,2700000000,Explain what this code does,1816,90
"The piece features a commissioned score by Swedish composer Mikael Karlsson, which will be performed onstage by singer Anna von Hausswolff.",1.0,18,1773618939.2182958,2026-03-16T00:55:39.218297,0.6962311863899231,0.12917596101760864,mamba2-2.7b,2700000000,,1817,90
"Of the parks and natural destinations, Alabama's Gulf Coast topped the list with 6,700,000 visitors.",1.3,128,1773618945.3072164,2026-03-16T00:55:45.307218,0.41927358508110046,0.21097297966480255,mamba2-2.7b,2700000000,,1818,90
"If I can't describe what I want with words, I have to show them.""",1.3,97,1773618949.920752,2026-03-16T00:55:49.920754,0.32609638571739197,0.16048108041286469,mamba2-2.7b,2700000000,,1819,90
"Clouds keep Earth cool by reflecting sunlight, but they can also serve as blankets to trap warmth.""",1.0,128,1773618956.09174,2026-03-16T00:55:56.091742,0.7633827924728394,0.15500974655151367,mamba2-2.7b,2700000000,,1820,91
"There is tentative evidence that music therapy may improve social interactions, verbal communication, and non-verbal communication skills.",1.0,30,1773618957.4996834,2026-03-16T00:55:57.499685,0.7319939732551575,0.13479451835155487,mamba2-2.7b,2700000000,,1821,91
"Nonetheless, his ideas formed the inspiration for a series of modern schools around the world.",1.0,128,1773618963.572906,2026-03-16T00:56:03.572908,0.6994057893753052,0.17595794796943665,mamba2-2.7b,2700000000,,1822,91
"This time around the final screen appeared, the All set link didn't work.",0.7,128,1773618969.640478,2026-03-16T00:56:09.640479,0.7333892583847046,0.12291057407855988,mamba2-2.7b,2700000000,,1823,91
"In contemporary anarchism, this current survives as a tendency to support polyamory and queer anarchism.",1.0,128,1773618975.7183523,2026-03-16T00:56:15.718354,0.7326045632362366,0.14864405989646912,mamba2-2.7b,2700000000,,1824,91
"The big takeaways for tech leaders: Qualcomm has unveiled the Snapdragon XR1 chip, which could bring high-quality AR and VR experiences to more users, at a lower cost.",1.0,128,1773618981.7921548,2026-03-16T00:56:21.792157,0.796351432800293,0.1433483213186264,mamba2-2.7b,2700000000,The big takeaways for tech leaders,1825,91
"Artists of the Ballet in rehearsal for ""Frame by Frame.""",1.3,128,1773618987.8571868,2026-03-16T00:56:27.857195,0.38832515478134155,0.17331261932849884,mamba2-2.7b,2700000000,,1826,91
Scientists who disagree with the results of an experiment should (Answer: D),1.0,128,1773618993.929455,2026-03-16T00:56:33.929457,0.7457978129386902,0.1349329948425293,mamba2-2.7b,2700000000,Scientists who disagree with the results of an experiment should (Answer,1827,91
Belief in political nihilism has been espoused by anarchists.,1.3,128,1773619000.0083866,2026-03-16T00:56:40.008388,0.4052821099758148,0.18222282826900482,mamba2-2.7b,2700000000,,1828,91
Three transients have also been arrested for their participation.,1.3,14,1773619000.6687288,2026-03-16T00:56:40.668730,0.6765211224555969,0.18171148002147675,mamba2-2.7b,2700000000,,1829,91
"Explain what this code does:
def function_38(x): return x * 2",0.7,128,1773619006.747257,2026-03-16T00:56:46.747259,0.8544352054595947,0.11061093211174011,mamba2-2.7b,2700000000,Explain what this code does,1830,91
"Also, the Barber Motorsports Park has hosted IndyCar Series and Rolex Sports Car Series races.",1.0,128,1773619012.8262033,2026-03-16T00:56:52.826205,0.7655612826347351,0.14895755052566528,mamba2-2.7b,2700000000,,1831,91
"Tokyo was a hotspot for rebellious youth from countries of the far east, travelling to the Japanese capital to study.",1.3,128,1773619018.912889,2026-03-16T00:56:58.912891,0.4156903624534607,0.20537014305591583,mamba2-2.7b,2700000000,,1832,91
"Treatment approaches have little empirical support in quality-of-life contexts, and many programs focus on success measures that lack predictive validity and real-world relevance.",1.3,128,1773619024.980511,2026-03-16T00:57:04.980514,0.5473382472991943,0.19492928683757782,mamba2-2.7b,2700000000,,1833,91
"OEMs like Meta, VIVE, Vuzix, and Picoare are already building on the XR1 platform, the release said.",0.7,128,1773619031.0479562,2026-03-16T00:57:11.047958,0.7951647639274597,0.14576710760593414,mamba2-2.7b,2700000000,,1834,91
"By 1941 more Whites than Blacks had been disenfranchised: 600,000 to 520,000.",1.0,128,1773619037.1021996,2026-03-16T00:57:17.102201,0.7069686651229858,0.16498889029026031,mamba2-2.7b,2700000000,By 1941 more Whites than Blacks had been disenfranchised,1835,91
But the management of projects and ticket issues doesn't just fall on the heads of large companies.,1.3,128,1773619043.1719275,2026-03-16T00:57:23.171930,0.6467118263244629,0.17514778673648834,mamba2-2.7b,2700000000,,1836,91
"Photo by Frederick Melton, Courtesy Dance Magazine Archives.",1.0,128,1773619049.2224236,2026-03-16T00:57:29.222425,0.7739760279655457,0.17615465819835663,mamba2-2.7b,2700000000,,1837,91
"Once she's mastered the pirouette she's been struggling with, she repeats the step over and over until the clock reaches 12 pm for lunch.",1.0,128,1773619055.278495,2026-03-16T00:57:35.278496,0.7303749322891235,0.13364170491695404,mamba2-2.7b,2700000000,,1838,91
"Explain what this code does:
def function_34(x): return x * 2",1.0,128,1773619061.3334446,2026-03-16T00:57:41.333446,0.8266716003417969,0.13693201541900635,mamba2-2.7b,2700000000,Explain what this code does,1839,91
"Because of the constraints of the Alabama Constitution, which centralizes power in the state legislature, only seven counties (Jefferson, Lee, Mobile, Madison, Montgomery, Shelby, and Tuscaloosa) in the state have limited home rule.",1.3,128,1773619067.5140157,2026-03-16T00:57:47.514018,0.4378940761089325,0.19504788517951965,mamba2-2.7b,2700000000,,1840,92
"Of the parks and natural destinations, Alabama's Gulf Coast topped the list with 6,700,000 visitors.",0.7,128,1773619073.5929797,2026-03-16T00:57:53.592981,0.777531087398529,0.14757667481899261,mamba2-2.7b,2700000000,,1841,92
The registration fee is $300.,0.7,44,1773619075.6760166,2026-03-16T00:57:55.676018,0.7326653599739075,0.14910607039928436,mamba2-2.7b,2700000000,,1842,92
Which of these would most likely improve the air quality in large Texas cities? (Answer: A),1.3,128,1773619081.7492206,2026-03-16T00:58:01.749222,0.5113215446472168,0.21370632946491241,mamba2-2.7b,2700000000,Which of these would most likely improve the air quality in large Texas cities? (Answer,1843,92
"""I think it says something that Alex trusts us to bring the work to its full realization,"" says Wheater.",1.0,52,1773619084.202477,2026-03-16T00:58:04.202478,0.7150818109512329,0.12897902727127075,mamba2-2.7b,2700000000,,1844,92
"If Earth were frozen entirely (and hence be more reflective), the average temperature of the planet would drop below .",0.7,128,1773619090.2652974,2026-03-16T00:58:10.265299,0.7593513131141663,0.1410137563943863,mamba2-2.7b,2700000000,,1845,92
"Also Robbins' Dances at a Gathering... there are so many, it's hard to choose!",1.3,30,1773619091.6739314,2026-03-16T00:58:11.673933,0.47152140736579895,0.12344729900360107,mamba2-2.7b,2700000000,,1846,92
"The Goodyear Tire and Rubber Company operates a large plant in Gadsden which employs about 1,400 people.",1.0,128,1773619097.7355502,2026-03-16T00:58:17.735552,0.7398344278335571,0.13415367901325226,mamba2-2.7b,2700000000,,1847,92
"But Petipa fell ill while choreographing The Nutcracker and handed his duties over to his assistant, Lev Ivanov.",1.3,19,1773619098.6298914,2026-03-16T00:58:18.629896,0.6565228700637817,0.11860960721969604,mamba2-2.7b,2700000000,,1848,92
Log in with the user admin and the password you set when you created admin user earlier.,1.0,128,1773619104.7200952,2026-03-16T00:58:24.720097,0.794866681098938,0.18364959955215454,mamba2-2.7b,2700000000,,1849,92
"Other aspects, such as atypical eating, are also common but are not essential for diagnosis.",1.3,128,1773619110.793219,2026-03-16T00:58:30.793221,0.5016238689422607,0.1858735829591751,mamba2-2.7b,2700000000,,1850,92
The state has numerous place names of Native American origin.,0.7,128,1773619116.848089,2026-03-16T00:58:36.848091,0.7775405645370483,0.16918489336967468,mamba2-2.7b,2700000000,,1851,92
"For some, that means setting up a server and running a Git repository for the housing of proprietary or open source code.",1.3,128,1773619122.9064372,2026-03-16T00:58:42.906439,0.3924429714679718,0.2176397442817688,mamba2-2.7b,2700000000,,1852,92
"The uneven heating of Earth from albedo variations between land, ice, or ocean surfaces can drive weather.",1.0,128,1773619128.96728,2026-03-16T00:58:48.967281,0.73511803150177,0.15406732261180878,mamba2-2.7b,2700000000,,1853,92
Masking may include making oneself perform normative facial expressions and eye contact.,0.7,128,1773619135.0539906,2026-03-16T00:58:55.053992,0.781286895275116,0.15399235486984253,mamba2-2.7b,2700000000,,1854,92
"Alabama's 67 county sheriffs are elected in partisan, at-large races, and Democrats still retain the narrow majority of those posts.",0.7,128,1773619141.135515,2026-03-16T00:59:01.135516,0.7985612154006958,0.15267232060432434,mamba2-2.7b,2700000000,,1855,92
"The overall federal, state, and local tax burden in Alabama ranks the state as the second least tax-burdened state in the country.",1.3,128,1773619147.209294,2026-03-16T00:59:07.209296,0.48657432198524475,0.2382107973098755,mamba2-2.7b,2700000000,,1856,92
There's a surprising twist to Regina Willoughby's last season with Columbia City Ballet: It's also her 18-year-old daughter Melina's first season with the company.,1.0,128,1773619153.2824063,2026-03-16T00:59:13.282408,0.8058716058731079,0.13476721942424774,mamba2-2.7b,2700000000,There's a surprising twist to Regina Willoughby's last season with Columbia City Ballet,1857,92
The Canadian artist's many accolades include a 1952 Oscar for Best Documentary for his abstract short film Neighbours (watch the whole thing here).,0.7,128,1773619159.3826716,2026-03-16T00:59:19.382673,0.7747032046318054,0.17821620404720306,mamba2-2.7b,2700000000,,1858,92
"The heart, blood vessels, kidneys, and bladder working together are best described as (Answer: D)",1.0,128,1773619165.4809198,2026-03-16T00:59:25.480922,0.7903082966804504,0.15896140038967133,mamba2-2.7b,2700000000,"The heart, blood vessels, kidneys, and bladder working together are best described as (Answer",1859,92
They include:  Genetic disorders.,1.0,128,1773619171.6300645,2026-03-16T00:59:31.630066,0.695315420627594,0.1642005294561386,mamba2-2.7b,2700000000,They include,1860,93
"Using the tag information, investigators were able to learn the two vehicles were rentals and eventually identified the four men from Atlanta.",0.7,128,1773619177.7034812,2026-03-16T00:59:37.703483,0.7570724487304688,0.12799596786499023,mamba2-2.7b,2700000000,,1861,93
"Explain what this code does:
def function_82(x): return x * 2",1.0,128,1773619183.7716994,2026-03-16T00:59:43.771701,0.7866079211235046,0.15501278638839722,mamba2-2.7b,2700000000,Explain what this code does,1862,93
San Francisco Ballet Honors Robbins Mysterious; romantic; witty; electrifying.,1.0,128,1773619189.8474164,2026-03-16T00:59:49.847418,0.7014056444168091,0.17099815607070923,mamba2-2.7b,2700000000,,1863,93
"Friedrich Engels, considered to be one of the principal founders of Marxism, criticised anarchism's anti-authoritarianism as inherently counter-revolutionary because in his view a revolution is by itself authoritarian.",1.3,128,1773619195.9335423,2026-03-16T00:59:55.933543,0.4778168201446533,0.17882119119167328,mamba2-2.7b,2700000000,,1864,93
"Albedo in Astronomy  In astronomy, the term albedo can be defined in several different ways, depending upon the application and the wavelength of electromagnetic radiation involved.",1.0,128,1773619202.004608,2026-03-16T01:00:02.004610,0.8144470453262329,0.12583927810192108,mamba2-2.7b,2700000000,,1865,93
These contributed to Congressional passage and enactment of the Civil Rights Act of 1964 and Voting Rights Act of 1965 by the U.S. Congress.,1.0,128,1773619208.0728252,2026-03-16T01:00:08.072827,0.6685678958892822,0.15192218124866486,mamba2-2.7b,2700000000,,1866,93
"The district's boundaries were roughly limited to the area within a few miles of the Tombigbee River and included portions of what is today southern Clarke County, northernmost Mobile County, and most of Washington County.",0.7,128,1773619214.131712,2026-03-16T01:00:14.131714,0.8234495520591736,0.1508796513080597,mamba2-2.7b,2700000000,,1867,93
"Once I had that IP address, I could point my browser to that address and login with user root and password password.",1.0,128,1773619220.180449,2026-03-16T01:00:20.180452,0.7566159963607788,0.1409507393836975,mamba2-2.7b,2700000000,,1868,93
"In the Alabama language, the word for a person of Alabama lineage is  (or variously  or  in different dialects; the plural form is ).",1.3,128,1773619226.2533815,2026-03-16T01:00:26.253383,0.4453446567058563,0.2263481765985489,mamba2-2.7b,2700000000,,1869,93
"Over the past two decades, Java has arguably been the most successful programming language on the planet.",1.0,128,1773619232.3182435,2026-03-16T01:00:32.318246,0.7979284524917603,0.13164736330509186,mamba2-2.7b,2700000000,,1870,93
"The oldest institutions are the public University of North Alabama in Florence and the Catholic Church-affiliated Spring Hill College in Mobile, both founded in 1830.",1.0,128,1773619238.3794875,2026-03-16T01:00:38.379490,0.7499306797981262,0.14075548946857452,mamba2-2.7b,2700000000,,1871,93
"The research was truly enriching, because I realized how wonderful of a person he was as well, which dictates how we share his personal life onstage.",0.7,128,1773619244.452904,2026-03-16T01:00:44.452905,0.7552744150161743,0.12514591217041016,mamba2-2.7b,2700000000,,1872,93
An ice cube placed in sunlight melts quickly. Which BEST explains this event? (Answer: B),0.7,128,1773619250.5070612,2026-03-16T01:00:50.507063,0.8368134498596191,0.15045154094696045,mamba2-2.7b,2700000000,An ice cube placed in sunlight melts quickly. Which BEST explains this event? (Answer,1873,93
One criticism of the current constitution claims that its complexity and length intentionally codify segregation and racism.,0.7,128,1773619256.563715,2026-03-16T01:00:56.563717,0.7614758014678955,0.16228793561458588,mamba2-2.7b,2700000000,,1874,93
"Former Royal Danish Ballet artistic director Frank Andersen has been a guest teacher at the school since 2002, and was awarded a professorship in 2012.",0.7,32,1773619258.0636477,2026-03-16T01:00:58.063649,0.7242244482040405,0.15454041957855225,mamba2-2.7b,2700000000,,1875,93
"Explain what this code does:
def function_33(x): return x * 2",0.7,128,1773619264.1426957,2026-03-16T01:01:04.142697,0.950006365776062,0.07033573091030121,mamba2-2.7b,2700000000,Explain what this code does,1876,93
"Explain what this code does:
def function_16(x): return x * 2",1.3,128,1773619270.20572,2026-03-16T01:01:10.205721,0.5842771530151367,0.22992311418056488,mamba2-2.7b,2700000000,Explain what this code does,1877,93
"1892 ""Nutcracker"" costume sketch by Ivan Vsevolozhsky of the Sugar Plum Fairy's retinue.",0.7,128,1773619276.2811549,2026-03-16T01:01:16.281156,0.9219534397125244,0.11875192075967789,mamba2-2.7b,2700000000,,1878,93
"They mostly engage in confronting the police during demonstrations and riots, especially in countries such as Canada, Greece, and Mexico.",0.7,128,1773619282.3506558,2026-03-16T01:01:22.350657,0.8699537515640259,0.1543368101119995,mamba2-2.7b,2700000000,,1879,93
Communication About one third to half of autistic people do not develop enough natural speech to meet their daily communication needs.,1.0,87,1773619286.5673952,2026-03-16T01:01:26.567397,0.7196125388145447,0.13577961921691895,mamba2-2.7b,2700000000,,1880,94
Cells are the basic unit of structure and function in all living organisms. Which describes the greatest difference between the cells of a baby gorilla and the cells of an adult gorilla? (Answer: A),0.7,128,1773619292.6501105,2026-03-16T01:01:32.650113,0.863268256187439,0.17003576457500458,mamba2-2.7b,2700000000,Cells are the basic unit of structure and function in all living organisms. Which describes the greatest difference between the cells of a baby gorilla and the cells of an adult gorilla? (Answer,1881,94
"Williams, Benjamin Buford.",1.0,68,1773619295.8718467,2026-03-16T01:01:35.871849,0.7395856380462646,0.16388154029846191,mamba2-2.7b,2700000000,,1882,94
No known medication relieves autism's core symptoms of social and communication impairments.,1.3,128,1773619301.9648304,2026-03-16T01:01:41.964832,0.48668372631073,0.20817112922668457,mamba2-2.7b,2700000000,,1883,94
"Anarchism employs a diversity of tactics in order to meet its ideal ends which can be broadly separated into revolutionary and evolutionary tactics; there is significant overlap between the two, which are merely descriptive.",0.7,128,1773619308.0591457,2026-03-16T01:01:48.059150,0.7992376685142517,0.14629673957824707,mamba2-2.7b,2700000000,,1884,94
"As people are often sized up initially from their basic language skills, these studies suggest that people speaking to autistic individuals are more likely to overestimate what their audience comprehends.",0.7,128,1773619314.1148884,2026-03-16T01:01:54.114890,0.7684832811355591,0.1396259218454361,mamba2-2.7b,2700000000,,1885,94
"In geometry, capital A, B, C etc.",1.0,128,1773619320.163867,2026-03-16T01:02:00.163868,0.7175819277763367,0.1521514356136322,mamba2-2.7b,2700000000,,1886,94
"Anarchism's emphasis on anti-capitalism, egalitarianism, and for the extension of community and individuality sets it apart from anarcho-capitalism and other types of economic libertarianism.",1.0,128,1773619326.2250564,2026-03-16T01:02:06.225058,0.7243651151657104,0.1513550579547882,mamba2-2.7b,2700000000,,1887,94
Michael learned that the movement of Earth in the solar system causes changes that can be seen on the planet. Which change could be seen on Earth in the time it takes Earth to rotate once on its axis? (Answer: A),1.0,128,1773619332.3014874,2026-03-16T01:02:12.301489,0.7249284386634827,0.1570260226726532,mamba2-2.7b,2700000000,Michael learned that the movement of Earth in the solar system causes changes that can be seen on the planet. Which change could be seen on Earth in the time it takes Earth to rotate once on its axis? (Answer,1888,94
This will be the fourth work by Ekman that The Joffrey has performed.,1.0,128,1773619338.3810065,2026-03-16T01:02:18.381008,0.67191481590271,0.18131744861602783,mamba2-2.7b,2700000000,,1889,94
Corn is widely being used in the United States to make ethanol for use in automobile fuel. How might the overproduction of corn negatively affect the environment? (Answer: A),0.7,128,1773619344.4671752,2026-03-16T01:02:24.467177,0.7846373319625854,0.14627189934253693,mamba2-2.7b,2700000000,Corn is widely being used in the United States to make ethanol for use in automobile fuel. How might the overproduction of corn negatively affect the environment? (Answer,1890,94
"The oldest institutions are the public University of North Alabama in Florence and the Catholic Church-affiliated Spring Hill College in Mobile, both founded in 1830.",0.7,128,1773619350.5414672,2026-03-16T01:02:30.541468,0.775787353515625,0.12265164405107498,mamba2-2.7b,2700000000,,1891,94
"Snow Snow albedo is highly variable, ranging from as high as 0.9 for freshly fallen snow, to about 0.4 for melting snow, and as low as 0.2 for dirty snow.",1.0,128,1773619356.6173909,2026-03-16T01:02:36.617392,0.794089674949646,0.14802992343902588,mamba2-2.7b,2700000000,,1892,94
"During and after World War II, Alabama grew as the state's economy diversified with new industries.",0.7,128,1773619362.683151,2026-03-16T01:02:42.683152,0.835841178894043,0.1684119552373886,mamba2-2.7b,2700000000,,1893,94
"The rural-dominated Alabama legislature consistently underfunded schools and services for the disenfranchised African Americans, but it did not relieve them of paying taxes.",1.0,128,1773619368.762666,2026-03-16T01:02:48.762668,0.770992636680603,0.17949557304382324,mamba2-2.7b,2700000000,,1894,94
"Photo by Walter E. Owen, Courtesy Dance Magazine Archives.",1.3,128,1773619374.8277292,2026-03-16T01:02:54.827731,0.5743328332901001,0.2107744663953781,mamba2-2.7b,2700000000,,1895,94
"In 2002, Christian Koeberl with the Institute of Geochemistry University of Vienna published evidence and established the site as the 157th recognized impact crater on Earth.",1.3,128,1773619380.9018662,2026-03-16T01:03:00.901868,0.4546284079551697,0.23123544454574585,mamba2-2.7b,2700000000,,1896,94
Subscribe Also see,1.3,128,1773619386.9934292,2026-03-16T01:03:06.993431,0.3336428999900818,0.1548250913619995,mamba2-2.7b,2700000000,,1897,94
"The rural bias of the state legislature, which had also failed to redistrict seats in the state house, affected politics well into the 20th century, failing to recognize the rise of industrial cities and urbanized areas.",1.3,128,1773619393.0916307,2026-03-16T01:03:13.091632,0.4584316611289978,0.19713734090328217,mamba2-2.7b,2700000000,,1898,94
Parents often notice signs during the first three years of their child's life.,1.0,128,1773619399.1796021,2026-03-16T01:03:19.179604,0.7240912914276123,0.12399347871541977,mamba2-2.7b,2700000000,,1899,94
No babbling by 12 months.,0.7,128,1773619405.337482,2026-03-16T01:03:25.337483,0.7488082647323608,0.1385287046432495,mamba2-2.7b,2700000000,,1900,95
"Explain what this code does:
def function_39(x): return x * 2",1.0,11,1773619405.8533478,2026-03-16T01:03:25.853349,0.7738341689109802,0.10154231637716293,mamba2-2.7b,2700000000,Explain what this code does,1901,95
The monument was removed in August 2003.,1.0,128,1773619411.9249034,2026-03-16T01:03:31.924906,0.7604373693466187,0.16651444137096405,mamba2-2.7b,2700000000,,1902,95
Collectivist anarchism is a revolutionary socialist form of anarchism commonly associated with Mikhail Bakunin.,1.0,128,1773619417.9804392,2026-03-16T01:03:37.980441,0.7870165705680847,0.1297846883535385,mamba2-2.7b,2700000000,,1903,95
"Email policies IT should have an email policy in place that hardens systems and can detect spam and viruses, Rickard said.",1.3,128,1773619424.0302958,2026-03-16T01:03:44.030297,0.4808077812194824,0.17796701192855835,mamba2-2.7b,2700000000,,1904,95
Courtesy Peter Koppers.,0.7,128,1773619430.0945423,2026-03-16T01:03:50.094544,0.728445291519165,0.16540172696113586,mamba2-2.7b,2700000000,,1905,95
He was paid $80 and was taken by the two men to Millville and left.,1.0,128,1773619436.1474204,2026-03-16T01:03:56.147423,0.6883771419525146,0.13931414484977722,mamba2-2.7b,2700000000,,1906,95
The victim was interviewed at Gulf Coast Children’s Advocacy Center.,1.0,128,1773619442.2161126,2026-03-16T01:04:02.216114,0.8008515238761902,0.1455991417169571,mamba2-2.7b,2700000000,,1907,95
"Students studying membranes conducted an experiment using labeled paper cups filled with varying concentrations of red food coloring. After the experiment, the cups were empty and stained. What should be done with used cups? (Answer: C)",1.0,73,1773619445.6950514,2026-03-16T01:04:05.695053,0.7368142008781433,0.13284358382225037,mamba2-2.7b,2700000000,"Students studying membranes conducted an experiment using labeled paper cups filled with varying concentrations of red food coloring. After the experiment, the cups were empty and stained. What should be done with used cups? (Answer",1908,95
"Explain what this code does:
def function_24(x): return x * 2",1.3,128,1773619451.785872,2026-03-16T01:04:11.785874,0.532292902469635,0.17921659350395203,mamba2-2.7b,2700000000,Explain what this code does,1909,95
That's something I'll never forget.,1.0,128,1773619457.8725543,2026-03-16T01:04:17.872556,0.6888130903244019,0.16166941821575165,mamba2-2.7b,2700000000,,1910,95
What characteristic of DNA results in cell differentiation in developing embryos? (Answer: C),0.7,128,1773619463.9481044,2026-03-16T01:04:23.948106,0.7587639689445496,0.12201891094446182,mamba2-2.7b,2700000000,What characteristic of DNA results in cell differentiation in developing embryos? (Answer,1911,95
"Most professionals believe that race, ethnicity, and socioeconomic background do not affect the occurrence of autism.",0.7,128,1773619470.007934,2026-03-16T01:04:30.007936,0.7381799817085266,0.13954982161521912,mamba2-2.7b,2700000000,,1912,95
"Elections  In a 2020 study, Alabama was ranked as the 12th most difficult state for citizens to vote.",0.7,128,1773619476.0633948,2026-03-16T01:04:36.063396,0.9159218072891235,0.11409600079059601,mamba2-2.7b,2700000000,,1913,95
"Muslims have been increasing in Alabama, with 31 mosques built by 2011, many by African-American converts.",0.7,128,1773619482.1231885,2026-03-16T01:04:42.123190,0.7797428369522095,0.15827402472496033,mamba2-2.7b,2700000000,,1914,95
Their decrease in prevalence was the result of further judicial power and targeting and cataloging by state institutions.,1.3,128,1773619488.1840947,2026-03-16T01:04:48.184096,0.4737159013748169,0.17371971905231476,mamba2-2.7b,2700000000,,1915,95
"Despite African Americans making up a significant minority in the state, they had been unable to elect any representatives in most of the at-large jurisdictions.",1.0,128,1773619494.2356586,2026-03-16T01:04:54.235661,0.7503032684326172,0.13697102665901184,mamba2-2.7b,2700000000,,1916,95
"At the same time, many rural people migrated to the city of Birmingham to work in new industrial jobs.",1.0,128,1773619500.289844,2026-03-16T01:05:00.289846,0.777421236038208,0.1406223326921463,mamba2-2.7b,2700000000,,1917,95
As I was getting older the company all of a sudden started to seem younger and younger.,0.7,27,1773619501.5572865,2026-03-16T01:05:01.557288,0.6934067010879517,0.12370917201042175,mamba2-2.7b,2700000000,,1918,95
"""This is not Shakespeare's Midsummer,"" says Joffrey Ballet artistic director Ashley Wheater.",1.0,128,1773619507.613976,2026-03-16T01:05:07.613977,0.6939325332641602,0.17316944897174835,mamba2-2.7b,2700000000,,1919,95
"1892 ""Nutcracker"" costume sketch by Ivan Vsevolozhsky of the Sugar Plum Fairy's retinue.",1.0,128,1773619513.7647452,2026-03-16T01:05:13.764747,0.7606019973754883,0.17422932386398315,mamba2-2.7b,2700000000,,1920,96
"Explain what this code does:
def function_69(x): return x * 2",1.3,128,1773619519.821323,2026-03-16T01:05:19.821324,0.36712294816970825,0.20901498198509216,mamba2-2.7b,2700000000,Explain what this code does,1921,96
"Children with high-functioning autism have more intense and frequent loneliness compared to non-autistic peers, despite the common belief that autistic children prefer to be alone.",1.3,128,1773619525.8766792,2026-03-16T01:05:25.876681,0.5632683038711548,0.18293577432632446,mamba2-2.7b,2700000000,,1922,96
"By the 9th century, the Caroline script, which was very similar to the present-day form, was the principal form used in book-making, before the advent of the printing press.",1.0,23,1773619526.9591057,2026-03-16T01:05:26.959108,0.7393004298210144,0.140613853931427,mamba2-2.7b,2700000000,,1923,96
"Most professionals believe that race, ethnicity, and socioeconomic background do not affect the occurrence of autism.",1.0,128,1773619533.0207372,2026-03-16T01:05:33.020739,0.8104864358901978,0.12016880512237549,mamba2-2.7b,2700000000,,1924,96
"In 2010, per capita income for the state was $22,984.",0.7,128,1773619539.0836544,2026-03-16T01:05:39.083656,0.8003773093223572,0.14511260390281677,mamba2-2.7b,2700000000,,1925,96
An astronomer is studying two stars that are the same distance from Earth. Star X appears brighter than star Y. Which statement best explains this observation? (Answer: A),1.3,128,1773619545.1684084,2026-03-16T01:05:45.168410,0.4610484540462494,0.1865675151348114,mamba2-2.7b,2700000000,An astronomer is studying two stars that are the same distance from Earth. Star X appears brighter than star Y. Which statement best explains this observation? (Answer,1926,96
The presence of autism can make it harder to diagnose coexisting psychiatric disorders such as depression.,1.0,128,1773619551.2413433,2026-03-16T01:05:51.241345,0.7714159488677979,0.14225879311561584,mamba2-2.7b,2700000000,,1927,96
"Explain what this code does:
def function_46(x): return x * 2",1.0,128,1773619557.313406,2026-03-16T01:05:57.313407,0.8441879749298096,0.1329110860824585,mamba2-2.7b,2700000000,Explain what this code does,1928,96
The suffix -ism denotes the ideological current that favours anarchy.,0.7,128,1773619563.380775,2026-03-16T01:06:03.380777,0.7540797591209412,0.13929206132888794,mamba2-2.7b,2700000000,,1929,96
"During most of the year, the air over Boston, Massachusetts, contains a high amount of moisture. Which of the following best explains why there is a high amount of moisture in the air? (Answer: A)",1.3,128,1773619569.4506118,2026-03-16T01:06:09.450614,0.5782151222229004,0.21452046930789948,mamba2-2.7b,2700000000,"During most of the year, the air over Boston, Massachusetts, contains a high amount of moisture. Which of the following best explains why there is a high amount of moisture in the air? (Answer",1930,96
The Bay County Sheriff’s Office announced the arrest of a local man on charges he committed sexual battery on a child.,1.0,128,1773619575.5400906,2026-03-16T01:06:15.540092,0.7985339164733887,0.12551157176494598,mamba2-2.7b,2700000000,,1931,96
"Rail  For rail transport, Amtrak schedules the Crescent, a daily passenger train, running from New York to New Orleans with station stops at Anniston, Birmingham, and Tuscaloosa.",0.7,125,1773619581.5000083,2026-03-16T01:06:21.500010,0.8555716872215271,0.1356072872877121,mamba2-2.7b,2700000000,,1932,96
"For tips on how to best train employees on cybersecurity practices, click here.",1.0,1,1773619581.547739,2026-03-16T01:06:21.547739,0.893391489982605,,mamba2-2.7b,2700000000,,1933,96
"Explain what this code does:
def function_44(x): return x * 2",1.0,128,1773619587.6180806,2026-03-16T01:06:27.618082,0.8157658576965332,0.13347986340522766,mamba2-2.7b,2700000000,Explain what this code does,1934,96
Giant redwood trees change energy from one form to another. How is energy changed by the trees? (Answer: B),0.7,128,1773619593.673729,2026-03-16T01:06:33.673731,0.8335871696472168,0.12634490430355072,mamba2-2.7b,2700000000,Giant redwood trees change energy from one form to another. How is energy changed by the trees? (Answer,1935,96
"Epilepsy, with variations in risk of epilepsy due to age, cognitive level, and type of language disorder.",1.3,128,1773619599.7277327,2026-03-16T01:06:39.727734,0.5251568555831909,0.239788219332695,mamba2-2.7b,2700000000,,1936,96
Such a dark surface is thought to be indicative of a primitive and heavily space weathered surface containing some organic compounds.,1.0,128,1773619605.7825348,2026-03-16T01:06:45.782537,0.6882736086845398,0.139139324426651,mamba2-2.7b,2700000000,,1937,96
"Clouds keep Earth cool by reflecting sunlight, but they can also serve as blankets to trap warmth.""",1.3,128,1773619611.8439975,2026-03-16T01:06:51.843999,0.475870817899704,0.2050519436597824,mamba2-2.7b,2700000000,,1938,96
"Also, the Black Belt region across central Alabama ""is home to largely poor counties that are predominantly African-American.",1.0,60,1773619614.6760693,2026-03-16T01:06:54.676071,0.7543433308601379,0.14776615798473358,mamba2-2.7b,2700000000,,1939,96
"Companies that fail to comply with GDPR will face a penalty of either 4% of their global revenue or €20 million, whichever is greater.",0.7,128,1773619620.8392198,2026-03-16T01:07:00.839222,0.907318115234375,0.1363973766565323,mamba2-2.7b,2700000000,,1940,97
Deeply shadowed cavities can achieve an effective albedo approaching the zero of a black body.,1.3,128,1773619626.9260216,2026-03-16T01:07:06.926024,0.417211651802063,0.18771152198314667,mamba2-2.7b,2700000000,,1941,97
"""An awful lot of companies may not think they have exposure to it, but there are lots of variables in that.""",1.0,128,1773619633.0057247,2026-03-16T01:07:13.005726,0.7530350685119629,0.14315994083881378,mamba2-2.7b,2700000000,,1942,97
This will be the fourth work by Ekman that The Joffrey has performed.,0.7,128,1773619639.0511608,2026-03-16T01:07:19.051162,0.7604405879974365,0.1662527173757553,mamba2-2.7b,2700000000,,1943,97
"Explain what this code does:
def function_62(x): return x * 2",1.3,42,1773619641.0216172,2026-03-16T01:07:21.021618,0.6866202354431152,0.17258672416210175,mamba2-2.7b,2700000000,Explain what this code does,1944,97
"Explain what this code does:
def function_88(x): return x * 2",1.0,128,1773619647.081182,2026-03-16T01:07:27.081184,0.7526451349258423,0.10110015422105789,mamba2-2.7b,2700000000,Explain what this code does,1945,97
"Some anarchists distanced themselves from this line of thinking, suggesting that it leaned towards an individualism that was dropping the cause of social liberation.",1.3,128,1773619653.139551,2026-03-16T01:07:33.139553,0.5761739611625671,0.17466819286346436,mamba2-2.7b,2700000000,,1946,97
"Now, however, they will have to provide the data within one month of receiving the request.",1.3,128,1773619659.1876075,2026-03-16T01:07:39.187609,0.6477844715118408,0.18679967522621155,mamba2-2.7b,2700000000,,1947,97
"Black residents effectively taxed themselves twice, by raising additional monies to supply matching funds for such schools, which were built in many rural areas.",1.3,18,1773619660.0348637,2026-03-16T01:07:40.034865,0.6204482913017273,0.09353417903184891,mamba2-2.7b,2700000000,,1948,97
"More than half of US children diagnosed with ASD are prescribed psychoactive drugs or anticonvulsants, with the most common drug classes being antidepressants, stimulants, and antipsychotics.",1.3,128,1773619666.1310563,2026-03-16T01:07:46.131058,0.3994232416152954,0.12460403889417648,mamba2-2.7b,2700000000,,1949,97
Autism rights or neurodiversity advocates believe that the autism spectrum is genetic and should be accepted as a natural expression of the human genome.,1.3,128,1773619672.2220335,2026-03-16T01:07:52.222035,0.5211586356163025,0.22351843118667603,mamba2-2.7b,2700000000,,1950,97
"The partnership is known for creatively intersecting design and dance; last summer they created a swimwear line based on Justin Peck costumes, and in November they presented their design-driven Nutcracker.",1.3,128,1773619678.3160274,2026-03-16T01:07:58.316029,0.5161948204040527,0.17959430813789368,mamba2-2.7b,2700000000,,1951,97
That was when McNeight called the BCSO to report the robbery.,0.7,128,1773619684.392072,2026-03-16T01:08:04.392074,0.8030340671539307,0.15536175668239594,mamba2-2.7b,2700000000,,1952,97
Education  Primary and secondary education  Public primary and secondary education in Alabama is under the purview of the Alabama State Board of Education as well as local oversight by 67 county school boards and 60 city boards of education.,1.0,128,1773619690.4684305,2026-03-16T01:08:10.468432,0.7406947612762451,0.13781008124351501,mamba2-2.7b,2700000000,,1953,97
The term albedo was introduced into optics by Johann Heinrich Lambert in his 1760 work Photometria.,0.7,128,1773619696.5383146,2026-03-16T01:08:16.538316,0.7982074022293091,0.1286972165107727,mamba2-2.7b,2700000000,,1954,97
Subscribe Also see,1.3,128,1773619702.5949407,2026-03-16T01:08:22.594942,0.35573530197143555,0.16999948024749756,mamba2-2.7b,2700000000,,1955,97
"Explain what this code does:
def function_45(x): return x * 2",1.0,128,1773619708.6589808,2026-03-16T01:08:28.658982,0.7375487089157104,0.10417523235082626,mamba2-2.7b,2700000000,Explain what this code does,1956,97
"As new genetic tests are developed several ethical, legal, and social issues will emerge.",1.0,128,1773619714.7479224,2026-03-16T01:08:34.747924,0.7177236080169678,0.15344640612602234,mamba2-2.7b,2700000000,,1957,97
Which statement best compares single-celled and multi-celled organisms? (Answer: C),1.0,128,1773619720.8260732,2026-03-16T01:08:40.826075,0.7505135536193848,0.16355326771736145,mamba2-2.7b,2700000000,Which statement best compares single-celled and multi-celled organisms? (Answer,1958,97
"The Hunt Refining Company, a subsidiary of Hunt Consolidated, Inc., is based in Tuscaloosa and operates a refinery there.",1.3,128,1773619726.907049,2026-03-16T01:08:46.907050,0.48124539852142334,0.22162897884845734,mamba2-2.7b,2700000000,,1959,97
"However, most of the Democratic sheriffs preside over rural and less populated counties.",1.0,128,1773619733.0768604,2026-03-16T01:08:53.076862,0.7470934987068176,0.14429672062397003,mamba2-2.7b,2700000000,,1960,98
Mutualism has been retrospectively characterised as ideologically situated between individualist and collectivist forms of anarchism.,1.0,128,1773619739.127887,2026-03-16T01:08:59.127889,0.7328168153762817,0.16313916444778442,mamba2-2.7b,2700000000,,1961,98
Masking may include making oneself perform normative facial expressions and eye contact.,1.0,128,1773619745.1777842,2026-03-16T01:09:05.177786,0.7234288454055786,0.15023566782474518,mamba2-2.7b,2700000000,,1962,98
"Mohl, Raymond A.",1.3,2,1773619745.271734,2026-03-16T01:09:05.271735,0.7637271881103516,0.22267946600914001,mamba2-2.7b,2700000000,,1963,98
"In the last decades of the 20th and into the 21st century, the anarchist movement has been resurgent once more.",1.3,128,1773619751.3332703,2026-03-16T01:09:11.333272,0.5255047082901001,0.17215172946453094,mamba2-2.7b,2700000000,,1964,98
"What is now the counties of Baldwin and Mobile became part of Spanish West Florida in 1783, part of the independent Republic of West Florida in 1810, and was finally added to the Mississippi Territory in 1812.",1.0,128,1773619757.434279,2026-03-16T01:09:17.434280,0.734411358833313,0.16336657106876373,mamba2-2.7b,2700000000,,1965,98
A -wide meteorite hit the area about 80 million years ago.,0.7,123,1773619763.277636,2026-03-16T01:09:23.277638,0.7827457189559937,0.14371289312839508,mamba2-2.7b,2700000000,,1966,98
"Explain what this code does:
def function_82(x): return x * 2",1.3,128,1773619769.3451672,2026-03-16T01:09:29.345169,0.5130511522293091,0.20338457822799683,mamba2-2.7b,2700000000,Explain what this code does,1967,98
"Organized insurgent, resistance groups tried to suppress the freedmen and Republicans.",1.3,128,1773619775.3989956,2026-03-16T01:09:35.398997,0.48505711555480957,0.20994697511196136,mamba2-2.7b,2700000000,,1968,98
Balanchine included Shiryaev's original choreography in his Nutcracker.,0.7,128,1773619781.4526281,2026-03-16T01:09:41.452630,0.7833355665206909,0.13987945020198822,mamba2-2.7b,2700000000,,1969,98
"The way these hacktivists work to develop and distribute resembles the anarchist ideals, especially when it comes to preserving users' privacy from state surveillance.",0.7,128,1773619787.5440645,2026-03-16T01:09:47.544066,0.7504643797874451,0.13237811625003815,mamba2-2.7b,2700000000,,1970,98
A study following the burning of the Kuwaiti oil fields during Iraqi occupation showed that temperatures under the burning oil fires were as much as  colder than temperatures several miles away under clear skies.,0.7,128,1773619793.6493788,2026-03-16T01:09:53.649380,0.7519587874412537,0.15797989070415497,mamba2-2.7b,2700000000,,1971,98
Some changes at the county level have occurred following court challenges to establish single-member districts that enable a more diverse representation among county boards.,1.0,128,1773619799.766003,2026-03-16T01:09:59.766005,0.7064670324325562,0.1508726179599762,mamba2-2.7b,2700000000,,1972,98
"Johnathon Johnson put McNeight in a choke hold, and they threatened McNeight with the tire iron, and took the money, his wallet, and his cell phone.",1.3,54,1773619802.338732,2026-03-16T01:10:02.338734,0.7432357668876648,0.1355552077293396,mamba2-2.7b,2700000000,,1973,98
Urban interests were consistently underrepresented in the legislature.,0.7,128,1773619808.4097567,2026-03-16T01:10:08.409758,0.7479358911514282,0.14789916574954987,mamba2-2.7b,2700000000,,1974,98
This can be especially overwhelming when you have a larger IT department and a staff working on numerous projects at once.,1.3,128,1773619814.482975,2026-03-16T01:10:14.482976,0.6827830076217651,0.1564718335866928,mamba2-2.7b,2700000000,,1975,98
"Explain what this code does:
def function_3(x): return x * 2",1.0,128,1773619820.5537844,2026-03-16T01:10:20.553787,0.7951513528823853,0.1349361687898636,mamba2-2.7b,2700000000,Explain what this code does,1976,98
"Sun Jie, a coach and men's teacher at BDA since 2008, explains how introducing works from Western choreographers has broadened the overall abilities of Chinese ballet dancers.",1.0,41,1773619822.4972756,2026-03-16T01:10:22.497277,0.8154796361923218,0.1627373844385147,mamba2-2.7b,2700000000,,1977,98
"Explain what this code does:
def function_89(x): return x * 2",1.0,128,1773619828.5879564,2026-03-16T01:10:28.587958,0.8409913778305054,0.11361800134181976,mamba2-2.7b,2700000000,Explain what this code does,1978,98
"Whiteside, on the other hand, imitates a unicorn, talks about preparing for roles and creates a new middle name for Boylston.",0.7,98,1773619833.264376,2026-03-16T01:10:33.264378,0.7379807233810425,0.16729362308979034,mamba2-2.7b,2700000000,,1979,98
"Its oldest city is Mobile, founded by French colonists in 1702 as the capital of French Louisiana.",1.3,128,1773619839.413336,2026-03-16T01:10:39.413338,0.5343851447105408,0.1979513317346573,mamba2-2.7b,2700000000,,1980,99
"The latter is commonly used in handwriting and fonts based on it, especially fonts intended to be read by children, and is also found in italic type.",1.0,128,1773619845.4956384,2026-03-16T01:10:45.495639,0.6979694366455078,0.17670683562755585,mamba2-2.7b,2700000000,,1981,99
"The rural-dominated Alabama legislature consistently underfunded schools and services for the disenfranchised African Americans, but it did not relieve them of paying taxes.",0.7,128,1773619851.5768857,2026-03-16T01:10:51.576887,0.7421472072601318,0.15367969870567322,mamba2-2.7b,2700000000,,1982,99
"Immigration from outside the U.S. resulted in a net increase of 31,180 people, and migration within the country produced a net gain of 73,811 people.",1.0,128,1773619857.6589184,2026-03-16T01:10:57.658920,0.7606180310249329,0.13746866583824158,mamba2-2.7b,2700000000,,1983,99
Pro tip: The heel is centered under the body so you can feel confident and stable!,1.0,128,1773619863.7236106,2026-03-16T01:11:03.723612,0.7163238525390625,0.14821070432662964,mamba2-2.7b,2700000000,Pro tip,1984,99
"The state had 108,000 foreign-born (2.4% of the state population), of which an estimated 22.2% were undocumented (24,000).",0.7,128,1773619869.7824194,2026-03-16T01:11:09.782421,0.8068718910217285,0.12974384427070618,mamba2-2.7b,2700000000,,1985,99
"Explain what this code does:
def function_35(x): return x * 2",0.7,128,1773619875.834251,2026-03-16T01:11:15.834253,0.8399471044540405,0.11773396283388138,mamba2-2.7b,2700000000,Explain what this code does,1986,99
"The uneven heating of Earth from albedo variations between land, ice, or ocean surfaces can drive weather.",0.7,128,1773619881.8832607,2026-03-16T01:11:21.883262,0.841140866279602,0.14942893385887146,mamba2-2.7b,2700000000,,1987,99
"Explain what this code does:
def function_91(x): return x * 2",1.3,19,1773619882.7767398,2026-03-16T01:11:22.776741,0.6504939198493958,0.15056613087654114,mamba2-2.7b,2700000000,Explain what this code does,1988,99
A study following the burning of the Kuwaiti oil fields during Iraqi occupation showed that temperatures under the burning oil fires were as much as  colder than temperatures several miles away under clear skies.,1.0,128,1773619888.834016,2026-03-16T01:11:28.834017,0.7124394178390503,0.13634413480758667,mamba2-2.7b,2700000000,,1989,99
"""This is not Shakespeare's Midsummer,"" says Joffrey Ballet artistic director Ashley Wheater.",0.7,128,1773619894.8852367,2026-03-16T01:11:34.885239,0.7694464921951294,0.15067757666110992,mamba2-2.7b,2700000000,,1990,99
"The two men entered the gas station after McNeight, one of them carrying a tire iron.",0.7,128,1773619900.960963,2026-03-16T01:11:40.960965,0.8058279752731323,0.1148993968963623,mamba2-2.7b,2700000000,,1991,99
"Students studying membranes conducted an experiment using labeled paper cups filled with varying concentrations of red food coloring. After the experiment, the cups were empty and stained. What should be done with used cups? (Answer: C)",1.3,128,1773619907.0619915,2026-03-16T01:11:47.061993,0.33811086416244507,0.18946895003318787,mamba2-2.7b,2700000000,"Students studying membranes conducted an experiment using labeled paper cups filled with varying concentrations of red food coloring. After the experiment, the cups were empty and stained. What should be done with used cups? (Answer",1992,99
"Sleep problems are associated with difficult behaviors and family stress, and are often a focus of clinical attention over and above the primary ASD diagnosis.",1.3,128,1773619913.1473217,2026-03-16T01:11:53.147323,0.47948670387268066,0.1877564787864685,mamba2-2.7b,2700000000,,1993,99
"If a new moon occurred on June 2, when will the next new moon occur? (Answer: A)",0.7,128,1773619919.236541,2026-03-16T01:11:59.236542,0.9072082042694092,0.10944021493196487,mamba2-2.7b,2700000000,"If a new moon occurred on June 2, when will the next new moon occur? (Answer",1994,99
"There are two intermediate appellate courts, the Court of Civil Appeals and the Court of Criminal Appeals, and four trial courts: the circuit court (trial court of general jurisdiction), and the district, probate, and municipal courts.",0.7,128,1773619925.3417065,2026-03-16T01:12:05.341708,0.8796959519386292,0.09210019558668137,mamba2-2.7b,2700000000,"There are two intermediate appellate courts, the Court of Civil Appeals and the Court of Criminal Appeals, and four trial courts",1995,99
"Epidemiology  As of 2007, reviews estimate a prevalence of 1–2 per 1,000 for autism and close to 6 per 1,000 for ASD.",1.3,128,1773619931.4368882,2026-03-16T01:12:11.436890,0.606109619140625,0.20001433789730072,mamba2-2.7b,2700000000,,1996,99
"Across the Country… In 1944, San Francisco Ballet founding artistic director Willam Christensen choreographed the U.S.'s first full-length Nutcracker.",0.7,26,1773619932.6618567,2026-03-16T01:12:12.661858,0.6641348600387573,0.11976513266563416,mamba2-2.7b,2700000000,,1997,99
"There are many anecdotal reports, but few systematic studies, of aggression and violence in individuals with ASD.",1.0,128,1773619938.7262723,2026-03-16T01:12:18.726274,0.7669987082481384,0.14937473833560944,mamba2-2.7b,2700000000,,1998,99
Black anarchism began to take form at this time and influenced anarchism's move from a Eurocentric demographic.,1.3,128,1773619944.8086138,2026-03-16T01:12:24.808615,0.6341626644134521,0.18328532576560974,mamba2-2.7b,2700000000,,1999,99
"That being the case, what do you do?",1.0,128,1773619950.9644983,2026-03-16T01:12:30.964500,0.7222055196762085,0.16538475453853607,mamba2-2.7b,2700000000,,2000,100
"Generally prohibited in the West at large, school corporal punishment is not unusual in Alabama, with 27,260 public school students paddled at least one time, according to government data for the 2011–2012 school year.",1.0,128,1773619957.0355484,2026-03-16T01:12:37.035550,0.7512404918670654,0.12552672624588013,mamba2-2.7b,2700000000,,2001,100
Deeply shadowed cavities can achieve an effective albedo approaching the zero of a black body.,1.0,128,1773619963.1196406,2026-03-16T01:12:43.119642,0.747549831867218,0.15521369874477386,mamba2-2.7b,2700000000,,2002,100
A toothpaste commercial states that a brand of toothpaste has a higher concentration of fluoride than any other toothpaste available. The commercial is most likely inferring that the advertised toothpaste (Answer: C),1.0,68,1773619966.3551729,2026-03-16T01:12:46.355174,0.7524560689926147,0.13001148402690887,mamba2-2.7b,2700000000,A toothpaste commercial states that a brand of toothpaste has a higher concentration of fluoride than any other toothpaste available. The commercial is most likely inferring that the advertised toothpaste (Answer,2003,100
Which statement best compares single-celled and multi-celled organisms? (Answer: C),0.7,128,1773619972.447413,2026-03-16T01:12:52.447414,0.8454282879829407,0.14281636476516724,mamba2-2.7b,2700000000,Which statement best compares single-celled and multi-celled organisms? (Answer,2004,100
"Overall, contemporary anarchists are much less violent and militant than their ideological ancestors.",1.3,128,1773619978.536038,2026-03-16T01:12:58.536039,0.5773007869720459,0.20988990366458893,mamba2-2.7b,2700000000,,2005,100
It has been proposed to classify autism using genetics as well as behavior.,1.0,84,1773619982.5288622,2026-03-16T01:13:02.528864,0.688896119594574,0.16524073481559753,mamba2-2.7b,2700000000,,2006,100
Some changes at the county level have occurred following court challenges to establish single-member districts that enable a more diverse representation among county boards.,1.3,128,1773619988.616172,2026-03-16T01:13:08.616174,0.5366659760475159,0.20789866149425507,mamba2-2.7b,2700000000,,2007,100
"Explain what this code does:
def function_85(x): return x * 2",0.7,128,1773619994.6861296,2026-03-16T01:13:14.686132,0.8155985474586487,0.1149936094880104,mamba2-2.7b,2700000000,Explain what this code does,2008,100
"New engine technology has helped cars get more mileage per gallon of gas. Since gasoline comes from oil, this technology will affect the world supply of oil by (Answer: D)",1.3,128,1773620000.7594597,2026-03-16T01:13:20.759461,0.5361534953117371,0.21266211569309235,mamba2-2.7b,2700000000,"New engine technology has helped cars get more mileage per gallon of gas. Since gasoline comes from oil, this technology will affect the world supply of oil by (Answer",2009,100
Click here to subscribe to the TechRepublic Cybersecurity Insider newsletter.,0.7,128,1773620006.8369422,2026-03-16T01:13:26.836944,0.7895309329032898,0.1522572785615921,mamba2-2.7b,2700000000,,2010,100
The school closed after constant harassment by the state and Ferrer was later arrested.,0.7,128,1773620012.9284754,2026-03-16T01:13:32.928477,0.8786925673484802,0.17229925096035004,mamba2-2.7b,2700000000,,2011,100
The use of state names derived from Native American languages is common in the U.S.; an estimated 27 states have names of Native American origin.,1.0,71,1773620016.2996795,2026-03-16T01:13:36.299682,0.758821964263916,0.16158443689346313,mamba2-2.7b,2700000000,,2012,100
Two elements in the same group on the Periodic Table of the Elements are most similar in their (Answer: D),0.7,128,1773620022.385216,2026-03-16T01:13:42.385218,0.7906543016433716,0.1434793621301651,mamba2-2.7b,2700000000,Two elements in the same group on the Periodic Table of the Elements are most similar in their (Answer,2013,100
"The average albedo of the Earth from the upper atmosphere, its planetary albedo, is 30–35% because of cloud cover, but widely varies locally across the surface because of different geological and environmental features.",1.0,128,1773620028.4851866,2026-03-16T01:13:48.485188,0.7487565279006958,0.14414842426776886,mamba2-2.7b,2700000000,,2014,100
"Albedo in Astronomy  In astronomy, the term albedo can be defined in several different ways, depending upon the application and the wavelength of electromagnetic radiation involved.",0.7,128,1773620034.5487895,2026-03-16T01:13:54.548791,0.8698175549507141,0.11156927049160004,mamba2-2.7b,2700000000,,2015,100
"Across the Country… In 1944, San Francisco Ballet founding artistic director Willam Christensen choreographed the U.S.'s first full-length Nutcracker.",1.3,128,1773620040.6287467,2026-03-16T01:14:00.628748,0.40725767612457275,0.19004859030246735,mamba2-2.7b,2700000000,,2016,100
Could some of us be out of a job?,0.7,128,1773620046.7315493,2026-03-16T01:14:06.731551,0.7442049980163574,0.14858926832675934,mamba2-2.7b,2700000000,,2017,100
"According to an article, failure to meet any of the following milestones ""is an absolute indication to proceed with further evaluations.",1.3,128,1773620052.8183854,2026-03-16T01:14:12.818387,0.5005450248718262,0.2206479161977768,mamba2-2.7b,2700000000,,2018,100
"Given the long history of slavery and associated racial segregation, the Native American peoples, who have sometimes been of mixed race, have insisted on having their cultural identification respected.",1.3,128,1773620058.9044142,2026-03-16T01:14:18.904416,0.5454229116439819,0.1902993619441986,mamba2-2.7b,2700000000,,2019,100
That's something I'll never forget.,1.3,128,1773620065.0646784,2026-03-16T01:14:25.064680,0.4352065920829773,0.17285208404064178,mamba2-2.7b,2700000000,,2020,101
"Explain what this code does:
def function_34(x): return x * 2",0.7,128,1773620071.1643853,2026-03-16T01:14:31.164387,0.8795718550682068,0.10601315647363663,mamba2-2.7b,2700000000,Explain what this code does,2021,101
"Explain what this code does:
def function_21(x): return x * 2",0.7,128,1773620077.265829,2026-03-16T01:14:37.265831,0.8997498750686646,0.11706843227148056,mamba2-2.7b,2700000000,Explain what this code does,2022,101
"Elections  In a 2020 study, Alabama was ranked as the 12th most difficult state for citizens to vote.",1.3,128,1773620083.3603349,2026-03-16T01:14:43.360337,0.3913482427597046,0.15341994166374207,mamba2-2.7b,2700000000,,2023,101
Which would a scientist use in trying to model the cause of planetary years? (Answer: D),1.3,51,1773620085.7697508,2026-03-16T01:14:45.769752,0.45701414346694946,0.2114846110343933,mamba2-2.7b,2700000000,Which would a scientist use in trying to model the cause of planetary years? (Answer,2024,101
"Hatchling sea turtles are typically dark in color. Occasionally, a sea turtle hatches that is almost white in color. When crawling from the nest on the beach to the ocean, this light-colored sea turtle could be at risk for sunburn. The light color of the turtles would most likely (Answer: C)",1.3,28,1773620087.1039188,2026-03-16T01:14:47.103920,0.7731271982192993,0.12560486793518066,mamba2-2.7b,2700000000,"Hatchling sea turtles are typically dark in color. Occasionally, a sea turtle hatches that is almost white in color. When crawling from the nest on the beach to the ocean, this light-colored sea turtle could be at risk for sunburn. The light color of the turtles would most likely (Answer",2025,101
"Explain what this code does:
def function_57(x): return x * 2",0.7,102,1773620091.94325,2026-03-16T01:14:51.943252,0.8110185265541077,0.10346761345863342,mamba2-2.7b,2700000000,Explain what this code does,2026,101
"Critics argue that Alabama's constitution maintains highly centralized power with the state legislature, leaving practically no power in local hands.",0.7,128,1773620098.0231144,2026-03-16T01:14:58.023116,0.9741435050964355,0.08580867946147919,mamba2-2.7b,2700000000,,2027,101
The former sought to create a coherent group that would push for revolution while the latter were against anything that would resemble a political party.,1.3,128,1773620104.1033254,2026-03-16T01:15:04.103327,0.5904490947723389,0.16522721946239471,mamba2-2.7b,2700000000,,2028,101
"""People often have Post-it notes on monitors with passwords on them.""",1.3,10,1773620104.5726662,2026-03-16T01:15:04.572668,0.731674313545227,0.24821247160434723,mamba2-2.7b,2700000000,,2029,101
"Explain what this code does:
def function_19(x): return x * 2",1.3,128,1773620110.6778412,2026-03-16T01:15:10.677843,0.5106829404830933,0.23098786175251007,mamba2-2.7b,2700000000,Explain what this code does,2030,101
"Franklin wants to know how fast he runs different distances. He uses a stopwatch to measure the time it takes him to complete a 50-meter, 100-meter, and 200-meter race. How can he calculate his speed for each race? (Answer: B)",1.3,128,1773620116.7761261,2026-03-16T01:15:16.776128,0.3857550024986267,0.18045517802238464,mamba2-2.7b,2700000000,"Franklin wants to know how fast he runs different distances. He uses a stopwatch to measure the time it takes him to complete a 50-meter, 100-meter, and 200-meter race. How can he calculate his speed for each race? (Answer",2031,101
It has been proposed to classify autism using genetics as well as behavior.,0.7,128,1773620122.8555179,2026-03-16T01:15:22.855520,0.7605012655258179,0.13844315707683563,mamba2-2.7b,2700000000,,2032,101
"Now click on the Repositories entry in the left navigation, click the Create button, give the repository a name, and click Submit.",1.3,128,1773620128.9567602,2026-03-16T01:15:28.956762,0.48252806067466736,0.18350328505039215,mamba2-2.7b,2700000000,,2033,101
"If successful, the XR1 chip could improve technologies found in modern smart glasses, and make VR and AR more affordable to get into for smaller companies.",1.0,128,1773620135.0466325,2026-03-16T01:15:35.046634,0.7535765171051025,0.15904225409030914,mamba2-2.7b,2700000000,,2034,101
"Law and government  State government  The foundational document for Alabama's government is the Alabama Constitution, which was ratified in 1901.",1.3,128,1773620141.1215248,2026-03-16T01:15:41.121526,0.47625675797462463,0.18543416261672974,mamba2-2.7b,2700000000,,2035,101
"Nonetheless, his ideas formed the inspiration for a series of modern schools around the world.",1.3,128,1773620147.2083006,2026-03-16T01:15:47.208302,0.4629897475242615,0.1965278536081314,mamba2-2.7b,2700000000,,2036,101
An old T-shirt can be ripped into smaller pieces and used as rags. An empty milk jug can be used to water houseplants. Both of these are examples of how (Answer: D),0.7,12,1773620147.775896,2026-03-16T01:15:47.775898,0.7465410232543945,0.13923417031764984,mamba2-2.7b,2700000000,An old T-shirt can be ripped into smaller pieces and used as rags. An empty milk jug can be used to water houseplants. Both of these are examples of how (Answer,2037,101
Which of the following is an example of a physical change? (Answer: B),0.7,128,1773620153.8415432,2026-03-16T01:15:53.841545,0.8435940146446228,0.15445508062839508,mamba2-2.7b,2700000000,Which of the following is an example of a physical change? (Answer,2038,101
"Civil War and Reconstruction  By 1860, the population had increased to 964,201 people, of which nearly half, 435,080, were enslaved African Americans, and 2,690 were free people of color.",1.3,128,1773620159.917284,2026-03-16T01:15:59.917286,0.5449049472808838,0.19190183281898499,mamba2-2.7b,2700000000,,2039,101
"Diagnosis Diagnosis is based on behavior, not cause or mechanism.",1.0,128,1773620166.0874984,2026-03-16T01:16:06.087500,0.7713809609413147,0.1557159423828125,mamba2-2.7b,2700000000,,2040,102
It is diagnosed four to five times more often in males than females.,1.3,128,1773620172.1627624,2026-03-16T01:16:12.162764,0.5357149839401245,0.20565207302570343,mamba2-2.7b,2700000000,,2041,102
It was a notable feature of the international syndicalism movement.,1.0,128,1773620178.242696,2026-03-16T01:16:18.242697,0.6893882751464844,0.14979508519172668,mamba2-2.7b,2700000000,,2042,102
The notion of free love was much broader and included a critique of the established order that limited women's sexual freedom and pleasure.,1.3,128,1773620184.324207,2026-03-16T01:16:24.324209,0.5328508615493774,0.2039395421743393,mamba2-2.7b,2700000000,,2043,102
Alabama was under military rule from the end of the war in May 1865 until its official restoration to the Union in 1868.,1.0,128,1773620190.40529,2026-03-16T01:16:30.405293,0.741408109664917,0.13813939690589905,mamba2-2.7b,2700000000,,2044,102
"Stage Time Performance is the most important aspect of BDA students' professional development, with annual productions featuring classical ballets, contemporary works and student choreography.",1.3,128,1773620196.4936976,2026-03-16T01:16:36.493699,0.5437706708908081,0.22545409202575684,mamba2-2.7b,2700000000,,2045,102
"Explain what this code does:
def function_15(x): return x * 2",1.3,128,1773620202.5745025,2026-03-16T01:16:42.574504,0.42366480827331543,0.18059995770454407,mamba2-2.7b,2700000000,Explain what this code does,2046,102
"About three-fifths of the land area is part of the Gulf Coastal Plain, a gentle plain with a general descent towards the Mississippi River and the Gulf of Mexico.",1.0,128,1773620208.6569548,2026-03-16T01:16:48.656956,0.7366748452186584,0.14372794330120087,mamba2-2.7b,2700000000,,2047,102
"Offered in two different styles and either 2.5"" or 3"" heels, top industry professionals are loving how versatile and supportive these shoes are!",0.7,27,1773620209.9312952,2026-03-16T01:16:49.931297,0.6987559199333191,0.15567636489868164,mamba2-2.7b,2700000000,,2048,102
"In May 2007, German steelmaker ThyssenKrupp selected Calvert in Mobile County for a 4.65billion combined stainless and carbon steel processing facility.",0.7,128,1773620216.038422,2026-03-16T01:16:56.038424,0.7729369401931763,0.13575059175491333,mamba2-2.7b,2700000000,,2049,102
"History  The earliest certain ancestor of ""A"" is aleph (also written 'aleph), the first letter of the Phoenician alphabet, which consisted entirely of consonants (for that reason, it is also called an abjad to distinguish it from a true alphabet).",1.3,128,1773620222.1450005,2026-03-16T01:17:02.145002,0.3982272148132324,0.19113515317440033,mamba2-2.7b,2700000000,,2050,102
"Between run-throughs, each fastidiously practices difficult sections, never satisfied with the results.",0.7,128,1773620228.236156,2026-03-16T01:17:08.236157,0.6797422170639038,0.15314874053001404,mamba2-2.7b,2700000000,,2051,102
Alabama: The History of a Deep South State (1994).,0.7,128,1773620234.3274686,2026-03-16T01:17:14.327470,0.7766857147216797,0.1837548464536667,mamba2-2.7b,2700000000,Alabama,2052,102
It is diagnosed four to five times more often in males than females.,1.0,128,1773620240.4068792,2026-03-16T01:17:20.406881,0.6593987941741943,0.17553584277629852,mamba2-2.7b,2700000000,,2053,102
"A ""widow's peak"" hairline in humans is coded by the dominant allele W. A straight hairline is coded by the recessive allele w. A man with a homozygous dominant WW produces a zygote with a woman with a heterozygous dominant Ww for the trait. Which allele combinations could occur in the zygote? (Answer: B)",0.7,128,1773620246.5138338,2026-03-16T01:17:26.513835,0.9846506714820862,0.060828451067209244,mamba2-2.7b,2700000000,"A ""widow's peak"" hairline in humans is coded by the dominant allele W. A straight hairline is coded by the recessive allele w. A man with a homozygous dominant WW produces a zygote with a woman with a heterozygous dominant Ww for the trait. Which allele combinations could occur in the zygote? (Answer",2054,102
Click here to subscribe to the TechRepublic Cybersecurity Insider newsletter.,1.3,1,1773620246.5614057,2026-03-16T01:17:26.561406,0.7519951462745667,,mamba2-2.7b,2700000000,,2055,102
The northern part—along the Tennessee River Valley—is most vulnerable.,1.0,30,1773620247.9798758,2026-03-16T01:17:27.979877,0.779102087020874,0.1614418923854828,mamba2-2.7b,2700000000,,2056,102
Pro tip: The heel is centered under the body so you can feel confident and stable!,0.7,128,1773620254.076103,2026-03-16T01:17:34.076104,0.8119751811027527,0.14605849981307983,mamba2-2.7b,2700000000,Pro tip,2057,102
"The state had 108,000 foreign-born (2.4% of the state population), of which an estimated 22.2% were undocumented (24,000).",1.0,128,1773620260.1663566,2026-03-16T01:17:40.166358,0.7644939422607422,0.13668107986450195,mamba2-2.7b,2700000000,,2058,102
"Civil War and Reconstruction  By 1860, the population had increased to 964,201 people, of which nearly half, 435,080, were enslaved African Americans, and 2,690 were free people of color.",1.0,128,1773620266.257246,2026-03-16T01:17:46.257248,0.754841148853302,0.1377532184123993,mamba2-2.7b,2700000000,,2059,102
Alabama: The History of a Deep South State (1994).,1.0,128,1773620272.4056282,2026-03-16T01:17:52.405630,0.7085676789283752,0.14782489836215973,mamba2-2.7b,2700000000,Alabama,2060,103
"I wanted to be someone that the young dancers could look up to; I wanted to reach out and connect to them more, and to offer support and advice.",0.7,54,1773620274.9631155,2026-03-16T01:17:54.963117,0.75482177734375,0.09120858460664749,mamba2-2.7b,2700000000,,2061,103
"Beyond the specific factions of anarchist movements which constitute political anarchism lies philosophical anarchism which holds that the state lacks moral legitimacy, without necessarily accepting the imperative of revolution to eliminate it.",1.0,128,1773620281.0442164,2026-03-16T01:18:01.044218,0.7228913307189941,0.13164734840393066,mamba2-2.7b,2700000000,,2062,103
NYCB's Brittany Pollack and Chase Finlay in the grand pas de deux toe slide.,1.0,128,1773620287.114833,2026-03-16T01:18:07.114835,0.7857792377471924,0.2059473842382431,mamba2-2.7b,2700000000,,2063,103
A Literary History of Alabama: The Nineteenth Century (1979).,0.7,128,1773620293.1715155,2026-03-16T01:18:13.171517,0.8044309616088867,0.15190847218036652,mamba2-2.7b,2700000000,A Literary History of Alabama,2064,103
The Marxist criticism of anarchism is that it has a utopian character because all individuals should have anarchist views and values.,0.7,128,1773620299.2215478,2026-03-16T01:18:19.221549,0.8337917923927307,0.15945106744766235,mamba2-2.7b,2700000000,,2065,103
"After both of the above commands, you'll be prompted to type (and confirm) a password.",1.3,128,1773620305.2689588,2026-03-16T01:18:25.268960,0.4174778461456299,0.19720889627933502,mamba2-2.7b,2700000000,,2066,103
Mutualism has been retrospectively characterised as ideologically situated between individualist and collectivist forms of anarchism.,0.7,128,1773620311.3360202,2026-03-16T01:18:31.336022,0.7742830514907837,0.16651059687137604,mamba2-2.7b,2700000000,,2067,103
"Many individuals with ASD show superior skills in perception and attention, relative to the general population.",1.0,128,1773620317.3967698,2026-03-16T01:18:37.396771,0.7897276878356934,0.1349678933620453,mamba2-2.7b,2700000000,,2068,103
"Societal and cultural aspects of autism have developed: some in the community seek a cure, while others believe that autism is simply another way of being.",0.7,128,1773620323.471753,2026-03-16T01:18:43.471754,0.8434946537017822,0.1578928679227829,mamba2-2.7b,2700000000,Societal and cultural aspects of autism have developed,2069,103
BDRF can facilitate translations of observations of reflectance into albedo.,0.7,112,1773620328.7903924,2026-03-16T01:18:48.790394,0.7608398199081421,0.15468791127204895,mamba2-2.7b,2700000000,,2070,103
"Redmonk, in its latest Q1 2018 survey, says Java is the second-most popular language after JavaScript among developers.",1.3,128,1773620334.853238,2026-03-16T01:18:54.853239,0.5756216049194336,0.2095574140548706,mamba2-2.7b,2700000000,,2071,103
Where is the biological magnification of pollutants most likely to be the greatest? (Answer: A),1.3,128,1773620340.8947773,2026-03-16T01:19:00.894779,0.5551042556762695,0.21411681175231934,mamba2-2.7b,2700000000,Where is the biological magnification of pollutants most likely to be the greatest? (Answer,2072,103
"Explain what this code does:
def function_93(x): return x * 2",0.7,128,1773620346.9683726,2026-03-16T01:19:06.968374,0.802925705909729,0.10495016723871231,mamba2-2.7b,2700000000,Explain what this code does,2073,103
"Photo by Frederick Melton, Courtesy Dance Magazine Archives.",1.3,128,1773620353.031368,2026-03-16T01:19:13.031370,0.40732455253601074,0.18562492728233337,mamba2-2.7b,2700000000,,2074,103
"Alabama's highest temperature of  was recorded on September 5, 1925, in the unincorporated community of Centerville.",1.3,128,1773620359.117801,2026-03-16T01:19:19.117803,0.4846128821372986,0.24952615797519684,mamba2-2.7b,2700000000,,2075,103
Later immigrants in the nineteenth and twentieth centuries tended to be Ashkenazi Jews from eastern Europe.,1.3,128,1773620365.184769,2026-03-16T01:19:25.184771,0.520100474357605,0.22713077068328857,mamba2-2.7b,2700000000,,2076,103
How many times does Earth rotate on its axis in one day? (Answer: A),1.0,128,1773620371.2459528,2026-03-16T01:19:31.245954,0.7078326940536499,0.13425223529338837,mamba2-2.7b,2700000000,How many times does Earth rotate on its axis in one day? (Answer,2077,103
"This spring, The Joffrey Ballet will present the North American premiere of Alexander Ekman's Midsummer Night's Dream.",0.7,128,1773620377.313114,2026-03-16T01:19:37.313115,0.7447537183761597,0.16141854226589203,mamba2-2.7b,2700000000,,2078,103
The notion of free love was much broader and included a critique of the established order that limited women's sexual freedom and pleasure.,1.0,128,1773620383.3799403,2026-03-16T01:19:43.379943,0.6989700794219971,0.15912948548793793,mamba2-2.7b,2700000000,,2079,103
"This week marks the world premiere of Frame by Frame, The National Ballet of Canada's new full length ballet based on the life and work of innovative filmmaker Norman McLaren.",0.7,128,1773620389.5434651,2026-03-16T01:19:49.543467,0.7937628030776978,0.12114914506673813,mamba2-2.7b,2700000000,,2080,104
Which of the following is a trait that a dog does NOT inherit from its parents? (Answer: C),0.7,128,1773620395.5979867,2026-03-16T01:19:55.597989,0.864376962184906,0.1444612741470337,mamba2-2.7b,2700000000,Which of the following is a trait that a dog does NOT inherit from its parents? (Answer,2081,104
"Construction of an Airbus A320 family aircraft assembly plant in Mobile was formally announced by Airbus CEO Fabrice Brégier from the Mobile Convention Center on July 2, 2012.",1.0,128,1773620401.6571124,2026-03-16T01:20:01.657114,0.7563185691833496,0.16514645516872406,mamba2-2.7b,2700000000,,2082,104
"The scattering of radiation causes atmospheric cooling, whereas absorption can cause atmospheric warming.",1.3,128,1773620407.7051659,2026-03-16T01:20:07.705168,0.5466114282608032,0.22064538300037384,mamba2-2.7b,2700000000,,2083,104
"Explain what this code does:
def function_82(x): return x * 2",0.7,128,1773620413.7581267,2026-03-16T01:20:13.758128,0.9014405012130737,0.1029953733086586,mamba2-2.7b,2700000000,Explain what this code does,2084,104
South Alabama reports many thunderstorms.,0.7,128,1773620419.808044,2026-03-16T01:20:19.808045,0.8083059191703796,0.1659107208251953,mamba2-2.7b,2700000000,,2085,104
"Other aspects, such as atypical eating, are also common but are not essential for diagnosis.",1.0,128,1773620425.8966131,2026-03-16T01:20:25.896615,0.746687114238739,0.15906645357608795,mamba2-2.7b,2700000000,,2086,104
Medication Medications may be used to treat ASD symptoms that interfere with integrating a child into home or school when behavioral treatment fails.,1.3,128,1773620431.9735947,2026-03-16T01:20:31.973597,0.38829678297042847,0.1454242467880249,mamba2-2.7b,2700000000,,2087,104
"Many common hand tools create a mechanical advantage by using the basic principles found in simple machines. For example, a screwdriver uses the principles of the wheel and axle. In order to increase gripping force, pliers use the principle demonstrated in the (Answer: B)",1.3,128,1773620438.0407577,2026-03-16T01:20:38.040759,0.48589855432510376,0.20148955285549164,mamba2-2.7b,2700000000,"Many common hand tools create a mechanical advantage by using the basic principles found in simple machines. For example, a screwdriver uses the principles of the wheel and axle. In order to increase gripping force, pliers use the principle demonstrated in the (Answer",2088,104
"In living things, smaller substances are linked to make up larger substances. Which of the following correctly describes a larger substance made by linking smaller substances? (Answer: A)",1.0,128,1773620444.1085064,2026-03-16T01:20:44.108508,0.7859539985656738,0.1510184109210968,mamba2-2.7b,2700000000,"In living things, smaller substances are linked to make up larger substances. Which of the following correctly describes a larger substance made by linking smaller substances? (Answer",2089,104
"No single repetitive or self-injurious behavior seems to be specific to autism, but autism appears to have an elevated pattern of occurrence and severity of these behaviors.",1.0,119,1773620449.754915,2026-03-16T01:20:49.754917,0.7437859773635864,0.14262324571609497,mamba2-2.7b,2700000000,,2090,104
The appropriateness of including children with varying severity of autism spectrum disorders in the general education population is a subject of current debate among educators and researchers.,1.0,128,1773620455.8256123,2026-03-16T01:20:55.825614,0.7385022640228271,0.13923482596874237,mamba2-2.7b,2700000000,,2091,104
"During a search warrant on the two vehicles two printers, blank checks, cash, and a computer with check-making software were located and seized.",1.0,112,1773620461.1284857,2026-03-16T01:21:01.128487,0.7841179966926575,0.15207788348197937,mamba2-2.7b,2700000000,,2092,104
"A scientist put several different plants in a sealed container. Every hour, she checked the oxygen in the container to see if it changed. How did the oxygen in the container most likely change? (Answer: A)",1.0,128,1773620467.195534,2026-03-16T01:21:07.195536,0.8010334372520447,0.14364269375801086,mamba2-2.7b,2700000000,"A scientist put several different plants in a sealed container. Every hour, she checked the oxygen in the container to see if it changed. How did the oxygen in the container most likely change? (Answer",2093,104
"Explain what this code does:
def function_74(x): return x * 2",1.0,128,1773620473.273008,2026-03-16T01:21:13.273010,0.7729994654655457,0.12850148975849152,mamba2-2.7b,2700000000,Explain what this code does,2094,104
"Not only did they confront state armed forces, as in Spain and Ukraine, but some of them also employed terrorism as propaganda of the deed.",1.3,128,1773620479.3320107,2026-03-16T01:21:19.332012,0.5845357775688171,0.19771388173103333,mamba2-2.7b,2700000000,,2095,104
"Explain what this code does:
def function_56(x): return x * 2",0.7,120,1773620485.0238914,2026-03-16T01:21:25.023893,0.8810500502586365,0.11482714116573334,mamba2-2.7b,2700000000,Explain what this code does,2096,104
"They wrote another constitution in 1875, and the legislature passed the Blaine Amendment, prohibiting public money from being used to finance religious-affiliated schools.",0.7,128,1773620491.110512,2026-03-16T01:21:31.110513,0.7834709882736206,0.1361798495054245,mamba2-2.7b,2700000000,,2097,104
In general I would say the time that I've had onstage with some of my friends and dancing partners has been so special.,1.3,128,1773620497.2034037,2026-03-16T01:21:37.203405,0.46910351514816284,0.17864590883255005,mamba2-2.7b,2700000000,,2098,104
The dismemberment of the French socialist movement into many groups and the execution and exile of many Communards to penal colonies following the suppression of the Paris Commune favoured individualist political expression and acts.,0.7,128,1773620503.30264,2026-03-16T01:21:43.302641,0.7689065933227539,0.16674654185771942,mamba2-2.7b,2700000000,,2099,104
The dancers currently have little information about the search process and plans to move forward.,0.7,128,1773620509.461437,2026-03-16T01:21:49.461438,0.764484703540802,0.15606296062469482,mamba2-2.7b,2700000000,,2100,105
This coincided with its failure to gain traction in Northern Europe and its unprecedented height in Latin America.,1.0,128,1773620515.5158758,2026-03-16T01:21:55.515878,0.7072497606277466,0.14506204426288605,mamba2-2.7b,2700000000,,2101,105
"While medications have not been found to help with core symptoms, they may be used for associated symptoms, such as irritability, inattention, or repetitive behavior patterns.",0.7,128,1773620521.5701811,2026-03-16T01:22:01.570183,0.8086580038070679,0.12683653831481934,mamba2-2.7b,2700000000,,2102,105
"Explain what this code does:
def function_36(x): return x * 2",1.0,128,1773620527.6487806,2026-03-16T01:22:07.648782,0.7617209553718567,0.12385185807943344,mamba2-2.7b,2700000000,Explain what this code does,2103,105
"Interest in the anarchist movement developed alongside momentum in the anti-globalisation movement, whose leading activist networks were anarchist in orientation.",1.3,128,1773620533.7109883,2026-03-16T01:22:13.710990,0.4447476863861084,0.20212200284004211,mamba2-2.7b,2700000000,,2104,105
"However, it also contains the right to access any information that may be held by a company, including your employer.",0.7,128,1773620539.771618,2026-03-16T01:22:19.771619,0.7896533608436584,0.12448561936616898,mamba2-2.7b,2700000000,,2105,105
"Health In 2018, life expectancy in Alabama was 75.1 years, below the national average of 78.7 years and is the third lowest life expectancy in the country.",1.0,34,1773620541.3722413,2026-03-16T01:22:21.372243,0.8308383822441101,0.12705476582050323,mamba2-2.7b,2700000000,,2106,105
Figure A You can now go to Preferences and configure your installation of Trac.,1.0,128,1773620547.4344199,2026-03-16T01:22:27.434421,0.784604549407959,0.12478546798229218,mamba2-2.7b,2700000000,,2107,105
"Explain what this code does:
def function_95(x): return x * 2",1.0,128,1773620553.5175347,2026-03-16T01:22:33.517536,0.7339760661125183,0.1356593370437622,mamba2-2.7b,2700000000,Explain what this code does,2108,105
"In living things, smaller substances are linked to make up larger substances. Which of the following correctly describes a larger substance made by linking smaller substances? (Answer: A)",0.7,128,1773620559.6117024,2026-03-16T01:22:39.611704,0.9205208420753479,0.12827396392822266,mamba2-2.7b,2700000000,"In living things, smaller substances are linked to make up larger substances. Which of the following correctly describes a larger substance made by linking smaller substances? (Answer",2109,105
"Compulsive behaviors: Time-consuming behaviors intended to reduce the anxiety that an individual feels compelled to perform repeatedly or according to rigid rules, such as placing objects in a specific order, checking things, or handwashing.",1.0,128,1773620565.7112153,2026-03-16T01:22:45.711217,0.7649081945419312,0.1400613635778427,mamba2-2.7b,2700000000,Compulsive behaviors,2110,105
"The state ranges in elevation from sea level at Mobile Bay to more than  in the northeast, to Mount Cheaha at .",0.7,128,1773620571.8003626,2026-03-16T01:22:51.800364,0.8286834955215454,0.1436416357755661,mamba2-2.7b,2700000000,,2111,105
"About three-fifths of the land area is part of the Gulf Coastal Plain, a gentle plain with a general descent towards the Mississippi River and the Gulf of Mexico.",1.3,128,1773620577.8929782,2026-03-16T01:22:57.892980,0.43732351064682007,0.20107713341712952,mamba2-2.7b,2700000000,,2112,105
"They wrote another constitution in 1875, and the legislature passed the Blaine Amendment, prohibiting public money from being used to finance religious-affiliated schools.",1.3,128,1773620583.986846,2026-03-16T01:23:03.986848,0.4065132141113281,0.17501787841320038,mamba2-2.7b,2700000000,,2113,105
Which of these human activities does not contribute to the extinction of species? (Answer: C),1.0,1,1773620584.0342476,2026-03-16T01:23:04.034248,0.7026755213737488,,mamba2-2.7b,2700000000,Which of these human activities does not contribute to the extinction of species? (Answer,2114,105
It is used to define scattering of electromagnetic waves on small particles.,0.7,122,1773620589.8282924,2026-03-16T01:23:09.828294,0.7572434544563293,0.11866068840026855,mamba2-2.7b,2700000000,,2115,105
(A Birmingham city ordinance would have raised theirs to $10.10.),0.7,128,1773620595.907591,2026-03-16T01:23:15.907593,0.7665208578109741,0.14227452874183655,mamba2-2.7b,2700000000,,2116,105
"Other spellings of the name have included Alibamu, Alabamo, Albama, Alebamon, Alibama, Alibamou, Alabamu, Allibamou.",1.3,128,1773620601.9685845,2026-03-16T01:23:21.968587,0.4570547938346863,0.21626268327236176,mamba2-2.7b,2700000000,,2117,105
"Explain what this code does:
def function_81(x): return x * 2",0.7,128,1773620608.0237842,2026-03-16T01:23:28.023786,0.8323286771774292,0.1153968945145607,mamba2-2.7b,2700000000,Explain what this code does,2118,105
The authors concluded that a longer duration of the diet may be necessary to achieve the improvement of the ASD symptoms.,0.7,128,1773620614.0853212,2026-03-16T01:23:34.085323,0.7799566984176636,0.13199032843112946,mamba2-2.7b,2700000000,,2119,105
A plant that grows red flowers was crossed with the same kind of plant that grows white flowers. Their offspring grew pink flowers. Which best explains why the offspring grew pink flowers? (Answer: C),1.3,128,1773620620.2488706,2026-03-16T01:23:40.248872,0.3759874105453491,0.1887633204460144,mamba2-2.7b,2700000000,A plant that grows red flowers was crossed with the same kind of plant that grows white flowers. Their offspring grew pink flowers. Which best explains why the offspring grew pink flowers? (Answer,2120,106
How many times does Earth rotate on its axis in one day? (Answer: A),1.3,128,1773620626.2992463,2026-03-16T01:23:46.299248,0.4117458760738373,0.16988253593444824,mamba2-2.7b,2700000000,How many times does Earth rotate on its axis in one day? (Answer,2121,106
After almost 20 years there are countless things.,1.0,128,1773620632.356468,2026-03-16T01:23:52.356469,0.739976167678833,0.16383442282676697,mamba2-2.7b,2700000000,,2122,106
"I attempted to use the admin email/password I'd setup during the wizard, but that wouldn't work.",0.7,80,1773620636.140569,2026-03-16T01:23:56.140570,0.8088857531547546,0.12926191091537476,mamba2-2.7b,2700000000,,2123,106
Why are alternative fuels being used in some automobiles? (Answer: B),1.3,21,1773620637.1276276,2026-03-16T01:23:57.127631,0.7117235064506531,0.12629646062850952,mamba2-2.7b,2700000000,Why are alternative fuels being used in some automobiles? (Answer,2124,106
"The white male with them was identified as Charles Edward Sinard, age 39, a transient.",1.0,128,1773620643.196563,2026-03-16T01:24:03.196565,0.754780650138855,0.11774855107069016,mamba2-2.7b,2700000000,,2125,106
"Two students are asked to make a chart on the electromagnetic spectrum. Reading left to right, one student's chart shows the spectrum from gamma rays to radio waves, while the other student's chart shows the opposite. If the teacher says that both charts are correct, then (Answer: B)",1.0,128,1773620649.2746046,2026-03-16T01:24:09.274606,0.7706012725830078,0.13092242181301117,mamba2-2.7b,2700000000,"Two students are asked to make a chart on the electromagnetic spectrum. Reading left to right, one student's chart shows the spectrum from gamma rays to radio waves, while the other student's chart shows the opposite. If the teacher says that both charts are correct, then (Answer",2126,106
Greater Birmingham is Alabama's largest metropolitan area and its economic center.,1.0,126,1773620655.2753274,2026-03-16T01:24:15.275329,0.7473335266113281,0.13882175087928772,mamba2-2.7b,2700000000,,2127,106
Log out and log back in with your new credentials.,1.0,128,1773620661.3520682,2026-03-16T01:24:21.352070,0.7544214725494385,0.1668383628129959,mamba2-2.7b,2700000000,,2128,106
"In the southern Gulf coast, snowfall is less frequent, sometimes going several years without any snowfall.",1.0,128,1773620667.4451308,2026-03-16T01:24:27.445132,0.7415667176246643,0.1296229511499405,mamba2-2.7b,2700000000,,2129,106
"Unlike with autism, people with Asperger syndrome have no substantial delay in language development.",1.0,128,1773620673.542645,2026-03-16T01:24:33.542647,0.7882144451141357,0.1412743180990219,mamba2-2.7b,2700000000,,2130,106
Which land form is the result of the constructive force of a glacier? (Answer: B),1.3,128,1773620679.6487641,2026-03-16T01:24:39.648766,0.41125863790512085,0.2297416478395462,mamba2-2.7b,2700000000,Which land form is the result of the constructive force of a glacier? (Answer,2131,106
The Bay County Sheriff’s Office announced the arrest of a local man on charges he committed sexual battery on a child.,0.7,107,1773620684.7406402,2026-03-16T01:24:44.740642,0.8314780592918396,0.14917659759521484,mamba2-2.7b,2700000000,,2132,106
"But Petipa fell ill while choreographing The Nutcracker and handed his duties over to his assistant, Lev Ivanov.",0.7,128,1773620690.848806,2026-03-16T01:24:50.848807,0.7600858807563782,0.15518991649150848,mamba2-2.7b,2700000000,,2133,106
South Alabama reports many thunderstorms.,1.0,128,1773620696.9618185,2026-03-16T01:24:56.961820,0.683610200881958,0.15572282671928406,mamba2-2.7b,2700000000,,2134,106
Which geologic process most likely led to the uplifting of the Rocky Mountains? (Answer: C),0.7,128,1773620703.070431,2026-03-16T01:25:03.070433,0.9717389941215515,0.08347011357545853,mamba2-2.7b,2700000000,Which geologic process most likely led to the uplifting of the Rocky Mountains? (Answer,2135,106
Other anarchists advocated for or used art as a means to achieve anarchist ends.,1.3,128,1773620709.1324136,2026-03-16T01:25:09.132416,0.47806304693222046,0.18763455748558044,mamba2-2.7b,2700000000,,2136,106
"I wanted to be someone that the young dancers could look up to; I wanted to reach out and connect to them more, and to offer support and advice.",1.0,128,1773620715.1968374,2026-03-16T01:25:15.196839,0.7657826542854309,0.1447097808122635,mamba2-2.7b,2700000000,,2137,106
"Starbucks in hand, they discuss their mutual love of food (particularly pasta and Japanese curry), the story behind the Cindy nickname and what it's like picking up contemporary choreography versus classical.",0.7,1,1773620715.2442257,2026-03-16T01:25:15.244227,0.6670072674751282,,mamba2-2.7b,2700000000,,2138,106
Which would a scientist use in trying to model the cause of planetary years? (Answer: D),0.7,128,1773620721.3047428,2026-03-16T01:25:21.304744,0.7702723741531372,0.17554256319999695,mamba2-2.7b,2700000000,Which would a scientist use in trying to model the cause of planetary years? (Answer,2139,106
In general I would say the time that I've had onstage with some of my friends and dancing partners has been so special.,0.7,128,1773620727.4661405,2026-03-16T01:25:27.466142,0.752185046672821,0.12249147146940231,mamba2-2.7b,2700000000,,2140,107
"Explain what this code does:
def function_25(x): return x * 2",0.7,128,1773620733.5155346,2026-03-16T01:25:33.515536,0.8246800899505615,0.1264915019273758,mamba2-2.7b,2700000000,Explain what this code does,2141,107
Dumas even cheered up the name of the protagonist.,1.3,128,1773620739.563438,2026-03-16T01:25:39.563439,0.5462860465049744,0.2516881823539734,mamba2-2.7b,2700000000,,2142,107
"Albedo–temperature feedback When an area's albedo changes due to snowfall, a snow–temperature feedback results.",0.7,128,1773620745.6144989,2026-03-16T01:25:45.614500,0.8239202499389648,0.12604214251041412,mamba2-2.7b,2700000000,,2143,107
Black carbon is a bigger cause of the melting of the polar ice cap in the Arctic than carbon dioxide due to its effect on the albedo.,0.7,128,1773620751.664619,2026-03-16T01:25:51.664621,0.7922481298446655,0.14038492739200592,mamba2-2.7b,2700000000,,2144,107
"Since the mid- to late 20th century, however, white conservatives started shifting to the Republican Party.",1.3,128,1773620757.7264726,2026-03-16T01:25:57.726474,0.4475628733634949,0.20395316183567047,mamba2-2.7b,2700000000,,2145,107
"Photo by Paul Kolnik, Courtesy New York City Ballet.",1.3,128,1773620763.790933,2026-03-16T01:26:03.790935,0.40571677684783936,0.17952829599380493,mamba2-2.7b,2700000000,,2146,107
"In a studio rehearsal for La Bayadère, Act II, no understudies are present, and any imperfection is pointed out by one of four coaches at the front of the room.",0.7,98,1773620768.434863,2026-03-16T01:26:08.434865,0.7664262056350708,0.1678510159254074,mamba2-2.7b,2700000000,,2147,107
A Typical Day Students begin their days with an early 8 am technique class.,0.7,128,1773620774.4924102,2026-03-16T01:26:14.492413,0.6948362588882446,0.12432076036930084,mamba2-2.7b,2700000000,,2148,107
"After bitter disputes, the Bakuninists were expelled from the International by the Marxists at the 1872 Hague Congress.",1.0,128,1773620780.541845,2026-03-16T01:26:20.541847,0.7467586994171143,0.15887843072414398,mamba2-2.7b,2700000000,,2149,107
"The agrarian Mississippian culture covered most of the state from 1000 to 1600 CE, with one of its major centers built at what is now the Moundville Archaeological Site in Moundville, Alabama.",0.7,128,1773620786.616842,2026-03-16T01:26:26.616844,0.7448940277099609,0.15881019830703735,mamba2-2.7b,2700000000,,2150,107
The decision-making process of small anarchist affinity groups plays a significant tactical role.,0.7,128,1773620792.6780736,2026-03-16T01:26:32.678075,0.7256996631622314,0.1457957774400711,mamba2-2.7b,2700000000,,2151,107
"It has been established that vaccination is not a risk factor for autism and is not behind any increase in autism prevalence rates, if any change in the rate of autism exists at all.",1.0,128,1773620798.742696,2026-03-16T01:26:38.742698,0.756361722946167,0.14170779287815094,mamba2-2.7b,2700000000,,2152,107
"There was also a cursive style used for everyday or utilitarian writing, which was done on more perishable surfaces.",1.0,128,1773620804.809549,2026-03-16T01:26:44.809551,0.664101243019104,0.1602911502122879,mamba2-2.7b,2700000000,,2153,107
"The Goodyear Tire and Rubber Company operates a large plant in Gadsden which employs about 1,400 people.",0.7,128,1773620810.8757615,2026-03-16T01:26:50.875763,0.7959022521972656,0.1396867334842682,mamba2-2.7b,2700000000,,2154,107
"Now, however, they will have to provide the data within one month of receiving the request.",0.7,128,1773620816.9386234,2026-03-16T01:26:56.938625,0.7877795100212097,0.16284866631031036,mamba2-2.7b,2700000000,,2155,107
"Balletomanes felt the work to be uneven, and lamented the lack of a main ballerina in the first act.",1.3,128,1773620823.0256445,2026-03-16T01:27:03.025646,0.4345155656337738,0.16460004448890686,mamba2-2.7b,2700000000,,2156,107
These contributed to Congressional passage and enactment of the Civil Rights Act of 1964 and Voting Rights Act of 1965 by the U.S. Congress.,1.3,128,1773620829.1084335,2026-03-16T01:27:09.108435,0.48226261138916016,0.2129676640033722,mamba2-2.7b,2700000000,,2157,107
"In music, anarchism has been associated with music scenes such as punk.",1.0,128,1773620835.1937678,2026-03-16T01:27:15.193770,0.7403146028518677,0.15793496370315552,mamba2-2.7b,2700000000,,2158,107
"Once again, the final screen links wouldn't work.",1.3,128,1773620841.2691243,2026-03-16T01:27:21.269126,0.48415860533714294,0.18563975393772125,mamba2-2.7b,2700000000,,2159,107
In which taxonomic group are organisms found that share the characteristic of storing hereditary material in a single loop of DNA? (Answer: A),1.0,128,1773620847.428238,2026-03-16T01:27:27.428239,0.6752509474754333,0.20625969767570496,mamba2-2.7b,2700000000,In which taxonomic group are organisms found that share the characteristic of storing hereditary material in a single loop of DNA? (Answer,2160,108
"In one of 60 spacious dance studios at the Beijing Dance Academy, Pei Yu Meng practices a tricky step from Jorma Elo's Over Glow.",1.0,128,1773620853.4842126,2026-03-16T01:27:33.484214,0.7319511771202087,0.179687961935997,mamba2-2.7b,2700000000,,2161,108
"In 1861, the state seceded from the United States to become part of the Confederate States of America, with Montgomery acting as its first capital, and rejoined the Union in 1868.",0.7,128,1773620859.5765936,2026-03-16T01:27:39.576595,0.7754895687103271,0.1341211050748825,mamba2-2.7b,2700000000,,2162,108
"Even if you're a one-person shop consultancy, it can be easy to drown in a quagmire of projects.",1.0,30,1773620860.9947715,2026-03-16T01:27:40.994773,0.6971390247344971,0.13369524478912354,mamba2-2.7b,2700000000,,2163,108
"""An awful lot of companies may not think they have exposure to it, but there are lots of variables in that.""",0.7,107,1773620866.088809,2026-03-16T01:27:46.088811,0.8106639981269836,0.17197373509407043,mamba2-2.7b,2700000000,,2164,108
Which of following is a property shared by the elements in the carbon family? (Answer: D),0.7,128,1773620872.1534066,2026-03-16T01:27:52.153409,0.896310567855835,0.12712381780147552,mamba2-2.7b,2700000000,Which of following is a property shared by the elements in the carbon family? (Answer,2165,108
What do cells break down to produce energy? (Answer: A),1.3,128,1773620878.241642,2026-03-16T01:27:58.241644,0.45397645235061646,0.21737267076969147,mamba2-2.7b,2700000000,What do cells break down to produce energy? (Answer,2166,108
"The first community of adherents of the Baháʼí Faith in Alabama was founded in 1896 by Paul K. Dealy, who moved from Chicago to Fairhope.",1.0,128,1773620884.3608618,2026-03-16T01:28:04.360863,0.7617704272270203,0.14916914701461792,mamba2-2.7b,2700000000,,2167,108
Notes  The Talladega Superspeedway motorsports complex hosts a series of NASCAR events.,1.3,128,1773620890.4451675,2026-03-16T01:28:10.445169,0.463034451007843,0.24839170277118683,mamba2-2.7b,2700000000,,2168,108
A study following the burning of the Kuwaiti oil fields during Iraqi occupation showed that temperatures under the burning oil fires were as much as  colder than temperatures several miles away under clear skies.,1.3,128,1773620896.5237718,2026-03-16T01:28:16.523773,0.5096249580383301,0.18346014618873596,mamba2-2.7b,2700000000,,2169,108
"Explain what this code does:
def function_28(x): return x * 2",1.3,1,1773620896.5717409,2026-03-16T01:28:16.571742,0.8399817943572998,,mamba2-2.7b,2700000000,Explain what this code does,2170,108
"Explain what this code does:
def function_66(x): return x * 2",0.7,128,1773620902.6314857,2026-03-16T01:28:22.631487,0.8389025330543518,0.1183205097913742,mamba2-2.7b,2700000000,Explain what this code does,2171,108
"Hoffmann, a German writer, penned the eerie and dark tale ""Nutcracker and Mouse King"" in 1816.",1.0,128,1773620908.6961527,2026-03-16T01:28:28.696154,0.6981889009475708,0.1581047922372818,mamba2-2.7b,2700000000,,2172,108
Stars are organized into patterns called constellations. One constellation is named Leo. Which statement best explains why Leo appears in different areas of the sky throughout the year? (Answer: A),0.7,128,1773620914.76665,2026-03-16T01:28:34.766652,0.8894999027252197,0.11228752881288528,mamba2-2.7b,2700000000,Stars are organized into patterns called constellations. One constellation is named Leo. Which statement best explains why Leo appears in different areas of the sky throughout the year? (Answer,2173,108
"Civil War and Reconstruction  By 1860, the population had increased to 964,201 people, of which nearly half, 435,080, were enslaved African Americans, and 2,690 were free people of color.",0.7,128,1773620920.8642552,2026-03-16T01:28:40.864257,0.7701115608215332,0.139718160033226,mamba2-2.7b,2700000000,,2174,108
Various anarchist schools of thought formed during this period.,0.7,128,1773620926.958679,2026-03-16T01:28:46.958681,0.7664963006973267,0.14872956275939941,mamba2-2.7b,2700000000,,2175,108
Her undying passion for these pieces is incredibly inspiring.,0.7,128,1773620933.0497463,2026-03-16T01:28:53.049748,0.6568993926048279,0.1719846874475479,mamba2-2.7b,2700000000,,2176,108
This had caused decades of underinvestment in such areas.,1.3,128,1773620939.1509378,2026-03-16T01:28:59.150939,0.5153994560241699,0.19320853054523468,mamba2-2.7b,2700000000,,2177,108
The glint of light off water is a commonplace effect of this.,0.7,128,1773620945.244286,2026-03-16T01:29:05.244287,0.7669485807418823,0.1498873084783554,mamba2-2.7b,2700000000,,2178,108
"During the second half of the 20th century, anarchism intermingled with the second wave of feminism, radicalising some currents of the feminist movement and being influenced as well.",1.0,128,1773620951.3455958,2026-03-16T01:29:11.345598,0.7295089364051819,0.15025921165943146,mamba2-2.7b,2700000000,,2179,108
"Explain what this code does:
def function_97(x): return x * 2",1.3,128,1773620957.4958334,2026-03-16T01:29:17.495835,0.4533621668815613,0.2182248830795288,mamba2-2.7b,2700000000,Explain what this code does,2180,109
BDRF can facilitate translations of observations of reflectance into albedo.,1.3,128,1773620963.5429893,2026-03-16T01:29:23.542991,0.49924927949905396,0.20816011726856232,mamba2-2.7b,2700000000,,2181,109
"Explain what this code does:
def function_12(x): return x * 2",0.7,128,1773620969.5888395,2026-03-16T01:29:29.588842,0.8511645197868347,0.11920059472322464,mamba2-2.7b,2700000000,Explain what this code does,2182,109
"Cahaba, now a ghost town, was the first permanent state capital from 1820 to 1825.",1.3,128,1773620975.6389294,2026-03-16T01:29:35.638931,0.3504658043384552,0.14389538764953613,mamba2-2.7b,2700000000,,2183,109
"Explain what this code does:
def function_60(x): return x * 2",0.7,128,1773620981.7162082,2026-03-16T01:29:41.716210,0.92948979139328,0.0911576971411705,mamba2-2.7b,2700000000,Explain what this code does,2184,109
The city was moved to the current site of Mobile in 1711.,1.3,128,1773620987.797989,2026-03-16T01:29:47.797991,0.4160584807395935,0.14911648631095886,mamba2-2.7b,2700000000,,2185,109
"The area of Alabama and Mississippi most affected by tornadoes is sometimes referred to as Dixie Alley, as distinct from the Tornado Alley of the Southern Plains.",1.3,128,1773620993.8919234,2026-03-16T01:29:53.891926,0.35990428924560547,0.1599956601858139,mamba2-2.7b,2700000000,,2186,109
How is a moth's life cycle most different from an insect that goes through incomplete metamorphosis? (Answer: A),0.7,128,1773620999.9727867,2026-03-16T01:29:59.972788,0.7641373872756958,0.13198760151863098,mamba2-2.7b,2700000000,How is a moth's life cycle most different from an insect that goes through incomplete metamorphosis? (Answer,2187,109
"If Earth were frozen entirely (and hence be more reflective), the average temperature of the planet would drop below .",1.0,128,1773621006.0642073,2026-03-16T01:30:06.064209,0.7396724820137024,0.1451733261346817,mamba2-2.7b,2700000000,,2188,109
Autism rights or neurodiversity advocates believe that the autism spectrum is genetic and should be accepted as a natural expression of the human genome.,0.7,128,1773621012.151886,2026-03-16T01:30:12.151887,0.7932751774787903,0.13753031194210052,mamba2-2.7b,2700000000,,2189,109
"Although initially not forthcoming about the true circumstances surrounding the robbery, McNeight eventually told investigators how he got the money.",1.0,77,1773621015.8172767,2026-03-16T01:30:15.817278,0.7496792674064636,0.16121509671211243,mamba2-2.7b,2700000000,,2190,109
"Data processing policies Companies need to do data process flow mapping to see what data is being collected, how it's being processed, and who is receiving processed copies, Rickard said.",1.3,24,1773621016.953214,2026-03-16T01:30:16.953216,0.7039729952812195,0.13832888007164001,mamba2-2.7b,2700000000,,2191,109
"Children with high-functioning autism have more intense and frequent loneliness compared to non-autistic peers, despite the common belief that autistic children prefer to be alone.",0.7,128,1773621023.0498967,2026-03-16T01:30:23.049898,0.801150918006897,0.132062166929245,mamba2-2.7b,2700000000,,2192,109
"Explain what this code does:
def function_92(x): return x * 2",0.7,128,1773621029.1484432,2026-03-16T01:30:29.148445,0.864926278591156,0.11426694691181183,mamba2-2.7b,2700000000,Explain what this code does,2193,109
Which of the following is an observation about grasshoppers that a science class could have made on their nature walk? (Answer: B),0.7,1,1773621029.1957848,2026-03-16T01:30:29.195785,0.8280090689659119,,mamba2-2.7b,2700000000,Which of the following is an observation about grasshoppers that a science class could have made on their nature walk? (Answer,2194,109
"Explain what this code does:
def function_71(x): return x * 2",1.3,128,1773621035.2887676,2026-03-16T01:30:35.288769,0.5011476874351501,0.19509555399417877,mamba2-2.7b,2700000000,Explain what this code does,2195,109
Education  Primary and secondary education  Public primary and secondary education in Alabama is under the purview of the Alabama State Board of Education as well as local oversight by 67 county school boards and 60 city boards of education.,1.3,128,1773621041.3935208,2026-03-16T01:30:41.393522,0.49149051308631897,0.15984389185905457,mamba2-2.7b,2700000000,,2196,109
"Also, the Barber Motorsports Park has hosted IndyCar Series and Rolex Sports Car Series races.",1.3,128,1773621047.4616566,2026-03-16T01:30:47.461658,0.6652871966362,0.1853145807981491,mamba2-2.7b,2700000000,,2197,109
"On Earth, water can be a solid, a liquid, or a gas. Which energy source has the greatest influence on the state of matter of water? (Answer: A)",1.0,128,1773621053.5396607,2026-03-16T01:30:53.539662,0.6827992796897888,0.17725715041160583,mamba2-2.7b,2700000000,"On Earth, water can be a solid, a liquid, or a gas. Which energy source has the greatest influence on the state of matter of water? (Answer",2198,109
"Explain what this code does:
def function_99(x): return x * 2",1.3,66,1773621056.6561513,2026-03-16T01:30:56.656153,0.768015444278717,0.14981374144554138,mamba2-2.7b,2700000000,Explain what this code does,2199,109
Which property of a mineral can be determined just by looking at it? (Answer: A),0.7,128,1773621062.8365142,2026-03-16T01:31:02.836516,0.8680327534675598,0.15957330167293549,mamba2-2.7b,2700000000,Which property of a mineral can be determined just by looking at it? (Answer,2200,110
"Explain what this code does:
def function_72(x): return x * 2",0.7,128,1773621068.889436,2026-03-16T01:31:08.889437,0.8163633346557617,0.1045340895652771,mamba2-2.7b,2700000000,Explain what this code does,2201,110
"Explain what this code does:
def function_30(x): return x * 2",0.7,128,1773621074.9389868,2026-03-16T01:31:14.938988,0.7921676635742188,0.10487943887710571,mamba2-2.7b,2700000000,Explain what this code does,2202,110
"Anarchists also reinforced their propaganda within the arts, some of whom practiced naturism and nudism.",1.3,6,1773621075.2203293,2026-03-16T01:31:15.220331,0.49437934160232544,0.12092825770378113,mamba2-2.7b,2700000000,,2203,110
"At the end of the Roman Empire (5th century AD), several variants of the cursive minuscule developed through Western Europe.",1.3,128,1773621081.2766979,2026-03-16T01:31:21.276700,0.48462679982185364,0.19050779938697815,mamba2-2.7b,2700000000,,2204,110
"Explain what this code does:
def function_86(x): return x * 2",1.0,128,1773621087.326133,2026-03-16T01:31:27.326135,0.7732317447662354,0.11582215130329132,mamba2-2.7b,2700000000,Explain what this code does,2205,110
The current state constitution requires a voter referendum to raise property taxes.,1.3,128,1773621093.3811882,2026-03-16T01:31:33.381196,0.5364524126052856,0.1912653148174286,mamba2-2.7b,2700000000,,2206,110
"It's an invaluable quality for a person to have, whether they continue to dance or end up doing other things.",0.7,128,1773621099.4382956,2026-03-16T01:31:39.438297,0.7475519180297852,0.11394395679235458,mamba2-2.7b,2700000000,,2207,110
"Explain what this code does:
def function_31(x): return x * 2",1.0,128,1773621105.5075603,2026-03-16T01:31:45.507562,0.9329172372817993,0.09961643069982529,mamba2-2.7b,2700000000,Explain what this code does,2208,110
"Explain what this code does:
def function_75(x): return x * 2",1.3,128,1773621111.5894825,2026-03-16T01:31:51.589484,0.5245602130889893,0.17625057697296143,mamba2-2.7b,2700000000,Explain what this code does,2209,110
"It's part of my individuality,'"" he said.",1.0,128,1773621117.664206,2026-03-16T01:31:57.664208,0.7772294282913208,0.1303206980228424,mamba2-2.7b,2700000000,,2210,110
"Similar to other former slave states, Alabamian legislators employed Jim Crow laws to disenfranchise and discriminate against African Americans from the late 19th century up until the 1960s.",1.0,64,1773621120.7048986,2026-03-16T01:32:00.704900,0.7925437688827515,0.1520405411720276,mamba2-2.7b,2700000000,,2211,110
"Although many have won awards at international competitions, the school does not actively focus on competing.",1.3,128,1773621126.7710714,2026-03-16T01:32:06.771073,0.4128817319869995,0.2098420411348343,mamba2-2.7b,2700000000,,2212,110
"In 2010, Republicans took large majorities of both chambers of the state legislature, giving them control of that body for the first time in 136 years.",1.3,128,1773621132.8370683,2026-03-16T01:32:12.837070,0.5325782299041748,0.1980459839105606,mamba2-2.7b,2700000000,,2213,110
"Small-scale effects Albedo works on a smaller scale, too.",1.0,128,1773621138.8941176,2026-03-16T01:32:18.894119,0.7398222088813782,0.17189931869506836,mamba2-2.7b,2700000000,,2214,110
Which of the following areas is most likely to form metamorphic rocks such as gneiss and schist? (Answer: C),0.7,128,1773621144.9744816,2026-03-16T01:32:24.974483,0.9439905881881714,0.09322292357683182,mamba2-2.7b,2700000000,Which of the following areas is most likely to form metamorphic rocks such as gneiss and schist? (Answer,2215,110
Which of the following statements best explains why magnets usually stick to a refrigerator door? (Answer: B),0.7,128,1773621151.0658882,2026-03-16T01:32:31.065890,0.8718820810317993,0.14014334976673126,mamba2-2.7b,2700000000,Which of the following statements best explains why magnets usually stick to a refrigerator door? (Answer,2216,110
"Treatment approaches have little empirical support in quality-of-life contexts, and many programs focus on success measures that lack predictive validity and real-world relevance.",1.0,128,1773621157.1584053,2026-03-16T01:32:37.158407,0.7278655767440796,0.1456104964017868,mamba2-2.7b,2700000000,,2217,110
An engineer measured the time it takes sound to travel through samples of different materials. All of the samples were identical in shape and size. The measurements were made using ultrasonic waves with a frequency of 5 megahertz. Which question was the engineer most likely trying to answer? (Answer: A),0.7,41,1773621159.1169853,2026-03-16T01:32:39.116987,0.8187345862388611,0.13003495335578918,mamba2-2.7b,2700000000,An engineer measured the time it takes sound to travel through samples of different materials. All of the samples were identical in shape and size. The measurements were made using ultrasonic waves with a frequency of 5 megahertz. Which question was the engineer most likely trying to answer? (Answer,2218,110
"Its name in English is a (pronounced ), plural aes.",0.7,128,1773621165.204984,2026-03-16T01:32:45.204987,0.7435855865478516,0.1272198110818863,mamba2-2.7b,2700000000,,2219,110
"Acquiring language before age six, having an IQ above 50, and having a marketable skill all predict better outcomes; independent living is unlikely with severe autism.",0.7,1,1773621165.347075,2026-03-16T01:32:45.347077,0.6685397624969482,,mamba2-2.7b,2700000000,,2220,111
"In sunlight, dark clothes absorb more heat and light-coloured clothes reflect it better, thus allowing some control over body temperature by exploiting the albedo effect of the colour of external clothing.",1.3,128,1773621171.4192421,2026-03-16T01:32:51.419244,0.362082839012146,0.15973873436450958,mamba2-2.7b,2700000000,,2221,111
"Explain what this code does:
def function_85(x): return x * 2",1.0,128,1773621177.4867907,2026-03-16T01:32:57.486792,0.8102580308914185,0.11229928582906723,mamba2-2.7b,2700000000,Explain what this code does,2222,111
3.,0.7,128,1773621183.5492766,2026-03-16T01:33:03.549279,0.8297933340072632,0.1739603579044342,mamba2-2.7b,2700000000,,2223,111
"Explain what this code does:
def function_27(x): return x * 2",1.0,128,1773621189.6041873,2026-03-16T01:33:09.604189,0.8919376730918884,0.11989103257656097,mamba2-2.7b,2700000000,Explain what this code does,2224,111
"), patriarchy, heterosexism, white supremacy, and imperialism.""",0.7,128,1773621195.6862442,2026-03-16T01:33:15.686246,0.7334097027778625,0.15647797286510468,mamba2-2.7b,2700000000,,2225,111
Variation in summer albedo across both forest types is associated with maximum rates of photosynthesis because plants with high growth capacity display a greater fraction of their foliage for direct interception of incoming radiation in the upper canopy.,1.0,128,1773621201.7823477,2026-03-16T01:33:21.782349,0.7941513657569885,0.14366580545902252,mamba2-2.7b,2700000000,,2226,111
This had caused decades of underinvestment in such areas.,1.0,128,1773621207.8606343,2026-03-16T01:33:27.860636,0.7409353852272034,0.1619761884212494,mamba2-2.7b,2700000000,,2227,111
"Unlike with autism, people with Asperger syndrome have no substantial delay in language development.",0.7,128,1773621213.9227667,2026-03-16T01:33:33.922768,0.8002954125404358,0.13721054792404175,mamba2-2.7b,2700000000,,2228,111
"The agrarian Mississippian culture covered most of the state from 1000 to 1600 CE, with one of its major centers built at what is now the Moundville Archaeological Site in Moundville, Alabama.",1.3,128,1773621220.021809,2026-03-16T01:33:40.021811,0.3881298899650574,0.17506550252437592,mamba2-2.7b,2700000000,,2229,111
"The Royal Swedish Ballet in Alexander Ekman's ""Midsummer Night's Dream.""",1.3,128,1773621226.1150084,2026-03-16T01:33:46.115010,0.4534757435321808,0.19969385862350464,mamba2-2.7b,2700000000,,2230,111
A company is designing a new laptop computer. The computer must not exceed a certain weight. Which of the following is the most likely reason to have a weight restriction for the computer? (Answer: C),1.3,128,1773621232.2129793,2026-03-16T01:33:52.212981,0.39522597193717957,0.15434356033802032,mamba2-2.7b,2700000000,A company is designing a new laptop computer. The computer must not exceed a certain weight. Which of the following is the most likely reason to have a weight restriction for the computer? (Answer,2231,111
The source of energy for the Earth's water cycle is the (Answer: B),1.0,128,1773621238.3019667,2026-03-16T01:33:58.301968,0.7479474544525146,0.1361379474401474,mamba2-2.7b,2700000000,The source of energy for the Earth's water cycle is the (Answer,2232,111
"One was located at a business on East Avenue and contact was made with Clarence Suggs, age 27, and Reginald Hughes, age 26.",1.3,128,1773621244.3851714,2026-03-16T01:34:04.385173,0.43369534611701965,0.20938818156719208,mamba2-2.7b,2700000000,,2233,111
"As it appeals to both emotion and reason, art could appeal to the whole human and have a powerful effect.",1.0,128,1773621250.4620216,2026-03-16T01:34:10.462023,0.6912480592727661,0.1323976069688797,mamba2-2.7b,2700000000,,2234,111
The Bay County Sheriff’s Office has arrested four men from Atlanta after they allegedly hired local transients to cash fraudulent checks for them using stolen personal information.,1.0,128,1773621256.5280352,2026-03-16T01:34:16.528037,0.7632797360420227,0.13013562560081482,mamba2-2.7b,2700000000,,2235,111
"Explain what this code does:
def function_37(x): return x * 2",1.3,128,1773621262.6050856,2026-03-16T01:34:22.605087,0.38214728236198425,0.17505742609500885,mamba2-2.7b,2700000000,Explain what this code does,2236,111
"Anarchists also reinforced their propaganda within the arts, some of whom practiced naturism and nudism.",1.0,128,1773621268.7061965,2026-03-16T01:34:28.706198,0.7012895345687866,0.15649892389774323,mamba2-2.7b,2700000000,,2237,111
"Go is cool, Swift is nifty, but old-school Java keeps reinventing itself to power both yesterday's and tomorrow's applications.",1.3,128,1773621274.7993045,2026-03-16T01:34:34.799306,0.4410354793071747,0.2020716816186905,mamba2-2.7b,2700000000,,2238,111
The presence of autism can make it harder to diagnose coexisting psychiatric disorders such as depression.,1.3,128,1773621280.890024,2026-03-16T01:34:40.890025,0.4428771436214447,0.22621074318885803,mamba2-2.7b,2700000000,,2239,111
"More than half of US children diagnosed with ASD are prescribed psychoactive drugs or anticonvulsants, with the most common drug classes being antidepressants, stimulants, and antipsychotics.",1.0,128,1773621287.0735397,2026-03-16T01:34:47.073541,0.7593154311180115,0.12848354876041412,mamba2-2.7b,2700000000,,2240,112
"Explain what this code does:
def function_18(x): return x * 2",0.7,97,1773621291.6899526,2026-03-16T01:34:51.689954,0.8501019477844238,0.11042764782905579,mamba2-2.7b,2700000000,Explain what this code does,2241,112
P A men's classical Chinese dance class.,1.3,1,1773621291.7374623,2026-03-16T01:34:51.737462,0.5236198306083679,,mamba2-2.7b,2700000000,,2242,112
"Artists of the Ballet in rehearsal for ""Frame by Frame.""",0.7,128,1773621297.7956285,2026-03-16T01:34:57.795630,0.7627588510513306,0.15469609200954437,mamba2-2.7b,2700000000,,2243,112
Anarchism appears in English from 1642 as anarchisme and anarchy from 1539; early English usages emphasised a sense of disorder.,0.7,128,1773621303.857174,2026-03-16T01:35:03.857176,0.7626942992210388,0.1364056020975113,mamba2-2.7b,2700000000,,2244,112
Corn is widely being used in the United States to make ethanol for use in automobile fuel. How might the overproduction of corn negatively affect the environment? (Answer: A),1.3,128,1773621309.916127,2026-03-16T01:35:09.916129,0.5812974572181702,0.1959419548511505,mamba2-2.7b,2700000000,Corn is widely being used in the United States to make ethanol for use in automobile fuel. How might the overproduction of corn negatively affect the environment? (Answer,2245,112
"Authority ultimately rests solely on power, regardless of whether that power is open or transparent, as it still has the ability to coerce people.",0.7,128,1773621315.994991,2026-03-16T01:35:15.994992,0.7388732433319092,0.14401745796203613,mamba2-2.7b,2700000000,,2246,112
"Edmundson says that while the individual does not owe the state a duty of obedience, this does not imply that anarchism is the inevitable conclusion and the state is still morally legitimate.",1.3,128,1773621322.0697756,2026-03-16T01:35:22.069777,0.4767632782459259,0.17602945864200592,mamba2-2.7b,2700000000,,2247,112
Preempted diagnoses.,0.7,102,1773621326.920334,2026-03-16T01:35:26.920336,0.7596789002418518,0.1377612054347992,mamba2-2.7b,2700000000,,2248,112
"A genotype-first model of diagnosis has been proposed, which would routinely assess the genome's copy number variations.",1.3,128,1773621333.0061953,2026-03-16T01:35:33.006197,0.4440058469772339,0.19140052795410156,mamba2-2.7b,2700000000,,2249,112
"Franklin wants to know how fast he runs different distances. He uses a stopwatch to measure the time it takes him to complete a 50-meter, 100-meter, and 200-meter race. How can he calculate his speed for each race? (Answer: B)",1.0,128,1773621339.1087997,2026-03-16T01:35:39.108801,0.8575512170791626,0.14238575100898743,mamba2-2.7b,2700000000,"Franklin wants to know how fast he runs different distances. He uses a stopwatch to measure the time it takes him to complete a 50-meter, 100-meter, and 200-meter race. How can he calculate his speed for each race? (Answer",2250,112
The city was moved to the current site of Mobile in 1711.,0.7,128,1773621345.1923404,2026-03-16T01:35:45.192342,0.7595980167388916,0.11000648140907288,mamba2-2.7b,2700000000,,2251,112
Which of the following is a trait that a dog does NOT inherit from its parents? (Answer: C),1.0,128,1773621351.2796354,2026-03-16T01:35:51.279637,0.7990055084228516,0.1647283434867859,mamba2-2.7b,2700000000,Which of the following is a trait that a dog does NOT inherit from its parents? (Answer,2252,112
"Since the mid- to late 20th century, however, white conservatives started shifting to the Republican Party.",1.0,128,1773621357.3804193,2026-03-16T01:35:57.380422,0.7356950640678406,0.14367642998695374,mamba2-2.7b,2700000000,,2253,112
"As people are often sized up initially from their basic language skills, these studies suggest that people speaking to autistic individuals are more likely to overestimate what their audience comprehends.",1.0,1,1773621357.4279966,2026-03-16T01:35:57.427997,0.6929987668991089,,mamba2-2.7b,2700000000,,2254,112
"As part of an experiment, an astronaut takes a scale to the Moon and weighs himself. The scale reads 31 pounds. If the astronaut has a mass of about 84 kilograms, which are the approximate weight and mass of the astronaut when standing on the Earth? (Answer: D)",0.7,66,1773621360.5837147,2026-03-16T01:36:00.583717,0.830203115940094,0.13054479658603668,mamba2-2.7b,2700000000,"As part of an experiment, an astronaut takes a scale to the Moon and weighs himself. The scale reads 31 pounds. If the astronaut has a mass of about 84 kilograms, which are the approximate weight and mass of the astronaut when standing on the Earth? (Answer",2255,112
"34 total views, 34 views today Share Us",0.7,128,1773621366.6641884,2026-03-16T01:36:06.664190,0.7652236223220825,0.17196641862392426,mamba2-2.7b,2700000000,,2256,112
Her undying passion for these pieces is incredibly inspiring.,1.3,128,1773621372.7357697,2026-03-16T01:36:12.735772,0.47923070192337036,0.1659737378358841,mamba2-2.7b,2700000000,,2257,112
Some authors suggest that automatic motor assessment could be useful to screen the children with ASD for instance with behavioural motor and emotionals reactions during smartphone watching.,1.0,64,1773621375.7633078,2026-03-16T01:36:15.763309,0.6526489853858948,0.12291388213634491,mamba2-2.7b,2700000000,,2258,112
"Explain what this code does:
def function_15(x): return x * 2",0.7,128,1773621381.8444939,2026-03-16T01:36:21.844496,0.8532891273498535,0.11518527567386627,mamba2-2.7b,2700000000,Explain what this code does,2259,112
"""The kind of information that can be disclosed via email should be spelled out very clearly,"" he added.",1.3,128,1773621388.012242,2026-03-16T01:36:28.012244,0.4197402000427246,0.19095830619335175,mamba2-2.7b,2700000000,,2260,113
"Explain what this code does:
def function_67(x): return x * 2",1.3,128,1773621394.0701644,2026-03-16T01:36:34.070166,0.3252788782119751,0.14985914528369904,mamba2-2.7b,2700000000,Explain what this code does,2261,113
"Explain what this code does:
def function_49(x): return x * 2",0.7,128,1773621400.1159422,2026-03-16T01:36:40.115944,0.8213024139404297,0.11703786998987198,mamba2-2.7b,2700000000,Explain what this code does,2262,113
"Explain what this code does:
def function_53(x): return x * 2",1.0,128,1773621406.1641278,2026-03-16T01:36:46.164129,0.7500020265579224,0.15074393153190613,mamba2-2.7b,2700000000,Explain what this code does,2263,113
"Beyond the specific factions of anarchist movements which constitute political anarchism lies philosophical anarchism which holds that the state lacks moral legitimacy, without necessarily accepting the imperative of revolution to eliminate it.",1.3,128,1773621412.2273436,2026-03-16T01:36:52.227345,0.6594094038009644,0.18402917683124542,mamba2-2.7b,2700000000,,2264,113
"Additional security trainings on AWS Security Fundamentals, Authentication and Authorization with AWS Identity and Access Management, AWS Shared Responsibility Model, and AWS Well-Architected Training are also helpful.",1.3,128,1773621418.2834444,2026-03-16T01:36:58.283446,0.4411645531654358,0.2040218561887741,mamba2-2.7b,2700000000,,2265,113
A signal from the brain to a muscle in the arm is transmitted by which structures? (Answer: C),1.3,128,1773621424.344154,2026-03-16T01:37:04.344155,0.4303054213523865,0.22145697474479675,mamba2-2.7b,2700000000,A signal from the brain to a muscle in the arm is transmitted by which structures? (Answer,2266,113
The Alabama Alcoholic Beverage Control Board controls the sale and distribution of alcoholic beverages in the state.,1.0,128,1773621430.426399,2026-03-16T01:37:10.426400,0.795925498008728,0.14591948688030243,mamba2-2.7b,2700000000,,2267,113
"Snowflakes of the original cast, ""The Nutcracker"" at the Mariinsky Theatre, 1892.",0.7,128,1773621436.4845002,2026-03-16T01:37:16.484502,0.7363884449005127,0.15098127722740173,mamba2-2.7b,2700000000,,2268,113
"Explain what this code does:
def function_77(x): return x * 2",1.3,128,1773621442.5447862,2026-03-16T01:37:22.544788,0.3883177638053894,0.18126122653484344,mamba2-2.7b,2700000000,Explain what this code does,2269,113
"Explain what this code does:
def function_53(x): return x * 2",0.7,128,1773621448.6061702,2026-03-16T01:37:28.606172,0.8922920227050781,0.11303643882274628,mamba2-2.7b,2700000000,Explain what this code does,2270,113
"Unusual eating behavior occurs in about three-quarters of children with ASD, to the extent that it was formerly a diagnostic indicator.",1.3,128,1773621454.670422,2026-03-16T01:37:34.670424,0.48212534189224243,0.18418528139591217,mamba2-2.7b,2700000000,,2271,113
"Starbucks in hand, they discuss their mutual love of food (particularly pasta and Japanese curry), the story behind the Cindy nickname and what it's like picking up contemporary choreography versus classical.",1.0,34,1773621456.2771456,2026-03-16T01:37:36.277147,0.6303092837333679,0.16476012766361237,mamba2-2.7b,2700000000,,2272,113
"She's standing among other students, but they all work alone, with the help of teachers calling out corrections from the front of the room.",0.7,128,1773621462.350383,2026-03-16T01:37:42.350385,0.7172883152961731,0.15254010260105133,mamba2-2.7b,2700000000,,2273,113
"Tourism and entertainment  According to Business Insider, Alabama ranked 14th in most popular states to visit in 2014.",1.3,128,1773621468.415254,2026-03-16T01:37:48.415256,0.5444198846817017,0.1882869303226471,mamba2-2.7b,2700000000,,2274,113
"An important relationship between an object's astronomical (geometric) albedo, absolute magnitude and diameter is given by:  where  is the astronomical albedo,  is the diameter in kilometers, and  is the absolute magnitude.",0.7,128,1773621474.4909928,2026-03-16T01:37:54.490995,0.8085319995880127,0.14366379380226135,mamba2-2.7b,2700000000,"An important relationship between an object's astronomical (geometric) albedo, absolute magnitude and diameter is given by",2275,113
Which of the following is a trait that a dog does NOT inherit from its parents? (Answer: C),1.3,128,1773621480.576353,2026-03-16T01:38:00.576354,0.5844181180000305,0.22765609622001648,mamba2-2.7b,2700000000,Which of the following is a trait that a dog does NOT inherit from its parents? (Answer,2276,113
"They were followed by the major currents of social anarchism (collectivist, communist and syndicalist).",1.0,128,1773621486.683006,2026-03-16T01:38:06.683008,0.7656669616699219,0.14785964787006378,mamba2-2.7b,2700000000,,2277,113
"In one of 60 spacious dance studios at the Beijing Dance Academy, Pei Yu Meng practices a tricky step from Jorma Elo's Over Glow.",1.3,128,1773621492.7871616,2026-03-16T01:38:12.787163,0.6236670017242432,0.19230787456035614,mamba2-2.7b,2700000000,,2278,113
Aerosols modify the properties of clouds through a subset of the aerosol population called cloud condensation nuclei.,1.3,128,1773621498.8927047,2026-03-16T01:38:18.892706,0.4247789978981018,0.2036190927028656,mamba2-2.7b,2700000000,,2279,113
"This entails that liberty and equality cannot be implemented within the state, resulting in the questioning of all forms of domination and hierarchy.",1.0,128,1773621505.0727155,2026-03-16T01:38:25.072717,0.6911203861236572,0.16896197199821472,mamba2-2.7b,2700000000,,2280,114
"Photo by Alexander Iziliaev, Courtesy Nevada Ballet Theatre.",1.3,128,1773621511.160965,2026-03-16T01:38:31.160966,0.5517656803131104,0.2067214548587799,mamba2-2.7b,2700000000,,2281,114
European settlement  The Spanish were the first Europeans to reach Alabama during their exploration of North America in the 16th century.,0.7,128,1773621517.2604628,2026-03-16T01:38:37.260464,0.8069899082183838,0.1244259625673294,mamba2-2.7b,2700000000,,2282,114
Sleep problems affect about two-thirds of individuals with ASD at some point in childhood.,0.7,128,1773621523.3507934,2026-03-16T01:38:43.350795,0.7747664451599121,0.10907435417175293,mamba2-2.7b,2700000000,,2283,114
"Lastly, Fiala mentions a critique towards philosophical anarchism of being ineffective (all talk and thoughts) and in the meantime capitalism and bourgeois class remains strong.",1.3,128,1773621529.4581053,2026-03-16T01:38:49.458107,0.5037758350372314,0.1910613477230072,mamba2-2.7b,2700000000,,2284,114
The oldest Jewish congregation in the state is Congregation Sha'arai Shomayim in Mobile.,1.0,43,1773621531.4948428,2026-03-16T01:38:51.494844,0.7493855357170105,0.11533402651548386,mamba2-2.7b,2700000000,,2285,114
Scientists who disagree with the results of an experiment should (Answer: D),1.3,128,1773621537.5922475,2026-03-16T01:38:57.592250,0.5796440839767456,0.2125677764415741,mamba2-2.7b,2700000000,Scientists who disagree with the results of an experiment should (Answer,2286,114
"In May 2013, the DSM-5 was released, updating the classification for pervasive developmental disorders.",1.3,128,1773621543.68749,2026-03-16T01:39:03.687492,0.5382455587387085,0.24017725884914398,mamba2-2.7b,2700000000,,2287,114
"Alabama () is a state in the Southeastern region of the United States, bordered by Tennessee to the north; Georgia to the east; Florida and the Gulf of Mexico to the south; and Mississippi to the west.",1.0,128,1773621549.7905855,2026-03-16T01:39:09.790588,0.7310874462127686,0.14827091991901398,mamba2-2.7b,2700000000,,2288,114
"In 2010, per capita income for the state was $22,984.",1.0,128,1773621555.8837721,2026-03-16T01:39:15.883774,0.9032443165779114,0.14918161928653717,mamba2-2.7b,2700000000,,2289,114
"Once she's mastered the pirouette she's been struggling with, she repeats the step over and over until the clock reaches 12 pm for lunch.",0.7,128,1773621561.9884043,2026-03-16T01:39:21.988406,0.7480010986328125,0.1579793095588684,mamba2-2.7b,2700000000,,2290,114
"In general, higher IQs are correlated with greater responsiveness to treatment and improved treatment outcomes.",1.3,128,1773621568.0848975,2026-03-16T01:39:28.084899,0.47183918952941895,0.17981669306755066,mamba2-2.7b,2700000000,,2291,114
Where is the biological magnification of pollutants most likely to be the greatest? (Answer: A),0.7,128,1773621574.1855276,2026-03-16T01:39:34.185530,0.824112057685852,0.1531379222869873,mamba2-2.7b,2700000000,Where is the biological magnification of pollutants most likely to be the greatest? (Answer,2292,114
"The heart, blood vessels, kidneys, and bladder working together are best described as (Answer: D)",0.7,128,1773621580.2900884,2026-03-16T01:39:40.290090,0.8125865459442139,0.1302616000175476,mamba2-2.7b,2700000000,"The heart, blood vessels, kidneys, and bladder working together are best described as (Answer",2293,114
"This time around, everything went smoothly and I was able to log into the Gitstorage interface (Figure B).",0.7,128,1773621586.3887515,2026-03-16T01:39:46.388753,0.7766059637069702,0.12577416002750397,mamba2-2.7b,2700000000,,2294,114
"The Internet has helped autistic individuals bypass nonverbal cues and emotional sharing that they find difficult to deal with, and has given them a way to form online communities and work remotely.",0.7,128,1773621592.5021667,2026-03-16T01:39:52.502169,0.7694073915481567,0.16045260429382324,mamba2-2.7b,2700000000,,2295,114
Pei Yu learned Over Glow from Elo himself.,0.7,51,1773621594.917521,2026-03-16T01:39:54.917522,0.6901118159294128,0.15366365015506744,mamba2-2.7b,2700000000,,2296,114
Pro tip: The heel is centered under the body so you can feel confident and stable!,1.3,128,1773621601.018573,2026-03-16T01:40:01.018575,0.42521780729293823,0.16961552202701569,mamba2-2.7b,2700000000,Pro tip,2297,114
A fold observed in layers of sedimentary rock most likely resulted from the (Answer: B),1.3,128,1773621607.0874217,2026-03-16T01:40:07.087423,0.47963279485702515,0.1985592544078827,mamba2-2.7b,2700000000,A fold observed in layers of sedimentary rock most likely resulted from the (Answer,2298,114
The notion of free love was much broader and included a critique of the established order that limited women's sexual freedom and pleasure.,0.7,128,1773621613.1852522,2026-03-16T01:40:13.185254,0.7606202363967896,0.1619960069656372,mamba2-2.7b,2700000000,,2299,114
Which of these do scientists offer as the most recent explanation as to why many plants and animals died out at the end of the Mesozoic era? (Answer: D),1.0,128,1773621619.3670115,2026-03-16T01:40:19.367013,0.7953586578369141,0.14065736532211304,mamba2-2.7b,2700000000,Which of these do scientists offer as the most recent explanation as to why many plants and animals died out at the end of the Mesozoic era? (Answer,2300,115
"Rain forests contain more species of trees than any other biome. However, scientists have found that the soil of the forest floor is relatively nutrient poor. What could most likely account for this? (Answer: B)",1.0,128,1773621625.4473903,2026-03-16T01:40:25.447392,0.7459428310394287,0.15477436780929565,mamba2-2.7b,2700000000,"Rain forests contain more species of trees than any other biome. However, scientists have found that the soil of the forest floor is relatively nutrient poor. What could most likely account for this? (Answer",2301,115
"All of them compared gluten- and casein-free diet versus normal diet with a control group (2 double-blind randomized controlled trials, 1 double-blind crossover trial, 1 single-blind trial).",1.3,128,1773621631.510202,2026-03-16T01:40:31.510203,0.7420946955680847,0.19205287098884583,mamba2-2.7b,2700000000,,2302,115
Willam Christensen (center) with his brothers Lew and Harold.,1.3,128,1773621637.5725236,2026-03-16T01:40:37.572526,0.41664713621139526,0.19286851584911346,mamba2-2.7b,2700000000,,2303,115
Which of the following statements best explains why magnets usually stick to a refrigerator door? (Answer: B),1.0,128,1773621643.6374924,2026-03-16T01:40:43.637494,0.7103995084762573,0.13410358130931854,mamba2-2.7b,2700000000,Which of the following statements best explains why magnets usually stick to a refrigerator door? (Answer,2304,115
The assembly plant is the company's first factory to be built within the United States.,1.3,128,1773621649.7085512,2026-03-16T01:40:49.708553,0.461365282535553,0.18559931218624115,mamba2-2.7b,2700000000,,2305,115
"Following the Vaganova method, classes are strict and focus on precise positions and placement.",1.3,128,1773621655.7800279,2026-03-16T01:40:55.780030,0.4106934070587158,0.14605796337127686,mamba2-2.7b,2700000000,,2306,115
Which conclusion is best supported by a tree-growth ring that is much narrower than the other growth rings? (Answer: B),1.0,128,1773621661.8518217,2026-03-16T01:41:01.851823,0.7870204448699951,0.15167200565338135,mamba2-2.7b,2700000000,Which conclusion is best supported by a tree-growth ring that is much narrower than the other growth rings? (Answer,2307,115
"""I think it says something that Alex trusts us to bring the work to its full realization,"" says Wheater.",1.3,128,1773621667.9366796,2026-03-16T01:41:07.936681,0.5025335550308228,0.18233801424503326,mamba2-2.7b,2700000000,,2308,115
"Explain what this code does:
def function_96(x): return x * 2",1.0,128,1773621674.0322444,2026-03-16T01:41:14.032246,0.7997148036956787,0.12771640717983246,mamba2-2.7b,2700000000,Explain what this code does,2309,115
Belief in political nihilism has been espoused by anarchists.,0.7,128,1773621680.1330779,2026-03-16T01:41:20.133079,0.8015410304069519,0.16852055490016937,mamba2-2.7b,2700000000,,2310,115
The available evidence does not rule out the possibility that autism's true prevalence has increased; a real increase would suggest directing more attention and funding toward psychosocial factors and changing environmental factors instead of continuing to focus on genetics.,1.3,18,1773621680.9859595,2026-03-16T01:41:20.985961,0.709468424320221,0.1335383504629135,mamba2-2.7b,2700000000,,2311,115
"For example, the effects of a spectrally responsive albedo are illustrated by the differences between the spectrally weighted albedo of solar photovoltaic technology based on hydrogenated amorphous silicon (a-Si:H) and crystalline silicon (c-Si)-based compared to traditional spectral-integrated albedo predictions.",1.3,128,1773621687.092035,2026-03-16T01:41:27.092036,0.5249437689781189,0.17609427869319916,mamba2-2.7b,2700000000,"For example, the effects of a spectrally responsive albedo are illustrated by the differences between the spectrally weighted albedo of solar photovoltaic technology based on hydrogenated amorphous silicon (a-Si",2312,115
"""It's not just a few ballet steps here and there; he asks you to fully engage with yourself, not only as a dancer but as an actor and a person.""",1.3,128,1773621693.2033246,2026-03-16T01:41:33.203326,0.38455092906951904,0.19560132920742035,mamba2-2.7b,2700000000,,2313,115
"A. John Simmons and Leslie Green, who leaned toward philosophical anarchism, believed that the state could be legitimate if it is governed by consensus, although they saw this as highly unlikely.",1.0,128,1773621699.3137443,2026-03-16T01:41:39.313746,0.6813227534294128,0.1507442146539688,mamba2-2.7b,2700000000,,2314,115
"In the carbon cycle, carbon moves from reservoir to reservoir as various organic and inorganic processes occur on Earth. Only a small percentage of the global carbon is moved in this cycle each year. The remaining carbon is stored in these reservoirs. Which reservoir contains the greatest amount of stored carbon? (Answer: D)",1.0,63,1773621702.3331182,2026-03-16T01:41:42.333120,0.7293432950973511,0.1292390674352646,mamba2-2.7b,2700000000,"In the carbon cycle, carbon moves from reservoir to reservoir as various organic and inorganic processes occur on Earth. Only a small percentage of the global carbon is moved in this cycle each year. The remaining carbon is stored in these reservoirs. Which reservoir contains the greatest amount of stored carbon? (Answer",2315,115
"Explain what this code does:
def function_28(x): return x * 2",1.0,128,1773621708.4421313,2026-03-16T01:41:48.442133,0.8321264386177063,0.1314019113779068,mamba2-2.7b,2700000000,Explain what this code does,2316,115
Robert Paul Wolff believed that the tension between authority and autonomy would mean the state could never be legitimate.,0.7,128,1773621714.5397377,2026-03-16T01:41:54.539739,0.7557660341262817,0.13965289294719696,mamba2-2.7b,2700000000,,2317,115
"""One of the easiest ways to breach a company is to put somebody on the janitorial staff and go looking at desks,"" Rickard said.",1.0,128,1773621720.633795,2026-03-16T01:42:00.633797,0.7396233081817627,0.14373625814914703,mamba2-2.7b,2700000000,,2318,115
Alabama was under military rule from the end of the war in May 1865 until its official restoration to the Union in 1868.,1.3,128,1773621726.717608,2026-03-16T01:42:06.717609,0.4349058270454407,0.16301219165325165,mamba2-2.7b,2700000000,,2319,115
"Building a slide deck, pitch, or presentation?",1.0,43,1773621728.839653,2026-03-16T01:42:08.839655,0.689969539642334,0.14019323885440826,mamba2-2.7b,2700000000,,2320,116
"Explain what this code does:
def function_68(x): return x * 2",0.7,128,1773621734.9205976,2026-03-16T01:42:14.920599,0.8531215190887451,0.1102997213602066,mamba2-2.7b,2700000000,Explain what this code does,2321,116
"Explain what this code does:
def function_51(x): return x * 2",1.0,128,1773621741.0111544,2026-03-16T01:42:21.011156,0.9476531744003296,0.09534456580877304,mamba2-2.7b,2700000000,Explain what this code does,2322,116
The oldest Jewish congregation in the state is Congregation Sha'arai Shomayim in Mobile.,0.7,128,1773621747.1145225,2026-03-16T01:42:27.114524,0.7520030736923218,0.15809476375579834,mamba2-2.7b,2700000000,,2323,116
"Epilepsy, with variations in risk of epilepsy due to age, cognitive level, and type of language disorder.",1.0,128,1773621753.2045772,2026-03-16T01:42:33.204579,0.6680801510810852,0.16449689865112305,mamba2-2.7b,2700000000,,2324,116
"Some animals are very rare. For example, there are very few Siberian tigers. If the only Siberian tigers left are female, what will most likely happen? (Answer: D)",1.0,103,1773621758.1102347,2026-03-16T01:42:38.110236,0.7485254406929016,0.12844057381153107,mamba2-2.7b,2700000000,"Some animals are very rare. For example, there are very few Siberian tigers. If the only Siberian tigers left are female, what will most likely happen? (Answer",2325,116
"Explain what this code does:
def function_66(x): return x * 2",1.3,128,1773621764.1654851,2026-03-16T01:42:44.165487,0.5670986175537109,0.19257663190364838,mamba2-2.7b,2700000000,Explain what this code does,2326,116
A BOLO was put out to local law enforcement on the vehicles.,1.0,128,1773621770.2251248,2026-03-16T01:42:50.225127,0.6895697712898254,0.1615372747182846,mamba2-2.7b,2700000000,,2327,116
"Krohn joined NYCB as an apprentice in the fall of 1998 and slowly rose through the ranks, becoming a principal in 2012.",1.0,128,1773621776.2812943,2026-03-16T01:42:56.281296,0.7882654666900635,0.14887560904026031,mamba2-2.7b,2700000000,,2328,116
"CDC estimates about 1 out of 59 (1.7%) for 2014, an increase from 1 out of every 68 children (1.5%) for 2010.",1.3,128,1773621782.3542953,2026-03-16T01:43:02.354297,0.41252654790878296,0.19551266729831696,mamba2-2.7b,2700000000,,2329,116
A signal from the brain to a muscle in the arm is transmitted by which structures? (Answer: C),0.7,128,1773621788.4167216,2026-03-16T01:43:08.416724,0.8209760189056396,0.16178329288959503,mamba2-2.7b,2700000000,A signal from the brain to a muscle in the arm is transmitted by which structures? (Answer,2330,116
"Because the behavior spectrum is continuous, boundaries between diagnostic categories are necessarily somewhat arbitrary.",1.0,128,1773621794.471301,2026-03-16T01:43:14.471303,0.7201601266860962,0.1444903165102005,mamba2-2.7b,2700000000,,2331,116
"Most professionals believe that race, ethnicity, and socioeconomic background do not affect the occurrence of autism.",1.3,128,1773621800.5250328,2026-03-16T01:43:20.525035,0.5122934579849243,0.22281798720359802,mamba2-2.7b,2700000000,,2332,116
"Society and culture  An autistic culture has emerged, accompanied by the autistic rights and neurodiversity movements.",0.7,128,1773621806.593461,2026-03-16T01:43:26.593463,0.7712803483009338,0.13146407902240753,mamba2-2.7b,2700000000,,2333,116
"This entails that liberty and equality cannot be implemented within the state, resulting in the questioning of all forms of domination and hierarchy.",0.7,128,1773621812.6634302,2026-03-16T01:43:32.663432,0.741072416305542,0.1808623969554901,mamba2-2.7b,2700000000,,2334,116
"CDC estimates about 1 out of 59 (1.7%) for 2014, an increase from 1 out of every 68 children (1.5%) for 2010.",1.0,128,1773621818.7340465,2026-03-16T01:43:38.734048,0.72738116979599,0.15129394829273224,mamba2-2.7b,2700000000,,2335,116
"In Greek handwriting, it was common to join the left leg and horizontal stroke into a single loop, as demonstrated by the uncial version shown.",1.0,19,1773621819.6335273,2026-03-16T01:43:39.633529,0.6925141215324402,0.13187916576862335,mamba2-2.7b,2700000000,,2336,116
Where is the biological magnification of pollutants most likely to be the greatest? (Answer: A),1.0,128,1773621825.7014139,2026-03-16T01:43:45.701415,0.7435325384140015,0.15010666847229004,mamba2-2.7b,2700000000,Where is the biological magnification of pollutants most likely to be the greatest? (Answer,2337,116
"Explain what this code does:
def function_21(x): return x * 2",1.0,128,1773621831.790392,2026-03-16T01:43:51.790393,0.807352602481842,0.10140348225831985,mamba2-2.7b,2700000000,Explain what this code does,2338,116
"Lastly, Fiala mentions a critique towards philosophical anarchism of being ineffective (all talk and thoughts) and in the meantime capitalism and bourgeois class remains strong.",0.7,128,1773621837.8877645,2026-03-16T01:43:57.887766,0.7158643007278442,0.13977283239364624,mamba2-2.7b,2700000000,,2339,116
Password policies Passwords remain a common digital entry point into an organization for hackers.,1.0,128,1773621844.022622,2026-03-16T01:44:04.022624,0.7524325251579285,0.1514088362455368,mamba2-2.7b,2700000000,,2340,117
"Explain what this code does:
def function_0(x): return x * 2",1.3,11,1773621844.5398648,2026-03-16T01:44:04.539867,0.8373725414276123,0.14286398887634277,mamba2-2.7b,2700000000,Explain what this code does,2341,117
"Anarchism calls for the abolition of the state, which it holds to be unnecessary, undesirable, and harmful.",1.3,128,1773621850.591747,2026-03-16T01:44:10.591749,0.5335394144058228,0.213655024766922,mamba2-2.7b,2700000000,,2342,117
"Explain what this code does:
def function_23(x): return x * 2",1.3,128,1773621856.6583736,2026-03-16T01:44:16.658375,0.40104392170906067,0.23897404968738556,mamba2-2.7b,2700000000,Explain what this code does,2343,117
George wants to warm his hands quickly by rubbing them. Which skin surface will produce the most heat? (Answer: A),0.7,128,1773621862.7067184,2026-03-16T01:44:22.706720,0.9474000334739685,0.10701107978820801,mamba2-2.7b,2700000000,George wants to warm his hands quickly by rubbing them. Which skin surface will produce the most heat? (Answer,2344,117
"But for this one season, they're sharing the stage together.",1.0,128,1773621868.7562706,2026-03-16T01:44:28.756272,0.6858744025230408,0.17027485370635986,mamba2-2.7b,2700000000,,2345,117
"James Dean Riles, the other transient, was unable to cash his fraudulent check at the first bank, and was taken by Clarence Suggs and Reginald Hughes to a second bank where he was successful.",0.7,128,1773621874.8172367,2026-03-16T01:44:34.817238,0.82575523853302,0.12950991094112396,mamba2-2.7b,2700000000,,2346,117
"An estimated 26 million tourists visited the state in 2017 and spent $14.3 billion, providing directly or indirectly 186,900 jobs in the state, which includes 362,000 International tourists spending $589 million.",1.0,128,1773621880.908112,2026-03-16T01:44:40.908114,0.714152455329895,0.17634092271327972,mamba2-2.7b,2700000000,,2347,117
"Go is cool, Swift is nifty, but old-school Java keeps reinventing itself to power both yesterday's and tomorrow's applications.",1.0,128,1773621887.0070214,2026-03-16T01:44:47.007023,0.6919153928756714,0.1553296148777008,mamba2-2.7b,2700000000,,2348,117
"The record low of  occurred on January 30, 1966, in New Market.",0.7,76,1773621890.6055841,2026-03-16T01:44:50.605586,0.8909486532211304,0.11519019305706024,mamba2-2.7b,2700000000,,2349,117
"Explain what this code does:
def function_96(x): return x * 2",0.7,104,1773621895.5349846,2026-03-16T01:44:55.534986,0.8734038472175598,0.10946342349052429,mamba2-2.7b,2700000000,Explain what this code does,2350,117
"Explain what this code does:
def function_84(x): return x * 2",0.7,59,1773621898.320787,2026-03-16T01:44:58.320788,0.7834993600845337,0.10926510393619537,mamba2-2.7b,2700000000,Explain what this code does,2351,117
"Explain what this code does:
def function_66(x): return x * 2",1.0,128,1773621904.4110699,2026-03-16T01:45:04.411072,0.7918428182601929,0.12644101679325104,mamba2-2.7b,2700000000,Explain what this code does,2352,117
Two common optical albedos that are used in astronomy are the (V-band) geometric albedo (measuring brightness when illumination comes from directly behind the observer) and the Bond albedo (measuring total proportion of electromagnetic energy reflected).,1.0,40,1773621906.3216748,2026-03-16T01:45:06.321677,0.8094773292541504,0.12354854494333267,mamba2-2.7b,2700000000,,2353,117
"Explain what this code does:
def function_49(x): return x * 2",1.3,128,1773621912.417334,2026-03-16T01:45:12.417336,0.5324761867523193,0.1658073365688324,mamba2-2.7b,2700000000,Explain what this code does,2354,117
"Despite African Americans making up a significant minority in the state, they had been unable to elect any representatives in most of the at-large jurisdictions.",0.7,128,1773621918.480552,2026-03-16T01:45:18.480554,0.7685258388519287,0.13431724905967712,mamba2-2.7b,2700000000,,2355,117
"Owen Thomas M. History of Alabama and Dictionary of Alabama Biography (4 vols, 1921).",1.0,128,1773621924.5503535,2026-03-16T01:45:24.550355,0.694991946220398,0.16405078768730164,mamba2-2.7b,2700000000,,2356,117
"In Basra, religious sects preached against the state.",0.7,128,1773621930.6378424,2026-03-16T01:45:30.637844,0.7533038258552551,0.14790289103984833,mamba2-2.7b,2700000000,,2357,117
"Minorities usually accept rough consensus, except when they feel the proposal contradicts anarchist ethics, goals and values.",1.3,128,1773621936.728175,2026-03-16T01:45:36.728177,0.4724842309951782,0.20569103956222534,mamba2-2.7b,2700000000,,2358,117
"In living things, smaller substances are linked to make up larger substances. Which of the following correctly describes a larger substance made by linking smaller substances? (Answer: A)",1.3,128,1773621942.8286378,2026-03-16T01:45:42.828641,0.4094669818878174,0.1897996962070465,mamba2-2.7b,2700000000,"In living things, smaller substances are linked to make up larger substances. Which of the following correctly describes a larger substance made by linking smaller substances? (Answer",2359,117
"Two students are asked to make a chart on the electromagnetic spectrum. Reading left to right, one student's chart shows the spectrum from gamma rays to radio waves, while the other student's chart shows the opposite. If the teacher says that both charts are correct, then (Answer: B)",0.7,76,1773621946.539023,2026-03-16T01:45:46.539025,0.7708756327629089,0.12142957001924515,mamba2-2.7b,2700000000,"Two students are asked to make a chart on the electromagnetic spectrum. Reading left to right, one student's chart shows the spectrum from gamma rays to radio waves, while the other student's chart shows the opposite. If the teacher says that both charts are correct, then (Answer",2360,118
"Authority ultimately rests solely on power, regardless of whether that power is open or transparent, as it still has the ability to coerce people.",1.0,128,1773621952.6099896,2026-03-16T01:45:52.609992,0.7132498025894165,0.1296064257621765,mamba2-2.7b,2700000000,,2361,118
"Explain what this code does:
def function_37(x): return x * 2",1.0,128,1773621958.706783,2026-03-16T01:45:58.706785,0.7414065599441528,0.16364124417304993,mamba2-2.7b,2700000000,Explain what this code does,2362,118
"Laura adds 50 mL of boiling water to 100 mL of ice water. If the 150 mL of water is then put into a freezer, at what temperature will the water freeze? (Answer: A)",1.0,128,1773621964.7963269,2026-03-16T01:46:04.796329,0.8997844457626343,0.13804490864276886,mamba2-2.7b,2700000000,"Laura adds 50 mL of boiling water to 100 mL of ice water. If the 150 mL of water is then put into a freezer, at what temperature will the water freeze? (Answer",2363,118
"In 2018, Mobile's Mardi Gras parade was the state's top event, producing the most tourists with an attendance of 892,811.",0.7,128,1773621970.8764923,2026-03-16T01:46:10.876494,0.8124461770057678,0.144329234957695,mamba2-2.7b,2700000000,,2364,118
"An estimated 60–80% of autistic people have motor signs that include poor muscle tone, poor motor planning, and toe walking;  deficits in motor coordination are pervasive across ASD and are greater in autism proper.",1.0,128,1773621976.980648,2026-03-16T01:46:16.980649,0.7248349189758301,0.1367310732603073,mamba2-2.7b,2700000000,,2365,118
"Some anarchists distanced themselves from this line of thinking, suggesting that it leaned towards an individualism that was dropping the cause of social liberation.",0.7,128,1773621983.0821416,2026-03-16T01:46:23.082143,0.7066102623939514,0.1559063047170639,mamba2-2.7b,2700000000,,2366,118
Many thought that the story was too light compared to historically based stories.,0.7,128,1773621989.1718273,2026-03-16T01:46:29.171829,0.7147393822669983,0.14017823338508606,mamba2-2.7b,2700000000,,2367,118
"Redmonk, in its latest Q1 2018 survey, says Java is the second-most popular language after JavaScript among developers.",1.0,128,1773621995.2454956,2026-03-16T01:46:35.245497,0.7739344835281372,0.13914966583251953,mamba2-2.7b,2700000000,,2368,118
A number of dancers including New York City Ballet principal Russell Janzen will be acting as moving models.,1.0,128,1773622001.3457847,2026-03-16T01:46:41.345786,0.8224610686302185,0.1529405117034912,mamba2-2.7b,2700000000,,2369,118
"If successful, the XR1 chip could improve technologies found in modern smart glasses, and make VR and AR more affordable to get into for smaller companies.",0.7,128,1773622007.4498649,2026-03-16T01:46:47.449866,0.7784892320632935,0.13922132551670074,mamba2-2.7b,2700000000,,2370,118
"Maternal inflammatory and autoimmune diseases may damage fetal tissues, aggravating a genetic problem or damaging the nervous system.",1.0,128,1773622013.5288894,2026-03-16T01:46:53.528891,0.7530657052993774,0.13942395150661469,mamba2-2.7b,2700000000,,2371,118
Subscribe Also see,1.0,13,1773622014.142148,2026-03-16T01:46:54.142149,0.6944922804832458,0.15639761090278625,mamba2-2.7b,2700000000,,2372,118
"Explain what this code does:
def function_68(x): return x * 2",1.3,128,1773622020.2049248,2026-03-16T01:47:00.204927,0.5734149217605591,0.2365848422050476,mamba2-2.7b,2700000000,Explain what this code does,2373,118
"Economy  The state has invested in aerospace, education, health care, banking, and various heavy industries, including automobile manufacturing, mineral extraction, steel production and fabrication.",0.7,128,1773622026.2756891,2026-03-16T01:47:06.275691,0.8287742733955383,0.15591908991336823,mamba2-2.7b,2700000000,,2374,118
"For those looking to prepare for the exam, the post recommends going to the AWS Training website and working on the Advanced Architecting on AWS and Security Operations on AWS trainings.",0.7,128,1773622032.3463974,2026-03-16T01:47:12.346399,0.7324175834655762,0.1473349630832672,mamba2-2.7b,2700000000,,2375,118
"In some years, it imposes more death sentences than does Texas, a state which has a population five times larger.",1.0,128,1773622038.4131248,2026-03-16T01:47:18.413127,0.7431811094284058,0.17173491418361664,mamba2-2.7b,2700000000,,2376,118
The decision-making process of small anarchist affinity groups plays a significant tactical role.,1.3,128,1773622044.5124302,2026-03-16T01:47:24.512431,0.4677836298942566,0.21104051172733307,mamba2-2.7b,2700000000,,2377,118
Some studies also find decreased earning among parents who care for autistic children.,1.0,128,1773622050.5766375,2026-03-16T01:47:30.576639,0.7597779035568237,0.13854584097862244,mamba2-2.7b,2700000000,,2378,118
"The three GOP lieutenant governors are Steve Windom (1999–2003), Kay Ivey (2011–2017), and Will Ainsworth (2019–present).",1.3,128,1773622056.6461332,2026-03-16T01:47:36.646135,0.39515405893325806,0.1672622412443161,mamba2-2.7b,2700000000,,2379,118
"Dancers also contribute to the narration with spoken text, including imagery of young love and a dose of humor.",1.3,128,1773622062.8214602,2026-03-16T01:47:42.821462,0.4102654457092285,0.19658730924129486,mamba2-2.7b,2700000000,,2380,119
"This week marks the world premiere of Frame by Frame, The National Ballet of Canada's new full length ballet based on the life and work of innovative filmmaker Norman McLaren.",1.0,128,1773622068.8844938,2026-03-16T01:47:48.884496,0.7016029357910156,0.1749427169561386,mamba2-2.7b,2700000000,,2381,119
"About 8.167% of letters used in English texts tend to be ; the number is around 7.636% in French, 11.525% in Spanish, and 14.634% for Portuguese.",1.3,128,1773622074.962799,2026-03-16T01:47:54.962801,0.3720157742500305,0.19361509382724762,mamba2-2.7b,2700000000,,2382,119
"With the anarchists being crushed in Russia, two new antithetical currents emerged, namely platformism and synthesis anarchism.",0.7,128,1773622081.0342157,2026-03-16T01:48:01.034217,0.7628798484802246,0.18148712813854218,mamba2-2.7b,2700000000,,2383,119
European settlement  The Spanish were the first Europeans to reach Alabama during their exploration of North America in the 16th century.,1.3,128,1773622087.123035,2026-03-16T01:48:07.123036,0.393510103225708,0.19945749640464783,mamba2-2.7b,2700000000,,2384,119
"According to the 2012 U.S. News & World Report, Alabama had four tier one universities (University of Alabama, Auburn University, University of Alabama at Birmingham and University of Alabama in Huntsville).",1.0,128,1773622093.229933,2026-03-16T01:48:13.229935,0.7180922627449036,0.1426810920238495,mamba2-2.7b,2700000000,,2385,119
BDA alumni in American companies include San Francisco Ballet soloists Wei Wang and Wanting Zhao and ABT corps members Zhiyao Zhang and Xuelan Lu.,1.0,128,1773622099.3347962,2026-03-16T01:48:19.334798,0.7402225136756897,0.17560836672782898,mamba2-2.7b,2700000000,,2386,119
Which is a nonrenewable resource? (Answer: A),0.7,128,1773622105.4308033,2026-03-16T01:48:25.430805,0.8004856705665588,0.16229714453220367,mamba2-2.7b,2700000000,Which is a nonrenewable resource? (Answer,2387,119
Industrial development related to the demands of World War II brought a level of prosperity to the state not seen since before the civil war.,0.7,128,1773622111.5238776,2026-03-16T01:48:31.523879,0.80411696434021,0.1577574759721756,mamba2-2.7b,2700000000,,2388,119
"He holds his hands towards his chest, indicating the sign for ""I.""",0.7,128,1773622117.6219263,2026-03-16T01:48:37.621928,0.777744472026825,0.14670367538928986,mamba2-2.7b,2700000000,,2389,119
Which of the following areas is most likely to form metamorphic rocks such as gneiss and schist? (Answer: C),1.3,60,1773622120.477507,2026-03-16T01:48:40.477508,0.5142824053764343,0.1816413849592209,mamba2-2.7b,2700000000,Which of the following areas is most likely to form metamorphic rocks such as gneiss and schist? (Answer,2390,119
"During the first round, the final screen was blank.",0.7,128,1773622126.571975,2026-03-16T01:48:46.571977,0.7750791311264038,0.1279539167881012,mamba2-2.7b,2700000000,,2391,119
"A ""widow's peak"" hairline in humans is coded by the dominant allele W. A straight hairline is coded by the recessive allele w. A man with a homozygous dominant WW produces a zygote with a woman with a heterozygous dominant Ww for the trait. Which allele combinations could occur in the zygote? (Answer: B)",1.3,128,1773622132.6840847,2026-03-16T01:48:52.684086,0.4570474624633789,0.2345726639032364,mamba2-2.7b,2700000000,"A ""widow's peak"" hairline in humans is coded by the dominant allele W. A straight hairline is coded by the recessive allele w. A man with a homozygous dominant WW produces a zygote with a woman with a heterozygous dominant Ww for the trait. Which allele combinations could occur in the zygote? (Answer",2392,119
"In contemporary anarchism, this current survives as a tendency to support polyamory and queer anarchism.",0.7,128,1773622138.790988,2026-03-16T01:48:58.790990,0.7488272190093994,0.13973739743232727,mamba2-2.7b,2700000000,,2393,119
It was a notable feature of the international syndicalism movement.,0.7,128,1773622144.8684707,2026-03-16T01:49:04.868472,0.8528771996498108,0.16948355734348297,mamba2-2.7b,2700000000,,2394,119
"Peirce, Neal R. The Deep South States of America: People, Politics, and Power in the Seven Deep South States (1974).",1.0,128,1773622150.9374924,2026-03-16T01:49:10.937494,0.7719358205795288,0.15633000433444977,mamba2-2.7b,2700000000,"Peirce, Neal R. The Deep South States of America",2395,119
Stars are often classified by their apparent brightness in the nighttime sky. Stars can also be classified in many other ways. Which of these is least useful in classifying stars? (Answer: C),1.0,128,1773622157.011926,2026-03-16T01:49:17.011929,0.6962313652038574,0.14833198487758636,mamba2-2.7b,2700000000,Stars are often classified by their apparent brightness in the nighttime sky. Stars can also be classified in many other ways. Which of these is least useful in classifying stars? (Answer,2396,119
"James Dean Riles, the other transient, was unable to cash his fraudulent check at the first bank, and was taken by Clarence Suggs and Reginald Hughes to a second bank where he was successful.",1.0,128,1773622163.1011686,2026-03-16T01:49:23.101170,0.7558667063713074,0.15061098337173462,mamba2-2.7b,2700000000,,2397,119
Some studies also find decreased earning among parents who care for autistic children.,0.7,128,1773622169.1892471,2026-03-16T01:49:29.189249,0.7839159369468689,0.15403492748737335,mamba2-2.7b,2700000000,,2398,119
"Explain what this code does:
def function_76(x): return x * 2",0.7,128,1773622175.2639935,2026-03-16T01:49:35.263995,0.8159440159797668,0.1096654012799263,mamba2-2.7b,2700000000,Explain what this code does,2399,119
