prompt,temp,seq_len,gen_time,timestamp,ED_mean,ED_std,model,model_size,domain,rank,chkpt_id
"wiki_pl: wiki_pl: Ze względu na to, że dokładny pomiar liczby atomów w 1 gramie wodoru-1 jest problematyczny, za podstawę skali względnej masy atomowej przyjęto założenie, że 1 mol to taka liczba atomów, jaka znajduje się w 12 gramach izotopu węgla-12.",1.3,422,1773606609.9225671,2026-03-15T21:30:09.922600,0.2866189181804657,0.4400827884674072,Qwen2.5-32B-Instruct,32000000000,wiki_pl,0,0
wiki_zh: wiki_zh: 文學體裁  中国古典文學分为诗和文，文又分为韵文和散文，中国的抒情诗和文言文最早而比较发达。,1.3,469,1773606656.72848,2026-03-15T21:30:56.728506,0.33338239789009094,0.43982601165771484,Qwen2.5-32B-Instruct,32000000000,wiki_zh,1,0
wiki_pl: wiki_pl: O typie wiązania decyduje różnica elektroujemności atomów.,1.3,484,1773606703.1864176,2026-03-15T21:31:43.186478,0.3687143325805664,0.4640282690525055,Qwen2.5-32B-Instruct,32000000000,wiki_pl,2,0
wiki_zh: wiki_zh: 牛頓為了解決問題所做的定義，到了十九世紀才重新以小心的分析及正式的證明來處理。,1.3,476,1773606750.1889203,2026-03-15T21:32:30.188973,0.3538413345813751,0.45641034841537476,Qwen2.5-32B-Instruct,32000000000,wiki_zh,3,0
wiki_ja: wiki_ja: 文体の位相差  談話の文体（話体）は、話し手の性別・年齢・職業・場面など、位相の違いによって左右される部分が大きい。,1.3,458,1773606797.558702,2026-03-15T21:33:17.558735,0.3228648602962494,0.43960919976234436,Qwen2.5-32B-Instruct,32000000000,wiki_ja,4,0
wiki_zh: wiki_zh: 笛卡尔是割裂精神和物质的二元论者，为了厘清二者关系，他坚定认为在上帝那里，精神和物质是统一的。,1.3,469,1773606843.8562706,2026-03-15T21:34:03.856284,0.3084923028945923,0.410739004611969,Qwen2.5-32B-Instruct,32000000000,wiki_zh,5,0
wiki_pl: wiki_pl: Elektrony na orbitalach najdalszych od jądra mogą przenosić się na inne atomy bądź tworzyć orbitale wokół dwóch i więcej atomów jednocześnie.,0.7,465,1773606890.6293766,2026-03-15T21:34:50.629405,0.3388824462890625,0.451173335313797,Qwen2.5-32B-Instruct,32000000000,wiki_pl,6,0
wiki_pl: wiki_pl: W XIII wieku w alchemii pojawiła się koncepcja korpuskularyzmu.,0.7,483,1773606937.3462367,2026-03-15T21:35:37.346249,0.36614933609962463,0.46194958686828613,Qwen2.5-32B-Instruct,32000000000,wiki_pl,7,0
wiki_zh: wiki_zh: 這四種需要大致地與數量、結構、空間及變化（即算術、代數、幾何及分析）等數學上廣泛的子領域相關連著。,1.0,462,1773606983.989374,2026-03-15T21:36:23.989380,0.3279021680355072,0.4430548846721649,Qwen2.5-32B-Instruct,32000000000,wiki_zh,8,0
"wiki_pl: wiki_pl: 2 z 1878 roku, pierwszej z klawiszem Shift.",1.0,487,1773607030.5862093,2026-03-15T21:37:10.586222,0.3564929962158203,0.44916418194770813,Qwen2.5-32B-Instruct,32000000000,wiki_pl,9,0
wiki_ar: wiki_ar: استمرّ التوسّع في شقّ القنوات وحفر الآبار مع ازدهار الحضارة الإسلاميّة،,0.7,475,1773607077.4927895,2026-03-15T21:37:57.492796,0.3588227927684784,0.46328020095825195,Qwen2.5-32B-Instruct,32000000000,wiki_ar,10,0
"wiki_pl: wiki_pl: 95 spośród nich stanowią znaki drukowalne: małe i wielkie litery alfabetu łacińskiego, cyfry, znaki przestankowe oraz inne symbole.",1.0,460,1773607124.5668418,2026-03-15T21:38:44.566858,0.32542526721954346,0.4419151842594147,Qwen2.5-32B-Instruct,32000000000,wiki_pl,11,0
wiki_zh: wiki_zh: ”換言之即使數千年後，人們依舊在試著回答他所提出的問題，這也代表著人們依然為這些問題或是這些問題所延伸的更多問題而感到困惑。,0.7,462,1773607171.0785482,2026-03-15T21:39:31.078554,0.3402669429779053,0.457265168428421,Qwen2.5-32B-Instruct,32000000000,wiki_zh,12,0
wiki_ar: wiki_ar: لذلك يطفو الجليد على سطح الماء السائل،,1.0,490,1773607217.929489,2026-03-15T21:40:17.929502,0.38127025961875916,0.47127339243888855,Qwen2.5-32B-Instruct,32000000000,wiki_ar,13,0
wiki_pl: wiki_pl: Za jej autora uważa się alchemika podpisującego się Geber.,0.7,489,1773607264.3472652,2026-03-15T21:41:04.347279,0.3508028984069824,0.44291952252388,Qwen2.5-32B-Instruct,32000000000,wiki_pl,14,0
wiki_zh: wiki_zh: 在一战后，舍勒、普莱斯纳和盖伦等采用上述学说，开创了“哲学人类学”。,1.0,476,1773607310.9381304,2026-03-15T21:41:50.938144,0.3398553133010864,0.4402712881565094,Qwen2.5-32B-Instruct,32000000000,wiki_zh,15,0
wiki_ar: wiki_ar: هناك عدد من الدراسات التي ربطت بين الاستهلاك المرتفع لماء الشرب مع حدوث اضطرابات ومشاكل في الوزن.,0.7,470,1773607357.94257,2026-03-15T21:42:37.942580,0.3471842110157013,0.4543069303035736,Qwen2.5-32B-Instruct,32000000000,wiki_ar,16,0
"wiki_pl: wiki_pl: Jego wyjaśnienie przez termiczne ruchy cząsteczek wody zasugerował w 1877 roku Joseph Delsaulx, a w 1905 roku Albert Einstein przedstawił jego pełną matematyczną analizę.",1.3,443,1773607404.697468,2026-03-15T21:43:24.697481,0.3208257853984833,0.4557606875896454,Qwen2.5-32B-Instruct,32000000000,wiki_pl,17,0
wiki_pl: wiki_pl: Ich nazwy dodawane są na końcu listy argumentów w definicji funkcji.,0.7,486,1773607450.8964884,2026-03-15T21:44:10.896499,0.3680102229118347,0.46065759658813477,Qwen2.5-32B-Instruct,32000000000,wiki_pl,18,0
wiki_pl: wiki_pl: Można natomiast określić prawdopodobieństwo rozpadu w określonym czasie.,0.7,481,1773607497.771419,2026-03-15T21:44:57.771432,0.3727678954601288,0.47110459208488464,Qwen2.5-32B-Instruct,32000000000,wiki_pl,19,0
wiki_ja: wiki_ja: 台湾では先住民の異なる部族同士の会話に日本語が用いられることがあるだけでなく、宜蘭クレオールなど日本語とタイヤル語のクレオール言語も存在している。,0.7,453,1773607544.4290555,2026-03-15T21:45:44.429068,0.32036107778549194,0.44205495715141296,Qwen2.5-32B-Instruct,32000000000,wiki_ja,20,1
wiki_ja: wiki_ja: 」などと問いかけ表現を用いる。,1.3,493,1773607590.835622,2026-03-15T21:46:30.835635,0.36572444438934326,0.4526557922363281,Qwen2.5-32B-Instruct,32000000000,wiki_ja,21,1
"wiki_pl: wiki_pl: Następnie następuje akcja wykonywana na każdej linii wejścia: dla każdego pola linii zwiększana jest liczba razy, jaką to słowo (uprzednio zamienione na małe litery) wystąpiło.",0.7,444,1773607637.795049,2026-03-15T21:47:17.795055,0.3258330523967743,0.4604966640472412,Qwen2.5-32B-Instruct,32000000000,wiki_pl,22,1
wiki_ja: wiki_ja: 相互理解性は言語間の距離を伝える重要な情報であるが、これによって一つの言語の範囲を確定しようとすると、技術的難しさにとどまらない困難に直面する。,0.7,455,1773607684.425105,2026-03-15T21:48:04.425115,0.3089829087257385,0.4269254505634308,Qwen2.5-32B-Instruct,32000000000,wiki_ja,23,1
wiki_zh: wiki_zh: 但他不认同笛卡尔的二元论，认为精神和物质不过是唯一实体的两种属性 。,1.0,482,1773607730.9249792,2026-03-15T21:48:50.924989,0.35962677001953125,0.45658737421035767,Qwen2.5-32B-Instruct,32000000000,wiki_zh,24,1
wiki_pl: wiki_pl: Podział  Znaki sterujące   Standard ASCII przeznacza pierwsze 32 kody (0–31) na znaki sterujące.,0.7,472,1773607777.2274687,2026-03-15T21:49:37.227478,0.35206061601638794,0.4579998850822449,Qwen2.5-32B-Instruct,32000000000,wiki_pl,25,1
wiki_ja: wiki_ja: 「や行」の「え」() の音が古代に存在したことは、「あ行」の「え」の仮名と別の文字で書き分けられていたことから明らかである。,1.3,462,1773607823.764437,2026-03-15T21:50:23.764447,0.3227058947086334,0.43342119455337524,Qwen2.5-32B-Instruct,32000000000,wiki_ja,26,1
wiki_zh: wiki_zh: 據米哈伊爾·B·塞甫留克（Mikhail B. Sevryuk）於2006年1月的期刊中所說，「存放於數學評論資料庫中論文和書籍的數量自1940年（數學評論的創刊年份）現已超過了一百九十萬份，而且每年還增加超過七萬五千份。,1.0,412,1773607870.6381602,2026-03-15T21:51:10.638170,0.26815417408943176,0.40883857011795044,Qwen2.5-32B-Instruct,32000000000,wiki_zh,27,1
wiki_ar: wiki_ar: هناك العديد من الرياضات المائيّة التي تعتمد على الماء لممارستها،,1.0,485,1773607917.2092593,2026-03-15T21:51:57.209264,0.3744145631790161,0.45209574699401855,Qwen2.5-32B-Instruct,32000000000,wiki_ar,28,1
"wiki_pl: wiki_pl: Jednak wiadomości zakodowane w ten sposób łatwo mogły ulec zniekształceniu, ponieważ przekłamanie podczas transmisji kodu SHIFT mogłoby zmienić brzmienie dużej części tekstu.",1.3,454,1773607963.8569455,2026-03-15T21:52:43.856955,0.35249629616737366,0.46045535802841187,Qwen2.5-32B-Instruct,32000000000,wiki_pl,29,1
wiki_zh: wiki_zh: 存在主义： 而齐克果对人类生命诠释的过程中比实用主义更激进，他通过“信仰跳跃”来获得与上帝的关联。,0.7,468,1773608010.0837514,2026-03-15T21:53:30.083761,0.3525562882423401,0.4462699294090271,Qwen2.5-32B-Instruct,32000000000,wiki_zh,30,1
wiki_zh: wiki_zh: 現代邏輯被分成遞歸論、模型論和證明論，且和理論電腦科學有著密切的關連性，千禧年大獎難題中的P/NP問題就是理論電腦科學中的著名問題。,0.7,452,1773608057.445397,2026-03-15T21:54:17.445406,0.34743377566337585,0.45778945088386536,Qwen2.5-32B-Instruct,32000000000,wiki_zh,31,1
wiki_ja: wiki_ja: 一方、アクセント核は単語に固定されており、「たまご」の「ま」の後の下がり目はなくなることがない。,0.7,470,1773608104.1892838,2026-03-15T21:55:04.189293,0.36217501759529114,0.4535740911960602,Qwen2.5-32B-Instruct,32000000000,wiki_ja,32,1
wiki_ja: wiki_ja: 次世代の若者は流行遅れと意識し、使わない。,1.3,486,1773608150.7925494,2026-03-15T21:55:50.792560,0.3633173704147339,0.44261008501052856,Qwen2.5-32B-Instruct,32000000000,wiki_ja,33,1
wiki_ja: wiki_ja: 「ぢゃ」は主として上方で用いられ、東国では「だ」が用いられた。,1.0,480,1773608197.8944273,2026-03-15T21:56:37.894440,0.36020272970199585,0.44215938448905945,Qwen2.5-32B-Instruct,32000000000,wiki_ja,34,1
wiki_pl: wiki_pl: Ograniczenie to nie odnosi się do funkcji wbudowanych.,1.0,488,1773608244.3362298,2026-03-15T21:57:24.336236,0.3833569884300232,0.45987433195114136,Qwen2.5-32B-Instruct,32000000000,wiki_pl,35,1
"wiki_pl: wiki_pl: Dla tej samej teorii można stworzyć różne modele, więc gdyby tak było, jedno pojęcie musiałoby mieć wiele sprzecznych definicji.",1.0,468,1773608290.934726,2026-03-15T21:58:10.934731,0.3756857216358185,0.47107240557670593,Qwen2.5-32B-Instruct,32000000000,wiki_pl,36,1
wiki_pl: wiki_pl: W 1932 roku fizyk James Chadwick wyjaśnił te różnice odkrywając neutron – elektrycznie obojętną cząstkę podobną do protonu.,0.7,463,1773608337.2801952,2026-03-15T21:58:57.280201,0.3669856786727905,0.4667651355266571,Qwen2.5-32B-Instruct,32000000000,wiki_pl,37,1
wiki_zh: wiki_zh: 但他不认同笛卡尔的二元论，认为精神和物质不过是唯一实体的两种属性 。,1.3,482,1773608383.7855945,2026-03-15T21:59:43.785600,0.37460091710090637,0.45555391907691956,Qwen2.5-32B-Instruct,32000000000,wiki_zh,38,1
"wiki_pl: wiki_pl: Wtedy, jako że zmiennej s nie została nadana żadna wartość, będzie to pusty ciąg.",1.0,479,1773608430.4370666,2026-03-15T22:00:30.437077,0.3726613521575928,0.45715999603271484,Qwen2.5-32B-Instruct,32000000000,wiki_pl,39,1
wiki_ja: wiki_ja: 付属語  付属語も、活用のないものと、活用のあるものとに分けられる。,1.0,478,1773608477.4609356,2026-03-15T22:01:17.460941,0.3655344545841217,0.4486229717731476,Qwen2.5-32B-Instruct,32000000000,wiki_ja,40,2
wiki_zh: wiki_zh: 上述综合在一起即是他的理论：最真实的无所不包的整体即是“绝对精神”，又是对立的统一。,1.0,480,1773608523.7108977,2026-03-15T22:02:03.710904,0.352375328540802,0.4339776635169983,Qwen2.5-32B-Instruct,32000000000,wiki_zh,41,2
"wiki_pl: wiki_pl: Nie mają ich pierwiastki o liczbie atomowej 43 (technet), 61 (promet) i wszystkie o liczbach atomowych większych od 82 (ołów).",0.7,461,1773608570.3066576,2026-03-15T22:02:50.306663,0.3641166388988495,0.4662291705608368,Qwen2.5-32B-Instruct,32000000000,wiki_pl,42,2
wiki_ja: wiki_ja: 1904年から使用の『尋常小学読本』（第1期）はこの棒引き仮名遣いに従った。,0.7,469,1773608616.8614397,2026-03-15T22:03:36.861452,0.3542574346065521,0.4462573826313019,Qwen2.5-32B-Instruct,32000000000,wiki_ja,43,2
wiki_ja: wiki_ja: 代表例として英語、フランス語、ルーマニア語、アルバニア語、アルメニア語等がある。,0.7,477,1773608663.524712,2026-03-15T22:04:23.524722,0.3607213795185089,0.4461943209171295,Qwen2.5-32B-Instruct,32000000000,wiki_ja,44,2
wiki_zh: wiki_zh: 多指象數之學，但有時也含有今天上的數學意義，例如，秦九韶的《數學九章》（《永樂大典》記，即《數書九章》也被宋代周密所著的《癸辛雜識》記爲《數學大略》）、《數學通軌》（明代柯尚遷著）、《数学钥》（清代杜知耕著）、《數學拾遺》（清代丁取忠撰）。,0.7,397,1773608710.8861144,2026-03-15T22:05:10.886124,0.2649190425872803,0.3930915594100952,Qwen2.5-32B-Instruct,32000000000,wiki_zh,45,2
wiki_pl: wiki_pl: Uzyskują wtedy ładunek elektryczny i można nimi sterować za pomocą pola elektrycznego i magnetycznego.,1.3,471,1773608757.5311255,2026-03-15T22:05:57.531136,0.3957177698612213,0.4635564386844635,Qwen2.5-32B-Instruct,32000000000,wiki_pl,46,2
"wiki_pl: wiki_pl: Zupełność  Często okazuje się, że aksjomatyka nie jest zupełna, to znaczy istnieją pewne twierdzenia, dające się wyrazić w języku dowolnego modelu danej aksjomatyki, których prawdziwości nie da się rozstrzygnąć na podstawie tego zestawu aksjomatów.",1.0,418,1773608804.4109244,2026-03-15T22:06:44.410934,0.3066166341304779,0.4221115708351135,Qwen2.5-32B-Instruct,32000000000,wiki_pl,47,2
wiki_zh: wiki_zh: 作为一个哲学运动，现象学于二十世纪早期由埃德蒙德·胡塞尔创立，之后被他在德国的哥廷根大学和慕尼黑大学中的一派追随者发展壮大。,0.7,462,1773608850.6809318,2026-03-15T22:07:30.680942,0.35798871517181396,0.4338054358959198,Qwen2.5-32B-Instruct,32000000000,wiki_zh,48,2
wiki_ja: wiki_ja: 前者は京阪式アクセントの地域であるが、この地域ではアクセント以外にも、「木」を「きい」、「目」を「めえ」のように一音節語を伸ばして二拍に発音し、また「赤い」→「あけー」のような連母音の融合が起こらないという共通点がある。,1.3,424,1773608898.5974715,2026-03-15T22:08:18.597482,0.3136626183986664,0.42171141505241394,Qwen2.5-32B-Instruct,32000000000,wiki_ja,49,2
wiki_pl: wiki_pl: Choć zapis pól ($X) może kojarzyć się z zapisem określającym zmienne (jak np.,1.3,478,1773608945.07698,2026-03-15T22:09:05.076990,0.3655030429363251,0.42582371830940247,Qwen2.5-32B-Instruct,32000000000,wiki_pl,50,2
wiki_ar: wiki_ar: وهو ذو صلة وثيقة بالنظافة والطهارة والتحلّل من الذنوب،,1.3,482,1773608982.825214,2026-03-15T22:09:42.825223,0.3850046992301941,0.44277656078338623,Qwen2.5-32B-Instruct,32000000000,wiki_ar,51,2
wiki_ar: wiki_ar: أي: وأحيينا بالماء الذي ينزل من السماء كلّ شيء حيّ،,0.7,486,1773609029.285718,2026-03-15T22:10:29.285727,0.3986817002296448,0.45190680027008057,Qwen2.5-32B-Instruct,32000000000,wiki_ar,52,2
wiki_ar: wiki_ar: ممّا يبرز الأهمّيّة الحيويّة له بالنسبة لبقاء البشريّة.,1.0,480,1773609076.3805273,2026-03-15T22:11:16.380537,0.374070942401886,0.43248146772384644,Qwen2.5-32B-Instruct,32000000000,wiki_ar,53,2
wiki_ar: wiki_ar: تؤدّي الهطولات المطريّة و/أو الثلجيّة إلى تأمين المحتوى المائي في المناطق الجغرافيّة،,0.7,467,1773609124.4170256,2026-03-15T22:12:04.417034,0.3586340844631195,0.4276309609413147,Qwen2.5-32B-Instruct,32000000000,wiki_ar,54,2
wiki_pl: wiki_pl: Pierwiastki takie jak ołów powstały głównie w wyniku radioaktywnego rozpadu cięższych pierwiastków.,1.0,474,1773609170.9688551,2026-03-15T22:12:50.968864,0.38518857955932617,0.45190292596817017,Qwen2.5-32B-Instruct,32000000000,wiki_pl,55,2
wiki_ar: wiki_ar: يعدّ الماء أساسيّاً لحدوث عملية التركيب الضوئي وبالتالي التنفس الخلوي عند الكائنات الحيّة.,0.7,474,1773609218.3661375,2026-03-15T22:13:38.366147,0.38449370861053467,0.4488770067691803,Qwen2.5-32B-Instruct,32000000000,wiki_ar,56,2
wiki_zh: wiki_zh: 他便向外界宣传自己的理论，世界是一团熊熊燃烧的火焰，火就是一切事物的本质。,0.7,480,1773609265.132533,2026-03-15T22:14:25.132543,0.3720598518848419,0.4297461211681366,Qwen2.5-32B-Instruct,32000000000,wiki_zh,57,2
wiki_ar: wiki_ar: وقيل أنّها سمّيّت بالعراق أي «الشاطئ» لكثرة ووفرة مياهها،,0.7,477,1773609311.8486571,2026-03-15T22:15:11.848666,0.36941394209861755,0.4306584298610687,Qwen2.5-32B-Instruct,32000000000,wiki_ar,58,2
wiki_ja: wiki_ja: しかし、おおむね、日本海側は新潟県西端の糸魚川市、太平洋側は静岡県浜名湖が境界線（糸魚川・浜名湖線）とされることが多い。,1.0,452,1773609358.9038062,2026-03-15T22:15:58.903815,0.35288190841674805,0.436087965965271,Qwen2.5-32B-Instruct,32000000000,wiki_ja,59,2
wiki_ja: wiki_ja: 接続語  「疲れたので、動けない。,1.0,490,1773609405.8192513,2026-03-15T22:16:45.819260,0.40227124094963074,0.4514552056789398,Qwen2.5-32B-Instruct,32000000000,wiki_ja,60,3
wiki_ar: wiki_ar: تحمل ذرّة الأكسجين شحنة سالبة جزئية؛,1.3,486,1773609452.5302675,2026-03-15T22:17:32.530278,0.39085307717323303,0.44460928440093994,Qwen2.5-32B-Instruct,32000000000,wiki_ar,61,3
wiki_zh: wiki_zh: 在數學中被期許的嚴謹程度因著時間而不同：希臘人期許著仔細的論證，但在牛頓的時代，所使用的方法則較不嚴謹。,0.7,457,1773609499.8742368,2026-03-15T22:18:19.874253,0.3428698778152466,0.420606404542923,Qwen2.5-32B-Instruct,32000000000,wiki_zh,62,3
wiki_ja: wiki_ja: 今日和語と扱われる「ウメ（梅）」「ウマ（馬）」なども、元々は漢語からの借用語であった可能性もあるが、上古漢字の場合、馬と梅の発音は違う。,1.3,451,1773609546.8200228,2026-03-15T22:19:06.820028,0.3567982316017151,0.4418472647666931,Qwen2.5-32B-Instruct,32000000000,wiki_ja,63,3
wiki_ar: wiki_ar: وفي اليهوديّة أيضاً يستخدم الماء لتطهّر الفرد من نجاسات الدنيا وخطاياه،,1.0,475,1773609593.6296356,2026-03-15T22:19:53.629641,0.37116333842277527,0.43326258659362793,Qwen2.5-32B-Instruct,32000000000,wiki_ar,64,3
wiki_ja: wiki_ja: 状況語は、出来事や有様を表す部分の前に置かれるのが普通であり、主語の前に置かれることもある。,1.0,471,1773609640.353514,2026-03-15T22:20:40.353522,0.3653920292854309,0.43186795711517334,Qwen2.5-32B-Instruct,32000000000,wiki_ja,65,3
wiki_zh: wiki_zh: 亦有著拓撲群的研究，結合了結構與空間。,1.3,488,1773609687.3650155,2026-03-15T22:21:27.365031,0.3834138512611389,0.4361956715583801,Qwen2.5-32B-Instruct,32000000000,wiki_zh,66,3
wiki_ja: wiki_ja: 「先日、友人と同道して郊外を散策した」というような漢語の多い文章と、「この間、友だちと連れだって町はずれをぶらぶら歩いた」というような和語の多い文章とを、適宜混ぜ合わせ、あるいは使い分けながら文章を綴っている。,1.3,433,1773609734.4013977,2026-03-15T22:22:14.401409,0.32014477252960205,0.4201759994029999,Qwen2.5-32B-Instruct,32000000000,wiki_ja,67,3
wiki_ar: wiki_ar: في حين تحمل ذرّة الهيدروجين شحنة موجبة جزئية،,1.0,483,1773609781.431293,2026-03-15T22:23:01.431306,0.41064509749412537,0.4675327241420746,Qwen2.5-32B-Instruct,32000000000,wiki_ar,68,3
wiki_zh: wiki_zh: 因而所有數學的最終公理化是不可能的。,0.7,490,1773609828.070503,2026-03-15T22:23:48.070516,0.3955420255661011,0.4451890289783478,Qwen2.5-32B-Instruct,32000000000,wiki_zh,69,3
"wiki_pl: wiki_pl: Dlatego najmniejszą średnicę ma hel – około 62 pm, a największą cez – około 520 pm.",1.0,471,1773609874.7404869,2026-03-15T22:24:34.740501,0.39318400621414185,0.45997634530067444,Qwen2.5-32B-Instruct,32000000000,wiki_pl,70,3
wiki_zh: wiki_zh: 斯多葛学派主要是顺应自然和自制。,1.0,492,1773609920.9885998,2026-03-15T22:25:20.988613,0.40268978476524353,0.44933077692985535,Qwen2.5-32B-Instruct,32000000000,wiki_zh,71,3
wiki_ar: wiki_ar: كما أن تسخين الماء لنقل الحرارة عمليّة فعّالة عن طريق تبخير وتكثيف الماء وذلك بسبب حرارة التبخر العالية له.,1.0,465,1773609967.9134438,2026-03-15T22:26:07.913453,0.36562269926071167,0.43715065717697144,Qwen2.5-32B-Instruct,32000000000,wiki_ar,72,3
wiki_ar: wiki_ar: يفيد معرفة النشاط المائي للأغذية في معرفة كيفيّة حفظ الأغذية ووقايتها من الميكروبات وفي تقدير فترة الصلاحية.,1.0,460,1773610015.1022062,2026-03-15T22:26:55.102231,0.37241220474243164,0.45025143027305603,Qwen2.5-32B-Instruct,32000000000,wiki_ar,73,3
"wiki_pl: wiki_pl: Na końcu wejścia wzorzec END pasuje, więc s jest wypisywane.",1.3,484,1773610061.8309958,2026-03-15T22:27:41.831011,0.39781463146209717,0.4531029462814331,Qwen2.5-32B-Instruct,32000000000,wiki_pl,74,3
wiki_ar: wiki_ar: الماء في الأرض   يوجد الماء على سطح الأرض في المسطّحات المائيّة والتي يمكن أن تكون على عدّة أشكال طبيعيّة مثل المحيطات والبحار والبحيرات والأنهار والجداول والبرك وغير ذلك،,1.0,443,1773610108.8244526,2026-03-15T22:28:28.824462,0.35203003883361816,0.4455856382846832,Qwen2.5-32B-Instruct,32000000000,wiki_ar,75,3
wiki_zh: wiki_zh: 现代哲学，特别是19世纪中后期的哲学流派，有叔本华的意志主义，新康德主义，新黑格尔主义，马克思主义。,1.3,466,1773610155.2937632,2026-03-15T22:29:15.293777,0.36762961745262146,0.43821850419044495,Qwen2.5-32B-Instruct,32000000000,wiki_zh,76,3
"wiki_pl: wiki_pl: Dlatego każdy proton w jądrze musi znajdować się w innym stanie kwantowym, podobnie jak każdy neutron.",0.7,473,1773610202.1182542,2026-03-15T22:30:02.118267,0.4006734788417816,0.4667932987213135,Qwen2.5-32B-Instruct,32000000000,wiki_pl,77,3
wiki_ar: wiki_ar: والتي تعود إلى العصر الحجري الحديث.,0.7,496,1773610229.3003125,2026-03-15T22:30:29.300327,0.4259844720363617,0.4715212881565094,Qwen2.5-32B-Instruct,32000000000,wiki_ar,78,3
"wiki_pl: wiki_pl: Kształt i wielkość   Atomy nie mają dokładnie określonych granic, ich rozmiary są określane w sposób umowny, na podstawie odległości pomiędzy sąsiednimi jądrami atomów (promień kowalencyjny), z którymi tworzą wiązania chemiczne.",1.3,427,1773610276.5950072,2026-03-15T22:31:16.595020,0.33187347650527954,0.44097232818603516,Qwen2.5-32B-Instruct,32000000000,wiki_pl,79,3
wiki_zh: wiki_zh: 至此之后，数学的本质及其地位，一直都是哲学的主要问题之一，数学不受观察和实验造成的不确定性影响，而且是通过纯粹的思想加以理解的。,1.0,470,1773610323.1244147,2026-03-15T22:32:03.124430,0.3743137717247009,0.44309908151626587,Qwen2.5-32B-Instruct,32000000000,wiki_zh,80,4
wiki_ja: wiki_ja: 相互理解可能性  1967年の相互理解可能性の調査より、関東地方出身者に最も理解しにくい方言は（琉球諸語と東北方言を除く）、富山県氷見方言（正解率4.1%）、長野県木曽方言（正解率13.3%）、鹿児島方言（正解率17.6%）、岡山県真庭方言（正解率24.7%）だった。,0.7,391,1773610370.8578274,2026-03-15T22:32:50.857840,0.304173082113266,0.44151923060417175,Qwen2.5-32B-Instruct,32000000000,wiki_ja,81,4
"wiki_pl: wiki_pl: Lukrecjusz twierdził, iż świat składa się jedynie z atomów i pustki.",1.3,482,1773610417.5600405,2026-03-15T22:33:37.560053,0.41695207357406616,0.4648217558860779,Qwen2.5-32B-Instruct,32000000000,wiki_pl,82,4
wiki_ar: wiki_ar: يؤدّي عدم شرب كمّيّات كافية من الماء إلى حدوث شعور بالدوار والغثيان،,1.3,474,1773610464.9453552,2026-03-15T22:34:24.945368,0.4048100709915161,0.45925652980804443,Qwen2.5-32B-Instruct,32000000000,wiki_ar,83,4
wiki_zh: wiki_zh: 和摆脱了自然哲学的近代物理学的出现。,1.0,493,1773610511.1273026,2026-03-15T22:35:11.127316,0.4232444167137146,0.46013522148132324,Qwen2.5-32B-Instruct,32000000000,wiki_zh,84,4
wiki_pl: wiki_pl: Większość współczesnych systemów kodowania znaków jest rozszerzeniem standardu ASCII.,1.0,480,1773610557.6352987,2026-03-15T22:35:57.635312,0.40955761075019836,0.4599902331829071,Qwen2.5-32B-Instruct,32000000000,wiki_pl,85,4
wiki_zh: wiki_zh: 中国历史文學則從尚書、春秋、戰國策、史記等一直延續下來，而且有很詳細的資料記錄。,1.0,473,1773610603.9989538,2026-03-15T22:36:43.998966,0.4077628254890442,0.4631524384021759,Qwen2.5-32B-Instruct,32000000000,wiki_zh,86,4
"wiki_ja: wiki_ja: この場合 A, B がともに真ならば X も真、それ以外は偽である。",1.0,481,1773610650.367923,2026-03-15T22:37:30.367936,0.4186580181121826,0.4664670526981354,Qwen2.5-32B-Instruct,32000000000,wiki_ja,87,4
wiki_ja: wiki_ja: また、「今日は晴れた。,1.0,497,1773610697.3262029,2026-03-15T22:38:17.326216,0.4214489758014679,0.45429641008377075,Qwen2.5-32B-Instruct,32000000000,wiki_ja,88,4
wiki_ja: wiki_ja: ヴォイス）・極性（肯定・否定の決定。,0.7,489,1773610743.8665297,2026-03-15T22:39:03.866543,0.41011062264442444,0.4521239101886749,Qwen2.5-32B-Instruct,32000000000,wiki_ja,89,4
"wiki_pl: wiki_pl: Standard ASCII rozbił znaki ;:, spotykane dotąd na jednym klawiszu, oraz zmienił układ symboli matematycznych (zamiast najczęstszego wariantu -* =+ było :* ;+ -=).",1.0,452,1773610791.6635292,2026-03-15T22:39:51.663542,0.37427452206611633,0.4516652524471283,Qwen2.5-32B-Instruct,32000000000,wiki_pl,90,4
wiki_ar: wiki_ar: يتشكل الماء الملاحظ في الكون بتلك الطريقة وبشكل سريع في ذلك الغاز المتكاثف الساخن.,0.7,476,1773610838.3285873,2026-03-15T22:40:38.328600,0.4100479781627655,0.4624481797218323,Qwen2.5-32B-Instruct,32000000000,wiki_ar,91,4
"wiki_pl: wiki_pl: W XIX wieku odkryto ruchy Browna, będące pośrednim dowodem ziarnistości materii.",1.3,476,1773610884.901852,2026-03-15T22:41:24.901864,0.39975565671920776,0.45369812846183777,Qwen2.5-32B-Instruct,32000000000,wiki_pl,92,4
"wiki_zh: wiki_zh: 相反克尔凯郭尔认为""真理是主观的""，主张对一个现实的人类来说最重要的问题是处理个人与存在内在关系的问题。",1.3,471,1773610931.3614638,2026-03-15T22:42:11.361477,0.4140072166919708,0.47201022505760193,Qwen2.5-32B-Instruct,32000000000,wiki_zh,93,4
wiki_pl: wiki_pl: Większość znaków sterujących jest dzisiaj przestarzała – zostały one pomyślane głównie dla dalekopisów.,1.3,473,1773610978.4682045,2026-03-15T22:42:58.468217,0.4066595733165741,0.4634588062763214,Qwen2.5-32B-Instruct,32000000000,wiki_pl,94,4
wiki_ja: wiki_ja: それぞれの文体・話体の差は大きいが、日本語話者は、複数の文体・話体を常に切り替えながら使用している。,1.3,471,1773611025.3125348,2026-03-15T22:43:45.312548,0.38835376501083374,0.4460356831550598,Qwen2.5-32B-Instruct,32000000000,wiki_ja,95,4
"wiki_pl: wiki_pl: Szkoły filozoficzne Njaja i Waiśeszika opracowały zawiłe teorie, opisujące łączenie się atomów w bardziej złożone obiekty.",0.7,459,1773611072.074754,2026-03-15T22:44:32.074767,0.3749736249446869,0.4456426501274109,Qwen2.5-32B-Instruct,32000000000,wiki_pl,96,4
wiki_zh: wiki_zh: 其主要思想体系在19世纪70年代主要由恩格斯创立，20世纪20年代在苏联形成完整体系——辩证唯物主义和历史唯物主义，这个体系在后来的社会主义国家推动下得以发展。,1.0,451,1773611118.9437733,2026-03-15T22:45:18.943788,0.38091281056404114,0.4583430290222168,Qwen2.5-32B-Instruct,32000000000,wiki_zh,97,4
"wiki_pl: wiki_pl: (Faktyczny katalog może być różny, zależnie od tego jak skompilowano i zainstalowano awk).",0.7,473,1773611166.4613159,2026-03-15T22:46:06.461329,0.4079516530036926,0.4638727009296417,Qwen2.5-32B-Instruct,32000000000,wiki_pl,98,4
wiki_ar: wiki_ar: تكاثف بخار الماء من الهواء وحدوث هطولات تضمن عودة الماء بالتساقط على الأرض.,1.0,474,1773611213.3279283,2026-03-15T22:46:53.327941,0.4010922610759735,0.45550453662872314,Qwen2.5-32B-Instruct,32000000000,wiki_ar,99,4
"wiki_pl: wiki_pl: Cyfry 0–9 składają się z bitów 011 oraz, następującej po nich, binarnej reprezentacji liczb odpowiadających każdej z cyfr.",0.7,462,1773611259.8808491,2026-03-15T22:47:39.880862,0.4098891317844391,0.47649961709976196,Qwen2.5-32B-Instruct,32000000000,wiki_pl,100,5
wiki_pl: wiki_pl: Tabela kodów ASCII  Zobacz też   Ascii85  ASCII-Art  Basic Latin (blok Unicode)  Extended ASCII  Przypisy  Uwagi  Bibliografia  Linki zewnętrzne       Formaty plików komputerowych Kodowania znaków,1.3,443,1773611306.7681348,2026-03-15T22:48:26.768148,0.37147092819213867,0.4558179974555969,Qwen2.5-32B-Instruct,32000000000,wiki_pl,101,5
wiki_ja: wiki_ja: しかしFOXP2は言語能力を有しない他の動物の多くが持っていること、FOXP2の変異が言語能力の獲得の必要条件であるとの直接的な証明はまだなされていないことなどに留意する必要がある。,0.7,448,1773611353.6340353,2026-03-15T22:49:13.634049,0.3751017153263092,0.45421725511550903,Qwen2.5-32B-Instruct,32000000000,wiki_ja,102,5
wiki_ja: wiki_ja: 目的語と補語  現行の学校文法では、英語にあるような「目的語」「補語」などの成分はないとする。,1.0,469,1773611400.3669665,2026-03-15T22:50:00.366978,0.40102073550224304,0.45979252457618713,Qwen2.5-32B-Instruct,32000000000,wiki_ja,103,5
wiki_ar: wiki_ar: فشل السومريون في تحقيق التوازن اللازم بين تركّز الملح في التربة وبين عمليات صرف المياه منها،,1.0,473,1773611447.6479402,2026-03-15T22:50:47.647953,0.39553844928741455,0.45102497935295105,Qwen2.5-32B-Instruct,32000000000,wiki_ar,104,5
"wiki_pl: wiki_pl: W 1789 roku Antoine Lavoisier odkrył prawo zachowania masy i zdefiniował pierwiastek chemiczny jako podstawową substancję, która nie może już być rozdzielona metodami chemicznymi.",1.3,447,1773611494.451636,2026-03-15T22:51:34.451650,0.3907977044582367,0.47185754776000977,Qwen2.5-32B-Instruct,32000000000,wiki_pl,105,5
wiki_zh: wiki_zh: 黑格尔认为需要经过三个阶段来达到这个“绝对精神”，从逻辑、自然到精神，即是从思维到存在，再到两者统一的过程，从而完成他的统一论。,0.7,465,1773611541.475819,2026-03-15T22:52:21.475827,0.40710246562957764,0.47170257568359375,Qwen2.5-32B-Instruct,32000000000,wiki_zh,106,5
"wiki_pl: wiki_pl: Niezależność  Układ aksjomatów jest niezależny, jeśli żaden z aksjomatów nie wynika z pozostałych.",1.0,470,1773611574.1837723,2026-03-15T22:52:54.183786,0.4052528440952301,0.46524685621261597,Qwen2.5-32B-Instruct,32000000000,wiki_pl,107,5
"wiki_ja: wiki_ja: この場合 A, B がともに真ならば X も真、それ以外は偽である。",1.3,481,1773611620.6579163,2026-03-15T22:53:40.657930,0.42046377062797546,0.4685400128364563,Qwen2.5-32B-Instruct,32000000000,wiki_ja,108,5
"wiki_pl: wiki_pl: Na podstawie tych wyników Rutherford stworzył nowy model atomu, w którym dodatni ładunek i większość masy atomu są skupione w niewielkim jądrze w jego centrum, a ujemnie naładowane elektrony krążą wokół jądra.",1.3,432,1773611667.6195211,2026-03-15T22:54:27.619535,0.3742499053478241,0.4718366861343384,Qwen2.5-32B-Instruct,32000000000,wiki_pl,109,5
wiki_zh: wiki_zh: 但，尼采对其进行彻底的改革，有“对所有价值重新作出评价”的论述。,0.7,483,1773611713.795776,2026-03-15T22:55:13.795789,0.4330923557281494,0.4788452088832855,Qwen2.5-32B-Instruct,32000000000,wiki_zh,110,5
"wiki_pl: wiki_pl: Ze względu na to, że dokładny pomiar liczby atomów w 1 gramie wodoru-1 jest problematyczny, za podstawę skali względnej masy atomowej przyjęto założenie, że 1 mol to taka liczba atomów, jaka znajduje się w 12 gramach izotopu węgla-12.",1.0,422,1773611760.7643058,2026-03-15T22:56:00.764319,0.3487292230129242,0.4547159671783447,Qwen2.5-32B-Instruct,32000000000,wiki_pl,111,5
wiki_zh: wiki_zh: 在东亚的其他地方，日本哲学形成于本土的神道信仰和佛教、儒家以及另一些中国哲学和印度哲学学派混合发展。,0.7,472,1773611807.2569885,2026-03-15T22:56:47.257002,0.39693161845207214,0.45170071721076965,Qwen2.5-32B-Instruct,32000000000,wiki_zh,112,5
wiki_ar: wiki_ar: من جهة أخرى تستخدم النباتات وبعض الحيوانات اللافقارية ظاهرة ضغط الامتلاء (أو ضغط الانتباج) بالاعتماد على امتلاء محتوى الخليّة بالماء للقيام بتحريك بسيط للأعضاء.,1.3,442,1773611854.1354113,2026-03-15T22:57:34.135424,0.3618358075618744,0.446554958820343,Qwen2.5-32B-Instruct,32000000000,wiki_ar,113,5
wiki_ja: wiki_ja: 目的語と補語  現行の学校文法では、英語にあるような「目的語」「補語」などの成分はないとする。,1.3,469,1773611884.343893,2026-03-15T22:58:04.343902,0.39986366033554077,0.45896416902542114,Qwen2.5-32B-Instruct,32000000000,wiki_ja,114,5
wiki_ar: wiki_ar: الماء في الأرض   يوجد الماء على سطح الأرض في المسطّحات المائيّة والتي يمكن أن تكون على عدّة أشكال طبيعيّة مثل المحيطات والبحار والبحيرات والأنهار والجداول والبرك وغير ذلك،,0.7,443,1773611931.4586155,2026-03-15T22:58:51.458628,0.36105504631996155,0.4445193409919739,Qwen2.5-32B-Instruct,32000000000,wiki_ar,115,5
wiki_ja: wiki_ja: しかしFOXP2は言語能力を有しない他の動物の多くが持っていること、FOXP2の変異が言語能力の獲得の必要条件であるとの直接的な証明はまだなされていないことなどに留意する必要がある。,1.0,448,1773611978.2091384,2026-03-15T22:59:38.209152,0.36980053782463074,0.44951531291007996,Qwen2.5-32B-Instruct,32000000000,wiki_ja,116,5
wiki_zh: wiki_zh: 文言文，常指非八股文的文體。,1.0,490,1773612024.830266,2026-03-15T23:00:24.830279,0.41282975673675537,0.45296934247016907,Qwen2.5-32B-Instruct,32000000000,wiki_zh,117,5
wiki_zh: wiki_zh: 其他描述型式   网络文学是一種從网络環境起源的文學形態。,1.0,481,1773612071.1074915,2026-03-15T23:01:11.107504,0.41311293840408325,0.45962050557136536,Qwen2.5-32B-Instruct,32000000000,wiki_zh,118,5
wiki_ja: wiki_ja: 表記史  仮名の誕生  元来、日本に文字と呼べるものはなく、言葉を表記するためには中国渡来の漢字を用いた（いわゆる神代文字は後世の偽作とされている）。,1.3,442,1773612118.3919532,2026-03-15T23:01:58.391966,0.3576570451259613,0.4422835409641266,Qwen2.5-32B-Instruct,32000000000,wiki_ja,119,5
wiki_ja: wiki_ja: 対象語（補語）  鈴木重幸・鈴木康之らは、「連用修飾語」のうち、「目的語」に当たる語は、述語の表す動きや状態の成立に加わる対象を表す「対象語」であるとし、文の基本成分として認めている。,0.7,421,1773612165.357472,2026-03-15T23:02:45.357485,0.35885918140411377,0.4684223532676697,Qwen2.5-32B-Instruct,32000000000,wiki_ja,120,6
wiki_zh: wiki_zh: 他非常不赞同物质的抽象概念，认为其既无客观实在，也不能存在于人心。,0.7,483,1773612211.7170544,2026-03-15T23:03:31.717059,0.4256766736507416,0.47559013962745667,Qwen2.5-32B-Instruct,32000000000,wiki_zh,121,6
wiki_ar: wiki_ar: وهو أساسي لإنتاج المحاصيل الغذائيّة.,1.0,494,1773612258.4911656,2026-03-15T23:04:18.491171,0.4373331665992737,0.47350868582725525,Qwen2.5-32B-Instruct,32000000000,wiki_ar,122,6
wiki_ar: wiki_ar: ويرجع ذلك لموقع الأرض في النطاق الصالح للحياة في النظام الشمسي،,1.3,483,1773612305.3253412,2026-03-15T23:05:05.325351,0.42347827553749084,0.4700964689254761,Qwen2.5-32B-Instruct,32000000000,wiki_ar,123,6
"wiki_pl: wiki_pl: Następnie następuje akcja wykonywana na każdej linii wejścia: dla każdego pola linii zwiększana jest liczba razy, jaką to słowo (uprzednio zamienione na małe litery) wystąpiło.",1.0,444,1773612352.0253143,2026-03-15T23:05:52.025324,0.3891390264034271,0.4734405279159546,Qwen2.5-32B-Instruct,32000000000,wiki_pl,124,6
wiki_ar: wiki_ar: وهي التي يمكن معالجتها بسهولة نسبيّاً،,1.3,489,1773612398.3207045,2026-03-15T23:06:38.320710,0.41654613614082336,0.4582950472831726,Qwen2.5-32B-Instruct,32000000000,wiki_ar,125,6
wiki_ja: wiki_ja: さらに、英語はアメリカ合衆国やイギリスの公用語であるため世界で広く重要視されている。,1.3,474,1773612444.8752744,2026-03-15T23:07:24.875285,0.406027227640152,0.4594896137714386,Qwen2.5-32B-Instruct,32000000000,wiki_ja,126,6
wiki_ja: wiki_ja: 「オジ」「オバ」の子はいずれも「イトコ」の名で呼ばれる。,0.7,482,1773612491.5123923,2026-03-15T23:08:11.512401,0.40745866298675537,0.454936683177948,Qwen2.5-32B-Instruct,32000000000,wiki_ja,127,6
"wiki_pl: wiki_pl: Kryterium ważności jest tu subiektywne – teoria, w której żadne zdanie nie daje się rozstrzygnąć, jest formalnie poprawna, lecz bezużyteczna.",1.3,455,1773612538.0342274,2026-03-15T23:08:58.034237,0.3754696547985077,0.44914859533309937,Qwen2.5-32B-Instruct,32000000000,wiki_pl,128,6
wiki_zh: wiki_zh: 多指象數之學，但有時也含有今天上的數學意義，例如，秦九韶的《數學九章》（《永樂大典》記，即《數書九章》也被宋代周密所著的《癸辛雜識》記爲《數學大略》）、《數學通軌》（明代柯尚遷著）、《数学钥》（清代杜知耕著）、《數學拾遺》（清代丁取忠撰）。,1.0,397,1773612584.8513992,2026-03-15T23:09:44.851410,0.3096587657928467,0.4414357841014862,Qwen2.5-32B-Instruct,32000000000,wiki_zh,129,6
wiki_zh: wiki_zh: 将其大胆的心理概括传统从宗教、艺术到道德、社会，再到科学和认识本身。,0.7,482,1773612630.9373841,2026-03-15T23:10:30.937393,0.3939160108566284,0.44138896465301514,Qwen2.5-32B-Instruct,32000000000,wiki_zh,130,6
"wiki_pl: wiki_pl: Trzy lata później, w 1963 roku, została udostępniona pierwsza wersja standardu ASCII.",1.3,477,1773612677.8758073,2026-03-15T23:11:17.875816,0.40748366713523865,0.46038731932640076,Qwen2.5-32B-Instruct,32000000000,wiki_pl,131,6
"wiki_pl: wiki_pl: W XIX wieku odkryto ruchy Browna, będące pośrednim dowodem ziarnistości materii.",1.0,476,1773612724.7979968,2026-03-15T23:12:04.798006,0.40859919786453247,0.4624760150909424,Qwen2.5-32B-Instruct,32000000000,wiki_pl,132,6
wiki_ar: wiki_ar: وذلك حين نفد ما معهما من زاد وماء.,1.0,493,1773612771.3623846,2026-03-15T23:12:51.362394,0.4177151620388031,0.4552178978919983,Qwen2.5-32B-Instruct,32000000000,wiki_ar,133,6
wiki_ar: wiki_ar: وذلك على العكس من أغلب المواد النقيّة الأخرى،,0.7,491,1773612818.119734,2026-03-15T23:13:38.119743,0.4095380902290344,0.450356125831604,Qwen2.5-32B-Instruct,32000000000,wiki_ar,134,6
"wiki_pl: wiki_pl: Fuzja, w której powstaje jądro lżejsze od żelaza – o liczbie nukleonów mniejszej niż 60 – powoduje zwykle wyemitowanie większej ilości energii niż jest potrzebna do jej wywołania.",1.3,444,1773612864.8722832,2026-03-15T23:14:24.872288,0.37090426683425903,0.4560665488243103,Qwen2.5-32B-Instruct,32000000000,wiki_pl,135,6
wiki_zh: wiki_zh: 早期近代哲学的大致结束通常被确定为伊曼努尔·康德的试图限定形而上学范围、证明科学知识并用道德和自由来调和两者的体系。,1.0,463,1773612911.0269003,2026-03-15T23:15:11.026910,0.374874472618103,0.4391785264015198,Qwen2.5-32B-Instruct,32000000000,wiki_zh,136,6
wiki_ja: wiki_ja: この録音調査には、柳田邦夫、東条操、岩淵悦太郎、金田一春彦など言語学者らが指導にあたった。,0.7,462,1773612958.3428528,2026-03-15T23:15:58.342862,0.3835059106349945,0.4507836103439331,Qwen2.5-32B-Instruct,32000000000,wiki_ja,137,6
wiki_ar: wiki_ar: هناك أبحاث تشير إلى أنّ الماء السائل قد يوجد بكمّيّات معتبرة في قمر إنسيلادوس الذي يدور في فلك زحل،,1.0,465,1773613005.4024563,2026-03-15T23:16:45.402466,0.38440144062042236,0.4479891061782837,Qwen2.5-32B-Instruct,32000000000,wiki_ar,138,6
wiki_zh: wiki_zh: 尽管理学遭到道教和佛教徒的批评，理学仍借鉴了它们两个的部分术语和概念。,1.0,480,1773613051.9492776,2026-03-15T23:17:31.949288,0.4020598232746124,0.45097336173057556,Qwen2.5-32B-Instruct,32000000000,wiki_zh,139,6
wiki_ja: wiki_ja: すなわち、動詞の態（特に受け身・使役・可能など。,1.3,483,1773613098.619702,2026-03-15T23:18:18.619719,0.4140136241912842,0.4630638659000397,Qwen2.5-32B-Instruct,32000000000,wiki_ja,140,7
"wiki_pl: wiki_pl: W AWK rekordy rozbijane są na pola, które można wyświetlić osobno:   print $1  Wyświetla pierwsze pole obecnego rekordu.",0.7,463,1773613145.0168707,2026-03-15T23:19:05.016880,0.4028882682323456,0.4692332446575165,Qwen2.5-32B-Instruct,32000000000,wiki_pl,141,7
wiki_zh: wiki_zh: 苏格拉底没有直接教过人，但之后的柏拉图深受其影响。,0.7,483,1773613191.3460402,2026-03-15T23:19:51.346050,0.40618985891342163,0.45294541120529175,Qwen2.5-32B-Instruct,32000000000,wiki_zh,142,7
"wiki_pl: wiki_pl: Neutrony i protony mają podobne średnice, rzędu 2,5 m – jednak z powodu ich wewnętrznej struktury trudno zdefiniować, co jest ich „powierzchnią”.",1.0,453,1773613237.8244262,2026-03-15T23:20:37.824436,0.39038336277008057,0.4657216966152191,Qwen2.5-32B-Instruct,32000000000,wiki_pl,143,7
"wiki_pl: wiki_pl: Atmosfera ziemska składa się głównie z azotu (N2), tlenu (O2), pary wodnej (H2O), argonu (Ar) i dwutlenku węgla (CO2).",1.0,454,1773613284.7174716,2026-03-15T23:21:24.717481,0.3970392346382141,0.4717992842197418,Qwen2.5-32B-Instruct,32000000000,wiki_pl,144,7
"wiki_pl: wiki_pl: Niezależność  Układ aksjomatów jest niezależny, jeśli żaden z aksjomatów nie wynika z pozostałych.",0.7,470,1773613308.2578583,2026-03-15T23:21:48.257868,0.4118969142436981,0.4710167348384857,Qwen2.5-32B-Instruct,32000000000,wiki_pl,145,7
wiki_zh: wiki_zh: 文學一般分为小說、散文、詩歌、劇本，并称为四大文学体裁；,1.0,484,1773613354.3323138,2026-03-15T23:22:34.332323,0.40768590569496155,0.4538481533527374,Qwen2.5-32B-Instruct,32000000000,wiki_zh,146,7
wiki_pl: wiki_pl: Gluony są bozonami cechowania – podstawowymi cząstkami przenoszącymi oddziaływania fizyczne.,1.0,473,1773613401.4462833,2026-03-15T23:23:21.446300,0.40856829285621643,0.4648350179195404,Qwen2.5-32B-Instruct,32000000000,wiki_pl,147,7
wiki_zh: wiki_zh: 分支  主分支  哲學可以分为很多不同的分支，主要包括形而上學、知識論、倫理學、邏輯學和美學。,0.7,467,1773613447.853306,2026-03-15T23:24:07.853315,0.4109654128551483,0.4725630581378937,Qwen2.5-32B-Instruct,32000000000,wiki_zh,148,7
"wiki_pl: wiki_pl: Trzy lata później, w 1963 roku, została udostępniona pierwsza wersja standardu ASCII.",0.7,477,1773613494.26606,2026-03-15T23:24:54.266065,0.43100133538246155,0.4825124144554138,Qwen2.5-32B-Instruct,32000000000,wiki_pl,149,7
"wiki_pl: wiki_pl: Jednocześnie w 1913 roku fizyk Niels Bohr zaproponował wyjaśnienie występowania linii spektralnych w widmach emisyjnych pierwiastków przez wprowadzenie hipotezy istnienia zestawu dopuszczalnych orbit, na których mogą krążyć elektrony wokół jądra atomowego.",1.3,420,1773613541.4944484,2026-03-15T23:25:41.494458,0.3416118919849396,0.448149710893631,Qwen2.5-32B-Instruct,32000000000,wiki_pl,150,7
wiki_zh: wiki_zh: 这之后，从19世纪末期到20世纪初期，马克思的哲学思想才在恩格斯、普列汉诺夫和列宁等人的阐释和补充下，为辩证唯物论和历史唯物论，并形成新的世界观。,0.7,448,1773613588.746941,2026-03-15T23:26:28.746951,0.3899746537208557,0.47022250294685364,Qwen2.5-32B-Instruct,32000000000,wiki_zh,151,7
wiki_ar: wiki_ar: وذلك للتأثير المباشر على الغطاء النباتي.,1.0,494,1773613635.2519207,2026-03-15T23:27:15.251926,0.44499942660331726,0.4799650311470032,Qwen2.5-32B-Instruct,32000000000,wiki_ar,152,7
wiki_ja: wiki_ja: また、今日では和語と扱われる「ほとけ（仏）」「かわら（瓦）」なども梵語由来であるとされる。,1.3,468,1773613681.9403229,2026-03-15T23:28:01.940328,0.38989290595054626,0.45036980509757996,Qwen2.5-32B-Instruct,32000000000,wiki_ja,153,7
wiki_pl: wiki_pl: W XIII wieku w alchemii pojawiła się koncepcja korpuskularyzmu.,1.3,483,1773613728.4001284,2026-03-15T23:28:48.400134,0.4011061489582062,0.451103538274765,Qwen2.5-32B-Instruct,32000000000,wiki_pl,154,7
wiki_ar: wiki_ar: والباقي على شكل صلب (1.,1.0,496,1773613775.0332856,2026-03-15T23:29:35.033302,0.4166717827320099,0.4520776569843292,Qwen2.5-32B-Instruct,32000000000,wiki_ar,155,7
wiki_ar: wiki_ar: ممّا يضمن استمرار التناسل وبقاء الكائنات الحية.,1.3,486,1773613821.5900633,2026-03-15T23:30:21.590069,0.4241788387298584,0.46683236956596375,Qwen2.5-32B-Instruct,32000000000,wiki_ar,156,7
wiki_pl: wiki_pl: Poza nimi AWK posiada również inne zmienne:  Tablice  Tablice są indeksowane wyrażeniem ujętym w nawiasy kwadratowe ([]).,1.3,464,1773613868.2491813,2026-03-15T23:31:08.249191,0.39982518553733826,0.46419647336006165,Qwen2.5-32B-Instruct,32000000000,wiki_pl,157,7
"wiki_pl: wiki_pl: 95 spośród nich stanowią znaki drukowalne: małe i wielkie litery alfabetu łacińskiego, cyfry, znaki przestankowe oraz inne symbole.",0.7,460,1773613915.067198,2026-03-15T23:31:55.067203,0.3996279239654541,0.4676781892776489,Qwen2.5-32B-Instruct,32000000000,wiki_pl,158,7
wiki_ar: wiki_ar: وهو أساس كافّة الظواهر المتعلّقة بالطقس وحالة الجوّ،,1.0,484,1773613933.3472831,2026-03-15T23:32:13.347288,0.42290210723876953,0.46848875284194946,Qwen2.5-32B-Instruct,32000000000,wiki_ar,159,7
"wiki_pl: wiki_pl: Rzadkie i teoretyczne atomy  Choć wszystkie nuklidy o liczbie atomowej większej niż 82 (ołów) są radioaktywne, teoretyczne modele przewidują istnienie „wyspy stabilności” – zbioru pierwiastków o liczbach atomowych powyżej 103, które miałyby stosunkowo stabilne izotopy.",1.3,407,1773613981.6506093,2026-03-15T23:33:01.650626,0.3168448805809021,0.4369543492794037,Qwen2.5-32B-Instruct,32000000000,wiki_pl,160,8
wiki_pl: wiki_pl: Łączna liczba protonów i neutronów określana jest jako liczba masowa.,1.0,485,1773614029.0672534,2026-03-15T23:33:49.067263,0.4104677140712738,0.45622795820236206,Qwen2.5-32B-Instruct,32000000000,wiki_pl,161,8
wiki_zh: wiki_zh: ancient literature，古文，今文」。,1.3,494,1773614075.308492,2026-03-15T23:34:35.308503,0.4205567240715027,0.4571666419506073,Qwen2.5-32B-Instruct,32000000000,wiki_zh,162,8
wiki_ar: wiki_ar: وتلك خاصّيّة في أصل وجوهر الماء،,0.7,489,1773614122.023635,2026-03-15T23:35:22.023654,0.3933104872703552,0.43592384457588196,Qwen2.5-32B-Instruct,32000000000,wiki_ar,163,8
wiki_ja: wiki_ja: これ以降使われなくなった仮名を、今日では変体仮名と呼んでいる。,1.0,481,1773614169.6994894,2026-03-15T23:36:09.699503,0.392556369304657,0.4418955147266388,Qwen2.5-32B-Instruct,32000000000,wiki_ja,164,8
wiki_zh: wiki_zh: 一般相信此問題的解答是否定的。,1.3,493,1773614217.2492285,2026-03-15T23:36:57.249242,0.4210192561149597,0.45859774947166443,Qwen2.5-32B-Instruct,32000000000,wiki_zh,165,8
wiki_zh: wiki_zh: 古希腊-罗马   古希腊-罗马哲学是西方哲学的一个时期，时间为公元前6世纪[约585]到公元6世纪。,0.7,471,1773614263.6907656,2026-03-15T23:37:43.690771,0.3986581563949585,0.4555186331272125,Qwen2.5-32B-Instruct,32000000000,wiki_zh,166,8
wiki_ja: wiki_ja: 英語での句の構成を例示すると以下のようになる（太字はそれぞれの句の主要部）。,0.7,478,1773614310.3534706,2026-03-15T23:38:30.353481,0.38433799147605896,0.4351622760295868,Qwen2.5-32B-Instruct,32000000000,wiki_ja,167,8
wiki_ar: wiki_ar: ومع انهيار الزراعة انهارت الحضارة السومريّة.,1.0,489,1773614357.1170971,2026-03-15T23:39:17.117107,0.4354320466518402,0.47608450055122375,Qwen2.5-32B-Instruct,32000000000,wiki_ar,168,8
wiki_pl: wiki_pl: Większość współczesnych systemów kodowania znaków jest rozszerzeniem standardu ASCII.,1.3,480,1773614403.4030864,2026-03-15T23:40:03.403091,0.4193168580532074,0.46847862005233765,Qwen2.5-32B-Instruct,32000000000,wiki_pl,169,8
"wiki_pl: wiki_pl: W wyniku zderzeń jąder atomowych może dojść do utworzenia nowych jąder, ale doprowadzenie do takiej reakcji wymaga często bardzo wysokich energii.",1.0,461,1773614449.9816322,2026-03-15T23:40:49.981641,0.37914106249809265,0.4471439719200134,Qwen2.5-32B-Instruct,32000000000,wiki_pl,170,8
wiki_ar: wiki_ar: ما يعمل على تسخين الغاز.,0.7,497,1773614496.5517561,2026-03-15T23:41:36.551766,0.4217585027217865,0.45715755224227905,Qwen2.5-32B-Instruct,32000000000,wiki_ar,171,8
wiki_zh: wiki_zh: 罗素和摩尔发动了分析运动，由此形成分析哲学的雏形。,1.3,484,1773614542.5351932,2026-03-15T23:42:22.535204,0.387500524520874,0.4340822398662567,Qwen2.5-32B-Instruct,32000000000,wiki_zh,172,8
wiki_ja: wiki_ja: それぞれの文体・話体の差は大きいが、日本語話者は、複数の文体・話体を常に切り替えながら使用している。,0.7,471,1773614589.208557,2026-03-15T23:43:09.208567,0.3837904930114746,0.44123023748397827,Qwen2.5-32B-Instruct,32000000000,wiki_ja,173,8
"wiki_pl: wiki_pl: Standard ASCII był uaktualniany czterokrotnie – w latach 1967, 1968, 1977 i 1986.",1.3,462,1773614635.7422457,2026-03-15T23:43:55.742255,0.3843870162963867,0.45065104961395264,Qwen2.5-32B-Instruct,32000000000,wiki_pl,174,8
wiki_ar: wiki_ar: في المسيحيّة يستعمل الماء للتعميد،,1.3,493,1773614682.4497657,2026-03-15T23:44:42.449775,0.3966566026210785,0.4352257251739502,Qwen2.5-32B-Instruct,32000000000,wiki_ar,175,8
wiki_zh: wiki_zh: 由皮尔士和詹姆士等思想家开创了实用主义运动，对“人类行动、利益和目的作出实际考虑”。,1.3,475,1773614728.8125362,2026-03-15T23:45:28.812546,0.40507203340530396,0.4584183990955353,Qwen2.5-32B-Instruct,32000000000,wiki_zh,176,8
wiki_ja: wiki_ja: およびそれを用いる行為（広辞苑）。,1.3,492,1773614775.0776312,2026-03-15T23:46:15.077641,0.41774842143058777,0.4568326473236084,Qwen2.5-32B-Instruct,32000000000,wiki_ja,177,8
wiki_pl: wiki_pl: Wynalezienie spektrometru mas umożliwiło dokładne zmierzenie bezwzględnych mas atomowych.,0.7,479,1773614821.4429946,2026-03-15T23:47:01.443004,0.4086678624153137,0.45934271812438965,Qwen2.5-32B-Instruct,32000000000,wiki_pl,178,8
wiki_ja: wiki_ja: 表日本方言は共通語に近い音韻体系を持つ。,1.0,487,1773614867.8389134,2026-03-15T23:47:47.838923,0.41536083817481995,0.4581318795681,Qwen2.5-32B-Instruct,32000000000,wiki_ja,179,8
"wiki_pl: wiki_pl: Dowodząc jakiegoś twierdzenia, należy oprzeć dowód na innych twierdzeniach, które z kolei także należałoby udowodnić i tak dalej.",0.7,458,1773614914.8311834,2026-03-15T23:48:34.831193,0.3818441927433014,0.45207735896110535,Qwen2.5-32B-Instruct,32000000000,wiki_pl,180,9
wiki_ja: wiki_ja: 一般に似ているとされる語の中には、日本語からアイヌ語への借用語が多く含まれるとみられる。,1.3,478,1773614961.5974414,2026-03-15T23:49:21.597452,0.39062556624412537,0.44272249937057495,Qwen2.5-32B-Instruct,32000000000,wiki_ja,181,9
wiki_ja: wiki_ja: ここから、前者は文の根幹をなすとして補充成分と称し、後者に限って修飾成分と称する説もある。,1.0,468,1773615008.7351542,2026-03-15T23:50:08.735159,0.40027597546577454,0.4613609313964844,Qwen2.5-32B-Instruct,32000000000,wiki_ja,182,9
wiki_zh: wiki_zh: 今日，數學家們則持續地在爭論電腦協助證明的嚴謹度。,0.7,482,1773615055.1872876,2026-03-15T23:50:55.187297,0.41945257782936096,0.46636682748794556,Qwen2.5-32B-Instruct,32000000000,wiki_zh,183,9
wiki_ar: wiki_ar: على شكل بخار ماء  يوجد الماء بحالته الغازيّة على هيئة بخار ماء،,1.3,480,1773615102.085525,2026-03-15T23:51:42.085531,0.42065608501434326,0.4704987108707428,Qwen2.5-32B-Instruct,32000000000,wiki_ar,184,9
wiki_ja: wiki_ja: 言語消滅は、隣接したより大きな言語集団との交流が不可欠となり、その言語圏に小言語集団が取り込まれることによって起きる。,0.7,458,1773615148.8389075,2026-03-15T23:52:28.838912,0.3670520484447479,0.43675366044044495,Qwen2.5-32B-Instruct,32000000000,wiki_ja,185,9
"wiki_pl: wiki_pl: Matematycy mówią, że dana teoria jest wyrażona w języku opartym na określonym alfabecie.",1.3,473,1773615195.6633785,2026-03-15T23:53:15.663384,0.39216211438179016,0.44863656163215637,Qwen2.5-32B-Instruct,32000000000,wiki_pl,186,9
wiki_ja: wiki_ja: 0x12345678 & 0x0f0f0f0f のように1個であればビット AND を表す。,1.3,469,1773615242.6613793,2026-03-15T23:54:02.661389,0.3795226514339447,0.43994399905204773,Qwen2.5-32B-Instruct,32000000000,wiki_ja,187,9
wiki_pl: wiki_pl: Stopień odkształcenia zależy od siły pola i typu zewnętrznej powłoki elektronowej atomu.,0.7,478,1773615289.3705912,2026-03-15T23:54:49.370601,0.40887534618377686,0.4615754187107086,Qwen2.5-32B-Instruct,32000000000,wiki_pl,188,9
wiki_zh: wiki_zh: 在东亚的其他地方，日本哲学形成于本土的神道信仰和佛教、儒家以及另一些中国哲学和印度哲学学派混合发展。,1.3,472,1773615335.7795732,2026-03-15T23:55:35.779582,0.40259242057800293,0.4592900276184082,Qwen2.5-32B-Instruct,32000000000,wiki_zh,189,9
wiki_zh: wiki_zh: 分支  主分支  哲學可以分为很多不同的分支，主要包括形而上學、知識論、倫理學、邏輯學和美學。,1.0,467,1773615382.2632008,2026-03-15T23:56:22.263210,0.40186333656311035,0.46313056349754333,Qwen2.5-32B-Instruct,32000000000,wiki_zh,190,9
"wiki_ja: wiki_ja: また、共通語である普通話を含め, 13個の方言が存在する。",1.3,482,1773615428.8744764,2026-03-15T23:57:08.874486,0.41004812717437744,0.4589708745479584,Qwen2.5-32B-Instruct,32000000000,wiki_ja,191,9
wiki_ja: wiki_ja: 前者は京阪式アクセントの地域であるが、この地域ではアクセント以外にも、「木」を「きい」、「目」を「めえ」のように一音節語を伸ばして二拍に発音し、また「赤い」→「あけー」のような連母音の融合が起こらないという共通点がある。,0.7,424,1773615476.308272,2026-03-15T23:57:56.308281,0.32608816027641296,0.42728883028030396,Qwen2.5-32B-Instruct,32000000000,wiki_ja,192,9
"wiki_pl: wiki_pl: W 1922 roku doświadczenie Sterna-Gerlacha pokazało, że kierunek wektora magnetycznego momentu dipolowego atomów jest skwantowany.",1.0,463,1773615522.9685068,2026-03-15T23:58:42.968512,0.3881072700023651,0.4542634189128876,Qwen2.5-32B-Instruct,32000000000,wiki_pl,193,9
wiki_ar: wiki_ar: في المسيحيّة يستعمل الماء للتعميد،,1.0,493,1773615569.7972298,2026-03-15T23:59:29.797238,0.4178868532180786,0.45680809020996094,Qwen2.5-32B-Instruct,32000000000,wiki_ar,194,9
wiki_ja: wiki_ja: 橋本進吉は、江戸時代の上代特殊仮名遣いの研究を再評価し、記紀や『万葉集』などの万葉仮名において「き・ひ・み・け・へ・め・こ・そ・と・の・も・よ・ろ」の表記に2種類の仮名が存在することを指摘した（甲類・乙類と称する。,1.3,405,1773615616.9338675,2026-03-16T00:00:16.933879,0.3070918917655945,0.4282299876213074,Qwen2.5-32B-Instruct,32000000000,wiki_ja,195,9
wiki_ar: wiki_ar: والتي تعود إلى العصر الحجري الحديث.,1.3,496,1773615663.386915,2026-03-16T00:01:03.386925,0.43416163325309753,0.46865683794021606,Qwen2.5-32B-Instruct,32000000000,wiki_ar,196,9
wiki_ja: wiki_ja: 尊敬語  尊敬語は、動作の主体を高めることで、主体への敬意を表す言い方である。,1.3,473,1773615710.9795523,2026-03-16T00:01:50.979557,0.3994523286819458,0.45415163040161133,Qwen2.5-32B-Instruct,32000000000,wiki_ja,197,9
wiki_ja: wiki_ja: これはヨーロッパ大陸のスペインを発祥とする言語であるが、17世紀のスペインによる新大陸の植民地化を経て、南アメリカおよび北アメリカ南部における広大な言語圏を獲得した。,1.3,444,1773615757.8939505,2026-03-16T00:02:37.893955,0.36046338081359863,0.44325780868530273,Qwen2.5-32B-Instruct,32000000000,wiki_ja,198,9
wiki_ar: wiki_ar: الحياة البريّة  يعدّ الماء أساسيّاً وعاملاً محدّداً للإنتاجية في النظم البيئيّة على الأرض،,1.3,468,1773615804.6862683,2026-03-16T00:03:24.686274,0.3848949074745178,0.44485992193222046,Qwen2.5-32B-Instruct,32000000000,wiki_ar,199,9
wiki_ja: wiki_ja: ここから、前者は文の根幹をなすとして補充成分と称し、後者に限って修飾成分と称する説もある。,0.7,468,1773615851.370375,2026-03-16T00:04:11.370385,0.4056102931499481,0.46535977721214294,Qwen2.5-32B-Instruct,32000000000,wiki_ja,200,10
wiki_ar: wiki_ar: يستخدم الماء بشكل أساسي كمادّة تبريد ووسط في المبادلات الحراريّة نظراً لوفرته وللسعة الحراريّة المرتفعة سواءً للتبريد أو التسخين.,1.3,454,1773615898.5115333,2026-03-16T00:04:58.511541,0.3690885603427887,0.44306108355522156,Qwen2.5-32B-Instruct,32000000000,wiki_ar,201,10
wiki_ja: wiki_ja: 安土桃山時代から江戸時代極初期にかけては、ポルトガル人の宣教師が数多くのキリシタン資料を残しているが、その中に各地の方言を記録したものがある。,1.3,454,1773615946.3671029,2026-03-16T00:05:46.367112,0.3605360686779022,0.4345807135105133,Qwen2.5-32B-Instruct,32000000000,wiki_ja,202,10
wiki_ar: wiki_ar: وفي اليهوديّة أيضاً يستخدم الماء لتطهّر الفرد من نجاسات الدنيا وخطاياه،,1.3,475,1773615993.580073,2026-03-16T00:06:33.580094,0.4034518599510193,0.4580499529838562,Qwen2.5-32B-Instruct,32000000000,wiki_ar,203,10
wiki_ja: wiki_ja: また、1988年には、国立国語研究所所長・野元菊雄が、外国人への日本語教育のため、文法を単純化した「簡約日本語」の必要性を説き、論議を呼んだ。,0.7,445,1773616040.5878217,2026-03-16T00:07:20.587827,0.3906726539134979,0.4745359420776367,Qwen2.5-32B-Instruct,32000000000,wiki_ja,204,10
wiki_pl: wiki_pl: Atomy mające nadmiar lub niedomiar elektronów nazywane są jonami.,1.0,484,1773616086.909306,2026-03-16T00:08:06.909315,0.4329818785190582,0.4776886999607086,Qwen2.5-32B-Instruct,32000000000,wiki_pl,205,10
wiki_pl: wiki_pl: print  Polecenie print jest używane do wypisywania tekstu.,1.3,487,1773616133.2841816,2026-03-16T00:08:53.284191,0.43147966265678406,0.4726465046405792,Qwen2.5-32B-Instruct,32000000000,wiki_pl,206,10
wiki_zh: wiki_zh: 如同音樂符號一般，現今的數學符號有明確的語法，並且有效地對訊息作編碼，這是其他書寫方式難以做到的。,1.0,464,1773616179.9503906,2026-03-16T00:09:39.950404,0.372506707906723,0.4379194378852844,Qwen2.5-32B-Instruct,32000000000,wiki_zh,207,10
wiki_ar: wiki_ar: في الوقت الحالي يقتصر السفر بواسطة السفن الكبيرة لغرض السياحة،,1.0,485,1773616226.8109488,2026-03-16T00:10:26.810962,0.4052458107471466,0.4508797526359558,Qwen2.5-32B-Instruct,32000000000,wiki_ar,208,10
wiki_ar: wiki_ar: كان السفر في الماضي بواسطة السفن لغرض الاستكشاف والتجارة وسيلة أساسيّة لقطع المسافات البعيدة التي تفصل بينها البحار.,0.7,465,1773616273.3782344,2026-03-16T00:11:13.378239,0.4011344909667969,0.4641443192958832,Qwen2.5-32B-Instruct,32000000000,wiki_ar,209,10
wiki_zh: wiki_zh: 又或者是加快計算的數值方法，如快速傅立葉變換。,1.0,486,1773616319.8579688,2026-03-16T00:11:59.857979,0.42619216442108154,0.4699590504169464,Qwen2.5-32B-Instruct,32000000000,wiki_zh,210,10
wiki_zh: wiki_zh: 另一個研究的領域為大小，這個導致了基數和之後對無限的另外一種概念：阿列夫数，它允許無限集合之間的大小可以做有意義的比較。,1.3,459,1773616366.4777982,2026-03-16T00:12:46.477808,0.39525270462036133,0.46344903111457825,Qwen2.5-32B-Instruct,32000000000,wiki_zh,211,10
wiki_ar: wiki_ar: بالإضافة إلى الهندوسيّة (وذلك بالاغتسال في نهر الغانج) والسيخيّة والطاويّة والشنتو وغيرها.,0.7,469,1773616413.3948767,2026-03-16T00:13:33.394887,0.3915480673313141,0.4514264166355133,Qwen2.5-32B-Instruct,32000000000,wiki_ar,212,10
wiki_zh: wiki_zh: 」牟宗三認為，中國有數千年文化史，確有哲學。,1.3,485,1773616459.7780359,2026-03-16T00:14:19.778046,0.4122156500816345,0.46018552780151367,Qwen2.5-32B-Instruct,32000000000,wiki_zh,213,10
wiki_pl: wiki_pl: Zmienne wbudowane  Zmienne wbudowane w AWK to m.in.,1.3,486,1773616506.125154,2026-03-16T00:15:06.125164,0.42575380206108093,0.46990537643432617,Qwen2.5-32B-Instruct,32000000000,wiki_pl,214,10
wiki_ar: wiki_ar: حيث صمّمت النوافير والسبل العامّة.,1.3,491,1773616552.514016,2026-03-16T00:15:52.514022,0.4324382543563843,0.470276802778244,Qwen2.5-32B-Instruct,32000000000,wiki_ar,215,10
wiki_pl: wiki_pl: W ten sposób pierwiastek hel został odkryty w Słońcu 23 lata przed zaobserwowaniem go na Ziemi.,1.0,472,1773616598.8343196,2026-03-16T00:16:38.834325,0.41868817806243896,0.47424715757369995,Qwen2.5-32B-Instruct,32000000000,wiki_pl,216,10
wiki_ar: wiki_ar: مثلما فعل البهاء العاملي في كتابه الكشكول.,1.0,491,1773616645.4896278,2026-03-16T00:17:25.489633,0.41910016536712646,0.45808181166648865,Qwen2.5-32B-Instruct,32000000000,wiki_ar,217,10
wiki_ja: wiki_ja: 音読みおよび訓読みで用いられる）と平仮名、片仮名が日本語の主要な文字であり、常にこの3種類の文字を組み合わせて表記する（「字種」の節参照）。,0.7,450,1773616692.2567928,2026-03-16T00:18:12.256798,0.3673116862773895,0.44503968954086304,Qwen2.5-32B-Instruct,32000000000,wiki_ja,218,10
wiki_ar: wiki_ar: والباقي على شكل صلب (1.,0.7,496,1773616738.6694367,2026-03-16T00:18:58.669444,0.4368254542350769,0.47011876106262207,Qwen2.5-32B-Instruct,32000000000,wiki_ar,219,10
wiki_ja: wiki_ja: たとえば、東北地方では「柿」を 、「鍵」を  のように発音するが、この両語を通常の仮名では書き分けられない（アクセント辞典などで用いる表記によって近似的に記せば、「カギ」と「」のようになる）。,0.7,435,1773616786.0448048,2026-03-16T00:19:46.044813,0.3672448992729187,0.46111154556274414,Qwen2.5-32B-Instruct,32000000000,wiki_ja,220,11
wiki_zh: wiki_zh: 對數學基本概念的完善，早在古埃及、美索不达米亚及古印度历史上的古代數學文本便可觀見，而在古希臘那裡有更為嚴謹的處理。,1.0,456,1773616834.6261704,2026-03-16T00:20:34.626181,0.35796239972114563,0.4305974543094635,Qwen2.5-32B-Instruct,32000000000,wiki_zh,221,11
wiki_ar: wiki_ar: ومن جهة أخرى تسهم لزوجة وكثافة الماء الملائمة في كونه وسطاً ناقلاً للمركّبات اللاقطبيّة غير القابلة للذوبان في الماء،,1.3,456,1773616881.7827353,2026-03-16T00:21:21.782745,0.3982488512992859,0.4699406921863556,Qwen2.5-32B-Instruct,32000000000,wiki_ar,222,11
wiki_ar: wiki_ar: وذلك من القوّة الناشئة عن دفع المياه للعنفات التي تكون موصولة بمولّد كهربائي.,0.7,476,1773616929.4278889,2026-03-16T00:22:09.427906,0.4079718589782715,0.46070197224617004,Qwen2.5-32B-Instruct,32000000000,wiki_ar,223,11
wiki_zh: wiki_zh: 古典希腊时期  在古典希腊时期西方哲学方法的关键特质被建立：依靠诉诸理性和论证，通过一种批判性的方法来接受或建立观点。,1.0,468,1773616975.7836418,2026-03-16T00:22:55.783651,0.391671359539032,0.45125696063041687,Qwen2.5-32B-Instruct,32000000000,wiki_zh,224,11
wiki_ja: wiki_ja: 中国語との接触、すなわち漢字の音節構造について学習することにより、日本語の相対的な特徴が意識されるようになった。,0.7,466,1773617023.2755997,2026-03-16T00:23:43.275609,0.3857710659503937,0.44819071888923645,Qwen2.5-32B-Instruct,32000000000,wiki_ja,225,11
wiki_ja: wiki_ja: （SNSや学生の粗野な文体） 食事を取ってまいりました。,1.0,484,1773617069.8328536,2026-03-16T00:24:29.832862,0.4201487898826599,0.46586713194847107,Qwen2.5-32B-Instruct,32000000000,wiki_ja,226,11
wiki_ja: wiki_ja: （格助詞・並立助詞・係助詞・副助詞・終助詞の全部および接続助詞のうち「し」「が」「けれども」「から」「ので」「のに」について）または語尾（接続助詞のうち「て（で）」、条件の形の「ば」、並べ立てるときの「たり（だり）」について）。,1.3,418,1773617116.7894154,2026-03-16T00:25:16.789426,0.3170354664325714,0.42339688539505005,Qwen2.5-32B-Instruct,32000000000,wiki_ja,227,11
wiki_zh: wiki_zh: 文學（），在狭义上，是一种语言艺术，亦即使用语言文字为手段，形象化地反映客观社会生活、表达主观作者思想感情的一种艺术。,1.3,467,1773617163.3963802,2026-03-16T00:26:03.396385,0.3871331214904785,0.4509354531764984,Qwen2.5-32B-Instruct,32000000000,wiki_zh,228,11
"wiki_pl: wiki_pl: W XIX wieku odkryto ruchy Browna, będące pośrednim dowodem ziarnistości materii.",0.7,476,1773617209.8553789,2026-03-16T00:26:49.855390,0.3933967649936676,0.4491645395755768,Qwen2.5-32B-Instruct,32000000000,wiki_pl,229,11
wiki_pl: wiki_pl: Jednak wejście może nie zawierać ani jednej linii.,1.0,490,1773617256.1529186,2026-03-16T00:27:36.152928,0.4236794710159302,0.464333713054657,Qwen2.5-32B-Instruct,32000000000,wiki_pl,230,11
"wiki_pl: wiki_pl: Jednocześnie w 1913 roku fizyk Niels Bohr zaproponował wyjaśnienie występowania linii spektralnych w widmach emisyjnych pierwiastków przez wprowadzenie hipotezy istnienia zestawu dopuszczalnych orbit, na których mogą krążyć elektrony wokół jądra atomowego.",1.0,420,1773617302.813234,2026-03-16T00:28:22.813243,0.3526417911052704,0.461229145526886,Qwen2.5-32B-Instruct,32000000000,wiki_pl,231,11
wiki_pl: wiki_pl: W 1624 poglądy atomistyczne odnowił Pierre Gassendi w dziele Exercitationes paradoxicae adversus Aristoteleos.,0.7,468,1773617349.2251008,2026-03-16T00:29:09.225109,0.40364816784858704,0.46483346819877625,Qwen2.5-32B-Instruct,32000000000,wiki_pl,232,11
wiki_ja: wiki_ja: ここで、「近称」は最も近いもの、「中称」はやや離れたもの、「遠称」は遠いものを指すとされた。,0.7,470,1773617395.703648,2026-03-16T00:29:55.703658,0.38886967301368713,0.4473259747028351,Qwen2.5-32B-Instruct,32000000000,wiki_ja,233,11
wiki_zh: wiki_zh: 他更加暗示世界中的变存在着秩序和理性。,1.0,492,1773617441.8010175,2026-03-16T00:30:41.801027,0.4235081672668457,0.46219658851623535,Qwen2.5-32B-Instruct,32000000000,wiki_zh,234,11
"wiki_pl: wiki_pl: W układzie okresowym średnice atomów wewnątrz każdej grupy rosną wraz z liczbą obsadzonych powłok, jednak maleją wewnątrz okresu wraz ze zwiększeniem liczby protonów (ponieważ jądro przyciąga elektrony mocniej i rozmiary powłok maleją).",1.3,420,1773617489.0768754,2026-03-16T00:31:29.076888,0.34960395097732544,0.4582730531692505,Qwen2.5-32B-Instruct,32000000000,wiki_pl,235,11
wiki_pl: wiki_pl: W technice tej wykorzystuje się elektronowy mikroskop transmisyjny do przepuszczania elektronów przez próbkę.,1.3,472,1773617535.5361707,2026-03-16T00:32:15.536176,0.41662827134132385,0.47313839197158813,Qwen2.5-32B-Instruct,32000000000,wiki_pl,236,11
"wiki_pl: wiki_pl: Fuzja jądrowa zachodzi, gdy lżejsze jądra łączą się w cięższe.",0.7,478,1773617581.9932008,2026-03-16T00:33:01.993206,0.4168797433376312,0.4681028723716736,Qwen2.5-32B-Instruct,32000000000,wiki_pl,237,11
wiki_zh: wiki_zh: 後現代主義把哲學定義為創造概念的學術。,1.3,488,1773617628.2913134,2026-03-16T00:33:48.291323,0.42567500472068787,0.46790143847465515,Qwen2.5-32B-Instruct,32000000000,wiki_zh,238,11
wiki_ar: wiki_ar: ومع التوسّع في إنشاء المواضئ في المساجد لأداء الصلوات،,1.0,484,1773617674.8005853,2026-03-16T00:34:34.800594,0.40437057614326477,0.4510740339756012,Qwen2.5-32B-Instruct,32000000000,wiki_ar,239,11
wiki_ar: wiki_ar: وهو الكمّيّة المستهلكة من المياه لإنتاج محصول زراعي معيّن.,1.3,482,1773617721.4777596,2026-03-16T00:35:21.477769,0.43223729729652405,0.47793126106262207,Qwen2.5-32B-Instruct,32000000000,wiki_ar,240,12
"wiki_pl: wiki_pl: Układy cząstek podobne do atomów  Atomy egzotyczne   Sztucznie wytworzono też pewne egzotyczne atomy, w których proton, neutron albo elektron zastąpiono inną cząstką o takim samym ładunku.",0.7,435,1773617768.3493824,2026-03-16T00:36:08.349392,0.35369354486465454,0.4470193088054657,Qwen2.5-32B-Instruct,32000000000,wiki_pl,241,12
"wiki_pl: wiki_pl: Odpowiada to zwykle średniej odległości, na jakiej znajdują się elektrony na najdalszej powłoce.",1.3,474,1773617814.6105404,2026-03-16T00:36:54.610546,0.4206041693687439,0.4756234288215637,Qwen2.5-32B-Instruct,32000000000,wiki_pl,242,12
wiki_pl: wiki_pl: Atomy mające nadmiar lub niedomiar elektronów nazywane są jonami.,0.7,484,1773617860.9126606,2026-03-16T00:37:40.912666,0.43477481603622437,0.48010504245758057,Qwen2.5-32B-Instruct,32000000000,wiki_pl,243,12
wiki_zh: wiki_zh: 他认为真理有其客观性，试图推翻智者们以个人主观感觉为真理的思想。,0.7,482,1773617906.903959,2026-03-16T00:38:26.903965,0.4003150761127472,0.44772782921791077,Qwen2.5-32B-Instruct,32000000000,wiki_zh,244,12
wiki_ja: wiki_ja: 」という文の場合、「が・で」格があるにもかかわらず、なお完全な文という感じがしない。,1.0,477,1773617953.483947,2026-03-16T00:39:13.483956,0.40920770168304443,0.4628768265247345,Qwen2.5-32B-Instruct,32000000000,wiki_ja,245,12
wiki_zh: wiki_zh: 文學（），在狭义上，是一种语言艺术，亦即使用语言文字为手段，形象化地反映客观社会生活、表达主观作者思想感情的一种艺术。,1.0,467,1773618000.1935956,2026-03-16T00:40:00.193606,0.37946459650993347,0.4396931529045105,Qwen2.5-32B-Instruct,32000000000,wiki_zh,246,12
wiki_ja: wiki_ja: 新たなオノマトペが作られることもある。,1.0,490,1773618046.7124739,2026-03-16T00:40:46.712480,0.4102800190448761,0.4506763219833374,Qwen2.5-32B-Instruct,32000000000,wiki_ja,247,12
wiki_ar: wiki_ar: عند غياب المعالجة الكافية والرقابة الحكومية تحدث حالات تلوّث للمياه على مستوى فردي وصناعي،,1.3,474,1773618093.446924,2026-03-16T00:41:33.446935,0.3952363431453705,0.4503181576728821,Qwen2.5-32B-Instruct,32000000000,wiki_ar,248,12
wiki_ja: wiki_ja: 16世紀末のキリシタン資料ではそれぞれ「ji・gi」「zu・zzu」など異なるローマ字で表されており、当時はまだ発音の区別があったことが分かるが、当時既に混同が始まっていたことも記録されている。,0.7,441,1773618140.3674114,2026-03-16T00:42:20.367425,0.36706846952438354,0.454084187746048,Qwen2.5-32B-Instruct,32000000000,wiki_ja,249,12
wiki_zh: wiki_zh: 设立此奖的一个原因也是因为诺贝尔奖没有数学奖项。,1.3,490,1773618187.0818965,2026-03-16T00:43:07.081909,0.4222186505794525,0.46166685223579407,Qwen2.5-32B-Instruct,32000000000,wiki_zh,250,12
wiki_pl: wiki_pl: print pozwala również wyświetlić wynik obliczeń lub wywołania funkcji.,1.3,485,1773618233.6191006,2026-03-16T00:43:53.619114,0.4290059208869934,0.47178053855895996,Qwen2.5-32B-Instruct,32000000000,wiki_pl,251,12
"wiki_pl: wiki_pl: Grupa odpowiedzialna za sformułowanie standardu ASCII sprzeciwiała się temu, dlatego kod musiał używać co najmniej 7 bitów na jeden znak.",1.3,465,1773618280.276799,2026-03-16T00:44:40.276808,0.3992396295070648,0.46337035298347473,Qwen2.5-32B-Instruct,32000000000,wiki_pl,252,12
wiki_ja: wiki_ja: その根拠として、古代の日本語（大和言葉）において語頭にr音（流音）が立たないこと、一種の母音調和が見られることなどが挙げられる。,1.0,456,1773618327.3207932,2026-03-16T00:45:27.320798,0.38036835193634033,0.45249056816101074,Qwen2.5-32B-Instruct,32000000000,wiki_ja,253,12
wiki_ja: wiki_ja: ものを無くしたとき、「ちょっとそのへんを探してみるよ」と言うときも同様である。,0.7,478,1773618374.0153246,2026-03-16T00:46:14.015335,0.41074955463409424,0.4621398448944092,Qwen2.5-32B-Instruct,32000000000,wiki_ja,254,12
wiki_zh: wiki_zh: 但在1930年代時，在數理邏輯上的重大進展顯示數學不能歸併至邏輯內，且波普爾推斷「大部份的數學定律，如物理及生物學一樣，是假設演繹的：純數學因此變得更接近其假設為猜測的自然科學，比它現在看起來更接近。,1.0,420,1773618421.1644254,2026-03-16T00:47:01.164435,0.30665555596351624,0.40930452942848206,Qwen2.5-32B-Instruct,32000000000,wiki_zh,255,12
"wiki_pl: wiki_pl: Kryterium ważności jest tu subiektywne – teoria, w której żadne zdanie nie daje się rozstrzygnąć, jest formalnie poprawna, lecz bezużyteczna.",1.0,455,1773618468.1565034,2026-03-16T00:47:48.156509,0.38477879762649536,0.45825889706611633,Qwen2.5-32B-Instruct,32000000000,wiki_pl,256,12
wiki_ar: wiki_ar: ممّا يؤدّي إلى اصطفافها على المستوى الجزيئي ولكن ببنية مفتوحة منتظمة،,0.7,474,1773618514.9159317,2026-03-16T00:48:34.915939,0.3805648982524872,0.4368826150894165,Qwen2.5-32B-Instruct,32000000000,wiki_ar,257,12
wiki_ar: wiki_ar: يمكن أن يؤدّي الجريان إلى تعرية البيئة المحيطة ممّا يؤدّي إلى تشكيل الوديان أو مناطق جغرافية مميّزة وخصبة مثل الدلتا على سبيل المثال.,0.7,450,1773618561.9980724,2026-03-16T00:49:21.998084,0.3586602509021759,0.43570828437805176,Qwen2.5-32B-Instruct,32000000000,wiki_ar,258,12
wiki_ar: wiki_ar: إذ يعتقد أنّه من الأسرار المقدسة.,1.3,492,1773618590.7234092,2026-03-16T00:49:50.723418,0.4116280674934387,0.45043736696243286,Qwen2.5-32B-Instruct,32000000000,wiki_ar,259,12
wiki_zh: wiki_zh: 中国的散文从先秦诸子散文发展而来，代有散文名家名作。,0.7,485,1773618637.2275066,2026-03-16T00:50:37.227516,0.39653491973876953,0.44165244698524475,Qwen2.5-32B-Instruct,32000000000,wiki_zh,260,13
wiki_ja: wiki_ja: 」「いくべ」などと各地の方言を会話に織り交ぜて使うことが流行し始め、女子高生のための方言参考書の類も現れた。,1.0,463,1773618684.2552903,2026-03-16T00:51:24.255300,0.3707227408885956,0.4371974468231201,Qwen2.5-32B-Instruct,32000000000,wiki_ja,261,13
wiki_zh: wiki_zh: 羅存德在literature詞條給了2個義項7個解釋「文，文學，文字，字墨；,0.7,475,1773618731.0813384,2026-03-16T00:52:11.081343,0.37589240074157715,0.43057599663734436,Qwen2.5-32B-Instruct,32000000000,wiki_zh,262,13
wiki_ja: wiki_ja: 音声学上の単位である音節とは区別して、音韻論では「い・っ・ぽ・ん」のような単位のことをモーラ（拍）と称している。,1.0,458,1773618778.163635,2026-03-16T00:52:58.163640,0.3630698621273041,0.4332621395587921,Qwen2.5-32B-Instruct,32000000000,wiki_ja,263,13
wiki_ja: wiki_ja: 字形2と3は4世紀中頃における et の合字の例である。,1.3,483,1773618824.9247978,2026-03-16T00:53:44.924803,0.38464704155921936,0.43439921736717224,Qwen2.5-32B-Instruct,32000000000,wiki_ja,264,13
wiki_ar: wiki_ar: ويقال عن الماء الكثير أنّه: السَّعْبَر،,1.3,487,1773618871.8344607,2026-03-16T00:54:31.834470,0.4161919057369232,0.45882105827331543,Qwen2.5-32B-Instruct,32000000000,wiki_ar,265,13
wiki_pl: wiki_pl: W XIII wieku w alchemii pojawiła się koncepcja korpuskularyzmu.,1.0,483,1773618918.6452363,2026-03-16T00:55:18.645242,0.393778532743454,0.4425946772098541,Qwen2.5-32B-Instruct,32000000000,wiki_pl,266,13
"wiki_pl: wiki_pl: Rozpady α i β− kolejnych izotopów promieniotwórczych grupują się w 4 szeregi promieniotwórcze, kończące się trwałymi izotopami ołowiu (szeregi 1–3) lub praktycznie trwałym izotopem bizmutu-209 (szereg 4).",1.3,423,1773618965.6585531,2026-03-16T00:56:05.658560,0.33217653632164,0.4371926188468933,Qwen2.5-32B-Instruct,32000000000,wiki_pl,267,13
wiki_zh: wiki_zh: 中國古代的文學主要著重在哲學、史学史、军事学、農業及韻文。,0.7,478,1773619012.5105898,2026-03-16T00:56:52.510595,0.3855203688144684,0.4370163083076477,Qwen2.5-32B-Instruct,32000000000,wiki_zh,268,13
wiki_ja: wiki_ja: 活用形と種類   名詞が格助詞を伴ってさまざまな格を示すのに対し、用言（動詞・形容詞・形容動詞）および助動詞は、語尾を変化させることによって、文中のどの成分を担っているかを示したり、時制・相などの情報や文の切れ続きの別などを示したりする。,0.7,419,1773619059.7784083,2026-03-16T00:57:39.778413,0.32062870264053345,0.42528873682022095,Qwen2.5-32B-Instruct,32000000000,wiki_ja,269,13
wiki_zh: wiki_zh: 从他们的批判看来，在他们的古典时代一个在更高尚地、纯粹地“爱智慧”（真的哲学家）与那些更早更普遍的旅行教师——经常也通过自己的技艺来赚钱——之间的分水岭之后被建立。,0.7,452,1773619106.3803399,2026-03-16T00:58:26.380349,0.3563070595264435,0.4324762523174286,Qwen2.5-32B-Instruct,32000000000,wiki_zh,270,13
wiki_ar: wiki_ar: ولم يقتصر الأمر على الأرض وحدها بل اعتقد أنّ كلّ الأشياء مصنوعة من الماء.,1.3,477,1773619153.2036362,2026-03-16T00:59:13.203641,0.41581565141677856,0.46697017550468445,Qwen2.5-32B-Instruct,32000000000,wiki_ar,271,13
wiki_zh: wiki_zh: 每四年颁奖一次，颁给有卓越贡献的年轻数学家，每次最多四人得奖。,1.3,480,1773619199.427381,2026-03-16T00:59:59.427391,0.39282968640327454,0.4422876834869385,Qwen2.5-32B-Instruct,32000000000,wiki_zh,272,13
wiki_ja: wiki_ja: 文化庁の「国語に関する世論調査」では、「言葉遣いが乱れている」と考える人が1977年に7割近くになり、2002年11月から12月の調査では8割となっている。,1.0,446,1773619246.435882,2026-03-16T01:00:46.435892,0.3640550971031189,0.44514063000679016,Qwen2.5-32B-Instruct,32000000000,wiki_ja,273,13
wiki_ar: wiki_ar: أمّا في نظريّة الأخلاط الأربعة فاقترن الماء مع البلغم بكونه بارداً ورطباً.,1.0,469,1773619293.4692996,2026-03-16T01:01:33.469305,0.3857552111148834,0.4468485713005066,Qwen2.5-32B-Instruct,32000000000,wiki_ar,274,13
wiki_zh: wiki_zh: 中世纪哲学被部分定义为对古典希腊和希腊化哲学的再发现和进一步发展，另一部分是需要解决神学问题并把亞伯拉罕諸教（伊斯兰教、犹太教和基督教）的教条同世俗知识一同整合并推广。,0.7,446,1773619340.0607939,2026-03-16T01:02:20.060799,0.3301122784614563,0.40833452343940735,Qwen2.5-32B-Instruct,32000000000,wiki_zh,275,13
wiki_ja: wiki_ja: X = A && B のように2個重ねたものは論理 AND を表す。,1.0,484,1773619386.6177578,2026-03-16T01:03:06.617763,0.3960607051849365,0.4415723383426666,Qwen2.5-32B-Instruct,32000000000,wiki_ja,276,13
wiki_ar: wiki_ar: كما عثر على نظام تصريف متقن للمياه أيضاً في آثار سكارا براي في إسكتلندا،,0.7,477,1773619433.3559103,2026-03-16T01:03:53.355916,0.39947018027305603,0.4516361355781555,Qwen2.5-32B-Instruct,32000000000,wiki_ar,277,13
wiki_ar: wiki_ar: ومع التوسّع في إنشاء المواضئ في المساجد لأداء الصلوات،,0.7,484,1773619480.1619585,2026-03-16T01:04:40.161963,0.39139848947525024,0.4371359348297119,Qwen2.5-32B-Instruct,32000000000,wiki_ar,278,13
wiki_ja: wiki_ja: E. ライシャワーによれば、日本語の知識が乏しいまま、日本語は明晰でも論理的でもないと不満を漏らす外国人は多いという。,1.0,463,1773619527.6331134,2026-03-16T01:05:27.633119,0.3658222556114197,0.4302566647529602,Qwen2.5-32B-Instruct,32000000000,wiki_ja,279,13
wiki_zh: wiki_zh: 如霍克海默、阿多诺。,0.7,494,1773619575.796606,2026-03-16T01:06:15.796616,0.3886559009552002,0.42576223611831665,Qwen2.5-32B-Instruct,32000000000,wiki_zh,280,14
wiki_zh: wiki_zh: 罗素和摩尔发动了分析运动，由此形成分析哲学的雏形。,0.7,484,1773619621.9319298,2026-03-16T01:07:01.931940,0.37671250104904175,0.4225999712944031,Qwen2.5-32B-Instruct,32000000000,wiki_zh,281,14
wiki_ja: wiki_ja: 日本語では相手の意向を直接的に聞くことは失礼に当たるからである。,1.3,482,1773619668.7497935,2026-03-16T01:07:48.749803,0.40134966373443604,0.44907283782958984,Qwen2.5-32B-Instruct,32000000000,wiki_ja,282,14
"wiki_pl: wiki_pl: }  Opcja -f informuje awk, że następny argument to nazwa pliku, z którego należy przeczytać program, a jest on tam umieszczany przez powłokę systemową podczas działania, tak jakby wywołane zostało polecenie /usr/bin/awk -f hello.awk.",1.0,434,1773619716.0306976,2026-03-16T01:08:36.030707,0.3592710793018341,0.4526793956756592,Qwen2.5-32B-Instruct,32000000000,wiki_pl,283,14
wiki_zh: wiki_zh: 普罗泰戈拉认为是非善恶都是相对于人的感觉而言，而高尔吉亚却认为所有的都是同样的假，这是怀疑论的雏形。,1.3,469,1773619762.4714172,2026-03-16T01:09:22.471425,0.39113375544548035,0.45100054144859314,Qwen2.5-32B-Instruct,32000000000,wiki_zh,284,14
"wiki_pl: wiki_pl: symbol relacyjny  Jeśli  jest prawdą, będziemy mówili, że punkt  leży na prostej   We wcześniejszych ujęciach logiki matematycznej mówiło się, że punkt, prosta i relacja „punkt leży na prostej” są pojęciami pierwotnymi geometrii.",1.0,424,1773619809.511205,2026-03-16T01:10:09.511214,0.33803707361221313,0.44062715768814087,Qwen2.5-32B-Instruct,32000000000,wiki_pl,285,14
wiki_pl: wiki_pl: Pierwiastki cięższe od żelaza powstawały w wyniku eksplozji supernowych poprzez proces r oraz we wnętrzu gwiazd AGB poprzez proces s. Oba te procesy polegają na wychwytywaniu neutronów przez jądra atomowe.,1.0,436,1773619856.4112265,2026-03-16T01:10:56.411236,0.3712683618068695,0.46330350637435913,Qwen2.5-32B-Instruct,32000000000,wiki_pl,286,14
wiki_ja: wiki_ja: 金田一京助などによれば、現代日本語の敬語に特徴的なのは次の2点である。,1.3,477,1773619902.9784553,2026-03-16T01:11:42.978464,0.3895817697048187,0.44097620248794556,Qwen2.5-32B-Instruct,32000000000,wiki_ja,287,14
wiki_ar: wiki_ar: كما ينبغي توخّي الحذر من حدوث انفجارات بسبب غاز الهيدروجين الناتج عن تفكّك الماء،,0.7,473,1773619949.7888315,2026-03-16T01:12:29.788843,0.4037240147590637,0.4597316384315491,Qwen2.5-32B-Instruct,32000000000,wiki_ar,288,14
wiki_zh: wiki_zh: 与日本类似，在中巫教的情绪化内容被混合到了从中国传入的理学当中。,1.3,481,1773619996.3550005,2026-03-16T01:13:16.355016,0.36724022030830383,0.41928791999816895,Qwen2.5-32B-Instruct,32000000000,wiki_zh,289,14
wiki_ar: wiki_ar: لذلك يطفو الجليد على سطح الماء السائل،,0.7,490,1773620042.765472,2026-03-16T01:14:02.765514,0.42932868003845215,0.46923592686653137,Qwen2.5-32B-Instruct,32000000000,wiki_ar,290,14
wiki_ja: wiki_ja: 英語での句の構成を例示すると以下のようになる（太字はそれぞれの句の主要部）。,1.3,478,1773620089.570483,2026-03-16T01:14:49.570496,0.41506054997444153,0.4665899872779846,Qwen2.5-32B-Instruct,32000000000,wiki_ja,291,14
wiki_zh: wiki_zh: 應用數學中的一重要領域為統計學，它利用機率論為其工具並允許對含有機會成分的現象進行描述、分析與預測。,0.7,463,1773620136.397157,2026-03-16T01:15:36.397169,0.3979116380214691,0.4636157751083374,Qwen2.5-32B-Instruct,32000000000,wiki_zh,292,14
wiki_ja: wiki_ja: 「ぐんぐん進む」「白い雲」の「ぐんぐん」「白い」はそれぞれ「進む」「雲」の修飾語である。,1.3,468,1773620183.2538157,2026-03-16T01:16:23.253829,0.3851366937160492,0.4452340006828308,Qwen2.5-32B-Instruct,32000000000,wiki_ja,293,14
"wiki_pl: wiki_pl: Neutrony i protony mają podobne średnice, rzędu 2,5 m – jednak z powodu ich wewnętrznej struktury trudno zdefiniować, co jest ich „powierzchnią”.",1.3,453,1773620229.98314,2026-03-16T01:17:09.983153,0.36493512988090515,0.44082993268966675,Qwen2.5-32B-Instruct,32000000000,wiki_pl,294,14
wiki_ja: wiki_ja: なお、「名詞」および「体言」という用語は、しばしば混同される。,1.3,482,1773620277.1673658,2026-03-16T01:17:57.167378,0.3964216113090515,0.4441683888435364,Qwen2.5-32B-Instruct,32000000000,wiki_ja,295,14
wiki_pl: wiki_pl: Wynalezienie spektrometru mas umożliwiło dokładne zmierzenie bezwzględnych mas atomowych.,1.0,479,1773620323.789623,2026-03-16T01:18:43.789636,0.4081254005432129,0.4590846300125122,Qwen2.5-32B-Instruct,32000000000,wiki_pl,296,14
wiki_zh: wiki_zh: 他更加暗示世界中的变存在着秩序和理性。,0.7,492,1773620369.8826063,2026-03-16T01:19:29.882616,0.409103125333786,0.4486241936683655,Qwen2.5-32B-Instruct,32000000000,wiki_zh,297,14
wiki_ja: wiki_ja: かつて柳田國男はこの点を指摘して「形容詞饑饉」と称した。,1.3,479,1773620416.600607,2026-03-16T01:20:16.600620,0.3893120288848877,0.4404355585575104,Qwen2.5-32B-Instruct,32000000000,wiki_ja,298,14
wiki_ja: wiki_ja: すなわち、体系は下記のようにまとめられた。,0.7,490,1773620463.2302392,2026-03-16T01:21:03.230253,0.419546514749527,0.459142804145813,Qwen2.5-32B-Instruct,32000000000,wiki_ja,299,14
wiki_ar: wiki_ar: وذلك حين نفد ما معهما من زاد وماء.,1.3,493,1773620510.0596576,2026-03-16T01:21:50.059702,0.39494067430496216,0.4349665641784668,Qwen2.5-32B-Instruct,32000000000,wiki_ar,300,15
"wiki_pl: wiki_pl: Odpowiada to zwykle średniej odległości, na jakiej znajdują się elektrony na najdalszej powłoce.",0.7,474,1773620556.722177,2026-03-16T01:22:36.722190,0.41840672492980957,0.47326424717903137,Qwen2.5-32B-Instruct,32000000000,wiki_pl,301,15
wiki_zh: wiki_zh: 古代的文學中有許多有關世界起源及習俗起源內容，也有一些其中有道德及靈性意涵的神話。,1.3,476,1773620603.8107026,2026-03-16T01:23:23.810708,0.36965587735176086,0.4229888916015625,Qwen2.5-32B-Instruct,32000000000,wiki_zh,302,15
wiki_ja: wiki_ja: これは、世界の一体化が進み、交通網の整備や流通の迅速化、ラジオ・テレビといったマスメディアの発達によってそれまで孤立を保っていた小さな言語がそのコミュニティを維持できなくなるために起こると考えられている。,1.3,445,1773620651.111491,2026-03-16T01:24:11.111504,0.35836267471313477,0.44020527601242065,Qwen2.5-32B-Instruct,32000000000,wiki_ja,303,15
wiki_zh: wiki_zh: 后来，萨特和不少法国学者的“存在主义的马克思主义”以及科拉科夫斯基和等东欧哲学家提出的“人道主义的马克思主义”。,0.7,465,1773620697.6563146,2026-03-16T01:24:57.656327,0.40458032488822937,0.4688296616077423,Qwen2.5-32B-Instruct,32000000000,wiki_zh,304,15
wiki_ja: wiki_ja: しかし、日本語の文では述語に中心があり、補語を必要に応じて付け足すと考えれば、上記のいずれも、省略のない完全な文と見なして差し支えない。,1.3,453,1773620744.7283983,2026-03-16T01:25:44.728407,0.37847697734832764,0.45257651805877686,Qwen2.5-32B-Instruct,32000000000,wiki_ja,305,15
wiki_zh: wiki_zh: 大学院系划分中常见「科学和数学系」，这指出了这两个领域被看作有緊密聯繫而非一樣。,0.7,473,1773620791.331019,2026-03-16T01:26:31.331032,0.40331339836120605,0.46079280972480774,Qwen2.5-32B-Instruct,32000000000,wiki_zh,306,15
wiki_ja: wiki_ja: （SNSや学生の粗野な文体） 食事を取ってまいりました。,0.7,484,1773620838.774304,2026-03-16T01:27:18.774317,0.41740208864212036,0.46282249689102173,Qwen2.5-32B-Instruct,32000000000,wiki_ja,307,15
wiki_zh: wiki_zh: 但在1930年代時，在數理邏輯上的重大進展顯示數學不能歸併至邏輯內，且波普爾推斷「大部份的數學定律，如物理及生物學一樣，是假設演繹的：純數學因此變得更接近其假設為猜測的自然科學，比它現在看起來更接近。,0.7,420,1773620885.9400835,2026-03-16T01:28:05.940097,0.31253114342689514,0.4166205823421478,Qwen2.5-32B-Instruct,32000000000,wiki_zh,308,15
wiki_ar: wiki_ar: ينتشر استخدام المياه المعبّأة بشكل أساسي في البلدان التي تعاني من شحّ في الموارد الطبيعيّة للمياه العذبة،,0.7,471,1773620932.6948342,2026-03-16T01:28:52.694847,0.3965826630592346,0.45396485924720764,Qwen2.5-32B-Instruct,32000000000,wiki_ar,309,15
wiki_ar: wiki_ar: يفيد معرفة النشاط المائي للأغذية في معرفة كيفيّة حفظ الأغذية ووقايتها من الميكروبات وفي تقدير فترة الصلاحية.,1.3,460,1773620979.4639165,2026-03-16T01:29:39.463926,0.37508147954940796,0.4430725574493408,Qwen2.5-32B-Instruct,32000000000,wiki_ar,310,15
wiki_zh: wiki_zh: 中国历史文學則從尚書、春秋、戰國策、史記等一直延續下來，而且有很詳細的資料記錄。,0.7,473,1773621025.775158,2026-03-16T01:30:25.775163,0.3977572023868561,0.45261678099632263,Qwen2.5-32B-Instruct,32000000000,wiki_zh,311,15
wiki_ar: wiki_ar: ما يعمل على تسخين الغاز.,1.3,497,1773621072.6723056,2026-03-16T01:31:12.672315,0.43336552381515503,0.4672143757343292,Qwen2.5-32B-Instruct,32000000000,wiki_ar,312,15
wiki_ja: wiki_ja: 日本語でも、たとえば「自然を表す語彙が多いというのが定評」といわれるが、これは人々の直感から来る評判という意味以上のものではない。,0.7,464,1773621119.6800401,2026-03-16T01:31:59.680049,0.3875982165336609,0.453338623046875,Qwen2.5-32B-Instruct,32000000000,wiki_ja,313,15
wiki_ja: wiki_ja: 尊敬語  尊敬語は、動作の主体を高めることで、主体への敬意を表す言い方である。,1.0,473,1773621166.3507087,2026-03-16T01:32:46.350718,0.4021598696708679,0.45707255601882935,Qwen2.5-32B-Instruct,32000000000,wiki_ja,314,15
wiki_ar: wiki_ar: يعرف نموذج النقل الهيدرولوجي بأنّه إجراء عمليّة نمذجة رياضيّة لمحاكاة تدفّق نهر أو جدول،,0.7,460,1773621213.5175333,2026-03-16T01:33:33.517543,0.38170912861824036,0.4489610493183136,Qwen2.5-32B-Instruct,32000000000,wiki_ar,315,15
wiki_ar: wiki_ar: ويرجع ذلك لموقع الأرض في النطاق الصالح للحياة في النظام الشمسي،,1.0,483,1773621259.8740702,2026-03-16T01:34:19.874078,0.41792628169059753,0.46419158577919006,Qwen2.5-32B-Instruct,32000000000,wiki_ar,316,15
"wiki_pl: wiki_pl: Zazwyczaj przed deklaracją zmiennych lokalnych dodaje się kilka białych znaków, by wskazać miejsce, w którym kończą się argumenty funkcji i zaczynają zmienne lokalne.",0.7,450,1773621306.5744689,2026-03-16T01:35:06.574478,0.3850676715373993,0.46323952078819275,Qwen2.5-32B-Instruct,32000000000,wiki_pl,317,15
wiki_zh: wiki_zh: 上述综合在一起即是他的理论：最真实的无所不包的整体即是“绝对精神”，又是对立的统一。,0.7,480,1773621352.682989,2026-03-16T01:35:52.682998,0.3909890949726105,0.4408516585826874,Qwen2.5-32B-Instruct,32000000000,wiki_zh,318,15
wiki_ar: wiki_ar: كما يمكن التوسّع في مفهوم الإدارة أيضاً بحيث يشمل مراعاة الظروف البيئيّة التي تؤمّن حدوث دورة المياه في الطبيعة ودورة الاستهلاك البشريّة على أفضل وجه.,0.7,448,1773621399.6486464,2026-03-16T01:36:39.648656,0.3721989095211029,0.4539257287979126,Qwen2.5-32B-Instruct,32000000000,wiki_ar,319,15
"wiki_pl: wiki_pl: Formalnie są to formuły zdaniowe, zapisywane w języku danej teorii z użyciem symboli jej języka i dodatkowo symboli logicznych, w tym kwantyfikatorów.",0.7,453,1773621447.1824894,2026-03-16T01:37:27.182498,0.3877319395542145,0.46373236179351807,Qwen2.5-32B-Instruct,32000000000,wiki_pl,320,16
wiki_ar: wiki_ar: ممّا يضمن استمرار التناسل وبقاء الكائنات الحية.,0.7,486,1773621493.8863158,2026-03-16T01:38:13.886328,0.4060792028903961,0.4507659077644348,Qwen2.5-32B-Instruct,32000000000,wiki_ar,321,16
"wiki_pl: wiki_pl: AWK – interpretowany język programowania, którego główną funkcją jest wyszukiwanie i przetwarzanie wzorców w plikach lub strumieniach danych.",0.7,466,1773621540.866283,2026-03-16T01:39:00.866296,0.4025527834892273,0.4651036262512207,Qwen2.5-32B-Instruct,32000000000,wiki_pl,322,16
wiki_ar: wiki_ar: تؤدّي الهطولات المطريّة و/أو الثلجيّة إلى تأمين المحتوى المائي في المناطق الجغرافيّة،,1.0,467,1773621587.747917,2026-03-16T01:39:47.747927,0.377571165561676,0.4400807023048401,Qwen2.5-32B-Instruct,32000000000,wiki_ar,323,16
wiki_ar: wiki_ar: مثلما فعل البهاء العاملي في كتابه الكشكول.,0.7,491,1773621634.3600895,2026-03-16T01:40:34.360101,0.4066109359264374,0.4480293393135071,Qwen2.5-32B-Instruct,32000000000,wiki_ar,324,16
wiki_ar: wiki_ar: والتي تعود إلى العصر الحجري الحديث.,1.0,496,1773621639.79593,2026-03-16T01:40:39.795935,0.4138374924659729,0.4504576027393341,Qwen2.5-32B-Instruct,32000000000,wiki_ar,325,16
wiki_ar: wiki_ar: بالإضافة إلى وادي السند في الهند وباكستان،,1.3,494,1773621686.4408054,2026-03-16T01:41:26.440811,0.4046326279640198,0.44291046261787415,Qwen2.5-32B-Instruct,32000000000,wiki_ar,326,16
wiki_ja: wiki_ja: 今日、鼻濁音を表記する時は、「か行」の文字に半濁点を付して「」のように書くこともある。,1.0,471,1773621733.3722706,2026-03-16T01:42:13.372276,0.3802003264427185,0.43870484828948975,Qwen2.5-32B-Instruct,32000000000,wiki_ja,327,16
"wiki_pl: wiki_pl: Jeśli  jest skończonym zbiorem aksjomatów, to istnieje podzbiór  taki, że  jest niezależny, a jednak ma tę samą siłę, co  tzn.",1.3,454,1773621780.1288776,2026-03-16T01:43:00.128883,0.38269802927970886,0.4572570025920868,Qwen2.5-32B-Instruct,32000000000,wiki_pl,328,16
wiki_zh: wiki_zh: 古埃及文學中主要的文類（讚美詩、祈禱文及故事）幾乎都是以詩的方式寫成的，不過雖然可以清楚看出有使用詩歌技巧（poetic devices），但詩歌的韻律不明。,1.0,450,1773621827.108337,2026-03-16T01:43:47.108346,0.3330979347229004,0.408337265253067,Qwen2.5-32B-Instruct,32000000000,wiki_zh,329,16
"wiki_pl: wiki_pl: Przypominało to teorię atomizmu, z wyjątkiem odrzucenia koncepcji, że te cząsteczki są niepodzielne.",1.0,466,1773621873.7903602,2026-03-16T01:44:33.790371,0.40104156732559204,0.4645044803619385,Qwen2.5-32B-Instruct,32000000000,wiki_pl,330,16
wiki_zh: wiki_zh: 中国是世界上诗歌最发达的国度之一。,1.3,493,1773621919.750187,2026-03-16T01:45:19.750198,0.3893882632255554,0.42734843492507935,Qwen2.5-32B-Instruct,32000000000,wiki_zh,331,16
"wiki_pl: wiki_pl: Wynika on z tego, że orbitale, które w przypadku braku zewnętrznego pola mają takie same poziomy energetyczne, mogą się różnić energiami, gdy pojawi się takie pole.",1.3,458,1773621966.5307262,2026-03-16T01:46:06.530736,0.378464013338089,0.4489090144634247,Qwen2.5-32B-Instruct,32000000000,wiki_pl,332,16
"wiki_pl: wiki_pl: Daniel Bernoulli w 1738 roku opublikował Hydrodynamica, w której m.in.",1.0,481,1773622012.7946508,2026-03-16T01:46:52.794656,0.4085157811641693,0.45946478843688965,Qwen2.5-32B-Instruct,32000000000,wiki_pl,333,16
wiki_ar: wiki_ar: حيث تمكّن شعب المايا في بالينكي من تطوير قنوات مائيّة تحت أرضيّة ومن تصميم نظام تصريف شبيه بنظام المرحاض الحديث.,1.3,460,1773622059.7468672,2026-03-16T01:47:39.746873,0.36587008833885193,0.4340454041957855,Qwen2.5-32B-Instruct,32000000000,wiki_ar,334,16
wiki_ja: wiki_ja: きびだんごを 桃太郎が 犬に やりました。,1.0,483,1773622106.3843648,2026-03-16T01:48:26.384375,0.4159066081047058,0.46253207325935364,Qwen2.5-32B-Instruct,32000000000,wiki_ja,335,16
wiki_ar: wiki_ar: كما يستعمل الماء للتطهّر من النجاسات بالغسل ولغسل الأموات قبل الدفن.,1.0,478,1773622153.1166756,2026-03-16T01:49:13.116697,0.3966558575630188,0.447025865316391,Qwen2.5-32B-Instruct,32000000000,wiki_ar,336,16
wiki_zh: wiki_zh: 他在1781年發行的作品《纯粹理性批判》試圖調和18世紀兩大主要的哲學派別：經驗主義和理性主義，并且建立一个研究形而上学的新基础。,1.0,456,1773622199.901127,2026-03-16T01:49:59.901137,0.36514315009117126,0.4353075325489044,Qwen2.5-32B-Instruct,32000000000,wiki_zh,337,16
"wiki_pl: wiki_pl: ASCII jest tradycyjną nazwą tego zestawu znaków, jednak IANA zaleca używanie określenia US-ASCII, które podkreśla pochodzenie standardu, oraz to, pod kątem jakich znaków był projektowany (ASCII nie zawiera na przykład liter diakrytyzowanych, powszechnych w alfabetach europejskich).",1.3,418,1773622246.990439,2026-03-16T01:50:46.990445,0.3332134485244751,0.44296693801879883,Qwen2.5-32B-Instruct,32000000000,wiki_pl,338,16
wiki_pl: wiki_pl: Według tej koncepcji wszystkie fizyczne obiekty posiadają wewnętrzną i zewnętrzną warstwę z mikroskopijnych cząstek.,0.7,469,1773622294.1541085,2026-03-16T01:51:34.154118,0.4038255214691162,0.4630945920944214,Qwen2.5-32B-Instruct,32000000000,wiki_pl,339,16
"wiki_pl: wiki_pl: (RU), Reserved device control (DC0), Synchronous idle (SYNC) i Acknowledge (ACK).",1.0,484,1773622340.9023821,2026-03-16T01:52:20.902398,0.4158458411693573,0.459850013256073,Qwen2.5-32B-Instruct,32000000000,wiki_pl,340,17
wiki_zh: wiki_zh: 在东亚的其他地方，日本哲学形成于本土的神道信仰和佛教、儒家以及另一些中国哲学和印度哲学学派混合发展。,1.0,472,1773622386.993934,2026-03-16T01:53:06.993944,0.3891299366950989,0.44590282440185547,Qwen2.5-32B-Instruct,32000000000,wiki_zh,341,17
"wiki_pl: wiki_pl: Przykładowo geometria euklidesowa była pierwotnie zaksjomatyzowana przez Euklidesa, okazało się jednak, że jego aksjomatyka była zbyt uboga i nie pozwalała udowodnić pewnych prawdziwych twierdzeń geometrycznych (np.",0.7,428,1773622433.9565573,2026-03-16T01:53:53.956567,0.35080209374427795,0.45070162415504456,Qwen2.5-32B-Instruct,32000000000,wiki_pl,342,17
wiki_ja: wiki_ja: 字種  平仮名・片仮名は、2017年9月現在では以下の46字ずつが使われる。,1.0,470,1773622480.8562953,2026-03-16T01:54:40.856305,0.42378708720207214,0.4825471341609955,Qwen2.5-32B-Instruct,32000000000,wiki_ja,343,17
wiki_ja: wiki_ja: 古来の伝統的文法に従った文章を文語文、話し言葉を反映した文章を口語文という。,1.3,472,1773622527.6279464,2026-03-16T01:55:27.627956,0.3847704231739044,0.44275498390197754,Qwen2.5-32B-Instruct,32000000000,wiki_ja,344,17
wiki_pl: wiki_pl: W 1624 poglądy atomistyczne odnowił Pierre Gassendi w dziele Exercitationes paradoxicae adversus Aristoteleos.,1.3,468,1773622574.1301272,2026-03-16T01:56:14.130137,0.39531368017196655,0.4570908546447754,Qwen2.5-32B-Instruct,32000000000,wiki_pl,345,17
wiki_ja: wiki_ja: 一方で、カナモジカイのように、数種類の文字体系を使い分けることの不便さを主張する意見も存在する。,1.3,469,1773622620.6946132,2026-03-16T01:57:00.694623,0.38191458582878113,0.4417005777359009,Qwen2.5-32B-Instruct,32000000000,wiki_ja,346,17
"wiki_pl: wiki_pl: Szkoły filozoficzne Njaja i Waiśeszika opracowały zawiłe teorie, opisujące łączenie się atomów w bardziej złożone obiekty.",1.0,459,1773622667.2213705,2026-03-16T01:57:47.221379,0.3927682638168335,0.4634597897529602,Qwen2.5-32B-Instruct,32000000000,wiki_pl,347,17
wiki_pl: wiki_pl: Emisja gamma – polegająca na emisji promieniowania gamma w wyniku przejścia nukleonu na niższy poziom energetyczny w jądrze.,1.3,460,1773622713.6540363,2026-03-16T01:58:33.654045,0.38830074667930603,0.4575155973434448,Qwen2.5-32B-Instruct,32000000000,wiki_pl,348,17
wiki_zh: wiki_zh: 他的工作明显远离了统治大部分早期经院哲学的新柏拉图主义和奥古斯丁的思想。,0.7,480,1773622759.8194125,2026-03-16T01:59:19.819420,0.41072598099708557,0.4601357877254486,Qwen2.5-32B-Instruct,32000000000,wiki_zh,349,17
wiki_pl: wiki_pl: Formalnie aksjomatem może być dowolna niesprzeczna wewnętrznie formuła zdaniowa wyrażona w języku danej teorii.,1.3,466,1773622806.3449764,2026-03-16T02:00:06.344989,0.39271634817123413,0.45602068305015564,Qwen2.5-32B-Instruct,32000000000,wiki_pl,350,17
wiki_ja: wiki_ja: 易林本『節用集』『書言字考節用集』などが主なものである。,1.0,481,1773622852.6830065,2026-03-16T02:00:52.683017,0.39799872040748596,0.44772636890411377,Qwen2.5-32B-Instruct,32000000000,wiki_ja,351,17
wiki_ar: wiki_ar: ممّا دفع العديد منها لسنّ سياسات مائيّة متعلّقة كما هو الحال في المغرب ومصر على سبيل المثال.,1.0,472,1773622899.114732,2026-03-16T02:01:39.114737,0.40328511595726013,0.4613456428050995,Qwen2.5-32B-Instruct,32000000000,wiki_ar,352,17
wiki_zh: wiki_zh: 泛函分析的眾多應用之一為量子力學。,1.0,490,1773622945.410799,2026-03-16T02:02:25.410809,0.43031683564186096,0.4708084464073181,Qwen2.5-32B-Instruct,32000000000,wiki_zh,353,17
"wiki_pl: wiki_pl: Jeden mol to około 6,022 cząstek.",1.3,490,1773622991.698665,2026-03-16T02:03:11.698676,0.4283246397972107,0.4679930508136749,Qwen2.5-32B-Instruct,32000000000,wiki_pl,354,17
wiki_ar: wiki_ar: أو السلق على نار هادئة،,1.3,496,1773623038.0314522,2026-03-16T02:03:58.031463,0.44042691588401794,0.4742187559604645,Qwen2.5-32B-Instruct,32000000000,wiki_ar,355,17
wiki_zh: wiki_zh: 后来，萨特和不少法国学者的“存在主义的马克思主义”以及科拉科夫斯基和等东欧哲学家提出的“人道主义的马克思主义”。,1.3,465,1773623084.2227318,2026-03-16T02:04:44.222741,0.37916794419288635,0.4439466595649719,Qwen2.5-32B-Instruct,32000000000,wiki_zh,356,17
wiki_ar: wiki_ar: يدخل الماء في العديد من العمليّات الجيولوجيّة المهمّة،,1.0,485,1773623130.8212795,2026-03-16T02:05:30.821289,0.4110293984413147,0.45554977655410767,Qwen2.5-32B-Instruct,32000000000,wiki_ar,357,17
wiki_ar: wiki_ar: وهو أساسي لإنتاج المحاصيل الغذائيّة.,0.7,494,1773623177.4676087,2026-03-16T02:06:17.467618,0.43237540125846863,0.4694177508354187,Qwen2.5-32B-Instruct,32000000000,wiki_ar,358,17
"wiki_pl: wiki_pl: Jeśli  jest skończonym zbiorem aksjomatów, to istnieje podzbiór  taki, że  jest niezależny, a jednak ma tę samą siłę, co  tzn.",0.7,454,1773623224.096119,2026-03-16T02:07:04.096129,0.37836045026779175,0.4526571035385132,Qwen2.5-32B-Instruct,32000000000,wiki_pl,359,17
wiki_pl: wiki_pl: Ta różnica odpowiada za różnicę w masach i ładunku tych dwóch cząstek.,1.0,481,1773623270.5694642,2026-03-16T02:07:50.569472,0.4119374454021454,0.462072491645813,Qwen2.5-32B-Instruct,32000000000,wiki_pl,360,18
"wiki_pl: wiki_pl: (RU), Reserved device control (DC0), Synchronous idle (SYNC) i Acknowledge (ACK).",0.7,484,1773623316.8030462,2026-03-16T02:08:36.803055,0.41007301211357117,0.4581008553504944,Qwen2.5-32B-Instruct,32000000000,wiki_pl,361,18
wiki_pl: wiki_pl: Tabela kodów ASCII  Zobacz też   Ascii85  ASCII-Art  Basic Latin (blok Unicode)  Extended ASCII  Przypisy  Uwagi  Bibliografia  Linki zewnętrzne       Formaty plików komputerowych Kodowania znaków,0.7,443,1773623363.6242895,2026-03-16T02:09:23.624300,0.3695303201675415,0.454500675201416,Qwen2.5-32B-Instruct,32000000000,wiki_pl,362,18
wiki_ja: wiki_ja: 代表例として英語、フランス語、ルーマニア語、アルバニア語、アルメニア語等がある。,1.3,477,1773623410.2328749,2026-03-16T02:10:10.232887,0.3989005982875824,0.45208004117012024,Qwen2.5-32B-Instruct,32000000000,wiki_ja,363,18
wiki_pl: wiki_pl: Naturalnie występujące jądra plutonu i neptunu powstały w wyniku wychwytu neutronu przez jądra uranu.,1.0,470,1773623456.811861,2026-03-16T02:10:56.811871,0.406802237033844,0.4658265709877014,Qwen2.5-32B-Instruct,32000000000,wiki_pl,364,18
wiki_zh: wiki_zh: 牛頓為了解決問題所做的定義，到了十九世紀才重新以小心的分析及正式的證明來處理。,1.0,476,1773623503.185656,2026-03-16T02:11:43.185665,0.3852176070213318,0.43925386667251587,Qwen2.5-32B-Instruct,32000000000,wiki_zh,365,18
wiki_ar: wiki_ar: وأحياناً أخرى على هيئة ضباب أو ندى،,0.7,492,1773623549.7235656,2026-03-16T02:12:29.723575,0.4105846583843231,0.45100152492523193,Qwen2.5-32B-Instruct,32000000000,wiki_ar,366,18
wiki_zh: wiki_zh: 应用文是針對特定需求而有的文體，例如公告、廣告等。,1.0,485,1773623596.1869109,2026-03-16T02:13:16.186921,0.41439196467399597,0.45901912450790405,Qwen2.5-32B-Instruct,32000000000,wiki_zh,367,18
wiki_ar: wiki_ar: التعادل الحمضي: الماء سائل متعادل كيميائيّاً،,0.7,485,1773623642.9048762,2026-03-16T02:14:02.904893,0.41868746280670166,0.4636935293674469,Qwen2.5-32B-Instruct,32000000000,wiki_ar,368,18
wiki_ja: wiki_ja: 服部四郎はこれを原始日本語のアクセントと称し、これが分岐し互いに反対の方向に変化して、東京式と京阪式を生じたと考えた。,0.7,456,1773623689.4646997,2026-03-16T02:14:49.464709,0.3982870280742645,0.47023308277130127,Qwen2.5-32B-Instruct,32000000000,wiki_ja,369,18
wiki_zh: wiki_zh: 同时，民族国家政治上逐步的中央集权的过程得到了世俗政治哲学的响应，如尼可罗·马基亚维利（常被描述为第一个现代政治思想家，或者是现代政治思想形成的关键点）、托马斯·莫尔、伊拉斯谟、尤斯图斯·利普修斯、让·博丹和胡果·格老秀斯等的著作。,0.7,417,1773623736.3578336,2026-03-16T02:15:36.357839,0.31597447395324707,0.42192327976226807,Qwen2.5-32B-Instruct,32000000000,wiki_zh,370,18
wiki_ja: wiki_ja: たとえば、「はな（花）」の「は」と「かは（川）」の「は」の発音は、平安時代初期にはいずれも「ファ」() であったとみられるが、平安時代に起こったハ行転呼により、「かは（川）」など語中語尾の「は」は「ワ」と発音するようになった。,0.7,418,1773623783.6792018,2026-03-16T02:16:23.679211,0.3281153738498688,0.4349791705608368,Qwen2.5-32B-Instruct,32000000000,wiki_ja,371,18
wiki_ja: wiki_ja: また、「今日は晴れた。,0.7,497,1773623829.9114707,2026-03-16T02:17:09.911480,0.4071214497089386,0.44151896238327026,Qwen2.5-32B-Instruct,32000000000,wiki_ja,372,18
wiki_zh: wiki_zh: 中国的散文从先秦诸子散文发展而来，代有散文名家名作。,1.3,485,1773623875.9631186,2026-03-16T02:17:55.963128,0.40614667534828186,0.4499738812446594,Qwen2.5-32B-Instruct,32000000000,wiki_zh,373,18
wiki_ja: wiki_ja: 方言と表記  日本語の表記体系は中央語を書き表すために発達したものであり、方言の音韻を表記するためには必ずしも適していない。,1.3,460,1773623922.9641168,2026-03-16T02:18:42.964122,0.37909942865371704,0.44551822543144226,Qwen2.5-32B-Instruct,32000000000,wiki_ja,374,18
wiki_zh: wiki_zh: 當數系更進一步發展時，整數被視為有理數的子集，而有理數則包含於實數中，連續的量即是以實數來表示的。,1.0,461,1773623969.8017447,2026-03-16T02:19:29.801750,0.38534942269325256,0.4517129361629486,Qwen2.5-32B-Instruct,32000000000,wiki_zh,375,18
wiki_pl: wiki_pl: Emisja gamma – polegająca na emisji promieniowania gamma w wyniku przejścia nukleonu na niższy poziom energetyczny w jądrze.,0.7,460,1773624016.3676426,2026-03-16T02:20:16.367648,0.38079458475112915,0.44888365268707275,Qwen2.5-32B-Instruct,32000000000,wiki_pl,376,18
wiki_ar: wiki_ar: وقد فسّر العلماء هذا بأنّ الله جعل الماء سبباً للحياة.,1.3,484,1773624062.9608521,2026-03-16T02:21:02.960858,0.42477884888648987,0.470380574464798,Qwen2.5-32B-Instruct,32000000000,wiki_ar,377,18
wiki_pl: wiki_pl: Jednak wejście może nie zawierać ani jednej linii.,1.3,490,1773624109.617118,2026-03-16T02:21:49.617123,0.4253896176815033,0.46483537554740906,Qwen2.5-32B-Instruct,32000000000,wiki_pl,378,18
wiki_ja: wiki_ja: 日本語では相手の意向を直接的に聞くことは失礼に当たるからである。,0.7,482,1773624156.344973,2026-03-16T02:22:36.344983,0.4051341712474823,0.45182836055755615,Qwen2.5-32B-Instruct,32000000000,wiki_ja,379,18
"wiki_pl: wiki_pl: Układy cząstek podobne do atomów  Atomy egzotyczne   Sztucznie wytworzono też pewne egzotyczne atomy, w których proton, neutron albo elektron zastąpiono inną cząstką o takim samym ładunku.",1.3,435,1773624203.3171551,2026-03-16T02:23:23.317169,0.34553205966949463,0.43796947598457336,Qwen2.5-32B-Instruct,32000000000,wiki_pl,380,19
wiki_pl: wiki_pl: Naturalnie występujące jądra plutonu i neptunu powstały w wyniku wychwytu neutronu przez jądra uranu.,1.3,470,1773624249.7321088,2026-03-16T02:24:09.732118,0.4030788242816925,0.46217039227485657,Qwen2.5-32B-Instruct,32000000000,wiki_pl,381,19
wiki_ja: wiki_ja: 句の主要部は、修飾語の前（主要部先導型）か後ろ（主要部終端型）に位置する。,1.0,471,1773624296.8805745,2026-03-16T02:24:56.880580,0.3931281268596649,0.45144811272621155,Qwen2.5-32B-Instruct,32000000000,wiki_ja,382,19
wiki_zh: wiki_zh: 上述综合在一起即是他的理论：最真实的无所不包的整体即是“绝对精神”，又是对立的统一。,0.7,480,1773624343.3187253,2026-03-16T02:25:43.318731,0.4145640730857849,0.4653511047363281,Qwen2.5-32B-Instruct,32000000000,wiki_zh,383,19
"wiki_pl: wiki_pl: Jeśli  jest skończonym zbiorem aksjomatów, to istnieje podzbiór  taki, że  jest niezależny, a jednak ma tę samą siłę, co  tzn.",1.0,454,1773624389.9996653,2026-03-16T02:26:29.999670,0.37871941924095154,0.4542122483253479,Qwen2.5-32B-Instruct,32000000000,wiki_pl,384,19
wiki_zh: wiki_zh: 上述综合在一起即是他的理论：最真实的无所不包的整体即是“绝对精神”，又是对立的统一。,1.0,480,1773624436.2283015,2026-03-16T02:27:16.228309,0.4054078459739685,0.4567248225212097,Qwen2.5-32B-Instruct,32000000000,wiki_zh,385,19
wiki_zh: wiki_zh: 一開始，數學的運用可見於貿易、土地測量及之後的天文學。,1.0,480,1773624483.2196136,2026-03-16T02:28:03.219630,0.38333380222320557,0.43420326709747314,Qwen2.5-32B-Instruct,32000000000,wiki_zh,386,19
wiki_pl: wiki_pl: Liczba takich elektronów determinuje właściwości chemiczne atomów.,1.0,485,1773624529.6381361,2026-03-16T02:28:49.638147,0.4225028455257416,0.46722039580345154,Qwen2.5-32B-Instruct,32000000000,wiki_pl,387,19
wiki_ja: wiki_ja: 概説   言語は、人間が用いる意志伝達手段であり、社会集団内で形成習得され、意志を相互に伝達することや、抽象的な思考を可能にし、結果として人間の社会的活動や文化的活動を支えている。,1.0,439,1773624576.5836306,2026-03-16T02:29:36.583645,0.35858821868896484,0.44537290930747986,Qwen2.5-32B-Instruct,32000000000,wiki_ja,388,19
"wiki_pl: wiki_pl: SOM zmieniono na SOH),  przeniesienie lub usunięcie niektórych znaków kontrolnych (np.",1.3,478,1773624623.2853315,2026-03-16T02:30:23.285346,0.3980039954185486,0.44968175888061523,Qwen2.5-32B-Instruct,32000000000,wiki_pl,389,19
wiki_ja: wiki_ja: 満州国（現在の中国東北部）にも日本人が数多く移住した結果、日本語が広く使用され、また、日本語は中国語とともに公用語とされた。,1.3,460,1773624670.1309557,2026-03-16T02:31:10.130969,0.384194552898407,0.45043495297431946,Qwen2.5-32B-Instruct,32000000000,wiki_ja,390,19
"wiki_pl: wiki_pl: Wyjście jest zawsze zakończone predefiniowanym separatorem rekordów (output record separator (ORS)), który domyślnie jest znakiem nowej linii.",0.7,462,1773624716.7922518,2026-03-16T02:31:56.792264,0.3948758542537689,0.460188090801239,Qwen2.5-32B-Instruct,32000000000,wiki_pl,391,19
wiki_ja: wiki_ja: 中国語との接触、すなわち漢字の音節構造について学習することにより、日本語の相対的な特徴が意識されるようになった。,1.0,466,1773624763.3435662,2026-03-16T02:32:43.343572,0.3856741786003113,0.4475194811820984,Qwen2.5-32B-Instruct,32000000000,wiki_ja,392,19
wiki_ar: wiki_ar: أي: وأحيينا بالماء الذي ينزل من السماء كلّ شيء حيّ،,1.3,486,1773624810.2579486,2026-03-16T02:33:30.257961,0.42250463366508484,0.4652889668941498,Qwen2.5-32B-Instruct,32000000000,wiki_ar,393,19
wiki_zh: wiki_zh: 前苏格拉底时期   在公元前6世纪的希腊，西方哲学就从古代神话和诗歌中脱颖而出，逐步开始对宇宙的组成以及本源的思考而开始了独立发展。,1.0,461,1773624856.7342317,2026-03-16T02:34:16.734245,0.3761068880558014,0.44189998507499695,Qwen2.5-32B-Instruct,32000000000,wiki_zh,394,19
wiki_zh: wiki_zh: 牛頓為了解決問題所做的定義，到了十九世紀才重新以小心的分析及正式的證明來處理。,0.7,476,1773624903.276455,2026-03-16T02:35:03.276471,0.40677303075790405,0.46087008714675903,Qwen2.5-32B-Instruct,32000000000,wiki_zh,395,19
wiki_zh: wiki_zh: 中国是世界上诗歌最发达的国度之一。,0.7,493,1773624949.4700596,2026-03-16T02:35:49.470073,0.4164499342441559,0.4527362287044525,Qwen2.5-32B-Instruct,32000000000,wiki_zh,396,19
wiki_pl: wiki_pl: Pierwiastki takie jak ołów powstały głównie w wyniku radioaktywnego rozpadu cięższych pierwiastków.,0.7,474,1773624996.174642,2026-03-16T02:36:36.174647,0.41415348649024963,0.46789419651031494,Qwen2.5-32B-Instruct,32000000000,wiki_pl,397,19
wiki_ja: wiki_ja: 朝鮮語との関係  朝鮮語とは語順や文法構造で類似点が非常に多い。,0.7,476,1773625042.7263327,2026-03-16T02:37:22.726342,0.40525951981544495,0.45752403140068054,Qwen2.5-32B-Instruct,32000000000,wiki_ja,398,19
wiki_zh: wiki_zh: 因為文學的範圍很廣，許多文學獎項會依風格、文學類型、語言、國籍及其他特性（例如新進作家或是等）再做分類。,1.0,463,1773625089.4929028,2026-03-16T02:38:09.492912,0.3700999915599823,0.43418070673942566,Qwen2.5-32B-Instruct,32000000000,wiki_zh,399,19
wiki_zh: wiki_zh: 當數系更進一步發展時，整數被視為有理數的子集，而有理數則包含於實數中，連續的量即是以實數來表示的。,0.7,461,1773625136.131532,2026-03-16T02:38:56.131542,0.39011552929878235,0.456526517868042,Qwen2.5-32B-Instruct,32000000000,wiki_zh,400,20
wiki_ja: wiki_ja: たとえば、動詞「取る」の尊敬形として、「（先生が）お取りになる」「（先生が）取られる」などが用いられる。,0.7,468,1773625183.005987,2026-03-16T02:39:43.005996,0.3951306939125061,0.45484790205955505,Qwen2.5-32B-Instruct,32000000000,wiki_ja,401,20
wiki_zh: wiki_zh: 又或者是加快計算的數值方法，如快速傅立葉變換。,1.3,486,1773625229.232085,2026-03-16T02:40:29.232094,0.41321322321891785,0.4566514194011688,Qwen2.5-32B-Instruct,32000000000,wiki_zh,402,20
wiki_pl: wiki_pl: Jednak ich wartości powinno się pomijać wywołując daną funkcję.,1.3,486,1773625275.5803678,2026-03-16T02:41:15.580378,0.42719653248786926,0.4712870121002197,Qwen2.5-32B-Instruct,32000000000,wiki_pl,403,20
wiki_ja: wiki_ja: 」の「はい」「姉さん」「新鮮」のように、他の部分に係ったり、他の部分を受けたりすることがないものである。,1.3,473,1773625321.7794027,2026-03-16T02:42:01.779412,0.42236658930778503,0.47742408514022827,Qwen2.5-32B-Instruct,32000000000,wiki_ja,404,20
wiki_ja: wiki_ja: 品詞分類では、常に接続語となる品詞を接続詞とする。,1.0,483,1773625368.4221454,2026-03-16T02:42:48.422155,0.40968024730682373,0.4560622572898865,Qwen2.5-32B-Instruct,32000000000,wiki_ja,405,20
wiki_zh: wiki_zh: 上述综合在一起即是他的理论：最真实的无所不包的整体即是“绝对精神”，又是对立的统一。,1.3,480,1773625414.498598,2026-03-16T02:43:34.498608,0.41101324558258057,0.4618802070617676,Qwen2.5-32B-Instruct,32000000000,wiki_zh,406,20
wiki_ja: wiki_ja: 中国の文物・思想の流入や仏教の普及などにつれて、漢語は徐々に一般の日本語に取り入れられていった。,1.3,469,1773625461.1215925,2026-03-16T02:44:21.121598,0.388967901468277,0.4476572275161743,Qwen2.5-32B-Instruct,32000000000,wiki_ja,407,20
wiki_ar: wiki_ar: كما يتمّ غسل الموتى قبل الدفن أيضاً.,1.3,492,1773625507.4564888,2026-03-16T02:45:07.456494,0.4241889417171478,0.4612210988998413,Qwen2.5-32B-Instruct,32000000000,wiki_ar,408,20
wiki_zh: wiki_zh: 普罗泰戈拉认为是非善恶都是相对于人的感觉而言，而高尔吉亚却认为所有的都是同样的假，这是怀疑论的雏形。,0.7,469,1773625553.719294,2026-03-16T02:45:53.719299,0.40734565258026123,0.46596387028694153,Qwen2.5-32B-Instruct,32000000000,wiki_zh,409,20
wiki_ar: wiki_ar: يعني مفهوم صناعة المياه تزويد ماء الشرب وخدمات الصرف الصحي (بما في ذلك معالجة الصرف الصحي) إلى المنازل بوسائل مختلفة.,1.0,465,1773625600.4884262,2026-03-16T02:46:40.488440,0.3988381028175354,0.46286651492118835,Qwen2.5-32B-Instruct,32000000000,wiki_ar,410,20
"wiki_pl: wiki_pl: Jeśli wyrażenie jest listą wyrażeń (wyrażenie, wyrażenie, ...), to indeks tablicy jest sklejany z wartości (łańcuchowych) każdego wyrażenia, oddzielonych wartością zmiennej SUBSEP.",1.0,444,1773625647.1064234,2026-03-16T02:47:27.106437,0.387581467628479,0.47249549627304077,Qwen2.5-32B-Instruct,32000000000,wiki_pl,411,20
wiki_ja: wiki_ja: 新たなオノマトペが作られることもある。,0.7,490,1773625693.635314,2026-03-16T02:48:13.635326,0.4130822718143463,0.45497146248817444,Qwen2.5-32B-Instruct,32000000000,wiki_ja,412,20
wiki_zh: wiki_zh: 数学在许多领域都有应用，包括科學、工程、醫學、經濟學和金融學等。,0.7,481,1773625740.2029164,2026-03-16T02:49:00.202930,0.40533357858657837,0.45490095019340515,Qwen2.5-32B-Instruct,32000000000,wiki_zh,413,20
wiki_ar: wiki_ar: وقد استنتج من ذلك أنّ الماء موجود في الكون منذ بداية نشأته.,1.3,486,1773625786.9037745,2026-03-16T02:49:46.903788,0.4150680601596832,0.45927879214286804,Qwen2.5-32B-Instruct,32000000000,wiki_ar,414,20
wiki_ja: wiki_ja: ここで、「近称」は最も近いもの、「中称」はやや離れたもの、「遠称」は遠いものを指すとされた。,1.3,470,1773625833.5855339,2026-03-16T02:50:33.585562,0.40289241075515747,0.462214857339859,Qwen2.5-32B-Instruct,32000000000,wiki_ja,415,20
wiki_ar: wiki_ar: كما تلاحظ أيضاً عند شوكيات الجلد مثل قنفذ البحر ونجم البحر وخيار البحر.,1.0,482,1773625880.248762,2026-03-16T02:51:20.248783,0.4015282094478607,0.4500933587551117,Qwen2.5-32B-Instruct,32000000000,wiki_ar,416,20
wiki_pl: wiki_pl: Definicja języka AWK jest zawarta w POSIX 1003.2 Command Language And Utilities Standard.,0.7,481,1773625927.9234357,2026-03-16T02:52:07.923454,0.41754379868507385,0.46634453535079956,Qwen2.5-32B-Instruct,32000000000,wiki_pl,417,20
wiki_ar: wiki_ar: الماء مادةٌ شفافةٌ عديمة اللون والرائحة،,1.0,485,1773625974.7172337,2026-03-16T02:52:54.717258,0.42128986120224,0.465060293674469,Qwen2.5-32B-Instruct,32000000000,wiki_ar,418,20
wiki_ja: wiki_ja: また、関西で「う」を唇を丸めて発音する（円唇母音）のに対し、関東では唇を丸めずに発音するが、これも唇音退化の例ととらえることができる。,0.7,448,1773626021.8560379,2026-03-16T02:53:41.856049,0.3885277211666107,0.46900641918182373,Qwen2.5-32B-Instruct,32000000000,wiki_ja,419,20
wiki_ar: wiki_ar: يستخدم الماء بشكل أساسي كمادّة تبريد ووسط في المبادلات الحراريّة نظراً لوفرته وللسعة الحراريّة المرتفعة سواءً للتبريد أو التسخين.,0.7,454,1773626068.9371161,2026-03-16T02:54:28.937127,0.39030584692955017,0.46569010615348816,Qwen2.5-32B-Instruct,32000000000,wiki_ar,420,21
wiki_zh: wiki_zh: 大学院系划分中常见「科学和数学系」，这指出了这两个领域被看作有緊密聯繫而非一樣。,1.3,473,1773626115.5007823,2026-03-16T02:55:15.500788,0.3659231960773468,0.42209503054618835,Qwen2.5-32B-Instruct,32000000000,wiki_zh,421,21
wiki_ar: wiki_ar: وللآن لا توجد أدلّة علميّة كافية تلزم الإنسان بشرب كمّيّة محدّدة من الماء يوميّاً،,0.7,465,1773626162.5241795,2026-03-16T02:56:02.524185,0.3995020091533661,0.4629252552986145,Qwen2.5-32B-Instruct,32000000000,wiki_ar,422,21
wiki_zh: wiki_zh: 大卫·休谟的理论比贝克莱的更进一步，他不仅仅认为物质实体不存在，更认为精神实体不存在。,1.0,476,1773626208.8551834,2026-03-16T02:56:48.855189,0.39309224486351013,0.44437190890312195,Qwen2.5-32B-Instruct,32000000000,wiki_zh,423,21
wiki_ar: wiki_ar: ماء البحر والمد والجزر   يحوي ماء البحر على نسبة من الأملاح الطبيعيّة (ما متوسطه 3.,1.3,474,1773626255.7774856,2026-03-16T02:57:35.777496,0.3916308581829071,0.4459487795829773,Qwen2.5-32B-Instruct,32000000000,wiki_ar,424,21
wiki_zh: wiki_zh: 它通过想像与抒情来表达某种强烈的情感。,0.7,491,1773626302.1861901,2026-03-16T02:58:22.186201,0.41698336601257324,0.45608729124069214,Qwen2.5-32B-Instruct,32000000000,wiki_zh,425,21
wiki_ar: wiki_ar: أمّا في نظريّة الأخلاط الأربعة فاقترن الماء مع البلغم بكونه بارداً ورطباً.,0.7,469,1773626349.11455,2026-03-16T02:59:09.114561,0.39330625534057617,0.45344460010528564,Qwen2.5-32B-Instruct,32000000000,wiki_ar,426,21
wiki_ar: wiki_ar: وذلك حين نفد ما معهما من زاد وماء.,0.7,493,1773626395.6490722,2026-03-16T02:59:55.649082,0.4231383204460144,0.4594328999519348,Qwen2.5-32B-Instruct,32000000000,wiki_ar,427,21
wiki_ar: wiki_ar: في حال كان التخصّص في دراسة الجليد فيعرف العلم باسم علم الجليد،,1.0,483,1773626442.2070904,2026-03-16T03:00:42.207095,0.423444002866745,0.46863460540771484,Qwen2.5-32B-Instruct,32000000000,wiki_ar,428,21
wiki_ja: wiki_ja: また、母音は、東日本や北陸、出雲付近、九州で無声化しやすく、東海、近畿、中国、四国では無声化しにくい。,1.3,461,1773626489.1452127,2026-03-16T03:01:29.145223,0.372851699590683,0.43991056084632874,Qwen2.5-32B-Instruct,32000000000,wiki_ja,429,21
wiki_zh: wiki_zh: 」牟宗三認為，中國有數千年文化史，確有哲學。,1.0,485,1773626535.825411,2026-03-16T03:02:15.825421,0.39303627610206604,0.44032058119773865,Qwen2.5-32B-Instruct,32000000000,wiki_zh,430,21
wiki_ar: wiki_ar: وذلك من القوّة الناشئة عن دفع المياه للعنفات التي تكون موصولة بمولّد كهربائي.,1.3,476,1773626582.5668027,2026-03-16T03:03:02.566808,0.4066278040409088,0.45834338665008545,Qwen2.5-32B-Instruct,32000000000,wiki_ar,431,21
wiki_ja: wiki_ja: 表日本方言は共通語に近い音韻体系を持つ。,0.7,487,1773626629.0932713,2026-03-16T03:03:49.093277,0.42468318343162537,0.467622846364975,Qwen2.5-32B-Instruct,32000000000,wiki_ja,432,21
wiki_zh: wiki_zh: 19世纪哲学家克尔凯郭尔和尼采被看作存在主义的先驱，尽管他们没有使用这个术语。,1.3,474,1773626675.476655,2026-03-16T03:04:35.476666,0.3964788317680359,0.4494507610797882,Qwen2.5-32B-Instruct,32000000000,wiki_zh,433,21
wiki_pl: wiki_pl: Elektrony na orbitalach najdalszych od jądra mogą przenosić się na inne atomy bądź tworzyć orbitale wokół dwóch i więcej atomów jednocześnie.,1.3,465,1773626722.1401727,2026-03-16T03:05:22.140183,0.3750515580177307,0.4399326741695404,Qwen2.5-32B-Instruct,32000000000,wiki_pl,434,21
wiki_zh: wiki_zh: 克尔凯郭尔著作主要针对的是黑格尔的唯心主义哲学体系，他认为其忽视或排除了人类的内在主观生命。,0.7,473,1773626768.3855247,2026-03-16T03:06:08.385535,0.38294991850852966,0.43690377473831177,Qwen2.5-32B-Instruct,32000000000,wiki_zh,435,21
wiki_pl: wiki_pl: Jądro atomowe   Wszystkie protony i neutrony w atomie (nazywane wspólnie nukleonami) skupiają się w jądro atomowe.,1.3,464,1773626815.176548,2026-03-16T03:06:55.176559,0.39346763491630554,0.4584292471408844,Qwen2.5-32B-Instruct,32000000000,wiki_pl,436,21
wiki_ja: wiki_ja: 自立語で活用のあるもののうち、命令形のあるものを動詞、命令形がなく終止・連体形が「い」で終わるものを形容詞（日本語教育では「イ形容詞」）、連体形が「な」で終わるものを形容動詞（日本語教育では「ナ形容詞」）とする。,0.7,429,1773626862.300863,2026-03-16T03:07:42.300880,0.33399298787117004,0.4297068417072296,Qwen2.5-32B-Instruct,32000000000,wiki_ja,437,21
wiki_zh: wiki_zh: 骈文是句式多為四六句及對仗的文言文文體。,0.7,482,1773626908.7972755,2026-03-16T03:08:28.797285,0.38916563987731934,0.4365338683128357,Qwen2.5-32B-Instruct,32000000000,wiki_zh,438,21
wiki_ja: wiki_ja: 最古の例は『東大寺諷誦文稿』（9世紀）とされる。,1.0,480,1773626955.4503815,2026-03-16T03:09:15.450392,0.3905884325504303,0.4398654103279114,Qwen2.5-32B-Instruct,32000000000,wiki_ja,439,21
wiki_ja: wiki_ja: さらに、英語はアメリカ合衆国やイギリスの公用語であるため世界で広く重要視されている。,1.0,474,1773627002.1818504,2026-03-16T03:10:02.181856,0.3921692669391632,0.4455287456512451,Qwen2.5-32B-Instruct,32000000000,wiki_ja,440,22
"wiki_pl: wiki_pl: Jednak wiadomości zakodowane w ten sposób łatwo mogły ulec zniekształceniu, ponieważ przekłamanie podczas transmisji kodu SHIFT mogłoby zmienić brzmienie dużej części tekstu.",1.0,454,1773627048.9949286,2026-03-16T03:10:48.994939,0.3679192364215851,0.4433548152446747,Qwen2.5-32B-Instruct,32000000000,wiki_pl,441,22
wiki_ja: wiki_ja: たとえば、相手に窓を開けてほしい場合は、命令表現によらずに、「窓を開けてくれる？,0.7,476,1773627095.9977238,2026-03-16T03:11:35.997734,0.40317294001579285,0.4560772776603699,Qwen2.5-32B-Instruct,32000000000,wiki_ja,442,22
wiki_zh: wiki_zh: 可以根據長篇小說、中篇小說、短篇小說等主要形式進一步區分；,1.3,482,1773627142.6871462,2026-03-16T03:12:22.687156,0.40792128443717957,0.454684853553772,Qwen2.5-32B-Instruct,32000000000,wiki_zh,443,22
wiki_ja: wiki_ja: 助詞は、名詞について述語との関係（格関係）を表す格助詞（「名詞の格」の節参照）、活用する語について後続部分との接続関係を表す接続助詞、種々の語について、程度や限定などの意味を添えつつ後続の用言などを修飾する副助詞、文の終わりに来て疑問や詠嘆・感動・禁止といった気分や意図を表す終助詞に分けられる。,1.3,386,1773627190.0761592,2026-03-16T03:13:10.076170,0.27393972873687744,0.3988853693008423,Qwen2.5-32B-Instruct,32000000000,wiki_ja,444,22
wiki_ja: wiki_ja: このうち、梵語の語彙は、多く漢語に取り入れられた後に、仏教と共に日本に伝えられた。,1.0,475,1773627236.9787414,2026-03-16T03:13:56.978752,0.3811173737049103,0.4267268478870392,Qwen2.5-32B-Instruct,32000000000,wiki_ja,445,22
wiki_zh: wiki_zh: 羅存德在literature詞條給了2個義項7個解釋「文，文學，文字，字墨；,1.0,475,1773627283.5352192,2026-03-16T03:14:43.535225,0.378467857837677,0.42511221766471863,Qwen2.5-32B-Instruct,32000000000,wiki_zh,446,22
wiki_pl: wiki_pl: Zbiór aksjomatów i ich konsekwencji to system aksjomatyczny.,1.0,482,1773627330.0842655,2026-03-16T03:15:30.084279,0.4153484106063843,0.4553965926170349,Qwen2.5-32B-Instruct,32000000000,wiki_pl,447,22
wiki_pl: wiki_pl: W technice tej wykorzystuje się elektronowy mikroskop transmisyjny do przepuszczania elektronów przez próbkę.,1.0,472,1773627377.0757148,2026-03-16T03:16:17.075762,0.39594766497612,0.44555357098579407,Qwen2.5-32B-Instruct,32000000000,wiki_pl,448,22
wiki_pl: wiki_pl: Teoria w logice jest zbiorem twierdzeń opisujących pewne relacje między jej pojęciami.,0.7,479,1773627424.2353373,2026-03-16T03:17:04.235387,0.40616148710250854,0.44799402356147766,Qwen2.5-32B-Instruct,32000000000,wiki_pl,449,22
wiki_ja: wiki_ja: 今日の共通語も東国語の系統を引いており、終止形語尾は「だ」、連体形語尾は「な」となっている。,1.3,465,1773627471.1212413,2026-03-16T03:17:51.121271,0.36564862728118896,0.41985756158828735,Qwen2.5-32B-Instruct,32000000000,wiki_ja,450,22
wiki_zh: wiki_zh: 在當代，中國哲學仍然在亞洲文化扮演一定作用，但是學理上仍在爭辯中國哲學是否應歸為哲學。,1.3,470,1773627517.6606562,2026-03-16T03:18:37.660697,0.38267239928245544,0.43402260541915894,Qwen2.5-32B-Instruct,32000000000,wiki_zh,451,22
wiki_pl: wiki_pl: Początki naukowej teorii atomu   Jakob Hermann w 1716 roku w dziele Phoronomia opisał gaz jako składający się z cząsteczek poruszających się z różnymi prędkościami.,1.0,443,1773627564.634433,2026-03-16T03:19:24.634446,0.3600665032863617,0.43644464015960693,Qwen2.5-32B-Instruct,32000000000,wiki_pl,452,22
wiki_ja: wiki_ja: 」という文の場合、「が・で」格があるにもかかわらず、なお完全な文という感じがしない。,0.7,477,1773627611.2649443,2026-03-16T03:20:11.264967,0.3837072253227234,0.42680490016937256,Qwen2.5-32B-Instruct,32000000000,wiki_ja,453,22
wiki_ja: wiki_ja: 」という文の場合、「が・で」格があるにもかかわらず、なお完全な文という感じがしない。,1.3,477,1773627658.215055,2026-03-16T03:20:58.215068,0.39267584681510925,0.4384841322898865,Qwen2.5-32B-Instruct,32000000000,wiki_ja,454,22
"wiki_pl: wiki_pl: Jeśli różnią się liczbą neutronów, stanowią różne izotopy tego pierwiastka.",0.7,483,1773627699.7285624,2026-03-16T03:21:39.728576,0.4260227084159851,0.4652860462665558,Qwen2.5-32B-Instruct,32000000000,wiki_pl,455,22
wiki_pl: wiki_pl: W 1624 poglądy atomistyczne odnowił Pierre Gassendi w dziele Exercitationes paradoxicae adversus Aristoteleos.,1.0,468,1773627746.4975884,2026-03-16T03:22:26.497614,0.3891088664531708,0.4429922103881836,Qwen2.5-32B-Instruct,32000000000,wiki_pl,456,22
wiki_zh: wiki_zh: 龐加萊猜想已在2006年确认由俄罗斯数学家格里戈里·佩雷尔曼證明，而四色定理已在1976年由凱尼斯·阿佩爾和沃夫岡·哈肯用電腦證明，而從來沒有由人力來驗證過。,1.3,436,1773627793.444963,2026-03-16T03:23:13.444974,0.332360178232193,0.41148510575294495,Qwen2.5-32B-Instruct,32000000000,wiki_zh,457,22
wiki_ja: wiki_ja: また、1988年には、国立国語研究所所長・野元菊雄が、外国人への日本語教育のため、文法を単純化した「簡約日本語」の必要性を説き、論議を呼んだ。,1.0,445,1773627840.431117,2026-03-16T03:24:00.431129,0.3620002269744873,0.4351055920124054,Qwen2.5-32B-Instruct,32000000000,wiki_ja,458,22
wiki_ja: wiki_ja: 明覚はまた、『悉曇要訣』において、梵語の発音を説明するために日本語の例を多く引用し、日本語の音韻組織への関心を見せている。,1.0,455,1773627887.3588185,2026-03-16T03:24:47.358854,0.3744021952152252,0.43875807523727417,Qwen2.5-32B-Instruct,32000000000,wiki_ja,459,22
"wiki_pl: wiki_pl: Jeśli różnią się liczbą neutronów, stanowią różne izotopy tego pierwiastka.",1.0,483,1773627934.098736,2026-03-16T03:25:34.098758,0.424183189868927,0.4630541503429413,Qwen2.5-32B-Instruct,32000000000,wiki_pl,460,23
wiki_zh: wiki_zh: 文學一般分为小說、散文、詩歌、劇本，并称为四大文学体裁；,0.7,484,1773627980.6692464,2026-03-16T03:26:20.669256,0.4255565106868744,0.46355605125427246,Qwen2.5-32B-Instruct,32000000000,wiki_zh,461,23
wiki_ar: wiki_ar: كما عثر على نظام تصريف متقن للمياه أيضاً في آثار سكارا براي في إسكتلندا،,1.3,477,1773628027.471184,2026-03-16T03:27:07.471193,0.4078148603439331,0.4527882933616638,Qwen2.5-32B-Instruct,32000000000,wiki_ar,462,23
"wiki_pl: wiki_pl: Hiperjądra zawierają oprócz protonów i neutronów także cięższe bariony, zwane hiperonami.",1.3,475,1773628074.0529299,2026-03-16T03:27:54.052935,0.40326517820358276,0.4487997889518738,Qwen2.5-32B-Instruct,32000000000,wiki_pl,463,23
wiki_zh: wiki_zh: 大众文学又名：俗文學、通俗文學）。,0.7,491,1773628120.1146016,2026-03-16T03:28:40.114612,0.3979005217552185,0.43085768818855286,Qwen2.5-32B-Instruct,32000000000,wiki_zh,464,23
wiki_zh: wiki_zh: 數的進一步廣義化可以持續至包含四元數及八元數。,1.0,485,1773628166.6347656,2026-03-16T03:29:26.634775,0.4167185425758362,0.4546288847923279,Qwen2.5-32B-Instruct,32000000000,wiki_zh,465,23
wiki_zh: wiki_zh: 一開始，數學的運用可見於貿易、土地測量及之後的天文學。,1.3,480,1773628213.1870837,2026-03-16T03:30:13.187093,0.4188213646411896,0.46116822957992554,Qwen2.5-32B-Instruct,32000000000,wiki_zh,466,23
wiki_ja: wiki_ja: 雑誌調査では、延べ語数・異なり語数ともに和語を上回り、全体の半数近くに及ぶまでになっている（「語種」参照）。,0.7,459,1773628260.1218576,2026-03-16T03:31:00.121867,0.37503743171691895,0.43691763281822205,Qwen2.5-32B-Instruct,32000000000,wiki_ja,467,23
wiki_ja: wiki_ja: 音韻の面では、母音の「う」を、東日本、北陸、出雲付近では中舌寄りで非円唇母音（唇を丸めない）の  または  で、西日本一般では奥舌で円唇母音の  で発音する。,1.3,432,1773628307.417387,2026-03-16T03:31:47.417397,0.33954280614852905,0.4239274263381958,Qwen2.5-32B-Instruct,32000000000,wiki_ja,468,23
wiki_ja: wiki_ja: これは、言語能力は人間に生得のものであるという考えを裏付けるものとなった。,1.3,481,1773628354.1631696,2026-03-16T03:32:34.163179,0.3900396227836609,0.4306468069553375,Qwen2.5-32B-Instruct,32000000000,wiki_ja,469,23
wiki_pl: wiki_pl: Pierwiastki takie jak ołów powstały głównie w wyniku radioaktywnego rozpadu cięższych pierwiastków.,1.3,474,1773628400.816844,2026-03-16T03:33:20.816854,0.4025135338306427,0.450055330991745,Qwen2.5-32B-Instruct,32000000000,wiki_pl,470,23
wiki_ja: wiki_ja: このほか、江戸時代で注目すべき研究としては、石塚龍麿の『仮字用格奥山路』がある。,1.3,472,1773628447.691031,2026-03-16T03:34:07.691041,0.39010506868362427,0.440182089805603,Qwen2.5-32B-Instruct,32000000000,wiki_ja,471,23
wiki_ar: wiki_ar: 9 ميغاجول/كغ) يحدث عندئذ انفصال لجزيء الماء إلى مكوّناته من الهيدروجين والأكسجين،,0.7,468,1773628494.7701185,2026-03-16T03:34:54.770123,0.40075305104255676,0.45360898971557617,Qwen2.5-32B-Instruct,32000000000,wiki_ar,472,23
wiki_ja: wiki_ja: 一方、西日本方言では「う」は東京方言よりも奥舌で、唇も丸めて発音し、 に近い。,1.3,471,1773628541.5088315,2026-03-16T03:35:41.508841,0.41027945280075073,0.4603647291660309,Qwen2.5-32B-Instruct,32000000000,wiki_ja,473,23
wiki_ar: wiki_ar: يمثّل الماء أمراً جوهرياً فيما يخص أمور النظافة بشكل عام والنظافة الشخصيّة بشكل خاص،,0.7,471,1773628588.6377482,2026-03-16T03:36:28.637758,0.38586172461509705,0.43406248092651367,Qwen2.5-32B-Instruct,32000000000,wiki_ar,474,23
"wiki_pl: wiki_pl: Oznacza to, że dany zestaw aksjomatów jednoznacznie określa wszystkie cechy definiowanych obiektów.",1.3,470,1773628635.5202436,2026-03-16T03:37:15.520252,0.39130789041519165,0.442533940076828,Qwen2.5-32B-Instruct,32000000000,wiki_pl,475,23
wiki_ar: wiki_ar: وتغسيل اليدين قبيل الأكل مثلاً واجب في اليهوديّة،,1.3,482,1773628682.4440937,2026-03-16T03:38:02.444099,0.3927738070487976,0.4324684739112854,Qwen2.5-32B-Instruct,32000000000,wiki_ar,476,23
wiki_ar: wiki_ar: وهو بالتالي أمر حرام نظراً لأنّ الإسلام نهى عن الإفساد في الأرض نهياً قاطعاً.,0.7,476,1773628729.5322828,2026-03-16T03:38:49.532292,0.3839680850505829,0.4298640489578247,Qwen2.5-32B-Instruct,32000000000,wiki_ar,477,23
wiki_zh: wiki_zh: 在存在主义中，个体的出发点的特征是被称为“存在的态度”，或一种面对显然是一个无意义的或荒谬的世界的迷失和混乱的感觉。,1.0,469,1773628776.0415754,2026-03-16T03:39:36.041586,0.38469603657722473,0.43428322672843933,Qwen2.5-32B-Instruct,32000000000,wiki_zh,478,23
wiki_ja: wiki_ja: 服部四郎はこれを原始日本語のアクセントと称し、これが分岐し互いに反対の方向に変化して、東京式と京阪式を生じたと考えた。,1.3,456,1773628822.85088,2026-03-16T03:40:22.850890,0.38897600769996643,0.4535555839538574,Qwen2.5-32B-Instruct,32000000000,wiki_ja,479,23
wiki_zh: wiki_zh: 他们都不相信有真正的存在和真理。,0.7,494,1773628869.3838377,2026-03-16T03:41:09.383848,0.4227648079395294,0.44999584555625916,Qwen2.5-32B-Instruct,32000000000,wiki_zh,480,24
wiki_ar: wiki_ar: الذي يعيد الشباب لكل من يشربه أو يستحمّ به.,1.3,491,1773628916.3175454,2026-03-16T03:41:56.317557,0.4139254093170166,0.44685056805610657,Qwen2.5-32B-Instruct,32000000000,wiki_ar,481,24
wiki_ja: wiki_ja: 当初は外来音の意識が強かったが、平安時代以降は普段の日本語に用いられるようになったとみられる。,1.3,473,1773628962.9484918,2026-03-16T03:42:42.948502,0.3773830235004425,0.42530134320259094,Qwen2.5-32B-Instruct,32000000000,wiki_ja,482,24
wiki_pl: wiki_pl: Przykładowo 14C powstaje w sposób ciągły w górnych warstwach atmosfery w wyniku zderzeń niskoenergetycznych neutronów z jądrami azotu.,1.3,455,1773629009.6350083,2026-03-16T03:43:29.635016,0.37329670786857605,0.438131719827652,Qwen2.5-32B-Instruct,32000000000,wiki_pl,483,24
wiki_zh: wiki_zh: 另一個國際上主要的獎項為阿貝爾獎，創立於2003年。,1.0,480,1773629056.4144237,2026-03-16T03:44:16.414429,0.41031771898269653,0.4516824185848236,Qwen2.5-32B-Instruct,32000000000,wiki_zh,484,24
wiki_zh: wiki_zh: 中国的散文从先秦诸子散文发展而来，代有散文名家名作。,1.0,485,1773629102.4139416,2026-03-16T03:45:02.413947,0.3867831528186798,0.4259278476238251,Qwen2.5-32B-Instruct,32000000000,wiki_zh,485,24
wiki_ja: wiki_ja: 言語消滅は、隣接したより大きな言語集団との交流が不可欠となり、その言語圏に小言語集団が取り込まれることによって起きる。,1.0,458,1773629149.2537568,2026-03-16T03:45:49.253762,0.363498330116272,0.4240831434726715,Qwen2.5-32B-Instruct,32000000000,wiki_ja,486,24
"wiki_pl: wiki_pl: Francis William Aston jako pierwszy udowodnił przy jego użyciu, że izotopy mają różne masy i że różnice w ich masach są wielokrotnościami tej samej masy.",1.3,457,1773629196.1943338,2026-03-16T03:46:36.194343,0.3859822154045105,0.4494348168373108,Qwen2.5-32B-Instruct,32000000000,wiki_pl,487,24
wiki_ja: wiki_ja: 音韻論上、「コーヒー」「ひいひい」など、「ー」や「あ行」の仮名で表す長音という単位が存在する（音素記号では ）。,1.3,457,1773629242.9766152,2026-03-16T03:47:22.976621,0.36694568395614624,0.4276326596736908,Qwen2.5-32B-Instruct,32000000000,wiki_ja,488,24
wiki_zh: wiki_zh: 后来，萨特和不少法国学者的“存在主义的马克思主义”以及科拉科夫斯基和等东欧哲学家提出的“人道主义的马克思主义”。,1.0,465,1773629289.6972783,2026-03-16T03:48:09.697287,0.36407047510147095,0.4178052246570587,Qwen2.5-32B-Instruct,32000000000,wiki_zh,489,24
wiki_ja: wiki_ja: とりわけ「見られる」を「見れる」とする語法は、1979年のNHK放送文化研究所「現代人の言語環境調査」で可否の意見が二分するなど、人々の言語習慣の違いを如実に示す典型例となっている。,1.0,438,1773629337.0182939,2026-03-16T03:48:57.018305,0.37499600648880005,0.4575643837451935,Qwen2.5-32B-Instruct,32000000000,wiki_ja,490,24
wiki_zh: wiki_zh: 文言文，常指非八股文的文體。,0.7,490,1773629383.5513906,2026-03-16T03:49:43.551404,0.40432095527648926,0.4376550614833832,Qwen2.5-32B-Instruct,32000000000,wiki_zh,491,24
wiki_ar: wiki_ar: الغلاف الجوّي للزهرة بنسبة 0.,1.0,494,1773629430.7018745,2026-03-16T03:50:30.701888,0.4309336543083191,0.45904457569122314,Qwen2.5-32B-Instruct,32000000000,wiki_ar,492,24
wiki_pl: wiki_pl: Ta energia napędza reakcję termojądrową we wnętrzu gwiazd.,1.3,486,1773629472.644157,2026-03-16T03:51:12.644167,0.42752957344055176,0.46242931485176086,Qwen2.5-32B-Instruct,32000000000,wiki_pl,493,24
wiki_ja: wiki_ja: 学校文法では、語のうち、「太陽」「輝く」「赤い」「ぎらぎら」など、それだけで文節を作り得るものを自立語（詞）とし、「ようだ」「です」「が」「を」など、単独で文節を作り得ず、自立語に付属して用いられるものを付属語（辞）とする。,0.7,418,1773629519.8709157,2026-03-16T03:51:59.870929,0.32641270756721497,0.42363837361335754,Qwen2.5-32B-Instruct,32000000000,wiki_ja,494,24
wiki_ar: wiki_ar: وهي كمّيّة تقديريّة وسطيّة لتجنّب حدوث الجفاف (6-7 كاسات من الماء يوميّاً).,0.7,464,1773629566.6742446,2026-03-16T03:52:46.674254,0.3955437242984772,0.4516010582447052,Qwen2.5-32B-Instruct,32000000000,wiki_ar,495,24
"wiki_pl: wiki_pl: Grupa odpowiedzialna za sformułowanie standardu ASCII sprzeciwiała się temu, dlatego kod musiał używać co najmniej 7 bitów na jeden znak.",0.7,465,1773629613.2360055,2026-03-16T03:53:33.236015,0.39550527930259705,0.45060858130455017,Qwen2.5-32B-Instruct,32000000000,wiki_pl,496,24
wiki_zh: wiki_zh: 他在1781年發行的作品《纯粹理性批判》試圖調和18世紀兩大主要的哲學派別：經驗主義和理性主義，并且建立一个研究形而上学的新基础。,1.3,456,1773629659.8863685,2026-03-16T03:54:19.886382,0.3853919804096222,0.45047247409820557,Qwen2.5-32B-Instruct,32000000000,wiki_zh,497,24
wiki_ar: wiki_ar: فقد جاء في سفر التكوين:  وجاء أيضاً في وصف الأرض قبل الخليقة: ،,0.7,483,1773629706.7356994,2026-03-16T03:55:06.735713,0.39834216237068176,0.4379321336746216,Qwen2.5-32B-Instruct,32000000000,wiki_ar,498,24
"wiki_pl: wiki_pl: Zbiór orbitali posiadających podobny poziom energetyczny nazywany jest powłoką elektronową, a łącznie wszystkie powłoki – chmurą elektronową.",1.0,457,1773629753.9395816,2026-03-16T03:55:53.939595,0.38684964179992676,0.44970789551734924,Qwen2.5-32B-Instruct,32000000000,wiki_pl,499,24
wiki_zh: wiki_zh: 公元前5世纪中期，普罗泰戈拉和高尔吉亚等所形成的辯士學派将研究的重点由自然转移到人类本身。,1.0,470,1773629800.3416972,2026-03-16T03:56:40.341710,0.3936615586280823,0.4439049959182739,Qwen2.5-32B-Instruct,32000000000,wiki_zh,500,25
wiki_ar: wiki_ar: هناك أبحاث تشير إلى أنّ الماء السائل قد يوجد بكمّيّات معتبرة في قمر إنسيلادوس الذي يدور في فلك زحل،,0.7,465,1773629847.2412467,2026-03-16T03:57:27.241260,0.39904627203941345,0.45434603095054626,Qwen2.5-32B-Instruct,32000000000,wiki_ar,501,25
wiki_ja: wiki_ja: 英語の基礎語彙で、同じ親から生まれた者を「」「」の2語のみで区別するのに比べれば、日本語では、男女・長幼によって「アニ」「アネ」「オトウト」「イモウト」の4語を区別し、より詳しい体系であるといえる（古代には、年上のみ「アニ」「アネ」と区別し、年下は「オト」と一括した）。,1.0,404,1773629848.6490853,2026-03-16T03:57:28.649091,0.32555803656578064,0.4408823251724243,Qwen2.5-32B-Instruct,32000000000,wiki_ja,502,25
wiki_ar: wiki_ar: يتشكل الماء الملاحظ في الكون بتلك الطريقة وبشكل سريع في ذلك الغاز المتكاثف الساخن.,1.0,476,1773629895.223038,2026-03-16T03:58:15.223051,0.3931863009929657,0.43858450651168823,Qwen2.5-32B-Instruct,32000000000,wiki_ar,503,25
wiki_ar: wiki_ar: يفيد هذا المفهوم في ضرورة معرفة اختيار نوع المحاصيل الزراعيّة وتصنيفها إلى التي ينبغي زراعتها وتصديرها والتي ينبغي استيرادها.,1.0,460,1773629942.0073807,2026-03-16T03:59:02.007390,0.3870716989040375,0.4465491473674774,Qwen2.5-32B-Instruct,32000000000,wiki_ar,504,25
wiki_zh: wiki_zh: ”  但是尽管马克思本人批判黑格尔的观念论，但其思想却深受黑格尔的特别是辨证论的影响。,1.0,476,1773629988.2594652,2026-03-16T03:59:48.259478,0.3936876356601715,0.4376837909221649,Qwen2.5-32B-Instruct,32000000000,wiki_zh,505,25
"wiki_pl: wiki_pl: w perlu), to jednak określa pola bieżącego rekordu.",1.3,487,1773630034.7881575,2026-03-16T04:00:34.788171,0.40024250745773315,0.4366682171821594,Qwen2.5-32B-Instruct,32000000000,wiki_pl,506,25
wiki_ja: wiki_ja: 文体の位相差  談話の文体（話体）は、話し手の性別・年齢・職業・場面など、位相の違いによって左右される部分が大きい。,1.0,458,1773630081.9269001,2026-03-16T04:01:21.926923,0.37989845871925354,0.4408596158027649,Qwen2.5-32B-Instruct,32000000000,wiki_ja,507,25
wiki_zh: wiki_zh: 公理在傳統的思想中是「不證自明的真理」，但這種想法是有問題的。,1.0,480,1773630128.7269688,2026-03-16T04:02:08.726981,0.3868994414806366,0.42861929535865784,Qwen2.5-32B-Instruct,32000000000,wiki_zh,508,25
"wiki_pl: wiki_pl: Postulował, że każdy pierwiastek składa się z atomów jednego, unikalnego typu i że te atomy mogą się łączyć, tworząc związki chemiczne.",1.0,461,1773630175.2426615,2026-03-16T04:02:55.242675,0.39873412251472473,0.4585413932800293,Qwen2.5-32B-Instruct,32000000000,wiki_pl,509,25
wiki_pl: wiki_pl: Najstarsze odniesienia do atomów można znaleźć w pismach poświęconych dźinizmowi napisanych w VI wieku p.n.e.,1.0,469,1773630221.9256196,2026-03-16T04:03:41.925632,0.3940865099430084,0.4470047354698181,Qwen2.5-32B-Instruct,32000000000,wiki_pl,510,25
wiki_ar: wiki_ar: ممّا سيؤثّر على وجود الحياة.,1.3,493,1773630269.0288103,2026-03-16T04:04:29.028824,0.4189114570617676,0.44974711537361145,Qwen2.5-32B-Instruct,32000000000,wiki_ar,511,25
"wiki_pl: wiki_pl: Początkowo, na klawiaturach maszyn do pisania nie używano cyfr 0 i 1, ponieważ mogły one być zastąpione przez O (wielkie o) oraz l (małe L).",0.7,451,1773630316.0800343,2026-03-16T04:05:16.080047,0.38442400097846985,0.4537322521209717,Qwen2.5-32B-Instruct,32000000000,wiki_pl,512,25
wiki_ja: wiki_ja: 語彙  分野ごとの語彙量  ある言語の語彙体系を見渡して、特定の分野の語彙が豊富であるとか、別の分野の語彙が貧弱であるとかを決めつけることは、一概にはできない。,1.3,438,1773630363.0070972,2026-03-16T04:06:03.007108,0.3601897358894348,0.4404296875,Qwen2.5-32B-Instruct,32000000000,wiki_ja,513,25
wiki_ar: wiki_ar: وقيل أنّها سمّيّت بالعراق أي «الشاطئ» لكثرة ووفرة مياهها،,1.0,477,1773630409.3673909,2026-03-16T04:06:49.367400,0.4151977300643921,0.45910537242889404,Qwen2.5-32B-Instruct,32000000000,wiki_ar,514,25
wiki_zh: wiki_zh: 直到公元529年，罗马皇帝查士丁尼一世尼命令关闭雅典的柏拉图学院。,1.3,477,1773630455.621953,2026-03-16T04:07:35.621962,0.3961976170539856,0.44172075390815735,Qwen2.5-32B-Instruct,32000000000,wiki_zh,515,25
wiki_ar: wiki_ar: ولذلك فإنّه بين درجتي الحرارة 3.,1.3,492,1773630502.5608644,2026-03-16T04:08:22.560875,0.4290836751461029,0.4603426456451416,Qwen2.5-32B-Instruct,32000000000,wiki_ar,516,25
wiki_ar: wiki_ar: وهو يتشكّل عندما يحترق الهيدروجين أو أيّ مركّب حاوٍ عليه بالأكسجين،,1.3,476,1773630549.146395,2026-03-16T04:09:09.146406,0.3977417051792145,0.44241514801979065,Qwen2.5-32B-Instruct,32000000000,wiki_ar,517,25
wiki_zh: wiki_zh: 龐加萊猜想已在2006年确认由俄罗斯数学家格里戈里·佩雷尔曼證明，而四色定理已在1976年由凱尼斯·阿佩爾和沃夫岡·哈肯用電腦證明，而從來沒有由人力來驗證過。,1.0,436,1773630595.9099705,2026-03-16T04:09:55.909980,0.3684614300727844,0.452299028635025,Qwen2.5-32B-Instruct,32000000000,wiki_zh,518,25
wiki_ar: wiki_ar: وهي التي يمكن معالجتها بسهولة نسبيّاً،,1.0,489,1773630642.3610156,2026-03-16T04:10:42.361024,0.4100087881088257,0.44385483860969543,Qwen2.5-32B-Instruct,32000000000,wiki_ar,519,25
wiki_ja: wiki_ja: 「ぢゃ」は主として上方で用いられ、東国では「だ」が用いられた。,0.7,480,1773630689.1801722,2026-03-16T04:11:29.180182,0.4180620312690735,0.45827561616897583,Qwen2.5-32B-Instruct,32000000000,wiki_ja,520,26
wiki_ar: wiki_ar: فإنّ الماء غير العذب هو: الآجِن،,1.3,491,1773630736.0936728,2026-03-16T04:12:16.093693,0.4005928337574005,0.4317513108253479,Qwen2.5-32B-Instruct,32000000000,wiki_ar,521,26
wiki_ja: wiki_ja: 日本語でも、たとえば「自然を表す語彙が多いというのが定評」といわれるが、これは人々の直感から来る評判という意味以上のものではない。,1.3,464,1773630783.2823856,2026-03-16T04:13:03.282395,0.3690111041069031,0.42536044120788574,Qwen2.5-32B-Instruct,32000000000,wiki_ja,522,26
wiki_zh: wiki_zh: 铁器时代的荷马史詩及以較晚一些的有較多有關作者的資訊，而許多的神話則是用口頭傳播的方式流傳下來。,1.0,464,1773630829.9034371,2026-03-16T04:13:49.903445,0.35525646805763245,0.41269975900650024,Qwen2.5-32B-Instruct,32000000000,wiki_zh,523,26
wiki_zh: wiki_zh: 和摆脱了自然哲学的近代物理学的出现。,0.7,493,1773630876.3126407,2026-03-16T04:14:36.312658,0.40827658772468567,0.438716322183609,Qwen2.5-32B-Instruct,32000000000,wiki_zh,524,26
wiki_ja: wiki_ja: 謙譲語  謙譲語は、古代から基本的に動作の客体への敬意を表す言い方であり、現代では「動作の主体を低める」と解釈するほうがよい場合がある。,0.7,453,1773630923.1944253,2026-03-16T04:15:23.194436,0.38851624727249146,0.455044150352478,Qwen2.5-32B-Instruct,32000000000,wiki_ja,525,26
wiki_ar: wiki_ar: مع الإشارة إلى وجود اختلاف في تعريف هذه المسمّيات وذلك حسب القوانين الناظمة لكل بلد.,1.3,478,1773630969.9843223,2026-03-16T04:16:09.984327,0.42468318343162537,0.46807801723480225,Qwen2.5-32B-Instruct,32000000000,wiki_ar,526,26
wiki_ar: wiki_ar: وهو الكمّيّة المستهلكة من المياه لإنتاج محصول زراعي معيّن.,0.7,482,1773631016.5590215,2026-03-16T04:16:56.559031,0.42338427901268005,0.4619691073894501,Qwen2.5-32B-Instruct,32000000000,wiki_ar,527,26
"wiki_pl: wiki_pl: Kryterium ważności jest tu subiektywne – teoria, w której żadne zdanie nie daje się rozstrzygnąć, jest formalnie poprawna, lecz bezużyteczna.",0.7,455,1773631063.2215762,2026-03-16T04:17:43.221586,0.3692114055156708,0.4351809024810791,Qwen2.5-32B-Instruct,32000000000,wiki_pl,528,26
wiki_ar: wiki_ar: في حال كان التخصّص في دراسة الجليد فيعرف العلم باسم علم الجليد،,1.3,483,1773631110.1455321,2026-03-16T04:18:30.145541,0.4120246469974518,0.45077651739120483,Qwen2.5-32B-Instruct,32000000000,wiki_ar,529,26
wiki_ar: wiki_ar: على شكل جليد  يوجد الماء على شكل جليد في الكون في العديد من الأجرام والكواكب مثل كوكب المريخ وذلك تحت الحطام الصخري وعند القطبين،,0.7,456,1773631157.480808,2026-03-16T04:19:17.480814,0.37420693039894104,0.43756338953971863,Qwen2.5-32B-Instruct,32000000000,wiki_ar,530,26
wiki_pl: wiki_pl: patyki szósty i siódmy wypełnić małymi literami alfabetu łacińskiego.,1.0,479,1773631203.9393263,2026-03-16T04:20:03.939336,0.41257020831108093,0.45677849650382996,Qwen2.5-32B-Instruct,32000000000,wiki_pl,531,26
wiki_zh: wiki_zh: 哲学的定义  英国哲学家罗素对哲学的定义是：  胡適在《中国哲学史大纲》中称「凡研究人生切要的问题，从根本上着想，要寻一个根本的解决：这种学问叫做哲学」。,0.7,445,1773631250.6216393,2026-03-16T04:20:50.621648,0.3776160180568695,0.4518873691558838,Qwen2.5-32B-Instruct,32000000000,wiki_zh,532,26
wiki_ja: wiki_ja: 鎌倉市立腰越小学校では、1960年代に、「ネサヨ運動」と称して、語尾に「〜ね」「〜さ」「〜よ」など関東方言特有の語尾をつけないようにしようとする運動が始められた。,0.7,445,1773631297.7161608,2026-03-16T04:21:37.716171,0.375365674495697,0.45016351342201233,Qwen2.5-32B-Instruct,32000000000,wiki_ja,533,26
wiki_ar: wiki_ar: يبلغ طول الرابطة O-H في جزيء الماء 95.,1.0,488,1773631344.2470026,2026-03-16T04:22:24.247019,0.4378604590892792,0.47108957171440125,Qwen2.5-32B-Instruct,32000000000,wiki_ar,534,26
wiki_zh: wiki_zh: ”  但是尽管马克思本人批判黑格尔的观念论，但其思想却深受黑格尔的特别是辨证论的影响。,0.7,476,1773631390.538524,2026-03-16T04:23:10.538529,0.39656758308410645,0.44256889820098877,Qwen2.5-32B-Instruct,32000000000,wiki_zh,535,26
wiki_ar: wiki_ar: ولم يقتصر الأمر على الأرض وحدها بل اعتقد أنّ كلّ الأشياء مصنوعة من الماء.,1.0,477,1773631424.2127006,2026-03-16T04:23:44.212706,0.4151313304901123,0.45802536606788635,Qwen2.5-32B-Instruct,32000000000,wiki_ar,536,26
wiki_ar: wiki_ar: الأهمّيّة بالنسبة للحضارة البشريّة   للماء دور حيوي في بقاء وتقدّم الحضارة الإنسانيّة؛,1.0,469,1773631471.0476103,2026-03-16T04:24:31.047616,0.39815637469291687,0.4504116177558899,Qwen2.5-32B-Instruct,32000000000,wiki_ar,537,26
"wiki_pl: wiki_pl: Z kolei obserwując te same atomy z innego kierunku i nie widząc przechodzącego przez nie światła, można zobaczyć tylko światło wyemitowane przez atomy – tzw.",0.7,457,1773631517.5354416,2026-03-16T04:25:17.535447,0.40511247515678406,0.4692399501800537,Qwen2.5-32B-Instruct,32000000000,wiki_pl,538,26
wiki_ar: wiki_ar: كما يستخدم أيضاً كمادّة حراريّة ناقلة في أبراج التبريد.,1.3,483,1773631532.2869964,2026-03-16T04:25:32.287006,0.4354097247123718,0.47350260615348816,Qwen2.5-32B-Instruct,32000000000,wiki_ar,539,26
wiki_zh: wiki_zh: 今日，數學家們則持續地在爭論電腦協助證明的嚴謹度。,1.3,482,1773631579.1437628,2026-03-16T04:26:19.143773,0.4112330973148346,0.4513093829154968,Qwen2.5-32B-Instruct,32000000000,wiki_zh,540,27
wiki_ja: wiki_ja: 三上によれば、 甲ガ乙ニ丙ヲ紹介シタ。,0.7,485,1773631625.6161122,2026-03-16T04:27:05.616120,0.42991629242897034,0.4690157175064087,Qwen2.5-32B-Instruct,32000000000,wiki_ja,541,27
wiki_ja: wiki_ja: X = A && B のように2個重ねたものは論理 AND を表す。,1.3,484,1773631672.1248,2026-03-16T04:27:52.124810,0.4202696979045868,0.45851653814315796,Qwen2.5-32B-Instruct,32000000000,wiki_ja,542,27
wiki_zh: wiki_zh: 嚴謹是數學證明中很重要且基本的一部份。,0.7,488,1773631718.7943861,2026-03-16T04:28:38.794396,0.414869487285614,0.4500868022441864,Qwen2.5-32B-Instruct,32000000000,wiki_zh,543,27
wiki_zh: wiki_zh: 中国是世界上诗歌最发达的国度之一。,1.0,493,1773631764.9812043,2026-03-16T04:29:24.981213,0.42247915267944336,0.4519878923892975,Qwen2.5-32B-Instruct,32000000000,wiki_zh,544,27
wiki_zh: wiki_zh: 作品往往根據歷史時期或者遵守某些美學特徵或期望（藝術類型）進行分類。,1.3,480,1773631811.4409835,2026-03-16T04:30:11.440994,0.41336527466773987,0.45521610975265503,Qwen2.5-32B-Instruct,32000000000,wiki_zh,545,27
wiki_ja: wiki_ja: 尊敬語  尊敬語は、動作の主体を高めることで、主体への敬意を表す言い方である。,0.7,473,1773631858.3303914,2026-03-16T04:30:58.330399,0.41255810856819153,0.45941758155822754,Qwen2.5-32B-Instruct,32000000000,wiki_ja,546,27
wiki_pl: wiki_pl: Stopień odkształcenia zależy od siły pola i typu zewnętrznej powłoki elektronowej atomu.,1.3,478,1773631905.0415769,2026-03-16T04:31:45.041590,0.40895915031433105,0.4541340172290802,Qwen2.5-32B-Instruct,32000000000,wiki_pl,547,27
wiki_pl: wiki_pl: 27 pierwiastków ma tylko jeden stabilny izotop.,1.3,490,1773631951.2253428,2026-03-16T04:32:31.225348,0.41621115803718567,0.4511145353317261,Qwen2.5-32B-Instruct,32000000000,wiki_pl,548,27
wiki_ar: wiki_ar: وهي منطقة ذات أهمّيّة بيئيّة كبيرة.,1.3,491,1773631997.5656986,2026-03-16T04:33:17.565708,0.4210367500782013,0.45456016063690186,Qwen2.5-32B-Instruct,32000000000,wiki_ar,549,27
wiki_ja: wiki_ja: こうした中で、古来の日本語研究と西洋言語学とを吟味して文法をまとめたのが大槻文彦であった。,0.7,469,1773632044.0852337,2026-03-16T04:34:04.085239,0.40711358189582825,0.46135327219963074,Qwen2.5-32B-Instruct,32000000000,wiki_ja,550,27
wiki_ar: wiki_ar: يوصف الماء غير العسر أنه «ماء يَسِر»،,0.7,489,1773632090.5738833,2026-03-16T04:34:50.573889,0.44130614399909973,0.4738909602165222,Qwen2.5-32B-Instruct,32000000000,wiki_ar,551,27
wiki_ar: wiki_ar: على شكل بخار ماء  يوجد الماء بحالته الغازيّة على هيئة بخار ماء،,1.0,480,1773632137.1520927,2026-03-16T04:35:37.152098,0.41059234738349915,0.45248350501060486,Qwen2.5-32B-Instruct,32000000000,wiki_ar,552,27
wiki_ja: wiki_ja: 日本語を解さない主に漢民族や満州族には簡易的な日本語である協和語が用いられていたこともあった。,1.0,470,1773632183.7637615,2026-03-16T04:36:23.763771,0.4055953621864319,0.4571290612220764,Qwen2.5-32B-Instruct,32000000000,wiki_ja,553,27
wiki_ja: wiki_ja: 「つぁ」「ファ」のように、小書きの「ぁ」「ぃ」「ぅ」「ぇ」「ぉ」を添えて表す音もあり、補助符号として長音を表す「ー」がある。,1.0,460,1773632230.6234958,2026-03-16T04:37:10.623506,0.37510231137275696,0.434209942817688,Qwen2.5-32B-Instruct,32000000000,wiki_ja,554,27
wiki_ar: wiki_ar: يؤدّي تعلّق كثافة الماء بدرجة الحرارة إلى حدوث ظاهرة التطبُّق وإلى حدوث تيّارات مائيّة داخل كتلة الماء الموجودة في المسطّح المائي،,1.0,451,1773632277.521679,2026-03-16T04:37:57.521703,0.37029436230659485,0.4373610317707062,Qwen2.5-32B-Instruct,32000000000,wiki_ar,555,27
"wiki_pl: wiki_pl: Wewnętrzna struktura i teoria kwantowa  W 1897 roku J.J. Thomson, badając promienie katodowe, odkrył elektrony i doszedł do wniosku, że znajdują się one w każdym atomie.",1.3,447,1773632324.2523005,2026-03-16T04:38:44.252326,0.3706018030643463,0.4431818127632141,Qwen2.5-32B-Instruct,32000000000,wiki_pl,556,27
wiki_ar: wiki_ar: كان الفيلسوف اليوناني إيمبيدوكليس أوّل من قدّم مفهوم نظرية العناصر الأربعة التي يتكوّن منها العالم،,1.0,466,1773632370.9839606,2026-03-16T04:39:30.983974,0.3971608579158783,0.45132318139076233,Qwen2.5-32B-Instruct,32000000000,wiki_ar,557,27
wiki_ja: wiki_ja: 語彙の増加と品詞  　 漢語が日本語に取り入れられた結果、名詞・サ変動詞・形容動詞の語彙が特に増大することになった。,1.3,456,1773632418.0102274,2026-03-16T04:40:18.010241,0.3783677816390991,0.4410104751586914,Qwen2.5-32B-Instruct,32000000000,wiki_ja,558,27
wiki_ja: wiki_ja: 日本語を解さない主に漢民族や満州族には簡易的な日本語である協和語が用いられていたこともあった。,0.7,470,1773632465.101899,2026-03-16T04:41:05.101912,0.38905468583106995,0.44015011191368103,Qwen2.5-32B-Instruct,32000000000,wiki_ja,559,27
wiki_ar: wiki_ar: ممّا يضمن استمرار التناسل وبقاء الكائنات الحية.,1.0,486,1773632511.5237029,2026-03-16T04:41:51.523713,0.4226607382297516,0.4573558270931244,Qwen2.5-32B-Instruct,32000000000,wiki_ar,560,28
wiki_ar: wiki_ar: إذ يعتقد أنّه من الأسرار المقدسة.,1.0,492,1773632557.9186277,2026-03-16T04:42:37.918637,0.404754102230072,0.4363183081150055,Qwen2.5-32B-Instruct,32000000000,wiki_ar,561,28
wiki_ar: wiki_ar: استمرّ التوسّع في شقّ القنوات وحفر الآبار مع ازدهار الحضارة الإسلاميّة،,1.0,475,1773632604.5543056,2026-03-16T04:43:24.554314,0.3880332410335541,0.43512701988220215,Qwen2.5-32B-Instruct,32000000000,wiki_ar,562,28
wiki_ja: wiki_ja: たとえば、名古屋市の地名「杁中（いりなか）」などに使われる「杁」は、名古屋と関係ある地域の「地域文字」である。,1.3,458,1773632651.3199334,2026-03-16T04:44:11.319942,0.39986106753349304,0.4624841511249542,Qwen2.5-32B-Instruct,32000000000,wiki_ja,563,28
wiki_ar: wiki_ar: حيث وجد أن خمس تعداد السكان في العالم،,0.7,493,1773632697.7809207,2026-03-16T04:44:57.780930,0.43181225657463074,0.4617767035961151,Qwen2.5-32B-Instruct,32000000000,wiki_ar,564,28
"wiki_pl: wiki_pl: {     w += NF     c += length + 1 } END { print NR, w, c } Ze względu na brak wzorca w pierwszej linii programu akcja jest wykonywana dla każdego wiersza wejścia.",1.0,451,1773632744.4678404,2026-03-16T04:45:44.467850,0.3916882574558258,0.46091797947883606,Qwen2.5-32B-Instruct,32000000000,wiki_pl,565,28
"wiki_pl: wiki_pl: Rozważano także wykorzystanie ośmiu bitów, co pozwoliłoby na zastosowanie większego zestawu znaków, jednak zadecydowano, że ASCII będzie siedmiobitowy, ponieważ każdy dodatkowy bit zwiększyłby długość wiadomości, a co za tym idzie – również koszt jej przesłania.",1.0,421,1773632791.2354028,2026-03-16T04:46:31.235411,0.32737627625465393,0.42176318168640137,Qwen2.5-32B-Instruct,32000000000,wiki_pl,566,28
"wiki_pl: wiki_pl: Wielkość atomów można opisać obrazowo na przykładach makroskopowych: ludzki włos ma średnicę około miliona atomów węgla, kropla wody zawiera około 2 tryliardy (2) atomów tlenu i dwa razy więcej atomów wodoru.",0.7,434,1773632838.102521,2026-03-16T04:47:18.102529,0.37398189306259155,0.4605700671672821,Qwen2.5-32B-Instruct,32000000000,wiki_pl,567,28
"wiki_pl: wiki_pl: W wyniku zderzeń jąder atomowych może dojść do utworzenia nowych jąder, ale doprowadzenie do takiej reakcji wymaga często bardzo wysokich energii.",0.7,461,1773632884.7228982,2026-03-16T04:48:04.722908,0.3942212760448456,0.45432743430137634,Qwen2.5-32B-Instruct,32000000000,wiki_pl,568,28
wiki_ar: wiki_ar: للماء كثافة مقدارها 1000 كغ/م3 (تعادل 1 غ/مل) عند الدرجة 4° س،,1.0,469,1773632931.3135104,2026-03-16T04:48:51.313520,0.40009889006614685,0.4523894786834717,Qwen2.5-32B-Instruct,32000000000,wiki_ar,569,28
wiki_ar: wiki_ar: وذلك على العكس من أغلب المواد النقيّة الأخرى،,1.3,491,1773632978.0739024,2026-03-16T04:49:38.073911,0.41356268525123596,0.44734978675842285,Qwen2.5-32B-Instruct,32000000000,wiki_ar,570,28
"wiki_pl: wiki_pl: w perlu), to jednak określa pola bieżącego rekordu.",1.0,487,1773633024.5606914,2026-03-16T04:50:24.560701,0.41521012783050537,0.4518696963787079,Qwen2.5-32B-Instruct,32000000000,wiki_pl,571,28
wiki_ja: wiki_ja: 方言を扱う）、「合格!日本語ボーダーライン」（テレビ朝日 2005）、「ことばおじさんのナットク日本語塾」（NHK 2006〜2010）など種々の番組があった。,0.7,440,1773633071.1027622,2026-03-16T04:51:11.102771,0.3547174334526062,0.43323540687561035,Qwen2.5-32B-Instruct,32000000000,wiki_ja,572,28
wiki_pl: wiki_pl: Podział  Znaki sterujące   Standard ASCII przeznacza pierwsze 32 kody (0–31) na znaki sterujące.,1.0,472,1773633117.5525365,2026-03-16T04:51:57.552545,0.394008994102478,0.4429183304309845,Qwen2.5-32B-Instruct,32000000000,wiki_pl,573,28
wiki_ar: wiki_ar: إذ عُرّف حينها أنّه يساوي «الوزن المطلق لحجم ماء نقي مساو لحجم مكعّب طول ضلعه واحد على المئة من المتر عند درجة حرارة ذوبان الجليد».,1.0,446,1773633164.405168,2026-03-16T04:52:44.405177,0.37234851717948914,0.44532373547554016,Qwen2.5-32B-Instruct,32000000000,wiki_ar,574,28
wiki_ja: wiki_ja: また、岩手県雫石町や山梨県早川町奈良田などのアクセントは、音の下がり目ではなく上がり目を弁別する。,0.7,465,1773633211.1574037,2026-03-16T04:53:31.157413,0.38932889699935913,0.4457099437713623,Qwen2.5-32B-Instruct,32000000000,wiki_ja,575,28
wiki_ar: wiki_ar: يعدّ الماء أساسيّاً لحدوث عملية التركيب الضوئي وبالتالي التنفس الخلوي عند الكائنات الحيّة.,1.3,474,1773633258.1199121,2026-03-16T04:54:18.119921,0.40320971608161926,0.44948050379753113,Qwen2.5-32B-Instruct,32000000000,wiki_ar,576,28
"wiki_pl: wiki_pl: Wersja ta jest z kolei oparta na opisie z The AWK Programming Language napisanym przez Aho, Weinbergera i Kernighana, z dodatkowymi właściwościami zdefiniowanymi w wersji awk z SVR4.",0.7,444,1773633304.8649135,2026-03-16T04:55:04.864922,0.37530601024627686,0.45231562852859497,Qwen2.5-32B-Instruct,32000000000,wiki_pl,577,28
wiki_ja: wiki_ja: 「語彙の増加と品詞」の節も参照。,0.7,488,1773633351.1578777,2026-03-16T04:55:51.157889,0.4243585467338562,0.46059751510620117,Qwen2.5-32B-Instruct,32000000000,wiki_ja,578,28
"wiki_pl: wiki_pl: pierwotnych nuklidów, istniejących na Ziemi od jej początków.",1.0,486,1773633397.473501,2026-03-16T04:56:37.473517,0.4379449784755707,0.4734293818473816,Qwen2.5-32B-Instruct,32000000000,wiki_pl,579,28
wiki_zh: wiki_zh: 回忆录  八股文是中國宋代到清代之間，科舉考試中使用，強調對仗排偶，有一定結構的文體。,0.7,469,1773633444.392189,2026-03-16T04:57:24.392194,0.3896546959877014,0.4428308606147766,Qwen2.5-32B-Instruct,32000000000,wiki_zh,580,29
wiki_ar: wiki_ar: الذي يمكّن من الحركة التجاريّة كما هو الحال في هونغ كونغ وطوكيو وشنغهاي وروتردام ومونتريال.,0.7,464,1773633491.050665,2026-03-16T04:58:11.050678,0.40476667881011963,0.46195536851882935,Qwen2.5-32B-Instruct,32000000000,wiki_ar,581,29
wiki_ar: wiki_ar: تقوم خلايا النباتات أثناء عمليّة التركيب الضوئي باستخدام طاقة الشمس لفصم الهيدروجين عن الأكسجين في جزيء الماء،,1.0,466,1773633537.6267295,2026-03-16T04:58:57.626742,0.4084429144859314,0.4627435803413391,Qwen2.5-32B-Instruct,32000000000,wiki_ar,582,29
wiki_ja: wiki_ja: 当初、その配列はかなり自由であった（ほぼ現在に近い配列が定着したのは室町時代以後）。,1.0,476,1773633584.2099319,2026-03-16T04:59:44.209941,0.38521942496299744,0.43220850825309753,Qwen2.5-32B-Instruct,32000000000,wiki_ja,583,29
wiki_zh: wiki_zh: 骈文是句式多為四六句及對仗的文言文文體。,1.3,482,1773633630.7236304,2026-03-16T05:00:30.723644,0.3808225691318512,0.4220682382583618,Qwen2.5-32B-Instruct,32000000000,wiki_zh,584,29
wiki_ar: wiki_ar: ومن ثم انخفض الناتج الزراعي تدريجيّاً وتفاقم نقص الغذاء،,1.0,480,1773633677.1403952,2026-03-16T05:01:17.140406,0.4174676537513733,0.4585571885108948,Qwen2.5-32B-Instruct,32000000000,wiki_ar,585,29
wiki_ar: wiki_ar: ينتشر استخدام المياه المعبّأة بشكل أساسي في البلدان التي تعاني من شحّ في الموارد الطبيعيّة للمياه العذبة،,1.3,471,1773633723.9812536,2026-03-16T05:02:03.981267,0.3957010805606842,0.44506561756134033,Qwen2.5-32B-Instruct,32000000000,wiki_ar,586,29
wiki_zh: wiki_zh: 若它們越是確定的話，它們和現實越不會有關。,0.7,489,1773633770.4119158,2026-03-16T05:02:50.411930,0.41901668906211853,0.450592964887619,Qwen2.5-32B-Instruct,32000000000,wiki_zh,587,29
"wiki_pl: wiki_pl: Ostatnia grupa zawiera pierwiastki, w których powłoka walencyjna jest całkowicie zapełniona elektronami.",1.3,471,1773633817.1028464,2026-03-16T05:03:37.102860,0.4160458445549011,0.4656982123851776,Qwen2.5-32B-Instruct,32000000000,wiki_pl,588,29
wiki_zh: wiki_zh: 在存在主义中，个体的出发点的特征是被称为“存在的态度”，或一种面对显然是一个无意义的或荒谬的世界的迷失和混乱的感觉。,0.7,469,1773633863.6096282,2026-03-16T05:04:23.609642,0.39247485995292664,0.4427955746650696,Qwen2.5-32B-Instruct,32000000000,wiki_zh,589,29
wiki_zh: wiki_zh: 將科學限定在自然科學則是在此之後的事。,1.0,491,1773633910.1291087,2026-03-16T05:05:10.129122,0.41946497559547424,0.4510444104671478,Qwen2.5-32B-Instruct,32000000000,wiki_zh,590,29
wiki_ar: wiki_ar: ويقال «فسَّر الماء بالماء» للدلالة على إسفاف الكلام وعدم تقديم إضافة معرفيّة للسامع أو للقارئ،,1.3,468,1773633956.7209287,2026-03-16T05:05:56.720942,0.3927432596683502,0.44452807307243347,Qwen2.5-32B-Instruct,32000000000,wiki_ar,591,29
wiki_ar: wiki_ar: والذي يعود سببه إلى فرط الإحماء في زمن قصير وتشكّل كمّيّات كبيرة من البخار في حيّز مكاني ضيق.,0.7,464,1773634003.7989063,2026-03-16T05:06:43.798919,0.39675483107566833,0.4548000693321228,Qwen2.5-32B-Instruct,32000000000,wiki_ar,592,29
wiki_ja: wiki_ja: 物語作品やメディアにおいて、位相が極端にステレオタイプ化されて現実と乖離したり、あるいは書き手などが仮想的（バーチャル）な位相を意図的に作り出したりする場合がある。,1.0,447,1773634050.8881545,2026-03-16T05:07:30.888162,0.3602661192417145,0.4337998926639557,Qwen2.5-32B-Instruct,32000000000,wiki_ja,593,29
wiki_ja: wiki_ja: 謙譲語  謙譲語は、古代から基本的に動作の客体への敬意を表す言い方であり、現代では「動作の主体を低める」と解釈するほうがよい場合がある。,1.0,453,1773634097.8599768,2026-03-16T05:08:17.859986,0.3797490894794464,0.44543418288230896,Qwen2.5-32B-Instruct,32000000000,wiki_ja,594,29
wiki_ar: wiki_ar: كان التطوّر في تقنيّات استخدام المياه متزامناً في عدد من الحضارات،,1.3,482,1773634144.6511364,2026-03-16T05:09:04.651146,0.3929928243160248,0.43360447883605957,Qwen2.5-32B-Instruct,32000000000,wiki_ar,595,29
wiki_pl: wiki_pl: O typie wiązania decyduje różnica elektroujemności atomów.,0.7,484,1773634191.3906934,2026-03-16T05:09:51.390703,0.41931983828544617,0.4569924473762512,Qwen2.5-32B-Instruct,32000000000,wiki_pl,596,29
wiki_ja: wiki_ja: 次世代の若者は流行遅れと意識し、使わない。,1.0,486,1773634238.0522087,2026-03-16T05:10:38.052218,0.40218058228492737,0.4391709566116333,Qwen2.5-32B-Instruct,32000000000,wiki_ja,597,29
wiki_ja: wiki_ja: 「気を引かれる」「私は泣かない」「花が笑った」「さあ、出かけよう」「今日は来ないそうだ」「もうすぐ春です」などの太字部分はすべて助動詞である。,1.0,460,1773634284.991935,2026-03-16T05:11:24.991941,0.3760354816913605,0.4346129298210144,Qwen2.5-32B-Instruct,32000000000,wiki_ja,598,29
wiki_pl: wiki_pl: Struktura chmury elektronowej wpływa na chemiczne właściwości atomów i większość ich właściwości magnetycznych.,1.0,471,1773634331.5441766,2026-03-16T05:12:11.544186,0.41268324851989746,0.4624198377132416,Qwen2.5-32B-Instruct,32000000000,wiki_pl,599,29
wiki_pl: wiki_pl: Interpretacja wartości zmiennej zależy od kontekstu.,1.0,494,1773634378.4833975,2026-03-16T05:12:58.483414,0.42444682121276855,0.4527091085910797,Qwen2.5-32B-Instruct,32000000000,wiki_pl,600,30
wiki_zh: wiki_zh: 书话、诗话、词话是對於書、詩文或是詞的評論。,0.7,483,1773634424.6460361,2026-03-16T05:13:44.646046,0.40163058042526245,0.4410579204559326,Qwen2.5-32B-Instruct,32000000000,wiki_zh,601,30
wiki_zh: wiki_zh: ”換言之即使數千年後，人們依舊在試著回答他所提出的問題，這也代表著人們依然為這些問題或是這些問題所延伸的更多問題而感到困惑。,1.3,462,1773634471.2208328,2026-03-16T05:14:31.220842,0.35587140917778015,0.4135728180408478,Qwen2.5-32B-Instruct,32000000000,wiki_zh,602,30
wiki_ar: wiki_ar: حيث ازدهرت الحضارات البشريّة عبر العصور في وديان الأنهار الكبيرة الرئيسيّة؛,1.0,474,1773634517.6327767,2026-03-16T05:15:17.632786,0.40299132466316223,0.44995003938674927,Qwen2.5-32B-Instruct,32000000000,wiki_ar,603,30
wiki_ar: wiki_ar: للتطهّر قبل تذوّق نعمة الربّ،,1.0,488,1773634564.1641083,2026-03-16T05:16:04.164128,0.42282676696777344,0.45760378241539,Qwen2.5-32B-Instruct,32000000000,wiki_ar,604,30
wiki_pl: wiki_pl: W ten sposób pierwiastek hel został odkryty w Słońcu 23 lata przed zaobserwowaniem go na Ziemi.,0.7,472,1773634611.3952289,2026-03-16T05:16:51.395239,0.41777700185775757,0.4670173227787018,Qwen2.5-32B-Instruct,32000000000,wiki_pl,605,30
wiki_zh: wiki_zh: 兩者都頒獎於特定的工作主題，包括數學新領域的創新或已成熟領域中未解決問題的解答。,1.0,474,1773634658.3844056,2026-03-16T05:17:38.384429,0.41403064131736755,0.4609185755252838,Qwen2.5-32B-Instruct,32000000000,wiki_zh,606,30
wiki_pl: wiki_pl: Według tej koncepcji wszystkie fizyczne obiekty posiadają wewnętrzną i zewnętrzną warstwę z mikroskopijnych cząstek.,1.0,469,1773634705.1511705,2026-03-16T05:18:25.151181,0.3988097310066223,0.4515421390533447,Qwen2.5-32B-Instruct,32000000000,wiki_pl,607,30
wiki_zh: wiki_zh: 他使用称之为批判哲学的先验方法，来展现经验的某些范畴和形式都必然地被预先存在于人们一切言谈之中。,1.3,473,1773634751.3764653,2026-03-16T05:19:11.376474,0.37031036615371704,0.41837528347969055,Qwen2.5-32B-Instruct,32000000000,wiki_zh,608,30
wiki_zh: wiki_zh: 黑格尔认为需要经过三个阶段来达到这个“绝对精神”，从逻辑、自然到精神，即是从思维到存在，再到两者统一的过程，从而完成他的统一论。,1.3,465,1773634798.0162354,2026-03-16T05:19:58.016245,0.3788619637489319,0.4327969253063202,Qwen2.5-32B-Instruct,32000000000,wiki_zh,609,30
wiki_zh: wiki_zh: 上述综合在一起即是他的理论：最真实的无所不包的整体即是“绝对精神”，又是对立的统一。,1.3,480,1773634844.36618,2026-03-16T05:20:44.366201,0.3758433759212494,0.4180501699447632,Qwen2.5-32B-Instruct,32000000000,wiki_zh,610,30
"wiki_pl: wiki_pl: Z kolei obserwując te same atomy z innego kierunku i nie widząc przechodzącego przez nie światła, można zobaczyć tylko światło wyemitowane przez atomy – tzw.",1.0,457,1773634882.078314,2026-03-16T05:21:22.078325,0.39218050241470337,0.4547233581542969,Qwen2.5-32B-Instruct,32000000000,wiki_pl,611,30
wiki_zh: wiki_zh: 但如果以主體性方向對哲學下定義，中國文化就擁有哲學。,0.7,483,1773634928.6631675,2026-03-16T05:22:08.663178,0.3934937119483948,0.4345812201499939,Qwen2.5-32B-Instruct,32000000000,wiki_zh,612,30
"wiki_pl: wiki_pl: Spowodowało to, że między wielką a małą literą jest tylko jeden bit różnicy (np.",1.3,480,1773634975.031691,2026-03-16T05:22:55.031701,0.41944143176078796,0.4619562327861786,Qwen2.5-32B-Instruct,32000000000,wiki_pl,613,30
wiki_zh: wiki_zh: 現代邏輯被分成遞歸論、模型論和證明論，且和理論電腦科學有著密切的關連性，千禧年大獎難題中的P/NP問題就是理論電腦科學中的著名問題。,1.3,452,1773635022.043547,2026-03-16T05:23:42.043552,0.365774542093277,0.4330306351184845,Qwen2.5-32B-Instruct,32000000000,wiki_zh,614,30
wiki_zh: wiki_zh: 在一战后，舍勒、普莱斯纳和盖伦等采用上述学说，开创了“哲学人类学”。,0.7,476,1773635068.3519232,2026-03-16T05:24:28.351929,0.3855881989002228,0.42980340123176575,Qwen2.5-32B-Instruct,32000000000,wiki_zh,615,30
"wiki_pl: wiki_pl: Również kodowanie UTF-8 można uważać za rozszerzenie ASCII, tutaj jednak dodatkowe znaki są kodowane na 2 i więcej bajtach.",1.3,468,1773635114.942887,2026-03-16T05:25:14.942897,0.40048715472221375,0.4538963735103607,Qwen2.5-32B-Instruct,32000000000,wiki_pl,616,30
wiki_zh: wiki_zh: 苏格拉底没有直接教过人，但之后的柏拉图深受其影响。,1.3,483,1773635160.9534435,2026-03-16T05:26:00.953453,0.40384992957115173,0.4436560869216919,Qwen2.5-32B-Instruct,32000000000,wiki_zh,617,30
wiki_zh: wiki_zh: 这之后，从19世纪末期到20世纪初期，马克思的哲学思想才在恩格斯、普列汉诺夫和列宁等人的阐释和补充下，为辩证唯物论和历史唯物论，并形成新的世界观。,1.3,448,1773635207.5392969,2026-03-16T05:26:47.539307,0.37574508786201477,0.4473899304866791,Qwen2.5-32B-Instruct,32000000000,wiki_zh,618,30
wiki_ja: wiki_ja: ある言語同士が独立の言語同士なのか、同じ言語の方言同士なのかの判定は非常に恣意的であるが、その一方で、明確に系統関係が異なる言語同士は、たとえ共通の集団で話されていても、方言同士とはみなされないという事実も有る。,0.7,424,1773635254.6411214,2026-03-16T05:27:34.641134,0.35332807898521423,0.45009952783584595,Qwen2.5-32B-Instruct,32000000000,wiki_ja,619,30
wiki_ar: wiki_ar: كما أنّ لها تأثير على الصحّة،,1.3,494,1773635301.5947824,2026-03-16T05:28:21.594788,0.4412466883659363,0.47017595171928406,Qwen2.5-32B-Instruct,32000000000,wiki_ar,620,31
wiki_ja: wiki_ja: 音読みおよび訓読みで用いられる）と平仮名、片仮名が日本語の主要な文字であり、常にこの3種類の文字を組み合わせて表記する（「字種」の節参照）。,1.0,450,1773635348.403359,2026-03-16T05:29:08.403365,0.3656855523586273,0.43367430567741394,Qwen2.5-32B-Instruct,32000000000,wiki_ja,621,31
wiki_ar: wiki_ar: يحظى الماء في الإسلام بمكانة كبيرة،,0.7,494,1773635394.9615655,2026-03-16T05:29:54.961571,0.42514899373054504,0.45347827672958374,Qwen2.5-32B-Instruct,32000000000,wiki_ar,622,31
wiki_ja: wiki_ja: 話者数7位のアラビア語も広い共通言語圏を持つ言語である。,1.0,476,1773635442.0942476,2026-03-16T05:30:42.094253,0.413112998008728,0.45872485637664795,Qwen2.5-32B-Instruct,32000000000,wiki_ja,623,31
wiki_ar: wiki_ar: كما يتطلّب الأمر أيضاً تعقيم المياه للتخلّص من المواد الضارّة المنحلّة والميكروبات وذلك باستخدام كلورة المياه أو أساليب أخرى.,1.0,466,1773635488.8586924,2026-03-16T05:31:28.858698,0.398482084274292,0.45330411195755005,Qwen2.5-32B-Instruct,32000000000,wiki_ar,624,31
wiki_pl: wiki_pl: Widma stanów wzbudzonych umożliwiają analizę składu chemicznego odległych gwiazd.,0.7,477,1773635535.6374266,2026-03-16T05:32:15.637437,0.40933799743652344,0.455098420381546,Qwen2.5-32B-Instruct,32000000000,wiki_pl,625,31
wiki_ar: wiki_ar: صفحة بيانات المياه في العالم.,1.3,500,1773635582.400608,2026-03-16T05:33:02.400618,0.439389169216156,0.46190354228019714,Qwen2.5-32B-Instruct,32000000000,wiki_ar,626,31
wiki_zh: wiki_zh: 结构主义： 在法国，因亚历山大·科耶夫的影响，使得黑格尔主义对萨特等人形成冲击，当他们研究马克思主义时，这种冲击更加明显。,1.3,463,1773635629.0296562,2026-03-16T05:33:49.029666,0.37999552488327026,0.43768343329429626,Qwen2.5-32B-Instruct,32000000000,wiki_zh,627,31
wiki_pl: wiki_pl: Symulowanie tablic wielowymiarowych polega na sklejaniu poszczególnych indeksów w unikalny łańcuch.,0.7,470,1773635675.8643458,2026-03-16T05:34:35.864356,0.41255396604537964,0.46430402994155884,Qwen2.5-32B-Instruct,32000000000,wiki_pl,628,31
"wiki_zh: wiki_zh: 现代哲学上出現""不要求精确理由""之哲学理論，例如""本质技巧""(认定本质不可知)，这种现象将不可知论(世界上终究有人不能理解的存在)的重要程度提高了。",1.3,459,1773635722.3849175,2026-03-16T05:35:22.384927,0.37529876828193665,0.4362165331840515,Qwen2.5-32B-Instruct,32000000000,wiki_zh,629,31
wiki_ar: wiki_ar: ولكن الوصول إليها يعطّل بسبب سوء الإدارة والفساد.,1.3,491,1773635769.3822672,2026-03-16T05:36:09.382277,0.4314531087875366,0.4616154134273529,Qwen2.5-32B-Instruct,32000000000,wiki_ar,630,31
wiki_ja: wiki_ja: とりわけ「見られる」を「見れる」とする語法は、1979年のNHK放送文化研究所「現代人の言語環境調査」で可否の意見が二分するなど、人々の言語習慣の違いを如実に示す典型例となっている。,0.7,438,1773635816.267851,2026-03-16T05:36:56.267861,0.38183900713920593,0.46514245867729187,Qwen2.5-32B-Instruct,32000000000,wiki_ja,631,31
wiki_ja: wiki_ja: ものを無くしたとき、「ちょっとそのへんを探してみるよ」と言うときも同様である。,1.0,478,1773635856.6094918,2026-03-16T05:37:36.609502,0.398261159658432,0.4425414800643921,Qwen2.5-32B-Instruct,32000000000,wiki_ja,632,31
wiki_zh: wiki_zh: 若將文學定義為用文字記錄的作品，最早的古代文學作品一般認為是古埃及文學及。,1.0,481,1773635903.0758257,2026-03-16T05:38:23.075835,0.39380088448524475,0.4358021020889282,Qwen2.5-32B-Instruct,32000000000,wiki_zh,633,31
wiki_ja: wiki_ja: 当初、その配列はかなり自由であった（ほぼ現在に近い配列が定着したのは室町時代以後）。,1.3,476,1773635949.6077058,2026-03-16T05:39:09.607715,0.3909200131893158,0.4375196397304535,Qwen2.5-32B-Instruct,32000000000,wiki_ja,634,31
"wiki_pl: wiki_pl: Nie musi to oznaczać rozstrzygalności wszystkich możliwych twierdzeń danej teorii, choć byłby to stan idealny; twierdzenie Gödla mówi jednak, że nawet dla tak prostej teorii jak arytmetyka istnieją twierdzenia, których nie da się wyprowadzić z jej aksjomatów.",0.7,419,1773635996.4908252,2026-03-16T05:39:56.490835,0.3475196957588196,0.4476105272769928,Qwen2.5-32B-Instruct,32000000000,wiki_pl,635,31
wiki_zh: wiki_zh: 新托马斯主义： 而从公元1879年以来教宗利奥十三世颁发教义宣称为“永远的父亲”之后。,1.3,471,1773636042.650758,2026-03-16T05:40:42.650769,0.39353498816490173,0.4450013339519501,Qwen2.5-32B-Instruct,32000000000,wiki_zh,636,31
wiki_pl: wiki_pl: Przypisy  Zobacz też   sed  perl  polecenia systemu operacyjnego Unix  Linki zewnętrzne    Strona domowa GNU Awk  The Amazing Awk Assembler by Henry Spencer.,0.7,457,1773636089.102821,2026-03-16T05:41:29.102831,0.38493257761001587,0.4475906193256378,Qwen2.5-32B-Instruct,32000000000,wiki_pl,637,31
wiki_ja: wiki_ja: また、「今日は晴れた。,1.3,497,1773636135.5904942,2026-03-16T05:42:15.590504,0.4266410171985626,0.45188531279563904,Qwen2.5-32B-Instruct,32000000000,wiki_ja,638,31
wiki_pl: wiki_pl: Produktem okazał się lżejszy pierwiastek bar.,1.0,490,1773636181.8654687,2026-03-16T05:43:01.865479,0.4133940637111664,0.4480605721473694,Qwen2.5-32B-Instruct,32000000000,wiki_pl,639,31
wiki_ja: wiki_ja: 「オジ」「オバ」の子はいずれも「イトコ」の名で呼ばれる。,1.0,482,1773636228.8720558,2026-03-16T05:43:48.872066,0.415944367647171,0.4546681344509125,Qwen2.5-32B-Instruct,32000000000,wiki_ja,640,32
wiki_ja: wiki_ja: また、賀茂真淵は『語意考』（1789年）を著し、「約・延・略・通」の考え方を示した。,1.3,464,1773636276.111244,2026-03-16T05:44:36.111254,0.37787342071533203,0.43404823541641235,Qwen2.5-32B-Instruct,32000000000,wiki_ja,641,32
wiki_pl: wiki_pl: Ta energia napędza reakcję termojądrową we wnętrzu gwiazd.,0.7,486,1773636322.7565966,2026-03-16T05:45:22.756609,0.41838738322257996,0.4558468461036682,Qwen2.5-32B-Instruct,32000000000,wiki_pl,642,32
wiki_zh: wiki_zh: 他的工作明显远离了统治大部分早期经院哲学的新柏拉图主义和奥古斯丁的思想。,1.0,480,1773636368.9518013,2026-03-16T05:46:08.951813,0.3909885287284851,0.4331374764442444,Qwen2.5-32B-Instruct,32000000000,wiki_zh,643,32
wiki_ja: wiki_ja: およびそれを用いる行為（広辞苑）。,1.0,492,1773636415.510129,2026-03-16T05:46:55.510138,0.40365710854530334,0.4359283745288849,Qwen2.5-32B-Instruct,32000000000,wiki_ja,644,32
wiki_zh: wiki_zh: 一開始，數學的運用可見於貿易、土地測量及之後的天文學。,0.7,480,1773636462.2008038,2026-03-16T05:47:42.200814,0.4098482131958008,0.4508833885192871,Qwen2.5-32B-Instruct,32000000000,wiki_zh,645,32
wiki_pl: wiki_pl: Pod wpływem pól elektrycznych te kształty mogą się jednak zmieniać.,1.3,487,1773636508.7159173,2026-03-16T05:48:28.715927,0.4325818121433258,0.46695101261138916,Qwen2.5-32B-Instruct,32000000000,wiki_pl,646,32
wiki_zh: wiki_zh: 每四年颁奖一次，颁给有卓越贡献的年轻数学家，每次最多四人得奖。,0.7,480,1773636555.502454,2026-03-16T05:49:15.502465,0.4120498299598694,0.4543267488479614,Qwen2.5-32B-Instruct,32000000000,wiki_zh,647,32
wiki_ar: wiki_ar: وتمثّل مياه البحار والمحيطات أكبر نسبة للماء على الأرض،,1.3,485,1773636602.5302923,2026-03-16T05:50:02.530303,0.41802558302879333,0.4544931650161743,Qwen2.5-32B-Instruct,32000000000,wiki_ar,648,32
wiki_zh: wiki_zh: 同时，民族国家政治上逐步的中央集权的过程得到了世俗政治哲学的响应，如尼可罗·马基亚维利（常被描述为第一个现代政治思想家，或者是现代政治思想形成的关键点）、托马斯·莫尔、伊拉斯谟、尤斯图斯·利普修斯、让·博丹和胡果·格老秀斯等的著作。,1.3,417,1773636649.1590736,2026-03-16T05:50:49.159084,0.30199363827705383,0.39673224091529846,Qwen2.5-32B-Instruct,32000000000,wiki_zh,649,32
wiki_zh: wiki_zh: 得奖者须在该年元旦前未满四十岁，是年輕數學家可以獲得的最大獎項。,1.3,478,1773636695.84167,2026-03-16T05:51:35.841677,0.39562687277793884,0.4398883581161499,Qwen2.5-32B-Instruct,32000000000,wiki_zh,650,32
"wiki_pl: wiki_pl: Dzięki temu nawet, gdy s jest pustym ciągiem na wyjściu nie będzie pustej linii, lecz 0.",1.3,474,1773636742.2967403,2026-03-16T05:52:22.296763,0.406810462474823,0.4554389417171478,Qwen2.5-32B-Instruct,32000000000,wiki_pl,651,32
wiki_ar: wiki_ar: وأنشأوا القنوات والخزّانات المائيّة في أرجاء إمبراطوريّتهم،,1.0,478,1773636788.8921537,2026-03-16T05:53:08.892160,0.38068175315856934,0.42472735047340393,Qwen2.5-32B-Instruct,32000000000,wiki_ar,652,32
wiki_zh: wiki_zh: 它通过想像与抒情来表达某种强烈的情感。,1.0,491,1773636835.2095282,2026-03-16T05:53:55.209533,0.4094103276729584,0.4405532479286194,Qwen2.5-32B-Instruct,32000000000,wiki_zh,653,32
wiki_ar: wiki_ar: حيث وجد أن خمس تعداد السكان في العالم،,1.3,493,1773636881.8730614,2026-03-16T05:54:41.873067,0.4173140227794647,0.4489550292491913,Qwen2.5-32B-Instruct,32000000000,wiki_ar,654,32
wiki_ja: wiki_ja: 助詞「は」（ワ）と前の部分とが連声を起こすと、「人間は」→「ニンゲンナ」、「今日は」→「コンニッタ」となった。,1.3,458,1773636928.669097,2026-03-16T05:55:28.669102,0.3598601818084717,0.4198216199874878,Qwen2.5-32B-Instruct,32000000000,wiki_ja,655,32
wiki_ja: wiki_ja: 朝鮮語との関係  朝鮮語とは語順や文法構造で類似点が非常に多い。,1.3,476,1773636975.3815463,2026-03-16T05:56:15.381563,0.3863750100135803,0.43098360300064087,Qwen2.5-32B-Instruct,32000000000,wiki_ja,656,32
wiki_ar: wiki_ar: 6 مليار نسمة في العالم يعيشون في مناطق ندرة اقتصاديّة للمياه،,1.0,479,1773637022.5499306,2026-03-16T05:57:02.549936,0.40708374977111816,0.45127248764038086,Qwen2.5-32B-Instruct,32000000000,wiki_ar,657,32
"wiki_pl: wiki_pl: Z tego samego względu, wiele symboli używanych jako separatory znajduje się przed literami i cyframi – na patyku drugim.",1.0,472,1773637069.029294,2026-03-16T05:57:49.029300,0.3844817876815796,0.43411150574684143,Qwen2.5-32B-Instruct,32000000000,wiki_pl,658,32
wiki_ja: wiki_ja: 基本的に「か行」は 、「さ行」は （ を用いる地方・話者もある）、「た行」は 、「な行」は 、「は行」は 、「ま行」は 、「や行」は 、「だ行」は 、「ば行」は 、「ぱ行」は  を用いる。,0.7,426,1773637116.0272677,2026-03-16T05:58:36.027280,0.33467283844947815,0.423662006855011,Qwen2.5-32B-Instruct,32000000000,wiki_ja,659,32
wiki_zh: wiki_zh: 它通过想像与抒情来表达某种强烈的情感。,1.3,491,1773637162.119222,2026-03-16T05:59:22.119227,0.42476534843444824,0.45532214641571045,Qwen2.5-32B-Instruct,32000000000,wiki_zh,660,33
wiki_ar: wiki_ar: وورد كذلك في سورة النور  وفسّر هذا على أن المقصود هو النطفة،,0.7,482,1773637209.06197,2026-03-16T06:00:09.061975,0.41093218326568604,0.4504627287387848,Qwen2.5-32B-Instruct,32000000000,wiki_ar,661,33
wiki_pl: wiki_pl: Produktem okazał się lżejszy pierwiastek bar.,1.3,490,1773637255.3436434,2026-03-16T06:00:55.343649,0.4174685478210449,0.4501306116580963,Qwen2.5-32B-Instruct,32000000000,wiki_pl,662,33
wiki_zh: wiki_zh: 將科學限定在自然科學則是在此之後的事。,1.3,491,1773637302.0105145,2026-03-16T06:01:42.010520,0.410165011882782,0.4414142966270447,Qwen2.5-32B-Instruct,32000000000,wiki_zh,663,33
wiki_ar: wiki_ar: ويؤثّر ذلك في تشكيل الصدوع،,1.0,492,1773637348.8701282,2026-03-16T06:02:28.870134,0.40700414776802063,0.43802541494369507,Qwen2.5-32B-Instruct,32000000000,wiki_ar,664,33
wiki_zh: wiki_zh: 在18世纪时，法国的拉美特利公开宣布唯物主义是唯一的，而百科全书的主编德尼·狄德罗也拒绝承认神的存在。,1.0,466,1773637395.5187364,2026-03-16T06:03:15.518742,0.3801710903644562,0.43273285031318665,Qwen2.5-32B-Instruct,32000000000,wiki_zh,665,33
wiki_ja: wiki_ja: もっとも、方言は書き言葉として用いられることが少ないため、実際上に不便を来すことは少ない。,0.7,475,1773637442.2650836,2026-03-16T06:04:02.265089,0.40262794494628906,0.4491272270679474,Qwen2.5-32B-Instruct,32000000000,wiki_ja,666,33
wiki_pl: wiki_pl: Jednak wejście może nie zawierać ani jednej linii.,0.7,490,1773637488.7243774,2026-03-16T06:04:48.724382,0.43475326895713806,0.4655337631702423,Qwen2.5-32B-Instruct,32000000000,wiki_pl,667,33
wiki_ar: wiki_ar: تقوم خلايا النباتات أثناء عمليّة التركيب الضوئي باستخدام طاقة الشمس لفصم الهيدروجين عن الأكسجين في جزيء الماء،,1.3,466,1773637535.5671196,2026-03-16T06:05:35.567125,0.3961389660835266,0.4500974118709564,Qwen2.5-32B-Instruct,32000000000,wiki_ar,668,33
wiki_pl: wiki_pl: Zjawisko to nazywane jest efektem Starka.,1.0,491,1773637581.9855545,2026-03-16T06:06:21.985560,0.4203416407108307,0.4523938000202179,Qwen2.5-32B-Instruct,32000000000,wiki_pl,669,33
wiki_ar: wiki_ar: جريان وصولاً إلى المحيطات والمسطّحات المائيّة.,1.0,483,1773637628.5955215,2026-03-16T06:07:08.595527,0.4013388156890869,0.4401952028274536,Qwen2.5-32B-Instruct,32000000000,wiki_ar,670,33
wiki_ar: wiki_ar: استمرّ التوسّع في شقّ القنوات وحفر الآبار مع ازدهار الحضارة الإسلاميّة،,1.3,475,1773637675.338666,2026-03-16T06:07:55.338694,0.38454440236091614,0.4300019443035126,Qwen2.5-32B-Instruct,32000000000,wiki_ar,671,33
wiki_ja: wiki_ja: 活用形と種類   名詞が格助詞を伴ってさまざまな格を示すのに対し、用言（動詞・形容詞・形容動詞）および助動詞は、語尾を変化させることによって、文中のどの成分を担っているかを示したり、時制・相などの情報や文の切れ続きの別などを示したりする。,1.0,419,1773637722.5334675,2026-03-16T06:08:42.533473,0.32954737544059753,0.4255102276802063,Qwen2.5-32B-Instruct,32000000000,wiki_ja,672,33
wiki_ar: wiki_ar: ممّا يؤدّي إلى حدوث تيّارات اهتزازيّة تعرف باسم المجاري المدّيّة.,1.0,473,1773637769.1743376,2026-03-16T06:09:29.174358,0.39728525280952454,0.4446156919002533,Qwen2.5-32B-Instruct,32000000000,wiki_ar,673,33
wiki_ar: wiki_ar: تفسّر خاصّيّة التوتّر السطحي للماء ظاهرة إمكانيّة وقوف الحشرات خفيفة الوزن على سطح الماء،,0.7,460,1773637816.0422585,2026-03-16T06:10:16.042274,0.3799945116043091,0.4405629634857178,Qwen2.5-32B-Instruct,32000000000,wiki_ar,674,33
wiki_ar: wiki_ar: وهي منطقة ذات أهمّيّة بيئيّة كبيرة.,1.0,491,1773637862.6152663,2026-03-16T06:11:02.615281,0.4059770405292511,0.4380565285682678,Qwen2.5-32B-Instruct,32000000000,wiki_ar,675,33
"wiki_pl: wiki_pl: Jest także nazwą programu początkowo dostępnego dla systemów operacyjnych będących pochodnymi UNIX-a, obecnie także na inne platformy.",1.3,469,1773637909.3721578,2026-03-16T06:11:49.372172,0.41190105676651,0.46270400285720825,Qwen2.5-32B-Instruct,32000000000,wiki_pl,676,33
wiki_ja: wiki_ja: E. ライシャワーによれば、日本語の知識が乏しいまま、日本語は明晰でも論理的でもないと不満を漏らす外国人は多いという。,1.3,463,1773637956.163507,2026-03-16T06:12:36.163520,0.36767491698265076,0.42413318157196045,Qwen2.5-32B-Instruct,32000000000,wiki_ja,677,33
wiki_zh: wiki_zh: 从此，哲学、语言和文学三者关系更为紧密，如伽达默尔的“诠释学哲学”和卡西尔的“符号形式的哲学”等，逐步形成解释学。,0.7,461,1773638002.6233256,2026-03-16T06:13:22.623338,0.36977970600128174,0.42687132954597473,Qwen2.5-32B-Instruct,32000000000,wiki_zh,678,33
wiki_ar: wiki_ar: وورد كذلك في سورة النور  وفسّر هذا على أن المقصود هو النطفة،,1.0,482,1773638049.363119,2026-03-16T06:14:09.363130,0.3856680989265442,0.4254595935344696,Qwen2.5-32B-Instruct,32000000000,wiki_ar,679,33
wiki_ja: wiki_ja: 同様に、「り」に硬口蓋はじき音を用いる話者や、「ち」に無声硬口蓋破裂音  を用いる話者もある。,1.3,465,1773638096.260347,2026-03-16T06:14:56.260360,0.39379099011421204,0.44801202416419983,Qwen2.5-32B-Instruct,32000000000,wiki_ja,680,34
wiki_zh: wiki_zh: 莱布尼茨作为唯理论者坚定地维护笛卡尔的学说并反驳约翰·洛克的理论。,1.3,478,1773638142.4528081,2026-03-16T06:15:42.452820,0.3842298984527588,0.4278051555156708,Qwen2.5-32B-Instruct,32000000000,wiki_zh,681,34
wiki_zh: wiki_zh: “哲”一词在中国古代指那些善于思辨、学问精深者，如“孔门十哲”、“古圣先哲”等，“哲”或“哲人”意义类似西方近世所谓“哲学家”、“思想家”。,1.0,450,1773638188.8843017,2026-03-16T06:16:28.884315,0.34750211238861084,0.4140027165412903,Qwen2.5-32B-Instruct,32000000000,wiki_zh,682,34
wiki_ja: wiki_ja: 学校文法では、語のうち、「太陽」「輝く」「赤い」「ぎらぎら」など、それだけで文節を作り得るものを自立語（詞）とし、「ようだ」「です」「が」「を」など、単独で文節を作り得ず、自立語に付属して用いられるものを付属語（辞）とする。,1.0,418,1773638235.9954972,2026-03-16T06:17:15.995512,0.32514384388923645,0.42245107889175415,Qwen2.5-32B-Instruct,32000000000,wiki_ja,683,34
"wiki_pl: wiki_pl: Początkowo, na klawiaturach maszyn do pisania nie używano cyfr 0 i 1, ponieważ mogły one być zastąpione przez O (wielkie o) oraz l (małe L).",1.3,451,1773638282.817014,2026-03-16T06:18:02.817028,0.3758836090564728,0.44455039501190186,Qwen2.5-32B-Instruct,32000000000,wiki_pl,684,34
wiki_zh: wiki_zh: 其他描述型式   网络文学是一種從网络環境起源的文學形態。,0.7,481,1773638329.2204902,2026-03-16T06:18:49.220500,0.39624878764152527,0.43596553802490234,Qwen2.5-32B-Instruct,32000000000,wiki_zh,685,34
wiki_ja: wiki_ja: 品詞分類では、常に接続語となる品詞を接続詞とする。,0.7,483,1773638375.9003725,2026-03-16T06:19:35.900386,0.4140927791595459,0.45258551836013794,Qwen2.5-32B-Instruct,32000000000,wiki_ja,686,34
wiki_zh: wiki_zh: 但如果以主體性方向對哲學下定義，中國文化就擁有哲學。,1.3,483,1773638422.465964,2026-03-16T06:20:22.465977,0.38532716035842896,0.4259367287158966,Qwen2.5-32B-Instruct,32000000000,wiki_zh,687,34
wiki_zh: wiki_zh: 古代的石碑及泥版亦證實了當時已有幾何的知識。,1.0,484,1773638469.071021,2026-03-16T06:21:09.071035,0.4091939330101013,0.4473298192024231,Qwen2.5-32B-Instruct,32000000000,wiki_zh,688,34
wiki_ja: wiki_ja: 明覚はまた、『悉曇要訣』において、梵語の発音を説明するために日本語の例を多く引用し、日本語の音韻組織への関心を見せている。,1.3,455,1773638515.8853328,2026-03-16T06:21:55.885346,0.37304794788360596,0.4375419318675995,Qwen2.5-32B-Instruct,32000000000,wiki_ja,689,34
wiki_ja: wiki_ja: 字形2と3は4世紀中頃における et の合字の例である。,0.7,483,1773638562.5025284,2026-03-16T06:22:42.502534,0.39532503485679626,0.4359886050224304,Qwen2.5-32B-Instruct,32000000000,wiki_ja,690,34
wiki_pl: wiki_pl: Ograniczenie to nie odnosi się do funkcji wbudowanych.,1.3,488,1773638608.9492652,2026-03-16T06:23:28.949279,0.4182901084423065,0.4539010226726532,Qwen2.5-32B-Instruct,32000000000,wiki_pl,691,34
wiki_zh: wiki_zh: 存在主义强调个人、獨立自主和主观经验，認為人存在的意義是無法經由理性思考而得到答案。,0.7,477,1773638655.2905056,2026-03-16T06:24:15.290519,0.40336874127388,0.4457249939441681,Qwen2.5-32B-Instruct,32000000000,wiki_zh,692,34
"wiki_pl: wiki_pl: Jeden mol to około 6,022 cząstek.",1.0,490,1773638701.869655,2026-03-16T06:25:01.869668,0.4333600103855133,0.4650527834892273,Qwen2.5-32B-Instruct,32000000000,wiki_pl,693,34
wiki_pl: wiki_pl: Podwaliny teorii modeli i tym samym nowe ujęcie logiki matematycznej położyli w latach 30.,0.7,472,1773638748.4694476,2026-03-16T06:25:48.469453,0.3940674066543579,0.44438380002975464,Qwen2.5-32B-Instruct,32000000000,wiki_pl,694,34
wiki_ar: wiki_ar: يمكن إجراء تفاعل كشف عن الماء بأساليب لاعضويّة تقليديّة،,1.0,479,1773638795.1483457,2026-03-16T06:26:35.148355,0.40196865797042847,0.44461697340011597,Qwen2.5-32B-Instruct,32000000000,wiki_ar,695,34
wiki_ja: wiki_ja: 「次（つ）ぎて」を「次いで」とするなどのイ音便、「詳（くは）しくす」を「詳しうす」とするなどのウ音便、「発（た）ちて」を「発って」とするなどの促音便、「飛びて」を「飛んで」とするなどの撥音便が現れた。,0.7,427,1773638842.1420944,2026-03-16T06:27:22.142104,0.3336569368839264,0.4233437478542328,Qwen2.5-32B-Instruct,32000000000,wiki_ja,696,34
wiki_ar: wiki_ar: مع ازدياد عدد السكان في الأرض ومع حدوث شحّ في الموارد المائيّة في عدد من دول العالم،,0.7,476,1773638889.2815347,2026-03-16T06:28:09.281544,0.39965781569480896,0.44498705863952637,Qwen2.5-32B-Instruct,32000000000,wiki_ar,697,34
wiki_ar: wiki_ar: وتغسيل اليدين قبيل الأكل مثلاً واجب في اليهوديّة،,1.0,482,1773638936.0787573,2026-03-16T06:28:56.078767,0.3889496922492981,0.4297449588775635,Qwen2.5-32B-Instruct,32000000000,wiki_ar,698,34
wiki_ja: wiki_ja: ヒトの発達における言語機能の獲得  これも多方面から研究されている。,0.7,480,1773638982.851329,2026-03-16T06:29:42.851335,0.40017592906951904,0.4405146539211273,Qwen2.5-32B-Instruct,32000000000,wiki_ja,699,34
wiki_ja: wiki_ja: 「は行」の子音は、奈良時代以前には  であったとみられる。,0.7,483,1773639029.6424277,2026-03-16T06:30:29.642436,0.4117070436477661,0.4502454400062561,Qwen2.5-32B-Instruct,32000000000,wiki_ja,700,35
wiki_ja: wiki_ja: 状況語は、出来事や有様を表す部分の前に置かれるのが普通であり、主語の前に置かれることもある。,0.7,471,1773639076.588383,2026-03-16T06:31:16.588393,0.4109216332435608,0.46152621507644653,Qwen2.5-32B-Instruct,32000000000,wiki_ja,701,35
"wiki_pl: wiki_pl: Izotopy okazały się atomami o tej samej liczbie protonów, ale różniącymi się liczbą neutronów w jądrze.",0.7,471,1773639123.1851861,2026-03-16T06:32:03.185196,0.41214096546173096,0.46336954832077026,Qwen2.5-32B-Instruct,32000000000,wiki_pl,702,35
wiki_ar: wiki_ar: ينتشر استخدام المياه المعبّأة بشكل أساسي في البلدان التي تعاني من شحّ في الموارد الطبيعيّة للمياه العذبة،,1.0,471,1773639170.117536,2026-03-16T06:32:50.117546,0.3898777365684509,0.4396621584892273,Qwen2.5-32B-Instruct,32000000000,wiki_ar,703,35
wiki_zh: wiki_zh: 按地域分为：外国文学，中国文学等等。,1.3,491,1773639216.169539,2026-03-16T06:33:36.169548,0.41567978262901306,0.4473073482513428,Qwen2.5-32B-Instruct,32000000000,wiki_zh,704,35
wiki_ar: wiki_ar: 9 ميغاجول/كغ) يحدث عندئذ انفصال لجزيء الماء إلى مكوّناته من الهيدروجين والأكسجين،,1.3,468,1773639263.0797496,2026-03-16T06:34:23.079761,0.38198524713516235,0.435080349445343,Qwen2.5-32B-Instruct,32000000000,wiki_ar,705,35
wiki_zh: wiki_zh: 从此，哲学、语言和文学三者关系更为紧密，如伽达默尔的“诠释学哲学”和卡西尔的“符号形式的哲学”等，逐步形成解释学。,1.3,461,1773639309.4208598,2026-03-16T06:35:09.420873,0.36021873354911804,0.418536514043808,Qwen2.5-32B-Instruct,32000000000,wiki_zh,706,35
"wiki_pl: wiki_pl: Składniki  Cząstki subatomowe  Mimo że słowo atom pierwotnie oznaczało cząstkę, której nie da się podzielić na mniejsze, współcześnie nazywa się nim strukturę zbudowaną z mniejszych cząstek: elektronów, protonów i neutronów.",1.3,425,1773639356.5849848,2026-03-16T06:35:56.584995,0.3516123592853546,0.44517797231674194,Qwen2.5-32B-Instruct,32000000000,wiki_pl,707,35
wiki_zh: wiki_zh: 其中最有名的為P/NP問題——千禧年大獎難題之一。,1.3,483,1773639403.0562317,2026-03-16T06:36:43.056237,0.4038200378417969,0.44230303168296814,Qwen2.5-32B-Instruct,32000000000,wiki_zh,708,35
"wiki_pl: wiki_pl: W AWK rekordy rozbijane są na pola, które można wyświetlić osobno:   print $1  Wyświetla pierwsze pole obecnego rekordu.",1.3,463,1773639449.7592702,2026-03-16T06:37:29.759280,0.4045339524745941,0.4616866409778595,Qwen2.5-32B-Instruct,32000000000,wiki_pl,709,35
"wiki_pl: wiki_pl: Dzięki temu nawet, gdy s jest pustym ciągiem na wyjściu nie będzie pustej linii, lecz 0.",1.0,474,1773639496.1620226,2026-03-16T06:38:16.162032,0.42499619722366333,0.47140946984291077,Qwen2.5-32B-Instruct,32000000000,wiki_pl,710,35
wiki_zh: wiki_zh: 報導文學  史传文學  文學獎項   有許多的文學獎，頒發給優秀的作家，表揚其文學的成就。,1.3,465,1773639543.4802825,2026-03-16T06:39:03.480292,0.38728293776512146,0.44225001335144043,Qwen2.5-32B-Instruct,32000000000,wiki_zh,711,35
wiki_zh: wiki_zh: 但使用這些特別符號和專有術語是有其原因的：數學需要比日常用語更多的精確性。,1.3,475,1773639589.9905274,2026-03-16T06:39:49.990538,0.41115182638168335,0.45642101764678955,Qwen2.5-32B-Instruct,32000000000,wiki_zh,712,35
"wiki_pl: wiki_pl: Następnie mierzy się straty energii tych elektronów, wynikające z wybijania elektronów i wzbudzania drgań sieci krystalicznej próbki.",1.3,460,1773639636.6156752,2026-03-16T06:40:36.615692,0.4083138108253479,0.46872735023498535,Qwen2.5-32B-Instruct,32000000000,wiki_pl,713,35
wiki_ja: wiki_ja: 自立語で活用のあるもののうち、命令形のあるものを動詞、命令形がなく終止・連体形が「い」で終わるものを形容詞（日本語教育では「イ形容詞」）、連体形が「な」で終わるものを形容動詞（日本語教育では「ナ形容詞」）とする。,1.0,429,1773639683.7430606,2026-03-16T06:41:23.743070,0.3395593762397766,0.426211953163147,Qwen2.5-32B-Instruct,32000000000,wiki_ja,714,35
"wiki_pl: wiki_pl: Cechy tych mikroskopijnych składników były odmiennie opisywane przez różne szkoły filozoficzne, często uwzględniając ich duchowe właściwości.",1.0,460,1773639730.462822,2026-03-16T06:42:10.462834,0.37599945068359375,0.4368588924407959,Qwen2.5-32B-Instruct,32000000000,wiki_pl,715,35
wiki_ja: wiki_ja: 最古の例は『東大寺諷誦文稿』（9世紀）とされる。,1.3,480,1773639777.0506685,2026-03-16T06:42:57.050674,0.38412466645240784,0.42688167095184326,Qwen2.5-32B-Instruct,32000000000,wiki_ja,716,35
wiki_ja: wiki_ja: 一方、明治・大正から昭和戦前期にかけて、日本人がアメリカ・カナダ・メキシコ・ブラジル・ペルーなどに多数移民し、日系人社会が築かれた。,1.0,452,1773639824.2600837,2026-03-16T06:43:44.260089,0.3522012233734131,0.4169224500656128,Qwen2.5-32B-Instruct,32000000000,wiki_ja,717,35
wiki_ja: wiki_ja: 「が行」の子音は、語頭では破裂音の  を用いるが、語中では鼻音の （「が行」鼻音、いわゆる鼻濁音）を用いることが一般的だった。,1.0,453,1773639871.1666186,2026-03-16T06:44:31.166628,0.3671971559524536,0.43102607131004333,Qwen2.5-32B-Instruct,32000000000,wiki_ja,718,35
wiki_ar: wiki_ar: مع العلم أنّ أغلب الماء الموجود على سطح الأرض هو على شكل مياه مالحة في المحيطات والبحار،,1.0,473,1773639917.8734171,2026-03-16T06:45:17.873427,0.4020187258720398,0.4487913250923157,Qwen2.5-32B-Instruct,32000000000,wiki_ar,719,35
wiki_pl: wiki_pl: Właściwości atomów zawierających niesparowane elektrony można badać za pomocą spektroskopii elektronowego rezonansu paramagnetycznego (EPR).,1.0,462,1773639964.4411302,2026-03-16T06:46:04.441139,0.3829525411128998,0.44289904832839966,Qwen2.5-32B-Instruct,32000000000,wiki_pl,720,36
wiki_ar: wiki_ar: الذي يعيد الشباب لكل من يشربه أو يستحمّ به.,1.0,491,1773640010.8906457,2026-03-16T06:46:50.890655,0.4266180694103241,0.45723894238471985,Qwen2.5-32B-Instruct,32000000000,wiki_ar,721,36
wiki_ar: wiki_ar: يمكن إجراء تفاعل كشف عن الماء بأساليب لاعضويّة تقليديّة،,1.3,479,1773640057.4958436,2026-03-16T06:47:37.495853,0.4129522740840912,0.45438748598098755,Qwen2.5-32B-Instruct,32000000000,wiki_ar,722,36
wiki_ja: wiki_ja: それでも、江戸時代前期には京阪でも見られるようになり、後期には一般化した。,0.7,480,1773640103.8382378,2026-03-16T06:48:23.838247,0.40728291869163513,0.4490533173084259,Qwen2.5-32B-Instruct,32000000000,wiki_ja,723,36
wiki_ar: wiki_ar: ممّا يؤدّي إلى تعطّل بعض وظائف الجسم التي تحتاج الماء كي تعمل بانتظام.,0.7,477,1773640150.4834514,2026-03-16T06:49:10.483461,0.41715237498283386,0.4603289067745209,Qwen2.5-32B-Instruct,32000000000,wiki_ar,724,36
"wiki_pl: wiki_pl: Nie musi to oznaczać rozstrzygalności wszystkich możliwych twierdzeń danej teorii, choć byłby to stan idealny; twierdzenie Gödla mówi jednak, że nawet dla tak prostej teorii jak arytmetyka istnieją twierdzenia, których nie da się wyprowadzić z jej aksjomatów.",1.3,419,1773640197.3756337,2026-03-16T06:49:57.375643,0.3489191234111786,0.45213979482650757,Qwen2.5-32B-Instruct,32000000000,wiki_pl,725,36
wiki_ja: wiki_ja: 重要なのは、それらをまとめる述語「紹介シタ」の部分である。,1.0,482,1773640244.0358508,2026-03-16T06:50:44.035856,0.42923229932785034,0.46815985441207886,Qwen2.5-32B-Instruct,32000000000,wiki_ja,726,36
wiki_ja: wiki_ja: 「つぁ」「ファ」のように、小書きの「ぁ」「ぃ」「ぅ」「ぇ」「ぉ」を添えて表す音もあり、補助符号として長音を表す「ー」がある。,0.7,460,1773640291.1810515,2026-03-16T06:51:31.181062,0.4070785939693451,0.4697105288505554,Qwen2.5-32B-Instruct,32000000000,wiki_ja,727,36
wiki_ar: wiki_ar: يمكن أن يؤدّي الجريان إلى تعرية البيئة المحيطة ممّا يؤدّي إلى تشكيل الوديان أو مناطق جغرافية مميّزة وخصبة مثل الدلتا على سبيل المثال.,1.3,450,1773640338.5927484,2026-03-16T06:52:18.592758,0.3835669755935669,0.4528641104698181,Qwen2.5-32B-Instruct,32000000000,wiki_ar,728,36
"wiki_pl: wiki_pl: Ponieważ orbitale tych elektronów w sąsiednich atomach nakładają się na siebie, energetycznie niższy stan jest osiągany, gdy te niesparowane elektrony mają tak samo skierowane spiny.",1.0,448,1773640385.2487319,2026-03-16T06:53:05.248742,0.39845091104507446,0.4710763096809387,Qwen2.5-32B-Instruct,32000000000,wiki_pl,729,36
wiki_ar: wiki_ar: دخل الماء في العديد من الأساطير والخرافات والحكايا الشعبيّة والروحيّات،,1.0,478,1773640432.0488513,2026-03-16T06:53:52.048861,0.4023239016532898,0.4470251500606537,Qwen2.5-32B-Instruct,32000000000,wiki_ar,730,36
wiki_ar: wiki_ar: حيث يستخدم لذلك بالإضافة إلى الماء الصابون والمواد المنظّفة الملائمة.,1.0,485,1773640478.6101553,2026-03-16T06:54:38.610165,0.4175686836242676,0.45764073729515076,Qwen2.5-32B-Instruct,32000000000,wiki_ar,731,36
wiki_ja: wiki_ja: さらに、英語はアメリカ合衆国やイギリスの公用語であるため世界で広く重要視されている。,0.7,474,1773640524.9448342,2026-03-16T06:55:24.944844,0.4274829924106598,0.47424590587615967,Qwen2.5-32B-Instruct,32000000000,wiki_ja,732,36
wiki_ar: wiki_ar: يوصف الماء غير العسر أنه «ماء يَسِر»،,1.3,489,1773640571.5233,2026-03-16T06:56:11.523305,0.42313501238822937,0.45658373832702637,Qwen2.5-32B-Instruct,32000000000,wiki_ar,733,36
wiki_ar: wiki_ar: يدخل الماء في العديد من العمليّات الجيولوجيّة المهمّة،,1.3,485,1773640618.2020733,2026-03-16T06:56:58.202083,0.410280704498291,0.4480173587799072,Qwen2.5-32B-Instruct,32000000000,wiki_ar,734,36
wiki_ar: wiki_ar: من أوائل الحضارات التي استخدمت أنابيب من الخزف من أجل تزويد وتصريف المياه.,1.3,479,1773640664.910697,2026-03-16T06:57:44.910707,0.4193391799926758,0.46207356452941895,Qwen2.5-32B-Instruct,32000000000,wiki_ar,735,36
wiki_zh: wiki_zh: 随笔，兼有議論和抒情兩種特性的散文。,1.3,486,1773640711.542897,2026-03-16T06:58:31.542906,0.4218231737613678,0.4594939649105072,Qwen2.5-32B-Instruct,32000000000,wiki_zh,736,36
wiki_ar: wiki_ar: بالإضافة إلى الهندوسيّة (وذلك بالاغتسال في نهر الغانج) والسيخيّة والطاويّة والشنتو وغيرها.,1.3,469,1773640758.3344774,2026-03-16T06:59:18.334488,0.3902074098587036,0.44330894947052,Qwen2.5-32B-Instruct,32000000000,wiki_ar,737,36
wiki_ja: wiki_ja: 「めし」を「御飯」「ライス」、「やどや」を「旅館」「ホテル」などと称するのはその例である。,1.0,472,1773640805.0022197,2026-03-16T07:00:05.002228,0.3932582437992096,0.44289904832839966,Qwen2.5-32B-Instruct,32000000000,wiki_ja,738,36
"wiki_pl: wiki_pl: Grupa odpowiedzialna za sformułowanie standardu ASCII sprzeciwiała się temu, dlatego kod musiał używać co najmniej 7 bitów na jeden znak.",1.0,465,1773640851.5074515,2026-03-16T07:00:51.507465,0.4019412398338318,0.4581533968448639,Qwen2.5-32B-Instruct,32000000000,wiki_pl,739,36
wiki_ar: wiki_ar: كان التطوّر في تقنيّات استخدام المياه متزامناً في عدد من الحضارات،,1.0,482,1773640898.448905,2026-03-16T07:01:38.448917,0.41006046533584595,0.45071592926979065,Qwen2.5-32B-Instruct,32000000000,wiki_ar,740,37
wiki_ar: wiki_ar: عندما تنقص كمّيّة الماء في الجسم يشعر الإنسان بالعطش؛,1.0,486,1773640945.1955314,2026-03-16T07:02:25.195544,0.4230054020881653,0.45940282940864563,Qwen2.5-32B-Instruct,32000000000,wiki_ar,741,37
wiki_ar: wiki_ar: ولكن الوصول إليها يعطّل بسبب سوء الإدارة والفساد.,1.0,491,1773640991.5334861,2026-03-16T07:03:11.533496,0.4286031424999237,0.460610568523407,Qwen2.5-32B-Instruct,32000000000,wiki_ar,742,37
wiki_ar: wiki_ar: الماء في الكون   باستثناء الماء الموجود على سطح الأرض،,1.3,487,1773641038.096175,2026-03-16T07:03:58.096189,0.4207264184951782,0.4558183252811432,Qwen2.5-32B-Instruct,32000000000,wiki_ar,743,37
wiki_pl: wiki_pl: Liczba takich elektronów determinuje właściwości chemiczne atomów.,0.7,485,1773641084.4800792,2026-03-16T07:04:44.480089,0.43475767970085144,0.4718288779258728,Qwen2.5-32B-Instruct,32000000000,wiki_pl,744,37
wiki_ar: wiki_ar: فوفق المعتقد الإسلامي كان الملاك جبريل هو من فجّر تلك البئر بعقبه لإسماعيل وأمّه هاجر،,1.3,470,1773641131.443998,2026-03-16T07:05:31.444012,0.41075533628463745,0.4615094065666199,Qwen2.5-32B-Instruct,32000000000,wiki_ar,745,37
wiki_ja: wiki_ja: たとえば、「はな（花）」の「は」と「かは（川）」の「は」の発音は、平安時代初期にはいずれも「ファ」() であったとみられるが、平安時代に起こったハ行転呼により、「かは（川）」など語中語尾の「は」は「ワ」と発音するようになった。,1.3,418,1773641179.0171533,2026-03-16T07:06:19.017169,0.32925400137901306,0.42738717794418335,Qwen2.5-32B-Instruct,32000000000,wiki_ja,746,37
wiki_ar: wiki_ar: كما يتمّ غسل الموتى قبل الدفن أيضاً.,1.0,492,1773641225.8213625,2026-03-16T07:07:05.821372,0.40716010332107544,0.4376680254936218,Qwen2.5-32B-Instruct,32000000000,wiki_ar,747,37
"wiki_pl: wiki_pl: Jego wyjaśnienie przez termiczne ruchy cząsteczek wody zasugerował w 1877 roku Joseph Delsaulx, a w 1905 roku Albert Einstein przedstawił jego pełną matematyczną analizę.",0.7,443,1773641272.7300105,2026-03-16T07:07:52.730021,0.38619208335876465,0.46316543221473694,Qwen2.5-32B-Instruct,32000000000,wiki_pl,748,37
wiki_ja: wiki_ja: 16世紀末のキリシタン資料ではそれぞれ「ji・gi」「zu・zzu」など異なるローマ字で表されており、当時はまだ発音の区別があったことが分かるが、当時既に混同が始まっていたことも記録されている。,1.3,441,1773641319.4370427,2026-03-16T07:08:39.437056,0.3801686465740204,0.4592449963092804,Qwen2.5-32B-Instruct,32000000000,wiki_ja,749,37
wiki_ar: wiki_ar: وتلك خاصّيّة في أصل وجوهر الماء،,1.0,489,1773641366.6149166,2026-03-16T07:09:26.614930,0.40787914395332336,0.44336822628974915,Qwen2.5-32B-Instruct,32000000000,wiki_ar,750,37
wiki_ja: wiki_ja: X = A && B のように2個重ねたものは論理 AND を表す。,0.7,484,1773641413.0920248,2026-03-16T07:10:13.092038,0.42674100399017334,0.46448370814323425,Qwen2.5-32B-Instruct,32000000000,wiki_ja,751,37
wiki_ja: wiki_ja: 一方、アクセント核は単語に固定されており、「たまご」の「ま」の後の下がり目はなくなることがない。,1.3,470,1773641459.760096,2026-03-16T07:10:59.760109,0.3972398340702057,0.4467719495296478,Qwen2.5-32B-Instruct,32000000000,wiki_ja,752,37
wiki_ja: wiki_ja: 似ているが同じではない「言語」が隣り合って存在しているとき、それは一つの言語なのか別の言語なのか区別することは難しい。,1.3,469,1773641506.7258017,2026-03-16T07:11:46.725819,0.38724997639656067,0.4388452470302582,Qwen2.5-32B-Instruct,32000000000,wiki_ja,753,37
wiki_ar: wiki_ar: للماء أيضاً دور مهمّ في تأمين وسط معتدل أس هيدروجيني ~ 7،,1.0,480,1773641553.7194064,2026-03-16T07:12:33.719416,0.40967658162117004,0.45176196098327637,Qwen2.5-32B-Instruct,32000000000,wiki_ar,754,37
wiki_ja: wiki_ja: 鎌倉時代以降になると、音便は口語では盛んに用いられるようになった。,1.3,480,1773641600.2093647,2026-03-16T07:13:20.209374,0.4072532653808594,0.45017462968826294,Qwen2.5-32B-Instruct,32000000000,wiki_ja,755,37
wiki_pl: wiki_pl: Takich aksjomatyk zatem nie stosuje się.,1.3,492,1773641646.5959454,2026-03-16T07:14:06.595955,0.42420318722724915,0.45503196120262146,Qwen2.5-32B-Instruct,32000000000,wiki_pl,756,37
wiki_ja: wiki_ja: 音声学上の単位である音節とは区別して、音韻論では「い・っ・ぽ・ん」のような単位のことをモーラ（拍）と称している。,0.7,458,1773641693.3196993,2026-03-16T07:14:53.319709,0.38350173830986023,0.44506117701530457,Qwen2.5-32B-Instruct,32000000000,wiki_ja,757,37
wiki_zh: wiki_zh: MathForge ，一个包含数学、物理、计算机科学和教育等范畴的新闻网志。,1.3,485,1773641739.6013045,2026-03-16T07:15:39.601315,0.4184015691280365,0.4546998143196106,Qwen2.5-32B-Instruct,32000000000,wiki_zh,758,37
wiki_ar: wiki_ar: والذي يعود سببه إلى فرط الإحماء في زمن قصير وتشكّل كمّيّات كبيرة من البخار في حيّز مكاني ضيق.,1.3,464,1773641786.3246124,2026-03-16T07:16:26.324622,0.3959648609161377,0.452077180147171,Qwen2.5-32B-Instruct,32000000000,wiki_ar,759,37
"wiki_pl: wiki_pl: Przykłady zastosowań  Hello World  Poniżej znajduje się przykład programu ""Hello world"" napisanego w AWK: BEGIN { print ""Hello, world!""",1.0,463,1773641832.9624684,2026-03-16T07:17:12.962474,0.3947722315788269,0.45167574286460876,Qwen2.5-32B-Instruct,32000000000,wiki_pl,760,38
wiki_ja: wiki_ja: 単純語と複合語   日本語の語彙は、語構成の面からは単純語と複合語に分けることができる。,1.0,467,1773641879.4523182,2026-03-16T07:17:59.452324,0.40084296464920044,0.4544443190097809,Qwen2.5-32B-Instruct,32000000000,wiki_ja,761,38
wiki_ar: wiki_ar: يتشكل الماء الملاحظ في الكون بتلك الطريقة وبشكل سريع في ذلك الغاز المتكاثف الساخن.,1.3,476,1773641925.8191411,2026-03-16T07:18:45.819151,0.4068439304828644,0.45210662484169006,Qwen2.5-32B-Instruct,32000000000,wiki_ar,762,38
wiki_ja: wiki_ja: 英語での句の構成を例示すると以下のようになる（太字はそれぞれの句の主要部）。,1.0,478,1773641972.0402713,2026-03-16T07:19:32.040282,0.39591172337532043,0.44067636132240295,Qwen2.5-32B-Instruct,32000000000,wiki_ja,763,38
wiki_pl: wiki_pl: Procesy zachodzące w gwiazdach z upływem czasu zwiększają ilość pierwiastków cięższych od wodoru i helu.,1.0,467,1773642018.5906987,2026-03-16T07:20:18.590708,0.4055961072444916,0.4590652585029602,Qwen2.5-32B-Instruct,32000000000,wiki_pl,764,38
wiki_zh: wiki_zh: 古代的石碑及泥版亦證實了當時已有幾何的知識。,0.7,484,1773642064.8714716,2026-03-16T07:21:04.871482,0.4088445007801056,0.4476199746131897,Qwen2.5-32B-Instruct,32000000000,wiki_zh,765,38
wiki_ja: wiki_ja: 上記の文は、いずれも「S‐P」構造、すなわち主述構造をなす同一の文型である。,1.0,471,1773642111.4942997,2026-03-16T07:21:51.494310,0.39168497920036316,0.44055289030075073,Qwen2.5-32B-Instruct,32000000000,wiki_ja,766,38
wiki_ar: wiki_ar: بالإضافة إلى الهندوسيّة (وذلك بالاغتسال في نهر الغانج) والسيخيّة والطاويّة والشنتو وغيرها.,1.0,469,1773642158.2439492,2026-03-16T07:22:38.243959,0.3917391300201416,0.44381842017173767,Qwen2.5-32B-Instruct,32000000000,wiki_ar,767,38
wiki_ar: wiki_ar: مع الإشارة إلى وجود اختلاف في تعريف هذه المسمّيات وذلك حسب القوانين الناظمة لكل بلد.,1.0,478,1773642205.2411945,2026-03-16T07:23:25.241205,0.3975412845611572,0.44094812870025635,Qwen2.5-32B-Instruct,32000000000,wiki_ar,768,38
wiki_ja: wiki_ja: これは、古典語・日常語を網羅し、五十音順に見出しを並べて、品詞・漢字表記・語釈を付した初の近代的な日本語辞書であった。,1.3,456,1773642252.0633764,2026-03-16T07:24:12.063389,0.34696251153945923,0.4107353389263153,Qwen2.5-32B-Instruct,32000000000,wiki_ja,769,38
wiki_ja: wiki_ja: ところが、係り結びの形式化とともに、上に係助詞がないのに文末を連体形止め（「対面する。,0.7,470,1773642298.829581,2026-03-16T07:24:58.829592,0.3840806484222412,0.43460988998413086,Qwen2.5-32B-Instruct,32000000000,wiki_ja,770,38
wiki_zh: wiki_zh: 可以根據長篇小說、中篇小說、短篇小說等主要形式進一步區分；,1.0,482,1773642345.2265785,2026-03-16T07:25:45.226589,0.40928220748901367,0.44932830333709717,Qwen2.5-32B-Instruct,32000000000,wiki_zh,771,38
wiki_ja: wiki_ja: 英語の場合、『オックスフォード英語辞典』第2版では、半分以上が名詞、約4分の1が形容詞、約7分の1が動詞ということであり、英語との比較の上からは、日本語の形容詞が僅少であることは特徴的といえる。,0.7,432,1773642392.096493,2026-03-16T07:26:32.096502,0.35638004541397095,0.44472217559814453,Qwen2.5-32B-Instruct,32000000000,wiki_ja,772,38
wiki_ar: wiki_ar: كما يتطلّب الأمر أيضاً تعقيم المياه للتخلّص من المواد الضارّة المنحلّة والميكروبات وذلك باستخدام كلورة المياه أو أساليب أخرى.,0.7,466,1773642438.831323,2026-03-16T07:27:18.831333,0.40304476022720337,0.45760104060173035,Qwen2.5-32B-Instruct,32000000000,wiki_ar,773,38
wiki_ja: wiki_ja: 相互理解可能性  1967年の相互理解可能性の調査より、関東地方出身者に最も理解しにくい方言は（琉球諸語と東北方言を除く）、富山県氷見方言（正解率4.1%）、長野県木曽方言（正解率13.3%）、鹿児島方言（正解率17.6%）、岡山県真庭方言（正解率24.7%）だった。,1.0,391,1773642486.2283719,2026-03-16T07:28:06.228382,0.29401981830596924,0.416973739862442,Qwen2.5-32B-Instruct,32000000000,wiki_ja,774,38
wiki_ar: wiki_ar: ما يعمل على تسخين الغاز.,1.0,497,1773642532.6511128,2026-03-16T07:28:52.651123,0.4279143512248993,0.4535546600818634,Qwen2.5-32B-Instruct,32000000000,wiki_ar,775,38
wiki_zh: wiki_zh: 应用文是針對特定需求而有的文體，例如公告、廣告等。,0.7,485,1773642579.1838622,2026-03-16T07:29:39.183872,0.41135546565055847,0.4475328326225281,Qwen2.5-32B-Instruct,32000000000,wiki_zh,776,38
"wiki_pl: wiki_pl: Rozszczepienie jądra atomowego to odwrotny proces, w którym ciężkie jądro rozpada się na dwa lżejsze.",1.3,469,1773642625.898977,2026-03-16T07:30:25.898987,0.4062843918800354,0.4567308723926544,Qwen2.5-32B-Instruct,32000000000,wiki_pl,777,38
wiki_zh: wiki_zh: 中世纪的哲学家包括基督教学者希波的奥古斯丁、波爱修斯、安瑟倫、、皮埃尔·阿伯拉尔、罗吉尔·培根、圣文德、托马斯·阿奎那、邓斯·司各脱、奥卡姆的威廉和让·布里丹等；,1.0,431,1773642672.6066272,2026-03-16T07:31:12.606640,0.35509949922561646,0.4408581554889679,Qwen2.5-32B-Instruct,32000000000,wiki_zh,778,38
wiki_ar: wiki_ar: وذلك للتأثير المباشر على الغطاء النباتي.,1.3,494,1773642719.3074708,2026-03-16T07:31:59.307487,0.4279753565788269,0.45546233654022217,Qwen2.5-32B-Instruct,32000000000,wiki_ar,779,38
wiki_ja: wiki_ja: どの世代の人も、若い間だけ使う言葉。,1.0,491,1773642765.8760037,2026-03-16T07:32:45.876013,0.41405490040779114,0.44463515281677246,Qwen2.5-32B-Instruct,32000000000,wiki_ja,780,39
wiki_zh: wiki_zh: 文言文，常指非八股文的文體。,1.3,490,1773642812.2424526,2026-03-16T07:33:32.242462,0.3852127492427826,0.4184945523738861,Qwen2.5-32B-Instruct,32000000000,wiki_zh,781,39
wiki_ja: wiki_ja: 抽象記号には文字表現と非文字表現（積分記号やト音記号など）があり、文字表現は言語表現と文字記号に分けられる。,1.0,464,1773642858.9384825,2026-03-16T07:34:18.938492,0.39156895875930786,0.44730696082115173,Qwen2.5-32B-Instruct,32000000000,wiki_ja,782,39
wiki_ar: wiki_ar: تمتاز بعض المعابر المائية بموقع إستراتيجي يمنحها أهمّيّة تجاريّة كبيرة مثل قناة السويس وقناة بنما.,1.3,469,1773642905.5000095,2026-03-16T07:35:05.500019,0.404083251953125,0.4542442262172699,Qwen2.5-32B-Instruct,32000000000,wiki_ar,783,39
"wiki_pl: wiki_pl: Masa spoczynkowa atomów wyrażana jest często w jednostkach atomowych (u), zdefiniowanych jako 1/12 masy atomu 12C, czyli około 1,66 kg.",1.0,450,1773642952.0809999,2026-03-16T07:35:52.081009,0.39457449316978455,0.46312007308006287,Qwen2.5-32B-Instruct,32000000000,wiki_pl,784,39
wiki_ar: wiki_ar: ويؤثّر ذلك في تشكيل الصدوع،,0.7,492,1773642998.5818124,2026-03-16T07:36:38.581821,0.4405233860015869,0.4696942865848541,Qwen2.5-32B-Instruct,32000000000,wiki_ar,785,39
wiki_ar: wiki_ar: ولم يقتصر الأمر على الأرض وحدها بل اعتقد أنّ كلّ الأشياء مصنوعة من الماء.,0.7,477,1773643045.2317815,2026-03-16T07:37:25.231790,0.436138778924942,0.47899070382118225,Qwen2.5-32B-Instruct,32000000000,wiki_ar,786,39
wiki_ar: wiki_ar: وإذا لم يتمّ صرف ماء الأرض تصبح مشبّعة بالماء.,1.3,488,1773643091.85393,2026-03-16T07:38:11.853939,0.44141414761543274,0.47353923320770264,Qwen2.5-32B-Instruct,32000000000,wiki_ar,787,39
wiki_ar: wiki_ar: وقد فسّر العلماء هذا بأنّ الله جعل الماء سبباً للحياة.,1.0,484,1773643138.449993,2026-03-16T07:38:58.450002,0.42917099595069885,0.464834600687027,Qwen2.5-32B-Instruct,32000000000,wiki_ar,788,39
wiki_zh: wiki_zh: 早期近代哲学的大致结束通常被确定为伊曼努尔·康德的试图限定形而上学范围、证明科学知识并用道德和自由来调和两者的体系。,0.7,463,1773643184.786984,2026-03-16T07:39:44.786993,0.3783123195171356,0.434776246547699,Qwen2.5-32B-Instruct,32000000000,wiki_zh,789,39
wiki_ja: wiki_ja: 表日本方言は共通語に近い音韻体系を持つ。,1.3,487,1773643231.490209,2026-03-16T07:40:31.490219,0.4075077474117279,0.4420205056667328,Qwen2.5-32B-Instruct,32000000000,wiki_ja,790,39
"wiki_pl: wiki_pl: Jeśli wartość konkretnego elementu ARGV jest pusta (""""), to awk ją pomija.",0.7,482,1773643278.0571463,2026-03-16T07:41:18.057155,0.41938692331314087,0.4580785632133484,Qwen2.5-32B-Instruct,32000000000,wiki_pl,791,39
wiki_ar: wiki_ar: كما ينبغي توخّي الحذر من حدوث انفجارات بسبب غاز الهيدروجين الناتج عن تفكّك الماء،,1.3,473,1773643324.9793327,2026-03-16T07:42:04.979353,0.3967134952545166,0.444266676902771,Qwen2.5-32B-Instruct,32000000000,wiki_ar,792,39
wiki_ar: wiki_ar: يمكن أن يؤدّي الجريان إلى تعرية البيئة المحيطة ممّا يؤدّي إلى تشكيل الوديان أو مناطق جغرافية مميّزة وخصبة مثل الدلتا على سبيل المثال.,1.0,450,1773643372.1629126,2026-03-16T07:42:52.162929,0.3743979334831238,0.4421013593673706,Qwen2.5-32B-Instruct,32000000000,wiki_ar,793,39
wiki_pl: wiki_pl: Początki naukowej teorii atomu   Jakob Hermann w 1716 roku w dziele Phoronomia opisał gaz jako składający się z cząsteczek poruszających się z różnymi prędkościami.,0.7,443,1773643419.1648252,2026-03-16T07:43:39.164835,0.37420251965522766,0.4499494731426239,Qwen2.5-32B-Instruct,32000000000,wiki_pl,794,39
wiki_zh: wiki_zh: 罗素和摩尔发动了分析运动，由此形成分析哲学的雏形。,1.0,484,1773643465.5350316,2026-03-16T07:44:25.535040,0.42617523670196533,0.46151819825172424,Qwen2.5-32B-Instruct,32000000000,wiki_zh,795,39
wiki_zh: wiki_zh: 他还将伦理学划归到这个领域，从而在伦理学理论和对思想的理解中提出重要的路线。,1.3,479,1773643511.9244337,2026-03-16T07:45:11.924444,0.3958243727684021,0.4374329447746277,Qwen2.5-32B-Instruct,32000000000,wiki_zh,796,39
wiki_zh: wiki_zh: 即是，包含在命题里的要比包含在原是概念的定义要多得多。,1.3,484,1773643558.15971,2026-03-16T07:45:58.159720,0.4027637839317322,0.4405222535133362,Qwen2.5-32B-Instruct,32000000000,wiki_zh,797,39
wiki_ar: wiki_ar: يحدث الفيضان عندما تهطل كمّيّة كبيرة من الأمطار الغزيرة على أراضي منبسطة،,0.7,476,1773643605.0516386,2026-03-16T07:46:45.051648,0.41002801060676575,0.45391902327537537,Qwen2.5-32B-Instruct,32000000000,wiki_ar,798,39
wiki_ar: wiki_ar: كما يسهم الماء في حدوث عمليّات التجوية الكيميائيّة والفيزيائيّة.,1.3,479,1773643651.8005853,2026-03-16T07:47:31.800595,0.4040604531764984,0.4454083740711212,Qwen2.5-32B-Instruct,32000000000,wiki_ar,799,39
wiki_pl: wiki_pl: Główną rolę odgrywa jednak spin.,0.7,495,1773643698.1797848,2026-03-16T07:48:18.179796,0.44020265340805054,0.46582791209220886,Qwen2.5-32B-Instruct,32000000000,wiki_pl,800,40
wiki_zh: wiki_zh: 它的旁系包括反斯大林的托洛茨基及其追随者的马克思主义、毛泽东的马克思列宁主义和其他第三世界马克思主义。,1.0,471,1773643744.5316498,2026-03-16T07:49:04.531661,0.39916256070137024,0.44855234026908875,Qwen2.5-32B-Instruct,32000000000,wiki_zh,801,40
"wiki_ja: wiki_ja: この場合 A, B がともに真ならば X も真、それ以外は偽である。",0.7,481,1773643791.0369523,2026-03-16T07:49:51.036962,0.4282953143119812,0.4673307240009308,Qwen2.5-32B-Instruct,32000000000,wiki_ja,802,40
"wiki_pl: wiki_pl: Kształt i wielkość   Atomy nie mają dokładnie określonych granic, ich rozmiary są określane w sposób umowny, na podstawie odległości pomiędzy sąsiednimi jądrami atomów (promień kowalencyjny), z którymi tworzą wiązania chemiczne.",0.7,427,1773643838.7619586,2026-03-16T07:50:38.761968,0.3579031527042389,0.4497574269771576,Qwen2.5-32B-Instruct,32000000000,wiki_pl,803,40
wiki_ja: wiki_ja: 文化庁の「国語に関する世論調査」では、「言葉遣いが乱れている」と考える人が1977年に7割近くになり、2002年11月から12月の調査では8割となっている。,1.3,446,1773643885.8317018,2026-03-16T07:51:25.831719,0.3651714324951172,0.43661683797836304,Qwen2.5-32B-Instruct,32000000000,wiki_ja,804,40
"wiki_ja: wiki_ja: 同様に、""&"" は英語アルファベットの27番目の文字とされ、アメリカ合衆国やその他の地域でも、子供達はアンパサンドはアルファベットの最後の文字だと教えられていた。",0.7,447,1773643932.9236069,2026-03-16T07:52:12.923617,0.36905333399772644,0.44046375155448914,Qwen2.5-32B-Instruct,32000000000,wiki_ja,805,40
wiki_ar: wiki_ar: كما عثر على نظام تصريف متقن للمياه أيضاً في آثار سكارا براي في إسكتلندا،,1.0,477,1773643979.5821216,2026-03-16T07:52:59.582130,0.41825541853904724,0.46155062317848206,Qwen2.5-32B-Instruct,32000000000,wiki_ar,806,40
wiki_zh: wiki_zh: 从此，哲学、语言和文学三者关系更为紧密，如伽达默尔的“诠释学哲学”和卡西尔的“符号形式的哲学”等，逐步形成解释学。,1.0,461,1773644025.9780831,2026-03-16T07:53:45.978093,0.3762182593345642,0.4343325197696686,Qwen2.5-32B-Instruct,32000000000,wiki_zh,807,40
wiki_zh: wiki_zh: 數學術語亦包括如“同胚”及“可積性”等專有名詞。,1.3,481,1773644072.484851,2026-03-16T07:54:32.484860,0.40998539328575134,0.44957730174064636,Qwen2.5-32B-Instruct,32000000000,wiki_zh,808,40
wiki_pl: wiki_pl: Przypisy  Linki zewnętrzne    Polskie Towarzystwo Alergologiczne  Polskie Towarzystwo Zwalczania Chorób Alergicznych     Specjalności lekarskie,0.7,455,1773644119.3242161,2026-03-16T07:55:19.324226,0.39485597610473633,0.45917922258377075,Qwen2.5-32B-Instruct,32000000000,wiki_pl,809,40
wiki_ar: wiki_ar: والذي كان يتّبع المدرسة الفلسفيّة الأحاديّة (أو الواحدية)،,0.7,482,1773644165.7392719,2026-03-16T07:56:05.739284,0.4124971628189087,0.4508076012134552,Qwen2.5-32B-Instruct,32000000000,wiki_ar,810,40
wiki_pl: wiki_pl: patyki szósty i siódmy wypełnić małymi literami alfabetu łacińskiego.,1.3,479,1773644212.202635,2026-03-16T07:56:52.202645,0.4173705577850342,0.4594321846961975,Qwen2.5-32B-Instruct,32000000000,wiki_pl,811,40
wiki_ja: wiki_ja: とりわけ「見られる」を「見れる」とする語法は、1979年のNHK放送文化研究所「現代人の言語環境調査」で可否の意見が二分するなど、人々の言語習慣の違いを如実に示す典型例となっている。,1.3,438,1773644259.415892,2026-03-16T07:57:39.415898,0.3476894795894623,0.4256514608860016,Qwen2.5-32B-Instruct,32000000000,wiki_ja,812,40
wiki_zh: wiki_zh: 上列观点在桑塔亚那、杜威等人和怀特海的影响下，重新对黑格尔主义进行理解。,1.3,477,1773644305.7682495,2026-03-16T07:58:25.768255,0.3917335569858551,0.43598416447639465,Qwen2.5-32B-Instruct,32000000000,wiki_zh,813,40
wiki_zh: wiki_zh: 實用主義 實用主義產生於19世紀70年代的現代哲學派別，在20世紀的美國成為一種主流思潮。,1.3,468,1773644352.7216318,2026-03-16T07:59:12.721642,0.3664782643318176,0.4183098077774048,Qwen2.5-32B-Instruct,32000000000,wiki_zh,814,40
wiki_pl: wiki_pl: Według tej koncepcji wszystkie fizyczne obiekty posiadają wewnętrzną i zewnętrzną warstwę z mikroskopijnych cząstek.,1.3,469,1773644399.298095,2026-03-16T07:59:59.298105,0.4028514623641968,0.454571932554245,Qwen2.5-32B-Instruct,32000000000,wiki_pl,815,40
"wiki_ar: wiki_ar: 15 كلفن (25 °س) وضغط 100,000 باسكال (1 بار،",0.7,476,1773644445.940088,2026-03-16T08:00:45.940099,0.4118998050689697,0.4562509059906006,Qwen2.5-32B-Instruct,32000000000,wiki_ar,816,40
wiki_zh: wiki_zh: 犹太哲学家迈蒙尼德和吉尔松尼德;还有穆斯林哲学家肯迪、法拉比、海什木、伊本·西那、安薩里、伊本·巴哲、伊本·图费勒、伊本·赫勒敦和伊本·魯世德等。,0.7,432,1773644492.857774,2026-03-16T08:01:32.857780,0.37512829899787903,0.4632090926170349,Qwen2.5-32B-Instruct,32000000000,wiki_zh,817,40
wiki_zh: wiki_zh: 大众文学又名：俗文學、通俗文學）。,1.3,491,1773644538.9744492,2026-03-16T08:02:18.974459,0.4056068956851959,0.438713937997818,Qwen2.5-32B-Instruct,32000000000,wiki_zh,818,40
wiki_ja: wiki_ja: かつて柳田國男はこの点を指摘して「形容詞饑饉」と称した。,1.0,479,1773644585.496049,2026-03-16T08:03:05.496059,0.4079677164554596,0.4490663707256317,Qwen2.5-32B-Instruct,32000000000,wiki_ja,819,40
wiki_ar: wiki_ar: تعرّف المواد الكيميائيّة التي تكون غير قابلة للامتزاج مع الماء (مثل الدهنيّات (الزيوت والشحوم وغيرها) بأنّها كارهة للماء (هيدروفوبيّة).,1.3,449,1773644632.3985598,2026-03-16T08:03:52.398570,0.37949278950691223,0.44935616850852966,Qwen2.5-32B-Instruct,32000000000,wiki_ar,820,41
wiki_pl: wiki_pl: Reguła Pauliego zabrania identycznym fermionom zajmowania jednocześnie tego samego stanu kwantowego.,1.0,478,1773644678.74699,2026-03-16T08:04:38.747000,0.4265601634979248,0.4686415195465088,Qwen2.5-32B-Instruct,32000000000,wiki_pl,821,41
wiki_ar: wiki_ar: الحياة البريّة  يعدّ الماء أساسيّاً وعاملاً محدّداً للإنتاجية في النظم البيئيّة على الأرض،,0.7,468,1773644725.4801974,2026-03-16T08:05:25.480203,0.3885093629360199,0.440804123878479,Qwen2.5-32B-Instruct,32000000000,wiki_ar,822,41
wiki_ja: wiki_ja: 重要なのは、それらをまとめる述語「紹介シタ」の部分である。,0.7,482,1773644771.9383538,2026-03-16T08:06:11.938364,0.42365193367004395,0.46315547823905945,Qwen2.5-32B-Instruct,32000000000,wiki_ja,823,41
wiki_pl: wiki_pl: Demokryt wprowadził słowo átomos (niepodzielny).,1.3,487,1773644818.1021633,2026-03-16T08:06:58.102174,0.4134986400604248,0.44820210337638855,Qwen2.5-32B-Instruct,32000000000,wiki_pl,824,41
wiki_ar: wiki_ar: ففي البلدان ذات المناخ الحارّ يرتفع الطلب اليومي على شرب الماء،,1.3,482,1773644852.1823568,2026-03-16T08:07:32.182367,0.42252734303474426,0.46120351552963257,Qwen2.5-32B-Instruct,32000000000,wiki_ar,825,41
wiki_zh: wiki_zh: 在18世纪时，法国的拉美特利公开宣布唯物主义是唯一的，而百科全书的主编德尼·狄德罗也拒绝承认神的存在。,1.3,466,1773644898.5687914,2026-03-16T08:08:18.568801,0.4009624421596527,0.4573551118373871,Qwen2.5-32B-Instruct,32000000000,wiki_zh,826,41
wiki_zh: wiki_zh: 古希腊-罗马   古希腊-罗马哲学是西方哲学的一个时期，时间为公元前6世纪[约585]到公元6世纪。,1.0,471,1773644945.0469694,2026-03-16T08:09:05.046978,0.40420955419540405,0.4528401494026184,Qwen2.5-32B-Instruct,32000000000,wiki_zh,827,41
wiki_pl: wiki_pl: Przykładowo 14C powstaje w sposób ciągły w górnych warstwach atmosfery w wyniku zderzeń niskoenergetycznych neutronów z jądrami azotu.,1.0,455,1773644991.6651647,2026-03-16T08:09:51.665175,0.3787209987640381,0.44346410036087036,Qwen2.5-32B-Instruct,32000000000,wiki_pl,828,41
"wiki_pl: wiki_pl: Zmieniając te warunki, można wywoływać przejścia między stanem stałym, ciekłym, gazowym i plazmą.",1.0,468,1773645038.228904,2026-03-16T08:10:38.228915,0.4081898331642151,0.4605775475502014,Qwen2.5-32B-Instruct,32000000000,wiki_pl,829,41
wiki_zh: wiki_zh: 不过他基本认同笛卡尔的二元论。,1.0,492,1773645084.1407397,2026-03-16T08:11:24.140749,0.4106484353542328,0.44086381793022156,Qwen2.5-32B-Instruct,32000000000,wiki_zh,830,41
wiki_ja: wiki_ja: この録音調査には、柳田邦夫、東条操、岩淵悦太郎、金田一春彦など言語学者らが指導にあたった。,1.3,462,1773645130.8131769,2026-03-16T08:12:10.813186,0.37468114495277405,0.43244367837905884,Qwen2.5-32B-Instruct,32000000000,wiki_ja,831,41
"wiki_pl: wiki_pl: norma ISO 8859, rozszerzenia firm IBM lub Microsoft) nazywanych stronami kodowymi.",1.3,478,1773645177.4079123,2026-03-16T08:12:57.407924,0.3962016701698303,0.4406740069389343,Qwen2.5-32B-Instruct,32000000000,wiki_pl,832,41
wiki_ja: wiki_ja: 一方、明治・大正から昭和戦前期にかけて、日本人がアメリカ・カナダ・メキシコ・ブラジル・ペルーなどに多数移民し、日系人社会が築かれた。,0.7,452,1773645224.1101336,2026-03-16T08:13:44.110146,0.3644779920578003,0.42956921458244324,Qwen2.5-32B-Instruct,32000000000,wiki_ja,833,41
wiki_zh: wiki_zh: 像元曲、京剧、昆剧都屬於這個部份。,1.3,489,1773645270.4736147,2026-03-16T08:14:30.473625,0.4130200147628784,0.44472381472587585,Qwen2.5-32B-Instruct,32000000000,wiki_zh,834,41
"wiki_pl: wiki_pl: Gdy światło o ciągłym widmie przechodzi przez gaz lub plazmę, niektóre fotony zostają pochłonięte przez atomy, wywołując przejścia elektronów między poziomami energetycznymi.",0.7,446,1773645317.639744,2026-03-16T08:15:17.639755,0.3694405257701874,0.4436514377593994,Qwen2.5-32B-Instruct,32000000000,wiki_pl,835,41
"wiki_pl: wiki_pl: Wynika on z tego, że orbitale, które w przypadku braku zewnętrznego pola mają takie same poziomy energetyczne, mogą się różnić energiami, gdy pojawi się takie pole.",0.7,458,1773645364.424596,2026-03-16T08:16:04.424607,0.39010706543922424,0.4518202245235443,Qwen2.5-32B-Instruct,32000000000,wiki_pl,836,41
wiki_zh: wiki_zh: 著名的文艺复兴时期的柏拉图主义者包括库萨的尼古拉，还有之后的马尔西利奥·费奇诺和若望·皮科·德拉·米蘭多拉。,1.0,458,1773645410.8300223,2026-03-16T08:16:50.830032,0.3785794973373413,0.4392748475074768,Qwen2.5-32B-Instruct,32000000000,wiki_zh,837,41
wiki_zh: wiki_zh: 人文主义者的哲学兴趣跟随彼特拉克转移到造物主与其美德上，替代了中世纪时对形而上学和逻辑学的兴趣。,1.3,471,1773645456.9988449,2026-03-16T08:17:36.998853,0.3770352602005005,0.42856115102767944,Qwen2.5-32B-Instruct,32000000000,wiki_zh,838,41
wiki_ar: wiki_ar: ولكن الوصول إليها يعطّل بسبب سوء الإدارة والفساد.,0.7,491,1773645503.950164,2026-03-16T08:18:23.950180,0.4425048828125,0.47144901752471924,Qwen2.5-32B-Instruct,32000000000,wiki_ar,839,41
wiki_zh: wiki_zh: 西方的戲劇許多都伴隨著音樂和舞蹈，例如歌劇及音樂劇，古希腊戏剧是目前已知最早期的西方戲劇，有悲劇、喜劇、悲喜劇等。,1.0,458,1773645550.4992647,2026-03-16T08:19:10.499275,0.37409597635269165,0.43411728739738464,Qwen2.5-32B-Instruct,32000000000,wiki_zh,840,42
wiki_ar: wiki_ar: وأحياناً أخرى على هيئة ضباب أو ندى،,1.0,492,1773645597.0748265,2026-03-16T08:19:57.074836,0.4284014403820038,0.45824819803237915,Qwen2.5-32B-Instruct,32000000000,wiki_ar,841,42
wiki_ja: wiki_ja: 仮名遣いについては、鎌倉時代の初め頃に藤原定家がこれを問題とし、定家はその著作『下官集』において、仮名遣いの基準を前代の平安時代末期の草子類の仮名表記に求め、規範を示そうとした。,1.0,427,1773645644.446696,2026-03-16T08:20:44.446704,0.32598787546157837,0.41396769881248474,Qwen2.5-32B-Instruct,32000000000,wiki_ja,842,42
wiki_ar: wiki_ar: تحمل ذرّة الأكسجين شحنة سالبة جزئية؛,1.0,486,1773645691.0429604,2026-03-16T08:21:31.042970,0.4103517532348633,0.4461817741394043,Qwen2.5-32B-Instruct,32000000000,wiki_ar,843,42
wiki_pl: wiki_pl: Zmienne wbudowane  Zmienne wbudowane w AWK to m.in.,1.0,486,1773645737.5183878,2026-03-16T08:22:17.518397,0.42006850242614746,0.4553697407245636,Qwen2.5-32B-Instruct,32000000000,wiki_pl,844,42
wiki_ja: wiki_ja: また、江戸時代には、蘭学などの興隆とともに、「アルコール」「エレキ」「ガラス」「コーヒー」「ソーダ」「ドンタク」などのオランダ語が伝えられた。,0.7,456,1773645784.5542016,2026-03-16T08:23:04.554211,0.3666810095310211,0.4282880127429962,Qwen2.5-32B-Instruct,32000000000,wiki_ja,845,42
wiki_ja: wiki_ja: しかし、おおむね、日本海側は新潟県西端の糸魚川市、太平洋側は静岡県浜名湖が境界線（糸魚川・浜名湖線）とされることが多い。,0.7,452,1773645831.537062,2026-03-16T08:23:51.537072,0.38165149092674255,0.44834503531455994,Qwen2.5-32B-Instruct,32000000000,wiki_ja,846,42
"wiki_pl: wiki_pl: Przykładowo, jądro cyny zawiera 50 protonów, która jest liczbą magiczną dla obu nukleonów, dlatego cyna posiada wyjątkowo dużo trwałych izotopów.",1.3,454,1773645878.3108459,2026-03-16T08:24:38.310856,0.3887685239315033,0.4535522162914276,Qwen2.5-32B-Instruct,32000000000,wiki_pl,847,42
"wiki_pl: wiki_pl: Izotopy okazały się atomami o tej samej liczbie protonów, ale różniącymi się liczbą neutronów w jądrze.",1.3,471,1773645924.9285862,2026-03-16T08:25:24.928594,0.4153195917606354,0.4643198549747467,Qwen2.5-32B-Instruct,32000000000,wiki_pl,848,42
"wiki_pl: wiki_pl: Niewielka liczba nowych atomów powstała w wyniku rozpadów radioaktywnych, a stosunek ich zawartości obecnie pozwala określić wiek Ziemi na podstawie datowania izotopowego.",1.0,450,1773645962.5285487,2026-03-16T08:26:02.528558,0.39337626099586487,0.4624374806880951,Qwen2.5-32B-Instruct,32000000000,wiki_pl,849,42
wiki_pl: wiki_pl: Można je obserwować przez skaningowy mikroskop tunelowy.,1.3,489,1773646009.0144558,2026-03-16T08:26:49.014465,0.4328576326370239,0.4635979235172272,Qwen2.5-32B-Instruct,32000000000,wiki_pl,850,42
wiki_zh: wiki_zh: 文學體裁  中国古典文學分为诗和文，文又分为韵文和散文，中国的抒情诗和文言文最早而比较发达。,0.7,469,1773646055.3688638,2026-03-16T08:27:35.368874,0.3979553282260895,0.44801607728004456,Qwen2.5-32B-Instruct,32000000000,wiki_zh,851,42
wiki_ja: wiki_ja: 名詞のうち、代名詞・数詞を独立させる考え方もある。,1.3,487,1773646102.010487,2026-03-16T08:28:22.010497,0.41707170009613037,0.45040538907051086,Qwen2.5-32B-Instruct,32000000000,wiki_ja,852,42
"wiki_pl: wiki_pl: Fuzja, w której powstaje jądro lżejsze od żelaza – o liczbie nukleonów mniejszej niż 60 – powoduje zwykle wyemitowanie większej ilości energii niż jest potrzebna do jej wywołania.",1.0,444,1773646149.252499,2026-03-16T08:29:09.252509,0.37757423520088196,0.4520246982574463,Qwen2.5-32B-Instruct,32000000000,wiki_pl,853,42
wiki_pl: wiki_pl: Neutrony i protony okazały się być hadronami – cząsteczkami zbudowanymi z kwarków.,1.3,476,1773646195.885302,2026-03-16T08:29:55.885312,0.42371249198913574,0.46721071004867554,Qwen2.5-32B-Instruct,32000000000,wiki_pl,854,42
wiki_zh: wiki_zh: 如同音樂符號一般，現今的數學符號有明確的語法，並且有效地對訊息作編碼，這是其他書寫方式難以做到的。,1.3,464,1773646242.5525188,2026-03-16T08:30:42.552528,0.4087512791156769,0.465767502784729,Qwen2.5-32B-Instruct,32000000000,wiki_zh,855,42
wiki_zh: wiki_zh: 早期近代哲学的大致结束通常被确定为伊曼努尔·康德的试图限定形而上学范围、证明科学知识并用道德和自由来调和两者的体系。,1.3,463,1773646288.7942889,2026-03-16T08:31:28.794299,0.35391858220100403,0.40999388694763184,Qwen2.5-32B-Instruct,32000000000,wiki_zh,856,42
wiki_zh: wiki_zh: 和摆脱了自然哲学的近代物理学的出现。,1.3,493,1773646334.8449492,2026-03-16T08:32:14.844960,0.39755260944366455,0.42713409662246704,Qwen2.5-32B-Instruct,32000000000,wiki_zh,857,42
wiki_zh: wiki_zh: 對其每一個問題的解答都有著一百萬美元的獎金，而當中只有一個問題（黎曼猜想）和希爾伯特的問題重複。,1.0,465,1773646381.5529191,2026-03-16T08:33:01.552929,0.4030963182449341,0.457809180021286,Qwen2.5-32B-Instruct,32000000000,wiki_zh,858,42
wiki_ja: wiki_ja: 「ぢゃ」は主として上方で用いられ、東国では「だ」が用いられた。,1.3,480,1773646428.6683705,2026-03-16T08:33:48.668379,0.4061640501022339,0.4462624788284302,Qwen2.5-32B-Instruct,32000000000,wiki_ja,859,42
wiki_ja: wiki_ja: （SNSや学生の粗野な文体） 食事を取ってまいりました。,1.3,484,1773646475.4795225,2026-03-16T08:34:35.479533,0.42002180218696594,0.45687711238861084,Qwen2.5-32B-Instruct,32000000000,wiki_ja,860,43
wiki_pl: wiki_pl: Znane są jądra zawierające hiperon Λ0 i Σ−.,0.7,485,1773646522.0362916,2026-03-16T08:35:22.036301,0.4325264096260071,0.4683053493499756,Qwen2.5-32B-Instruct,32000000000,wiki_pl,861,43
wiki_zh: wiki_zh: 但纯粹的文学早在周时就已出现，例如《诗經》。,1.3,486,1773646568.1578076,2026-03-16T08:36:08.157818,0.41002675890922546,0.44577789306640625,Qwen2.5-32B-Instruct,32000000000,wiki_zh,862,43
wiki_ja: wiki_ja: 「ぐんぐん進む」「白い雲」の「ぐんぐん」「白い」はそれぞれ「進む」「雲」の修飾語である。,0.7,468,1773646614.973053,2026-03-16T08:36:54.973063,0.3998557925224304,0.4523635506629944,Qwen2.5-32B-Instruct,32000000000,wiki_ja,863,43
"wiki_pl: wiki_pl: Nie są one przeznaczone do przenoszenia drukowalnych symboli, lecz do sterowania urządzeniem odbierającym dane.",1.0,471,1773646661.521895,2026-03-16T08:37:41.521903,0.4229778051376343,0.47141391038894653,Qwen2.5-32B-Instruct,32000000000,wiki_pl,864,43
wiki_ar: wiki_ar: وتلك خاصّيّة في أصل وجوهر الماء،,1.3,489,1773646708.2100792,2026-03-16T08:38:28.210091,0.39807021617889404,0.43305662274360657,Qwen2.5-32B-Instruct,32000000000,wiki_ar,865,43
wiki_ja: wiki_ja: しかし、おおむね、日本海側は新潟県西端の糸魚川市、太平洋側は静岡県浜名湖が境界線（糸魚川・浜名湖線）とされることが多い。,1.3,452,1773646755.425302,2026-03-16T08:39:15.425313,0.3870793282985687,0.4548463821411133,Qwen2.5-32B-Instruct,32000000000,wiki_ja,866,43
wiki_ar: wiki_ar: كما يمكن التوسّع في مفهوم الإدارة أيضاً بحيث يشمل مراعاة الظروف البيئيّة التي تؤمّن حدوث دورة المياه في الطبيعة ودورة الاستهلاك البشريّة على أفضل وجه.,1.3,448,1773646802.5429766,2026-03-16T08:40:02.542987,0.3643190562725067,0.43303993344306946,Qwen2.5-32B-Instruct,32000000000,wiki_ar,867,43
wiki_ar: wiki_ar: خاصّة أنّه كان أحد الأهداف الإنمائيّة للألفيّة التي وضعتها الأمم المتّحدة.,1.3,473,1773646849.3254166,2026-03-16T08:40:49.325458,0.3948900103569031,0.4426336884498596,Qwen2.5-32B-Instruct,32000000000,wiki_ar,868,43
wiki_ar: wiki_ar: أو السلق على نار هادئة،,0.7,496,1773646895.8517025,2026-03-16T08:41:35.851712,0.4288734793663025,0.4553123116493225,Qwen2.5-32B-Instruct,32000000000,wiki_ar,869,43
wiki_ja: wiki_ja: 「先日、友人と同道して郊外を散策した」というような漢語の多い文章と、「この間、友だちと連れだって町はずれをぶらぶら歩いた」というような和語の多い文章とを、適宜混ぜ合わせ、あるいは使い分けながら文章を綴っている。,1.0,433,1773646942.849293,2026-03-16T08:42:22.849301,0.3441447913646698,0.428480327129364,Qwen2.5-32B-Instruct,32000000000,wiki_ja,870,43
wiki_ja: wiki_ja: 複雑な文字体系を理由に、日本語を特殊とする議論もある。,1.0,483,1773646989.850674,2026-03-16T08:43:09.850695,0.39233189821243286,0.4316425025463104,Qwen2.5-32B-Instruct,32000000000,wiki_ja,871,43
wiki_zh: wiki_zh: 解释学： 研究存在主义的哲学家多采用现象学来解释人类生命和人类条件的问题。,1.3,478,1773647036.6408198,2026-03-16T08:43:56.640829,0.39251601696014404,0.4366622567176819,Qwen2.5-32B-Instruct,32000000000,wiki_zh,872,43
wiki_ar: wiki_ar: ممّا يؤدّي إلى اصطفافها على المستوى الجزيئي ولكن ببنية مفتوحة منتظمة،,1.3,474,1773647084.091657,2026-03-16T08:44:44.091667,0.3859935402870178,0.4325331449508667,Qwen2.5-32B-Instruct,32000000000,wiki_ar,873,43
wiki_ja: wiki_ja: すなわち、動詞の態（特に受け身・使役・可能など。,1.0,483,1773647130.5511684,2026-03-16T08:45:30.551179,0.4233183264732361,0.4619089663028717,Qwen2.5-32B-Instruct,32000000000,wiki_ja,874,43
wiki_ja: wiki_ja: これは、古典語・日常語を網羅し、五十音順に見出しを並べて、品詞・漢字表記・語釈を付した初の近代的な日本語辞書であった。,0.7,456,1773647177.2182927,2026-03-16T08:46:17.218302,0.3773834705352783,0.4424380660057068,Qwen2.5-32B-Instruct,32000000000,wiki_ja,875,43
"wiki_pl: wiki_pl: Ostatnia grupa zawiera pierwiastki, w których powłoka walencyjna jest całkowicie zapełniona elektronami.",1.0,471,1773647223.888201,2026-03-16T08:47:03.888210,0.396349161863327,0.446718692779541,Qwen2.5-32B-Instruct,32000000000,wiki_pl,876,43
wiki_ja: wiki_ja: 『源氏物語』にも、「いみじく」を「いみじう」とするなどのウ音便が多く、また、少数ながら「苦しき」を「苦しい」とするなどのイ音便の例も見出される。,0.7,450,1773647270.9408724,2026-03-16T08:47:50.940877,0.36950236558914185,0.4375365674495697,Qwen2.5-32B-Instruct,32000000000,wiki_ja,877,43
wiki_ja: wiki_ja: 「オジ」「オバ」の子はいずれも「イトコ」の名で呼ばれる。,1.3,482,1773647317.5714295,2026-03-16T08:48:37.571439,0.4115813374519348,0.44960683584213257,Qwen2.5-32B-Instruct,32000000000,wiki_ja,878,43
"wiki_pl: wiki_pl: Kategoryczność  Aksjomatykę nazywamy kategoryczną, jeśli wszystkie jej modele są izomorficzne.",0.7,476,1773647364.1794827,2026-03-16T08:49:24.179492,0.41530391573905945,0.46049463748931885,Qwen2.5-32B-Instruct,32000000000,wiki_pl,879,43
wiki_ar: wiki_ar: مع العلم أنّ أغلب الماء الموجود على سطح الأرض هو على شكل مياه مالحة في المحيطات والبحار،,1.3,473,1773647411.0453835,2026-03-16T08:50:11.045393,0.40570273995399475,0.45187145471572876,Qwen2.5-32B-Instruct,32000000000,wiki_ar,880,44
wiki_zh: wiki_zh: 數學術語亦包括如“同胚”及“可積性”等專有名詞。,1.0,481,1773647457.8372464,2026-03-16T08:50:57.837252,0.400996595621109,0.4417863190174103,Qwen2.5-32B-Instruct,32000000000,wiki_zh,881,44
wiki_zh: wiki_zh: 數學術語亦包括如“同胚”及“可積性”等專有名詞。,0.7,481,1773647504.3701472,2026-03-16T08:51:44.370153,0.4008605182170868,0.44111308455467224,Qwen2.5-32B-Instruct,32000000000,wiki_zh,882,44
"wiki_pl: wiki_pl: Kształt i wielkość   Atomy nie mają dokładnie określonych granic, ich rozmiary są określane w sposób umowny, na podstawie odległości pomiędzy sąsiednimi jądrami atomów (promień kowalencyjny), z którymi tworzą wiązania chemiczne.",1.0,427,1773647551.381486,2026-03-16T08:52:31.381492,0.353679895401001,0.44508275389671326,Qwen2.5-32B-Instruct,32000000000,wiki_pl,883,44
wiki_ar: wiki_ar: تتولّى بلديّات المدن مسؤولية توزيع المياه للاستخدامات المنزليّة أو يمكن أن يتم الأمر عن طريق صهاريج.,1.0,467,1773647598.1560402,2026-03-16T08:53:18.156045,0.3911992013454437,0.44433173537254333,Qwen2.5-32B-Instruct,32000000000,wiki_ar,884,44
wiki_zh: wiki_zh: 在形式上，公理只是一串符號，其只對可以由公理系統導出的公式之內容有意義。,1.0,476,1773647645.1805327,2026-03-16T08:54:05.180542,0.390369176864624,0.43510007858276367,Qwen2.5-32B-Instruct,32000000000,wiki_zh,885,44
"wiki_pl: wiki_pl: Wtedy, jako że zmiennej s nie została nadana żadna wartość, będzie to pusty ciąg.",1.3,479,1773647691.843461,2026-03-16T08:54:51.843471,0.4191553592681885,0.46005281805992126,Qwen2.5-32B-Instruct,32000000000,wiki_pl,886,44
wiki_ja: wiki_ja: 「語彙の増加と品詞」の節も参照。,1.3,488,1773647738.4753764,2026-03-16T08:55:38.475381,0.39431944489479065,0.42910826206207275,Qwen2.5-32B-Instruct,32000000000,wiki_ja,887,44
"wiki_pl: wiki_pl: (Faktyczny katalog może być różny, zależnie od tego jak skompilowano i zainstalowano awk).",1.3,473,1773647785.1215584,2026-03-16T08:56:25.121569,0.41566532850265503,0.46180933713912964,Qwen2.5-32B-Instruct,32000000000,wiki_pl,888,44
wiki_ar: wiki_ar: هناك عدد جيّد من حواضر المدن الكبيرة في العصر الحديث والتي يعود جزء من نجاحها إلى الموقع الجغرافي المائي المميّز،,1.0,464,1773647832.0274441,2026-03-16T08:57:12.027454,0.3926657438278198,0.4477280080318451,Qwen2.5-32B-Instruct,32000000000,wiki_ar,889,44
wiki_ja: wiki_ja: また、当該の語形が外国語にない「パネラー」（パネリストの意）「プレゼンテーター」（プレゼンテーションをする人。,1.0,465,1773647878.7828765,2026-03-16T08:57:58.782886,0.3846157193183899,0.4392024874687195,Qwen2.5-32B-Instruct,32000000000,wiki_ja,890,44
wiki_zh: wiki_zh: 多指象數之學，但有時也含有今天上的數學意義，例如，秦九韶的《數學九章》（《永樂大典》記，即《數書九章》也被宋代周密所著的《癸辛雜識》記爲《數學大略》）、《數學通軌》（明代柯尚遷著）、《数学钥》（清代杜知耕著）、《數學拾遺》（清代丁取忠撰）。,1.3,397,1773647926.0075722,2026-03-16T08:58:46.007581,0.28591206669807434,0.40036824345588684,Qwen2.5-32B-Instruct,32000000000,wiki_zh,891,44
wiki_pl: wiki_pl: Większość znaków sterujących jest dzisiaj przestarzała – zostały one pomyślane głównie dla dalekopisów.,0.7,473,1773647972.9092596,2026-03-16T08:59:32.909265,0.4172007739543915,0.46674245595932007,Qwen2.5-32B-Instruct,32000000000,wiki_pl,892,44
wiki_zh: wiki_zh: 其主要思想体系在19世纪70年代主要由恩格斯创立，20世纪20年代在苏联形成完整体系——辩证唯物主义和历史唯物主义，这个体系在后来的社会主义国家推动下得以发展。,0.7,451,1773648019.6557457,2026-03-16T09:00:19.655751,0.37529340386390686,0.443175345659256,Qwen2.5-32B-Instruct,32000000000,wiki_zh,893,44
wiki_pl: wiki_pl: Pierwiastki cięższe od żelaza powstawały w wyniku eksplozji supernowych poprzez proces r oraz we wnętrzu gwiazd AGB poprzez proces s. Oba te procesy polegają na wychwytywaniu neutronów przez jądra atomowe.,1.3,436,1773648070.3480542,2026-03-16T09:01:10.348063,0.35141974687576294,0.4337809085845947,Qwen2.5-32B-Instruct,32000000000,wiki_pl,894,44
wiki_zh: wiki_zh: 因為文學的範圍很廣，許多文學獎項會依風格、文學類型、語言、國籍及其他特性（例如新進作家或是等）再做分類。,1.3,463,1773648117.7670472,2026-03-16T09:01:57.767055,0.36609506607055664,0.4232997000217438,Qwen2.5-32B-Instruct,32000000000,wiki_zh,895,44
wiki_ar: wiki_ar: فإنّ معظم الماء الموجود في الكون هو نتاج ثانوي لولادة النجوم،,1.3,483,1773648165.056113,2026-03-16T09:02:45.056297,0.40901869535446167,0.4481342136859894,Qwen2.5-32B-Instruct,32000000000,wiki_ar,896,44
"wiki_pl: wiki_pl: Część liczb magicznych dotyczy obu nukleonów, a część odnosi się tylko do jednego z ich rodzajów.",0.7,473,1773648211.625647,2026-03-16T09:03:31.625656,0.4123922288417816,0.46058934926986694,Qwen2.5-32B-Instruct,32000000000,wiki_pl,897,44
wiki_ja: wiki_ja: 古来の伝統的文法に従った文章を文語文、話し言葉を反映した文章を口語文という。,0.7,472,1773648258.457745,2026-03-16T09:04:18.457752,0.3912123739719391,0.43918246030807495,Qwen2.5-32B-Instruct,32000000000,wiki_ja,898,44
wiki_zh: wiki_zh: 對數學基本概念的完善，早在古埃及、美索不达米亚及古印度历史上的古代數學文本便可觀見，而在古希臘那裡有更為嚴謹的處理。,0.7,456,1773648305.2517388,2026-03-16T09:05:05.251744,0.35433462262153625,0.4156539738178253,Qwen2.5-32B-Instruct,32000000000,wiki_zh,899,44
wiki_ar: wiki_ar: وهو يتشكّل عندما يحترق الهيدروجين أو أيّ مركّب حاوٍ عليه بالأكسجين،,1.0,476,1773648352.6400764,2026-03-16T09:05:52.640084,0.40023475885391235,0.44455471634864807,Qwen2.5-32B-Instruct,32000000000,wiki_ar,900,45
wiki_zh: wiki_zh: 这包括苏格拉底被称为蘇格拉底反詰法或“反驳论证”方法的辩证法，他主要用其来检验例如善良和公平正義的关键道德概念。,1.0,462,1773648399.4981775,2026-03-16T09:06:39.498183,0.37477296590805054,0.4320555627346039,Qwen2.5-32B-Instruct,32000000000,wiki_zh,901,45
wiki_ar: wiki_ar: إدارة المياه   يقصد بإدارة المياه المفهوم الشامل المتعلّق بإدارة الموارد المائيّة من حيث التخطيط والتطوير والتوزيع بالشكل الأمثل بشكل يوافق نهج الترشيد في الاستهلاك وأسلوب التعامل مع الأزمات ونقص الموارد وتلوّث المياه.,1.0,433,1773648446.7409647,2026-03-16T09:07:26.740970,0.3488672375679016,0.43294283747673035,Qwen2.5-32B-Instruct,32000000000,wiki_ar,902,45
wiki_ar: wiki_ar: إنّ أوّل ظهور للشكل البدائي للحياة كان في الماء؛,1.3,485,1773648493.9188793,2026-03-16T09:08:13.918884,0.39612504839897156,0.43311020731925964,Qwen2.5-32B-Instruct,32000000000,wiki_ar,903,45
wiki_ja: wiki_ja: 当初漢文は中国語音で読まれたとみられるが、日本語と中国語の音韻体系は相違が大きいため、この方法はやがて廃れ、日本語の文法・語彙を当てはめて訓読されるようになった。,1.3,441,1773648540.9608817,2026-03-16T09:09:00.960896,0.37220171093940735,0.45061591267585754,Qwen2.5-32B-Instruct,32000000000,wiki_ja,904,45
wiki_ja: wiki_ja: 『源氏物語』にも、「いみじく」を「いみじう」とするなどのウ音便が多く、また、少数ながら「苦しき」を「苦しい」とするなどのイ音便の例も見出される。,1.3,450,1773648587.8626099,2026-03-16T09:09:47.862616,0.35473185777664185,0.42252814769744873,Qwen2.5-32B-Instruct,32000000000,wiki_ja,905,45
wiki_ar: wiki_ar: ويقدّر حجمه بحوالي 1338 مليون كم3،,1.0,487,1773648634.698553,2026-03-16T09:10:34.698558,0.4038281738758087,0.43937310576438904,Qwen2.5-32B-Instruct,32000000000,wiki_ar,906,45
wiki_zh: wiki_zh: 斯宾诺莎是笛卡尔之后，又一位著名的唯理论者。,0.7,487,1773648681.1265395,2026-03-16T09:11:21.126544,0.39247867465019226,0.42696690559387207,Qwen2.5-32B-Instruct,32000000000,wiki_zh,907,45
wiki_ar: wiki_ar: كما قاموا ببناء خزّانات من اللِّبْن تدعى باسم «آب انبار».,1.0,478,1773648727.6667151,2026-03-16T09:12:07.666721,0.40128281712532043,0.4444277584552765,Qwen2.5-32B-Instruct,32000000000,wiki_ar,908,45
"wiki_pl: wiki_pl: Neutrony i protony mają podobne średnice, rzędu 2,5 m – jednak z powodu ich wewnętrznej struktury trudno zdefiniować, co jest ich „powierzchnią”.",0.7,453,1773648774.9977713,2026-03-16T09:12:54.997777,0.3990214467048645,0.46704262495040894,Qwen2.5-32B-Instruct,32000000000,wiki_pl,909,45
wiki_ja: wiki_ja: 一方、明治・大正から昭和戦前期にかけて、日本人がアメリカ・カナダ・メキシコ・ブラジル・ペルーなどに多数移民し、日系人社会が築かれた。,1.3,452,1773648821.9443667,2026-03-16T09:13:41.944372,0.374199777841568,0.4401765763759613,Qwen2.5-32B-Instruct,32000000000,wiki_ja,910,45
"wiki_pl: wiki_pl: Na przykład, znak 10 (LF) oznaczający przejście do nowej linii, powoduje przesunięcie papieru w drukarce, a znak 8, czyli Backspace powodował cofnięcie karetki o jedno pole.",0.7,441,1773648868.7318912,2026-03-16T09:14:28.731905,0.3881436586380005,0.468333899974823,Qwen2.5-32B-Instruct,32000000000,wiki_pl,911,45
wiki_ja: wiki_ja: 台湾では先住民の異なる部族同士の会話に日本語が用いられることがあるだけでなく、宜蘭クレオールなど日本語とタイヤル語のクレオール言語も存在している。,1.3,453,1773648915.56202,2026-03-16T09:15:15.562026,0.3657912611961365,0.43035343289375305,Qwen2.5-32B-Instruct,32000000000,wiki_ja,912,45
wiki_ar: wiki_ar: بالإضافة إلى وادي السند في الهند وباكستان،,0.7,494,1773648961.9648435,2026-03-16T09:16:01.964853,0.4297943711280823,0.45819634199142456,Qwen2.5-32B-Instruct,32000000000,wiki_ar,913,45
wiki_ar: wiki_ar: بشكل شبيه بما ورد في القرآن،,1.0,496,1773649008.5154128,2026-03-16T09:16:48.515418,0.4160095453262329,0.44309404492378235,Qwen2.5-32B-Instruct,32000000000,wiki_ar,914,45
wiki_ar: wiki_ar: كما أنّ هناك دلائل على وجوده على سطح المريخ أيضاً ولكن بكمّيّات قليلة.,0.7,476,1773649054.9785178,2026-03-16T09:17:34.978523,0.41679543256759644,0.460834801197052,Qwen2.5-32B-Instruct,32000000000,wiki_ar,915,45
wiki_ar: wiki_ar: يمثّل الماء أمراً جوهرياً فيما يخص أمور النظافة بشكل عام والنظافة الشخصيّة بشكل خاص،,1.3,471,1773649101.866969,2026-03-16T09:18:21.866974,0.3883240222930908,0.4378821849822998,Qwen2.5-32B-Instruct,32000000000,wiki_ar,916,45
wiki_zh: wiki_zh: 这种方法将一个问题分解成一系列的疑问，在对疑问的回答中逐步提取想要找到的答案，其极大影响可以从现在使用的科学方法中看出，在科学方法中假说是第一个阶段。,1.3,463,1773649148.545804,2026-03-16T09:19:08.545810,0.3731098771095276,0.4308488667011261,Qwen2.5-32B-Instruct,32000000000,wiki_zh,917,45
"wiki_pl: wiki_pl: pierwotnych nuklidów, istniejących na Ziemi od jej początków.",1.3,486,1773649195.4498208,2026-03-16T09:19:55.449826,0.4178465008735657,0.4524351954460144,Qwen2.5-32B-Instruct,32000000000,wiki_pl,918,45
wiki_ja: wiki_ja: 名詞のうち、代名詞・数詞を独立させる考え方もある。,0.7,487,1773649242.3790932,2026-03-16T09:20:42.379103,0.4044022262096405,0.44045522809028625,Qwen2.5-32B-Instruct,32000000000,wiki_ja,919,45
wiki_ja: wiki_ja: 今日和語と扱われる「ウメ（梅）」「ウマ（馬）」なども、元々は漢語からの借用語であった可能性もあるが、上古漢字の場合、馬と梅の発音は違う。,0.7,451,1773649289.8625343,2026-03-16T09:21:29.862544,0.3701571822166443,0.43819740414619446,Qwen2.5-32B-Instruct,32000000000,wiki_ja,920,46
"wiki_pl: wiki_pl: Jeśli nazwa pliku, podana opcji -f zawiera znak /, nie jest dokonywane żadne przeszukiwanie ścieżki.",0.7,469,1773649336.5532715,2026-03-16T09:22:16.553281,0.3971753716468811,0.44849687814712524,Qwen2.5-32B-Instruct,32000000000,wiki_pl,921,46
wiki_ja: wiki_ja: 一般に似ているとされる語の中には、日本語からアイヌ語への借用語が多く含まれるとみられる。,0.7,478,1773649383.49893,2026-03-16T09:23:03.498940,0.402198851108551,0.44550952315330505,Qwen2.5-32B-Instruct,32000000000,wiki_ja,922,46
wiki_ar: wiki_ar: الماء في الأرض   يوجد الماء على سطح الأرض في المسطّحات المائيّة والتي يمكن أن تكون على عدّة أشكال طبيعيّة مثل المحيطات والبحار والبحيرات والأنهار والجداول والبرك وغير ذلك،,1.3,443,1773649430.6413622,2026-03-16T09:23:50.641368,0.36546221375465393,0.44055411219596863,Qwen2.5-32B-Instruct,32000000000,wiki_ar,923,46
wiki_ja: wiki_ja: 一方で、カナモジカイのように、数種類の文字体系を使い分けることの不便さを主張する意見も存在する。,0.7,469,1773649477.6482038,2026-03-16T09:24:37.648213,0.39465802907943726,0.44620606303215027,Qwen2.5-32B-Instruct,32000000000,wiki_ja,924,46
wiki_ar: wiki_ar: ولذلك فإنّه بين درجتي الحرارة 3.,0.7,492,1773649524.0523636,2026-03-16T09:25:24.052369,0.42736053466796875,0.4587773084640503,Qwen2.5-32B-Instruct,32000000000,wiki_ar,925,46
wiki_ja: wiki_ja: その根拠として、古代の日本語（大和言葉）において語頭にr音（流音）が立たないこと、一種の母音調和が見られることなどが挙げられる。,1.3,456,1773649570.6457381,2026-03-16T09:26:10.645744,0.37884265184402466,0.44356971979141235,Qwen2.5-32B-Instruct,32000000000,wiki_ja,926,46
wiki_zh: wiki_zh: 希腊化时代  亚里士多德死后，整个哲学界陷入了独立时期，称为希腊化哲学时期。,1.3,476,1773649617.0422447,2026-03-16T09:26:57.042250,0.3968902826309204,0.441778302192688,Qwen2.5-32B-Instruct,32000000000,wiki_zh,927,46
wiki_zh: wiki_zh: 羅存德在literature詞條給了2個義項7個解釋「文，文學，文字，字墨；,1.3,475,1773649663.4834812,2026-03-16T09:27:43.483490,0.37935250997543335,0.4292154014110565,Qwen2.5-32B-Instruct,32000000000,wiki_zh,928,46
wiki_zh: wiki_zh: 斯宾诺莎是笛卡尔之后，又一位著名的唯理论者。,1.0,487,1773649709.4486575,2026-03-16T09:28:29.448668,0.3997271955013275,0.4363057613372803,Qwen2.5-32B-Instruct,32000000000,wiki_zh,929,46
wiki_ar: wiki_ar: 6 مليار نسمة فقط من الحصول على مصدر آمن للماء العذب.,0.7,487,1773649755.7954066,2026-03-16T09:29:15.795416,0.4313870668411255,0.46576783061027527,Qwen2.5-32B-Instruct,32000000000,wiki_ar,930,46
wiki_pl: wiki_pl: Ograniczenie to nie odnosi się do funkcji wbudowanych.,0.7,488,1773649802.1410062,2026-03-16T09:30:02.141016,0.42947086691856384,0.46365320682525635,Qwen2.5-32B-Instruct,32000000000,wiki_pl,931,46
wiki_ar: wiki_ar: الغلاف الجوّي للزهرة بنسبة 0.,1.3,494,1773649848.5904539,2026-03-16T09:30:48.590459,0.4253176152706146,0.4548245370388031,Qwen2.5-32B-Instruct,32000000000,wiki_ar,932,46
wiki_pl: wiki_pl: Interpretacja wartości zmiennej zależy od kontekstu.,1.3,494,1773649895.0070925,2026-03-16T09:31:35.007098,0.4279991090297699,0.456730455160141,Qwen2.5-32B-Instruct,32000000000,wiki_pl,933,46
wiki_zh: wiki_zh: 因此如果以西方的邏輯和知識論等對哲學下定義，中國沒有這些。,1.3,479,1773649941.4344022,2026-03-16T09:32:21.434408,0.38024672865867615,0.4248097538948059,Qwen2.5-32B-Instruct,32000000000,wiki_zh,934,46
wiki_ja: wiki_ja: 小文字  すでに普及した顔文字や絵文字に加え、2006年頃には「小文字」と称される独特の表記法が登場した。,1.3,461,1773649988.199715,2026-03-16T09:33:08.199720,0.3732214868068695,0.43282461166381836,Qwen2.5-32B-Instruct,32000000000,wiki_ja,935,46
"wiki_pl: wiki_pl: Zbiór orbitali posiadających podobny poziom energetyczny nazywany jest powłoką elektronową, a łącznie wszystkie powłoki – chmurą elektronową.",1.3,457,1773650034.849377,2026-03-16T09:33:54.849383,0.38285213708877563,0.446429580450058,Qwen2.5-32B-Instruct,32000000000,wiki_pl,936,46
wiki_zh: wiki_zh: 犹太哲学家迈蒙尼德和吉尔松尼德;还有穆斯林哲学家肯迪、法拉比、海什木、伊本·西那、安薩里、伊本·巴哲、伊本·图费勒、伊本·赫勒敦和伊本·魯世德等。,1.0,432,1773650081.4798138,2026-03-16T09:34:41.479835,0.34618937969207764,0.43117964267730713,Qwen2.5-32B-Instruct,32000000000,wiki_zh,937,46
"wiki_pl: wiki_pl: Przykładowo, jądro cyny zawiera 50 protonów, która jest liczbą magiczną dla obu nukleonów, dlatego cyna posiada wyjątkowo dużo trwałych izotopów.",0.7,454,1773650127.9285812,2026-03-16T09:35:27.928591,0.39829009771347046,0.464697003364563,Qwen2.5-32B-Instruct,32000000000,wiki_pl,938,46
wiki_ja: wiki_ja: 文は、「主語・修飾語・述語」の語順で構成される。,1.3,483,1773650174.4475603,2026-03-16T09:36:14.447565,0.4149954617023468,0.4535771608352661,Qwen2.5-32B-Instruct,32000000000,wiki_ja,939,46
wiki_zh: wiki_zh: “前定和谐”调和了笛卡尔之二元论和斯宾诺莎之实体双重性。,1.3,480,1773650220.8910348,2026-03-16T09:37:00.891052,0.3998068571090698,0.44166848063468933,Qwen2.5-32B-Instruct,32000000000,wiki_zh,940,47
"wiki_pl: wiki_pl: 2 z 1878 roku, pierwszej z klawiszem Shift.",1.3,487,1773650267.6096778,2026-03-16T09:37:47.609698,0.4206627905368805,0.4567471444606781,Qwen2.5-32B-Instruct,32000000000,wiki_pl,941,47
wiki_ar: wiki_ar: أنّ الأرض قد انبثقت من الماء،,1.0,494,1773650314.558979,2026-03-16T09:38:34.558989,0.43373775482177734,0.4610879123210907,Qwen2.5-32B-Instruct,32000000000,wiki_ar,942,47
wiki_zh: wiki_zh: 他们对其在研究人类社会和文化的生活与历史的进路作出修正。,1.0,486,1773650360.8300908,2026-03-16T09:39:20.830101,0.4222734868526459,0.45819997787475586,Qwen2.5-32B-Instruct,32000000000,wiki_zh,943,47
wiki_ar: wiki_ar: كما يستخدم الماء كوسط من أجل التحليل والطلي الكهربائي وفي صناعة البطّاريات.,1.3,478,1773650407.6295114,2026-03-16T09:40:07.629517,0.4151811897754669,0.45891839265823364,Qwen2.5-32B-Instruct,32000000000,wiki_ar,944,47
"wiki_pl: wiki_pl: Dowodząc jakiegoś twierdzenia, należy oprzeć dowód na innych twierdzeniach, które z kolei także należałoby udowodnić i tak dalej.",1.3,458,1773650454.584733,2026-03-16T09:40:54.584742,0.3845619559288025,0.44659480452537537,Qwen2.5-32B-Instruct,32000000000,wiki_pl,945,47
"wiki_pl: wiki_pl: Jeśli nazwa pliku, podana opcji -f zawiera znak /, nie jest dokonywane żadne przeszukiwanie ścieżki.",1.0,469,1773650501.0439427,2026-03-16T09:41:41.043954,0.40295252203941345,0.45278969407081604,Qwen2.5-32B-Instruct,32000000000,wiki_pl,946,47
"wiki_pl: wiki_pl: SOM zmieniono na SOH),  przeniesienie lub usunięcie niektórych znaków kontrolnych (np.",1.0,478,1773650548.0191925,2026-03-16T09:42:28.019202,0.4063791036605835,0.4507352411746979,Qwen2.5-32B-Instruct,32000000000,wiki_pl,947,47
wiki_pl: wiki_pl: Teoria w logice jest zbiorem twierdzeń opisujących pewne relacje między jej pojęciami.,1.0,479,1773650594.6577842,2026-03-16T09:43:14.657790,0.4058837592601776,0.44889557361602783,Qwen2.5-32B-Instruct,32000000000,wiki_pl,948,47
wiki_zh: wiki_zh: 康德  康德给哲学带来了三个标志性的创造：  哲学意义的新规定；,1.3,480,1773650640.5530858,2026-03-16T09:44:00.553096,0.3811996579170227,0.42231735587120056,Qwen2.5-32B-Instruct,32000000000,wiki_zh,949,47
wiki_zh: wiki_zh: 结构主义： 在法国，因亚历山大·科耶夫的影响，使得黑格尔主义对萨特等人形成冲击，当他们研究马克思主义时，这种冲击更加明显。,0.7,463,1773650687.2032626,2026-03-16T09:44:47.203268,0.3841947615146637,0.4422430098056793,Qwen2.5-32B-Instruct,32000000000,wiki_zh,950,47
wiki_ja: wiki_ja: ただしこれも文語であるフスハーと口語であるアーンミーヤに分かれており、アーンミーヤはさらに多数の方言にわかれている。,1.0,462,1773650733.9250684,2026-03-16T09:45:33.925078,0.4040044844150543,0.4636300504207611,Qwen2.5-32B-Instruct,32000000000,wiki_ja,951,47
wiki_pl: wiki_pl: Formalnie aksjomatem może być dowolna niesprzeczna wewnętrznie formuła zdaniowa wyrażona w języku danej teorii.,0.7,466,1773650780.655724,2026-03-16T09:46:20.655730,0.39890342950820923,0.45434117317199707,Qwen2.5-32B-Instruct,32000000000,wiki_pl,952,47
"wiki_pl: wiki_pl: Standard ASCII rozbił znaki ;:, spotykane dotąd na jednym klawiszu, oraz zmienił układ symboli matematycznych (zamiast najczęstszego wariantu -* =+ było :* ;+ -=).",0.7,452,1773650827.419772,2026-03-16T09:47:07.419781,0.3859904706478119,0.45389991998672485,Qwen2.5-32B-Instruct,32000000000,wiki_pl,953,47
wiki_ja: wiki_ja: 基本的に「か行」は 、「さ行」は （ を用いる地方・話者もある）、「た行」は 、「な行」は 、「は行」は 、「ま行」は 、「や行」は 、「だ行」は 、「ば行」は 、「ぱ行」は  を用いる。,1.0,426,1773650874.4846013,2026-03-16T09:47:54.484607,0.3666815161705017,0.4620567262172699,Qwen2.5-32B-Instruct,32000000000,wiki_ja,954,47
wiki_ja: wiki_ja: 」などは、いずれも主語・述語から成り立っている。,1.3,486,1773650921.5162761,2026-03-16T09:48:41.516286,0.4092370271682739,0.44709575176239014,Qwen2.5-32B-Instruct,32000000000,wiki_ja,955,47
wiki_pl: wiki_pl: Największą liczbę stabilnych izotopów (10) ma cyna.,1.3,486,1773650968.42228,2026-03-16T09:49:28.422290,0.4390323758125305,0.4733821749687195,Qwen2.5-32B-Instruct,32000000000,wiki_pl,956,47
wiki_zh: wiki_zh: 当时其他的哲学焦点包括精神的天性和其与身体的关系，新的自然科学对诸如自由意志和神的传统上属于神学的话题的影响，和伦理学和政治哲学的世俗基础 。,1.3,463,1773651014.7935333,2026-03-16T09:50:14.793539,0.38999947905540466,0.4467352330684662,Qwen2.5-32B-Instruct,32000000000,wiki_zh,957,47
wiki_ar: wiki_ar: يبلغ طول الرابطة O-H في جزيء الماء 95.,1.3,488,1773651061.3211575,2026-03-16T09:51:01.321163,0.4385133981704712,0.47126221656799316,Qwen2.5-32B-Instruct,32000000000,wiki_ar,958,47
"wiki_pl: wiki_pl: Ponad 99,9% masy atomu jest zawarte w jego jądrze.",0.7,484,1773651107.5775974,2026-03-16T09:51:47.577607,0.4377816319465637,0.4740249216556549,Qwen2.5-32B-Instruct,32000000000,wiki_pl,959,47
wiki_pl: wiki_pl: Pierwszą prawdziwą aksjomatyką było pięć aksjomatów Euklidesa podanych w Elementach.,0.7,474,1773651154.5306296,2026-03-16T09:52:34.530656,0.4129410982131958,0.46012648940086365,Qwen2.5-32B-Instruct,32000000000,wiki_pl,960,48
wiki_zh: wiki_zh: 他们对其在研究人类社会和文化的生活与历史的进路作出修正。,1.3,486,1773651200.6761773,2026-03-16T09:53:20.676191,0.4327186048030853,0.4672558009624481,Qwen2.5-32B-Instruct,32000000000,wiki_zh,961,48
wiki_zh: wiki_zh: 哲学中的形而上学（英语：metaphysics）的中文名稱取自《易經·繫辭上傳》「形而上者谓之道，形而下者谓之器」一語。,1.3,454,1773651247.4773607,2026-03-16T09:54:07.477374,0.3741705119609833,0.4398157298564911,Qwen2.5-32B-Instruct,32000000000,wiki_zh,962,48
wiki_ja: wiki_ja: 当初は外来音の意識が強かったが、平安時代以降は普段の日本語に用いられるようになったとみられる。,0.7,473,1773651294.5890324,2026-03-16T09:54:54.589046,0.38968023657798767,0.43773961067199707,Qwen2.5-32B-Instruct,32000000000,wiki_ja,963,48
wiki_ja: wiki_ja: 」などは、いずれも主語・述語から成り立っている。,1.0,486,1773651342.1957192,2026-03-16T09:55:42.195725,0.41323986649513245,0.4482623338699341,Qwen2.5-32B-Instruct,32000000000,wiki_ja,964,48
"wiki_pl: wiki_pl: Spowodowało to, że między wielką a małą literą jest tylko jeden bit różnicy (np.",1.0,480,1773651388.9396477,2026-03-16T09:56:28.939656,0.41755107045173645,0.45803263783454895,Qwen2.5-32B-Instruct,32000000000,wiki_pl,965,48
wiki_ar: wiki_ar: في الوقت الحالي يقتصر السفر بواسطة السفن الكبيرة لغرض السياحة،,0.7,485,1773651435.5342846,2026-03-16T09:57:15.534290,0.421367347240448,0.4590865671634674,Qwen2.5-32B-Instruct,32000000000,wiki_ar,966,48
wiki_ja: wiki_ja: 中国語との接触、すなわち漢字の音節構造について学習することにより、日本語の相対的な特徴が意識されるようになった。,1.3,466,1773651482.7686365,2026-03-16T09:58:02.768642,0.4060911536216736,0.45938533544540405,Qwen2.5-32B-Instruct,32000000000,wiki_ja,967,48
wiki_ja: wiki_ja: 」などと問いかけ表現を用いる。,1.0,493,1773651529.2353737,2026-03-16T09:58:49.235379,0.43201878666877747,0.4618989825248718,Qwen2.5-32B-Instruct,32000000000,wiki_ja,968,48
wiki_ja: wiki_ja: 「は行」の子音は、奈良時代以前には  であったとみられる。,1.0,483,1773651576.2417471,2026-03-16T09:59:36.241768,0.42186033725738525,0.4605380594730377,Qwen2.5-32B-Instruct,32000000000,wiki_ja,969,48
wiki_ar: wiki_ar: وأحياناً أخرى على هيئة ضباب أو ندى،,1.3,492,1773651622.5547707,2026-03-16T10:00:22.554781,0.42954251170158386,0.459302693605423,Qwen2.5-32B-Instruct,32000000000,wiki_ar,970,48
wiki_ar: wiki_ar: قد تكون أحياناً مكربنة (فوّارة) بإضافة غاز ثنائي أكسيد الكربون إليها.,0.7,477,1773651669.8708086,2026-03-16T10:01:09.870818,0.39685580134391785,0.44157925248146057,Qwen2.5-32B-Instruct,32000000000,wiki_ar,971,48
wiki_ar: wiki_ar: 5 ليتر من الماء يوميّاً،,1.0,493,1773651716.423253,2026-03-16T10:01:56.423258,0.42821425199508667,0.45664170384407043,Qwen2.5-32B-Instruct,32000000000,wiki_ar,972,48
wiki_ar: wiki_ar: حيث وجد أن خمس تعداد السكان في العالم،,1.0,493,1773651763.167716,2026-03-16T10:02:43.167721,0.4279627203941345,0.4562110900878906,Qwen2.5-32B-Instruct,32000000000,wiki_ar,973,48
"wiki_pl: wiki_pl: Niewielka liczba nowych atomów powstała w wyniku rozpadów radioaktywnych, a stosunek ich zawartości obecnie pozwala określić wiek Ziemi na podstawie datowania izotopowego.",0.7,450,1773651809.9441404,2026-03-16T10:03:29.944146,0.39084136486053467,0.4607904255390167,Qwen2.5-32B-Instruct,32000000000,wiki_pl,974,48
wiki_ja: wiki_ja: ヴォイス）・極性（肯定・否定の決定。,1.3,489,1773651856.303208,2026-03-16T10:04:16.303214,0.43962985277175903,0.47201111912727356,Qwen2.5-32B-Instruct,32000000000,wiki_ja,975,48
wiki_ar: wiki_ar: مثل التخلص من الفضلات على سبيل المثال.,0.7,493,1773651902.618414,2026-03-16T10:05:02.618419,0.4343686103820801,0.46191856265068054,Qwen2.5-32B-Instruct,32000000000,wiki_ar,976,48
wiki_zh: wiki_zh: 应用文是針對特定需求而有的文體，例如公告、廣告等。,1.3,485,1773651949.1547222,2026-03-16T10:05:49.154732,0.40624529123306274,0.44229838252067566,Qwen2.5-32B-Instruct,32000000000,wiki_zh,977,48
wiki_pl: wiki_pl: Pierwszą prawdziwą aksjomatyką było pięć aksjomatów Euklidesa podanych w Elementach.,1.3,474,1773651995.9131315,2026-03-16T10:06:35.913141,0.4041798412799835,0.451802521944046,Qwen2.5-32B-Instruct,32000000000,wiki_pl,978,48
wiki_ar: wiki_ar: مثل المغذّيّات والدهون ونتائج التقويض والهدم الاستقلابي والهرمونات.,1.3,478,1773652043.403206,2026-03-16T10:07:23.403217,0.404926598072052,0.4491269588470459,Qwen2.5-32B-Instruct,32000000000,wiki_ar,979,48
wiki_ar: wiki_ar: أي: وأحيينا بالماء الذي ينزل من السماء كلّ شيء حيّ،,1.0,486,1773652092.2990093,2026-03-16T10:08:12.299019,0.40659329295158386,0.4432961940765381,Qwen2.5-32B-Instruct,32000000000,wiki_ar,980,49
wiki_pl: wiki_pl: Obecnie przyjmuje się go za obowiązujący.,1.3,490,1773652139.3197417,2026-03-16T10:08:59.319752,0.43246006965637207,0.46443063020706177,Qwen2.5-32B-Instruct,32000000000,wiki_pl,981,49
wiki_ar: wiki_ar: التعادل الحمضي: الماء سائل متعادل كيميائيّاً،,1.0,485,1773652186.3035405,2026-03-16T10:09:46.303569,0.4222429692745209,0.45879584550857544,Qwen2.5-32B-Instruct,32000000000,wiki_ar,982,49
wiki_ar: wiki_ar: على شكل جليد  يوجد الماء على شكل جليد في الكون في العديد من الأجرام والكواكب مثل كوكب المريخ وذلك تحت الحطام الصخري وعند القطبين،,1.3,456,1773652235.0099595,2026-03-16T10:10:35.009970,0.370339572429657,0.4346620738506317,Qwen2.5-32B-Instruct,32000000000,wiki_ar,983,49
wiki_ja: wiki_ja: それに対し学校図書だけは、文節/連文節どうしの関係概念を「－語」と呼び、いわゆる成分（文を構成する個々の最大要素）を「－部」と呼んでいる。,1.3,449,1773652285.3547115,2026-03-16T10:11:25.354727,0.3623989522457123,0.43189623951911926,Qwen2.5-32B-Instruct,32000000000,wiki_ja,984,49
wiki_ar: wiki_ar: كما أنّ هناك دلائل على وجوده على سطح المريخ أيضاً ولكن بكمّيّات قليلة.,1.3,476,1773652335.280174,2026-03-16T10:12:15.280188,0.3980378806591034,0.44136127829551697,Qwen2.5-32B-Instruct,32000000000,wiki_ar,985,49
wiki_ar: wiki_ar: بحيث لو أنّها كانت أقرب إلى الشمس أو أبعد منها بنسبة 5% من المسافة الحاليّة (أي حوالي 8 ملايين كم) فإنّ الظروف التي تسمح بوجود الأشكال الثلاثة لن تكون متوفّرة،,0.7,448,1773652382.4945226,2026-03-16T10:13:02.494535,0.39430782198905945,0.4671253561973572,Qwen2.5-32B-Instruct,32000000000,wiki_ar,986,49
"wiki_pl: wiki_pl: Charakterystyczne wartości tych energii, będące różnicami energii poszczególnych orbitali, odpowiadają za występowanie linii spektralnych w widmach liniowych poszczególnych pierwiastków.",1.0,447,1773652430.6784155,2026-03-16T10:13:50.678438,0.37168654799461365,0.4441849887371063,Qwen2.5-32B-Instruct,32000000000,wiki_pl,987,49
wiki_ar: wiki_ar: كما يستخدم الماء كوسط من أجل التحليل والطلي الكهربائي وفي صناعة البطّاريات.,0.7,478,1773652477.7194617,2026-03-16T10:14:37.719475,0.4144614040851593,0.45719942450523376,Qwen2.5-32B-Instruct,32000000000,wiki_ar,988,49
wiki_zh: wiki_zh: 普罗泰戈拉认为是非善恶都是相对于人的感觉而言，而高尔吉亚却认为所有的都是同样的假，这是怀疑论的雏形。,1.0,469,1773652524.3403242,2026-03-16T10:15:24.340336,0.3934487998485565,0.4459657073020935,Qwen2.5-32B-Instruct,32000000000,wiki_zh,989,49
wiki_zh: wiki_zh: 現今的符號使得數學對於專家而言更容易掌握，但初學者卻常對此望而却步。,0.7,475,1773652571.2036335,2026-03-16T10:16:11.203647,0.39321160316467285,0.44209030270576477,Qwen2.5-32B-Instruct,32000000000,wiki_zh,990,49
wiki_ar: wiki_ar: حيث صمّمت النوافير والسبل العامّة.,0.7,491,1773652618.4490602,2026-03-16T10:16:58.449068,0.43352797627449036,0.4646437466144562,Qwen2.5-32B-Instruct,32000000000,wiki_ar,991,49
wiki_zh: wiki_zh: 直到公元529年，罗马皇帝查士丁尼一世尼命令关闭雅典的柏拉图学院。,0.7,477,1773652665.3049972,2026-03-16T10:17:45.305007,0.42961299419403076,0.47316014766693115,Qwen2.5-32B-Instruct,32000000000,wiki_zh,992,49
wiki_ar: wiki_ar: قد تكون أحياناً مكربنة (فوّارة) بإضافة غاز ثنائي أكسيد الكربون إليها.,1.0,477,1773652712.9290078,2026-03-16T10:18:32.929018,0.418696790933609,0.4625929892063141,Qwen2.5-32B-Instruct,32000000000,wiki_ar,993,49
wiki_ar: wiki_ar: يعني مفهوم صناعة المياه تزويد ماء الشرب وخدمات الصرف الصحي (بما في ذلك معالجة الصرف الصحي) إلى المنازل بوسائل مختلفة.,1.3,465,1773652759.9859376,2026-03-16T10:19:19.985943,0.40099701285362244,0.456588476896286,Qwen2.5-32B-Instruct,32000000000,wiki_ar,994,49
wiki_ar: wiki_ar: وقد قدّست التوراة المياه بسبب ما ذكر سلفاً في سفر التكوين عن بداية الخليقة،,1.0,479,1773652806.898084,2026-03-16T10:20:06.898089,0.4021522104740143,0.44454672932624817,Qwen2.5-32B-Instruct,32000000000,wiki_ar,995,49
wiki_ja: wiki_ja: また、[ɯᵝ] という表記も行われる。,0.7,488,1773652853.5979824,2026-03-16T10:20:53.597988,0.40891000628471375,0.4434269368648529,Qwen2.5-32B-Instruct,32000000000,wiki_ja,996,49
"wiki_pl: wiki_pl: Jedynie wodór 1H nie zawiera żadnych neutronów, a jego dodatnio naładowany jon nie zawiera też elektronów.",1.0,470,1773652900.3563316,2026-03-16T10:21:40.356337,0.4102005958557129,0.4602930247783661,Qwen2.5-32B-Instruct,32000000000,wiki_pl,997,49
"wiki_pl: wiki_pl: Rzadkie i teoretyczne atomy  Choć wszystkie nuklidy o liczbie atomowej większej niż 82 (ołów) są radioaktywne, teoretyczne modele przewidują istnienie „wyspy stabilności” – zbioru pierwiastków o liczbach atomowych powyżej 103, które miałyby stosunkowo stabilne izotopy.",1.0,407,1773652947.7299223,2026-03-16T10:22:27.729927,0.3353196084499359,0.44910871982574463,Qwen2.5-32B-Instruct,32000000000,wiki_pl,998,49
wiki_ja: wiki_ja: かつて柳田國男はこの点を指摘して「形容詞饑饉」と称した。,0.7,479,1773652994.4090512,2026-03-16T10:23:14.409057,0.42986705899238586,0.470104843378067,Qwen2.5-32B-Instruct,32000000000,wiki_ja,999,49
wiki_zh: wiki_zh: 前苏格拉底时期的自然派哲學家们多关注自然界，被認為是西方最早的哲學家，不管他們認識以及解释世界的方式是否正確，但是他們的想法之所以有別於迷信的原因在於，這些哲學家是以理性輔佐證據的方式歸納出自然界的现象。,1.3,438,1773653041.208522,2026-03-16T10:24:01.208527,0.3655646741390228,0.44646498560905457,Qwen2.5-32B-Instruct,32000000000,wiki_zh,1000,50
wiki_pl: wiki_pl: Atomy mające nadmiar lub niedomiar elektronów nazywane są jonami.,1.3,484,1773653087.8175743,2026-03-16T10:24:47.817588,0.4326350688934326,0.46896353363990784,Qwen2.5-32B-Instruct,32000000000,wiki_pl,1001,50
wiki_ja: wiki_ja: 当初、その配列はかなり自由であった（ほぼ現在に近い配列が定着したのは室町時代以後）。,0.7,476,1773653134.23126,2026-03-16T10:25:34.231270,0.4032522439956665,0.45046040415763855,Qwen2.5-32B-Instruct,32000000000,wiki_ja,1002,50
"wiki_pl: wiki_pl: Standard ASCII rozbił znaki ;:, spotykane dotąd na jednym klawiszu, oraz zmienił układ symboli matematycznych (zamiast najczęstszego wariantu -* =+ było :* ;+ -=).",1.3,452,1773653180.7823262,2026-03-16T10:26:20.782332,0.38260069489479065,0.4506954252719879,Qwen2.5-32B-Instruct,32000000000,wiki_pl,1003,50
"wiki_pl: wiki_pl: AWK – interpretowany język programowania, którego główną funkcją jest wyszukiwanie i przetwarzanie wzorców w plikach lub strumieniach danych.",1.3,466,1773653227.3118181,2026-03-16T10:27:07.311827,0.41006726026535034,0.4644256830215454,Qwen2.5-32B-Instruct,32000000000,wiki_pl,1004,50
"wiki_pl: wiki_pl: Również kodowanie UTF-8 można uważać za rozszerzenie ASCII, tutaj jednak dodatkowe znaki są kodowane na 2 i więcej bajtach.",1.0,468,1773653273.8968549,2026-03-16T10:27:53.896860,0.4106706976890564,0.4629089832305908,Qwen2.5-32B-Instruct,32000000000,wiki_pl,1005,50
wiki_zh: wiki_zh: 然后提出德的概念，以作为人生行事的方向。,1.0,490,1773653319.6821387,2026-03-16T10:28:39.682144,0.3972212076187134,0.4306894540786743,Qwen2.5-32B-Instruct,32000000000,wiki_zh,1006,50
"wiki_pl: wiki_pl: W 1789 roku Antoine Lavoisier odkrył prawo zachowania masy i zdefiniował pierwiastek chemiczny jako podstawową substancję, która nie może już być rozdzielona metodami chemicznymi.",0.7,447,1773653366.3156984,2026-03-16T10:29:26.315704,0.40184247493743896,0.47475457191467285,Qwen2.5-32B-Instruct,32000000000,wiki_pl,1007,50
wiki_pl: wiki_pl: Poza nimi AWK posiada również inne zmienne:  Tablice  Tablice są indeksowane wyrażeniem ujętym w nawiasy kwadratowe ([]).,1.0,464,1773653412.7987437,2026-03-16T10:30:12.798749,0.4118862748146057,0.4673323333263397,Qwen2.5-32B-Instruct,32000000000,wiki_pl,1008,50
wiki_ar: wiki_ar: إذ أنّ البيئات المائيّة بذلك لن تهبط عند التجمّد إلى القاع إنّما ستطفو على السطح.,1.0,472,1773653459.699781,2026-03-16T10:30:59.699786,0.40486547350883484,0.4531809091567993,Qwen2.5-32B-Instruct,32000000000,wiki_ar,1009,50
wiki_ar: wiki_ar: وهي كمّيّة تقديريّة وسطيّة لتجنّب حدوث الجفاف (6-7 كاسات من الماء يوميّاً).,1.0,464,1773653506.3802056,2026-03-16T10:31:46.380215,0.4005239009857178,0.45667383074760437,Qwen2.5-32B-Instruct,32000000000,wiki_ar,1010,50
wiki_ar: wiki_ar: ممّا يبرز الأهمّيّة الحيويّة له بالنسبة لبقاء البشريّة.,0.7,480,1773653553.2943738,2026-03-16T10:32:33.294384,0.42001453042030334,0.46071046590805054,Qwen2.5-32B-Instruct,32000000000,wiki_ar,1011,50
wiki_ja: wiki_ja: きびだんごを 桃太郎が 犬に やりました。,1.3,483,1773653599.57424,2026-03-16T10:33:19.574245,0.440183162689209,0.47662580013275146,Qwen2.5-32B-Instruct,32000000000,wiki_ja,1012,50
wiki_ja: wiki_ja: 」というときのように、語中語尾に現れる場合は、舌をはじく  もしくは  となる。,1.0,476,1773653646.1362503,2026-03-16T10:34:06.136256,0.4127248525619507,0.45744985342025757,Qwen2.5-32B-Instruct,32000000000,wiki_ja,1013,50
wiki_zh: wiki_zh: 在一战后，舍勒、普莱斯纳和盖伦等采用上述学说，开创了“哲学人类学”。,1.3,476,1773653692.1206105,2026-03-16T10:34:52.120616,0.3815210163593292,0.4272685945034027,Qwen2.5-32B-Instruct,32000000000,wiki_zh,1014,50
wiki_ja: wiki_ja: 1980年代初めのアンケート調査では、「方言を残しておきたい」と回答する者が90%以上に達する結果が出ている。,0.7,465,1773653738.8861647,2026-03-16T10:35:38.886170,0.3947194218635559,0.44965308904647827,Qwen2.5-32B-Instruct,32000000000,wiki_ja,1015,50
wiki_ja: wiki_ja: 「は行」の子音は、奈良時代以前には  であったとみられる。,1.3,483,1773653785.478039,2026-03-16T10:36:25.478052,0.4298222064971924,0.4676089286804199,Qwen2.5-32B-Instruct,32000000000,wiki_ja,1016,50
"wiki_pl: wiki_pl: w perlu), to jednak określa pola bieżącego rekordu.",0.7,487,1773653832.4415808,2026-03-16T10:37:12.441586,0.43209391832351685,0.46587538719177246,Qwen2.5-32B-Instruct,32000000000,wiki_pl,1017,50
wiki_zh: wiki_zh: 巴门尼德提出一个重要的理论：无不能生有，有不能变无，则一切运动变化都是不存在。,1.3,478,1773653878.4398825,2026-03-16T10:37:58.439888,0.401022344827652,0.4425305128097534,Qwen2.5-32B-Instruct,32000000000,wiki_zh,1018,50
wiki_ar: wiki_ar: يستطيع الماء على أساس ذلك أن يشكّل روابط هيدروجينيّة بين جزيئيّة.,1.3,477,1773653925.126792,2026-03-16T10:38:45.126799,0.41941362619400024,0.46289709210395813,Qwen2.5-32B-Instruct,32000000000,wiki_ar,1019,50
wiki_ja: wiki_ja: 『源氏物語』にも、「いみじく」を「いみじう」とするなどのウ音便が多く、また、少数ながら「苦しき」を「苦しい」とするなどのイ音便の例も見出される。,1.0,450,1773653972.1922853,2026-03-16T10:39:32.192290,0.376171737909317,0.44526705145835876,Qwen2.5-32B-Instruct,32000000000,wiki_ja,1020,51
wiki_ar: wiki_ar: تتولّى بلديّات المدن مسؤولية توزيع المياه للاستخدامات المنزليّة أو يمكن أن يتم الأمر عن طريق صهاريج.,0.7,467,1773654019.7842398,2026-03-16T10:40:19.784249,0.4044265151023865,0.4573935270309448,Qwen2.5-32B-Instruct,32000000000,wiki_ar,1021,51
wiki_ja: wiki_ja: ただし、「ふ」は  のままに、「ひ」は  になった。,0.7,486,1773654066.261571,2026-03-16T10:41:06.261577,0.4338516592979431,0.4711562395095825,Qwen2.5-32B-Instruct,32000000000,wiki_ja,1022,51
wiki_ja: wiki_ja: 音韻の面では、母音の「う」を、東日本、北陸、出雲付近では中舌寄りで非円唇母音（唇を丸めない）の  または  で、西日本一般では奥舌で円唇母音の  で発音する。,1.0,432,1773654113.2713313,2026-03-16T10:41:53.271342,0.37503889203071594,0.4625677466392517,Qwen2.5-32B-Instruct,32000000000,wiki_ja,1023,51
wiki_ar: wiki_ar: بالإضافة إلى عمليّة النتح من نباتات اليابسة على شكل بخار ماء إلى الهواء.,1.3,480,1773654159.1970284,2026-03-16T10:42:39.197040,0.41038137674331665,0.4516752064228058,Qwen2.5-32B-Instruct,32000000000,wiki_ar,1024,51
wiki_zh: wiki_zh: 到了16世纪，算术、初等代数以及三角学等初等数学已大体完备。,1.0,478,1773654205.6997688,2026-03-16T10:43:25.699778,0.43788865208625793,0.4799676537513733,Qwen2.5-32B-Instruct,32000000000,wiki_zh,1025,51
wiki_pl: wiki_pl: Procesy zachodzące w gwiazdach z upływem czasu zwiększają ilość pierwiastków cięższych od wodoru i helu.,0.7,467,1773654252.6719315,2026-03-16T10:44:12.671942,0.4179003834724426,0.4717588424682617,Qwen2.5-32B-Instruct,32000000000,wiki_pl,1026,51
wiki_ja: wiki_ja: 接続語  「疲れたので、動けない。,1.3,490,1773654299.1243076,2026-03-16T10:44:59.124318,0.4298402667045593,0.46180862188339233,Qwen2.5-32B-Instruct,32000000000,wiki_ja,1027,51
wiki_ja: wiki_ja: 付属語  付属語も、活用のないものと、活用のあるものとに分けられる。,1.3,478,1773654345.753073,2026-03-16T10:45:45.753083,0.4221281111240387,0.46432623267173767,Qwen2.5-32B-Instruct,32000000000,wiki_ja,1028,51
wiki_ar: wiki_ar: ربّما تزداد الكمّيّة الموصى بها حسب المناخ،,1.3,486,1773654392.2954247,2026-03-16T10:46:32.295430,0.42984870076179504,0.466095894575119,Qwen2.5-32B-Instruct,32000000000,wiki_ar,1029,51
wiki_ja: wiki_ja: 「めし」を「御飯」「ライス」、「やどや」を「旅館」「ホテル」などと称するのはその例である。,0.7,472,1773654439.2186034,2026-03-16T10:47:19.218613,0.39725255966186523,0.4471772313117981,Qwen2.5-32B-Instruct,32000000000,wiki_ja,1030,51
wiki_zh: wiki_zh: 對法律、政治、教育、社會、宗教和藝術的研究產生了很大的影響。,0.7,485,1773654485.8698025,2026-03-16T10:48:05.869813,0.4303852617740631,0.4656136631965637,Qwen2.5-32B-Instruct,32000000000,wiki_zh,1031,51
wiki_ja: wiki_ja: 」などと問いかけ表現を用いる。,0.7,493,1773654532.575329,2026-03-16T10:48:52.575340,0.4335545003414154,0.4625144302845001,Qwen2.5-32B-Instruct,32000000000,wiki_ja,1032,51
"wiki_pl: wiki_pl: W 1922 roku doświadczenie Sterna-Gerlacha pokazało, że kierunek wektora magnetycznego momentu dipolowego atomów jest skwantowany.",0.7,463,1773654579.4844892,2026-03-16T10:49:39.484499,0.4127941131591797,0.47083011269569397,Qwen2.5-32B-Instruct,32000000000,wiki_pl,1033,51
"wiki_pl: wiki_pl: Masa spoczynkowa atomów wyrażana jest często w jednostkach atomowych (u), zdefiniowanych jako 1/12 masy atomu 12C, czyli około 1,66 kg.",1.3,450,1773654626.2785096,2026-03-16T10:50:26.278519,0.39263996481895447,0.4626200497150421,Qwen2.5-32B-Instruct,32000000000,wiki_pl,1034,51
wiki_ar: wiki_ar: بالإضافة إلى وادي السند في الهند وباكستان،,1.0,494,1773654672.8569727,2026-03-16T10:51:12.856983,0.4286855161190033,0.45654621720314026,Qwen2.5-32B-Instruct,32000000000,wiki_ar,1035,51
wiki_ja: wiki_ja: 最古の例は『東大寺諷誦文稿』（9世紀）とされる。,0.7,480,1773654719.7503786,2026-03-16T10:51:59.750384,0.40760791301727295,0.45052820444107056,Qwen2.5-32B-Instruct,32000000000,wiki_ja,1036,51
wiki_pl: wiki_pl: Poza nimi AWK posiada również inne zmienne:  Tablice  Tablice są indeksowane wyrażeniem ujętym w nawiasy kwadratowe ([]).,0.7,464,1773654766.7238097,2026-03-16T10:52:46.723819,0.40759745240211487,0.4636995792388916,Qwen2.5-32B-Instruct,32000000000,wiki_pl,1037,51
wiki_pl: wiki_pl: Symulowanie tablic wielowymiarowych polega na sklejaniu poszczególnych indeksów w unikalny łańcuch.,1.0,470,1773654813.4137156,2026-03-16T10:53:33.413721,0.4052116870880127,0.45632877945899963,Qwen2.5-32B-Instruct,32000000000,wiki_pl,1038,51
wiki_ar: wiki_ar: هناك العديد من الرياضات المائيّة التي تعتمد على الماء لممارستها،,0.7,485,1773654860.337086,2026-03-16T10:54:20.337096,0.42546865344047546,0.4615049660205841,Qwen2.5-32B-Instruct,32000000000,wiki_ar,1039,51
wiki_ja: wiki_ja: また、目の前にあるものを直接指示する場合（現場指示）と、文章の中で前に出た語句を指示する場合（文脈指示）とでも、事情が変わってくる。,1.0,463,1773654907.3565261,2026-03-16T10:55:07.356536,0.409105509519577,0.4662398099899292,Qwen2.5-32B-Instruct,32000000000,wiki_ja,1040,52
wiki_zh: wiki_zh: 數學家將此對語言及邏輯精確性的要求稱為「嚴謹」。,1.3,480,1773654953.7676733,2026-03-16T10:55:53.767698,0.43847933411598206,0.4789445400238037,Qwen2.5-32B-Instruct,32000000000,wiki_zh,1041,52
wiki_zh: wiki_zh: 还有福柯和德里达等法国“后结构主义”等思想。,1.0,485,1773655000.3961756,2026-03-16T10:56:40.396181,0.4268941581249237,0.4622246026992798,Qwen2.5-32B-Instruct,32000000000,wiki_zh,1042,52
"wiki_pl: wiki_pl: Przykłady zastosowań  Hello World  Poniżej znajduje się przykład programu ""Hello world"" napisanego w AWK: BEGIN { print ""Hello, world!""",1.3,463,1773655047.175709,2026-03-16T10:57:27.175719,0.4068605303764343,0.46419504284858704,Qwen2.5-32B-Instruct,32000000000,wiki_pl,1043,52
wiki_zh: wiki_zh: 像元曲、京剧、昆剧都屬於這個部份。,1.0,489,1773655077.1526227,2026-03-16T10:57:57.152628,0.43082675337791443,0.4629766047000885,Qwen2.5-32B-Instruct,32000000000,wiki_zh,1044,52
wiki_ar: wiki_ar: مثل المغذّيّات والدهون ونتائج التقويض والهدم الاستقلابي والهرمونات.,0.7,478,1773655123.8865788,2026-03-16T10:58:43.886584,0.41516759991645813,0.45821523666381836,Qwen2.5-32B-Instruct,32000000000,wiki_ar,1045,52
wiki_ja: wiki_ja: 話者が相手の言うことを理解できる場合には、同一言語、理解できない場合には別言語とする。,0.7,479,1773655170.934287,2026-03-16T10:59:30.934293,0.41615694761276245,0.45811688899993896,Qwen2.5-32B-Instruct,32000000000,wiki_ja,1046,52
"wiki_pl: wiki_pl: Jedynym wzorcem jest BEGIN, więc żadne argumenty z linii komend nie są przetwarzane.",1.3,479,1773655217.7933419,2026-03-16T11:00:17.793352,0.43047040700912476,0.4710623621940613,Qwen2.5-32B-Instruct,32000000000,wiki_pl,1047,52
wiki_pl: wiki_pl: Demokryt wprowadził słowo átomos (niepodzielny).,1.0,487,1773655264.3471951,2026-03-16T11:01:04.347205,0.43066394329071045,0.4654843211174011,Qwen2.5-32B-Instruct,32000000000,wiki_pl,1048,52
wiki_zh: wiki_zh: 亦有著拓撲群的研究，結合了結構與空間。,0.7,488,1773655310.7977266,2026-03-16T11:01:50.797732,0.42398935556411743,0.45787614583969116,Qwen2.5-32B-Instruct,32000000000,wiki_zh,1049,52
"wiki_pl: wiki_pl: Charakterystyczne wartości tych energii, będące różnicami energii poszczególnych orbitali, odpowiadają za występowanie linii spektralnych w widmach liniowych poszczególnych pierwiastków.",0.7,447,1773655357.7881885,2026-03-16T11:02:37.788196,0.39243602752685547,0.4661571979522705,Qwen2.5-32B-Instruct,32000000000,wiki_pl,1050,52
wiki_ar: wiki_ar: تؤثّر المواد المذابة في الماء على النشاط المائي،,1.3,487,1773655404.794081,2026-03-16T11:03:24.794091,0.42909112572669983,0.4643871784210205,Qwen2.5-32B-Instruct,32000000000,wiki_ar,1051,52
wiki_ja: wiki_ja: 「や行」の「え」() の音が古代に存在したことは、「あ行」の「え」の仮名と別の文字で書き分けられていたことから明らかである。,0.7,462,1773655451.5052118,2026-03-16T11:04:11.505217,0.41069847345352173,0.46851658821105957,Qwen2.5-32B-Instruct,32000000000,wiki_ja,1052,52
wiki_pl: wiki_pl: Struktura chmury elektronowej wpływa na chemiczne właściwości atomów i większość ich właściwości magnetycznych.,0.7,471,1773655498.4908984,2026-03-16T11:04:58.490904,0.41828668117523193,0.4680517911911011,Qwen2.5-32B-Instruct,32000000000,wiki_pl,1053,52
wiki_ja: wiki_ja: 第二次世界大戦後は、法律文などの公文書ももっぱら口語文で書かれるようになり、文語文は日常生活の場から遠のいた。,0.7,463,1773655545.2249815,2026-03-16T11:05:45.224987,0.3847995400428772,0.4423452913761139,Qwen2.5-32B-Instruct,32000000000,wiki_ja,1054,52
wiki_ar: wiki_ar: والتي تفيد في معرفة كلفة الاستهلاك مقابل خدمة التمديد.,1.3,484,1773655592.2726336,2026-03-16T11:06:32.272657,0.42629557847976685,0.4626707136631012,Qwen2.5-32B-Instruct,32000000000,wiki_ar,1055,52
wiki_ja: wiki_ja: 金田一京助などによれば、現代日本語の敬語に特徴的なのは次の2点である。,1.0,477,1773655640.3839355,2026-03-16T11:07:20.383942,0.40417301654815674,0.44804006814956665,Qwen2.5-32B-Instruct,32000000000,wiki_ja,1056,52
wiki_zh: wiki_zh: 这之后，从19世纪末期到20世纪初期，马克思的哲学思想才在恩格斯、普列汉诺夫和列宁等人的阐释和补充下，为辩证唯物论和历史唯物论，并形成新的世界观。,1.0,448,1773655687.088614,2026-03-16T11:08:07.088620,0.4022001624107361,0.4739828407764435,Qwen2.5-32B-Instruct,32000000000,wiki_zh,1057,52
wiki_zh: wiki_zh: 至此之后，数学的本质及其地位，一直都是哲学的主要问题之一，数学不受观察和实验造成的不确定性影响，而且是通过纯粹的思想加以理解的。,0.7,470,1773655733.512512,2026-03-16T11:08:53.512522,0.3976331949234009,0.44758501648902893,Qwen2.5-32B-Instruct,32000000000,wiki_zh,1058,52
wiki_zh: wiki_zh: 另一個國際上主要的獎項為阿貝爾獎，創立於2003年。,0.7,480,1773655780.0795832,2026-03-16T11:09:40.079594,0.4224790632724762,0.4629684090614319,Qwen2.5-32B-Instruct,32000000000,wiki_zh,1059,52
wiki_zh: wiki_zh: 新托马斯主义： 而从公元1879年以来教宗利奥十三世颁发教义宣称为“永远的父亲”之后。,1.0,471,1773655826.2489727,2026-03-16T11:10:26.248978,0.41312411427497864,0.4639052748680115,Qwen2.5-32B-Instruct,32000000000,wiki_zh,1060,53
"wiki_pl: wiki_pl: AWK – interpretowany język programowania, którego główną funkcją jest wyszukiwanie i przetwarzanie wzorców w plikach lub strumieniach danych.",1.0,466,1773655872.9410505,2026-03-16T11:11:12.941055,0.4111713171005249,0.46474984288215637,Qwen2.5-32B-Instruct,32000000000,wiki_pl,1061,53
wiki_pl: wiki_pl: Interpretacja wartości zmiennej zależy od kontekstu.,0.7,494,1773655919.2482204,2026-03-16T11:11:59.248226,0.4419395923614502,0.4692128300666809,Qwen2.5-32B-Instruct,32000000000,wiki_pl,1062,53
wiki_ja: wiki_ja: 自立語で活用のあるもののうち、命令形のあるものを動詞、命令形がなく終止・連体形が「い」で終わるものを形容詞（日本語教育では「イ形容詞」）、連体形が「な」で終わるものを形容動詞（日本語教育では「ナ形容詞」）とする。,1.3,429,1773655966.3788962,2026-03-16T11:12:46.378902,0.35754287242889404,0.448513388633728,Qwen2.5-32B-Instruct,32000000000,wiki_ja,1063,53
wiki_zh: wiki_zh: 但使用這些特別符號和專有術語是有其原因的：數學需要比日常用語更多的精確性。,0.7,475,1773656012.8969579,2026-03-16T11:13:32.896966,0.41832706332206726,0.4660160541534424,Qwen2.5-32B-Instruct,32000000000,wiki_zh,1064,53
wiki_pl: wiki_pl: Elektrony na orbitalach najdalszych od jądra mogą przenosić się na inne atomy bądź tworzyć orbitale wokół dwóch i więcej atomów jednocześnie.,1.0,465,1773656059.6110237,2026-03-16T11:14:19.611029,0.40491870045661926,0.4613790214061737,Qwen2.5-32B-Instruct,32000000000,wiki_pl,1065,53
wiki_ar: wiki_ar: كان الفيلسوف اليوناني إيمبيدوكليس أوّل من قدّم مفهوم نظرية العناصر الأربعة التي يتكوّن منها العالم،,0.7,466,1773656106.3377788,2026-03-16T11:15:06.337796,0.4145353138446808,0.46884074807167053,Qwen2.5-32B-Instruct,32000000000,wiki_ar,1066,53
wiki_zh: wiki_zh: 巴门尼德提出一个重要的理论：无不能生有，有不能变无，则一切运动变化都是不存在。,0.7,478,1773656152.4254837,2026-03-16T11:15:52.425489,0.4067435562610626,0.45006880164146423,Qwen2.5-32B-Instruct,32000000000,wiki_zh,1067,53
wiki_zh: wiki_zh: 現今的符號使得數學對於專家而言更容易掌握，但初學者卻常對此望而却步。,1.0,475,1773656198.8984137,2026-03-16T11:16:38.898419,0.417122483253479,0.46431100368499756,Qwen2.5-32B-Instruct,32000000000,wiki_zh,1068,53
wiki_ja: wiki_ja: また、[ɯᵝ] という表記も行われる。,1.3,488,1773656245.544353,2026-03-16T11:17:25.544358,0.4131718873977661,0.45061472058296204,Qwen2.5-32B-Instruct,32000000000,wiki_ja,1069,53
wiki_zh: wiki_zh: 據米哈伊爾·B·塞甫留克（Mikhail B. Sevryuk）於2006年1月的期刊中所說，「存放於數學評論資料庫中論文和書籍的數量自1940年（數學評論的創刊年份）現已超過了一百九十萬份，而且每年還增加超過七萬五千份。,0.7,412,1773656292.4972103,2026-03-16T11:18:12.497216,0.3516629636287689,0.46325743198394775,Qwen2.5-32B-Instruct,32000000000,wiki_zh,1070,53
wiki_ar: wiki_ar: وهو بالتالي أمر حرام نظراً لأنّ الإسلام نهى عن الإفساد في الأرض نهياً قاطعاً.,1.3,476,1773656339.2483556,2026-03-16T11:18:59.248370,0.4199591279029846,0.46644362807273865,Qwen2.5-32B-Instruct,32000000000,wiki_ar,1071,53
"wiki_pl: wiki_pl: Przykładowo protony muszą zderzyć się z energią 3–10 keV, aby przezwyciężyć wzajemne odpychanie i zbliżyć się na tyle, żeby połączyć się w jądro deuteru.",0.7,443,1773656386.3935091,2026-03-16T11:19:46.393523,0.37086111307144165,0.4462911784648895,Qwen2.5-32B-Instruct,32000000000,wiki_pl,1072,53
wiki_zh: wiki_zh: 逻辑实证主义： 一种很注重逻辑的学说，在德摩根、布伦塔诺、迈农和弗雷格等人的努力下，取得了进展。,1.0,466,1773656433.3464644,2026-03-16T11:20:33.346481,0.40547502040863037,0.46089106798171997,Qwen2.5-32B-Instruct,32000000000,wiki_zh,1073,53
wiki_ar: wiki_ar: ربّما تزداد الكمّيّة الموصى بها حسب المناخ،,1.0,486,1773656480.2942123,2026-03-16T11:21:20.294227,0.4062357544898987,0.4430469274520874,Qwen2.5-32B-Instruct,32000000000,wiki_ar,1074,53
wiki_ar: wiki_ar: في المحطّات والمفاعلات النوويّة يستخدم الماء كمهدّئ للنيوترونات وكمادّة تبريد في نفس الوقت.,1.3,469,1773656527.3757246,2026-03-16T11:22:07.375730,0.395036906003952,0.4464794397354126,Qwen2.5-32B-Instruct,32000000000,wiki_ar,1075,53
wiki_zh: wiki_zh: 數學家將此對語言及邏輯精確性的要求稱為「嚴謹」。,0.7,480,1773656574.075764,2026-03-16T11:22:54.075773,0.4032677114009857,0.4442857801914215,Qwen2.5-32B-Instruct,32000000000,wiki_zh,1076,53
wiki_ar: wiki_ar: مثل المغذّيّات والدهون ونتائج التقويض والهدم الاستقلابي والهرمونات.,1.0,478,1773656620.8504353,2026-03-16T11:23:40.850440,0.4184100329875946,0.46056440472602844,Qwen2.5-32B-Instruct,32000000000,wiki_ar,1077,53
wiki_pl: wiki_pl: Takich aksjomatyk zatem nie stosuje się.,1.0,492,1773656667.5096498,2026-03-16T11:24:27.509654,0.431234210729599,0.46053197979927063,Qwen2.5-32B-Instruct,32000000000,wiki_pl,1078,53
wiki_ja: wiki_ja: 活用形と種類   名詞が格助詞を伴ってさまざまな格を示すのに対し、用言（動詞・形容詞・形容動詞）および助動詞は、語尾を変化させることによって、文中のどの成分を担っているかを示したり、時制・相などの情報や文の切れ続きの別などを示したりする。,1.3,419,1773656714.6369276,2026-03-16T11:25:14.636933,0.32771483063697815,0.42339786887168884,Qwen2.5-32B-Instruct,32000000000,wiki_ja,1079,53
wiki_ja: wiki_ja: 音韻論上、「コーヒー」「ひいひい」など、「ー」や「あ行」の仮名で表す長音という単位が存在する（音素記号では ）。,0.7,457,1773656761.3454099,2026-03-16T11:26:01.345415,0.3696611821651459,0.4311262369155884,Qwen2.5-32B-Instruct,32000000000,wiki_ja,1080,54
wiki_zh: wiki_zh: 在當代，中國哲學仍然在亞洲文化扮演一定作用，但是學理上仍在爭辯中國哲學是否應歸為哲學。,1.0,470,1773656807.8955715,2026-03-16T11:26:47.895581,0.3770664632320404,0.4271489381790161,Qwen2.5-32B-Instruct,32000000000,wiki_zh,1081,54
wiki_pl: wiki_pl: Gluony są bozonami cechowania – podstawowymi cząstkami przenoszącymi oddziaływania fizyczne.,0.7,473,1773656854.4231222,2026-03-16T11:27:34.423132,0.40674716234207153,0.4552365243434906,Qwen2.5-32B-Instruct,32000000000,wiki_pl,1082,54
wiki_zh: wiki_zh: 分支  主分支  哲學可以分为很多不同的分支，主要包括形而上學、知識論、倫理學、邏輯學和美學。,1.3,467,1773656901.0656512,2026-03-16T11:28:21.065664,0.3912830352783203,0.4430379569530487,Qwen2.5-32B-Instruct,32000000000,wiki_zh,1083,54
"wiki_pl: wiki_pl: Przyporządkowuje liczbom z zakresu 0−127: litery alfabetu łacińskiego języka angielskiego, cyfry, znaki przestankowe i inne symbole oraz polecenia sterujące.",1.3,449,1773656947.9186764,2026-03-16T11:29:07.918697,0.3837558925151825,0.45477116107940674,Qwen2.5-32B-Instruct,32000000000,wiki_pl,1084,54
wiki_ja: wiki_ja: これは、言語能力は人間に生得のものであるという考えを裏付けるものとなった。,0.7,481,1773656994.372961,2026-03-16T11:29:54.372966,0.4233526289463043,0.4623063802719116,Qwen2.5-32B-Instruct,32000000000,wiki_ja,1085,54
wiki_ja: wiki_ja: 英首相グラッドストンの造語という）などの語例がまれにある。,1.0,485,1773657041.1493733,2026-03-16T11:30:41.149378,0.4216642677783966,0.457314133644104,Qwen2.5-32B-Instruct,32000000000,wiki_ja,1086,54
wiki_ar: wiki_ar: بالإضافة إلى استخدامه في قضاء الحاجات المنزليّة الأساسيّة فيما يخصّ الطبخ والنظافة الخاصّة والاستحمام.,1.3,473,1773657087.8139362,2026-03-16T11:31:27.813958,0.403576135635376,0.4507635831832886,Qwen2.5-32B-Instruct,32000000000,wiki_ar,1087,54
wiki_pl: wiki_pl: Demokryt wprowadził słowo átomos (niepodzielny).,0.7,487,1773657134.2061317,2026-03-16T11:32:14.206144,0.41841956973075867,0.45360255241394043,Qwen2.5-32B-Instruct,32000000000,wiki_pl,1088,54
wiki_zh: wiki_zh: 铁器时代的荷马史詩及以較晚一些的有較多有關作者的資訊，而許多的神話則是用口頭傳播的方式流傳下來。,0.7,464,1773657180.7968993,2026-03-16T11:33:00.796905,0.3589036464691162,0.4144041836261749,Qwen2.5-32B-Instruct,32000000000,wiki_zh,1089,54
wiki_zh: wiki_zh: 由皮尔士和詹姆士等思想家开创了实用主义运动，对“人类行动、利益和目的作出实际考虑”。,0.7,475,1773657226.9683673,2026-03-16T11:33:46.968373,0.40268784761428833,0.44973817467689514,Qwen2.5-32B-Instruct,32000000000,wiki_zh,1090,54
wiki_ar: wiki_ar: في المحطّات والمفاعلات النوويّة يستخدم الماء كمهدّئ للنيوترونات وكمادّة تبريد في نفس الوقت.,0.7,469,1773657273.6489387,2026-03-16T11:34:33.648949,0.3981087803840637,0.44988200068473816,Qwen2.5-32B-Instruct,32000000000,wiki_ar,1091,54
wiki_ar: wiki_ar: كما يستخدم أيضاً كمادّة حراريّة ناقلة في أبراج التبريد.,0.7,483,1773657320.3143826,2026-03-16T11:35:20.314392,0.40928590297698975,0.44865304231643677,Qwen2.5-32B-Instruct,32000000000,wiki_ar,1092,54
wiki_ar: wiki_ar: صفحة بيانات المياه في العالم.,1.0,500,1773657366.8029745,2026-03-16T11:36:06.802986,0.4297826588153839,0.4516223669052124,Qwen2.5-32B-Instruct,32000000000,wiki_ar,1093,54
wiki_ja: wiki_ja: 相互理解可能性  1967年の相互理解可能性の調査より、関東地方出身者に最も理解しにくい方言は（琉球諸語と東北方言を除く）、富山県氷見方言（正解率4.1%）、長野県木曽方言（正解率13.3%）、鹿児島方言（正解率17.6%）、岡山県真庭方言（正解率24.7%）だった。,1.3,391,1773657414.257505,2026-03-16T11:36:54.257515,0.2990257143974304,0.42287296056747437,Qwen2.5-32B-Instruct,32000000000,wiki_ja,1094,54
wiki_ja: wiki_ja: 鎌倉市立腰越小学校では、1960年代に、「ネサヨ運動」と称して、語尾に「〜ね」「〜さ」「〜よ」など関東方言特有の語尾をつけないようにしようとする運動が始められた。,1.0,445,1773657461.125524,2026-03-16T11:37:41.125530,0.3547014594078064,0.4254154860973358,Qwen2.5-32B-Instruct,32000000000,wiki_ja,1095,54
wiki_ar: wiki_ar: ازدادت أهمّيّة الوعي حول الترشيد في استخدام الموارد المائيّة في العقود الأخيرة،,0.7,476,1773657507.9630601,2026-03-16T11:38:27.963085,0.40285423398017883,0.44662192463874817,Qwen2.5-32B-Instruct,32000000000,wiki_ar,1096,54
wiki_zh: wiki_zh: 當大量的計算難以被驗證時，其證明亦很難說是足夠地嚴謹。,1.0,478,1773657554.9372962,2026-03-16T11:39:14.937301,0.38885197043418884,0.4317641258239746,Qwen2.5-32B-Instruct,32000000000,wiki_zh,1097,54
wiki_ar: wiki_ar: يستطيع الماء على أساس ذلك أن يشكّل روابط هيدروجينيّة بين جزيئيّة.,0.7,477,1773657601.8686266,2026-03-16T11:40:01.868632,0.4106651544570923,0.4535543620586395,Qwen2.5-32B-Instruct,32000000000,wiki_ar,1098,54
wiki_ar: wiki_ar: ويترافق ذلك مع تأثير كوريوليس الحاصل من دوران الأرض حول نفسها،,0.7,484,1773657648.5974865,2026-03-16T11:40:48.597497,0.43194815516471863,0.4684840440750122,Qwen2.5-32B-Instruct,32000000000,wiki_ar,1099,54
wiki_zh: wiki_zh: 笔记 遊记  劇本   劇本是另一种古老的文学形式，主要通过不同角色之间的对话来表达作者的思想和感情。,1.0,470,1773657694.8667848,2026-03-16T11:41:34.866790,0.38637062907218933,0.43334174156188965,Qwen2.5-32B-Instruct,32000000000,wiki_zh,1100,55
wiki_pl: wiki_pl: Przypisy  Linki zewnętrzne    Polskie Towarzystwo Alergologiczne  Polskie Towarzystwo Zwalczania Chorób Alergicznych     Specjalności lekarskie,1.0,455,1773657741.5290537,2026-03-16T11:42:21.529076,0.3998648524284363,0.4635089337825775,Qwen2.5-32B-Instruct,32000000000,wiki_pl,1101,55
wiki_ja: wiki_ja: 謙譲語  謙譲語は、古代から基本的に動作の客体への敬意を表す言い方であり、現代では「動作の主体を低める」と解釈するほうがよい場合がある。,1.3,453,1773657788.4137723,2026-03-16T11:43:08.413782,0.37859389185905457,0.4419601857662201,Qwen2.5-32B-Instruct,32000000000,wiki_ja,1102,55
wiki_zh: wiki_zh: 公理在傳統的思想中是「不證自明的真理」，但這種想法是有問題的。,0.7,480,1773657834.9864326,2026-03-16T11:43:54.986438,0.3964475691318512,0.43684056401252747,Qwen2.5-32B-Instruct,32000000000,wiki_zh,1103,55
wiki_ar: wiki_ar: مع وجود 17 دولة من تلك الدول والتي تقوم باستخراج كمّيّات من الماء سنوياً تفوق التي تُستردّ إليها من دورة الماء الطبيعيّة.,1.0,458,1773657881.8211484,2026-03-16T11:44:41.821153,0.3850075304508209,0.4457951784133911,Qwen2.5-32B-Instruct,32000000000,wiki_ar,1104,55
wiki_zh: wiki_zh: 他认为真理有其客观性，试图推翻智者们以个人主观感觉为真理的思想。,1.3,482,1773657928.1123579,2026-03-16T11:45:28.112363,0.40587249398231506,0.443904846906662,Qwen2.5-32B-Instruct,32000000000,wiki_zh,1105,55
wiki_ar: wiki_ar: وينتج نوعان من بخار الماء: «الجافّ» غير المتكاثف و«الرطب» المتكاثف على شكل سحاب وضباب،,0.7,464,1773657975.2177377,2026-03-16T11:46:15.217743,0.38622748851776123,0.4414224922657013,Qwen2.5-32B-Instruct,32000000000,wiki_ar,1106,55
wiki_ja: wiki_ja: 言語消滅は、隣接したより大きな言語集団との交流が不可欠となり、その言語圏に小言語集団が取り込まれることによって起きる。,1.3,458,1773658021.935432,2026-03-16T11:47:01.935437,0.38686394691467285,0.4467318058013916,Qwen2.5-32B-Instruct,32000000000,wiki_ja,1107,55
wiki_zh: wiki_zh: 他使用称之为批判哲学的先验方法，来展现经验的某些范畴和形式都必然地被预先存在于人们一切言谈之中。,0.7,473,1773658068.73541,2026-03-16T11:47:48.735420,0.411970853805542,0.45939263701438904,Qwen2.5-32B-Instruct,32000000000,wiki_zh,1108,55
wiki_zh: wiki_zh: 實際上，數學家通常會在大體上與科學家合作，但在細節上卻會分開。,1.3,476,1773658115.5569215,2026-03-16T11:48:35.556927,0.40670904517173767,0.4493808150291443,Qwen2.5-32B-Instruct,32000000000,wiki_zh,1109,55
wiki_ar: wiki_ar: الخواص الفيزيائية والكيميائية   يمكن إيراد الخواص الكيميائيّة والفيزيائيّة الأساسيّة للماء على شكل النقاط التالية:  الماء سائل عند ظروف الضغط والحرارة القياسيّة المحيطة وذلك عند 298.,1.0,432,1773658163.68891,2026-03-16T11:49:23.688923,0.35534489154815674,0.44027775526046753,Qwen2.5-32B-Instruct,32000000000,wiki_ar,1110,55
wiki_pl: wiki_pl: Emisja gamma – polegająca na emisji promieniowania gamma w wyniku przejścia nukleonu na niższy poziom energetyczny w jądrze.,1.0,460,1773658210.4854681,2026-03-16T11:50:10.485478,0.4011339247226715,0.46017327904701233,Qwen2.5-32B-Instruct,32000000000,wiki_pl,1111,55
wiki_ar: wiki_ar: فإنّ معظم الماء الموجود في الكون هو نتاج ثانوي لولادة النجوم،,1.0,483,1773658256.9103377,2026-03-16T11:50:56.910343,0.42161330580711365,0.459387868642807,Qwen2.5-32B-Instruct,32000000000,wiki_ar,1112,55
wiki_ja: wiki_ja: 音韻論上、「コーヒー」「ひいひい」など、「ー」や「あ行」の仮名で表す長音という単位が存在する（音素記号では ）。,1.0,457,1773658303.7517362,2026-03-16T11:51:43.751747,0.37822064757347107,0.43855732679367065,Qwen2.5-32B-Instruct,32000000000,wiki_ja,1113,55
wiki_zh: wiki_zh: 2001年，为了纪念2002年挪威著名数学家尼尔斯·亨利克·阿贝尔二百周年诞辰，挪威政府宣布将开始颁发此种奖金。,1.0,463,1773658350.7954755,2026-03-16T11:52:30.795481,0.4046986401081085,0.4604939818382263,Qwen2.5-32B-Instruct,32000000000,wiki_zh,1114,55
wiki_ja: wiki_ja: しかし、日本語の文では述語に中心があり、補語を必要に応じて付け足すと考えれば、上記のいずれも、省略のない完全な文と見なして差し支えない。,1.0,453,1773658397.6949127,2026-03-16T11:53:17.694918,0.38830825686454773,0.45321786403656006,Qwen2.5-32B-Instruct,32000000000,wiki_ja,1115,55
wiki_ar: wiki_ar: تعرّف المواد الكيميائيّة التي تكون غير قابلة للامتزاج مع الماء (مثل الدهنيّات (الزيوت والشحوم وغيرها) بأنّها كارهة للماء (هيدروفوبيّة).,1.0,449,1773658444.674218,2026-03-16T11:54:04.674223,0.37860000133514404,0.4477180242538452,Qwen2.5-32B-Instruct,32000000000,wiki_ar,1116,55
"wiki_pl: wiki_pl: Nie są one przeznaczone do przenoszenia drukowalnych symboli, lecz do sterowania urządzeniem odbierającym dane.",0.7,471,1773658491.3361685,2026-03-16T11:54:51.336174,0.42265063524246216,0.47027185559272766,Qwen2.5-32B-Instruct,32000000000,wiki_pl,1117,55
wiki_ja: wiki_ja: 漢字の記された遺物の例としては、1世紀のものとされる福岡市出土の「漢委奴国王印」などもあるが、本格的に使用されたのはより後年とみられる。,0.7,454,1773658538.2315092,2026-03-16T11:55:38.231517,0.37377169728279114,0.4380413591861725,Qwen2.5-32B-Instruct,32000000000,wiki_ja,1118,55
"wiki_ja: wiki_ja: 同様に、""&"" は英語アルファベットの27番目の文字とされ、アメリカ合衆国やその他の地域でも、子供達はアンパサンドはアルファベットの最後の文字だと教えられていた。",1.3,447,1773658585.7457476,2026-03-16T11:56:25.745759,0.38604435324668884,0.45918652415275574,Qwen2.5-32B-Instruct,32000000000,wiki_ja,1119,55
wiki_ar: wiki_ar: هناك أبحاث تشير إلى أنّ الماء السائل قد يوجد بكمّيّات معتبرة في قمر إنسيلادوس الذي يدور في فلك زحل،,1.3,465,1773658632.8570726,2026-03-16T11:57:12.857082,0.4111497700214386,0.46492525935173035,Qwen2.5-32B-Instruct,32000000000,wiki_ar,1120,56
"wiki_pl: wiki_pl: Elektrony związane w atomach rozłożone są na powłokach, między którymi mogą przechodzić emitując bądź absorbując fotony o określonej energii.",1.3,465,1773658679.8502054,2026-03-16T11:57:59.850216,0.41266822814941406,0.4665379226207733,Qwen2.5-32B-Instruct,32000000000,wiki_pl,1121,56
wiki_ar: wiki_ar: وهو المكوّن الأساسي للجداول والبحيرات والبحار والمحيطات وكذلك للسوائل في جميع الكائنات الحيّة،,1.0,472,1773658726.764514,2026-03-16T11:58:46.764519,0.4158531427383423,0.4636848270893097,Qwen2.5-32B-Instruct,32000000000,wiki_ar,1122,56
wiki_zh: wiki_zh: 存在主义强调个人、獨立自主和主观经验，認為人存在的意義是無法經由理性思考而得到答案。,1.3,477,1773658773.2891152,2026-03-16T11:59:33.289125,0.39281368255615234,0.43565666675567627,Qwen2.5-32B-Instruct,32000000000,wiki_zh,1123,56
wiki_ja: wiki_ja: 同様に、「り」に硬口蓋はじき音を用いる話者や、「ち」に無声硬口蓋破裂音  を用いる話者もある。,0.7,465,1773658819.9740195,2026-03-16T12:00:19.974028,0.4044767916202545,0.4587303400039673,Qwen2.5-32B-Instruct,32000000000,wiki_ja,1124,56
wiki_ar: wiki_ar: وهو المكوّن الأساسي للجداول والبحيرات والبحار والمحيطات وكذلك للسوائل في جميع الكائنات الحيّة،,0.7,472,1773658866.7636693,2026-03-16T12:01:06.763678,0.40557312965393066,0.4537144601345062,Qwen2.5-32B-Instruct,32000000000,wiki_ar,1125,56
"wiki_pl: wiki_pl: Cyfry 0–9 składają się z bitów 011 oraz, następującej po nich, binarnej reprezentacji liczb odpowiadających każdej z cyfr.",1.3,462,1773658913.3008425,2026-03-16T12:01:53.300852,0.4094482958316803,0.4659845530986786,Qwen2.5-32B-Instruct,32000000000,wiki_pl,1126,56
wiki_ar: wiki_ar: على شكل جليد  يوجد الماء على شكل جليد في الكون في العديد من الأجرام والكواكب مثل كوكب المريخ وذلك تحت الحطام الصخري وعند القطبين،,1.0,456,1773658960.2101052,2026-03-16T12:02:40.210115,0.38439807295799255,0.44745737314224243,Qwen2.5-32B-Instruct,32000000000,wiki_ar,1127,56
wiki_ar: wiki_ar: وإذا لم يتمّ صرف ماء الأرض تصبح مشبّعة بالماء.,1.0,488,1773658992.8752308,2026-03-16T12:03:12.875244,0.42124277353286743,0.4546824097633362,Qwen2.5-32B-Instruct,32000000000,wiki_ar,1128,56
wiki_zh: wiki_zh: 西方马克思主义： 此外，比上述类型更为复杂的版本有阿尔都塞等人做出详尽阐述。,0.7,478,1773659039.1262882,2026-03-16T12:03:59.126298,0.38866350054740906,0.4312361776828766,Qwen2.5-32B-Instruct,32000000000,wiki_zh,1129,56
wiki_ja: wiki_ja: 1904年から使用の『尋常小学読本』（第1期）はこの棒引き仮名遣いに従った。,1.3,469,1773659086.3021185,2026-03-16T12:04:46.302128,0.4063141345977783,0.45726215839385986,Qwen2.5-32B-Instruct,32000000000,wiki_ja,1130,56
wiki_zh: wiki_zh: 另一個研究的領域為大小，這個導致了基數和之後對無限的另外一種概念：阿列夫数，它允許無限集合之間的大小可以做有意義的比較。,0.7,459,1773659133.3405256,2026-03-16T12:05:33.340535,0.4193389117717743,0.4796196520328522,Qwen2.5-32B-Instruct,32000000000,wiki_zh,1131,56
wiki_ar: wiki_ar: إدارة المياه   يقصد بإدارة المياه المفهوم الشامل المتعلّق بإدارة الموارد المائيّة من حيث التخطيط والتطوير والتوزيع بالشكل الأمثل بشكل يوافق نهج الترشيد في الاستهلاك وأسلوب التعامل مع الأزمات ونقص الموارد وتلوّث المياه.,0.7,433,1773659180.4106493,2026-03-16T12:06:20.410655,0.35573598742485046,0.4393216073513031,Qwen2.5-32B-Instruct,32000000000,wiki_ar,1132,56
"wiki_ja: wiki_ja: 「せ・ぜ」は「xe・je」で表記されており、現在の「シェ・ジェ」に当たる ,  であったことも分かっている。",0.7,467,1773659227.3108141,2026-03-16T12:07:07.310819,0.41182899475097656,0.46379712224006653,Qwen2.5-32B-Instruct,32000000000,wiki_ja,1133,56
wiki_zh: wiki_zh: 最早已知的文學作品是公元前2700年一篇由蘇美人创作的《吉爾伽美什史詩》，當中描述英雄主義、友誼、損失及追逐永生。,1.0,459,1773659273.9054232,2026-03-16T12:07:53.905428,0.3849251866340637,0.44444945454597473,Qwen2.5-32B-Instruct,32000000000,wiki_zh,1134,56
wiki_pl: wiki_pl: Struktura chmury elektronowej wpływa na chemiczne właściwości atomów i większość ich właściwości magnetycznych.,1.3,471,1773659320.7484736,2026-03-16T12:08:40.748479,0.4129021167755127,0.46120524406433105,Qwen2.5-32B-Instruct,32000000000,wiki_pl,1135,56
wiki_zh: wiki_zh: 實用主義 實用主義產生於19世紀70年代的現代哲學派別，在20世紀的美國成為一種主流思潮。,1.0,468,1773659367.7425,2026-03-16T12:09:27.742510,0.3807520270347595,0.434190571308136,Qwen2.5-32B-Instruct,32000000000,wiki_zh,1136,56
wiki_ar: wiki_ar: ومن ثم انخفض الناتج الزراعي تدريجيّاً وتفاقم نقص الغذاء،,0.7,480,1773659414.768628,2026-03-16T12:10:14.768638,0.39872777462005615,0.4391423463821411,Qwen2.5-32B-Instruct,32000000000,wiki_ar,1137,56
wiki_ar: wiki_ar: للماء كثافة مقدارها 1000 كغ/م3 (تعادل 1 غ/مل) عند الدرجة 4° س،,0.7,469,1773659461.6865716,2026-03-16T12:11:01.686581,0.4086836576461792,0.45861542224884033,Qwen2.5-32B-Instruct,32000000000,wiki_ar,1138,56
wiki_zh: wiki_zh: 當大量的計算難以被驗證時，其證明亦很難說是足夠地嚴謹。,0.7,478,1773659508.236901,2026-03-16T12:11:48.236911,0.39358243346214294,0.4376993477344513,Qwen2.5-32B-Instruct,32000000000,wiki_zh,1139,56
wiki_ja: wiki_ja: 一見下手に見えるため、「長体ヘタウマ文字」などとも呼ばれた。,0.7,483,1773659555.3236744,2026-03-16T12:12:35.323694,0.42050284147262573,0.4594268202781677,Qwen2.5-32B-Instruct,32000000000,wiki_ja,1140,57
wiki_ja: wiki_ja: ただし「あっ」のように、単独で出現することもあり、そのときは声門閉鎖音となる。,1.0,479,1773659601.7480912,2026-03-16T12:13:21.748100,0.4362800121307373,0.4763239920139313,Qwen2.5-32B-Instruct,32000000000,wiki_ja,1141,57
wiki_ar: wiki_ar: شقّ الرومان القدماء قنوات لجرّ الماء،,0.7,490,1773659648.6731753,2026-03-16T12:14:08.673181,0.4305895268917084,0.4613571763038635,Qwen2.5-32B-Instruct,32000000000,wiki_ar,1142,57
"wiki_pl: wiki_pl: Jeśli aksjomatyka nie jest kategoryczna, można zbudować dwa różne modele, które będą ją spełniały, jednak będą się różnić właściwościami, dającymi się opisać w języku danej teorii.",0.7,446,1773659696.269812,2026-03-16T12:14:56.269817,0.3924315571784973,0.4653356075286865,Qwen2.5-32B-Instruct,32000000000,wiki_pl,1143,57
wiki_zh: wiki_zh: 其他主要哲學家包括海德格、莫里斯·梅洛-庞蒂 以及伊曼纽尔·列维纳斯。,0.7,473,1773659744.1866426,2026-03-16T12:15:44.186655,0.4193703830242157,0.4677133858203888,Qwen2.5-32B-Instruct,32000000000,wiki_zh,1144,57
wiki_pl: wiki_pl: Początki naukowej teorii atomu   Jakob Hermann w 1716 roku w dziele Phoronomia opisał gaz jako składający się z cząsteczek poruszających się z różnymi prędkościami.,1.3,443,1773659791.298875,2026-03-16T12:16:31.298880,0.37595194578170776,0.45229944586753845,Qwen2.5-32B-Instruct,32000000000,wiki_pl,1145,57
wiki_ja: wiki_ja: 安土桃山時代から江戸時代極初期にかけては、ポルトガル人の宣教師が数多くのキリシタン資料を残しているが、その中に各地の方言を記録したものがある。,0.7,454,1773659838.040798,2026-03-16T12:17:18.040803,0.3745042383670807,0.43848368525505066,Qwen2.5-32B-Instruct,32000000000,wiki_ja,1146,57
wiki_ar: wiki_ar: وينتج نوعان من بخار الماء: «الجافّ» غير المتكاثف و«الرطب» المتكاثف على شكل سحاب وضباب،,1.3,464,1773659884.8833725,2026-03-16T12:18:04.883378,0.4102209806442261,0.46560168266296387,Qwen2.5-32B-Instruct,32000000000,wiki_ar,1147,57
"wiki_pl: wiki_pl: W wyniku zderzeń jąder atomowych może dojść do utworzenia nowych jąder, ale doprowadzenie do takiej reakcji wymaga często bardzo wysokich energii.",1.3,461,1773659927.8135703,2026-03-16T12:18:47.813576,0.4112897217273712,0.46927833557128906,Qwen2.5-32B-Instruct,32000000000,wiki_pl,1148,57
wiki_zh: wiki_zh: “哲”一词在中国古代指那些善于思辨、学问精深者，如“孔门十哲”、“古圣先哲”等，“哲”或“哲人”意义类似西方近世所谓“哲学家”、“思想家”。,0.7,450,1773659974.31302,2026-03-16T12:19:34.313026,0.3568199872970581,0.4233686923980713,Qwen2.5-32B-Instruct,32000000000,wiki_zh,1149,57
wiki_zh: wiki_zh: 马克思主义哲学宣称自己的理论体系具有科学性，认为哲学可以成为科学的一部分。,0.7,484,1773660021.3359907,2026-03-16T12:20:21.336000,0.4232744574546814,0.45839282870292664,Qwen2.5-32B-Instruct,32000000000,wiki_zh,1150,57
"wiki_pl: wiki_pl: Postulował, że każdy pierwiastek składa się z atomów jednego, unikalnego typu i że te atomy mogą się łączyć, tworząc związki chemiczne.",0.7,461,1773660067.84725,2026-03-16T12:21:07.847263,0.41150450706481934,0.46928107738494873,Qwen2.5-32B-Instruct,32000000000,wiki_pl,1151,57
wiki_pl: wiki_pl: Większość znaków sterujących jest dzisiaj przestarzała – zostały one pomyślane głównie dla dalekopisów.,1.0,473,1773660114.3485003,2026-03-16T12:21:54.348506,0.4237986207008362,0.470274955034256,Qwen2.5-32B-Instruct,32000000000,wiki_pl,1152,57
wiki_zh: wiki_zh: 在微分幾何中有著纖維叢及流形上的微積分等概念。,0.7,482,1773660161.3342333,2026-03-16T12:22:41.334245,0.4166310131549835,0.45489898324012756,Qwen2.5-32B-Instruct,32000000000,wiki_zh,1153,57
wiki_ar: wiki_ar: تمتاز بعض المعابر المائية بموقع إستراتيجي يمنحها أهمّيّة تجاريّة كبيرة مثل قناة السويس وقناة بنما.,0.7,469,1773660208.2699158,2026-03-16T12:23:28.269939,0.40385571122169495,0.45422717928886414,Qwen2.5-32B-Instruct,32000000000,wiki_ar,1154,57
wiki_pl: wiki_pl: Za jej autora uważa się alchemika podpisującego się Geber.,1.3,489,1773660254.8591762,2026-03-16T12:24:14.859190,0.4192301034927368,0.45374587178230286,Qwen2.5-32B-Instruct,32000000000,wiki_pl,1155,57
wiki_zh: wiki_zh: 克尔凯郭尔著作主要针对的是黑格尔的唯心主义哲学体系，他认为其忽视或排除了人类的内在主观生命。,1.0,473,1773660301.3403344,2026-03-16T12:25:01.340347,0.40081319212913513,0.44727885723114014,Qwen2.5-32B-Instruct,32000000000,wiki_zh,1156,57
wiki_zh: wiki_zh: 但他不认同笛卡尔的二元论，认为精神和物质不过是唯一实体的两种属性 。,0.7,482,1773660347.766326,2026-03-16T12:25:47.766331,0.42451074719429016,0.4617769718170166,Qwen2.5-32B-Instruct,32000000000,wiki_zh,1157,57
wiki_zh: wiki_zh: 康德  康德给哲学带来了三个标志性的创造：  哲学意义的新规定；,0.7,480,1773660394.0913537,2026-03-16T12:26:34.091359,0.3909800946712494,0.43223848938941956,Qwen2.5-32B-Instruct,32000000000,wiki_zh,1158,57
wiki_ar: wiki_ar: قد تكون أحياناً مكربنة (فوّارة) بإضافة غاز ثنائي أكسيد الكربون إليها.,1.3,477,1773660441.3206964,2026-03-16T12:27:21.320707,0.41639235615730286,0.45908230543136597,Qwen2.5-32B-Instruct,32000000000,wiki_ar,1159,57
wiki_ja: wiki_ja: 「が行」の子音は、語頭では破裂音の  を用いるが、語中では鼻音の （「が行」鼻音、いわゆる鼻濁音）を用いることが一般的だった。,0.7,453,1773660488.2527304,2026-03-16T12:28:08.252738,0.378384530544281,0.4435656666755676,Qwen2.5-32B-Instruct,32000000000,wiki_ja,1160,58
wiki_ar: wiki_ar: جريان وصولاً إلى المحيطات والمسطّحات المائيّة.,0.7,483,1773660535.2331362,2026-03-16T12:28:55.233146,0.40787702798843384,0.4463450014591217,Qwen2.5-32B-Instruct,32000000000,wiki_ar,1161,58
wiki_ja: wiki_ja: また、目の前にあるものを直接指示する場合（現場指示）と、文章の中で前に出た語句を指示する場合（文脈指示）とでも、事情が変わってくる。,0.7,463,1773660581.9748192,2026-03-16T12:29:41.974829,0.3775920271873474,0.4348275661468506,Qwen2.5-32B-Instruct,32000000000,wiki_ja,1162,58
wiki_ja: wiki_ja: ところが「お」と「を」の区別については、平安時代末期にはすでにいずれもの音となり発音上の区別が無くなっていたことにより、相当な表記の揺れがあり、格助詞の「を」を除き前例による基準を見出すことができなかった。,1.3,437,1773660629.1132205,2026-03-16T12:30:29.113230,0.3772432506084442,0.45991748571395874,Qwen2.5-32B-Instruct,32000000000,wiki_ja,1163,58
wiki_zh: wiki_zh: 大学院系划分中常见「科学和数学系」，这指出了这两个领域被看作有緊密聯繫而非一樣。,1.0,473,1773660675.994767,2026-03-16T12:31:15.994772,0.38070210814476013,0.4292772114276886,Qwen2.5-32B-Instruct,32000000000,wiki_zh,1164,58
"wiki_pl: wiki_pl: symbol relacyjny  Jeśli  jest prawdą, będziemy mówili, że punkt  leży na prostej   We wcześniejszych ujęciach logiki matematycznej mówiło się, że punkt, prosta i relacja „punkt leży na prostej” są pojęciami pierwotnymi geometrii.",1.3,424,1773660723.4455051,2026-03-16T12:32:03.445511,0.35781362652778625,0.4527089297771454,Qwen2.5-32B-Instruct,32000000000,wiki_pl,1165,58
wiki_ar: wiki_ar: رغم أنّه يتوفّر لدى بعض الأسماك مثل الأسماك الرئويّة كلا نظامي التنفّس.,1.3,475,1773660770.6081903,2026-03-16T12:32:50.608195,0.4102121889591217,0.4559206962585449,Qwen2.5-32B-Instruct,32000000000,wiki_ar,1166,58
wiki_zh: wiki_zh: 報導文學  史传文學  文學獎項   有許多的文學獎，頒發給優秀的作家，表揚其文學的成就。,0.7,465,1773660817.1673608,2026-03-16T12:33:37.167366,0.397647887468338,0.4511497914791107,Qwen2.5-32B-Instruct,32000000000,wiki_zh,1167,58
wiki_ar: wiki_ar: والتي يترافق حدوثها بنشوء رياح تندفع خارجاً بقوّة،,1.0,481,1773660863.8097026,2026-03-16T12:34:23.809715,0.4104572832584381,0.45025861263275146,Qwen2.5-32B-Instruct,32000000000,wiki_ar,1168,58
wiki_zh: wiki_zh: 黑格尔认为需要经过三个阶段来达到这个“绝对精神”，从逻辑、自然到精神，即是从思维到存在，再到两者统一的过程，从而完成他的统一论。,1.0,465,1773660910.1475444,2026-03-16T12:35:10.147554,0.39907974004745483,0.45252832770347595,Qwen2.5-32B-Instruct,32000000000,wiki_zh,1169,58
wiki_ja: wiki_ja: 一見下手に見えるため、「長体ヘタウマ文字」などとも呼ばれた。,1.0,483,1773660957.1232731,2026-03-16T12:35:57.123279,0.41958823800086975,0.457965612411499,Qwen2.5-32B-Instruct,32000000000,wiki_ja,1170,58
wiki_ar: wiki_ar: الخواص الفيزيائية والكيميائية   يمكن إيراد الخواص الكيميائيّة والفيزيائيّة الأساسيّة للماء على شكل النقاط التالية:  الماء سائل عند ظروف الضغط والحرارة القياسيّة المحيطة وذلك عند 298.,0.7,432,1773661004.0724015,2026-03-16T12:36:44.072407,0.3709963262081146,0.45770543813705444,Qwen2.5-32B-Instruct,32000000000,wiki_ar,1171,58
wiki_ja: wiki_ja: 「気を引かれる」「私は泣かない」「花が笑った」「さあ、出かけよう」「今日は来ないそうだ」「もうすぐ春です」などの太字部分はすべて助動詞である。,1.3,460,1773661050.7472756,2026-03-16T12:37:30.747287,0.3829662799835205,0.4412003755569458,Qwen2.5-32B-Instruct,32000000000,wiki_ja,1172,58
wiki_ar: wiki_ar: كان السفر في الماضي بواسطة السفن لغرض الاستكشاف والتجارة وسيلة أساسيّة لقطع المسافات البعيدة التي تفصل بينها البحار.,1.3,465,1773661097.4350424,2026-03-16T12:38:17.435047,0.3957919478416443,0.44919711351394653,Qwen2.5-32B-Instruct,32000000000,wiki_ar,1173,58
wiki_ja: wiki_ja: ただし、「ふ」は  のままに、「ひ」は  になった。,1.3,486,1773661144.632942,2026-03-16T12:39:04.632948,0.40688204765319824,0.4412253499031067,Qwen2.5-32B-Instruct,32000000000,wiki_ja,1174,58
"wiki_pl: wiki_pl: Rozważano także wykorzystanie ośmiu bitów, co pozwoliłoby na zastosowanie większego zestawu znaków, jednak zadecydowano, że ASCII będzie siedmiobitowy, ponieważ każdy dodatkowy bit zwiększyłby długość wiadomości, a co za tym idzie – również koszt jej przesłania.",0.7,421,1773661191.9159846,2026-03-16T12:39:51.915990,0.35207733511924744,0.4504741430282593,Qwen2.5-32B-Instruct,32000000000,wiki_pl,1175,58
"wiki_pl: wiki_pl: Część liczb magicznych dotyczy obu nukleonów, a część odnosi się tylko do jednego z ich rodzajów.",1.0,473,1773661238.6275415,2026-03-16T12:40:38.627547,0.4135691225528717,0.46184027194976807,Qwen2.5-32B-Instruct,32000000000,wiki_pl,1176,58
"wiki_pl: wiki_pl: Na końcu wejścia wzorzec END pasuje, więc s jest wypisywane.",1.0,484,1773661285.3083496,2026-03-16T12:41:25.308358,0.4383562207221985,0.4734291136264801,Qwen2.5-32B-Instruct,32000000000,wiki_pl,1177,58
"wiki_pl: wiki_pl: Z kolei obserwując te same atomy z innego kierunku i nie widząc przechodzącego przez nie światła, można zobaczyć tylko światło wyemitowane przez atomy – tzw.",1.3,457,1773661332.5481708,2026-03-16T12:42:12.548179,0.3976304531097412,0.45902788639068604,Qwen2.5-32B-Instruct,32000000000,wiki_pl,1178,58
wiki_ar: wiki_ar: عندما تنقص كمّيّة الماء في الجسم يشعر الإنسان بالعطش؛,0.7,486,1773661379.2087123,2026-03-16T12:42:59.208722,0.41699138283729553,0.4513202905654907,Qwen2.5-32B-Instruct,32000000000,wiki_ar,1179,58
wiki_ja: wiki_ja: このうち、梵語の語彙は、多く漢語に取り入れられた後に、仏教と共に日本に伝えられた。,1.3,475,1773661425.8542743,2026-03-16T12:43:45.854280,0.39773860573768616,0.44323551654815674,Qwen2.5-32B-Instruct,32000000000,wiki_ja,1180,59
"wiki_pl: wiki_pl: W ten sposób wszystkie niesparowane elektrony mogą uzyskać tak samo skierowany spin, co wytwarza makroskopowe pole magnetyczne.",1.3,467,1773661472.4912155,2026-03-16T12:44:32.491226,0.40826794505119324,0.45952755212783813,Qwen2.5-32B-Instruct,32000000000,wiki_pl,1181,59
"wiki_pl: wiki_pl: Dzięki temu nawet, gdy s jest pustym ciągiem na wyjściu nie będzie pustej linii, lecz 0.",0.7,474,1773661518.8869393,2026-03-16T12:45:18.886952,0.4098547697067261,0.4561041593551636,Qwen2.5-32B-Instruct,32000000000,wiki_pl,1182,59
wiki_zh: wiki_zh: 但如果以主體性方向對哲學下定義，中國文化就擁有哲學。,1.0,483,1773661565.1561213,2026-03-16T12:46:05.156134,0.4229077994823456,0.46238768100738525,Qwen2.5-32B-Instruct,32000000000,wiki_zh,1183,59
"wiki_pl: wiki_pl: Rozpady α i β− kolejnych izotopów promieniotwórczych grupują się w 4 szeregi promieniotwórcze, kończące się trwałymi izotopami ołowiu (szeregi 1–3) lub praktycznie trwałym izotopem bizmutu-209 (szereg 4).",0.7,423,1773661611.953019,2026-03-16T12:46:51.953025,0.34625881910324097,0.44254347681999207,Qwen2.5-32B-Instruct,32000000000,wiki_pl,1184,59
"wiki_pl: wiki_pl: Liczba neutronów może być różna, w zależności od izotopu tego pierwiastka.",0.7,481,1773661658.415136,2026-03-16T12:47:38.415147,0.42404553294181824,0.46408215165138245,Qwen2.5-32B-Instruct,32000000000,wiki_pl,1185,59
wiki_ar: wiki_ar: والذي يعود سببه إلى فرط الإحماء في زمن قصير وتشكّل كمّيّات كبيرة من البخار في حيّز مكاني ضيق.,1.0,464,1773661705.0599232,2026-03-16T12:48:25.059929,0.4052649736404419,0.4602275490760803,Qwen2.5-32B-Instruct,32000000000,wiki_ar,1186,59
wiki_ar: wiki_ar: يفيد معرفة النشاط المائي للأغذية في معرفة كيفيّة حفظ الأغذية ووقايتها من الميكروبات وفي تقدير فترة الصلاحية.,0.7,460,1773661751.6594152,2026-03-16T12:49:11.659420,0.3936501145362854,0.45340588688850403,Qwen2.5-32B-Instruct,32000000000,wiki_ar,1187,59
wiki_pl: wiki_pl: Łączna liczba protonów i neutronów określana jest jako liczba masowa.,1.3,485,1773661798.4864647,2026-03-16T12:49:58.486470,0.44108855724334717,0.4757711589336395,Qwen2.5-32B-Instruct,32000000000,wiki_pl,1188,59
wiki_ja: wiki_ja: また、賀茂真淵は『語意考』（1789年）を著し、「約・延・略・通」の考え方を示した。,0.7,464,1773661845.0806653,2026-03-16T12:50:45.080671,0.39568212628364563,0.45091503858566284,Qwen2.5-32B-Instruct,32000000000,wiki_ja,1189,59
wiki_zh: wiki_zh: 古代的石碑及泥版亦證實了當時已有幾何的知識。,1.3,484,1773661891.5835981,2026-03-16T12:51:31.583607,0.39942649006843567,0.43742597103118896,Qwen2.5-32B-Instruct,32000000000,wiki_zh,1190,59
wiki_pl: wiki_pl: Produktem okazał się lżejszy pierwiastek bar.,0.7,490,1773661937.8898618,2026-03-16T12:52:17.889872,0.4257187247276306,0.4579222798347473,Qwen2.5-32B-Instruct,32000000000,wiki_pl,1191,59
wiki_ja: wiki_ja: 方言と表記  日本語の表記体系は中央語を書き表すために発達したものであり、方言の音韻を表記するためには必ずしも適していない。,0.7,460,1773661984.5610654,2026-03-16T12:53:04.561073,0.39202144742012024,0.4506279230117798,Qwen2.5-32B-Instruct,32000000000,wiki_ja,1192,59
wiki_ja: wiki_ja: 母が子を叱るとき、「お母さんはもう知りませんよ」と丁寧語を用いる場合もある。,1.3,476,1773662031.199376,2026-03-16T12:53:51.199386,0.3850271999835968,0.42899665236473083,Qwen2.5-32B-Instruct,32000000000,wiki_ja,1193,59
wiki_ar: wiki_ar: وهو ذو صلة وثيقة بالنظافة والطهارة والتحلّل من الذنوب،,1.0,482,1773662077.7553904,2026-03-16T12:54:37.755396,0.41027045249938965,0.4496985077857971,Qwen2.5-32B-Instruct,32000000000,wiki_ar,1194,59
wiki_pl: wiki_pl: W jednym stanie skupienia mogą istnieć różne stany fazowe.,1.3,488,1773662123.9811995,2026-03-16T12:55:23.981205,0.4328189790248871,0.46522659063339233,Qwen2.5-32B-Instruct,32000000000,wiki_pl,1195,59
"wiki_pl: wiki_pl: Jedynym wzorcem jest BEGIN, więc żadne argumenty z linii komend nie są przetwarzane.",0.7,479,1773662170.6034472,2026-03-16T12:56:10.603452,0.42166367173194885,0.4634898900985718,Qwen2.5-32B-Instruct,32000000000,wiki_pl,1196,59
"wiki_pl: wiki_pl: Dana teoria może być zaksjomatyzowana na wiele różnych sposobów; przykładem jest tu geometria euklidesowa, dla której oprócz aksjomatów Euklidesa istnieje też aksjomatyka Hilberta i von Neumanna.",0.7,441,1773662217.2755964,2026-03-16T12:56:57.275602,0.37174156308174133,0.45144128799438477,Qwen2.5-32B-Instruct,32000000000,wiki_pl,1197,59
wiki_ar: wiki_ar: تؤثّر المواد المذابة في الماء على النشاط المائي،,1.0,487,1773662264.0901914,2026-03-16T12:57:44.090201,0.425823837518692,0.46027663350105286,Qwen2.5-32B-Instruct,32000000000,wiki_ar,1198,59
"wiki_zh: wiki_zh: 现代哲学上出現""不要求精确理由""之哲学理論，例如""本质技巧""(认定本质不可知)，这种现象将不可知论(世界上终究有人不能理解的存在)的重要程度提高了。",0.7,459,1773662310.7052639,2026-03-16T12:58:30.705274,0.39173510670661926,0.4536101222038269,Qwen2.5-32B-Instruct,32000000000,wiki_zh,1199,59
wiki_pl: wiki_pl: Samodzielne skrypty AWK  Podobnie jak w wielu innych językach skrypt AWK można napisać poprzedzając go znakiem „shebang”.,1.3,465,1773662357.4073632,2026-03-16T12:59:17.407374,0.40990135073661804,0.46457037329673767,Qwen2.5-32B-Instruct,32000000000,wiki_pl,1200,60
"wiki_pl: wiki_pl: {     w += NF     c += length + 1 } END { print NR, w, c } Ze względu na brak wzorca w pierwszej linii programu akcja jest wykonywana dla każdego wiersza wejścia.",0.7,451,1773662404.6309886,2026-03-16T13:00:04.630999,0.39805012941360474,0.4661540985107422,Qwen2.5-32B-Instruct,32000000000,wiki_pl,1201,60
wiki_ja: wiki_ja: 助詞は、名詞について述語との関係（格関係）を表す格助詞（「名詞の格」の節参照）、活用する語について後続部分との接続関係を表す接続助詞、種々の語について、程度や限定などの意味を添えつつ後続の用言などを修飾する副助詞、文の終わりに来て疑問や詠嘆・感動・禁止といった気分や意図を表す終助詞に分けられる。,0.7,386,1773662451.8528602,2026-03-16T13:00:51.852869,0.2756899893283844,0.4011823534965515,Qwen2.5-32B-Instruct,32000000000,wiki_ja,1202,60
wiki_zh: wiki_zh: 作品往往根據歷史時期或者遵守某些美學特徵或期望（藝術類型）進行分類。,0.7,480,1773662498.3030672,2026-03-16T13:01:38.303077,0.4084216356277466,0.44941332936286926,Qwen2.5-32B-Instruct,32000000000,wiki_zh,1203,60
wiki_ja: wiki_ja: 上記の文は、いずれも「S‐P」構造、すなわち主述構造をなす同一の文型である。,1.3,471,1773662545.3263648,2026-03-16T13:02:25.326370,0.38719508051872253,0.43558815121650696,Qwen2.5-32B-Instruct,32000000000,wiki_ja,1204,60
wiki_zh: wiki_zh: 更進一步則需要寫作或其他可記錄數字的系統，如符木或於印加帝國內用來儲存數據的奇普。,1.0,472,1773662592.373839,2026-03-16T13:03:12.373849,0.3708169758319855,0.4195358157157898,Qwen2.5-32B-Instruct,32000000000,wiki_zh,1205,60
wiki_ar: wiki_ar: كما يسهم الماء في حدوث عمليّات التجوية الكيميائيّة والفيزيائيّة.,0.7,479,1773662639.244073,2026-03-16T13:03:59.244083,0.3964771032333374,0.4375666081905365,Qwen2.5-32B-Instruct,32000000000,wiki_ar,1206,60
wiki_ja: wiki_ja: 表記史  仮名の誕生  元来、日本に文字と呼べるものはなく、言葉を表記するためには中国渡来の漢字を用いた（いわゆる神代文字は後世の偽作とされている）。,0.7,442,1773662686.1921208,2026-03-16T13:04:46.192130,0.3516302704811096,0.4241563677787781,Qwen2.5-32B-Instruct,32000000000,wiki_ja,1207,60
wiki_zh: wiki_zh: 现代哲学，特别是19世纪中后期的哲学流派，有叔本华的意志主义，新康德主义，新黑格尔主义，马克思主义。,1.0,466,1773662732.788008,2026-03-16T13:05:32.788049,0.38860011100769043,0.4410800635814667,Qwen2.5-32B-Instruct,32000000000,wiki_zh,1208,60
wiki_zh: wiki_zh: 然而在中世纪这将近一千年中哲学在欧洲仍取得了长足地发展。,1.0,483,1773662779.374926,2026-03-16T13:06:19.374945,0.39828062057495117,0.4361169636249542,Qwen2.5-32B-Instruct,32000000000,wiki_zh,1209,60
"wiki_pl: wiki_pl: Masa spoczynkowa atomów wyrażana jest często w jednostkach atomowych (u), zdefiniowanych jako 1/12 masy atomu 12C, czyli około 1,66 kg.",0.7,450,1773662826.2976966,2026-03-16T13:07:06.297712,0.3934779465198517,0.4625047445297241,Qwen2.5-32B-Instruct,32000000000,wiki_pl,1210,60
wiki_zh: wiki_zh: 中世纪哲学被部分定义为对古典希腊和希腊化哲学的再发现和进一步发展，另一部分是需要解决神学问题并把亞伯拉罕諸教（伊斯兰教、犹太教和基督教）的教条同世俗知识一同整合并推广。,1.0,446,1773662872.9993196,2026-03-16T13:07:52.999329,0.3541458249092102,0.4252908527851105,Qwen2.5-32B-Instruct,32000000000,wiki_zh,1211,60
wiki_ar: wiki_ar: وهي منطقة ذات أهمّيّة بيئيّة كبيرة.,0.7,491,1773662919.5849087,2026-03-16T13:08:39.584919,0.40822112560272217,0.43900245428085327,Qwen2.5-32B-Instruct,32000000000,wiki_ar,1212,60
wiki_ar: wiki_ar: 6 مليار نسمة فقط من الحصول على مصدر آمن للماء العذب.,1.0,487,1773662966.2689948,2026-03-16T13:09:26.269000,0.4084729552268982,0.44253095984458923,Qwen2.5-32B-Instruct,32000000000,wiki_ar,1213,60
wiki_ja: wiki_ja: およびそれを用いる行為（広辞苑）。,0.7,492,1773663012.8418674,2026-03-16T13:10:12.841878,0.4244069755077362,0.4552644193172455,Qwen2.5-32B-Instruct,32000000000,wiki_ja,1214,60
wiki_ar: wiki_ar: ويتمثّل ذلك في العمليّات الحيويّة التالية: التركيب الضوئي وتحلّل السكّر وتحلّل الدهن ودورة حمض الستريك ودورة اليوريا.,1.3,450,1773663060.013702,2026-03-16T13:11:00.013713,0.38446834683418274,0.45342326164245605,Qwen2.5-32B-Instruct,32000000000,wiki_ar,1215,60
wiki_ja: wiki_ja: ただしこれも文語であるフスハーと口語であるアーンミーヤに分かれており、アーンミーヤはさらに多数の方言にわかれている。,1.3,462,1773663106.7837667,2026-03-16T13:11:46.783777,0.3744524121284485,0.4313245415687561,Qwen2.5-32B-Instruct,32000000000,wiki_ja,1216,60
wiki_ja: wiki_ja: また海南島にすむ臨高人も民族籍上は漢民族であるが、その言語は漢語の方言としては扱われず、系統どおりタイ・カダイ語族の臨高語として扱われる。,0.7,453,1773663153.4603713,2026-03-16T13:12:33.460377,0.40293675661087036,0.4695618152618408,Qwen2.5-32B-Instruct,32000000000,wiki_ja,1217,60
wiki_ar: wiki_ar: ويستند المسيحيّون إلى ما ورد في إنجيل يوحنا من أنّ التعميد بالمياه ضروري للميلاد الثاني،,1.0,472,1773663200.4142897,2026-03-16T13:13:20.414299,0.3977997899055481,0.4454648792743683,Qwen2.5-32B-Instruct,32000000000,wiki_ar,1218,60
wiki_ar: wiki_ar: للماء كثافة مقدارها 1000 كغ/م3 (تعادل 1 غ/مل) عند الدرجة 4° س،,1.3,469,1773663247.3486893,2026-03-16T13:14:07.348699,0.3977065086364746,0.448501318693161,Qwen2.5-32B-Instruct,32000000000,wiki_ar,1219,60
wiki_pl: wiki_pl: Jednak ich wartości powinno się pomijać wywołując daną funkcję.,0.7,486,1773663293.971551,2026-03-16T13:14:53.971569,0.4286465048789978,0.46260154247283936,Qwen2.5-32B-Instruct,32000000000,wiki_pl,1220,61
wiki_zh: wiki_zh: 若將文學定義為用文字記錄的作品，最早的古代文學作品一般認為是古埃及文學及。,0.7,481,1773663340.829208,2026-03-16T13:15:40.829221,0.4173937439918518,0.4590471088886261,Qwen2.5-32B-Instruct,32000000000,wiki_zh,1221,61
wiki_ja: wiki_ja: ただし「あっ」のように、単独で出現することもあり、そのときは声門閉鎖音となる。,1.3,479,1773663387.5451467,2026-03-16T13:16:27.545161,0.38564133644104004,0.42853081226348877,Qwen2.5-32B-Instruct,32000000000,wiki_ja,1222,61
wiki_ar: wiki_ar: إدارة المياه   يقصد بإدارة المياه المفهوم الشامل المتعلّق بإدارة الموارد المائيّة من حيث التخطيط والتطوير والتوزيع بالشكل الأمثل بشكل يوافق نهج الترشيد في الاستهلاك وأسلوب التعامل مع الأزمات ونقص الموارد وتلوّث المياه.,1.3,433,1773663434.5955114,2026-03-16T13:17:14.595527,0.3550225794315338,0.43898507952690125,Qwen2.5-32B-Instruct,32000000000,wiki_ar,1223,61
wiki_ar: wiki_ar: فوفق المعتقد الإسلامي كان الملاك جبريل هو من فجّر تلك البئر بعقبه لإسماعيل وأمّه هاجر،,1.0,470,1773663481.4512808,2026-03-16T13:18:01.451286,0.4022180140018463,0.45267796516418457,Qwen2.5-32B-Instruct,32000000000,wiki_ar,1224,61
wiki_zh: wiki_zh: 一些人認為哲學是對問題本身過程的審查；,1.3,489,1773663527.9598515,2026-03-16T13:18:47.959865,0.41780591011047363,0.4502311944961548,Qwen2.5-32B-Instruct,32000000000,wiki_zh,1225,61
wiki_zh: wiki_zh: 數和空間在解析幾何、微分幾何和代數幾何中都有著很重要的角色。,0.7,480,1773663574.3630776,2026-03-16T13:19:34.363090,0.4119488000869751,0.4530242085456848,Qwen2.5-32B-Instruct,32000000000,wiki_zh,1226,61
wiki_zh: wiki_zh: 更進一步則需要寫作或其他可記錄數字的系統，如符木或於印加帝國內用來儲存數據的奇普。,1.3,472,1773663620.8745742,2026-03-16T13:20:20.874588,0.41691842675209045,0.46583470702171326,Qwen2.5-32B-Instruct,32000000000,wiki_zh,1227,61
wiki_ja: wiki_ja: また、1988年には、国立国語研究所所長・野元菊雄が、外国人への日本語教育のため、文法を単純化した「簡約日本語」の必要性を説き、論議を呼んだ。,1.3,445,1773663667.8635118,2026-03-16T13:21:07.863525,0.3559638261795044,0.42816996574401855,Qwen2.5-32B-Instruct,32000000000,wiki_ja,1228,61
wiki_ar: wiki_ar: 5 ليتر من الماء يوميّاً،,1.3,493,1773663714.6660845,2026-03-16T13:21:54.666098,0.4162808954715729,0.4456106126308441,Qwen2.5-32B-Instruct,32000000000,wiki_ar,1229,61
wiki_ja: wiki_ja: 」というときのように、語中語尾に現れる場合は、舌をはじく  もしくは  となる。,0.7,476,1773663761.359121,2026-03-16T13:22:41.359134,0.40855932235717773,0.4529373049736023,Qwen2.5-32B-Instruct,32000000000,wiki_ja,1230,61
"wiki_ja: wiki_ja: また、共通語である普通話を含め, 13個の方言が存在する。",1.0,482,1773663807.947149,2026-03-16T13:23:27.947155,0.3978425860404968,0.43787163496017456,Qwen2.5-32B-Instruct,32000000000,wiki_ja,1231,61
wiki_zh: wiki_zh: 著名的文艺复兴时期的柏拉图主义者包括库萨的尼古拉，还有之后的马尔西利奥·费奇诺和若望·皮科·德拉·米蘭多拉。,0.7,458,1773663854.4619539,2026-03-16T13:24:14.461971,0.3924283981323242,0.45476046204566956,Qwen2.5-32B-Instruct,32000000000,wiki_zh,1232,61
wiki_ja: wiki_ja: 母が子を叱るとき、「お母さんはもう知りませんよ」と丁寧語を用いる場合もある。,0.7,476,1773663901.4212623,2026-03-16T13:25:01.421270,0.3971364498138428,0.44079098105430603,Qwen2.5-32B-Instruct,32000000000,wiki_ja,1233,61
wiki_zh: wiki_zh: 對法律、政治、教育、社會、宗教和藝術的研究產生了很大的影響。,1.0,485,1773663948.3316321,2026-03-16T13:25:48.331637,0.41618555784225464,0.4508780539035797,Qwen2.5-32B-Instruct,32000000000,wiki_zh,1234,61
wiki_ja: wiki_ja: 統計によって前後する場合もあるが、この数は世界の母語話者数で上位10位以内に入る人数である。,1.0,471,1773663995.150029,2026-03-16T13:26:35.150034,0.4021930992603302,0.45107996463775635,Qwen2.5-32B-Instruct,32000000000,wiki_ja,1235,61
"wiki_pl: wiki_pl: Jeden mol to około 6,022 cząstek.",0.7,490,1773664041.786846,2026-03-16T13:27:21.786851,0.44065725803375244,0.47083818912506104,Qwen2.5-32B-Instruct,32000000000,wiki_pl,1236,61
wiki_ja: wiki_ja: 品詞ごとの語彙量  日本語の語彙を品詞ごとにみると、圧倒的に多いものは名詞である。,1.0,469,1773664088.977622,2026-03-16T13:28:08.977632,0.4122072160243988,0.46282219886779785,Qwen2.5-32B-Instruct,32000000000,wiki_ja,1237,61
"wiki_pl: wiki_pl: Urządzenie to wykorzystuje pole magnetyczne do odchylenia trajektorii jonów, a stopień odchylenia zależy od stosunku ładunku jonu do jego masy.",1.0,459,1773664136.622436,2026-03-16T13:28:56.622446,0.3940969705581665,0.45358791947364807,Qwen2.5-32B-Instruct,32000000000,wiki_pl,1238,61
wiki_pl: wiki_pl: Pierwiastki cięższe od żelaza powstawały w wyniku eksplozji supernowych poprzez proces r oraz we wnętrzu gwiazd AGB poprzez proces s. Oba te procesy polegają na wychwytywaniu neutronów przez jądra atomowe.,0.7,436,1773664183.5394983,2026-03-16T13:29:43.539508,0.37316930294036865,0.4557313621044159,Qwen2.5-32B-Instruct,32000000000,wiki_pl,1239,61
wiki_ar: wiki_ar: وهو أكثر المركّبات الكيميائيّة انتشاراً على سطح الأرض.,1.0,484,1773664230.7797852,2026-03-16T13:30:30.779794,0.41573628783226013,0.4524380564689636,Qwen2.5-32B-Instruct,32000000000,wiki_ar,1240,62
"wiki_pl: wiki_pl: Formalnie są to formuły zdaniowe, zapisywane w języku danej teorii z użyciem symboli jej języka i dodatkowo symboli logicznych, w tym kwantyfikatorów.",1.3,453,1773664277.5487435,2026-03-16T13:31:17.548753,0.38105449080467224,0.4472824037075043,Qwen2.5-32B-Instruct,32000000000,wiki_pl,1241,62
wiki_ar: wiki_ar: وللآن لا توجد أدلّة علميّة كافية تلزم الإنسان بشرب كمّيّة محدّدة من الماء يوميّاً،,1.0,465,1773664324.7386756,2026-03-16T13:32:04.738697,0.39126259088516235,0.4458625316619873,Qwen2.5-32B-Instruct,32000000000,wiki_ar,1242,62
wiki_pl: wiki_pl: Uzyskują wtedy ładunek elektryczny i można nimi sterować za pomocą pola elektrycznego i magnetycznego.,1.0,471,1773664371.6062055,2026-03-16T13:32:51.606211,0.4151238203048706,0.46314191818237305,Qwen2.5-32B-Instruct,32000000000,wiki_pl,1243,62
wiki_ja: wiki_ja: ところが、係り結びの形式化とともに、上に係助詞がないのに文末を連体形止め（「対面する。,1.0,470,1773664418.5336785,2026-03-16T13:33:38.533695,0.3777294158935547,0.4271106719970703,Qwen2.5-32B-Instruct,32000000000,wiki_ja,1244,62
wiki_zh: wiki_zh: 与日本类似，在中巫教的情绪化内容被混合到了从中国传入的理学当中。,0.7,481,1773664464.7142735,2026-03-16T13:34:24.714279,0.3797830641269684,0.42235273122787476,Qwen2.5-32B-Instruct,32000000000,wiki_zh,1245,62
wiki_zh: wiki_zh: 大卫·休谟的理论比贝克莱的更进一步，他不仅仅认为物质实体不存在，更认为精神实体不存在。,0.7,476,1773664511.1170607,2026-03-16T13:35:11.117085,0.3992295265197754,0.4416999816894531,Qwen2.5-32B-Instruct,32000000000,wiki_zh,1246,62
wiki_ja: wiki_ja: 今日、鼻濁音を表記する時は、「か行」の文字に半濁点を付して「」のように書くこともある。,0.7,471,1773664557.6751106,2026-03-16T13:35:57.675118,0.3921685814857483,0.4414231479167938,Qwen2.5-32B-Instruct,32000000000,wiki_ja,1247,62
wiki_zh: wiki_zh: 這四種需要大致地與數量、結構、空間及變化（即算術、代數、幾何及分析）等數學上廣泛的子領域相關連著。,1.3,462,1773664604.177772,2026-03-16T13:36:44.177781,0.4024563729763031,0.46116575598716736,Qwen2.5-32B-Instruct,32000000000,wiki_zh,1248,62
wiki_ja: wiki_ja: ）  主語廃止論   上述の「象は鼻が長い。,0.7,484,1773664650.5310626,2026-03-16T13:37:30.531073,0.4081372618675232,0.4448738098144531,Qwen2.5-32B-Instruct,32000000000,wiki_ja,1249,62
wiki_ja: wiki_ja: 語彙の増加と品詞  　 漢語が日本語に取り入れられた結果、名詞・サ変動詞・形容動詞の語彙が特に増大することになった。,0.7,456,1773664697.4247692,2026-03-16T13:38:17.424786,0.3799486458301544,0.44200605154037476,Qwen2.5-32B-Instruct,32000000000,wiki_ja,1250,62
wiki_ar: wiki_ar: تعرف كمّيّة الماء الكلّيّة الموجودة على الأرض ككلّ باسم غلاف الأرض المائي،,1.0,478,1773664744.0023615,2026-03-16T13:39:04.002373,0.4109154939651489,0.4520970284938812,Qwen2.5-32B-Instruct,32000000000,wiki_ar,1251,62
wiki_pl: wiki_pl: Pierwszą prawdziwą aksjomatyką było pięć aksjomatów Euklidesa podanych w Elementach.,1.0,474,1773664790.3977728,2026-03-16T13:39:50.397778,0.41129568219184875,0.4577963650226593,Qwen2.5-32B-Instruct,32000000000,wiki_pl,1252,62
wiki_ja: wiki_ja: 状況語は、出来事や有様を表す部分の前に置かれるのが普通であり、主語の前に置かれることもある。,1.3,471,1773664836.9263272,2026-03-16T13:40:36.926333,0.3897627890110016,0.43929457664489746,Qwen2.5-32B-Instruct,32000000000,wiki_ja,1253,62
wiki_zh: wiki_zh: 从黑格尔的思想体系中发展而成的多种哲学运动。,1.0,490,1773664882.7666953,2026-03-16T13:41:22.766701,0.4051661491394043,0.43696871399879456,Qwen2.5-32B-Instruct,32000000000,wiki_zh,1254,62
wiki_ja: wiki_ja: 概説   言語は、人間が用いる意志伝達手段であり、社会集団内で形成習得され、意志を相互に伝達することや、抽象的な思考を可能にし、結果として人間の社会的活動や文化的活動を支えている。,1.3,439,1773664929.6463807,2026-03-16T13:42:09.646403,0.3620520532131195,0.4393572211265564,Qwen2.5-32B-Instruct,32000000000,wiki_ja,1255,62
wiki_zh: wiki_zh: 回忆录  八股文是中國宋代到清代之間，科舉考試中使用，強調對仗排偶，有一定結構的文體。,1.3,469,1773664976.2373118,2026-03-16T13:42:56.237321,0.38303181529045105,0.4335121214389801,Qwen2.5-32B-Instruct,32000000000,wiki_zh,1256,62
wiki_ja: wiki_ja: 両者はともに古代から使用され、中世を通してラテン語の et を表すために使用された。,1.3,478,1773665022.9942555,2026-03-16T13:43:42.994266,0.41361597180366516,0.45753857493400574,Qwen2.5-32B-Instruct,32000000000,wiki_ja,1257,62
wiki_ar: wiki_ar: هناك العديد من الرياضات المائيّة التي تعتمد على الماء لممارستها،,1.3,485,1773665069.5527947,2026-03-16T13:44:29.552800,0.41211554408073425,0.4469548761844635,Qwen2.5-32B-Instruct,32000000000,wiki_ar,1258,62
wiki_zh: wiki_zh: 逻辑实证主义： 一种很注重逻辑的学说，在德摩根、布伦塔诺、迈农和弗雷格等人的努力下，取得了进展。,0.7,466,1773665115.7929835,2026-03-16T13:45:15.792994,0.3922826051712036,0.4450024664402008,Qwen2.5-32B-Instruct,32000000000,wiki_zh,1259,62
wiki_ja: wiki_ja: しかし、日本語ではこれらの文型に本質的な違いはない。,1.0,488,1773665162.3248036,2026-03-16T13:46:02.324809,0.4076874554157257,0.44025349617004395,Qwen2.5-32B-Instruct,32000000000,wiki_ja,1260,63
wiki_ja: wiki_ja: ここで、「近称」は最も近いもの、「中称」はやや離れたもの、「遠称」は遠いものを指すとされた。,1.0,470,1773665208.7104838,2026-03-16T13:46:48.710494,0.4145464301109314,0.4639674425125122,Qwen2.5-32B-Instruct,32000000000,wiki_ja,1261,63
wiki_ja: wiki_ja: ただし「あっ」のように、単独で出現することもあり、そのときは声門閉鎖音となる。,0.7,479,1773665255.306469,2026-03-16T13:47:35.306479,0.4126245081424713,0.4523637294769287,Qwen2.5-32B-Instruct,32000000000,wiki_ja,1262,63
"wiki_pl: wiki_pl: Urządzenie to wykorzystuje pole magnetyczne do odchylenia trajektorii jonów, a stopień odchylenia zależy od stosunku ładunku jonu do jego masy.",0.7,459,1773665301.8697498,2026-03-16T13:48:21.869759,0.40387430787086487,0.4638170897960663,Qwen2.5-32B-Instruct,32000000000,wiki_pl,1263,63
wiki_ar: wiki_ar: والباقي على شكل صلب (1.,1.3,496,1773665348.5183036,2026-03-16T13:49:08.518314,0.4318462014198303,0.45829540491104126,Qwen2.5-32B-Instruct,32000000000,wiki_ar,1264,63
wiki_ar: wiki_ar: كان السفر في الماضي بواسطة السفن لغرض الاستكشاف والتجارة وسيلة أساسيّة لقطع المسافات البعيدة التي تفصل بينها البحار.,1.0,465,1773665395.4778473,2026-03-16T13:49:55.477855,0.39745086431503296,0.4516450762748718,Qwen2.5-32B-Instruct,32000000000,wiki_ar,1265,63
wiki_pl: wiki_pl: Gluony są bozonami cechowania – podstawowymi cząstkami przenoszącymi oddziaływania fizyczne.,1.3,473,1773665442.2284787,2026-03-16T13:50:42.228484,0.41069504618644714,0.45772767066955566,Qwen2.5-32B-Instruct,32000000000,wiki_pl,1266,63
wiki_ja: wiki_ja: 山根一眞の調査によれば、この文字は1974年までには誕生し、1978年に急激に普及を開始したという。,0.7,463,1773665489.0533407,2026-03-16T13:51:29.053346,0.37910154461860657,0.43465089797973633,Qwen2.5-32B-Instruct,32000000000,wiki_ja,1267,63
"wiki_pl: wiki_pl: Zgodnie z mechaniką kwantową, elektron związany w atomie musi znajdować się w jednym z określonych z góry stanów, którym odpowiadają określone poziomy energetyczne.",1.3,452,1773665535.7717347,2026-03-16T13:52:15.771740,0.3822321891784668,0.44950470328330994,Qwen2.5-32B-Instruct,32000000000,wiki_pl,1268,63
wiki_ar: wiki_ar: ويستند المسيحيّون إلى ما ورد في إنجيل يوحنا من أنّ التعميد بالمياه ضروري للميلاد الثاني،,1.3,472,1773665582.3150074,2026-03-16T13:53:02.315017,0.40176698565483093,0.4500693380832672,Qwen2.5-32B-Instruct,32000000000,wiki_ar,1269,63
"wiki_pl: wiki_pl: Daniel Bernoulli w 1738 roku opublikował Hydrodynamica, w której m.in.",1.3,481,1773665629.037664,2026-03-16T13:53:49.037674,0.4166472256183624,0.45709794759750366,Qwen2.5-32B-Instruct,32000000000,wiki_pl,1270,63
wiki_ar: wiki_ar: والتي تؤثّر على مياه المحيطات.,1.3,492,1773665675.3804939,2026-03-16T13:54:35.380504,0.4375792145729065,0.4661465287208557,Qwen2.5-32B-Instruct,32000000000,wiki_ar,1271,63
wiki_ja: wiki_ja: 小文字  すでに普及した顔文字や絵文字に加え、2006年頃には「小文字」と称される独特の表記法が登場した。,1.0,461,1773665722.1925852,2026-03-16T13:55:22.192591,0.3813782334327698,0.4383290410041809,Qwen2.5-32B-Instruct,32000000000,wiki_ja,1272,63
wiki_ar: wiki_ar: يؤدّي تعلّق كثافة الماء بدرجة الحرارة إلى حدوث ظاهرة التطبُّق وإلى حدوث تيّارات مائيّة داخل كتلة الماء الموجودة في المسطّح المائي،,1.3,451,1773665769.025202,2026-03-16T13:56:09.025212,0.3869096636772156,0.45361483097076416,Qwen2.5-32B-Instruct,32000000000,wiki_ar,1273,63
wiki_ar: wiki_ar: كما أن تسخين الماء لنقل الحرارة عمليّة فعّالة عن طريق تبخير وتكثيف الماء وذلك بسبب حرارة التبخر العالية له.,0.7,465,1773665815.7453225,2026-03-16T13:56:55.745327,0.3956564664840698,0.4505627751350403,Qwen2.5-32B-Instruct,32000000000,wiki_ar,1274,63
wiki_zh: wiki_zh: 近代哲学（17-19世纪）  主條目：近代哲學  早期近代哲学   西方哲学史上的近代早期一般指17世纪和18世纪，其中18世纪常被称为启蒙时代。,1.0,451,1773665862.2444131,2026-03-16T13:57:42.244419,0.37813398241996765,0.4446076452732086,Qwen2.5-32B-Instruct,32000000000,wiki_zh,1275,63
wiki_zh: wiki_zh: 到了16世纪，算术、初等代数以及三角学等初等数学已大体完备。,0.7,478,1773665909.2018218,2026-03-16T13:58:29.201827,0.41259604692459106,0.45455747842788696,Qwen2.5-32B-Instruct,32000000000,wiki_zh,1276,63
wiki_ar: wiki_ar: الصناعة  للماء أهمّيّة كبيرة في الصناعة وله العديد من التطبيقات.,1.3,482,1773665955.8371549,2026-03-16T13:59:15.837160,0.41987335681915283,0.4588998556137085,Qwen2.5-32B-Instruct,32000000000,wiki_ar,1277,63
wiki_ja: wiki_ja: たとえば、「はな（花）」の「は」と「かは（川）」の「は」の発音は、平安時代初期にはいずれも「ファ」() であったとみられるが、平安時代に起こったハ行転呼により、「かは（川）」など語中語尾の「は」は「ワ」と発音するようになった。,1.0,418,1773666002.809033,2026-03-16T14:00:02.809044,0.3317422866821289,0.4285351037979126,Qwen2.5-32B-Instruct,32000000000,wiki_ja,1278,63
wiki_ar: wiki_ar: وهو أكثر المركّبات الكيميائيّة انتشاراً على سطح الأرض.,1.3,484,1773666049.36891,2026-03-16T14:00:49.368921,0.4174306392669678,0.45411357283592224,Qwen2.5-32B-Instruct,32000000000,wiki_ar,1279,63
wiki_ja: wiki_ja: 物語作品やメディアにおいて、位相が極端にステレオタイプ化されて現実と乖離したり、あるいは書き手などが仮想的（バーチャル）な位相を意図的に作り出したりする場合がある。,0.7,447,1773666096.5803533,2026-03-16T14:01:36.580359,0.3655482530593872,0.4375069737434387,Qwen2.5-32B-Instruct,32000000000,wiki_ja,1280,64
wiki_ar: wiki_ar: ويعود التعبير الأخير إلى وصف بيت الشعر:  والذي ردّ عليه القاضي ابن الذروي قائلاً:  وذلك في حادثةٍ مشهورة؛,1.0,464,1773666143.668666,2026-03-16T14:02:23.668671,0.3777638375759125,0.4327119290828705,Qwen2.5-32B-Instruct,32000000000,wiki_ar,1281,64
"wiki_pl: wiki_pl: Jego wyjaśnienie przez termiczne ruchy cząsteczek wody zasugerował w 1877 roku Joseph Delsaulx, a w 1905 roku Albert Einstein przedstawił jego pełną matematyczną analizę.",1.0,443,1773666190.7333443,2026-03-16T14:03:10.733350,0.38121363520622253,0.4570975601673126,Qwen2.5-32B-Instruct,32000000000,wiki_pl,1282,64
wiki_zh: wiki_zh: 在形式上，公理只是一串符號，其只對可以由公理系統導出的公式之內容有意義。,0.7,476,1773666237.4317856,2026-03-16T14:03:57.431791,0.3975633382797241,0.4419493079185486,Qwen2.5-32B-Instruct,32000000000,wiki_zh,1283,64
wiki_ar: wiki_ar: وهو أساس كافّة الظواهر المتعلّقة بالطقس وحالة الجوّ،,0.7,484,1773666284.4513938,2026-03-16T14:04:44.451399,0.4112027883529663,0.4485059678554535,Qwen2.5-32B-Instruct,32000000000,wiki_ar,1284,64
wiki_ja: wiki_ja: ところが「お」と「を」の区別については、平安時代末期にはすでにいずれもの音となり発音上の区別が無くなっていたことにより、相当な表記の揺れがあり、格助詞の「を」を除き前例による基準を見出すことができなかった。,0.7,437,1773666331.4022238,2026-03-16T14:05:31.402229,0.3403688073158264,0.4195161759853363,Qwen2.5-32B-Instruct,32000000000,wiki_ja,1285,64
wiki_zh: wiki_zh: 符号化和形式化使得数学迅速发展，并帮助各个科学领域建立基础支撑理论。,1.3,483,1773666377.8493218,2026-03-16T14:06:17.849327,0.3996988534927368,0.4389282763004303,Qwen2.5-32B-Instruct,32000000000,wiki_zh,1286,64
wiki_pl: wiki_pl: Ich nazwy dodawane są na końcu listy argumentów w definicji funkcji.,1.0,486,1773666424.124056,2026-03-16T14:07:04.124067,0.4276563823223114,0.46272632479667664,Qwen2.5-32B-Instruct,32000000000,wiki_pl,1287,64
wiki_zh: wiki_zh: ”換言之即使數千年後，人們依舊在試著回答他所提出的問題，這也代表著人們依然為這些問題或是這些問題所延伸的更多問題而感到困惑。,1.0,462,1773666470.9848194,2026-03-16T14:07:50.984825,0.373865008354187,0.4330357015132904,Qwen2.5-32B-Instruct,32000000000,wiki_zh,1288,64
wiki_ar: wiki_ar: إنّ أوّل ظهور للشكل البدائي للحياة كان في الماء؛,1.0,485,1773666517.702156,2026-03-16T14:08:37.702161,0.3966562747955322,0.43476593494415283,Qwen2.5-32B-Instruct,32000000000,wiki_ar,1289,64
wiki_zh: wiki_zh: 同时，民族国家政治上逐步的中央集权的过程得到了世俗政治哲学的响应，如尼可罗·马基亚维利（常被描述为第一个现代政治思想家，或者是现代政治思想形成的关键点）、托马斯·莫尔、伊拉斯谟、尤斯图斯·利普修斯、让·博丹和胡果·格老秀斯等的著作。,1.0,417,1773666564.9114418,2026-03-16T14:09:24.911447,0.31540563702583313,0.4132996201515198,Qwen2.5-32B-Instruct,32000000000,wiki_zh,1290,64
wiki_zh: wiki_zh: MathForge ，一个包含数学、物理、计算机科学和教育等范畴的新闻网志。,1.0,485,1773666611.2733283,2026-03-16T14:10:11.273334,0.42682886123657227,0.4624089300632477,Qwen2.5-32B-Instruct,32000000000,wiki_zh,1291,64
wiki_ar: wiki_ar: الغلاف الجوّي لعطارد بنسبة 3.,0.7,493,1773666658.1294816,2026-03-16T14:10:58.129487,0.4215824007987976,0.45090603828430176,Qwen2.5-32B-Instruct,32000000000,wiki_ar,1292,64
wiki_ar: wiki_ar: 5 مليار يفتقرون إلى وسيلة ملائمة من أجل تطهير المياه.,1.0,483,1773666704.8519104,2026-03-16T14:11:44.851916,0.4212002456188202,0.45869192481040955,Qwen2.5-32B-Instruct,32000000000,wiki_ar,1293,64
wiki_ar: wiki_ar: في حين تحمل ذرّة الهيدروجين شحنة موجبة جزئية،,0.7,483,1773666751.6407728,2026-03-16T14:12:31.640778,0.41659894585609436,0.45443296432495117,Qwen2.5-32B-Instruct,32000000000,wiki_ar,1294,64
wiki_zh: wiki_zh: 他认为真理有其客观性，试图推翻智者们以个人主观感觉为真理的思想。,1.0,482,1773666798.0814207,2026-03-16T14:13:18.081425,0.42031461000442505,0.4583008289337158,Qwen2.5-32B-Instruct,32000000000,wiki_zh,1295,64
wiki_pl: wiki_pl: Jądro atomowe zbudowane jest z nukleonów: protonów o dodatnim ładunku elektrycznym i elektrycznie obojętnych neutronów.,0.7,466,1773666844.8046377,2026-03-16T14:14:04.804643,0.4096526801586151,0.46341463923454285,Qwen2.5-32B-Instruct,32000000000,wiki_pl,1296,64
wiki_pl: wiki_pl: Metoda ta pozwala na uzyskiwanie nanometrowej rozdzielczości i na trójwymiarowe obrazowanie przemieszczeń atomów w czasie femtosekund.,1.3,458,1773666891.2987087,2026-03-16T14:14:51.298714,0.39546841382980347,0.45789724588394165,Qwen2.5-32B-Instruct,32000000000,wiki_pl,1297,64
wiki_zh: wiki_zh: 它的旁系包括反斯大林的托洛茨基及其追随者的马克思主义、毛泽东的马克思列宁主义和其他第三世界马克思主义。,1.3,471,1773666937.7380033,2026-03-16T14:15:37.738008,0.4186950922012329,0.46682146191596985,Qwen2.5-32B-Instruct,32000000000,wiki_zh,1298,64
wiki_pl: wiki_pl: W 1919 roku Irving Langmuir zaproponował wytłumaczenie okresowości właściwości pierwiastków jako efekt grupowania się elektronów na pewnych orbitach tworzących powłoki elektronowe.,1.3,449,1773666984.2834623,2026-03-16T14:16:24.283467,0.39338845014572144,0.4650017023086548,Qwen2.5-32B-Instruct,32000000000,wiki_pl,1299,64
wiki_zh: wiki_zh: 最早已知的文學作品是公元前2700年一篇由蘇美人创作的《吉爾伽美什史詩》，當中描述英雄主義、友誼、損失及追逐永生。,1.3,459,1773667031.5068974,2026-03-16T14:17:11.506903,0.37577784061431885,0.43710508942604065,Qwen2.5-32B-Instruct,32000000000,wiki_zh,1300,65
wiki_zh: wiki_zh: 西方马克思主义： 此外，比上述类型更为复杂的版本有阿尔都塞等人做出详尽阐述。,1.0,478,1773667077.7659016,2026-03-16T14:17:57.765911,0.39843085408210754,0.4409520626068115,Qwen2.5-32B-Instruct,32000000000,wiki_zh,1301,65
wiki_ar: wiki_ar: للأسماك مثلاً خياشيم بدلاً من الرئتين والتي تتمكّن من خلالها أن تعيش تحت الماء،,1.0,471,1773667124.7897882,2026-03-16T14:18:44.789798,0.419394314289093,0.4687246084213257,Qwen2.5-32B-Instruct,32000000000,wiki_ar,1302,65
wiki_ja: wiki_ja: 日本語では相手の意向を直接的に聞くことは失礼に当たるからである。,1.0,482,1773667171.8215842,2026-03-16T14:19:31.821596,0.420630544424057,0.4594990909099579,Qwen2.5-32B-Instruct,32000000000,wiki_ja,1303,65
wiki_ja: wiki_ja: たとえば、動詞「取る」の尊敬形として、「（先生が）お取りになる」「（先生が）取られる」などが用いられる。,1.0,468,1773667218.5436482,2026-03-16T14:20:18.543654,0.3995867669582367,0.451532244682312,Qwen2.5-32B-Instruct,32000000000,wiki_ja,1304,65
wiki_pl: wiki_pl: Pod wpływem pól elektrycznych te kształty mogą się jednak zmieniać.,1.0,487,1773667265.2595627,2026-03-16T14:21:05.259573,0.4298308491706848,0.4649432301521301,Qwen2.5-32B-Instruct,32000000000,wiki_pl,1305,65
wiki_ar: wiki_ar: يؤدّي حدوث ظاهرة المدّ والجزر إلى تغيّر في عمق المسطّحات المائيّة المجاورة للشواطئ وخاصة عند مصاب الأنهار،,1.3,459,1773667312.3409557,2026-03-16T14:21:52.340965,0.3997949957847595,0.459985613822937,Qwen2.5-32B-Instruct,32000000000,wiki_ar,1306,65
"wiki_pl: wiki_pl: Rozpad beta – wywoływany przez oddziaływanie słabe, polegający na przekształceniu neutronu znajdującego się w jądrze w proton albo (rzadko) protonu w neutron.",0.7,455,1773667359.0330443,2026-03-16T14:22:39.033054,0.3976125121116638,0.46224990487098694,Qwen2.5-32B-Instruct,32000000000,wiki_pl,1307,65
wiki_ar: wiki_ar: ويقال «فسَّر الماء بالماء» للدلالة على إسفاف الكلام وعدم تقديم إضافة معرفيّة للسامع أو للقارئ،,0.7,468,1773667405.8982363,2026-03-16T14:23:25.898245,0.40167272090911865,0.45265042781829834,Qwen2.5-32B-Instruct,32000000000,wiki_ar,1308,65
wiki_zh: wiki_zh: 〉 （2010） 倪梁康：〈哲學的定位：玄思的文學？,1.0,479,1773667452.5248327,2026-03-16T14:24:12.524841,0.4208695590496063,0.46085643768310547,Qwen2.5-32B-Instruct,32000000000,wiki_zh,1309,65
wiki_ar: wiki_ar: ويقال «فسَّر الماء بالماء» للدلالة على إسفاف الكلام وعدم تقديم إضافة معرفيّة للسامع أو للقارئ،,1.0,468,1773667499.1684299,2026-03-16T14:24:59.168437,0.40023308992385864,0.4514634609222412,Qwen2.5-32B-Instruct,32000000000,wiki_ar,1310,65
wiki_pl: wiki_pl: Ich nazwy dodawane są na końcu listy argumentów w definicji funkcji.,1.3,486,1773667545.6811213,2026-03-16T14:25:45.681127,0.4237000644207001,0.4587930142879486,Qwen2.5-32B-Instruct,32000000000,wiki_pl,1311,65
wiki_ar: wiki_ar: كما يستعمل الماء للتطهّر من النجاسات بالغسل ولغسل الأموات قبل الدفن.,1.3,478,1773667592.2998557,2026-03-16T14:26:32.299861,0.4154141843318939,0.45693439245224,Qwen2.5-32B-Instruct,32000000000,wiki_ar,1312,65
wiki_zh: wiki_zh: 其他主要哲學家包括海德格、莫里斯·梅洛-庞蒂 以及伊曼纽尔·列维纳斯。,1.3,473,1773667639.0815814,2026-03-16T14:27:19.081587,0.42353641986846924,0.46917232871055603,Qwen2.5-32B-Instruct,32000000000,wiki_zh,1313,65
"wiki_pl: wiki_pl: Przykładowo, jądro cyny zawiera 50 protonów, która jest liczbą magiczną dla obu nukleonów, dlatego cyna posiada wyjątkowo dużo trwałych izotopów.",1.0,454,1773667686.026158,2026-03-16T14:28:06.026164,0.39557164907455444,0.46083563566207886,Qwen2.5-32B-Instruct,32000000000,wiki_pl,1314,65
wiki_zh: wiki_zh: 随笔，兼有議論和抒情兩種特性的散文。,0.7,486,1773667733.1041508,2026-03-16T14:28:53.104156,0.43686041235923767,0.4719708263874054,Qwen2.5-32B-Instruct,32000000000,wiki_zh,1315,65
wiki_pl: wiki_pl: Pozostałe posiadają średnio po około 3 stabilne izotopy.,0.7,487,1773667779.4737442,2026-03-16T14:29:39.473749,0.43651771545410156,0.4698305130004883,Qwen2.5-32B-Instruct,32000000000,wiki_pl,1316,65
"wiki_pl: wiki_pl: Rozpad beta – wywoływany przez oddziaływanie słabe, polegający na przekształceniu neutronu znajdującego się w jądrze w proton albo (rzadko) protonu w neutron.",1.0,455,1773667826.1559362,2026-03-16T14:30:26.155943,0.3903469741344452,0.45441001653671265,Qwen2.5-32B-Instruct,32000000000,wiki_pl,1317,65
"wiki_pl: wiki_pl: Zmieniając te warunki, można wywoływać przejścia między stanem stałym, ciekłym, gazowym i plazmą.",1.3,468,1773667872.8477857,2026-03-16T14:31:12.847801,0.41661137342453003,0.4679887294769287,Qwen2.5-32B-Instruct,32000000000,wiki_pl,1318,65
"wiki_pl: wiki_pl: Na podstawie tych wyników Rutherford stworzył nowy model atomu, w którym dodatni ładunek i większość masy atomu są skupione w niewielkim jądrze w jego centrum, a ujemnie naładowane elektrony krążą wokół jądra.",0.7,432,1773667919.657556,2026-03-16T14:31:59.657577,0.3734143078327179,0.4602122902870178,Qwen2.5-32B-Instruct,32000000000,wiki_pl,1319,65
wiki_zh: wiki_zh: 将其大胆的心理概括传统从宗教、艺术到道德、社会，再到科学和认识本身。,1.3,482,1773667966.041762,2026-03-16T14:32:46.041768,0.4148630201816559,0.45133382081985474,Qwen2.5-32B-Instruct,32000000000,wiki_zh,1320,66
"wiki_pl: wiki_pl: Hiperjądra zawierają oprócz protonów i neutronów także cięższe bariony, zwane hiperonami.",1.0,475,1773668012.6501186,2026-03-16T14:33:32.650132,0.42007553577423096,0.46513769030570984,Qwen2.5-32B-Instruct,32000000000,wiki_pl,1321,66
wiki_zh: wiki_zh: 除了上述主要的關注之外，亦有用來探索由數學核心至其他領域上之間的連結的子領域：至邏輯、至集合論（基礎）、至不同科學的經驗上的數學（應用數學）、及較近代的至不確定性的嚴格研究。,1.3,441,1773668059.875145,2026-03-16T14:34:19.875151,0.38020220398902893,0.45914000272750854,Qwen2.5-32B-Instruct,32000000000,wiki_zh,1322,66
wiki_zh: wiki_zh: 结构主义： 在法国，因亚历山大·科耶夫的影响，使得黑格尔主义对萨特等人形成冲击，当他们研究马克思主义时，这种冲击更加明显。,1.0,463,1773668106.5651295,2026-03-16T14:35:06.565171,0.369456946849823,0.4241756796836853,Qwen2.5-32B-Instruct,32000000000,wiki_zh,1323,66
"wiki_pl: wiki_pl: Rozpady α i β− kolejnych izotopów promieniotwórczych grupują się w 4 szeregi promieniotwórcze, kończące się trwałymi izotopami ołowiu (szeregi 1–3) lub praktycznie trwałym izotopem bizmutu-209 (szereg 4).",1.0,423,1773668154.1445491,2026-03-16T14:35:54.144563,0.35128694772720337,0.4480832815170288,Qwen2.5-32B-Instruct,32000000000,wiki_pl,1324,66
wiki_zh: wiki_zh: 希腊化时代  亚里士多德死后，整个哲学界陷入了独立时期，称为希腊化哲学时期。,0.7,476,1773668200.2676058,2026-03-16T14:36:40.267620,0.3920767307281494,0.4380556643009186,Qwen2.5-32B-Instruct,32000000000,wiki_zh,1325,66
wiki_ja: wiki_ja: 」の「はい」「姉さん」「新鮮」のように、他の部分に係ったり、他の部分を受けたりすることがないものである。,1.0,473,1773668247.0864487,2026-03-16T14:37:27.086497,0.4091091752052307,0.45573121309280396,Qwen2.5-32B-Instruct,32000000000,wiki_ja,1326,66
wiki_ar: wiki_ar: وتغسيل اليدين قبيل الأكل مثلاً واجب في اليهوديّة،,0.7,482,1773668294.1785097,2026-03-16T14:38:14.178523,0.42837756872177124,0.4671771228313446,Qwen2.5-32B-Instruct,32000000000,wiki_ar,1327,66
wiki_ar: wiki_ar: عند إذابة المواد القابلة للانحلال في الماء ترتفع نقطة غليان الماء وتنخفض نقطة تجمّده.,1.3,473,1773668341.3170087,2026-03-16T14:39:01.317022,0.3947487771511078,0.4423830211162567,Qwen2.5-32B-Instruct,32000000000,wiki_ar,1328,66
"wiki_pl: wiki_pl: Jeśli wartość konkretnego elementu ARGV jest pusta (""""), to awk ją pomija.",1.0,482,1773668387.8064497,2026-03-16T14:39:47.806463,0.4222202003002167,0.4603118300437927,Qwen2.5-32B-Instruct,32000000000,wiki_pl,1329,66
wiki_zh: wiki_zh: “前定和谐”调和了笛卡尔之二元论和斯宾诺莎之实体双重性。,1.0,480,1773668433.8720028,2026-03-16T14:40:33.872017,0.3998754620552063,0.441110223531723,Qwen2.5-32B-Instruct,32000000000,wiki_zh,1330,66
wiki_ja: wiki_ja: それでも、江戸時代前期には京阪でも見られるようになり、後期には一般化した。,1.3,480,1773668481.2823966,2026-03-16T14:41:21.282409,0.40953269600868225,0.45173054933547974,Qwen2.5-32B-Instruct,32000000000,wiki_ja,1331,66
wiki_ja: wiki_ja: 句の主要部は、修飾語の前（主要部先導型）か後ろ（主要部終端型）に位置する。,1.3,471,1773668527.9540322,2026-03-16T14:42:07.954038,0.40032777190208435,0.4479171633720398,Qwen2.5-32B-Instruct,32000000000,wiki_ja,1332,66
wiki_zh: wiki_zh: 他使用称之为批判哲学的先验方法，来展现经验的某些范畴和形式都必然地被预先存在于人们一切言谈之中。,1.0,473,1773668574.291615,2026-03-16T14:42:54.291628,0.40940073132514954,0.45549899339675903,Qwen2.5-32B-Instruct,32000000000,wiki_zh,1333,66
wiki_ar: wiki_ar: وهو الكمّيّة المستهلكة من المياه لإنتاج محصول زراعي معيّن.,1.0,482,1773668620.908983,2026-03-16T14:43:40.908996,0.41030949354171753,0.4481387734413147,Qwen2.5-32B-Instruct,32000000000,wiki_ar,1334,66
wiki_ja: wiki_ja: ）  主語廃止論   上述の「象は鼻が長い。,1.3,484,1773668667.7527902,2026-03-16T14:44:27.752803,0.4123334586620331,0.44906243681907654,Qwen2.5-32B-Instruct,32000000000,wiki_ja,1335,66
wiki_ja: wiki_ja: 流行語が生き残り、その世代が年齢を重ねてからも使う言葉。,0.7,479,1773668714.3263187,2026-03-16T14:45:14.326331,0.39857468008995056,0.4427935481071472,Qwen2.5-32B-Instruct,32000000000,wiki_ja,1336,66
wiki_ar: wiki_ar: يحظى الماء في الإسلام بمكانة كبيرة،,1.3,494,1773668760.8712904,2026-03-16T14:46:00.871300,0.432904452085495,0.4598502814769745,Qwen2.5-32B-Instruct,32000000000,wiki_ar,1337,66
wiki_ar: wiki_ar: تكاثف بخار الماء من الهواء وحدوث هطولات تضمن عودة الماء بالتساقط على الأرض.,1.3,474,1773668807.4903307,2026-03-16T14:46:47.490344,0.41191980242729187,0.4577710032463074,Qwen2.5-32B-Instruct,32000000000,wiki_ar,1338,66
wiki_zh: wiki_zh: 在此之后现象学传播到法国、美国以及其他地区，并远超出了胡塞尔早期著作的语境。,1.3,480,1773668853.7215908,2026-03-16T14:47:33.721604,0.4048166871070862,0.4461158215999603,Qwen2.5-32B-Instruct,32000000000,wiki_zh,1339,66
"wiki_pl: wiki_pl: Fuzja jądrowa zachodzi, gdy lżejsze jądra łączą się w cięższe.",1.3,478,1773668900.253717,2026-03-16T14:48:20.253730,0.42804643511772156,0.46963241696357727,Qwen2.5-32B-Instruct,32000000000,wiki_pl,1340,67
"wiki_pl: wiki_pl: W układzie okresowym średnice atomów wewnątrz każdej grupy rosną wraz z liczbą obsadzonych powłok, jednak maleją wewnątrz okresu wraz ze zwiększeniem liczby protonów (ponieważ jądro przyciąga elektrony mocniej i rozmiary powłok maleją).",0.7,420,1773668947.670532,2026-03-16T14:49:07.670543,0.35832664370536804,0.45849958062171936,Qwen2.5-32B-Instruct,32000000000,wiki_pl,1341,67
wiki_ar: wiki_ar: للتطهّر قبل تذوّق نعمة الربّ،,1.3,488,1773668994.3686285,2026-03-16T14:49:54.368644,0.4130554795265198,0.4484039545059204,Qwen2.5-32B-Instruct,32000000000,wiki_ar,1342,67
wiki_pl: wiki_pl: Neutrony i protony okazały się być hadronami – cząsteczkami zbudowanymi z kwarków.,1.0,476,1773669040.7994847,2026-03-16T14:50:40.799497,0.4349808990955353,0.47892603278160095,Qwen2.5-32B-Instruct,32000000000,wiki_pl,1343,67
wiki_zh: wiki_zh: 報導文學  史传文學  文學獎項   有許多的文學獎，頒發給優秀的作家，表揚其文學的成就。,1.0,465,1773669087.525781,2026-03-16T14:51:27.525794,0.4124581813812256,0.46801987290382385,Qwen2.5-32B-Instruct,32000000000,wiki_zh,1344,67
wiki_ja: wiki_ja: ある特定の集団が用いる、音や文字による事態の伝達手段（個別言語のことで、英語・フランス語・日本語などのこと）。,1.0,464,1773669134.4026563,2026-03-16T14:52:14.402670,0.41057324409484863,0.46713393926620483,Qwen2.5-32B-Instruct,32000000000,wiki_ja,1345,67
wiki_ja: wiki_ja: もっとも、方言は書き言葉として用いられることが少ないため、実際上に不便を来すことは少ない。,1.3,475,1773669180.9917986,2026-03-16T14:53:00.991812,0.40385785698890686,0.45012396574020386,Qwen2.5-32B-Instruct,32000000000,wiki_ja,1346,67
wiki_ar: wiki_ar: في حال كان التخصّص في دراسة الجليد فيعرف العلم باسم علم الجليد،,0.7,483,1773669227.6705406,2026-03-16T14:53:47.670552,0.4312703609466553,0.46901634335517883,Qwen2.5-32B-Instruct,32000000000,wiki_ar,1347,67
wiki_zh: wiki_zh: 2001年，为了纪念2002年挪威著名数学家尼尔斯·亨利克·阿贝尔二百周年诞辰，挪威政府宣布将开始颁发此种奖金。,0.7,463,1773669274.1835597,2026-03-16T14:54:34.183573,0.4088679850101471,0.4650166630744934,Qwen2.5-32B-Instruct,32000000000,wiki_zh,1348,67
wiki_ja: wiki_ja: ある特定の集団が用いる、音や文字による事態の伝達手段（個別言語のことで、英語・フランス語・日本語などのこと）。,0.7,464,1773669320.8395293,2026-03-16T14:55:20.839543,0.3974571228027344,0.4541119635105133,Qwen2.5-32B-Instruct,32000000000,wiki_ja,1349,67
wiki_ja: wiki_ja: 日本人自らが日本語を特殊と考える原因としては、身近な他言語（英語など）が少ないことも挙げられる。,0.7,471,1773669367.6755342,2026-03-16T14:56:07.675549,0.39993539452552795,0.44880276918411255,Qwen2.5-32B-Instruct,32000000000,wiki_ja,1350,67
wiki_zh: wiki_zh: 前苏格拉底时期的自然派哲學家们多关注自然界，被認為是西方最早的哲學家，不管他們認識以及解释世界的方式是否正確，但是他們的想法之所以有別於迷信的原因在於，這些哲學家是以理性輔佐證據的方式歸納出自然界的现象。,0.7,438,1773669414.685565,2026-03-16T14:56:54.685578,0.3561849296092987,0.4367767572402954,Qwen2.5-32B-Instruct,32000000000,wiki_zh,1351,67
wiki_ja: wiki_ja: 英語の基礎語彙で、同じ親から生まれた者を「」「」の2語のみで区別するのに比べれば、日本語では、男女・長幼によって「アニ」「アネ」「オトウト」「イモウト」の4語を区別し、より詳しい体系であるといえる（古代には、年上のみ「アニ」「アネ」と区別し、年下は「オト」と一括した）。,1.3,404,1773669462.2150326,2026-03-16T14:57:42.215045,0.30517664551734924,0.41334864497184753,Qwen2.5-32B-Instruct,32000000000,wiki_ja,1352,67
wiki_ja: wiki_ja: 0x12345678 & 0x0f0f0f0f のように1個であればビット AND を表す。,0.7,469,1773669508.617355,2026-03-16T14:58:28.617369,0.41394874453544617,0.4647604525089264,Qwen2.5-32B-Instruct,32000000000,wiki_ja,1353,67
wiki_zh: wiki_zh: 他称平均、秩序和调和是宇宙的三大基调，并以音乐的调和说明宇宙的调和。,1.0,478,1773669555.1122746,2026-03-16T14:59:15.112280,0.3998604714870453,0.4428313076496124,Qwen2.5-32B-Instruct,32000000000,wiki_zh,1354,67
wiki_ja: wiki_ja: ところが、「そこ」などを「やや離れたもの」を指すと考えると、遠くにいる人に向かって「そこで待っていてくれ」と言うような場合を説明しがたい。,0.7,459,1773669601.7658792,2026-03-16T15:00:01.765891,0.37094733119010925,0.42908164858818054,Qwen2.5-32B-Instruct,32000000000,wiki_ja,1355,67
wiki_zh: wiki_zh: 古埃及文學中主要的文類（讚美詩、祈禱文及故事）幾乎都是以詩的方式寫成的，不過雖然可以清楚看出有使用詩歌技巧（poetic devices），但詩歌的韻律不明。,1.3,450,1773669648.3199024,2026-03-16T15:00:48.319915,0.3701494336128235,0.4414517283439636,Qwen2.5-32B-Instruct,32000000000,wiki_zh,1356,67
"wiki_pl: wiki_pl: Jedynym wzorcem jest BEGIN, więc żadne argumenty z linii komend nie są przetwarzane.",1.0,479,1773669693.81974,2026-03-16T15:01:33.819753,0.4257816672325134,0.4666384756565094,Qwen2.5-32B-Instruct,32000000000,wiki_pl,1357,67
wiki_ar: wiki_ar: دورة الماء   يشير مصطلح دورة الماء إلى التغيّر المستمرّ لحالات الماء ضمن الغلاف المائي للأرض وذلك بين الغلاف الجوّي للأرض والتربة والمياه السطحيّة والجوفيّة،,1.0,446,1773669740.746092,2026-03-16T15:02:20.746105,0.37008559703826904,0.4420298933982849,Qwen2.5-32B-Instruct,32000000000,wiki_ar,1358,67
wiki_zh: wiki_zh: 實際上，數學家通常會在大體上與科學家合作，但在細節上卻會分開。,1.0,476,1773669787.5737605,2026-03-16T15:03:07.573773,0.4061025083065033,0.44895824790000916,Qwen2.5-32B-Instruct,32000000000,wiki_zh,1359,67
wiki_zh: wiki_zh: 从黑格尔的思想体系中发展而成的多种哲学运动。,0.7,490,1773669833.8465436,2026-03-16T15:03:53.846557,0.40429115295410156,0.43710580468177795,Qwen2.5-32B-Instruct,32000000000,wiki_zh,1360,68
"wiki_pl: wiki_pl: Nie mają ich pierwiastki o liczbie atomowej 43 (technet), 61 (promet) i wszystkie o liczbach atomowych większych od 82 (ołów).",1.3,461,1773669880.471884,2026-03-16T15:04:40.471898,0.40275976061820984,0.46067240834236145,Qwen2.5-32B-Instruct,32000000000,wiki_pl,1361,68
wiki_ja: wiki_ja: こうして標準語の規範意識が確立していくにつれ、方言を矯正しようとする動きが広がった。,1.3,474,1773669927.262219,2026-03-16T15:05:27.262224,0.40266385674476624,0.44837507605552673,Qwen2.5-32B-Instruct,32000000000,wiki_ja,1362,68
"wiki_pl: wiki_pl: 2, natomiast ,< .> były używane tylko na części klawiatur.",1.3,484,1773669973.7258544,2026-03-16T15:06:13.725874,0.4280114471912384,0.4631614089012146,Qwen2.5-32B-Instruct,32000000000,wiki_pl,1363,68
wiki_ja: wiki_ja: 日本語の色彩語彙もほぼこの法則に合っているといってよい。,1.0,485,1773670020.134416,2026-03-16T15:07:00.134429,0.3976839780807495,0.43471992015838623,Qwen2.5-32B-Instruct,32000000000,wiki_ja,1364,68
wiki_ar: wiki_ar: ويقدّر حجمه بحوالي 1338 مليون كم3،,1.3,487,1773670066.968427,2026-03-16T15:07:46.968440,0.41361382603645325,0.4474601447582245,Qwen2.5-32B-Instruct,32000000000,wiki_ar,1365,68
wiki_zh: wiki_zh: 實用主義 實用主義產生於19世紀70年代的現代哲學派別，在20世紀的美國成為一種主流思潮。,0.7,468,1773670113.6859715,2026-03-16T15:08:33.685985,0.38327476382255554,0.4347885847091675,Qwen2.5-32B-Instruct,32000000000,wiki_zh,1366,68
wiki_ar: wiki_ar: وكان من الممكن تفادي تركّز الملح في التربة بغسل الملح بماء إضافي،,1.3,480,1773670159.9818547,2026-03-16T15:09:19.981868,0.42391300201416016,0.4636227488517761,Qwen2.5-32B-Instruct,32000000000,wiki_ar,1367,68
wiki_zh: wiki_zh: 尽管理学遭到道教和佛教徒的批评，理学仍借鉴了它们两个的部分术语和概念。,1.3,480,1773670206.273942,2026-03-16T15:10:06.273954,0.3893071413040161,0.4315369427204132,Qwen2.5-32B-Instruct,32000000000,wiki_zh,1368,68
wiki_ja: wiki_ja: たとえば、名古屋市の地名「杁中（いりなか）」などに使われる「杁」は、名古屋と関係ある地域の「地域文字」である。,0.7,458,1773670253.016602,2026-03-16T15:10:53.016615,0.363558292388916,0.4246368110179901,Qwen2.5-32B-Instruct,32000000000,wiki_ja,1369,68
wiki_pl: wiki_pl: Właściwości atomów zawierających niesparowane elektrony można badać za pomocą spektroskopii elektronowego rezonansu paramagnetycznego (EPR).,0.7,462,1773670299.6181862,2026-03-16T15:11:39.618192,0.4018480181694031,0.4600749909877777,Qwen2.5-32B-Instruct,32000000000,wiki_pl,1370,68
wiki_zh: wiki_zh: 數學語言亦對初學者而言感到困難。,1.3,491,1773670345.951371,2026-03-16T15:12:25.951383,0.43842822313308716,0.46946975588798523,Qwen2.5-32B-Instruct,32000000000,wiki_zh,1371,68
wiki_ja: wiki_ja: 日本語の色彩語彙もほぼこの法則に合っているといってよい。,1.3,485,1773670392.4173622,2026-03-16T15:13:12.417375,0.4059663712978363,0.44323378801345825,Qwen2.5-32B-Instruct,32000000000,wiki_ja,1372,68
"wiki_pl: wiki_pl: Posiada ono szereg stanów energetycznych podobnych do atomu wodoru, ale ze względu na znacznie niższą masę częstości przejść między stanami energetycznymi są o ponad połowę mniejsze (stan podstawowy ma energię −6,8 eV).",0.7,434,1773670439.2943227,2026-03-16T15:13:59.294336,0.3584723472595215,0.44399529695510864,Qwen2.5-32B-Instruct,32000000000,wiki_pl,1373,68
wiki_zh: wiki_zh: 西方马克思主义： 此外，比上述类型更为复杂的版本有阿尔都塞等人做出详尽阐述。,1.3,478,1773670485.4153275,2026-03-16T15:14:45.415342,0.3951747417449951,0.4386468231678009,Qwen2.5-32B-Instruct,32000000000,wiki_zh,1374,68
wiki_ja: wiki_ja: これに加え、現代漢語通用字表ではさらに3500字が追加されている。,1.3,480,1773670531.8855977,2026-03-16T15:15:31.885611,0.4039267301559448,0.4447062611579895,Qwen2.5-32B-Instruct,32000000000,wiki_ja,1375,68
wiki_zh: wiki_zh: 又或者是加快計算的數值方法，如快速傅立葉變換。,0.7,486,1773670578.6939344,2026-03-16T15:16:18.693948,0.42494019865989685,0.46143215894699097,Qwen2.5-32B-Instruct,32000000000,wiki_zh,1376,68
wiki_zh: wiki_zh: 直到公元529年，罗马皇帝查士丁尼一世尼命令关闭雅典的柏拉图学院。,1.0,477,1773670624.961961,2026-03-16T15:17:04.961974,0.41937023401260376,0.4636169672012329,Qwen2.5-32B-Instruct,32000000000,wiki_zh,1377,68
wiki_ja: wiki_ja: また、当該の語形が外国語にない「パネラー」（パネリストの意）「プレゼンテーター」（プレゼンテーションをする人。,1.3,465,1773670672.2034779,2026-03-16T15:17:52.203483,0.38241928815841675,0.4373416304588318,Qwen2.5-32B-Instruct,32000000000,wiki_ja,1378,68
"wiki_pl: wiki_pl: 2, natomiast ,< .> były używane tylko na części klawiatur.",1.0,484,1773670718.8619921,2026-03-16T15:18:38.862004,0.42894598841667175,0.4651293456554413,Qwen2.5-32B-Instruct,32000000000,wiki_pl,1379,68
wiki_ar: wiki_ar: وتمثّل مياه البحار والمحيطات أكبر نسبة للماء على الأرض،,0.7,485,1773670765.8424332,2026-03-16T15:19:25.842446,0.4245501458644867,0.45992839336395264,Qwen2.5-32B-Instruct,32000000000,wiki_ar,1380,69
wiki_pl: wiki_pl: 27 pierwiastków ma tylko jeden stabilny izotop.,1.0,490,1773670812.392801,2026-03-16T15:20:12.392816,0.4332497715950012,0.4651801884174347,Qwen2.5-32B-Instruct,32000000000,wiki_pl,1381,69
wiki_ar: wiki_ar: وأنشأوا القنوات والخزّانات المائيّة في أرجاء إمبراطوريّتهم،,0.7,478,1773670858.977468,2026-03-16T15:20:58.977482,0.41951921582221985,0.4614650309085846,Qwen2.5-32B-Instruct,32000000000,wiki_ar,1382,69
wiki_ar: wiki_ar: يحظى الماء في الإسلام بمكانة كبيرة،,1.0,494,1773670905.6280417,2026-03-16T15:21:45.628054,0.4256073534488678,0.4530855715274811,Qwen2.5-32B-Instruct,32000000000,wiki_ar,1383,69
wiki_zh: wiki_zh: 将其大胆的心理概括传统从宗教、艺术到道德、社会，再到科学和认识本身。,1.0,482,1773670952.0375054,2026-03-16T15:22:32.037518,0.3743009567260742,0.416495144367218,Qwen2.5-32B-Instruct,32000000000,wiki_zh,1384,69
wiki_ar: wiki_ar: تفسّر خاصّيّة التوتّر السطحي للماء ظاهرة إمكانيّة وقوف الحشرات خفيفة الوزن على سطح الماء،,1.3,460,1773670998.9430428,2026-03-16T15:23:18.943056,0.39554548263549805,0.4539531469345093,Qwen2.5-32B-Instruct,32000000000,wiki_ar,1385,69
wiki_ar: wiki_ar: كما يمكن التوسّع في مفهوم الإدارة أيضاً بحيث يشمل مراعاة الظروف البيئيّة التي تؤمّن حدوث دورة المياه في الطبيعة ودورة الاستهلاك البشريّة على أفضل وجه.,1.0,448,1773671046.0225346,2026-03-16T15:24:06.022548,0.37771371006965637,0.4486471712589264,Qwen2.5-32B-Instruct,32000000000,wiki_ar,1386,69
wiki_ja: wiki_ja: なお、「名詞」および「体言」という用語は、しばしば混同される。,0.7,482,1773671093.0042326,2026-03-16T15:24:53.004247,0.42810767889022827,0.4661818742752075,Qwen2.5-32B-Instruct,32000000000,wiki_ja,1387,69
wiki_pl: wiki_pl: Podział  Znaki sterujące   Standard ASCII przeznacza pierwsze 32 kody (0–31) na znaki sterujące.,1.3,472,1773671139.4248273,2026-03-16T15:25:39.424840,0.4100022614002228,0.45798906683921814,Qwen2.5-32B-Instruct,32000000000,wiki_pl,1388,69
wiki_ja: wiki_ja: 流行語が生き残り、その世代が年齢を重ねてからも使う言葉。,1.0,479,1773671185.9267683,2026-03-16T15:26:25.926782,0.3997277319431305,0.44155582785606384,Qwen2.5-32B-Instruct,32000000000,wiki_ja,1389,69
wiki_ar: wiki_ar: الحياة البريّة  يعدّ الماء أساسيّاً وعاملاً محدّداً للإنتاجية في النظم البيئيّة على الأرض،,1.0,468,1773671232.6953642,2026-03-16T15:27:12.695374,0.39337635040283203,0.4443661570549011,Qwen2.5-32B-Instruct,32000000000,wiki_ar,1390,69
"wiki_pl: wiki_pl: Przykłady zastosowań  Hello World  Poniżej znajduje się przykład programu ""Hello world"" napisanego w AWK: BEGIN { print ""Hello, world!""",0.7,463,1773671279.3000505,2026-03-16T15:27:59.300056,0.4004603922367096,0.45681726932525635,Qwen2.5-32B-Instruct,32000000000,wiki_pl,1391,69
wiki_ar: wiki_ar: ممّا يؤدّي إلى حدوث تيّارات اهتزازيّة تعرف باسم المجاري المدّيّة.,1.3,473,1773671325.6955152,2026-03-16T15:28:45.695520,0.40881139039993286,0.4556393027305603,Qwen2.5-32B-Instruct,32000000000,wiki_ar,1392,69
wiki_ar: wiki_ar: وقد استنتج من ذلك أنّ الماء موجود في الكون منذ بداية نشأته.,0.7,486,1773671372.2247405,2026-03-16T15:29:32.224751,0.43212106823921204,0.465706467628479,Qwen2.5-32B-Instruct,32000000000,wiki_ar,1393,69
"wiki_pl: wiki_pl: Część liczb magicznych dotyczy obu nukleonów, a część odnosi się tylko do jednego z ich rodzajów.",1.3,473,1773671410.8614066,2026-03-16T15:30:10.861416,0.42314282059669495,0.4693770706653595,Qwen2.5-32B-Instruct,32000000000,wiki_pl,1394,69
wiki_pl: wiki_pl: Jądro atomowe   Wszystkie protony i neutrony w atomie (nazywane wspólnie nukleonami) skupiają się w jądro atomowe.,1.0,464,1773671457.2924187,2026-03-16T15:30:57.292428,0.39680612087249756,0.45219507813453674,Qwen2.5-32B-Instruct,32000000000,wiki_pl,1395,69
wiki_pl: wiki_pl: W jednym stanie skupienia mogą istnieć różne stany fazowe.,0.7,488,1773671503.5081134,2026-03-16T15:31:43.508119,0.43169230222702026,0.46418723464012146,Qwen2.5-32B-Instruct,32000000000,wiki_pl,1396,69
wiki_zh: wiki_zh: 得奖者须在该年元旦前未满四十岁，是年輕數學家可以獲得的最大獎項。,0.7,478,1773671549.7447946,2026-03-16T15:32:29.744800,0.41547849774360657,0.4585941731929779,Qwen2.5-32B-Instruct,32000000000,wiki_zh,1397,69
wiki_ja: wiki_ja: 字種  平仮名・片仮名は、2017年9月現在では以下の46字ずつが使われる。,1.3,470,1773671596.611859,2026-03-16T15:33:16.611871,0.4146457314491272,0.46556392312049866,Qwen2.5-32B-Instruct,32000000000,wiki_ja,1398,69
wiki_zh: wiki_zh: “前定和谐”调和了笛卡尔之二元论和斯宾诺莎之实体双重性。,0.7,480,1773671642.811777,2026-03-16T15:34:02.811782,0.3725775480270386,0.41678792238235474,Qwen2.5-32B-Instruct,32000000000,wiki_zh,1399,69
wiki_ja: wiki_ja: 中国の文物・思想の流入や仏教の普及などにつれて、漢語は徐々に一般の日本語に取り入れられていった。,0.7,469,1773671689.4417787,2026-03-16T15:34:49.441784,0.38817107677459717,0.43856796622276306,Qwen2.5-32B-Instruct,32000000000,wiki_ja,1400,70
wiki_ar: wiki_ar: تكاثف بخار الماء من الهواء وحدوث هطولات تضمن عودة الماء بالتساقط على الأرض.,0.7,474,1773671736.2210386,2026-03-16T15:35:36.221048,0.43002578616142273,0.47607773542404175,Qwen2.5-32B-Instruct,32000000000,wiki_ar,1401,70
wiki_ar: wiki_ar: ويعود التعبير الأخير إلى وصف بيت الشعر:  والذي ردّ عليه القاضي ابن الذروي قائلاً:  وذلك في حادثةٍ مشهورة؛,1.3,464,1773671782.887355,2026-03-16T15:36:22.887365,0.3880534768104553,0.44397810101509094,Qwen2.5-32B-Instruct,32000000000,wiki_ar,1402,70
wiki_zh: wiki_zh: 斯多葛学派主要是顺应自然和自制。,1.3,492,1773671829.0995529,2026-03-16T15:37:09.099561,0.4271100163459778,0.45536085963249207,Qwen2.5-32B-Instruct,32000000000,wiki_zh,1403,70
"wiki_pl: wiki_pl: Tak zdefiniowane rozmiary zależą jednak od rodzaju wiązań chemicznych, liczby sąsiadów i od ich spinu.",1.3,471,1773671855.8246293,2026-03-16T15:37:35.824634,0.4147246479988098,0.4628918766975403,Qwen2.5-32B-Instruct,32000000000,wiki_pl,1404,70
wiki_pl: wiki_pl: Ta różnica odpowiada za różnicę w masach i ładunku tych dwóch cząstek.,1.3,481,1773671902.2428281,2026-03-16T15:38:22.242840,0.4330534338951111,0.4715661406517029,Qwen2.5-32B-Instruct,32000000000,wiki_pl,1405,70
wiki_ar: wiki_ar: وهو يتشكّل عندما يحترق الهيدروجين أو أيّ مركّب حاوٍ عليه بالأكسجين،,0.7,476,1773671948.8559425,2026-03-16T15:39:08.855951,0.4185360372066498,0.46141451597213745,Qwen2.5-32B-Instruct,32000000000,wiki_ar,1406,70
wiki_ar: wiki_ar: ممّا يؤدّي إلى تعطّل بعض وظائف الجسم التي تحتاج الماء كي تعمل بانتظام.,1.3,477,1773671995.2570128,2026-03-16T15:39:55.257022,0.42740216851234436,0.46960368752479553,Qwen2.5-32B-Instruct,32000000000,wiki_ar,1407,70
wiki_ja: wiki_ja: 」「君は若い。,0.7,498,1773672041.4352045,2026-03-16T15:40:41.435215,0.4329352080821991,0.4598418176174164,Qwen2.5-32B-Instruct,32000000000,wiki_ja,1408,70
wiki_zh: wiki_zh: 哲学写作的新结构。,1.3,496,1773672087.6643724,2026-03-16T15:41:27.664382,0.4058135151863098,0.43565309047698975,Qwen2.5-32B-Instruct,32000000000,wiki_zh,1409,70
wiki_pl: wiki_pl: Znane są jądra zawierające hiperon Λ0 i Σ−.,1.0,485,1773672134.3072653,2026-03-16T15:42:14.307270,0.4325089454650879,0.4675275981426239,Qwen2.5-32B-Instruct,32000000000,wiki_pl,1410,70
"wiki_pl: wiki_pl: Z poziomu wiersza poleceń można także ustawić wartość zmiennej, podając zamiast nazwy pliku ciąg zmienna=wartość.",1.0,466,1773672180.738296,2026-03-16T15:43:00.738304,0.4140717387199402,0.46710461378097534,Qwen2.5-32B-Instruct,32000000000,wiki_pl,1411,70
wiki_ar: wiki_ar: تتولّى بلديّات المدن مسؤولية توزيع المياه للاستخدامات المنزليّة أو يمكن أن يتم الأمر عن طريق صهاريج.,1.3,467,1773672227.590939,2026-03-16T15:43:47.590949,0.38972359895706177,0.4422625005245209,Qwen2.5-32B-Instruct,32000000000,wiki_ar,1412,70
wiki_zh: wiki_zh: 新托马斯主义： 而从公元1879年以来教宗利奥十三世颁发教义宣称为“永远的父亲”之后。,0.7,471,1773672274.116241,2026-03-16T15:44:34.116250,0.4012611210346222,0.451445072889328,Qwen2.5-32B-Instruct,32000000000,wiki_zh,1413,70
wiki_ja: wiki_ja: 1980年代初めのアンケート調査では、「方言を残しておきたい」と回答する者が90%以上に達する結果が出ている。,1.0,465,1773672321.193843,2026-03-16T15:45:21.193854,0.39935100078582764,0.45301759243011475,Qwen2.5-32B-Instruct,32000000000,wiki_ja,1414,70
wiki_ja: wiki_ja: これはヨーロッパ大陸のスペインを発祥とする言語であるが、17世紀のスペインによる新大陸の植民地化を経て、南アメリカおよび北アメリカ南部における広大な言語圏を獲得した。,0.7,444,1773672368.4148085,2026-03-16T15:46:08.414819,0.3663778305053711,0.4393921494483948,Qwen2.5-32B-Instruct,32000000000,wiki_ja,1415,70
wiki_ja: wiki_ja: 今日、鼻濁音を表記する時は、「か行」の文字に半濁点を付して「」のように書くこともある。,1.3,471,1773672415.136619,2026-03-16T15:46:55.136624,0.3918130695819855,0.4417153596878052,Qwen2.5-32B-Instruct,32000000000,wiki_ja,1416,70
wiki_ar: wiki_ar: تؤدّي الهطولات المطريّة و/أو الثلجيّة إلى تأمين المحتوى المائي في المناطق الجغرافيّة،,1.3,467,1773672462.2289894,2026-03-16T15:47:42.228999,0.38670188188552856,0.4395553469657898,Qwen2.5-32B-Instruct,32000000000,wiki_ar,1417,70
wiki_pl: wiki_pl: Obecnie przyjmuje się go za obowiązujący.,0.7,490,1773672508.4977198,2026-03-16T15:48:28.497730,0.4152589738368988,0.4464127719402313,Qwen2.5-32B-Instruct,32000000000,wiki_pl,1418,70
wiki_zh: wiki_zh: 即是，包含在命题里的要比包含在原是概念的定义要多得多。,0.7,484,1773672554.9403894,2026-03-16T15:49:14.940399,0.40237271785736084,0.44042834639549255,Qwen2.5-32B-Instruct,32000000000,wiki_zh,1419,70
wiki_ja: wiki_ja: 文化庁の「国語に関する世論調査」では、「言葉遣いが乱れている」と考える人が1977年に7割近くになり、2002年11月から12月の調査では8割となっている。,0.7,446,1773672602.4399147,2026-03-16T15:50:02.439925,0.35814231634140015,0.42909058928489685,Qwen2.5-32B-Instruct,32000000000,wiki_ja,1420,71
wiki_ar: wiki_ar: إذ أنّ البيئات المائيّة بذلك لن تهبط عند التجمّد إلى القاع إنّما ستطفو على السطح.,0.7,472,1773672649.3123922,2026-03-16T15:50:49.312409,0.39080923795700073,0.43872755765914917,Qwen2.5-32B-Instruct,32000000000,wiki_ar,1421,71
wiki_pl: wiki_pl: Zwykle wyraża się ją w elektronowoltach (eV).,1.0,487,1773672695.7524455,2026-03-16T15:51:35.752455,0.4201525151729584,0.45452919602394104,Qwen2.5-32B-Instruct,32000000000,wiki_pl,1422,71
"wiki_pl: wiki_pl: Na podstawie tych wyników Rutherford stworzył nowy model atomu, w którym dodatni ładunek i większość masy atomu są skupione w niewielkim jądrze w jego centrum, a ujemnie naładowane elektrony krążą wokół jądra.",1.0,432,1773672742.5362878,2026-03-16T15:52:22.536297,0.37974193692207336,0.46810829639434814,Qwen2.5-32B-Instruct,32000000000,wiki_pl,1423,71
"wiki_zh: wiki_zh: 相反克尔凯郭尔认为""真理是主观的""，主张对一个现实的人类来说最重要的问题是处理个人与存在内在关系的问题。",1.0,471,1773672788.6657562,2026-03-16T15:53:08.665762,0.4000304043292999,0.44834938645362854,Qwen2.5-32B-Instruct,32000000000,wiki_zh,1424,71
wiki_zh: wiki_zh: 在自然界中的許多現象可以被動力系統所描述；,1.0,490,1773672835.0487428,2026-03-16T15:53:55.048752,0.40980884432792664,0.4431081712245941,Qwen2.5-32B-Instruct,32000000000,wiki_zh,1425,71
wiki_ja: wiki_ja: 属句:「猫の色」  接置詞に支配された名詞：「日本に」  比較:「Yより大きい」  形容詞によって修飾された名詞: 「黒い猫」 日本語の主要部終端型の性質は、複文などの文章単位での構成においても見られる。,1.3,422,1773672882.055969,2026-03-16T15:54:42.055978,0.3524216115474701,0.44704458117485046,Qwen2.5-32B-Instruct,32000000000,wiki_ja,1426,71
wiki_zh: wiki_zh: 他在1781年發行的作品《纯粹理性批判》試圖調和18世紀兩大主要的哲學派別：經驗主義和理性主義，并且建立一个研究形而上学的新基础。,0.7,456,1773672928.9652257,2026-03-16T15:55:28.965243,0.3907470405101776,0.4540455639362335,Qwen2.5-32B-Instruct,32000000000,wiki_zh,1427,71
wiki_ar: wiki_ar: مع الإشارة إلى وجود اختلاف في تعريف هذه المسمّيات وذلك حسب القوانين الناظمة لكل بلد.,0.7,478,1773672975.4614146,2026-03-16T15:56:15.461424,0.4301958382129669,0.4708364009857178,Qwen2.5-32B-Instruct,32000000000,wiki_ar,1428,71
wiki_ar: wiki_ar: والتي تؤثّر على مياه المحيطات.,0.7,492,1773673020.4339137,2026-03-16T15:57:00.433922,0.4462045729160309,0.4732913374900818,Qwen2.5-32B-Instruct,32000000000,wiki_ar,1429,71
wiki_ja: wiki_ja: 字形2と3は4世紀中頃における et の合字の例である。,1.0,483,1773673066.729906,2026-03-16T15:57:46.729915,0.4052775502204895,0.4445091187953949,Qwen2.5-32B-Instruct,32000000000,wiki_ja,1430,71
wiki_ar: wiki_ar: ماء البحر والمد والجزر   يحوي ماء البحر على نسبة من الأملاح الطبيعيّة (ما متوسطه 3.,0.7,474,1773673113.3253417,2026-03-16T15:58:33.325352,0.40079620480537415,0.4464111328125,Qwen2.5-32B-Instruct,32000000000,wiki_ar,1431,71
wiki_ja: wiki_ja: 英首相グラッドストンの造語という）などの語例がまれにある。,1.3,485,1773673159.9250395,2026-03-16T15:59:19.925046,0.41623878479003906,0.45342427492141724,Qwen2.5-32B-Instruct,32000000000,wiki_ja,1432,71
wiki_ja: wiki_ja: 付属語  付属語も、活用のないものと、活用のあるものとに分けられる。,0.7,478,1773673206.7625554,2026-03-16T16:00:06.762565,0.4250473976135254,0.46638622879981995,Qwen2.5-32B-Instruct,32000000000,wiki_ja,1433,71
wiki_ar: wiki_ar: أنّ الأرض قد انبثقت من الماء،,0.7,494,1773673253.5612698,2026-03-16T16:00:53.561275,0.42342206835746765,0.4525354206562042,Qwen2.5-32B-Instruct,32000000000,wiki_ar,1434,71
wiki_ar: wiki_ar: الذي يمكّن من الحركة التجاريّة كما هو الحال في هونغ كونغ وطوكيو وشنغهاي وروتردام ومونتريال.,1.0,464,1773673300.3886945,2026-03-16T16:01:40.388700,0.3891945481300354,0.4445095360279083,Qwen2.5-32B-Instruct,32000000000,wiki_ar,1435,71
wiki_zh: wiki_zh: 中國古代的文學主要著重在哲學、史学史、军事学、農業及韻文。,1.3,478,1773673346.7604878,2026-03-16T16:02:26.760493,0.3989655375480652,0.4425639510154724,Qwen2.5-32B-Instruct,32000000000,wiki_zh,1436,71
wiki_pl: wiki_pl: Łączna liczba protonów i neutronów określana jest jako liczba masowa.,0.7,485,1773673393.0768476,2026-03-16T16:03:13.076855,0.4355168342590332,0.46961912512779236,Qwen2.5-32B-Instruct,32000000000,wiki_pl,1437,71
wiki_zh: wiki_zh: 在此之后现象学传播到法国、美国以及其他地区，并远超出了胡塞尔早期著作的语境。,1.0,480,1773673439.4472444,2026-03-16T16:03:59.447255,0.38630029559135437,0.4271593689918518,Qwen2.5-32B-Instruct,32000000000,wiki_zh,1438,71
"wiki_pl: wiki_pl: Daniel Bernoulli w 1738 roku opublikował Hydrodynamica, w której m.in.",0.7,481,1773673485.8120384,2026-03-16T16:04:45.812048,0.4129069447517395,0.45368650555610657,Qwen2.5-32B-Instruct,32000000000,wiki_pl,1439,71
wiki_zh: wiki_zh: 符号化和形式化使得数学迅速发展，并帮助各个科学领域建立基础支撑理论。,0.7,483,1773673531.979767,2026-03-16T16:05:31.979777,0.4040984809398651,0.44346341490745544,Qwen2.5-32B-Instruct,32000000000,wiki_zh,1440,72
wiki_pl: wiki_pl: Samodzielne skrypty AWK  Podobnie jak w wielu innych językach skrypt AWK można napisać poprzedzając go znakiem „shebang”.,1.0,465,1773673578.511422,2026-03-16T16:06:18.511431,0.398781418800354,0.45232564210891724,Qwen2.5-32B-Instruct,32000000000,wiki_pl,1441,72
wiki_pl: wiki_pl: print pozwala również wyświetlić wynik obliczeń lub wywołania funkcji.,0.7,485,1773673624.9065673,2026-03-16T16:07:04.906577,0.43235114216804504,0.46645185351371765,Qwen2.5-32B-Instruct,32000000000,wiki_pl,1442,72
wiki_zh: wiki_zh: 马克思主义哲学宣称自己的理论体系具有科学性，认为哲学可以成为科学的一部分。,1.0,484,1773673670.9733899,2026-03-16T16:07:50.973400,0.41452285647392273,0.4495548605918884,Qwen2.5-32B-Instruct,32000000000,wiki_zh,1443,72
wiki_zh: wiki_zh: 應用數學中的一重要領域為統計學，它利用機率論為其工具並允許對含有機會成分的現象進行描述、分析與預測。,1.0,463,1773673717.309815,2026-03-16T16:08:37.309820,0.41526472568511963,0.4726192057132721,Qwen2.5-32B-Instruct,32000000000,wiki_zh,1444,72
wiki_ar: wiki_ar: بما أنّ كهرسلبية ذرّة الأكسجين حسب مقياس باولنغ (3.,1.3,482,1773673763.7817273,2026-03-16T16:09:23.781739,0.41300809383392334,0.4517984688282013,Qwen2.5-32B-Instruct,32000000000,wiki_ar,1445,72
wiki_pl: wiki_pl: print  Polecenie print jest używane do wypisywania tekstu.,1.0,487,1773673810.1931424,2026-03-16T16:10:10.193156,0.43858253955841064,0.4709039330482483,Qwen2.5-32B-Instruct,32000000000,wiki_pl,1446,72
wiki_ja: wiki_ja: 」「君は若い。,1.0,498,1773673856.4623518,2026-03-16T16:10:56.462365,0.4163244366645813,0.44165652990341187,Qwen2.5-32B-Instruct,32000000000,wiki_ja,1447,72
wiki_ar: wiki_ar: حيث يؤدّي ذلك إلى تبخّر المياه،,0.7,493,1773673902.8308778,2026-03-16T16:11:42.830891,0.4353790879249573,0.4623015224933624,Qwen2.5-32B-Instruct,32000000000,wiki_ar,1448,72
wiki_ar: wiki_ar: فشل السومريون في تحقيق التوازن اللازم بين تركّز الملح في التربة وبين عمليات صرف المياه منها،,1.3,473,1773673949.4250968,2026-03-16T16:12:29.425109,0.4045497179031372,0.4514335095882416,Qwen2.5-32B-Instruct,32000000000,wiki_ar,1449,72
wiki_ar: wiki_ar: تحدّد جودة الماء وملاءمته للاستخدام عادةً بإجراء التحاليل الكيميائية الموافقة في المختبرات الاختصاصية.,1.0,465,1773673996.3804238,2026-03-16T16:13:16.380436,0.3933688998222351,0.44760826230049133,Qwen2.5-32B-Instruct,32000000000,wiki_ar,1450,72
wiki_ja: wiki_ja: また、岩手県雫石町や山梨県早川町奈良田などのアクセントは、音の下がり目ではなく上がり目を弁別する。,1.3,465,1773674042.9280982,2026-03-16T16:14:02.928111,0.39560723304748535,0.4500351548194885,Qwen2.5-32B-Instruct,32000000000,wiki_ja,1451,72
wiki_zh: wiki_zh: 另一個研究的領域為大小，這個導致了基數和之後對無限的另外一種概念：阿列夫数，它允許無限集合之間的大小可以做有意義的比較。,1.0,459,1773674089.4494011,2026-03-16T16:14:49.449414,0.3924553692340851,0.45267242193222046,Qwen2.5-32B-Instruct,32000000000,wiki_zh,1452,72
wiki_ar: wiki_ar: عند إذابة المواد القابلة للانحلال في الماء ترتفع نقطة غليان الماء وتنخفض نقطة تجمّده.,0.7,473,1773674136.141402,2026-03-16T16:15:36.141415,0.4140257239341736,0.4603554904460907,Qwen2.5-32B-Instruct,32000000000,wiki_ar,1453,72
wiki_zh: wiki_zh: 怎樣研習純數學（或統計學） ：本科與基礎研究課程參考書目。,1.0,480,1773674182.3554149,2026-03-16T16:16:22.355420,0.4241158068180084,0.4647101163864136,Qwen2.5-32B-Instruct,32000000000,wiki_zh,1454,72
wiki_zh: wiki_zh: 如霍克海默、阿多诺。,1.0,494,1773674228.1776397,2026-03-16T16:17:08.177652,0.41061949729919434,0.44021469354629517,Qwen2.5-32B-Instruct,32000000000,wiki_zh,1455,72
wiki_ar: wiki_ar: للماء أيضاً دور مهمّ في تأمين وسط معتدل أس هيدروجيني ~ 7،,1.3,480,1773674274.7467866,2026-03-16T16:17:54.746799,0.4046216905117035,0.44502323865890503,Qwen2.5-32B-Instruct,32000000000,wiki_ar,1456,72
wiki_ja: wiki_ja: これに加え、現代漢語通用字表ではさらに3500字が追加されている。,1.0,480,1773674321.3688204,2026-03-16T16:18:41.368833,0.409591406583786,0.4490147531032562,Qwen2.5-32B-Instruct,32000000000,wiki_ja,1457,72
wiki_pl: wiki_pl: Widma stanów wzbudzonych umożliwiają analizę składu chemicznego odległych gwiazd.,1.0,477,1773674367.810802,2026-03-16T16:19:27.810815,0.4233684539794922,0.466755211353302,Qwen2.5-32B-Instruct,32000000000,wiki_pl,1458,72
wiki_ar: wiki_ar: 5 مليار يفتقرون إلى وسيلة ملائمة من أجل تطهير المياه.,0.7,483,1773674414.4361145,2026-03-16T16:20:14.436128,0.4249197840690613,0.46094563603401184,Qwen2.5-32B-Instruct,32000000000,wiki_ar,1459,72
wiki_zh: wiki_zh: 然而在中世纪这将近一千年中哲学在欧洲仍取得了长足地发展。,1.3,483,1773674460.6155171,2026-03-16T16:21:00.615530,0.3985665738582611,0.4375467896461487,Qwen2.5-32B-Instruct,32000000000,wiki_zh,1460,73
wiki_zh: wiki_zh: ancient literature，古文，今文」。,0.7,494,1773674506.7068644,2026-03-16T16:21:46.706870,0.43352171778678894,0.46052688360214233,Qwen2.5-32B-Instruct,32000000000,wiki_zh,1461,73
wiki_zh: wiki_zh: 對其每一個問題的解答都有著一百萬美元的獎金，而當中只有一個問題（黎曼猜想）和希爾伯特的問題重複。,1.3,465,1773674553.1897793,2026-03-16T16:22:33.189789,0.3909688889980316,0.44600844383239746,Qwen2.5-32B-Instruct,32000000000,wiki_zh,1462,73
wiki_zh: wiki_zh: 但，尼采对其进行彻底的改革，有“对所有价值重新作出评价”的论述。,1.0,483,1773674599.202753,2026-03-16T16:23:19.202758,0.3984922170639038,0.4396132230758667,Qwen2.5-32B-Instruct,32000000000,wiki_zh,1463,73
wiki_ja: wiki_ja: 両者はともに古代から使用され、中世を通してラテン語の et を表すために使用された。,0.7,478,1773674645.9801667,2026-03-16T16:24:05.980172,0.4183063209056854,0.4609704613685608,Qwen2.5-32B-Instruct,32000000000,wiki_ja,1464,73
wiki_zh: wiki_zh: 如同音樂符號一般，現今的數學符號有明確的語法，並且有效地對訊息作編碼，這是其他書寫方式難以做到的。,0.7,464,1773674680.0547602,2026-03-16T16:24:40.054765,0.39783549308776855,0.4537769556045532,Qwen2.5-32B-Instruct,32000000000,wiki_zh,1465,73
"wiki_pl: wiki_pl: SOM zmieniono na SOH),  przeniesienie lub usunięcie niektórych znaków kontrolnych (np.",0.7,478,1773674726.6002936,2026-03-16T16:25:26.600299,0.41160592436790466,0.4549139738082886,Qwen2.5-32B-Instruct,32000000000,wiki_pl,1466,73
wiki_ja: wiki_ja: また、今日では和語と扱われる「ほとけ（仏）」「かわら（瓦）」なども梵語由来であるとされる。,1.0,468,1773674773.35877,2026-03-16T16:26:13.358780,0.39171847701072693,0.4432503879070282,Qwen2.5-32B-Instruct,32000000000,wiki_ja,1467,73
wiki_ar: wiki_ar: الغلاف الجوّي لعطارد بنسبة 3.,1.3,493,1773674819.68288,2026-03-16T16:26:59.682885,0.4243224859237671,0.45245131850242615,Qwen2.5-32B-Instruct,32000000000,wiki_ar,1468,73
wiki_ja: wiki_ja: 名詞のうち、代名詞・数詞を独立させる考え方もある。,1.0,487,1773674866.8070905,2026-03-16T16:27:46.807103,0.41868776082992554,0.45229390263557434,Qwen2.5-32B-Instruct,32000000000,wiki_ja,1469,73
wiki_zh: wiki_zh: 如同大多數的研究領域，科學知識的爆發導致了數學的專業化。,0.7,484,1773674913.5689647,2026-03-16T16:28:33.568976,0.4111737608909607,0.4465625584125519,Qwen2.5-32B-Instruct,32000000000,wiki_zh,1470,73
"wiki_pl: wiki_pl: ASCII jest tradycyjną nazwą tego zestawu znaków, jednak IANA zaleca używanie określenia US-ASCII, które podkreśla pochodzenie standardu, oraz to, pod kątem jakich znaków był projektowany (ASCII nie zawiera na przykład liter diakrytyzowanych, powszechnych w alfabetach europejskich).",1.0,418,1773674960.7130768,2026-03-16T16:29:20.713089,0.3474648594856262,0.4485244154930115,Qwen2.5-32B-Instruct,32000000000,wiki_pl,1471,73
wiki_zh: wiki_zh: 即使是「最純的」數學通常亦有實際的用途，此一非比尋常的事實，被1963年諾貝爾物理獎得主維格納稱為「數學在自然科學中不可想像的有效性」。,1.0,446,1773675007.339749,2026-03-16T16:30:07.339763,0.36937907338142395,0.44290411472320557,Qwen2.5-32B-Instruct,32000000000,wiki_zh,1472,73
wiki_zh: wiki_zh: 最後，資訊理論專注在可以儲存在特定媒介內的資料總量，且因此有壓縮及熵等概念。,0.7,475,1773675053.7412484,2026-03-16T16:30:53.741258,0.396654337644577,0.44108065962791443,Qwen2.5-32B-Instruct,32000000000,wiki_zh,1473,73
wiki_ar: wiki_ar: يعيشون في مناطق تعاني من ندرة مادّيّة للمياه حيث لا توجد كمّيّة كافية من الماء لتلبية كافّة الحاجيّات الضروريّة.,0.7,453,1773675100.6266692,2026-03-16T16:31:40.626674,0.38050198554992676,0.44661083817481995,Qwen2.5-32B-Instruct,32000000000,wiki_ar,1474,73
wiki_ja: wiki_ja: 一方、アクセント核は単語に固定されており、「たまご」の「ま」の後の下がり目はなくなることがない。,1.0,470,1773675147.4587877,2026-03-16T16:32:27.458793,0.39693114161491394,0.4461614191532135,Qwen2.5-32B-Instruct,32000000000,wiki_ja,1475,73
wiki_ja: wiki_ja: 文体の位相差  談話の文体（話体）は、話し手の性別・年齢・職業・場面など、位相の違いによって左右される部分が大きい。,0.7,458,1773675194.1417398,2026-03-16T16:33:14.141745,0.387005478143692,0.4468196630477905,Qwen2.5-32B-Instruct,32000000000,wiki_ja,1476,73
"wiki_pl: wiki_pl: Średnica jądra atomowego wynosi około  fm, gdzie A oznacza liczbę nukleonów.",0.7,476,1773675240.5441327,2026-03-16T16:34:00.544138,0.4189407229423523,0.4623946249485016,Qwen2.5-32B-Instruct,32000000000,wiki_pl,1477,73
wiki_ar: wiki_ar: للماء أيضاً دور مهمّ في تأمين وسط معتدل أس هيدروجيني ~ 7،,0.7,480,1773675287.3047862,2026-03-16T16:34:47.304794,0.4115796387195587,0.4538780748844147,Qwen2.5-32B-Instruct,32000000000,wiki_ar,1478,73
wiki_pl: wiki_pl: Pozostałe posiadają średnio po około 3 stabilne izotopy.,1.3,487,1773675333.6485698,2026-03-16T16:35:33.648579,0.4370604455471039,0.469966858625412,Qwen2.5-32B-Instruct,32000000000,wiki_pl,1479,73
wiki_ar: wiki_ar: والذي كان يتّبع المدرسة الفلسفيّة الأحاديّة (أو الواحدية)،,1.3,482,1773675380.519464,2026-03-16T16:36:20.519481,0.40202534198760986,0.4409920573234558,Qwen2.5-32B-Instruct,32000000000,wiki_ar,1480,74
wiki_zh: wiki_zh: 中国历史文學則從尚書、春秋、戰國策、史記等一直延續下來，而且有很詳細的資料記錄。,1.3,473,1773675427.1116219,2026-03-16T16:37:07.111631,0.4117708206176758,0.4598615765571594,Qwen2.5-32B-Instruct,32000000000,wiki_zh,1481,74
wiki_ja: wiki_ja: また、賀茂真淵は『語意考』（1789年）を著し、「約・延・略・通」の考え方を示した。,1.0,464,1773675473.963424,2026-03-16T16:37:53.963434,0.3960668444633484,0.4508849084377289,Qwen2.5-32B-Instruct,32000000000,wiki_ja,1482,74
wiki_ar: wiki_ar: فوفق المعتقد الإسلامي كان الملاك جبريل هو من فجّر تلك البئر بعقبه لإسماعيل وأمّه هاجر،,0.7,470,1773675520.9695363,2026-03-16T16:38:40.969546,0.4196786880493164,0.46969348192214966,Qwen2.5-32B-Instruct,32000000000,wiki_ar,1483,74
wiki_ar: wiki_ar: يستخدم الماء بشكل أساسي كمادّة تبريد ووسط في المبادلات الحراريّة نظراً لوفرته وللسعة الحراريّة المرتفعة سواءً للتبريد أو التسخين.,1.0,454,1773675567.6577766,2026-03-16T16:39:27.657786,0.389964759349823,0.45520853996276855,Qwen2.5-32B-Instruct,32000000000,wiki_ar,1484,74
wiki_ar: wiki_ar: عندما تنقص كمّيّة الماء في الجسم يشعر الإنسان بالعطش؛,1.3,486,1773675614.509363,2026-03-16T16:40:14.509373,0.41538578271865845,0.4510650634765625,Qwen2.5-32B-Instruct,32000000000,wiki_ar,1485,74
wiki_ar: wiki_ar: والتي تفيد في معرفة كلفة الاستهلاك مقابل خدمة التمديد.,0.7,484,1773675660.913883,2026-03-16T16:41:00.913893,0.42759591341018677,0.4647219479084015,Qwen2.5-32B-Instruct,32000000000,wiki_ar,1486,74
wiki_ar: wiki_ar: مع ازدياد عدد السكان في الأرض ومع حدوث شحّ في الموارد المائيّة في عدد من دول العالم،,1.3,476,1773675707.6621547,2026-03-16T16:41:47.662164,0.40310046076774597,0.44762516021728516,Qwen2.5-32B-Instruct,32000000000,wiki_ar,1487,74
wiki_zh: wiki_zh: 牛頓和莱布尼兹是微積分的發明者，費曼發明了費曼路徑積分，這是推理及物理洞察二者的產物，而今日的弦理論亦引申出新的數學。,1.0,452,1773675754.0121822,2026-03-16T16:42:34.012192,0.3736221194267273,0.4422072172164917,Qwen2.5-32B-Instruct,32000000000,wiki_zh,1488,74
"wiki_pl: wiki_pl: 95 spośród nich stanowią znaki drukowalne: małe i wielkie litery alfabetu łacińskiego, cyfry, znaki przestankowe oraz inne symbole.",1.3,460,1773675800.5928366,2026-03-16T16:43:20.592846,0.3948761522769928,0.4540528357028961,Qwen2.5-32B-Instruct,32000000000,wiki_pl,1489,74
wiki_ar: wiki_ar: أو السلق على نار هادئة،,1.0,496,1773675846.9697125,2026-03-16T16:44:06.969718,0.4366213381290436,0.46198806166648865,Qwen2.5-32B-Instruct,32000000000,wiki_ar,1490,74
wiki_zh: wiki_zh: 中世纪的哲学家包括基督教学者希波的奥古斯丁、波爱修斯、安瑟倫、、皮埃尔·阿伯拉尔、罗吉尔·培根、圣文德、托马斯·阿奎那、邓斯·司各脱、奥卡姆的威廉和让·布里丹等；,0.7,431,1773675893.9418027,2026-03-16T16:44:53.941812,0.3760577142238617,0.4652235805988312,Qwen2.5-32B-Instruct,32000000000,wiki_zh,1491,74
wiki_zh: wiki_zh: 古希腊-罗马   古希腊-罗马哲学是西方哲学的一个时期，时间为公元前6世纪[约585]到公元6世纪。,1.3,471,1773675940.0665927,2026-03-16T16:45:40.066603,0.4099183976650238,0.4578305184841156,Qwen2.5-32B-Instruct,32000000000,wiki_zh,1492,74
wiki_ja: wiki_ja: 話者数7位のアラビア語も広い共通言語圏を持つ言語である。,0.7,476,1773675986.7320197,2026-03-16T16:46:26.732029,0.4098623991012573,0.45449674129486084,Qwen2.5-32B-Instruct,32000000000,wiki_ja,1493,74
wiki_ja: wiki_ja: これは、世界の一体化が進み、交通網の整備や流通の迅速化、ラジオ・テレビといったマスメディアの発達によってそれまで孤立を保っていた小さな言語がそのコミュニティを維持できなくなるために起こると考えられている。,0.7,445,1773676033.992314,2026-03-16T16:47:13.992320,0.37242406606674194,0.445603609085083,Qwen2.5-32B-Instruct,32000000000,wiki_ja,1494,74
wiki_zh: wiki_zh: 洛克发展了经验论，他不认同笛卡尔的“天赋观念”，提出白板说，他强调人们从感觉中抽象出普遍的概念，认为感觉中的个别东西才是第一位的。,0.7,460,1773676080.6308033,2026-03-16T16:48:00.630808,0.3930118680000305,0.4505917429924011,Qwen2.5-32B-Instruct,32000000000,wiki_zh,1495,74
wiki_ja: wiki_ja: 英語の基礎語彙で、同じ親から生まれた者を「」「」の2語のみで区別するのに比べれば、日本語では、男女・長幼によって「アニ」「アネ」「オトウト」「イモウト」の4語を区別し、より詳しい体系であるといえる（古代には、年上のみ「アニ」「アネ」と区別し、年下は「オト」と一括した）。,0.7,404,1773676127.5990953,2026-03-16T16:48:47.599107,0.3326626718044281,0.4494270980358124,Qwen2.5-32B-Instruct,32000000000,wiki_ja,1496,74
wiki_ar: wiki_ar: تحدّد جودة الماء وملاءمته للاستخدام عادةً بإجراء التحاليل الكيميائية الموافقة في المختبرات الاختصاصية.,1.3,465,1773676174.3818164,2026-03-16T16:49:34.381822,0.39856454730033875,0.4535696804523468,Qwen2.5-32B-Instruct,32000000000,wiki_ar,1497,74
wiki_zh: wiki_zh: 存在主义强调个人、獨立自主和主观经验，認為人存在的意義是無法經由理性思考而得到答案。,1.0,477,1773676220.576351,2026-03-16T16:50:20.576356,0.40436437726020813,0.446743369102478,Qwen2.5-32B-Instruct,32000000000,wiki_zh,1498,74
wiki_ja: wiki_ja: しかし、英語は特殊な言語だ」と結論している。,0.7,488,1773676267.1419077,2026-03-16T16:51:07.141912,0.4453165829181671,0.4774906039237976,Qwen2.5-32B-Instruct,32000000000,wiki_ja,1499,74
"wiki_pl: wiki_pl: Przypominało to teorię atomizmu, z wyjątkiem odrzucenia koncepcji, że te cząsteczki są niepodzielne.",0.7,466,1773676313.5664575,2026-03-16T16:51:53.566463,0.4285503029823303,0.4812559485435486,Qwen2.5-32B-Instruct,32000000000,wiki_pl,1500,75
"wiki_pl: wiki_pl: Jest także nazwą programu początkowo dostępnego dla systemów operacyjnych będących pochodnymi UNIX-a, obecnie także na inne platformy.",0.7,469,1773676359.9658628,2026-03-16T16:52:39.965873,0.4301956593990326,0.4798663556575775,Qwen2.5-32B-Instruct,32000000000,wiki_pl,1501,75
wiki_pl: wiki_pl: Największą liczbę stabilnych izotopów (10) ma cyna.,0.7,486,1773676406.0881891,2026-03-16T16:53:26.088198,0.44416433572769165,0.47814127802848816,Qwen2.5-32B-Instruct,32000000000,wiki_pl,1502,75
wiki_ja: wiki_ja: このうち、梵語の語彙は、多く漢語に取り入れられた後に、仏教と共に日本に伝えられた。,0.7,475,1773676452.5488842,2026-03-16T16:54:12.548892,0.41911590099334717,0.46493303775787354,Qwen2.5-32B-Instruct,32000000000,wiki_ja,1503,75
wiki_ar: wiki_ar: أمّا في نظريّة الأخلاط الأربعة فاقترن الماء مع البلغم بكونه بارداً ورطباً.,1.3,469,1773676499.5039344,2026-03-16T16:54:59.503945,0.404908150434494,0.45713186264038086,Qwen2.5-32B-Instruct,32000000000,wiki_ar,1504,75
"wiki_pl: wiki_pl: {     w += NF     c += length + 1 } END { print NR, w, c } Ze względu na brak wzorca w pierwszej linii programu akcja jest wykonywana dla każdego wiersza wejścia.",1.3,451,1773676546.1542053,2026-03-16T16:55:46.154215,0.4031020402908325,0.4712001383304596,Qwen2.5-32B-Instruct,32000000000,wiki_pl,1505,75
wiki_ar: wiki_ar: كما أن تسخين الماء لنقل الحرارة عمليّة فعّالة عن طريق تبخير وتكثيف الماء وذلك بسبب حرارة التبخر العالية له.,1.3,465,1773676592.7564566,2026-03-16T16:56:32.756462,0.4236108064651489,0.47742772102355957,Qwen2.5-32B-Instruct,32000000000,wiki_ar,1506,75
wiki_ja: wiki_ja: すなわち、動詞の態（特に受け身・使役・可能など。,0.7,483,1773676639.32495,2026-03-16T16:57:19.324963,0.4188336133956909,0.45745849609375,Qwen2.5-32B-Instruct,32000000000,wiki_ja,1507,75
wiki_zh: wiki_zh: 但在1930年代時，在數理邏輯上的重大進展顯示數學不能歸併至邏輯內，且波普爾推斷「大部份的數學定律，如物理及生物學一樣，是假設演繹的：純數學因此變得更接近其假設為猜測的自然科學，比它現在看起來更接近。,1.3,420,1773676686.7134247,2026-03-16T16:58:06.713434,0.3520658612251282,0.45188361406326294,Qwen2.5-32B-Instruct,32000000000,wiki_zh,1508,75
wiki_zh: wiki_zh: 大众文学又名：俗文學、通俗文學）。,1.0,491,1773676733.4557157,2026-03-16T16:58:53.455725,0.4017305374145508,0.4364628493785858,Qwen2.5-32B-Instruct,32000000000,wiki_zh,1509,75
wiki_ar: wiki_ar: ويقال عن الماء الكثير أنّه: السَّعْبَر،,1.0,487,1773676780.1555827,2026-03-16T16:59:40.155593,0.44852617383003235,0.48054778575897217,Qwen2.5-32B-Instruct,32000000000,wiki_ar,1510,75
"wiki_pl: wiki_pl: Wyjście jest zawsze zakończone predefiniowanym separatorem rekordów (output record separator (ORS)), który domyślnie jest znakiem nowej linii.",1.3,462,1773676826.7899737,2026-03-16T17:00:26.789983,0.41566896438598633,0.4729366600513458,Qwen2.5-32B-Instruct,32000000000,wiki_pl,1511,75
"wiki_pl: wiki_pl: Urządzenie to wykorzystuje pole magnetyczne do odchylenia trajektorii jonów, a stopień odchylenia zależy od stosunku ładunku jonu do jego masy.",1.3,459,1773676873.4018764,2026-03-16T17:01:13.401882,0.4043814539909363,0.465171754360199,Qwen2.5-32B-Instruct,32000000000,wiki_pl,1512,75
wiki_ja: wiki_ja: 助詞「は」（ワ）と前の部分とが連声を起こすと、「人間は」→「ニンゲンナ」、「今日は」→「コンニッタ」となった。,1.0,458,1773676920.106499,2026-03-16T17:02:00.106509,0.38690605759620667,0.447747141122818,Qwen2.5-32B-Instruct,32000000000,wiki_ja,1513,75
"wiki_pl: wiki_pl: Posiada ono szereg stanów energetycznych podobnych do atomu wodoru, ale ze względu na znacznie niższą masę częstości przejść między stanami energetycznymi są o ponad połowę mniejsze (stan podstawowy ma energię −6,8 eV).",1.3,434,1773676966.8668911,2026-03-16T17:02:46.866901,0.34685519337654114,0.433371901512146,Qwen2.5-32B-Instruct,32000000000,wiki_pl,1514,75
wiki_pl: wiki_pl: Powiązał on ciepło gazu z kwadratem średniej prędkości jego cząsteczek.,0.7,477,1773677013.2801945,2026-03-16T17:03:33.280204,0.40850090980529785,0.454087495803833,Qwen2.5-32B-Instruct,32000000000,wiki_pl,1515,75
wiki_zh: wiki_zh: 2001年，为了纪念2002年挪威著名数学家尼尔斯·亨利克·阿贝尔二百周年诞辰，挪威政府宣布将开始颁发此种奖金。,1.3,463,1773677059.7468915,2026-03-16T17:04:19.746901,0.38980093598365784,0.446022093296051,Qwen2.5-32B-Instruct,32000000000,wiki_zh,1516,75
wiki_pl: wiki_pl: W ten sposób pierwiastek hel został odkryty w Słońcu 23 lata przed zaobserwowaniem go na Ziemi.,1.3,472,1773677106.2395964,2026-03-16T17:05:06.239606,0.4182654023170471,0.46587637066841125,Qwen2.5-32B-Instruct,32000000000,wiki_pl,1517,75
wiki_ar: wiki_ar: كما يسهم الماء في حدوث عمليّات التجوية الكيميائيّة والفيزيائيّة.,1.0,479,1773677152.769333,2026-03-16T17:05:52.769342,0.41227278113365173,0.45305120944976807,Qwen2.5-32B-Instruct,32000000000,wiki_ar,1518,75
wiki_zh: wiki_zh: 哲学写作的新结构。,1.0,496,1773677199.1321747,2026-03-16T17:06:39.132184,0.42914924025535583,0.4543082118034363,Qwen2.5-32B-Instruct,32000000000,wiki_zh,1519,75
wiki_ja: wiki_ja: また、当該の語形が外国語にない「パネラー」（パネリストの意）「プレゼンテーター」（プレゼンテーションをする人。,0.7,465,1773677246.0871186,2026-03-16T17:07:26.087128,0.390854150056839,0.44653502106666565,Qwen2.5-32B-Instruct,32000000000,wiki_ja,1520,76
wiki_ar: wiki_ar: الخواص الفيزيائية والكيميائية   يمكن إيراد الخواص الكيميائيّة والفيزيائيّة الأساسيّة للماء على شكل النقاط التالية:  الماء سائل عند ظروف الضغط والحرارة القياسيّة المحيطة وذلك عند 298.,1.3,432,1773677292.9196231,2026-03-16T17:08:12.919633,0.3761182725429535,0.46346840262413025,Qwen2.5-32B-Instruct,32000000000,wiki_ar,1521,76
wiki_pl: wiki_pl: Najstarsze odniesienia do atomów można znaleźć w pismach poświęconych dźinizmowi napisanych w VI wieku p.n.e.,0.7,469,1773677339.6024318,2026-03-16T17:08:59.602437,0.4029900133609772,0.4566270709037781,Qwen2.5-32B-Instruct,32000000000,wiki_pl,1522,76
wiki_zh: wiki_zh: 數學語言亦對初學者而言感到困難。,1.0,491,1773677385.78984,2026-03-16T17:09:45.789849,0.44301435351371765,0.4743625521659851,Qwen2.5-32B-Instruct,32000000000,wiki_zh,1523,76
wiki_zh: wiki_zh: 从他们的批判看来，在他们的古典时代一个在更高尚地、纯粹地“爱智慧”（真的哲学家）与那些更早更普遍的旅行教师——经常也通过自己的技艺来赚钱——之间的分水岭之后被建立。,1.3,452,1773677431.9888272,2026-03-16T17:10:31.988837,0.34843629598617554,0.417478084564209,Qwen2.5-32B-Instruct,32000000000,wiki_zh,1524,76
wiki_zh: wiki_zh: 公元前5世纪中期，普罗泰戈拉和高尔吉亚等所形成的辯士學派将研究的重点由自然转移到人类本身。,1.3,470,1773677478.261284,2026-03-16T17:11:18.261301,0.38416486978530884,0.4347097873687744,Qwen2.5-32B-Instruct,32000000000,wiki_zh,1525,76
wiki_zh: wiki_zh: 不过他基本认同笛卡尔的二元论。,0.7,492,1773677524.537496,2026-03-16T17:12:04.537506,0.41737309098243713,0.4471410810947418,Qwen2.5-32B-Instruct,32000000000,wiki_zh,1526,76
wiki_zh: wiki_zh: 因而所有數學的最終公理化是不可能的。,1.3,490,1773677539.69105,2026-03-16T17:12:19.691055,0.4149159789085388,0.44763973355293274,Qwen2.5-32B-Instruct,32000000000,wiki_zh,1527,76
"wiki_pl: wiki_pl: Standard ASCII był uaktualniany czterokrotnie – w latach 1967, 1968, 1977 i 1986.",0.7,462,1773677586.4649882,2026-03-16T17:13:06.464994,0.4047735035419464,0.46265709400177,Qwen2.5-32B-Instruct,32000000000,wiki_pl,1528,76
wiki_ar: wiki_ar: ازدادت أهمّيّة الوعي حول الترشيد في استخدام الموارد المائيّة في العقود الأخيرة،,1.0,476,1773677633.148562,2026-03-16T17:13:53.148568,0.41181015968322754,0.45579636096954346,Qwen2.5-32B-Instruct,32000000000,wiki_ar,1529,76
wiki_ar: wiki_ar: مثل التخلص من الفضلات على سبيل المثال.,1.0,493,1773677679.9533887,2026-03-16T17:14:39.953412,0.4366764724254608,0.46399468183517456,Qwen2.5-32B-Instruct,32000000000,wiki_ar,1530,76
wiki_zh: wiki_zh: 怎樣研習純數學（或統計學） ：本科與基礎研究課程參考書目。,1.3,480,1773677726.4481769,2026-03-16T17:15:26.448190,0.4232579171657562,0.46673697233200073,Qwen2.5-32B-Instruct,32000000000,wiki_zh,1531,76
wiki_ar: wiki_ar: الزراعة   يعد الري الاستخدام الأهمّ للماء في الزراعة،,1.3,487,1773677773.1059365,2026-03-16T17:16:13.105942,0.4130537807941437,0.4478190243244171,Qwen2.5-32B-Instruct,32000000000,wiki_ar,1532,76
wiki_ar: wiki_ar: يمثّل الماء أمراً جوهرياً فيما يخص أمور النظافة بشكل عام والنظافة الشخصيّة بشكل خاص،,1.0,471,1773677819.860728,2026-03-16T17:16:59.860742,0.4183884561061859,0.46687254309654236,Qwen2.5-32B-Instruct,32000000000,wiki_ar,1533,76
wiki_ar: wiki_ar: تفسّر خاصّيّة التوتّر السطحي للماء ظاهرة إمكانيّة وقوف الحشرات خفيفة الوزن على سطح الماء،,1.0,460,1773677867.0202396,2026-03-16T17:17:47.020255,0.4006330966949463,0.4601138234138489,Qwen2.5-32B-Instruct,32000000000,wiki_ar,1534,76
wiki_ja: wiki_ja: また、江戸時代には、蘭学などの興隆とともに、「アルコール」「エレキ」「ガラス」「コーヒー」「ソーダ」「ドンタク」などのオランダ語が伝えられた。,1.0,456,1773677913.7548702,2026-03-16T17:18:33.754882,0.3838706314563751,0.4485045075416565,Qwen2.5-32B-Instruct,32000000000,wiki_ja,1535,76
"wiki_pl: wiki_pl: Składniki  Cząstki subatomowe  Mimo że słowo atom pierwotnie oznaczało cząstkę, której nie da się podzielić na mniejsze, współcześnie nazywa się nim strukturę zbudowaną z mniejszych cząstek: elektronów, protonów i neutronów.",0.7,425,1773677960.6704226,2026-03-16T17:19:20.670436,0.361422598361969,0.45641112327575684,Qwen2.5-32B-Instruct,32000000000,wiki_pl,1536,76
wiki_ar: wiki_ar: ممّا يبرز الأهمّيّة الحيويّة له بالنسبة لبقاء البشريّة.,1.3,480,1773678007.6520503,2026-03-16T17:20:07.652063,0.40652209520339966,0.4481707513332367,Qwen2.5-32B-Instruct,32000000000,wiki_ar,1537,76
wiki_ar: wiki_ar: ومع التوسّع في إنشاء المواضئ في المساجد لأداء الصلوات،,1.3,484,1773678054.1249723,2026-03-16T17:20:54.124978,0.4236944019794464,0.46157005429267883,Qwen2.5-32B-Instruct,32000000000,wiki_ar,1538,76
wiki_ja: wiki_ja: また海南島にすむ臨高人も民族籍上は漢民族であるが、その言語は漢語の方言としては扱われず、系統どおりタイ・カダイ語族の臨高語として扱われる。,1.3,453,1773678100.8680677,2026-03-16T17:21:40.868078,0.36513179540634155,0.43174660205841064,Qwen2.5-32B-Instruct,32000000000,wiki_ja,1539,76
wiki_ja: wiki_ja: 」「いくべ」などと各地の方言を会話に織り交ぜて使うことが流行し始め、女子高生のための方言参考書の類も現れた。,1.3,463,1773678148.4549131,2026-03-16T17:22:28.454919,0.3833859860897064,0.4408734142780304,Qwen2.5-32B-Instruct,32000000000,wiki_ja,1540,77
wiki_pl: wiki_pl: Choć zapis pól ($X) może kojarzyć się z zapisem określającym zmienne (jak np.,1.0,478,1773678195.146878,2026-03-16T17:23:15.146884,0.4173429608345032,0.4589647650718689,Qwen2.5-32B-Instruct,32000000000,wiki_pl,1541,77
"wiki_pl: wiki_pl: Nie są one przeznaczone do przenoszenia drukowalnych symboli, lecz do sterowania urządzeniem odbierającym dane.",1.3,471,1773678241.7137856,2026-03-16T17:24:01.713793,0.4065987467765808,0.4560597240924835,Qwen2.5-32B-Instruct,32000000000,wiki_pl,1542,77
wiki_zh: wiki_zh: 他还将伦理学划归到这个领域，从而在伦理学理论和对思想的理解中提出重要的路线。,0.7,479,1773678287.9525757,2026-03-16T17:24:47.952584,0.40713930130004883,0.451987624168396,Qwen2.5-32B-Instruct,32000000000,wiki_zh,1543,77
wiki_ar: wiki_ar: ويرجع ذلك لموقع الأرض في النطاق الصالح للحياة في النظام الشمسي،,0.7,483,1773678334.613318,2026-03-16T17:25:34.613323,0.43214237689971924,0.46977224946022034,Qwen2.5-32B-Instruct,32000000000,wiki_ar,1544,77
"wiki_pl: wiki_pl: Matematycy mówią, że dana teoria jest wyrażona w języku opartym na określonym alfabecie.",1.0,473,1773678380.8594382,2026-03-16T17:26:20.859443,0.403875470161438,0.45228540897369385,Qwen2.5-32B-Instruct,32000000000,wiki_pl,1545,77
wiki_ar: wiki_ar: كما تلاحظ أيضاً عند شوكيات الجلد مثل قنفذ البحر ونجم البحر وخيار البحر.,1.3,482,1773678427.2417278,2026-03-16T17:27:07.241733,0.41775575280189514,0.4563944637775421,Qwen2.5-32B-Instruct,32000000000,wiki_ar,1546,77
wiki_zh: wiki_zh: 泛函分析的眾多應用之一為量子力學。,0.7,490,1773678473.6781816,2026-03-16T17:27:53.678187,0.4252890348434448,0.4570140242576599,Qwen2.5-32B-Instruct,32000000000,wiki_zh,1547,77
wiki_zh: wiki_zh: 數的進一步廣義化可以持續至包含四元數及八元數。,0.7,485,1773678520.0395472,2026-03-16T17:28:40.039553,0.4281860589981079,0.4637112319469452,Qwen2.5-32B-Instruct,32000000000,wiki_zh,1548,77
wiki_ar: wiki_ar: ويتمثّل ذلك في العمليّات الحيويّة التالية: التركيب الضوئي وتحلّل السكّر وتحلّل الدهن ودورة حمض الستريك ودورة اليوريا.,0.7,450,1773678567.024969,2026-03-16T17:29:27.024975,0.3765825033187866,0.4456530213356018,Qwen2.5-32B-Instruct,32000000000,wiki_ar,1549,77
wiki_ar: wiki_ar: للأسماك مثلاً خياشيم بدلاً من الرئتين والتي تتمكّن من خلالها أن تعيش تحت الماء،,0.7,471,1773678613.807422,2026-03-16T17:30:13.807427,0.4147515892982483,0.4655199646949768,Qwen2.5-32B-Instruct,32000000000,wiki_ar,1550,77
"wiki_pl: wiki_pl: Ponad 99,9% masy atomu jest zawarte w jego jądrze.",1.0,484,1773678660.7209423,2026-03-16T17:31:00.720948,0.4315870702266693,0.46804264187812805,Qwen2.5-32B-Instruct,32000000000,wiki_pl,1551,77
"wiki_pl: wiki_pl: Stworzył pierwszy model struktury atomu, w którym ujemnie naładowane elektrony unoszą się w jednorodnej, dodatnio naładowanej kuli.",1.0,461,1773678707.5542333,2026-03-16T17:31:47.554239,0.40454843640327454,0.46229100227355957,Qwen2.5-32B-Instruct,32000000000,wiki_pl,1552,77
wiki_ja: wiki_ja: 日本人自らが日本語を特殊と考える原因としては、身近な他言語（英語など）が少ないことも挙げられる。,1.0,471,1773678754.3013847,2026-03-16T17:32:34.301390,0.3923749625682831,0.4414314329624176,Qwen2.5-32B-Instruct,32000000000,wiki_ja,1553,77
wiki_ar: wiki_ar: ومن جهة أخرى تسهم لزوجة وكثافة الماء الملائمة في كونه وسطاً ناقلاً للمركّبات اللاقطبيّة غير القابلة للذوبان في الماء،,1.0,456,1773678801.0324628,2026-03-16T17:33:21.032468,0.392184853553772,0.4557744562625885,Qwen2.5-32B-Instruct,32000000000,wiki_ar,1554,77
wiki_ar: wiki_ar: الصناعة  للماء أهمّيّة كبيرة في الصناعة وله العديد من التطبيقات.,1.0,482,1773678847.9853654,2026-03-16T17:34:07.985371,0.4172241687774658,0.4558810889720917,Qwen2.5-32B-Instruct,32000000000,wiki_ar,1555,77
wiki_pl: wiki_pl: Powiązał on ciepło gazu z kwadratem średniej prędkości jego cząsteczek.,1.3,477,1773678894.4425805,2026-03-16T17:34:54.442586,0.4113478362560272,0.4572600722312927,Qwen2.5-32B-Instruct,32000000000,wiki_pl,1556,77
wiki_ar: wiki_ar: بالإضافة إلى عمليّة النتح من نباتات اليابسة على شكل بخار ماء إلى الهواء.,0.7,480,1773678941.5250015,2026-03-16T17:35:41.525008,0.42776820063591003,0.46766337752342224,Qwen2.5-32B-Instruct,32000000000,wiki_ar,1557,77
wiki_ja: wiki_ja: しかしFOXP2は言語能力を有しない他の動物の多くが持っていること、FOXP2の変異が言語能力の獲得の必要条件であるとの直接的な証明はまだなされていないことなどに留意する必要がある。,1.3,448,1773678988.5206192,2026-03-16T17:36:28.520634,0.3750028610229492,0.44509023427963257,Qwen2.5-32B-Instruct,32000000000,wiki_ja,1558,77
"wiki_pl: wiki_pl: Na przykład, znak 10 (LF) oznaczający przejście do nowej linii, powoduje przesunięcie papieru w drukarce, a znak 8, czyli Backspace powodował cofnięcie karetki o jedno pole.",1.0,441,1773679035.4027057,2026-03-16T17:37:15.402711,0.3811853229999542,0.4590728282928467,Qwen2.5-32B-Instruct,32000000000,wiki_pl,1559,77
wiki_ar: wiki_ar: وقد قدّست التوراة المياه بسبب ما ذكر سلفاً في سفر التكوين عن بداية الخليقة،,1.3,479,1773679082.3556228,2026-03-16T17:38:02.355635,0.40058189630508423,0.44311070442199707,Qwen2.5-32B-Instruct,32000000000,wiki_ar,1560,78
wiki_ja: wiki_ja: 橋本進吉は、江戸時代の上代特殊仮名遣いの研究を再評価し、記紀や『万葉集』などの万葉仮名において「き・ひ・み・け・へ・め・こ・そ・と・の・も・よ・ろ」の表記に2種類の仮名が存在することを指摘した（甲類・乙類と称する。,1.0,405,1773679129.4402893,2026-03-16T17:38:49.440294,0.32378503680229187,0.43794748187065125,Qwen2.5-32B-Instruct,32000000000,wiki_ja,1561,78
wiki_pl: wiki_pl: Widma stanów wzbudzonych umożliwiają analizę składu chemicznego odległych gwiazd.,1.3,477,1773679175.7282643,2026-03-16T17:39:35.728270,0.4163913428783417,0.46062037348747253,Qwen2.5-32B-Instruct,32000000000,wiki_pl,1562,78
wiki_pl: wiki_pl: Ta różnica odpowiada za różnicę w masach i ładunku tych dwóch cząstek.,0.7,481,1773679222.1488445,2026-03-16T17:40:22.148850,0.42946359515190125,0.46900954842567444,Qwen2.5-32B-Instruct,32000000000,wiki_pl,1563,78
wiki_ar: wiki_ar: الصناعة  للماء أهمّيّة كبيرة في الصناعة وله العديد من التطبيقات.,0.7,482,1773679268.689843,2026-03-16T17:41:08.689848,0.42134585976600647,0.4600503146648407,Qwen2.5-32B-Instruct,32000000000,wiki_ar,1564,78
wiki_pl: wiki_pl: Choć zapis pól ($X) może kojarzyć się z zapisem określającym zmienne (jak np.,0.7,478,1773679315.181956,2026-03-16T17:41:55.181964,0.41547468304634094,0.458762526512146,Qwen2.5-32B-Instruct,32000000000,wiki_pl,1565,78
wiki_zh: wiki_zh: 愛因斯坦曾如此描述：「數學定律越和現實有關，它們越不確定；,1.0,480,1773679361.818511,2026-03-16T17:42:41.818524,0.3856288194656372,0.4282003343105316,Qwen2.5-32B-Instruct,32000000000,wiki_zh,1566,78
wiki_zh: wiki_zh: 即使是「最純的」數學通常亦有實際的用途，此一非比尋常的事實，被1963年諾貝爾物理獎得主維格納稱為「數學在自然科學中不可想像的有效性」。,0.7,446,1773679408.6658435,2026-03-16T17:43:28.665853,0.3556116819381714,0.42792874574661255,Qwen2.5-32B-Instruct,32000000000,wiki_zh,1567,78
wiki_ar: wiki_ar: كان الفيلسوف اليوناني إيمبيدوكليس أوّل من قدّم مفهوم نظرية العناصر الأربعة التي يتكوّن منها العالم،,1.3,466,1773679455.279206,2026-03-16T17:44:15.279211,0.39653703570365906,0.44999516010284424,Qwen2.5-32B-Instruct,32000000000,wiki_ar,1568,78
wiki_pl: wiki_pl: Metoda ta pozwala na uzyskiwanie nanometrowej rozdzielczości i na trójwymiarowe obrazowanie przemieszczeń atomów w czasie femtosekund.,0.7,458,1773679501.7715142,2026-03-16T17:45:01.771519,0.39905038475990295,0.45983949303627014,Qwen2.5-32B-Instruct,32000000000,wiki_pl,1569,78
wiki_ar: wiki_ar: والتي يترافق حدوثها بنشوء رياح تندفع خارجاً بقوّة،,1.3,481,1773679534.0445807,2026-03-16T17:45:34.044586,0.40771862864494324,0.4485502541065216,Qwen2.5-32B-Instruct,32000000000,wiki_ar,1570,78
wiki_zh: wiki_zh: 亦有著拓撲群的研究，結合了結構與空間。,1.0,488,1773679581.0810168,2026-03-16T17:46:21.081026,0.4111834466457367,0.44603419303894043,Qwen2.5-32B-Instruct,32000000000,wiki_zh,1571,78
wiki_zh: wiki_zh: 这包括苏格拉底被称为蘇格拉底反詰法或“反驳论证”方法的辩证法，他主要用其来检验例如善良和公平正義的关键道德概念。,0.7,462,1773679627.7255087,2026-03-16T17:47:07.725518,0.36587822437286377,0.4239265024662018,Qwen2.5-32B-Instruct,32000000000,wiki_zh,1572,78
wiki_ar: wiki_ar: بما أنّ كهرسلبية ذرّة الأكسجين حسب مقياس باولنغ (3.,0.7,482,1773679674.5521824,2026-03-16T17:47:54.552189,0.4240601062774658,0.4629315435886383,Qwen2.5-32B-Instruct,32000000000,wiki_ar,1573,78
wiki_ar: wiki_ar: حيث يستخدم لذلك بالإضافة إلى الماء الصابون والمواد المنظّفة الملائمة.,0.7,485,1773679721.106497,2026-03-16T17:48:41.106509,0.41848817467689514,0.4554530382156372,Qwen2.5-32B-Instruct,32000000000,wiki_ar,1574,78
wiki_ar: wiki_ar: على شكل بخار ماء  يوجد الماء بحالته الغازيّة على هيئة بخار ماء،,0.7,480,1773679768.1360288,2026-03-16T17:49:28.136034,0.40649256110191345,0.44714751839637756,Qwen2.5-32B-Instruct,32000000000,wiki_ar,1575,78
wiki_ar: wiki_ar: والتي يترافق حدوثها بنشوء رياح تندفع خارجاً بقوّة،,0.7,481,1773679815.0195513,2026-03-16T17:50:15.019556,0.40494853258132935,0.4460846185684204,Qwen2.5-32B-Instruct,32000000000,wiki_ar,1576,78
wiki_zh: wiki_zh: 其他主要哲學家包括海德格、莫里斯·梅洛-庞蒂 以及伊曼纽尔·列维纳斯。,1.0,473,1773679861.6878593,2026-03-16T17:51:01.687865,0.4158131778240204,0.4626734256744385,Qwen2.5-32B-Instruct,32000000000,wiki_zh,1577,78
wiki_zh: wiki_zh: 現今的符號使得數學對於專家而言更容易掌握，但初學者卻常對此望而却步。,1.3,475,1773679908.3975856,2026-03-16T17:51:48.397595,0.38611018657684326,0.43294891715049744,Qwen2.5-32B-Instruct,32000000000,wiki_zh,1578,78
wiki_pl: wiki_pl: Przypisy  Linki zewnętrzne    Polskie Towarzystwo Alergologiczne  Polskie Towarzystwo Zwalczania Chorób Alergicznych     Specjalności lekarskie,1.3,455,1773679955.138108,2026-03-16T17:52:35.138117,0.38803714513778687,0.4530850648880005,Qwen2.5-32B-Instruct,32000000000,wiki_pl,1579,78
"wiki_pl: wiki_pl: Atmosfera ziemska składa się głównie z azotu (N2), tlenu (O2), pary wodnej (H2O), argonu (Ar) i dwutlenku węgla (CO2).",1.3,454,1773680002.3005278,2026-03-16T17:53:22.300538,0.38993093371391296,0.4554409682750702,Qwen2.5-32B-Instruct,32000000000,wiki_pl,1580,79
wiki_ja: wiki_ja: このほか、江戸時代で注目すべき研究としては、石塚龍麿の『仮字用格奥山路』がある。,0.7,472,1773680049.1942506,2026-03-16T17:54:09.194260,0.39762118458747864,0.44597679376602173,Qwen2.5-32B-Instruct,32000000000,wiki_ja,1581,79
wiki_ja: wiki_ja: どの世代の人も、若い間だけ使う言葉。,1.3,491,1773680095.7715635,2026-03-16T17:54:55.771573,0.4135575592517853,0.4464113414287567,Qwen2.5-32B-Instruct,32000000000,wiki_ja,1582,79
wiki_zh: wiki_zh: 在微分幾何中有著纖維叢及流形上的微積分等概念。,1.3,482,1773680142.38781,2026-03-16T17:55:42.387815,0.4135667085647583,0.4520290195941925,Qwen2.5-32B-Instruct,32000000000,wiki_zh,1583,79
wiki_zh: wiki_zh: 作为一个哲学运动，现象学于二十世纪早期由埃德蒙德·胡塞尔创立，之后被他在德国的哥廷根大学和慕尼黑大学中的一派追随者发展壮大。,1.0,462,1773680188.750148,2026-03-16T17:56:28.750158,0.3787681758403778,0.4376765191555023,Qwen2.5-32B-Instruct,32000000000,wiki_zh,1584,79
wiki_zh: wiki_zh: 哲学中的形而上学（英语：metaphysics）的中文名稱取自《易經·繫辭上傳》「形而上者谓之道，形而下者谓之器」一語。,1.0,454,1773680235.5791776,2026-03-16T17:57:15.579188,0.36168617010116577,0.42616933584213257,Qwen2.5-32B-Instruct,32000000000,wiki_zh,1585,79
wiki_zh: wiki_zh: 牛頓和莱布尼兹是微積分的發明者，費曼發明了費曼路徑積分，這是推理及物理洞察二者的產物，而今日的弦理論亦引申出新的數學。,1.3,452,1773680282.3505445,2026-03-16T17:58:02.350554,0.3582248091697693,0.4244416654109955,Qwen2.5-32B-Instruct,32000000000,wiki_zh,1586,79
wiki_zh: wiki_zh: 至此之后，数学的本质及其地位，一直都是哲学的主要问题之一，数学不受观察和实验造成的不确定性影响，而且是通过纯粹的思想加以理解的。,1.3,470,1773680328.6080568,2026-03-16T17:58:48.608062,0.36786240339279175,0.4162956476211548,Qwen2.5-32B-Instruct,32000000000,wiki_zh,1587,79
wiki_zh: wiki_zh: 哲学的定义  英国哲学家罗素对哲学的定义是：  胡適在《中国哲学史大纲》中称「凡研究人生切要的问题，从根本上着想，要寻一个根本的解决：这种学问叫做哲学」。,1.0,445,1773680375.2978325,2026-03-16T17:59:35.297842,0.36017757654190063,0.43164587020874023,Qwen2.5-32B-Instruct,32000000000,wiki_zh,1588,79
wiki_pl: wiki_pl: Powstaje w ten sposób mierzalny prąd elektryczny.,1.3,489,1773680413.1717312,2026-03-16T18:00:13.171741,0.42352494597435,0.45564746856689453,Qwen2.5-32B-Instruct,32000000000,wiki_pl,1589,79
wiki_pl: wiki_pl: print pozwala również wyświetlić wynik obliczeń lub wywołania funkcji.,1.0,485,1773680459.8088584,2026-03-16T18:00:59.808868,0.4242318868637085,0.45927849411964417,Qwen2.5-32B-Instruct,32000000000,wiki_pl,1590,79
wiki_ja: wiki_ja: 」「君は若い。,1.3,498,1773680506.1153843,2026-03-16T18:01:46.115389,0.42865118384361267,0.45570287108421326,Qwen2.5-32B-Instruct,32000000000,wiki_ja,1591,79
wiki_zh: wiki_zh: 公理在傳統的思想中是「不證自明的真理」，但這種想法是有問題的。,1.3,480,1773680552.6151872,2026-03-16T18:02:32.615195,0.3887712359428406,0.430386483669281,Qwen2.5-32B-Instruct,32000000000,wiki_zh,1592,79
wiki_ar: wiki_ar: ربّما تزداد الكمّيّة الموصى بها حسب المناخ،,0.7,486,1773680599.1680872,2026-03-16T18:03:19.168092,0.42691799998283386,0.46247199177742004,Qwen2.5-32B-Instruct,32000000000,wiki_ar,1593,79
wiki_zh: wiki_zh: 這四種需要大致地與數量、結構、空間及變化（即算術、代數、幾何及分析）等數學上廣泛的子領域相關連著。,0.7,462,1773680645.8193276,2026-03-16T18:04:05.819333,0.3765360116958618,0.43442678451538086,Qwen2.5-32B-Instruct,32000000000,wiki_zh,1594,79
wiki_zh: wiki_zh: 它把哲学问题变成对个人生存状态的反思，由此产生了解释学。,0.7,485,1773680692.102969,2026-03-16T18:04:52.102974,0.40229731798171997,0.44355422258377075,Qwen2.5-32B-Instruct,32000000000,wiki_zh,1595,79
wiki_ar: wiki_ar: كما أنّ لها تأثير على الصحّة،,1.0,494,1773680739.0612142,2026-03-16T18:05:39.061224,0.4205307066440582,0.44962915778160095,Qwen2.5-32B-Instruct,32000000000,wiki_ar,1596,79
wiki_ar: wiki_ar: بما أنّ كهرسلبية ذرّة الأكسجين حسب مقياس باولنغ (3.,1.0,482,1773680785.833899,2026-03-16T18:06:25.833911,0.40261825919151306,0.4413447082042694,Qwen2.5-32B-Instruct,32000000000,wiki_ar,1597,79
wiki_ar: wiki_ar: يعيشون في مناطق تعاني من ندرة مادّيّة للمياه حيث لا توجد كمّيّة كافية من الماء لتلبية كافّة الحاجيّات الضروريّة.,1.3,453,1773680825.2487025,2026-03-16T18:07:05.248711,0.3744695782661438,0.43943917751312256,Qwen2.5-32B-Instruct,32000000000,wiki_ar,1598,79
wiki_ja: wiki_ja: 一見下手に見えるため、「長体ヘタウマ文字」などとも呼ばれた。,1.3,483,1773680872.0548375,2026-03-16T18:07:52.054848,0.3878607153892517,0.428400456905365,Qwen2.5-32B-Instruct,32000000000,wiki_ja,1599,79
wiki_ar: wiki_ar: ويتمثّل ذلك في العمليّات الحيويّة التالية: التركيب الضوئي وتحلّل السكّر وتحلّل الدهن ودورة حمض الستريك ودورة اليوريا.,1.0,450,1773680919.0521872,2026-03-16T18:08:39.052193,0.39975008368492126,0.4699072241783142,Qwen2.5-32B-Instruct,32000000000,wiki_ar,1600,80
wiki_zh: wiki_zh: 一般相信此問題的解答是否定的。,1.0,493,1773680965.6142588,2026-03-16T18:09:25.614269,0.42655959725379944,0.45657655596733093,Qwen2.5-32B-Instruct,32000000000,wiki_zh,1601,80
wiki_ja: wiki_ja: 鎌倉市立腰越小学校では、1960年代に、「ネサヨ運動」と称して、語尾に「〜ね」「〜さ」「〜よ」など関東方言特有の語尾をつけないようにしようとする運動が始められた。,1.3,445,1773681012.4636075,2026-03-16T18:10:12.463613,0.35263386368751526,0.4240303039550781,Qwen2.5-32B-Instruct,32000000000,wiki_ja,1602,80
wiki_zh: wiki_zh: 每四年颁奖一次，颁给有卓越贡献的年轻数学家，每次最多四人得奖。,1.0,480,1773681058.7365088,2026-03-16T18:10:58.736514,0.40840861201286316,0.44860416650772095,Qwen2.5-32B-Instruct,32000000000,wiki_zh,1603,80
"wiki_pl: wiki_pl: Przyporządkowuje liczbom z zakresu 0−127: litery alfabetu łacińskiego języka angielskiego, cyfry, znaki przestankowe i inne symbole oraz polecenia sterujące.",0.7,449,1773681105.600968,2026-03-16T18:11:45.600977,0.3741690218448639,0.44478824734687805,Qwen2.5-32B-Instruct,32000000000,wiki_pl,1604,80
wiki_ja: wiki_ja: 『挿頭抄』（1767年）では今日で言う副詞の類を中心に論じた。,1.0,477,1773681151.9356031,2026-03-16T18:12:31.935610,0.39465779066085815,0.43996578454971313,Qwen2.5-32B-Instruct,32000000000,wiki_ja,1605,80
wiki_ar: wiki_ar: حيث يستخدم لذلك بالإضافة إلى الماء الصابون والمواد المنظّفة الملائمة.,1.3,485,1773681198.218787,2026-03-16T18:13:18.218804,0.40618792176246643,0.4424571394920349,Qwen2.5-32B-Instruct,32000000000,wiki_ar,1606,80
wiki_ar: wiki_ar: حيث صمّمت النوافير والسبل العامّة.,1.0,491,1773681244.7882273,2026-03-16T18:14:04.788248,0.43444398045539856,0.4643899202346802,Qwen2.5-32B-Instruct,32000000000,wiki_ar,1607,80
"wiki_pl: wiki_pl: Z tego samego względu, wiele symboli używanych jako separatory znajduje się przed literami i cyframi – na patyku drugim.",1.3,472,1773681291.1999,2026-03-16T18:14:51.199911,0.3904756009578705,0.4421924352645874,Qwen2.5-32B-Instruct,32000000000,wiki_pl,1608,80
wiki_ar: wiki_ar: الذي يمكّن من الحركة التجاريّة كما هو الحال في هونغ كونغ وطوكيو وشنغهاي وروتردام ومونتريال.,1.3,464,1773681337.9098227,2026-03-16T18:15:37.909832,0.40572047233581543,0.4613870680332184,Qwen2.5-32B-Instruct,32000000000,wiki_ar,1609,80
wiki_zh: wiki_zh: 對其每一個問題的解答都有著一百萬美元的獎金，而當中只有一個問題（黎曼猜想）和希爾伯特的問題重複。,0.7,465,1773681384.588267,2026-03-16T18:16:24.588275,0.40144553780555725,0.45667070150375366,Qwen2.5-32B-Instruct,32000000000,wiki_zh,1610,80
wiki_ja: wiki_ja: これ以降使われなくなった仮名を、今日では変体仮名と呼んでいる。,1.3,481,1773681431.0449386,2026-03-16T18:17:11.044944,0.42345744371414185,0.46266502141952515,Qwen2.5-32B-Instruct,32000000000,wiki_ja,1611,80
"wiki_pl: wiki_pl: Wewnętrzna struktura i teoria kwantowa  W 1897 roku J.J. Thomson, badając promienie katodowe, odkrył elektrony i doszedł do wniosku, że znajdują się one w każdym atomie.",1.0,447,1773681477.9600236,2026-03-16T18:17:57.960029,0.3778892457485199,0.4501955807209015,Qwen2.5-32B-Instruct,32000000000,wiki_pl,1612,80
"wiki_pl: wiki_pl: Elektrony związane w atomach rozłożone są na powłokach, między którymi mogą przechodzić emitując bądź absorbując fotony o określonej energii.",1.0,465,1773681524.855073,2026-03-16T18:18:44.855078,0.40075579285621643,0.4562268555164337,Qwen2.5-32B-Instruct,32000000000,wiki_pl,1613,80
"wiki_pl: wiki_pl: Atmosfera ziemska składa się głównie z azotu (N2), tlenu (O2), pary wodnej (H2O), argonu (Ar) i dwutlenku węgla (CO2).",0.7,454,1773681571.9035485,2026-03-16T18:19:31.903555,0.3924160599708557,0.4584217369556427,Qwen2.5-32B-Instruct,32000000000,wiki_pl,1614,80
wiki_ar: wiki_ar: ولذلك فإنّه بين درجتي الحرارة 3.,1.0,492,1773681618.5332332,2026-03-16T18:20:18.533238,0.43015965819358826,0.46087154746055603,Qwen2.5-32B-Instruct,32000000000,wiki_ar,1615,80
wiki_ar: wiki_ar: يبلغ طول الرابطة O-H في جزيء الماء 95.,0.7,488,1773681665.107463,2026-03-16T18:21:05.107468,0.4281950294971466,0.46203479170799255,Qwen2.5-32B-Instruct,32000000000,wiki_ar,1616,80
"wiki_pl: wiki_pl: Dla tej samej teorii można stworzyć różne modele, więc gdyby tak było, jedno pojęcie musiałoby mieć wiele sprzecznych definicji.",1.3,468,1773681711.6308255,2026-03-16T18:21:51.630835,0.4115489721298218,0.46336790919303894,Qwen2.5-32B-Instruct,32000000000,wiki_pl,1617,80
wiki_ar: wiki_ar: أنّ الأرض قد انبثقت من الماء،,1.3,494,1773681758.310372,2026-03-16T18:22:38.310382,0.4273119270801544,0.4574945569038391,Qwen2.5-32B-Instruct,32000000000,wiki_ar,1618,80
wiki_zh: wiki_zh: 兩者都頒獎於特定的工作主題，包括數學新領域的創新或已成熟領域中未解決問題的解答。,0.7,474,1773681805.000761,2026-03-16T18:23:25.000769,0.40073952078819275,0.4481464922428131,Qwen2.5-32B-Instruct,32000000000,wiki_zh,1619,80
wiki_zh: wiki_zh: 在自然界中的許多現象可以被動力系統所描述；,0.7,490,1773681851.282939,2026-03-16T18:24:11.282949,0.43106597661972046,0.46240130066871643,Qwen2.5-32B-Instruct,32000000000,wiki_zh,1620,81
wiki_ja: wiki_ja: 同様に、「り」に硬口蓋はじき音を用いる話者や、「ち」に無声硬口蓋破裂音  を用いる話者もある。,1.0,465,1773681897.7869613,2026-03-16T18:24:57.786971,0.3836841285228729,0.4377477467060089,Qwen2.5-32B-Instruct,32000000000,wiki_ja,1621,81
wiki_zh: wiki_zh: 複雜性理論研究可以由電腦做為較易處理的程度；,1.0,487,1773681944.6942172,2026-03-16T18:25:44.694223,0.4013735055923462,0.43703073263168335,Qwen2.5-32B-Instruct,32000000000,wiki_zh,1622,81
"wiki_pl: wiki_pl: Wewnętrzna struktura i teoria kwantowa  W 1897 roku J.J. Thomson, badając promienie katodowe, odkrył elektrony i doszedł do wniosku, że znajdują się one w każdym atomie.",0.7,447,1773681991.4191644,2026-03-16T18:26:31.419178,0.3771149516105652,0.4491581916809082,Qwen2.5-32B-Instruct,32000000000,wiki_pl,1623,81
wiki_ar: wiki_ar: وكان من الممكن تفادي تركّز الملح في التربة بغسل الملح بماء إضافي،,0.7,480,1773682037.8907244,2026-03-16T18:27:17.890730,0.4025474786758423,0.4440179169178009,Qwen2.5-32B-Instruct,32000000000,wiki_ar,1624,81
"wiki_pl: wiki_pl: Standard ASCII był uaktualniany czterokrotnie – w latach 1967, 1968, 1977 i 1986.",1.0,462,1773682084.3783295,2026-03-16T18:28:04.378335,0.39845266938209534,0.45606932044029236,Qwen2.5-32B-Instruct,32000000000,wiki_pl,1625,81
wiki_pl: wiki_pl: Główną rolę odgrywa jednak spin.,1.3,495,1773682129.2822282,2026-03-16T18:28:49.282234,0.44028714299201965,0.4662877321243286,Qwen2.5-32B-Instruct,32000000000,wiki_pl,1626,81
wiki_ja: wiki_ja: 中国の文物・思想の流入や仏教の普及などにつれて、漢語は徐々に一般の日本語に取り入れられていった。,1.0,469,1773682176.4481843,2026-03-16T18:29:36.448189,0.3945257067680359,0.44533607363700867,Qwen2.5-32B-Instruct,32000000000,wiki_ja,1627,81
wiki_pl: wiki_pl: Większość współczesnych systemów kodowania znaków jest rozszerzeniem standardu ASCII.,0.7,480,1773682223.064884,2026-03-16T18:30:23.064897,0.4177502989768982,0.458607017993927,Qwen2.5-32B-Instruct,32000000000,wiki_pl,1628,81
"wiki_pl: wiki_pl: 2, natomiast ,< .> były używane tylko na części klawiatur.",0.7,484,1773682269.4277406,2026-03-16T18:31:09.427748,0.4148189425468445,0.4533316493034363,Qwen2.5-32B-Instruct,32000000000,wiki_pl,1629,81
wiki_zh: wiki_zh: 〉 （2010） 倪梁康：〈哲學的定位：玄思的文學？,1.3,479,1773682315.662149,2026-03-16T18:31:55.662159,0.4177744686603546,0.4608813226222992,Qwen2.5-32B-Instruct,32000000000,wiki_zh,1630,81
"wiki_ja: wiki_ja: 「せ・ぜ」は「xe・je」で表記されており、現在の「シェ・ジェ」に当たる ,  であったことも分かっている。",1.0,467,1773682362.1432216,2026-03-16T18:32:42.143231,0.4081476628780365,0.4608863294124603,Qwen2.5-32B-Instruct,32000000000,wiki_ja,1631,81
wiki_zh: wiki_zh: 應用數學中的一重要領域為統計學，它利用機率論為其工具並允許對含有機會成分的現象進行描述、分析與預測。,1.3,463,1773682409.1765835,2026-03-16T18:33:29.176588,0.3801106810569763,0.4358826279640198,Qwen2.5-32B-Instruct,32000000000,wiki_zh,1632,81
wiki_zh: wiki_zh: 按地域分为：外国文学，中国文学等等。,0.7,491,1773682455.154583,2026-03-16T18:34:15.154588,0.42255812883377075,0.45243552327156067,Qwen2.5-32B-Instruct,32000000000,wiki_zh,1633,81
"wiki_pl: wiki_pl: Gdy światło o ciągłym widmie przechodzi przez gaz lub plazmę, niektóre fotony zostają pochłonięte przez atomy, wywołując przejścia elektronów między poziomami energetycznymi.",1.0,446,1773682502.0896158,2026-03-16T18:35:02.089621,0.37570077180862427,0.44833362102508545,Qwen2.5-32B-Instruct,32000000000,wiki_pl,1634,81
wiki_zh: wiki_zh: 回忆录  八股文是中國宋代到清代之間，科舉考試中使用，強調對仗排偶，有一定結構的文體。,1.0,469,1773682549.0974016,2026-03-16T18:35:49.097407,0.39364540576934814,0.44519999623298645,Qwen2.5-32B-Instruct,32000000000,wiki_zh,1635,81
wiki_ja: wiki_ja: 小文字  すでに普及した顔文字や絵文字に加え、2006年頃には「小文字」と称される独特の表記法が登場した。,0.7,461,1773682595.7463481,2026-03-16T18:36:35.746353,0.3751908540725708,0.43358108401298523,Qwen2.5-32B-Instruct,32000000000,wiki_ja,1636,81
wiki_zh: wiki_zh: 若它們越是確定的話，它們和現實越不會有關。,1.0,489,1773682642.0961428,2026-03-16T18:37:22.096149,0.4133515954017639,0.4451109766960144,Qwen2.5-32B-Instruct,32000000000,wiki_zh,1637,81
wiki_ja: wiki_ja: すなわち、体系は下記のようにまとめられた。,1.3,490,1773682688.6792219,2026-03-16T18:38:08.679233,0.4107759892940521,0.4445283114910126,Qwen2.5-32B-Instruct,32000000000,wiki_ja,1638,81
wiki_ja: wiki_ja: また、目の前にあるものを直接指示する場合（現場指示）と、文章の中で前に出た語句を指示する場合（文脈指示）とでも、事情が変わってくる。,1.3,463,1773682735.8546398,2026-03-16T18:38:55.854650,0.36935511231422424,0.42740702629089355,Qwen2.5-32B-Instruct,32000000000,wiki_ja,1639,81
wiki_zh: wiki_zh: 公元前5世纪中期，普罗泰戈拉和高尔吉亚等所形成的辯士學派将研究的重点由自然转移到人类本身。,0.7,470,1773682782.2931569,2026-03-16T18:39:42.293162,0.39319613575935364,0.44273585081100464,Qwen2.5-32B-Instruct,32000000000,wiki_zh,1640,82
wiki_zh: wiki_zh: 它把哲学问题变成对个人生存状态的反思，由此产生了解释学。,1.3,485,1773682828.3271756,2026-03-16T18:40:28.327184,0.38783207535743713,0.4231630563735962,Qwen2.5-32B-Instruct,32000000000,wiki_zh,1641,82
wiki_ja: wiki_ja: 古来の伝統的文法に従った文章を文語文、話し言葉を反映した文章を口語文という。,1.0,472,1773682874.875319,2026-03-16T18:41:14.875325,0.38762831687927246,0.4356030225753784,Qwen2.5-32B-Instruct,32000000000,wiki_ja,1642,82
wiki_ja: wiki_ja: ものを無くしたとき、「ちょっとそのへんを探してみるよ」と言うときも同様である。,1.3,478,1773682921.5088632,2026-03-16T18:42:01.508868,0.4276554584503174,0.47089698910713196,Qwen2.5-32B-Instruct,32000000000,wiki_ja,1643,82
wiki_ar: wiki_ar: وهي التي يمكن معالجتها بسهولة نسبيّاً،,0.7,489,1773682968.001066,2026-03-16T18:42:48.001071,0.413777619600296,0.4482050836086273,Qwen2.5-32B-Instruct,32000000000,wiki_ar,1644,82
wiki_ar: wiki_ar: وقد فسّر العلماء هذا بأنّ الله جعل الماء سبباً للحياة.,0.7,484,1773683014.66846,2026-03-16T18:43:34.668466,0.4344983398914337,0.4720306694507599,Qwen2.5-32B-Instruct,32000000000,wiki_ar,1645,82
wiki_zh: wiki_zh: 作品往往根據歷史時期或者遵守某些美學特徵或期望（藝術類型）進行分類。,1.0,480,1773683061.0842435,2026-03-16T18:44:21.084249,0.4053418040275574,0.4459547996520996,Qwen2.5-32B-Instruct,32000000000,wiki_zh,1646,82
wiki_pl: wiki_pl: Ich kwantowe własności mogą być wtedy obserwowane w skali makroskopowej.,1.0,483,1773683107.3805563,2026-03-16T18:45:07.380562,0.43334248661994934,0.4710480570793152,Qwen2.5-32B-Instruct,32000000000,wiki_pl,1647,82
"wiki_pl: wiki_pl: Następnie mierzy się straty energii tych elektronów, wynikające z wybijania elektronów i wzbudzania drgań sieci krystalicznej próbki.",0.7,460,1773683153.9049792,2026-03-16T18:45:53.904984,0.405891478061676,0.46520915627479553,Qwen2.5-32B-Instruct,32000000000,wiki_pl,1648,82
"wiki_pl: wiki_pl: Rozpad beta – wywoływany przez oddziaływanie słabe, polegający na przekształceniu neutronu znajdującego się w jądrze w proton albo (rzadko) protonu w neutron.",1.3,455,1773683200.3837683,2026-03-16T18:46:40.383774,0.3926258087158203,0.456834077835083,Qwen2.5-32B-Instruct,32000000000,wiki_pl,1649,82
"wiki_pl: wiki_pl: Gdy światło o ciągłym widmie przechodzi przez gaz lub plazmę, niektóre fotony zostają pochłonięte przez atomy, wywołując przejścia elektronów między poziomami energetycznymi.",1.3,446,1773683247.0497966,2026-03-16T18:47:27.049801,0.37363940477371216,0.4469083249568939,Qwen2.5-32B-Instruct,32000000000,wiki_pl,1650,82
wiki_ja: wiki_ja: どの世代の人も、若い間だけ使う言葉。,0.7,491,1773683293.3910382,2026-03-16T18:48:13.391043,0.40651729702949524,0.4382214844226837,Qwen2.5-32B-Instruct,32000000000,wiki_ja,1651,82
wiki_ja: wiki_ja: これに加え、現代漢語通用字表ではさらに3500字が追加されている。,0.7,480,1773683339.8706503,2026-03-16T18:48:59.870656,0.41108137369155884,0.4527234137058258,Qwen2.5-32B-Instruct,32000000000,wiki_ja,1652,82
wiki_zh: wiki_zh: 當大量的計算難以被驗證時，其證明亦很難說是足夠地嚴謹。,1.3,478,1773683386.733862,2026-03-16T18:49:46.733867,0.40147680044174194,0.4469132125377655,Qwen2.5-32B-Instruct,32000000000,wiki_zh,1653,82
"wiki_pl: wiki_pl: Jedynie wodór 1H nie zawiera żadnych neutronów, a jego dodatnio naładowany jon nie zawiera też elektronów.",1.3,470,1773683433.3383882,2026-03-16T18:50:33.338394,0.4048466086387634,0.45479485392570496,Qwen2.5-32B-Instruct,32000000000,wiki_pl,1654,82
wiki_ar: wiki_ar: يعني مفهوم صناعة المياه تزويد ماء الشرب وخدمات الصرف الصحي (بما في ذلك معالجة الصرف الصحي) إلى المنازل بوسائل مختلفة.,0.7,465,1773683479.9960427,2026-03-16T18:51:19.996048,0.37581172585487366,0.4307860732078552,Qwen2.5-32B-Instruct,32000000000,wiki_ar,1655,82
wiki_ja: wiki_ja: 『挿頭抄』（1767年）では今日で言う副詞の類を中心に論じた。,1.3,477,1773683526.4082036,2026-03-16T18:52:06.408209,0.39710402488708496,0.44297707080841064,Qwen2.5-32B-Instruct,32000000000,wiki_ja,1656,82
wiki_zh: wiki_zh: 存在主义： 而齐克果对人类生命诠释的过程中比实用主义更激进，他通过“信仰跳跃”来获得与上帝的关联。,1.3,468,1773683572.8202946,2026-03-16T18:52:52.820300,0.3805887997150421,0.43135708570480347,Qwen2.5-32B-Instruct,32000000000,wiki_zh,1657,82
wiki_ja: wiki_ja: また、江戸時代には、蘭学などの興隆とともに、「アルコール」「エレキ」「ガラス」「コーヒー」「ソーダ」「ドンタク」などのオランダ語が伝えられた。,1.3,456,1773683619.5292006,2026-03-16T18:53:39.529206,0.3832511305809021,0.4467984735965729,Qwen2.5-32B-Instruct,32000000000,wiki_ja,1658,82
wiki_ja: wiki_ja: 「私の本」「動く歩道」「赤い髪飾り」「大きな瞳」の「私の」「動く」「赤い」「大きな」は連体修飾語である。,1.3,465,1773683666.2719214,2026-03-16T18:54:26.271927,0.3962608873844147,0.45065492391586304,Qwen2.5-32B-Instruct,32000000000,wiki_ja,1659,82
wiki_ja: wiki_ja: 「めし」を「御飯」「ライス」、「やどや」を「旅館」「ホテル」などと称するのはその例である。,1.3,472,1773683713.2866378,2026-03-16T18:55:13.286643,0.3891054689884186,0.4374115765094757,Qwen2.5-32B-Instruct,32000000000,wiki_ja,1660,83
wiki_pl: wiki_pl: Powiązał on ciepło gazu z kwadratem średniej prędkości jego cząsteczek.,1.0,477,1773683759.995728,2026-03-16T18:55:59.995736,0.42227551341056824,0.4652782380580902,Qwen2.5-32B-Instruct,32000000000,wiki_pl,1661,83
wiki_ja: wiki_ja: 当初は外来音の意識が強かったが、平安時代以降は普段の日本語に用いられるようになったとみられる。,1.0,473,1773683806.8791153,2026-03-16T18:56:46.879122,0.39811357855796814,0.4460788071155548,Qwen2.5-32B-Instruct,32000000000,wiki_ja,1662,83
"wiki_pl: wiki_pl: Ponieważ orbitale tych elektronów w sąsiednich atomach nakładają się na siebie, energetycznie niższy stan jest osiągany, gdy te niesparowane elektrony mają tak samo skierowane spiny.",0.7,448,1773683853.8558128,2026-03-16T18:57:33.855818,0.39357390999794006,0.4651099741458893,Qwen2.5-32B-Instruct,32000000000,wiki_pl,1663,83
wiki_ja: wiki_ja: 仮名遣いについては、鎌倉時代の初め頃に藤原定家がこれを問題とし、定家はその著作『下官集』において、仮名遣いの基準を前代の平安時代末期の草子類の仮名表記に求め、規範を示そうとした。,0.7,427,1773683900.839065,2026-03-16T18:58:20.839070,0.3393518924713135,0.42987194657325745,Qwen2.5-32B-Instruct,32000000000,wiki_ja,1664,83
wiki_pl: wiki_pl: Definicja języka AWK jest zawarta w POSIX 1003.2 Command Language And Utilities Standard.,1.0,481,1773683947.363922,2026-03-16T18:59:07.363928,0.4181212782859802,0.4581950604915619,Qwen2.5-32B-Instruct,32000000000,wiki_pl,1665,83
wiki_zh: wiki_zh: 斯多葛学派主要是顺应自然和自制。,0.7,492,1773683993.3304684,2026-03-16T18:59:53.330474,0.4028909504413605,0.43352219462394714,Qwen2.5-32B-Instruct,32000000000,wiki_zh,1666,83
wiki_ar: wiki_ar: شقّ الرومان القدماء قنوات لجرّ الماء،,1.0,490,1773684040.0743082,2026-03-16T19:00:40.074313,0.4183647036552429,0.44872164726257324,Qwen2.5-32B-Instruct,32000000000,wiki_ar,1667,83
wiki_ja: wiki_ja: 山根一眞の調査によれば、この文字は1974年までには誕生し、1978年に急激に普及を開始したという。,1.3,463,1773684086.8210778,2026-03-16T19:01:26.821083,0.4047635495662689,0.4606230556964874,Qwen2.5-32B-Instruct,32000000000,wiki_ja,1668,83
wiki_zh: wiki_zh: 〉 （2010） 倪梁康：〈哲學的定位：玄思的文學？,0.7,479,1773684133.1374366,2026-03-16T19:02:13.137442,0.4252980351448059,0.4667227566242218,Qwen2.5-32B-Instruct,32000000000,wiki_zh,1669,83
wiki_ar: wiki_ar: ممّا دفع العديد منها لسنّ سياسات مائيّة متعلّقة كما هو الحال في المغرب ومصر على سبيل المثال.,1.3,472,1773684179.3986466,2026-03-16T19:02:59.398654,0.41742169857025146,0.46442562341690063,Qwen2.5-32B-Instruct,32000000000,wiki_ar,1670,83
wiki_ar: wiki_ar: التعادل الحمضي: الماء سائل متعادل كيميائيّاً،,1.3,485,1773684225.9982102,2026-03-16T19:03:45.998216,0.4081355631351471,0.44490087032318115,Qwen2.5-32B-Instruct,32000000000,wiki_ar,1671,83
wiki_ja: wiki_ja: 話者が相手の言うことを理解できる場合には、同一言語、理解できない場合には別言語とする。,1.3,479,1773684272.7501671,2026-03-16T19:04:32.750175,0.4035750925540924,0.44522109627723694,Qwen2.5-32B-Instruct,32000000000,wiki_ja,1672,83
"wiki_pl: wiki_pl: Dana teoria może być zaksjomatyzowana na wiele różnych sposobów; przykładem jest tu geometria euklidesowa, dla której oprócz aksjomatów Euklidesa istnieje też aksjomatyka Hilberta i von Neumanna.",1.3,441,1773684319.5519853,2026-03-16T19:05:19.551990,0.3937886655330658,0.473646342754364,Qwen2.5-32B-Instruct,32000000000,wiki_pl,1673,83
wiki_zh: wiki_zh: 愛因斯坦曾如此描述：「數學定律越和現實有關，它們越不確定；,0.7,480,1773684366.2264965,2026-03-16T19:06:06.226502,0.41630640625953674,0.4583832025527954,Qwen2.5-32B-Instruct,32000000000,wiki_zh,1674,83
wiki_ar: wiki_ar: ففي البلدان ذات المناخ الحارّ يرتفع الطلب اليومي على شرب الماء،,0.7,482,1773684413.0118759,2026-03-16T19:06:53.011881,0.42778652906417847,0.46645858883857727,Qwen2.5-32B-Instruct,32000000000,wiki_ar,1675,83
wiki_ar: wiki_ar: كما يتطلّب الأمر أيضاً تعقيم المياه للتخلّص من المواد الضارّة المنحلّة والميكروبات وذلك باستخدام كلورة المياه أو أساليب أخرى.,1.3,466,1773684459.8143985,2026-03-16T19:07:39.814404,0.40705472230911255,0.46083584427833557,Qwen2.5-32B-Instruct,32000000000,wiki_ar,1676,83
wiki_zh: wiki_zh: 逻辑方面，它有发现其中所说的“真理即整体”。,1.0,490,1773684506.0844696,2026-03-16T19:08:26.084475,0.4259909987449646,0.4559306204319,Qwen2.5-32B-Instruct,32000000000,wiki_zh,1677,83
wiki_ar: wiki_ar: تعرف كمّيّة الماء الكلّيّة الموجودة على الأرض ككلّ باسم غلاف الأرض المائي،,0.7,478,1773684552.9114714,2026-03-16T19:09:12.911477,0.42141416668891907,0.4635424017906189,Qwen2.5-32B-Instruct,32000000000,wiki_ar,1678,83
wiki_zh: wiki_zh: 他便向外界宣传自己的理论，世界是一团熊熊燃烧的火焰，火就是一切事物的本质。,1.3,480,1773684598.9785979,2026-03-16T19:09:58.978603,0.4099985361099243,0.45110180974006653,Qwen2.5-32B-Instruct,32000000000,wiki_zh,1679,83
"wiki_pl: wiki_pl: Stworzył pierwszy model struktury atomu, w którym ujemnie naładowane elektrony unoszą się w jednorodnej, dodatnio naładowanej kuli.",1.3,461,1773684645.5574856,2026-03-16T19:10:45.557491,0.4026361405849457,0.461611270904541,Qwen2.5-32B-Instruct,32000000000,wiki_pl,1680,84
wiki_ja: wiki_ja: 語彙  分野ごとの語彙量  ある言語の語彙体系を見渡して、特定の分野の語彙が豊富であるとか、別の分野の語彙が貧弱であるとかを決めつけることは、一概にはできない。,0.7,438,1773684692.4989076,2026-03-16T19:11:32.498913,0.3567315936088562,0.43548646569252014,Qwen2.5-32B-Instruct,32000000000,wiki_ja,1681,84
"wiki_pl: wiki_pl: W 1789 roku Antoine Lavoisier odkrył prawo zachowania masy i zdefiniował pierwiastek chemiczny jako podstawową substancję, która nie może już być rozdzielona metodami chemicznymi.",1.0,447,1773684739.4178789,2026-03-16T19:12:19.417884,0.37721842527389526,0.44876304268836975,Qwen2.5-32B-Instruct,32000000000,wiki_pl,1682,84
wiki_ar: wiki_ar: تؤثّر المواد المذابة في الماء على النشاط المائي،,0.7,487,1773684785.7788978,2026-03-16T19:13:05.778903,0.429694801568985,0.46302351355552673,Qwen2.5-32B-Instruct,32000000000,wiki_ar,1683,84
wiki_ar: wiki_ar: بالإضافة إلى استخدامه في قضاء الحاجات المنزليّة الأساسيّة فيما يخصّ الطبخ والنظافة الخاصّة والاستحمام.,1.0,473,1773684832.3532312,2026-03-16T19:13:52.353237,0.3981929123401642,0.4449060559272766,Qwen2.5-32B-Instruct,32000000000,wiki_ar,1684,84
wiki_ar: wiki_ar: مثل التخلص من الفضلات على سبيل المثال.,1.3,493,1773684878.5367887,2026-03-16T19:14:38.536795,0.43406450748443604,0.46101298928260803,Qwen2.5-32B-Instruct,32000000000,wiki_ar,1685,84
wiki_ar: wiki_ar: يفيد هذا المفهوم في ضرورة معرفة اختيار نوع المحاصيل الزراعيّة وتصنيفها إلى التي ينبغي زراعتها وتصديرها والتي ينبغي استيرادها.,0.7,460,1773684925.3381736,2026-03-16T19:15:25.338179,0.403238445520401,0.46238961815834045,Qwen2.5-32B-Instruct,32000000000,wiki_ar,1686,84
wiki_ja: wiki_ja: 朝鮮語との関係  朝鮮語とは語順や文法構造で類似点が非常に多い。,1.0,476,1773684965.4769666,2026-03-16T19:16:05.476972,0.421131432056427,0.464890718460083,Qwen2.5-32B-Instruct,32000000000,wiki_ja,1687,84
wiki_ar: wiki_ar: وقدّمت تحديداً للمواقع التي تعاني من ندرة المياه،,0.7,488,1773685011.8663015,2026-03-16T19:16:51.866307,0.4297739267349243,0.4622021019458771,Qwen2.5-32B-Instruct,32000000000,wiki_ar,1688,84
wiki_zh: wiki_zh: 在數學中被期許的嚴謹程度因著時間而不同：希臘人期許著仔細的論證，但在牛頓的時代，所使用的方法則較不嚴謹。,1.3,457,1773685058.5198705,2026-03-16T19:17:38.519884,0.3670690357685089,0.4276907742023468,Qwen2.5-32B-Instruct,32000000000,wiki_zh,1689,84
wiki_zh: wiki_zh: 当时其他的哲学焦点包括精神的天性和其与身体的关系，新的自然科学对诸如自由意志和神的传统上属于神学的话题的影响，和伦理学和政治哲学的世俗基础 。,0.7,463,1773685081.954771,2026-03-16T19:18:01.954776,0.38392767310142517,0.43952178955078125,Qwen2.5-32B-Instruct,32000000000,wiki_zh,1690,84
wiki_ja: wiki_ja: 山根一眞の調査によれば、この文字は1974年までには誕生し、1978年に急激に普及を開始したという。,1.0,463,1773685128.6382551,2026-03-16T19:18:48.638268,0.3767777383327484,0.43443477153778076,Qwen2.5-32B-Instruct,32000000000,wiki_ja,1691,84
wiki_ja: wiki_ja: 今日の共通語も東国語の系統を引いており、終止形語尾は「だ」、連体形語尾は「な」となっている。,1.0,465,1773685175.2456334,2026-03-16T19:19:35.245638,0.38769280910491943,0.4414936900138855,Qwen2.5-32B-Instruct,32000000000,wiki_ja,1692,84
wiki_zh: wiki_zh: 还有福柯和德里达等法国“后结构主义”等思想。,1.3,485,1773685221.8068848,2026-03-16T19:20:21.806901,0.42638278007507324,0.46082425117492676,Qwen2.5-32B-Instruct,32000000000,wiki_zh,1693,84
wiki_ja: wiki_ja: こうした中で、古来の日本語研究と西洋言語学とを吟味して文法をまとめたのが大槻文彦であった。,1.3,469,1773685268.3983364,2026-03-16T19:21:08.398352,0.3977089524269104,0.44822487235069275,Qwen2.5-32B-Instruct,32000000000,wiki_ja,1694,84
wiki_ar: wiki_ar: إنّ أوّل ظهور للشكل البدائي للحياة كان في الماء؛,0.7,485,1773685314.9953752,2026-03-16T19:21:54.995381,0.4223667085170746,0.4580953121185303,Qwen2.5-32B-Instruct,32000000000,wiki_ar,1695,84
wiki_ar: wiki_ar: حيث تمكّن شعب المايا في بالينكي من تطوير قنوات مائيّة تحت أرضيّة ومن تصميم نظام تصريف شبيه بنظام المرحاض الحديث.,0.7,460,1773685361.4328825,2026-03-16T19:22:41.432905,0.3987414836883545,0.4565329849720001,Qwen2.5-32B-Instruct,32000000000,wiki_ar,1696,84
wiki_ja: wiki_ja: 語彙  分野ごとの語彙量  ある言語の語彙体系を見渡して、特定の分野の語彙が豊富であるとか、別の分野の語彙が貧弱であるとかを決めつけることは、一概にはできない。,1.0,438,1773685408.2026784,2026-03-16T19:23:28.202694,0.36827513575553894,0.4492805004119873,Qwen2.5-32B-Instruct,32000000000,wiki_ja,1697,84
wiki_zh: wiki_zh: 希腊化时代  亚里士多德死后，整个哲学界陷入了独立时期，称为希腊化哲学时期。,1.0,476,1773685454.3277516,2026-03-16T19:24:14.327757,0.4002305567264557,0.4442044794559479,Qwen2.5-32B-Instruct,32000000000,wiki_zh,1698,84
"wiki_pl: wiki_pl: norma ISO 8859, rozszerzenia firm IBM lub Microsoft) nazywanych stronami kodowymi.",0.7,478,1773685500.7669828,2026-03-16T19:25:00.766988,0.4176138937473297,0.46065810322761536,Qwen2.5-32B-Instruct,32000000000,wiki_pl,1699,84
wiki_pl: wiki_pl: Jądro atomowe zbudowane jest z nukleonów: protonów o dodatnim ładunku elektrycznym i elektrycznie obojętnych neutronów.,1.3,466,1773685547.4311316,2026-03-16T19:25:47.431141,0.4085886776447296,0.46178773045539856,Qwen2.5-32B-Instruct,32000000000,wiki_pl,1700,85
wiki_ar: wiki_ar: وكان من الممكن تفادي تركّز الملح في التربة بغسل الملح بماء إضافي،,1.0,480,1773685593.9854968,2026-03-16T19:26:33.985503,0.4210580289363861,0.46068891882896423,Qwen2.5-32B-Instruct,32000000000,wiki_ar,1701,85
wiki_ar: wiki_ar: كما تلاحظ أيضاً عند شوكيات الجلد مثل قنفذ البحر ونجم البحر وخيار البحر.,0.7,482,1773685640.4713213,2026-03-16T19:27:20.471333,0.41880035400390625,0.45817476511001587,Qwen2.5-32B-Instruct,32000000000,wiki_ar,1702,85
wiki_pl: wiki_pl: Przypisy  Zobacz też   sed  perl  polecenia systemu operacyjnego Unix  Linki zewnętrzne    Strona domowa GNU Awk  The Amazing Awk Assembler by Henry Spencer.,1.3,457,1773685687.0311832,2026-03-16T19:28:07.031189,0.3933336138725281,0.4567085802555084,Qwen2.5-32B-Instruct,32000000000,wiki_pl,1703,85
wiki_zh: wiki_zh: 人們不止可以從各主題相關的文學中看到該主題隨著歷史的演進（例如從經濟史的書或介紹科學及演化的書），甚至連科幻小說中都可看到類似的內容。,1.0,458,1773685733.9562087,2026-03-16T19:28:53.956214,0.38178685307502747,0.44203901290893555,Qwen2.5-32B-Instruct,32000000000,wiki_zh,1704,85
"wiki_pl: wiki_pl: Jedynie wodór 1H nie zawiera żadnych neutronów, a jego dodatnio naładowany jon nie zawiera też elektronów.",0.7,470,1773685780.257667,2026-03-16T19:29:40.257673,0.42344579100608826,0.47266387939453125,Qwen2.5-32B-Instruct,32000000000,wiki_pl,1705,85
wiki_ja: wiki_ja: 満州国（現在の中国東北部）にも日本人が数多く移住した結果、日本語が広く使用され、また、日本語は中国語とともに公用語とされた。,0.7,460,1773685827.135226,2026-03-16T19:30:27.135236,0.38729095458984375,0.4459870755672455,Qwen2.5-32B-Instruct,32000000000,wiki_ja,1706,85
wiki_ja: wiki_ja: 相手を敬い、物を丁寧に言うことは、発達した社会ならばどこでも必要とされる。,1.3,477,1773685873.9286304,2026-03-16T19:31:13.928640,0.39525437355041504,0.4398462176322937,Qwen2.5-32B-Instruct,32000000000,wiki_ja,1707,85
wiki_ja: wiki_ja: 『挿頭抄』（1767年）では今日で言う副詞の類を中心に論じた。,0.7,477,1773685920.7859077,2026-03-16T19:32:00.785913,0.40431469678878784,0.45010387897491455,Qwen2.5-32B-Instruct,32000000000,wiki_ja,1708,85
wiki_zh: wiki_zh: 複雜性理論研究可以由電腦做為較易處理的程度；,1.3,487,1773685967.231834,2026-03-16T19:32:47.231844,0.40428295731544495,0.438769668340683,Qwen2.5-32B-Instruct,32000000000,wiki_zh,1709,85
wiki_zh: wiki_zh: 到了16世纪，算术、初等代数以及三角学等初等数学已大体完备。,1.3,478,1773686014.070478,2026-03-16T19:33:34.070483,0.4134600758552551,0.45506659150123596,Qwen2.5-32B-Instruct,32000000000,wiki_zh,1710,85
wiki_ja: wiki_ja: これはヨーロッパ大陸のスペインを発祥とする言語であるが、17世紀のスペインによる新大陸の植民地化を経て、南アメリカおよび北アメリカ南部における広大な言語圏を獲得した。,1.0,444,1773686061.1532633,2026-03-16T19:34:21.153273,0.3619864284992218,0.43419572710990906,Qwen2.5-32B-Instruct,32000000000,wiki_ja,1711,85
wiki_ja: wiki_ja: 統計によって前後する場合もあるが、この数は世界の母語話者数で上位10位以内に入る人数である。,0.7,471,1773686108.0138528,2026-03-16T19:35:08.013863,0.39901962876319885,0.44696861505508423,Qwen2.5-32B-Instruct,32000000000,wiki_ja,1712,85
wiki_zh: wiki_zh: 數學家們拓展這些概念，以公式化新的猜想，以及從選定的公理及定義出發，嚴謹地推導出一些定理。,1.3,465,1773686154.7671475,2026-03-16T19:35:54.767157,0.38321924209594727,0.4365652799606323,Qwen2.5-32B-Instruct,32000000000,wiki_zh,1713,85
wiki_ar: wiki_ar: حيث تمكّن شعب المايا في بالينكي من تطوير قنوات مائيّة تحت أرضيّة ومن تصميم نظام تصريف شبيه بنظام المرحاض الحديث.,1.0,460,1773686201.6272447,2026-03-16T19:36:41.627254,0.3825094401836395,0.4412183165550232,Qwen2.5-32B-Instruct,32000000000,wiki_ar,1714,85
wiki_ar: wiki_ar: في الوقت الحالي يقتصر السفر بواسطة السفن الكبيرة لغرض السياحة،,1.3,485,1773686248.5670774,2026-03-16T19:37:28.567083,0.39800193905830383,0.43513423204421997,Qwen2.5-32B-Instruct,32000000000,wiki_ar,1715,85
"wiki_pl: wiki_pl: Następnie następuje akcja wykonywana na każdej linii wejścia: dla każdego pola linii zwiększana jest liczba razy, jaką to słowo (uprzednio zamienione na małe litery) wystąpiło.",1.3,444,1773686295.510284,2026-03-16T19:38:15.510289,0.39047953486442566,0.46605384349823,Qwen2.5-32B-Instruct,32000000000,wiki_pl,1716,85
wiki_ja: wiki_ja: なお、「名詞」および「体言」という用語は、しばしば混同される。,1.0,482,1773686342.1108892,2026-03-16T19:39:02.110895,0.421332448720932,0.4594387412071228,Qwen2.5-32B-Instruct,32000000000,wiki_ja,1717,85
wiki_ar: wiki_ar: ماء البحر والمد والجزر   يحوي ماء البحر على نسبة من الأملاح الطبيعيّة (ما متوسطه 3.,1.0,474,1773686388.58425,2026-03-16T19:39:48.584262,0.4167541265487671,0.4623485803604126,Qwen2.5-32B-Instruct,32000000000,wiki_ar,1718,85
wiki_zh: wiki_zh: 現代邏輯被分成遞歸論、模型論和證明論，且和理論電腦科學有著密切的關連性，千禧年大獎難題中的P/NP問題就是理論電腦科學中的著名問題。,1.0,452,1773686435.6277373,2026-03-16T19:40:35.627742,0.35807004570961,0.4245384931564331,Qwen2.5-32B-Instruct,32000000000,wiki_zh,1719,85
wiki_zh: wiki_zh: 文學體裁  中国古典文學分为诗和文，文又分为韵文和散文，中国的抒情诗和文言文最早而比较发达。,1.0,469,1773686481.882882,2026-03-16T19:41:21.882891,0.3961337208747864,0.4461299180984497,Qwen2.5-32B-Instruct,32000000000,wiki_zh,1720,86
wiki_ar: wiki_ar: كما يتمّ غسل الموتى قبل الدفن أيضاً.,0.7,492,1773686528.4619424,2026-03-16T19:42:08.461948,0.43079864978790283,0.4593619704246521,Qwen2.5-32B-Instruct,32000000000,wiki_ar,1721,86
wiki_ja: wiki_ja: 「が行」の子音は、語頭では破裂音の  を用いるが、語中では鼻音の （「が行」鼻音、いわゆる鼻濁音）を用いることが一般的だった。,1.3,453,1773686575.335104,2026-03-16T19:42:55.335109,0.37582266330718994,0.43998897075653076,Qwen2.5-32B-Instruct,32000000000,wiki_ja,1722,86
wiki_zh: wiki_zh: 即是，包含在命题里的要比包含在原是概念的定义要多得多。,1.0,484,1773686621.4731445,2026-03-16T19:43:41.473149,0.3962697386741638,0.4343678057193756,Qwen2.5-32B-Instruct,32000000000,wiki_zh,1723,86
wiki_ja: wiki_ja: 」の「はい」「姉さん」「新鮮」のように、他の部分に係ったり、他の部分を受けたりすることがないものである。,0.7,473,1773686668.1358058,2026-03-16T19:44:28.135811,0.4124869406223297,0.4593367874622345,Qwen2.5-32B-Instruct,32000000000,wiki_ja,1724,86
wiki_ja: wiki_ja: また、岩手県雫石町や山梨県早川町奈良田などのアクセントは、音の下がり目ではなく上がり目を弁別する。,1.0,465,1773686715.0227559,2026-03-16T19:45:15.022763,0.40579068660736084,0.46002495288848877,Qwen2.5-32B-Instruct,32000000000,wiki_ja,1725,86
wiki_zh: wiki_zh: 他们都不相信有真正的存在和真理。,1.3,494,1773686761.3209841,2026-03-16T19:46:01.320997,0.4072387218475342,0.43489983677864075,Qwen2.5-32B-Instruct,32000000000,wiki_zh,1726,86
"wiki_pl: wiki_pl: Francis William Aston jako pierwszy udowodnił przy jego użyciu, że izotopy mają różne masy i że różnice w ich masach są wielokrotnościami tej samej masy.",0.7,457,1773686808.0679097,2026-03-16T19:46:48.067915,0.405835896730423,0.46826282143592834,Qwen2.5-32B-Instruct,32000000000,wiki_pl,1727,86
wiki_ja: wiki_ja: 「や行」の「え」() の音が古代に存在したことは、「あ行」の「え」の仮名と別の文字で書き分けられていたことから明らかである。,1.0,462,1773686854.677768,2026-03-16T19:47:34.677778,0.385979026556015,0.44172221422195435,Qwen2.5-32B-Instruct,32000000000,wiki_ja,1728,86
wiki_ja: wiki_ja: しかし、英語は特殊な言語だ」と結論している。,1.0,488,1773686900.984674,2026-03-16T19:48:20.984691,0.4171404242515564,0.4515223205089569,Qwen2.5-32B-Instruct,32000000000,wiki_ja,1729,86
wiki_ar: wiki_ar: فقد جاء في سفر التكوين:  وجاء أيضاً في وصف الأرض قبل الخليقة: ،,1.3,483,1773686947.9629889,2026-03-16T19:49:07.962994,0.4204520881175995,0.45858120918273926,Qwen2.5-32B-Instruct,32000000000,wiki_ar,1730,86
wiki_pl: wiki_pl: Obecnie przyjmuje się go za obowiązujący.,1.0,490,1773686994.4969895,2026-03-16T19:49:54.496998,0.4104505777359009,0.4461740553379059,Qwen2.5-32B-Instruct,32000000000,wiki_pl,1731,86
"wiki_pl: wiki_pl: norma ISO 8859, rozszerzenia firm IBM lub Microsoft) nazywanych stronami kodowymi.",1.0,478,1773687041.0262046,2026-03-16T19:50:41.026224,0.41321155428886414,0.4564844071865082,Qwen2.5-32B-Instruct,32000000000,wiki_pl,1732,86
wiki_ja: wiki_ja: 「先日、友人と同道して郊外を散策した」というような漢語の多い文章と、「この間、友だちと連れだって町はずれをぶらぶら歩いた」というような和語の多い文章とを、適宜混ぜ合わせ、あるいは使い分けながら文章を綴っている。,0.7,433,1773687087.943418,2026-03-16T19:51:27.943450,0.3828916549682617,0.4711773097515106,Qwen2.5-32B-Instruct,32000000000,wiki_ja,1733,86
"wiki_pl: wiki_pl: Dla tej samej teorii można stworzyć różne modele, więc gdyby tak było, jedno pojęcie musiałoby mieć wiele sprzecznych definicji.",0.7,468,1773687134.4915202,2026-03-16T19:52:14.491537,0.4271793067455292,0.4788699448108673,Qwen2.5-32B-Instruct,32000000000,wiki_pl,1734,86
wiki_zh: wiki_zh: 古埃及文學中主要的文類（讚美詩、祈禱文及故事）幾乎都是以詩的方式寫成的，不過雖然可以清楚看出有使用詩歌技巧（poetic devices），但詩歌的韻律不明。,0.7,450,1773687181.21503,2026-03-16T19:53:01.215039,0.36430999636650085,0.43321824073791504,Qwen2.5-32B-Instruct,32000000000,wiki_zh,1735,86
wiki_ar: wiki_ar: هناك عدد من الدراسات التي ربطت بين الاستهلاك المرتفع لماء الشرب مع حدوث اضطرابات ومشاكل في الوزن.,1.0,470,1773687227.9550335,2026-03-16T19:53:47.955044,0.411388099193573,0.4613889455795288,Qwen2.5-32B-Instruct,32000000000,wiki_ar,1736,86
wiki_zh: wiki_zh: 由皮尔士和詹姆士等思想家开创了实用主义运动，对“人类行动、利益和目的作出实际考虑”。,1.0,475,1773687274.32334,2026-03-16T19:54:34.323345,0.40155619382858276,0.44656801223754883,Qwen2.5-32B-Instruct,32000000000,wiki_zh,1737,86
wiki_ja: wiki_ja: 鎌倉時代以降になると、音便は口語では盛んに用いられるようになった。,0.7,480,1773687320.7380643,2026-03-16T19:55:20.738074,0.40392211079597473,0.4456125795841217,Qwen2.5-32B-Instruct,32000000000,wiki_ja,1738,86
wiki_ar: wiki_ar: يحدث الفيضان عندما تهطل كمّيّة كبيرة من الأمطار الغزيرة على أراضي منبسطة،,1.3,476,1773687367.6466138,2026-03-16T19:56:07.646625,0.39978325366973877,0.4445263147354126,Qwen2.5-32B-Instruct,32000000000,wiki_ar,1739,86
wiki_ja: wiki_ja: これは、言語能力は人間に生得のものであるという考えを裏付けるものとなった。,1.0,481,1773687414.2856202,2026-03-16T19:56:54.285630,0.4286681115627289,0.4685972332954407,Qwen2.5-32B-Instruct,32000000000,wiki_ja,1740,87
wiki_ar: wiki_ar: عند غياب المعالجة الكافية والرقابة الحكومية تحدث حالات تلوّث للمياه على مستوى فردي وصناعي،,0.7,474,1773687461.369636,2026-03-16T19:57:41.369645,0.39855003356933594,0.445475310087204,Qwen2.5-32B-Instruct,32000000000,wiki_ar,1741,87
"wiki_pl: wiki_pl: W ten sposób wszystkie niesparowane elektrony mogą uzyskać tak samo skierowany spin, co wytwarza makroskopowe pole magnetyczne.",1.0,467,1773687508.2178988,2026-03-16T19:58:28.217908,0.41470685601234436,0.4675874412059784,Qwen2.5-32B-Instruct,32000000000,wiki_pl,1742,87
wiki_ja: wiki_ja: 複雑な文字体系を理由に、日本語を特殊とする議論もある。,1.3,483,1773687555.032602,2026-03-16T19:59:15.032612,0.40044546127319336,0.44044116139411926,Qwen2.5-32B-Instruct,32000000000,wiki_ja,1743,87
wiki_ar: wiki_ar: 9 ميغاجول/كغ) يحدث عندئذ انفصال لجزيء الماء إلى مكوّناته من الهيدروجين والأكسجين،,1.0,468,1773687601.771413,2026-03-16T20:00:01.771418,0.39126619696617126,0.44416093826293945,Qwen2.5-32B-Instruct,32000000000,wiki_ar,1744,87
"wiki_pl: wiki_pl: Składniki  Cząstki subatomowe  Mimo że słowo atom pierwotnie oznaczało cząstkę, której nie da się podzielić na mniejsze, współcześnie nazywa się nim strukturę zbudowaną z mniejszych cząstek: elektronów, protonów i neutronów.",1.0,425,1773687648.9209638,2026-03-16T20:00:48.920980,0.35023006796836853,0.4434987008571625,Qwen2.5-32B-Instruct,32000000000,wiki_pl,1745,87
wiki_pl: wiki_pl: Przypisy  Zobacz też   sed  perl  polecenia systemu operacyjnego Unix  Linki zewnętrzne    Strona domowa GNU Awk  The Amazing Awk Assembler by Henry Spencer.,1.0,457,1773687695.450337,2026-03-16T20:01:35.450347,0.3866247534751892,0.4491271674633026,Qwen2.5-32B-Instruct,32000000000,wiki_pl,1746,87
wiki_zh: wiki_zh: 斯宾诺莎是笛卡尔之后，又一位著名的唯理论者。,1.3,487,1773687741.5553381,2026-03-16T20:02:21.555348,0.39906567335128784,0.4336683452129364,Qwen2.5-32B-Instruct,32000000000,wiki_zh,1747,87
wiki_zh: wiki_zh: 哲学的定义  英国哲学家罗素对哲学的定义是：  胡適在《中国哲学史大纲》中称「凡研究人生切要的问题，从根本上着想，要寻一个根本的解决：这种学问叫做哲学」。,1.3,445,1773687788.131237,2026-03-16T20:03:08.131246,0.3630828261375427,0.43524080514907837,Qwen2.5-32B-Instruct,32000000000,wiki_zh,1748,87
wiki_ja: wiki_ja: 話者数7位のアラビア語も広い共通言語圏を持つ言語である。,1.3,476,1773687835.067335,2026-03-16T20:03:55.067344,0.40235212445259094,0.44645583629608154,Qwen2.5-32B-Instruct,32000000000,wiki_ja,1749,87
"wiki_pl: wiki_pl: Zupełność  Często okazuje się, że aksjomatyka nie jest zupełna, to znaczy istnieją pewne twierdzenia, dające się wyrazić w języku dowolnego modelu danej aksjomatyki, których prawdziwości nie da się rozstrzygnąć na podstawie tego zestawu aksjomatów.",1.3,418,1773687882.1577036,2026-03-16T20:04:42.157713,0.33922603726387024,0.4399477541446686,Qwen2.5-32B-Instruct,32000000000,wiki_pl,1750,87
wiki_ar: wiki_ar: دورة الماء   يشير مصطلح دورة الماء إلى التغيّر المستمرّ لحالات الماء ضمن الغلاف المائي للأرض وذلك بين الغلاف الجوّي للأرض والتربة والمياه السطحيّة والجوفيّة،,0.7,446,1773687929.454819,2026-03-16T20:05:29.454827,0.3713673949241638,0.443893164396286,Qwen2.5-32B-Instruct,32000000000,wiki_ar,1751,87
wiki_ja: wiki_ja: それぞれの文体・話体の差は大きいが、日本語話者は、複数の文体・話体を常に切り替えながら使用している。,1.0,471,1773687976.0322227,2026-03-16T20:06:16.032232,0.3991145193576813,0.44782766699790955,Qwen2.5-32B-Instruct,32000000000,wiki_ja,1752,87
"wiki_zh: wiki_zh: 相反克尔凯郭尔认为""真理是主观的""，主张对一个现实的人类来说最重要的问题是处理个人与存在内在关系的问题。",0.7,471,1773688022.5056574,2026-03-16T20:07:02.505671,0.39637506008148193,0.44323596358299255,Qwen2.5-32B-Instruct,32000000000,wiki_zh,1753,87
wiki_ar: wiki_ar: إذ يعتقد أنّه من الأسرار المقدسة.,0.7,492,1773688069.1063857,2026-03-16T20:07:49.106399,0.413793683052063,0.4447549879550934,Qwen2.5-32B-Instruct,32000000000,wiki_ar,1754,87
wiki_pl: wiki_pl: Ich kwantowe własności mogą być wtedy obserwowane w skali makroskopowej.,0.7,483,1773688115.571571,2026-03-16T20:08:35.571583,0.43581488728523254,0.47229525446891785,Qwen2.5-32B-Instruct,32000000000,wiki_pl,1755,87
wiki_pl: wiki_pl: Ta energia napędza reakcję termojądrową we wnętrzu gwiazd.,1.0,486,1773688161.9551735,2026-03-16T20:09:21.955186,0.43897634744644165,0.47251465916633606,Qwen2.5-32B-Instruct,32000000000,wiki_pl,1756,87
"wiki_pl: wiki_pl: Postulował, że każdy pierwiastek składa się z atomów jednego, unikalnego typu i że te atomy mogą się łączyć, tworząc związki chemiczne.",1.3,461,1773688208.8896205,2026-03-16T20:10:08.889635,0.4093009829521179,0.46790987253189087,Qwen2.5-32B-Instruct,32000000000,wiki_pl,1757,87
wiki_ja: wiki_ja: 戦後は、消極的な見方ばかりでなく、「日本語は個性的である」と積極的に評価する見方も多くなった。,1.0,472,1773688255.6472886,2026-03-16T20:10:55.647302,0.39580240845680237,0.444157212972641,Qwen2.5-32B-Instruct,32000000000,wiki_ja,1758,87
"wiki_zh: wiki_zh: 现代哲学上出現""不要求精确理由""之哲学理論，例如""本质技巧""(认定本质不可知)，这种现象将不可知论(世界上终究有人不能理解的存在)的重要程度提高了。",1.0,459,1773688302.4751077,2026-03-16T20:11:42.475120,0.36992883682250977,0.4304050803184509,Qwen2.5-32B-Instruct,32000000000,wiki_zh,1759,87
wiki_ar: wiki_ar: 6 مليار نسمة فقط من الحصول على مصدر آمن للماء العذب.,1.3,487,1773688349.4917216,2026-03-16T20:12:29.491727,0.42314112186431885,0.4576473534107208,Qwen2.5-32B-Instruct,32000000000,wiki_ar,1760,88
wiki_pl: wiki_pl: patyki szósty i siódmy wypełnić małymi literami alfabetu łacińskiego.,0.7,479,1773688396.127823,2026-03-16T20:13:16.127837,0.4050496816635132,0.44674643874168396,Qwen2.5-32B-Instruct,32000000000,wiki_pl,1761,88
"wiki_pl: wiki_pl: Nie musi to oznaczać rozstrzygalności wszystkich możliwych twierdzeń danej teorii, choć byłby to stan idealny; twierdzenie Gödla mówi jednak, że nawet dla tak prostej teorii jak arytmetyka istnieją twierdzenia, których nie da się wyprowadzić z jej aksjomatów.",1.0,419,1773688443.0826666,2026-03-16T20:14:03.082690,0.35566267371177673,0.4557894468307495,Qwen2.5-32B-Instruct,32000000000,wiki_pl,1762,88
wiki_zh: wiki_zh: 上列观点在桑塔亚那、杜威等人和怀特海的影响下，重新对黑格尔主义进行理解。,1.0,477,1773688489.388747,2026-03-16T20:14:49.388759,0.4097132086753845,0.45240193605422974,Qwen2.5-32B-Instruct,32000000000,wiki_zh,1763,88
wiki_ar: wiki_ar: وللآن لا توجد أدلّة علميّة كافية تلزم الإنسان بشرب كمّيّة محدّدة من الماء يوميّاً،,1.3,465,1773688536.5119581,2026-03-16T20:15:36.511971,0.4044133424758911,0.45882147550582886,Qwen2.5-32B-Instruct,32000000000,wiki_ar,1764,88
wiki_ar: wiki_ar: للتطهّر قبل تذوّق نعمة الربّ،,0.7,488,1773688583.1970103,2026-03-16T20:16:23.197022,0.4284101128578186,0.46201249957084656,Qwen2.5-32B-Instruct,32000000000,wiki_ar,1765,88
wiki_ja: wiki_ja: ところが、係り結びの形式化とともに、上に係助詞がないのに文末を連体形止め（「対面する。,1.3,470,1773688629.7968867,2026-03-16T20:17:09.796901,0.39182165265083313,0.4433031380176544,Qwen2.5-32B-Instruct,32000000000,wiki_ja,1766,88
"wiki_pl: wiki_pl: Średnica jądra atomowego wynosi około  fm, gdzie A oznacza liczbę nukleonów.",1.3,476,1773688676.2258117,2026-03-16T20:17:56.225824,0.41705322265625,0.46284323930740356,Qwen2.5-32B-Instruct,32000000000,wiki_pl,1767,88
wiki_zh: wiki_zh: 像元曲、京剧、昆剧都屬於這個部份。,0.7,489,1773688722.5474038,2026-03-16T20:18:42.547417,0.446300208568573,0.47703829407691956,Qwen2.5-32B-Instruct,32000000000,wiki_zh,1768,88
wiki_zh: wiki_zh: 西方的戲劇許多都伴隨著音樂和舞蹈，例如歌劇及音樂劇，古希腊戏剧是目前已知最早期的西方戲劇，有悲劇、喜劇、悲喜劇等。,0.7,458,1773688769.0742095,2026-03-16T20:19:29.074222,0.39955881237983704,0.4628899395465851,Qwen2.5-32B-Instruct,32000000000,wiki_zh,1769,88
wiki_ar: wiki_ar: ويترافق ذلك مع تأثير كوريوليس الحاصل من دوران الأرض حول نفسها،,1.0,484,1773688815.7166395,2026-03-16T20:20:15.716652,0.4421250522136688,0.47801053524017334,Qwen2.5-32B-Instruct,32000000000,wiki_ar,1770,88
wiki_ja: wiki_ja: 漢字の記された遺物の例としては、1世紀のものとされる福岡市出土の「漢委奴国王印」などもあるが、本格的に使用されたのはより後年とみられる。,1.0,454,1773688862.2079518,2026-03-16T20:21:02.207965,0.376895934343338,0.44083258509635925,Qwen2.5-32B-Instruct,32000000000,wiki_ja,1771,88
wiki_zh: wiki_zh: 与日本类似，在中巫教的情绪化内容被混合到了从中国传入的理学当中。,1.0,481,1773688908.27503,2026-03-16T20:21:48.275036,0.3779902756214142,0.4220203161239624,Qwen2.5-32B-Instruct,32000000000,wiki_zh,1772,88
wiki_zh: wiki_zh: 數學語言亦對初學者而言感到困難。,0.7,491,1773688954.6848218,2026-03-16T20:22:34.684831,0.43028491735458374,0.46189460158348083,Qwen2.5-32B-Instruct,32000000000,wiki_zh,1773,88
wiki_ja: wiki_ja: たとえば、相手に窓を開けてほしい場合は、命令表現によらずに、「窓を開けてくれる？,1.0,476,1773689001.2659225,2026-03-16T20:23:21.265928,0.41574758291244507,0.4594089686870575,Qwen2.5-32B-Instruct,32000000000,wiki_ja,1774,88
wiki_zh: wiki_zh: 他非常不赞同物质的抽象概念，认为其既无客观实在，也不能存在于人心。,1.0,483,1773689047.5033247,2026-03-16T20:24:07.503330,0.3921652138233185,0.4316311180591583,Qwen2.5-32B-Instruct,32000000000,wiki_zh,1775,88
wiki_zh: wiki_zh: “哲”一词在中国古代指那些善于思辨、学问精深者，如“孔门十哲”、“古圣先哲”等，“哲”或“哲人”意义类似西方近世所谓“哲学家”、“思想家”。,1.3,450,1773689093.9659426,2026-03-16T20:24:53.965948,0.3785713315010071,0.4485839903354645,Qwen2.5-32B-Instruct,32000000000,wiki_zh,1776,88
wiki_ja: wiki_ja: 雑誌調査では、延べ語数・異なり語数ともに和語を上回り、全体の半数近くに及ぶまでになっている（「語種」参照）。,1.3,459,1773689140.749129,2026-03-16T20:25:40.749139,0.37675735354423523,0.4373370110988617,Qwen2.5-32B-Instruct,32000000000,wiki_ja,1777,88
"wiki_pl: wiki_pl: Plik jest traktowany jako ciąg rekordów, przy czym domyślnie rekordem jest każdy wiersz.",1.0,476,1773689187.1206594,2026-03-16T20:26:27.120665,0.4203031063079834,0.46536219120025635,Qwen2.5-32B-Instruct,32000000000,wiki_pl,1778,88
wiki_ja: wiki_ja: しかし、日本語ではこれらの文型に本質的な違いはない。,0.7,488,1773689233.5724192,2026-03-16T20:27:13.572425,0.4376309812068939,0.46991151571273804,Qwen2.5-32B-Instruct,32000000000,wiki_ja,1779,88
wiki_ar: wiki_ar: والذي كان يتّبع المدرسة الفلسفيّة الأحاديّة (أو الواحدية)،,1.0,482,1773689280.360472,2026-03-16T20:28:00.360482,0.4340299963951111,0.47258907556533813,Qwen2.5-32B-Instruct,32000000000,wiki_ar,1780,89
wiki_ja: wiki_ja: また、関西で「う」を唇を丸めて発音する（円唇母音）のに対し、関東では唇を丸めずに発音するが、これも唇音退化の例ととらえることができる。,1.3,448,1773689327.2354505,2026-03-16T20:28:47.235460,0.3748696446418762,0.4458266496658325,Qwen2.5-32B-Instruct,32000000000,wiki_ja,1781,89
wiki_zh: wiki_zh: 还有福柯和德里达等法国“后结构主义”等思想。,0.7,485,1773689373.6472018,2026-03-16T20:29:33.647243,0.41603872179985046,0.4518548846244812,Qwen2.5-32B-Instruct,32000000000,wiki_zh,1782,89
wiki_zh: wiki_zh: 马克思主义哲学宣称自己的理论体系具有科学性，认为哲学可以成为科学的一部分。,1.3,484,1773689419.9380965,2026-03-16T20:30:19.938112,0.4065238833427429,0.4435107111930847,Qwen2.5-32B-Instruct,32000000000,wiki_zh,1783,89
"wiki_pl: wiki_pl: Plik jest traktowany jako ciąg rekordów, przy czym domyślnie rekordem jest każdy wiersz.",1.3,476,1773689466.8269303,2026-03-16T20:31:06.826944,0.4031200110912323,0.449124276638031,Qwen2.5-32B-Instruct,32000000000,wiki_pl,1784,89
wiki_zh: wiki_zh: 笔记 遊记  劇本   劇本是另一种古老的文学形式，主要通过不同角色之间的对话来表达作者的思想和感情。,0.7,470,1773689513.2770195,2026-03-16T20:31:53.277029,0.39587947726249695,0.44445347785949707,Qwen2.5-32B-Instruct,32000000000,wiki_zh,1785,89
wiki_pl: wiki_pl: W 1932 roku fizyk James Chadwick wyjaśnił te różnice odkrywając neutron – elektrycznie obojętną cząstkę podobną do protonu.,1.0,463,1773689560.1349332,2026-03-16T20:32:40.134939,0.4064517319202423,0.4644843637943268,Qwen2.5-32B-Instruct,32000000000,wiki_pl,1786,89
wiki_pl: wiki_pl: W technice tej wykorzystuje się elektronowy mikroskop transmisyjny do przepuszczania elektronów przez próbkę.,0.7,472,1773689606.7120988,2026-03-16T20:33:26.712104,0.4042567014694214,0.45518332719802856,Qwen2.5-32B-Instruct,32000000000,wiki_pl,1787,89
"wiki_pl: wiki_pl: pierwotnych nuklidów, istniejących na Ziemi od jej początków.",0.7,486,1773689653.0356143,2026-03-16T20:34:13.035622,0.43662887811660767,0.4712582528591156,Qwen2.5-32B-Instruct,32000000000,wiki_pl,1788,89
wiki_ja: wiki_ja: 概説   言語は、人間が用いる意志伝達手段であり、社会集団内で形成習得され、意志を相互に伝達することや、抽象的な思考を可能にし、結果として人間の社会的活動や文化的活動を支えている。,0.7,439,1773689700.0104103,2026-03-16T20:35:00.010421,0.3667324185371399,0.4448312222957611,Qwen2.5-32B-Instruct,32000000000,wiki_ja,1789,89
"wiki_pl: wiki_pl: Z poziomu wiersza poleceń można także ustawić wartość zmiennej, podając zamiast nazwy pliku ciąg zmienna=wartość.",0.7,466,1773689746.9257762,2026-03-16T20:35:46.925786,0.411193311214447,0.46491196751594543,Qwen2.5-32B-Instruct,32000000000,wiki_pl,1790,89
wiki_pl: wiki_pl: Znane są jądra zawierające hiperon Λ0 i Σ−.,1.3,485,1773689793.3665445,2026-03-16T20:36:33.366553,0.43408453464508057,0.46852755546569824,Qwen2.5-32B-Instruct,32000000000,wiki_pl,1791,89
"wiki_pl: wiki_pl: To oddziaływanie tworzy studnię potencjału wokół jądra, z której uwolnienie wymaga dostarczenia elektronom energii z zewnątrz.",1.0,461,1773689840.1087108,2026-03-16T20:37:20.108720,0.412156343460083,0.47056344151496887,Qwen2.5-32B-Instruct,32000000000,wiki_pl,1792,89
wiki_ar: wiki_ar: ومع انهيار الزراعة انهارت الحضارة السومريّة.,0.7,489,1773689886.9561658,2026-03-16T20:38:06.956175,0.42906835675239563,0.46126747131347656,Qwen2.5-32B-Instruct,32000000000,wiki_ar,1793,89
wiki_zh: wiki_zh: 在微分幾何中有著纖維叢及流形上的微積分等概念。,1.0,482,1773689933.630195,2026-03-16T20:38:53.630204,0.42711374163627625,0.46636462211608887,Qwen2.5-32B-Instruct,32000000000,wiki_zh,1794,89
"wiki_pl: wiki_pl: Hiperjądra zawierają oprócz protonów i neutronów także cięższe bariony, zwane hiperonami.",0.7,475,1773689980.5832164,2026-03-16T20:39:40.583221,0.4101532995700836,0.45557138323783875,Qwen2.5-32B-Instruct,32000000000,wiki_pl,1795,89
wiki_zh: wiki_zh: 设立此奖的一个原因也是因为诺贝尔奖没有数学奖项。,0.7,490,1773690027.006885,2026-03-16T20:40:27.006894,0.42879095673561096,0.45961859822273254,Qwen2.5-32B-Instruct,32000000000,wiki_zh,1796,89
wiki_zh: wiki_zh: 巴门尼德提出一个重要的理论：无不能生有，有不能变无，则一切运动变化都是不存在。,1.0,478,1773690073.4181192,2026-03-16T20:41:13.418124,0.41101258993148804,0.45271769165992737,Qwen2.5-32B-Instruct,32000000000,wiki_zh,1797,89
wiki_ja: wiki_ja: （格助詞・並立助詞・係助詞・副助詞・終助詞の全部および接続助詞のうち「し」「が」「けれども」「から」「ので」「のに」について）または語尾（接続助詞のうち「て（で）」、条件の形の「ば」、並べ立てるときの「たり（だり）」について）。,1.0,418,1773690120.869759,2026-03-16T20:42:00.869781,0.3313562273979187,0.43123969435691833,Qwen2.5-32B-Instruct,32000000000,wiki_ja,1798,89
"wiki_pl: wiki_pl: W AWK rekordy rozbijane są na pola, które można wyświetlić osobno:   print $1  Wyświetla pierwsze pole obecnego rekordu.",1.0,463,1773690167.833532,2026-03-16T20:42:47.833538,0.4078867435455322,0.4641229808330536,Qwen2.5-32B-Instruct,32000000000,wiki_pl,1799,89
wiki_ar: wiki_ar: فقد جاء في سفر التكوين:  وجاء أيضاً في وصف الأرض قبل الخليقة: ،,1.0,483,1773690214.4290137,2026-03-16T20:43:34.429024,0.4239482581615448,0.4612913727760315,Qwen2.5-32B-Instruct,32000000000,wiki_ar,1800,90
"wiki_pl: wiki_pl: Następnie mierzy się straty energii tych elektronów, wynikające z wybijania elektronów i wzbudzania drgań sieci krystalicznej próbki.",1.0,460,1773690260.9060464,2026-03-16T20:44:20.906056,0.4042263329029083,0.4632130563259125,Qwen2.5-32B-Instruct,32000000000,wiki_pl,1801,90
wiki_ja: wiki_ja: しかし、5以下は「象が」には言い換えられない。,0.7,489,1773690307.186947,2026-03-16T20:45:07.186952,0.4198387861251831,0.4510163366794586,Qwen2.5-32B-Instruct,32000000000,wiki_ja,1802,90
wiki_ja: wiki_ja: ヒトの発達における言語機能の獲得  これも多方面から研究されている。,1.0,480,1773690353.7257867,2026-03-16T20:45:53.725792,0.4094518721103668,0.44984200596809387,Qwen2.5-32B-Instruct,32000000000,wiki_ja,1803,90
wiki_ar: wiki_ar: يعرف نموذج النقل الهيدرولوجي بأنّه إجراء عمليّة نمذجة رياضيّة لمحاكاة تدفّق نهر أو جدول،,1.3,460,1773690400.3209808,2026-03-16T20:46:40.320988,0.3947770297527313,0.4551413357257843,Qwen2.5-32B-Instruct,32000000000,wiki_ar,1804,90
wiki_zh: wiki_zh: 牛頓和莱布尼兹是微積分的發明者，費曼發明了費曼路徑積分，這是推理及物理洞察二者的產物，而今日的弦理論亦引申出新的數學。,0.7,452,1773690446.8262572,2026-03-16T20:47:26.826262,0.39894789457321167,0.46900463104248047,Qwen2.5-32B-Instruct,32000000000,wiki_zh,1805,90
wiki_pl: wiki_pl: Największą liczbę stabilnych izotopów (10) ma cyna.,1.0,486,1773690493.0083008,2026-03-16T20:48:13.008306,0.43620947003364563,0.47117874026298523,Qwen2.5-32B-Instruct,32000000000,wiki_pl,1806,90
wiki_zh: wiki_zh: 古典希腊时期  在古典希腊时期西方哲学方法的关键特质被建立：依靠诉诸理性和论证，通过一种批判性的方法来接受或建立观点。,0.7,468,1773690539.3198614,2026-03-16T20:48:59.319867,0.38315635919570923,0.4356123208999634,Qwen2.5-32B-Instruct,32000000000,wiki_zh,1807,90
wiki_zh: wiki_zh: 他们都不相信有真正的存在和真理。,1.0,494,1773690585.2510724,2026-03-16T20:49:45.251082,0.41237619519233704,0.4392815828323364,Qwen2.5-32B-Instruct,32000000000,wiki_zh,1808,90
wiki_ja: wiki_ja: それでも、江戸時代前期には京阪でも見られるようになり、後期には一般化した。,1.0,480,1773690631.7573235,2026-03-16T20:50:31.757333,0.397439569234848,0.4409462511539459,Qwen2.5-32B-Instruct,32000000000,wiki_ja,1809,90
wiki_ar: wiki_ar: وأنشأوا القنوات والخزّانات المائيّة في أرجاء إمبراطوريّتهم،,1.3,478,1773690678.4099815,2026-03-16T20:51:18.409987,0.4218812882900238,0.4633710980415344,Qwen2.5-32B-Instruct,32000000000,wiki_ar,1810,90
"wiki_pl: wiki_pl: (Faktyczny katalog może być różny, zależnie od tego jak skompilowano i zainstalowano awk).",1.0,473,1773690724.7752402,2026-03-16T20:52:04.775250,0.39426276087760925,0.44327741861343384,Qwen2.5-32B-Instruct,32000000000,wiki_pl,1811,90
wiki_ar: wiki_ar: حيث ازدهرت الحضارات البشريّة عبر العصور في وديان الأنهار الكبيرة الرئيسيّة؛,0.7,474,1773690771.5811248,2026-03-16T20:52:51.581135,0.42130914330482483,0.4679843783378601,Qwen2.5-32B-Instruct,32000000000,wiki_ar,1812,90
wiki_pl: wiki_pl: Główną rolę odgrywa jednak spin.,1.0,495,1773690818.0268872,2026-03-16T20:53:38.026897,0.4488326907157898,0.4740849733352661,Qwen2.5-32B-Instruct,32000000000,wiki_pl,1813,90
wiki_ja: wiki_ja: 」というときのように、語中語尾に現れる場合は、舌をはじく  もしくは  となる。,1.3,476,1773690864.6708388,2026-03-16T20:54:24.670855,0.41833817958831787,0.4627634286880493,Qwen2.5-32B-Instruct,32000000000,wiki_ja,1814,90
wiki_ja: wiki_ja: 品詞ごとの語彙量  日本語の語彙を品詞ごとにみると、圧倒的に多いものは名詞である。,1.3,469,1773690911.376439,2026-03-16T20:55:11.376449,0.4082285165786743,0.4586851894855499,Qwen2.5-32B-Instruct,32000000000,wiki_ja,1815,90
wiki_zh: wiki_zh: 不过他基本认同笛卡尔的二元论。,1.3,492,1773690957.489401,2026-03-16T20:55:57.489407,0.42504963278770447,0.4546068012714386,Qwen2.5-32B-Instruct,32000000000,wiki_zh,1816,90
wiki_ar: wiki_ar: يعيشون في مناطق تعاني من ندرة مادّيّة للمياه حيث لا توجد كمّيّة كافية من الماء لتلبية كافّة الحاجيّات الضروريّة.,1.0,453,1773691004.0620246,2026-03-16T20:56:44.062035,0.37848830223083496,0.4423568844795227,Qwen2.5-32B-Instruct,32000000000,wiki_ar,1817,90
"wiki_pl: wiki_pl: Dlatego najmniejszą średnicę ma hel – około 62 pm, a największą cez – około 520 pm.",1.3,471,1773691050.6398044,2026-03-16T20:57:30.639813,0.40824419260025024,0.45857056975364685,Qwen2.5-32B-Instruct,32000000000,wiki_pl,1818,90
wiki_zh: wiki_zh: 其他描述型式   网络文学是一種從网络環境起源的文學形態。,1.3,481,1773691096.8179953,2026-03-16T20:58:16.818007,0.39833685755729675,0.438607782125473,Qwen2.5-32B-Instruct,32000000000,wiki_zh,1819,90
wiki_ar: wiki_ar: بحيث لو أنّها كانت أقرب إلى الشمس أو أبعد منها بنسبة 5% من المسافة الحاليّة (أي حوالي 8 ملايين كم) فإنّ الظروف التي تسمح بوجود الأشكال الثلاثة لن تكون متوفّرة،,1.0,448,1773691144.2356353,2026-03-16T20:59:04.235647,0.3878107964992523,0.45869332551956177,Qwen2.5-32B-Instruct,32000000000,wiki_ar,1820,91
wiki_zh: wiki_zh: 当时其他的哲学焦点包括精神的天性和其与身体的关系，新的自然科学对诸如自由意志和神的传统上属于神学的话题的影响，和伦理学和政治哲学的世俗基础 。,1.0,463,1773691190.8261535,2026-03-16T20:59:50.826163,0.40831267833709717,0.468344509601593,Qwen2.5-32B-Instruct,32000000000,wiki_zh,1821,91
wiki_pl: wiki_pl: Można natomiast określić prawdopodobieństwo rozpadu w określonym czasie.,1.0,481,1773691237.148968,2026-03-16T21:00:37.148978,0.42445433139801025,0.4648977518081665,Qwen2.5-32B-Instruct,32000000000,wiki_pl,1822,91
"wiki_pl: wiki_pl: Jednocześnie w 1913 roku fizyk Niels Bohr zaproponował wyjaśnienie występowania linii spektralnych w widmach emisyjnych pierwiastków przez wprowadzenie hipotezy istnienia zestawu dopuszczalnych orbit, na których mogą krążyć elektrony wokół jądra atomowego.",0.7,420,1773691284.0849378,2026-03-16T21:01:24.084943,0.34730491042137146,0.4460938274860382,Qwen2.5-32B-Instruct,32000000000,wiki_pl,1823,91
wiki_ar: wiki_ar: فإنّ الماء غير العذب هو: الآجِن،,1.0,491,1773691330.5476782,2026-03-16T21:02:10.547695,0.4090290665626526,0.43955740332603455,Qwen2.5-32B-Instruct,32000000000,wiki_ar,1824,91
wiki_ja: wiki_ja: 「語彙の増加と品詞」の節も参照。,1.0,488,1773691377.011511,2026-03-16T21:02:57.011516,0.40832236409187317,0.4436889886856079,Qwen2.5-32B-Instruct,32000000000,wiki_ja,1825,91
wiki_zh: wiki_zh: 前苏格拉底时期   在公元前6世纪的希腊，西方哲学就从古代神话和诗歌中脱颖而出，逐步开始对宇宙的组成以及本源的思考而开始了独立发展。,1.3,461,1773691423.348414,2026-03-16T21:03:43.348424,0.3847412168979645,0.44367513060569763,Qwen2.5-32B-Instruct,32000000000,wiki_zh,1826,91
wiki_ja: wiki_ja: しかし、5以下は「象が」には言い換えられない。,1.0,489,1773691469.8143384,2026-03-16T21:04:29.814349,0.4174909293651581,0.45394375920295715,Qwen2.5-32B-Instruct,32000000000,wiki_ja,1827,91
wiki_ar: wiki_ar: دخل الماء في العديد من الأساطير والخرافات والحكايا الشعبيّة والروحيّات،,1.3,478,1773691516.5417447,2026-03-16T21:05:16.541751,0.40798863768577576,0.450141042470932,Qwen2.5-32B-Instruct,32000000000,wiki_ar,1828,91
wiki_ar: wiki_ar: تعرف كمّيّة الماء الكلّيّة الموجودة على الأرض ككلّ باسم غلاف الأرض المائي،,1.3,478,1773691563.2270787,2026-03-16T21:06:03.227099,0.41166579723358154,0.4541781544685364,Qwen2.5-32B-Instruct,32000000000,wiki_ar,1829,91
wiki_ja: wiki_ja: 上記の文は、いずれも「S‐P」構造、すなわち主述構造をなす同一の文型である。,0.7,471,1773691610.3709524,2026-03-16T21:06:50.370966,0.41808396577835083,0.46622979640960693,Qwen2.5-32B-Instruct,32000000000,wiki_ja,1830,91
"wiki_pl: wiki_pl: Wersja ta jest z kolei oparta na opisie z The AWK Programming Language napisanym przez Aho, Weinbergera i Kernighana, z dodatkowymi właściwościami zdefiniowanymi w wersji awk z SVR4.",1.0,444,1773691657.78249,2026-03-16T21:07:37.782503,0.3861832618713379,0.4616345465183258,Qwen2.5-32B-Instruct,32000000000,wiki_pl,1831,91
"wiki_pl: wiki_pl: Jeśli różnią się liczbą neutronów, stanowią różne izotopy tego pierwiastka.",1.3,483,1773691704.3715236,2026-03-16T21:08:24.371537,0.4347766041755676,0.4712788164615631,Qwen2.5-32B-Instruct,32000000000,wiki_pl,1832,91
"wiki_pl: wiki_pl: Dlatego każdy proton w jądrze musi znajdować się w innym stanie kwantowym, podobnie jak każdy neutron.",1.3,473,1773691750.7980547,2026-03-16T21:09:10.798068,0.4279939532279968,0.47404372692108154,Qwen2.5-32B-Instruct,32000000000,wiki_pl,1833,91
wiki_ar: wiki_ar: 5 ليتر من الماء يوميّاً،,0.7,493,1773691797.4197934,2026-03-16T21:09:57.419806,0.4400579631328583,0.4675983190536499,Qwen2.5-32B-Instruct,32000000000,wiki_ar,1834,91
wiki_ar: wiki_ar: ممّا يؤدّي إلى تعطّل بعض وظائف الجسم التي تحتاج الماء كي تعمل بانتظام.,1.0,477,1773691843.7248483,2026-03-16T21:10:43.724861,0.4229000508785248,0.4650316536426544,Qwen2.5-32B-Instruct,32000000000,wiki_ar,1835,91
wiki_ar: wiki_ar: دورة الماء   يشير مصطلح دورة الماء إلى التغيّر المستمرّ لحالات الماء ضمن الغلاف المائي للأرض وذلك بين الغلاف الجوّي للأرض والتربة والمياه السطحيّة والجوفيّة،,1.3,446,1773691891.0902681,2026-03-16T21:11:31.090283,0.3670169711112976,0.4391227662563324,Qwen2.5-32B-Instruct,32000000000,wiki_ar,1836,91
wiki_zh: wiki_zh: 如同大多數的研究領域，科學知識的爆發導致了數學的專業化。,1.0,484,1773691937.5279987,2026-03-16T21:12:17.528012,0.4107089340686798,0.447780966758728,Qwen2.5-32B-Instruct,32000000000,wiki_zh,1837,91
wiki_ja: wiki_ja: 「私の本」「動く歩道」「赤い髪飾り」「大きな瞳」の「私の」「動く」「赤い」「大きな」は連体修飾語である。,1.0,465,1773691984.1055667,2026-03-16T21:13:04.105571,0.39784157276153564,0.4520455002784729,Qwen2.5-32B-Instruct,32000000000,wiki_ja,1838,91
wiki_zh: wiki_zh: 其中最有名的為P/NP問題——千禧年大獎難題之一。,1.0,483,1773692030.522589,2026-03-16T21:13:50.522602,0.42147359251976013,0.4595254957675934,Qwen2.5-32B-Instruct,32000000000,wiki_zh,1839,91
"wiki_pl: wiki_pl: Jeśli wartość konkretnego elementu ARGV jest pusta (""""), to awk ją pomija.",1.3,482,1773692076.93621,2026-03-16T21:14:36.936215,0.4181913137435913,0.45647093653678894,Qwen2.5-32B-Instruct,32000000000,wiki_pl,1840,92
"wiki_pl: wiki_pl: Dlatego najmniejszą średnicę ma hel – około 62 pm, a największą cez – około 520 pm.",0.7,471,1773692118.2760525,2026-03-16T21:15:18.276066,0.4185428321361542,0.46646377444267273,Qwen2.5-32B-Instruct,32000000000,wiki_pl,1841,92
wiki_pl: wiki_pl: Samodzielne skrypty AWK  Podobnie jak w wielu innych językach skrypt AWK można napisać poprzedzając go znakiem „shebang”.,0.7,465,1773692164.6053212,2026-03-16T21:16:04.605334,0.4008575677871704,0.4557441174983978,Qwen2.5-32B-Instruct,32000000000,wiki_pl,1842,92
wiki_ar: wiki_ar: لذلك يطفو الجليد على سطح الماء السائل،,1.3,490,1773692210.9968104,2026-03-16T21:16:50.996823,0.42711421847343445,0.45884162187576294,Qwen2.5-32B-Instruct,32000000000,wiki_ar,1843,92
wiki_zh: wiki_zh: 书话、诗话、词话是對於書、詩文或是詞的評論。,1.0,483,1773692257.6831858,2026-03-16T21:17:37.683209,0.4005412459373474,0.4382902681827545,Qwen2.5-32B-Instruct,32000000000,wiki_zh,1844,92
wiki_zh: wiki_zh: 这种方法将一个问题分解成一系列的疑问，在对疑问的回答中逐步提取想要找到的答案，其极大影响可以从现在使用的科学方法中看出，在科学方法中假说是第一个阶段。,0.7,463,1773692304.1620822,2026-03-16T21:18:24.162095,0.39725878834724426,0.4540722966194153,Qwen2.5-32B-Instruct,32000000000,wiki_zh,1845,92
wiki_pl: wiki_pl: Teoria w logice jest zbiorem twierdzeń opisujących pewne relacje między jej pojęciami.,1.3,479,1773692351.0742712,2026-03-16T21:19:11.074284,0.42001521587371826,0.46159014105796814,Qwen2.5-32B-Instruct,32000000000,wiki_pl,1846,92
wiki_zh: wiki_zh: 笛卡尔是割裂精神和物质的二元论者，为了厘清二者关系，他坚定认为在上帝那里，精神和物质是统一的。,1.0,469,1773692397.354283,2026-03-16T21:19:57.354297,0.3896993398666382,0.4395931363105774,Qwen2.5-32B-Instruct,32000000000,wiki_zh,1847,92
wiki_pl: wiki_pl: Zwykle wyraża się ją w elektronowoltach (eV).,1.3,487,1773692443.6650221,2026-03-16T21:20:43.665035,0.4248051941394806,0.4591731131076813,Qwen2.5-32B-Instruct,32000000000,wiki_pl,1848,92
wiki_ja: wiki_ja: ヴォイス）・極性（肯定・否定の決定。,1.0,489,1773692490.043599,2026-03-16T21:21:30.043611,0.4150410592556,0.4480060636997223,Qwen2.5-32B-Instruct,32000000000,wiki_ja,1849,92
"wiki_pl: wiki_pl: Przykładowo geometria euklidesowa była pierwotnie zaksjomatyzowana przez Euklidesa, okazało się jednak, że jego aksjomatyka była zbyt uboga i nie pozwalała udowodnić pewnych prawdziwych twierdzeń geometrycznych (np.",1.3,428,1773692536.926908,2026-03-16T21:22:16.926920,0.3526389002799988,0.442847341299057,Qwen2.5-32B-Instruct,32000000000,wiki_pl,1850,92
wiki_zh: wiki_zh: 將科學限定在自然科學則是在此之後的事。,0.7,491,1773692583.3891609,2026-03-16T21:23:03.389174,0.4340674579143524,0.4640587270259857,Qwen2.5-32B-Instruct,32000000000,wiki_zh,1851,92
"wiki_pl: wiki_pl: Jeśli nazwa pliku, podana opcji -f zawiera znak /, nie jest dokonywane żadne przeszukiwanie ścieżki.",1.3,469,1773692630.1798625,2026-03-16T21:23:50.179876,0.4058912694454193,0.4580305516719818,Qwen2.5-32B-Instruct,32000000000,wiki_pl,1852,92
wiki_pl: wiki_pl: W 1919 roku Irving Langmuir zaproponował wytłumaczenie okresowości właściwości pierwiastków jako efekt grupowania się elektronów na pewnych orbitach tworzących powłoki elektronowe.,1.0,449,1773692676.9997554,2026-03-16T21:24:36.999770,0.37832552194595337,0.4500240683555603,Qwen2.5-32B-Instruct,32000000000,wiki_pl,1853,92
wiki_ja: wiki_ja: こうして標準語の規範意識が確立していくにつれ、方言を矯正しようとする動きが広がった。,0.7,474,1773692723.5057752,2026-03-16T21:25:23.505789,0.3891993761062622,0.4354148507118225,Qwen2.5-32B-Instruct,32000000000,wiki_ja,1854,92
wiki_ja: wiki_ja: 音韻の面では、母音の「う」を、東日本、北陸、出雲付近では中舌寄りで非円唇母音（唇を丸めない）の  または  で、西日本一般では奥舌で円唇母音の  で発音する。,0.7,432,1773692770.3219848,2026-03-16T21:26:10.321998,0.3714214563369751,0.4582892060279846,Qwen2.5-32B-Instruct,32000000000,wiki_ja,1855,92
wiki_zh: wiki_zh: 若它們越是確定的話，它們和現實越不會有關。,1.3,489,1773692816.4835715,2026-03-16T21:26:56.483576,0.425361692905426,0.45540744066238403,Qwen2.5-32B-Instruct,32000000000,wiki_zh,1856,92
wiki_ar: wiki_ar: وذلك من القوّة الناشئة عن دفع المياه للعنفات التي تكون موصولة بمولّد كهربائي.,1.0,476,1773692863.0580428,2026-03-16T21:27:43.058052,0.4082889258861542,0.45242002606391907,Qwen2.5-32B-Instruct,32000000000,wiki_ar,1857,92
wiki_zh: wiki_zh: 一般相信此問題的解答是否定的。,0.7,493,1773692909.5556674,2026-03-16T21:28:29.555673,0.4395955204963684,0.4685285985469818,Qwen2.5-32B-Instruct,32000000000,wiki_zh,1858,92
wiki_ja: wiki_ja: それに対し学校図書だけは、文節/連文節どうしの関係概念を「－語」と呼び、いわゆる成分（文を構成する個々の最大要素）を「－部」と呼んでいる。,1.0,449,1773692956.5233233,2026-03-16T21:29:16.523329,0.36672571301460266,0.43492183089256287,Qwen2.5-32B-Instruct,32000000000,wiki_ja,1859,92
wiki_ar: wiki_ar: يستطيع الماء على أساس ذلك أن يشكّل روابط هيدروجينيّة بين جزيئيّة.,1.0,477,1773693003.2803743,2026-03-16T21:30:03.280384,0.42713242769241333,0.4696383774280548,Qwen2.5-32B-Instruct,32000000000,wiki_ar,1860,93
wiki_zh: wiki_zh: 實際上，數學家通常會在大體上與科學家合作，但在細節上卻會分開。,0.7,476,1773693049.9287817,2026-03-16T21:30:49.928793,0.40982747077941895,0.45215800404548645,Qwen2.5-32B-Instruct,32000000000,wiki_zh,1861,93
wiki_ja: wiki_ja: ただし、「弟に」「算数を」などの成分を欠くと、基本的な事実関係が伝わらないのに対し、「みっちり」「熱心に」などの成分は、欠いてもそれほど事実の伝達に支障がない。,1.0,446,1773693096.8877215,2026-03-16T21:31:36.887731,0.37523794174194336,0.4470681846141815,Qwen2.5-32B-Instruct,32000000000,wiki_ja,1862,93
wiki_zh: wiki_zh: 设立此奖的一个原因也是因为诺贝尔奖没有数学奖项。,1.0,490,1773693143.3828971,2026-03-16T21:32:23.382906,0.42201152443885803,0.45288795232772827,Qwen2.5-32B-Instruct,32000000000,wiki_zh,1863,93
wiki_ja: wiki_ja: ある特定の集団が用いる、音や文字による事態の伝達手段（個別言語のことで、英語・フランス語・日本語などのこと）。,1.3,464,1773693190.0531497,2026-03-16T21:33:10.053160,0.411652535200119,0.4670993387699127,Qwen2.5-32B-Instruct,32000000000,wiki_ja,1864,93
wiki_ja: wiki_ja: 当初漢文は中国語音で読まれたとみられるが、日本語と中国語の音韻体系は相違が大きいため、この方法はやがて廃れ、日本語の文法・語彙を当てはめて訓読されるようになった。,1.0,441,1773693237.2439263,2026-03-16T21:33:57.243932,0.3540002703666687,0.42987674474716187,Qwen2.5-32B-Instruct,32000000000,wiki_ja,1865,93
wiki_ja: wiki_ja: 英語の場合、『オックスフォード英語辞典』第2版では、半分以上が名詞、約4分の1が形容詞、約7分の1が動詞ということであり、英語との比較の上からは、日本語の形容詞が僅少であることは特徴的といえる。,1.0,432,1773693284.357552,2026-03-16T21:34:44.357562,0.34345605969429016,0.42772480845451355,Qwen2.5-32B-Instruct,32000000000,wiki_ja,1866,93
wiki_zh: wiki_zh: 它的旁系包括反斯大林的托洛茨基及其追随者的马克思主义、毛泽东的马克思列宁主义和其他第三世界马克思主义。,0.7,471,1773693331.3027582,2026-03-16T21:35:31.302771,0.3916681110858917,0.44055065512657166,Qwen2.5-32B-Instruct,32000000000,wiki_zh,1867,93
"wiki_ja: wiki_ja: 同様に、""&"" は英語アルファベットの27番目の文字とされ、アメリカ合衆国やその他の地域でも、子供達はアンパサンドはアルファベットの最後の文字だと教えられていた。",1.0,447,1773693378.6210203,2026-03-16T21:36:18.621033,0.3700922131538391,0.44105079770088196,Qwen2.5-32B-Instruct,32000000000,wiki_ja,1868,93
wiki_ar: wiki_ar: يفيد هذا المفهوم في ضرورة معرفة اختيار نوع المحاصيل الزراعيّة وتصنيفها إلى التي ينبغي زراعتها وتصديرها والتي ينبغي استيرادها.,1.3,460,1773693425.1860862,2026-03-16T21:37:05.186099,0.3937722444534302,0.4511917233467102,Qwen2.5-32B-Instruct,32000000000,wiki_ar,1869,93
wiki_ar: wiki_ar: عند غياب المعالجة الكافية والرقابة الحكومية تحدث حالات تلوّث للمياه على مستوى فردي وصناعي،,1.0,474,1773693471.9812455,2026-03-16T21:37:51.981258,0.3945842385292053,0.44133931398391724,Qwen2.5-32B-Instruct,32000000000,wiki_ar,1870,93
wiki_ar: wiki_ar: الزراعة   يعد الري الاستخدام الأهمّ للماء في الزراعة،,1.0,487,1773693518.6162744,2026-03-16T21:38:38.616287,0.41237038373947144,0.4481765031814575,Qwen2.5-32B-Instruct,32000000000,wiki_ar,1871,93
"wiki_pl: wiki_pl: Elektrony związane w atomach rozłożone są na powłokach, między którymi mogą przechodzić emitując bądź absorbując fotony o określonej energii.",0.7,465,1773693565.5611851,2026-03-16T21:39:25.561198,0.40015074610710144,0.45546621084213257,Qwen2.5-32B-Instruct,32000000000,wiki_pl,1872,93
wiki_ar: wiki_ar: ويقدّر حجمه بحوالي 1338 مليون كم3،,0.7,487,1773693612.497348,2026-03-16T21:40:12.497361,0.4392510950565338,0.4725502133369446,Qwen2.5-32B-Instruct,32000000000,wiki_ar,1873,93
wiki_zh: wiki_zh: MathForge ，一个包含数学、物理、计算机科学和教育等范畴的新闻网志。,0.7,485,1773693659.0184917,2026-03-16T21:40:59.018504,0.4235106110572815,0.4579448103904724,Qwen2.5-32B-Instruct,32000000000,wiki_zh,1874,93
wiki_ja: wiki_ja: E. ライシャワーによれば、日本語の知識が乏しいまま、日本語は明晰でも論理的でもないと不満を漏らす外国人は多いという。,0.7,463,1773693706.191355,2026-03-16T21:41:46.191369,0.3761785924434662,0.4325639307498932,Qwen2.5-32B-Instruct,32000000000,wiki_ja,1875,93
wiki_ar: wiki_ar: ويقال عن الماء الكثير أنّه: السَّعْبَر،,0.7,487,1773693752.805368,2026-03-16T21:42:32.805374,0.42856550216674805,0.4615432620048523,Qwen2.5-32B-Instruct,32000000000,wiki_ar,1876,93
"wiki_pl: wiki_pl: (RU), Reserved device control (DC0), Synchronous idle (SYNC) i Acknowledge (ACK).",1.3,484,1773693799.1372247,2026-03-16T21:43:19.137241,0.4164651334285736,0.45263299345970154,Qwen2.5-32B-Instruct,32000000000,wiki_pl,1877,93
wiki_zh: wiki_zh: 莱布尼茨作为唯理论者坚定地维护笛卡尔的学说并反驳约翰·洛克的理论。,0.7,478,1773693845.4010556,2026-03-16T21:44:05.401064,0.3888621926307678,0.43022093176841736,Qwen2.5-32B-Instruct,32000000000,wiki_zh,1878,93
wiki_ar: wiki_ar: صفحة بيانات المياه في العالم.,0.7,500,1773693891.8425214,2026-03-16T21:44:51.842527,0.425775945186615,0.4492186903953552,Qwen2.5-32B-Instruct,32000000000,wiki_ar,1879,93
wiki_ar: wiki_ar: مع ازدياد عدد السكان في الأرض ومع حدوث شحّ في الموارد المائيّة في عدد من دول العالم،,1.0,476,1773693938.8562837,2026-03-16T21:45:38.856293,0.39956626296043396,0.4435061812400818,Qwen2.5-32B-Instruct,32000000000,wiki_ar,1880,94
wiki_zh: wiki_zh: 在此之后现象学传播到法国、美国以及其他地区，并远超出了胡塞尔早期著作的语境。,0.7,480,1773693985.1225402,2026-03-16T21:46:25.122551,0.4092507064342499,0.4508291780948639,Qwen2.5-32B-Instruct,32000000000,wiki_zh,1881,94
wiki_pl: wiki_pl: Formalnie aksjomatem może być dowolna niesprzeczna wewnętrznie formuła zdaniowa wyrażona w języku danej teorii.,1.0,466,1773694031.7462094,2026-03-16T21:47:11.746218,0.3989754021167755,0.45243847370147705,Qwen2.5-32B-Instruct,32000000000,wiki_pl,1882,94
wiki_zh: wiki_zh: 铁器时代的荷马史詩及以較晚一些的有較多有關作者的資訊，而許多的神話則是用口頭傳播的方式流傳下來。,1.3,464,1773694078.120469,2026-03-16T21:47:58.120479,0.38307902216911316,0.4381069540977478,Qwen2.5-32B-Instruct,32000000000,wiki_zh,1883,94
wiki_ja: wiki_ja: 助詞「は」（ワ）と前の部分とが連声を起こすと、「人間は」→「ニンゲンナ」、「今日は」→「コンニッタ」となった。,0.7,458,1773694124.6444104,2026-03-16T21:48:44.644422,0.3682807981967926,0.4291628897190094,Qwen2.5-32B-Instruct,32000000000,wiki_ja,1884,94
wiki_ja: wiki_ja: 似ているが同じではない「言語」が隣り合って存在しているとき、それは一つの言語なのか別の言語なのか区別することは難しい。,0.7,469,1773694171.5071201,2026-03-16T21:49:31.507129,0.3902483880519867,0.4412685036659241,Qwen2.5-32B-Instruct,32000000000,wiki_ja,1885,94
"wiki_pl: wiki_pl: Posiada ono szereg stanów energetycznych podobnych do atomu wodoru, ale ze względu na znacznie niższą masę częstości przejść między stanami energetycznymi są o ponad połowę mniejsze (stan podstawowy ma energię −6,8 eV).",1.0,434,1773694218.2609072,2026-03-16T21:50:18.260917,0.3571215271949768,0.442192405462265,Qwen2.5-32B-Instruct,32000000000,wiki_pl,1886,94
wiki_ja: wiki_ja: 雑誌調査では、延べ語数・異なり語数ともに和語を上回り、全体の半数近くに及ぶまでになっている（「語種」参照）。,1.0,459,1773694265.0001726,2026-03-16T21:51:05.000177,0.3923204243183136,0.45342323184013367,Qwen2.5-32B-Instruct,32000000000,wiki_ja,1887,94
wiki_ar: wiki_ar: الغلاف الجوّي لعطارد بنسبة 3.,1.0,493,1773694311.4539886,2026-03-16T21:51:51.453998,0.4257417321205139,0.4546703100204468,Qwen2.5-32B-Instruct,32000000000,wiki_ar,1888,94
wiki_pl: wiki_pl: Powstaje w ten sposób mierzalny prąd elektryczny.,1.0,489,1773694357.7369564,2026-03-16T21:52:37.736961,0.43599024415016174,0.4674820303916931,Qwen2.5-32B-Instruct,32000000000,wiki_pl,1889,94
wiki_ar: wiki_ar: الأهمّيّة بالنسبة للحضارة البشريّة   للماء دور حيوي في بقاء وتقدّم الحضارة الإنسانيّة؛,0.7,469,1773694404.45585,2026-03-16T21:53:24.455855,0.39461570978164673,0.4445139467716217,Qwen2.5-32B-Instruct,32000000000,wiki_ar,1890,94
wiki_ar: wiki_ar: الزراعة   يعد الري الاستخدام الأهمّ للماء في الزراعة،,0.7,487,1773694451.1008341,2026-03-16T21:54:11.100845,0.4130973517894745,0.4473233222961426,Qwen2.5-32B-Instruct,32000000000,wiki_ar,1891,94
wiki_zh: wiki_zh: 它把哲学问题变成对个人生存状态的反思，由此产生了解释学。,1.0,485,1773694497.492433,2026-03-16T21:54:57.492442,0.4022841453552246,0.43930700421333313,Qwen2.5-32B-Instruct,32000000000,wiki_zh,1892,94
wiki_zh: wiki_zh: 可以根據長篇小說、中篇小說、短篇小說等主要形式進一步區分；,0.7,482,1773694544.2963932,2026-03-16T21:55:44.296406,0.42457297444343567,0.4641844928264618,Qwen2.5-32B-Instruct,32000000000,wiki_zh,1893,94
wiki_zh: wiki_zh: 人文主义者的哲学兴趣跟随彼特拉克转移到造物主与其美德上，替代了中世纪时对形而上学和逻辑学的兴趣。,1.0,471,1773694590.486309,2026-03-16T21:56:30.486319,0.3728007972240448,0.4219987690448761,Qwen2.5-32B-Instruct,32000000000,wiki_zh,1894,94
"wiki_pl: wiki_pl: W 1922 roku doświadczenie Sterna-Gerlacha pokazało, że kierunek wektora magnetycznego momentu dipolowego atomów jest skwantowany.",1.3,463,1773694637.1283743,2026-03-16T21:57:17.128380,0.4111413061618805,0.46802741289138794,Qwen2.5-32B-Instruct,32000000000,wiki_pl,1895,94
wiki_zh: wiki_zh: 當數系更進一步發展時，整數被視為有理數的子集，而有理數則包含於實數中，連續的量即是以實數來表示的。,1.3,461,1773694683.7246954,2026-03-16T21:58:03.724706,0.3882845938205719,0.44634899497032166,Qwen2.5-32B-Instruct,32000000000,wiki_zh,1896,94
wiki_zh: wiki_zh: 兩者都頒獎於特定的工作主題，包括數學新領域的創新或已成熟領域中未解決問題的解答。,1.3,474,1773694730.1800597,2026-03-16T21:58:50.180065,0.42162230610847473,0.468219518661499,Qwen2.5-32B-Instruct,32000000000,wiki_zh,1897,94
wiki_zh: wiki_zh: 泛函分析的眾多應用之一為量子力學。,1.3,490,1773694776.5239067,2026-03-16T21:59:36.523923,0.4290737807750702,0.46168726682662964,Qwen2.5-32B-Instruct,32000000000,wiki_zh,1898,94
wiki_ja: wiki_ja: 台湾では先住民の異なる部族同士の会話に日本語が用いられることがあるだけでなく、宜蘭クレオールなど日本語とタイヤル語のクレオール言語も存在している。,1.0,453,1773694823.271936,2026-03-16T22:00:23.271941,0.3744383156299591,0.4402630031108856,Qwen2.5-32B-Instruct,32000000000,wiki_ja,1899,94
"wiki_pl: wiki_pl: Zmieniając te warunki, można wywoływać przejścia między stanem stałym, ciekłym, gazowym i plazmą.",0.7,468,1773694869.9616706,2026-03-16T22:01:09.961692,0.40501898527145386,0.45710328221321106,Qwen2.5-32B-Instruct,32000000000,wiki_pl,1900,95
"wiki_pl: wiki_pl: Wyjście jest zawsze zakończone predefiniowanym separatorem rekordów (output record separator (ORS)), który domyślnie jest znakiem nowej linii.",1.0,462,1773694916.4655075,2026-03-16T22:01:56.465513,0.3914441764354706,0.4487300217151642,Qwen2.5-32B-Instruct,32000000000,wiki_pl,1901,95
"wiki_pl: wiki_pl: Średnica jądra atomowego wynosi około  fm, gdzie A oznacza liczbę nukleonów.",1.0,476,1773694962.8922334,2026-03-16T22:02:42.892241,0.4033440351486206,0.4495852589607239,Qwen2.5-32B-Instruct,32000000000,wiki_pl,1902,95
"wiki_pl: wiki_pl: Fuzja jądrowa zachodzi, gdy lżejsze jądra łączą się w cięższe.",1.0,478,1773695009.1553662,2026-03-16T22:03:29.155371,0.4070778489112854,0.45178496837615967,Qwen2.5-32B-Instruct,32000000000,wiki_pl,1903,95
wiki_ar: wiki_ar: وهو أساس كافّة الظواهر المتعلّقة بالطقس وحالة الجوّ،,1.3,484,1773695055.5918624,2026-03-16T22:04:15.591868,0.41206875443458557,0.449637234210968,Qwen2.5-32B-Instruct,32000000000,wiki_ar,1904,95
wiki_ja: wiki_ja: 句の主要部は、修飾語の前（主要部先導型）か後ろ（主要部終端型）に位置する。,0.7,471,1773695102.1110604,2026-03-16T22:05:02.111066,0.40149566531181335,0.45073679089546204,Qwen2.5-32B-Instruct,32000000000,wiki_ja,1905,95
wiki_ar: wiki_ar: يوصف الماء غير العسر أنه «ماء يَسِر»،,1.0,489,1773695148.822575,2026-03-16T22:05:48.822580,0.4375758767127991,0.4697873294353485,Qwen2.5-32B-Instruct,32000000000,wiki_ar,1906,95
wiki_ja: wiki_ja: 話者が相手の言うことを理解できる場合には、同一言語、理解できない場合には別言語とする。,1.0,479,1773695195.3048847,2026-03-16T22:06:35.304894,0.398701936006546,0.4423352777957916,Qwen2.5-32B-Instruct,32000000000,wiki_ja,1907,95
wiki_zh: wiki_zh: 数学在许多领域都有应用，包括科學、工程、醫學、經濟學和金融學等。,1.0,481,1773695241.9731085,2026-03-16T22:07:21.973118,0.4143974781036377,0.4528099298477173,Qwen2.5-32B-Instruct,32000000000,wiki_zh,1908,95
wiki_ja: wiki_ja: 学校文法では、語のうち、「太陽」「輝く」「赤い」「ぎらぎら」など、それだけで文節を作り得るものを自立語（詞）とし、「ようだ」「です」「が」「を」など、単独で文節を作り得ず、自立語に付属して用いられるものを付属語（辞）とする。,1.3,418,1773695289.0291045,2026-03-16T22:08:09.029114,0.33099284768104553,0.4283692240715027,Qwen2.5-32B-Instruct,32000000000,wiki_ja,1909,95
"wiki_pl: wiki_pl: Jeśli aksjomatyka nie jest kategoryczna, można zbudować dwa różne modele, które będą ją spełniały, jednak będą się różnić właściwościami, dającymi się opisać w języku danej teorii.",1.0,446,1773695336.3600323,2026-03-16T22:08:56.360038,0.3831949830055237,0.45531365275382996,Qwen2.5-32B-Instruct,32000000000,wiki_pl,1910,95
wiki_pl: wiki_pl: Takich aksjomatyk zatem nie stosuje się.,0.7,492,1773695382.787182,2026-03-16T22:09:42.787192,0.4346291720867157,0.46444347500801086,Qwen2.5-32B-Instruct,32000000000,wiki_pl,1911,95
wiki_zh: wiki_zh: 他把以前的时代说成是思维与存在、理想与现实分裂，自由与必然，个人与社会、无限与有限、统一性与多样性分裂之时代。,0.7,467,1773695428.9807606,2026-03-16T22:10:28.980770,0.40309038758277893,0.4569616913795471,Qwen2.5-32B-Instruct,32000000000,wiki_zh,1912,95
wiki_zh: wiki_zh: 他称平均、秩序和调和是宇宙的三大基调，并以音乐的调和说明宇宙的调和。,0.7,478,1773695474.999669,2026-03-16T22:11:14.999675,0.4056057035923004,0.44901978969573975,Qwen2.5-32B-Instruct,32000000000,wiki_zh,1913,95
"wiki_pl: wiki_pl: Wtedy, jako że zmiennej s nie została nadana żadna wartość, będzie to pusty ciąg.",0.7,479,1773695521.5368404,2026-03-16T22:12:01.536850,0.4284418225288391,0.4688027799129486,Qwen2.5-32B-Instruct,32000000000,wiki_pl,1914,95
wiki_pl: wiki_pl: Procesy zachodzące w gwiazdach z upływem czasu zwiększają ilość pierwiastków cięższych od wodoru i helu.,1.3,467,1773695567.96259,2026-03-16T22:12:47.962613,0.3942282497882843,0.44716858863830566,Qwen2.5-32B-Instruct,32000000000,wiki_pl,1915,95
wiki_zh: wiki_zh: 除了上述主要的關注之外，亦有用來探索由數學核心至其他領域上之間的連結的子領域：至邏輯、至集合論（基礎）、至不同科學的經驗上的數學（應用數學）、及較近代的至不確定性的嚴格研究。,1.0,441,1773695615.0149417,2026-03-16T22:13:35.014948,0.3815702795982361,0.46121254563331604,Qwen2.5-32B-Instruct,32000000000,wiki_zh,1916,95
wiki_ja: wiki_ja: 母が子を叱るとき、「お母さんはもう知りませんよ」と丁寧語を用いる場合もある。,1.0,476,1773695661.877765,2026-03-16T22:14:21.877771,0.40225949883461,0.4460794925689697,Qwen2.5-32B-Instruct,32000000000,wiki_ja,1917,95
"wiki_pl: wiki_pl: Matematycy mówią, że dana teoria jest wyrażona w języku opartym na określonym alfabecie.",0.7,473,1773695708.4387484,2026-03-16T22:15:08.438758,0.40155354142189026,0.4495109021663666,Qwen2.5-32B-Instruct,32000000000,wiki_pl,1918,95
wiki_ar: wiki_ar: ممّا سيؤثّر على وجود الحياة.,1.0,493,1773695754.7321754,2026-03-16T22:15:54.732185,0.42438554763793945,0.4523026645183563,Qwen2.5-32B-Instruct,32000000000,wiki_ar,1919,95
wiki_zh: wiki_zh: 莱布尼茨作为唯理论者坚定地维护笛卡尔的学说并反驳约翰·洛克的理论。,1.0,478,1773695801.285991,2026-03-16T22:16:41.285996,0.3862172067165375,0.4306239187717438,Qwen2.5-32B-Instruct,32000000000,wiki_zh,1920,96
wiki_ja: wiki_ja: 音読みおよび訓読みで用いられる）と平仮名、片仮名が日本語の主要な文字であり、常にこの3種類の文字を組み合わせて表記する（「字種」の節参照）。,1.3,450,1773695848.036574,2026-03-16T22:17:28.036582,0.3802022337913513,0.4477695822715759,Qwen2.5-32B-Instruct,32000000000,wiki_ja,1921,96
wiki_ja: wiki_ja: 抽象記号には文字表現と非文字表現（積分記号やト音記号など）があり、文字表現は言語表現と文字記号に分けられる。,1.3,464,1773695894.8860884,2026-03-16T22:18:14.886098,0.3833334147930145,0.4394380450248718,Qwen2.5-32B-Instruct,32000000000,wiki_ja,1922,96
wiki_ja: wiki_ja: また、関西で「う」を唇を丸めて発音する（円唇母音）のに対し、関東では唇を丸めずに発音するが、これも唇音退化の例ととらえることができる。,1.0,448,1773695941.9889998,2026-03-16T22:19:01.989009,0.3673347532749176,0.4367161989212036,Qwen2.5-32B-Instruct,32000000000,wiki_ja,1923,96
wiki_zh: wiki_zh: 他把以前的时代说成是思维与存在、理想与现实分裂，自由与必然，个人与社会、无限与有限、统一性与多样性分裂之时代。,1.0,467,1773695988.3525898,2026-03-16T22:19:48.352599,0.3677845597267151,0.41982150077819824,Qwen2.5-32B-Instruct,32000000000,wiki_zh,1924,96
wiki_ja: wiki_ja: 文は、「主語・修飾語・述語」の語順で構成される。,0.7,483,1773696034.907155,2026-03-16T22:20:34.907167,0.4095618724822998,0.4462725520133972,Qwen2.5-32B-Instruct,32000000000,wiki_ja,1925,96
"wiki_ja: wiki_ja: 「せ・ぜ」は「xe・je」で表記されており、現在の「シェ・ジェ」に当たる ,  であったことも分かっている。",1.3,467,1773696082.4085836,2026-03-16T22:21:22.408590,0.3916548490524292,0.44283485412597656,Qwen2.5-32B-Instruct,32000000000,wiki_ja,1926,96
wiki_zh: wiki_zh: 洛克发展了经验论，他不认同笛卡尔的“天赋观念”，提出白板说，他强调人们从感觉中抽象出普遍的概念，认为感觉中的个别东西才是第一位的。,1.0,460,1773696128.855451,2026-03-16T22:22:08.855461,0.3678549528121948,0.42440247535705566,Qwen2.5-32B-Instruct,32000000000,wiki_zh,1927,96
wiki_ar: wiki_ar: كما أنّ هناك دلائل على وجوده على سطح المريخ أيضاً ولكن بكمّيّات قليلة.,1.0,476,1773696175.6401045,2026-03-16T22:22:55.640114,0.40819963812828064,0.45151659846305847,Qwen2.5-32B-Instruct,32000000000,wiki_ar,1928,96
wiki_ja: wiki_ja: 接続語  「疲れたので、動けない。,0.7,490,1773696222.3029342,2026-03-16T22:23:42.302944,0.4197806715965271,0.4497285485267639,Qwen2.5-32B-Instruct,32000000000,wiki_ja,1929,96
wiki_zh: wiki_zh: 犹太哲学家迈蒙尼德和吉尔松尼德;还有穆斯林哲学家肯迪、法拉比、海什木、伊本·西那、安薩里、伊本·巴哲、伊本·图费勒、伊本·赫勒敦和伊本·魯世德等。,1.3,432,1773696268.9973845,2026-03-16T22:24:28.997394,0.34798577427864075,0.43134811520576477,Qwen2.5-32B-Instruct,32000000000,wiki_zh,1930,96
wiki_zh: wiki_zh: 古代的文學中有許多有關世界起源及習俗起源內容，也有一些其中有道德及靈性意涵的神話。,1.0,476,1773696315.3397312,2026-03-16T22:25:15.339745,0.38855281472206116,0.43350622057914734,Qwen2.5-32B-Instruct,32000000000,wiki_zh,1931,96
wiki_ja: wiki_ja: また、今日では和語と扱われる「ほとけ（仏）」「かわら（瓦）」なども梵語由来であるとされる。,0.7,468,1773696362.3913465,2026-03-16T22:26:02.391360,0.3973304331302643,0.44829967617988586,Qwen2.5-32B-Instruct,32000000000,wiki_ja,1932,96
wiki_zh: wiki_zh: 他还将伦理学划归到这个领域，从而在伦理学理论和对思想的理解中提出重要的路线。,1.0,479,1773696408.848306,2026-03-16T22:26:48.848320,0.3852458596229553,0.42787134647369385,Qwen2.5-32B-Instruct,32000000000,wiki_zh,1933,96
wiki_ar: wiki_ar: وهو بالتالي أمر حرام نظراً لأنّ الإسلام نهى عن الإفساد في الأرض نهياً قاطعاً.,1.0,476,1773696455.5728972,2026-03-16T22:27:35.572912,0.39693892002105713,0.44120508432388306,Qwen2.5-32B-Instruct,32000000000,wiki_ar,1934,96
wiki_ar: wiki_ar: في المسيحيّة يستعمل الماء للتعميد،,0.7,493,1773696502.9479344,2026-03-16T22:28:22.947948,0.41759368777275085,0.4460650086402893,Qwen2.5-32B-Instruct,32000000000,wiki_ar,1935,96
wiki_ja: wiki_ja: 三上によれば、 甲ガ乙ニ丙ヲ紹介シタ。,1.3,485,1773696549.8434417,2026-03-16T22:29:09.843447,0.4103853404521942,0.4456048309803009,Qwen2.5-32B-Instruct,32000000000,wiki_ja,1936,96
wiki_pl: wiki_pl: Metoda ta pozwala na uzyskiwanie nanometrowej rozdzielczości i na trójwymiarowe obrazowanie przemieszczeń atomów w czasie femtosekund.,1.0,458,1773696596.7038503,2026-03-16T22:29:56.703855,0.37734201550483704,0.4387010931968689,Qwen2.5-32B-Instruct,32000000000,wiki_pl,1937,96
wiki_ar: wiki_ar: بحيث لو أنّها كانت أقرب إلى الشمس أو أبعد منها بنسبة 5% من المسافة الحاليّة (أي حوالي 8 ملايين كم) فإنّ الظروف التي تسمح بوجود الأشكال الثلاثة لن تكون متوفّرة،,1.3,448,1773696643.6224334,2026-03-16T22:30:43.622439,0.37500855326652527,0.4453047513961792,Qwen2.5-32B-Instruct,32000000000,wiki_ar,1938,96
wiki_ar: wiki_ar: كما يستخدم أيضاً كمادّة حراريّة ناقلة في أبراج التبريد.,1.0,483,1773696690.4559553,2026-03-16T22:31:30.455961,0.4147813320159912,0.45253273844718933,Qwen2.5-32B-Instruct,32000000000,wiki_ar,1939,96
wiki_pl: wiki_pl: Zmienne wbudowane  Zmienne wbudowane w AWK to m.in.,0.7,486,1773696736.8582504,2026-03-16T22:32:16.858260,0.42722949385643005,0.46196889877319336,Qwen2.5-32B-Instruct,32000000000,wiki_pl,1940,97
"wiki_pl: wiki_pl: Wielkość atomów można opisać obrazowo na przykładach makroskopowych: ludzki włos ma średnicę około miliona atomów węgla, kropla wody zawiera około 2 tryliardy (2) atomów tlenu i dwa razy więcej atomów wodoru.",1.3,434,1773696783.994726,2026-03-16T22:33:03.994735,0.36987799406051636,0.4548252522945404,Qwen2.5-32B-Instruct,32000000000,wiki_pl,1941,97
"wiki_pl: wiki_pl: Rozszczepienie jądra atomowego to odwrotny proces, w którym ciężkie jądro rozpada się na dwa lżejsze.",1.0,469,1773696830.4059982,2026-03-16T22:33:50.406007,0.42032989859580994,0.47084498405456543,Qwen2.5-32B-Instruct,32000000000,wiki_pl,1942,97
wiki_pl: wiki_pl: Powstaje w ten sposób mierzalny prąd elektryczny.,0.7,489,1773696876.763572,2026-03-16T22:34:36.763582,0.43332862854003906,0.46555012464523315,Qwen2.5-32B-Instruct,32000000000,wiki_pl,1943,97
wiki_ar: wiki_ar: وهو أساسي لإنتاج المحاصيل الغذائيّة.,1.3,494,1773696923.2012424,2026-03-16T22:35:23.201252,0.4359436631202698,0.4638456404209137,Qwen2.5-32B-Instruct,32000000000,wiki_ar,1944,97
wiki_ja: wiki_ja: 鎌倉時代以降になると、音便は口語では盛んに用いられるようになった。,1.0,480,1773696969.840267,2026-03-16T22:36:09.840275,0.4105721712112427,0.45263686776161194,Qwen2.5-32B-Instruct,32000000000,wiki_ja,1945,97
wiki_ja: wiki_ja: 戦後は、消極的な見方ばかりでなく、「日本語は個性的である」と積極的に評価する見方も多くなった。,1.3,472,1773697016.5047157,2026-03-16T22:36:56.504726,0.40895968675613403,0.4569360017776489,Qwen2.5-32B-Instruct,32000000000,wiki_ja,1946,97
wiki_ar: wiki_ar: إذ عُرّف حينها أنّه يساوي «الوزن المطلق لحجم ماء نقي مساو لحجم مكعّب طول ضلعه واحد على المئة من المتر عند درجة حرارة ذوبان الجليد».,1.3,446,1773697063.4274726,2026-03-16T22:37:43.427483,0.3742731213569641,0.4469192326068878,Qwen2.5-32B-Instruct,32000000000,wiki_ar,1947,97
wiki_ar: wiki_ar: وهي كمّيّة تقديريّة وسطيّة لتجنّب حدوث الجفاف (6-7 كاسات من الماء يوميّاً).,1.3,464,1773697110.1512,2026-03-16T22:38:30.151211,0.3980482816696167,0.45389074087142944,Qwen2.5-32B-Instruct,32000000000,wiki_ar,1948,97
"wiki_pl: wiki_pl: Kategoryczność  Aksjomatykę nazywamy kategoryczną, jeśli wszystkie jej modele są izomorficzne.",1.3,476,1773697156.6475773,2026-03-16T22:39:16.647588,0.4100456237792969,0.45509767532348633,Qwen2.5-32B-Instruct,32000000000,wiki_pl,1949,97
wiki_ar: wiki_ar: مع وجود 17 دولة من تلك الدول والتي تقوم باستخراج كمّيّات من الماء سنوياً تفوق التي تُستردّ إليها من دورة الماء الطبيعيّة.,1.3,458,1773697203.4893117,2026-03-16T22:40:03.489320,0.3985753059387207,0.4603237211704254,Qwen2.5-32B-Instruct,32000000000,wiki_ar,1950,97
"wiki_pl: wiki_pl: Ponieważ orbitale tych elektronów w sąsiednich atomach nakładają się na siebie, energetycznie niższy stan jest osiągany, gdy te niesparowane elektrony mają tak samo skierowane spiny.",1.3,448,1773697250.4533656,2026-03-16T22:40:50.453375,0.3929366171360016,0.4633003771305084,Qwen2.5-32B-Instruct,32000000000,wiki_pl,1951,97
wiki_ar: wiki_ar: يؤدّي تعلّق كثافة الماء بدرجة الحرارة إلى حدوث ظاهرة التطبُّق وإلى حدوث تيّارات مائيّة داخل كتلة الماء الموجودة في المسطّح المائي،,0.7,451,1773697297.3823166,2026-03-16T22:41:37.382326,0.3852992355823517,0.45264047384262085,Qwen2.5-32B-Instruct,32000000000,wiki_ar,1952,97
"wiki_ar: wiki_ar: 15 كلفن (25 °س) وضغط 100,000 باسكال (1 بار،",1.0,476,1773697344.1955063,2026-03-16T22:42:24.195514,0.42527949810028076,0.46927574276924133,Qwen2.5-32B-Instruct,32000000000,wiki_ar,1953,97
wiki_zh: wiki_zh: 在當代，中國哲學仍然在亞洲文化扮演一定作用，但是學理上仍在爭辯中國哲學是否應歸為哲學。,0.7,470,1773697390.8515096,2026-03-16T22:43:10.851521,0.3856550455093384,0.43573111295700073,Qwen2.5-32B-Instruct,32000000000,wiki_zh,1954,97
wiki_ja: wiki_ja: 「次（つ）ぎて」を「次いで」とするなどのイ音便、「詳（くは）しくす」を「詳しうす」とするなどのウ音便、「発（た）ちて」を「発って」とするなどの促音便、「飛びて」を「飛んで」とするなどの撥音便が現れた。,1.3,427,1773697438.4321892,2026-03-16T22:43:58.432198,0.3328237533569336,0.4206937849521637,Qwen2.5-32B-Instruct,32000000000,wiki_ja,1955,97
wiki_ja: wiki_ja: 日本語でも、たとえば「自然を表す語彙が多いというのが定評」といわれるが、これは人々の直感から来る評判という意味以上のものではない。,1.0,464,1773697485.2385602,2026-03-16T22:44:45.238571,0.3774648606777191,0.431319922208786,Qwen2.5-32B-Instruct,32000000000,wiki_ja,1956,97
"wiki_pl: wiki_pl: Początkowo, na klawiaturach maszyn do pisania nie używano cyfr 0 i 1, ponieważ mogły one być zastąpione przez O (wielkie o) oraz l (małe L).",1.0,451,1773697532.506385,2026-03-16T22:45:32.506395,0.38670334219932556,0.454997718334198,Qwen2.5-32B-Instruct,32000000000,wiki_pl,1957,97
wiki_pl: wiki_pl: Można je obserwować przez skaningowy mikroskop tunelowy.,1.0,489,1773697580.0500267,2026-03-16T22:46:20.050036,0.44168591499328613,0.47285667061805725,Qwen2.5-32B-Instruct,32000000000,wiki_pl,1958,97
wiki_ar: wiki_ar: حيث ازدهرت الحضارات البشريّة عبر العصور في وديان الأنهار الكبيرة الرئيسيّة؛,1.3,474,1773697627.058349,2026-03-16T22:47:07.058358,0.40310388803482056,0.44909995794296265,Qwen2.5-32B-Instruct,32000000000,wiki_ar,1959,97
wiki_ja: wiki_ja: 「ぐんぐん進む」「白い雲」の「ぐんぐん」「白い」はそれぞれ「進む」「雲」の修飾語である。,1.0,468,1773697674.276837,2026-03-16T22:47:54.276847,0.40472838282585144,0.4581925570964813,Qwen2.5-32B-Instruct,32000000000,wiki_ja,1960,98
wiki_ja: wiki_ja: 属句:「猫の色」  接置詞に支配された名詞：「日本に」  比較:「Yより大きい」  形容詞によって修飾された名詞: 「黒い猫」 日本語の主要部終端型の性質は、複文などの文章単位での構成においても見られる。,1.0,422,1773697721.7930596,2026-03-16T22:48:41.793069,0.35599827766418457,0.45225393772125244,Qwen2.5-32B-Instruct,32000000000,wiki_ja,1961,98
wiki_ja: wiki_ja: こうして標準語の規範意識が確立していくにつれ、方言を矯正しようとする動きが広がった。,1.0,474,1773697768.4918995,2026-03-16T22:49:28.491909,0.400177538394928,0.4465734660625458,Qwen2.5-32B-Instruct,32000000000,wiki_ja,1962,98
wiki_ar: wiki_ar: ويترافق ذلك مع تأثير كوريوليس الحاصل من دوران الأرض حول نفسها،,1.3,484,1773697815.625961,2026-03-16T22:50:15.625971,0.4356578290462494,0.4719294309616089,Qwen2.5-32B-Instruct,32000000000,wiki_ar,1963,98
wiki_zh: wiki_zh: 著名的文艺复兴时期的柏拉图主义者包括库萨的尼古拉，还有之后的马尔西利奥·费奇诺和若望·皮科·德拉·米蘭多拉。,1.3,458,1773697861.9673052,2026-03-16T22:51:01.967310,0.39407920837402344,0.45647478103637695,Qwen2.5-32B-Instruct,32000000000,wiki_zh,1964,98
wiki_ar: wiki_ar: يعدّ الماء أساسيّاً لحدوث عملية التركيب الضوئي وبالتالي التنفس الخلوي عند الكائنات الحيّة.,1.0,474,1773697908.931037,2026-03-16T22:51:48.931047,0.4174538850784302,0.46338462829589844,Qwen2.5-32B-Instruct,32000000000,wiki_ar,1965,98
wiki_ar: wiki_ar: مع العلم أنّ أغلب الماء الموجود على سطح الأرض هو على شكل مياه مالحة في المحيطات والبحار،,0.7,473,1773697955.858058,2026-03-16T22:52:35.858063,0.4121303856372833,0.4585184156894684,Qwen2.5-32B-Instruct,32000000000,wiki_ar,1966,98
wiki_ja: wiki_ja: ただし、「弟に」「算数を」などの成分を欠くと、基本的な事実関係が伝わらないのに対し、「みっちり」「熱心に」などの成分は、欠いてもそれほど事実の伝達に支障がない。,1.3,446,1773698003.3519707,2026-03-16T22:53:23.351976,0.37603500485420227,0.450947642326355,Qwen2.5-32B-Instruct,32000000000,wiki_ja,1967,98
wiki_zh: wiki_zh: 中世纪的哲学家包括基督教学者希波的奥古斯丁、波爱修斯、安瑟倫、、皮埃尔·阿伯拉尔、罗吉尔·培根、圣文德、托马斯·阿奎那、邓斯·司各脱、奥卡姆的威廉和让·布里丹等；,1.3,431,1773698050.3621628,2026-03-16T22:54:10.362172,0.3587362766265869,0.4461209774017334,Qwen2.5-32B-Instruct,32000000000,wiki_zh,1968,98
wiki_zh: wiki_zh: 因為文學的範圍很廣，許多文學獎項會依風格、文學類型、語言、國籍及其他特性（例如新進作家或是等）再做分類。,0.7,463,1773698097.2610393,2026-03-16T22:54:57.261045,0.3854803442955017,0.4433518648147583,Qwen2.5-32B-Instruct,32000000000,wiki_zh,1969,98
wiki_zh: wiki_zh: 文學（），在狭义上，是一种语言艺术，亦即使用语言文字为手段，形象化地反映客观社会生活、表达主观作者思想感情的一种艺术。,0.7,467,1773698143.515057,2026-03-16T22:55:43.515067,0.3858116865158081,0.43681633472442627,Qwen2.5-32B-Instruct,32000000000,wiki_zh,1970,98
wiki_ja: wiki_ja: 言語には、文化の特徴が織り込まれており、共同体で用いられている言語の習得をすることによって、その共同体での社会的学習、および人格の形成をしていくことになる。,0.7,455,1773698190.3031256,2026-03-16T22:56:30.303135,0.39363017678260803,0.46004965901374817,Qwen2.5-32B-Instruct,32000000000,wiki_ja,1971,98
wiki_zh: wiki_zh: 嚴謹是數學證明中很重要且基本的一部份。,1.0,488,1773698236.96715,2026-03-16T22:57:16.967159,0.41081151366233826,0.44565245509147644,Qwen2.5-32B-Instruct,32000000000,wiki_zh,1972,98
wiki_ar: wiki_ar: 5 مليار يفتقرون إلى وسيلة ملائمة من أجل تطهير المياه.,1.3,483,1773698283.6212552,2026-03-16T22:58:03.621265,0.4126361310482025,0.4509730637073517,Qwen2.5-32B-Instruct,32000000000,wiki_ar,1973,98
wiki_ja: wiki_ja: 字種  平仮名・片仮名は、2017年9月現在では以下の46字ずつが使われる。,0.7,470,1773698330.1832333,2026-03-16T22:58:50.183243,0.41913145780563354,0.4701591730117798,Qwen2.5-32B-Instruct,32000000000,wiki_ja,1974,98
wiki_pl: wiki_pl: Najstarsze odniesienia do atomów można znaleźć w pismach poświęconych dźinizmowi napisanych w VI wieku p.n.e.,1.3,469,1773698377.2053826,2026-03-16T22:59:37.205388,0.3920142948627472,0.4453568160533905,Qwen2.5-32B-Instruct,32000000000,wiki_pl,1975,98
wiki_zh: wiki_zh: 按地域分为：外国文学，中国文学等等。,1.0,491,1773698423.3336184,2026-03-16T23:00:23.333624,0.424923300743103,0.4559434950351715,Qwen2.5-32B-Instruct,32000000000,wiki_zh,1976,98
wiki_zh: wiki_zh: 今日，數學家們則持續地在爭論電腦協助證明的嚴謹度。,1.0,482,1773698469.9178329,2026-03-16T23:01:09.917838,0.40633639693260193,0.44616517424583435,Qwen2.5-32B-Instruct,32000000000,wiki_zh,1977,98
wiki_ja: wiki_ja: これは、世界の一体化が進み、交通網の整備や流通の迅速化、ラジオ・テレビといったマスメディアの発達によってそれまで孤立を保っていた小さな言語がそのコミュニティを維持できなくなるために起こると考えられている。,1.0,445,1773698516.8726587,2026-03-16T23:01:56.872664,0.3570939302444458,0.4308381974697113,Qwen2.5-32B-Instruct,32000000000,wiki_ja,1978,98
wiki_ja: wiki_ja: 明覚はまた、『悉曇要訣』において、梵語の発音を説明するために日本語の例を多く引用し、日本語の音韻組織への関心を見せている。,0.7,455,1773698563.8172781,2026-03-16T23:02:43.817286,0.3864728510379791,0.45007458329200745,Qwen2.5-32B-Instruct,32000000000,wiki_ja,1979,98
wiki_zh: wiki_zh: 克尔凯郭尔著作主要针对的是黑格尔的唯心主义哲学体系，他认为其忽视或排除了人类的内在主观生命。,1.3,473,1773698610.2159805,2026-03-16T23:03:30.215992,0.39727258682250977,0.4437471926212311,Qwen2.5-32B-Instruct,32000000000,wiki_zh,1980,99
wiki_ja: wiki_ja: 16世紀末のキリシタン資料ではそれぞれ「ji・gi」「zu・zzu」など異なるローマ字で表されており、当時はまだ発音の区別があったことが分かるが、当時既に混同が始まっていたことも記録されている。,1.0,441,1773698657.3724349,2026-03-16T23:04:17.372444,0.36419349908828735,0.4408645033836365,Qwen2.5-32B-Instruct,32000000000,wiki_ja,1981,99
wiki_zh: wiki_zh: 人文主义者的哲学兴趣跟随彼特拉克转移到造物主与其美德上，替代了中世纪时对形而上学和逻辑学的兴趣。,0.7,471,1773698703.5122297,2026-03-16T23:05:03.512235,0.3766578435897827,0.42676734924316406,Qwen2.5-32B-Instruct,32000000000,wiki_zh,1982,99
wiki_ja: wiki_ja: 語彙の増加と品詞  　 漢語が日本語に取り入れられた結果、名詞・サ変動詞・形容動詞の語彙が特に増大することになった。,1.0,456,1773698750.3074262,2026-03-16T23:05:50.307436,0.36816880106925964,0.4305759370326996,Qwen2.5-32B-Instruct,32000000000,wiki_ja,1983,99
wiki_ja: wiki_ja: 擬態語の中で、心理を表す語を特に擬情語と称することもある。,1.0,482,1773698797.6586678,2026-03-16T23:06:37.658677,0.40417107939720154,0.4426182508468628,Qwen2.5-32B-Instruct,32000000000,wiki_ja,1984,99
wiki_ar: wiki_ar: الماء في الكون   باستثناء الماء الموجود على سطح الأرض،,0.7,487,1773698844.3439212,2026-03-16T23:07:24.343930,0.41559621691703796,0.4495004713535309,Qwen2.5-32B-Instruct,32000000000,wiki_ar,1985,99
wiki_pl: wiki_pl: print  Polecenie print jest używane do wypisywania tekstu.,0.7,487,1773698890.8412561,2026-03-16T23:08:10.841266,0.43950599431991577,0.4728424549102783,Qwen2.5-32B-Instruct,32000000000,wiki_pl,1986,99
wiki_pl: wiki_pl: W 1919 roku Irving Langmuir zaproponował wytłumaczenie okresowości właściwości pierwiastków jako efekt grupowania się elektronów na pewnych orbitach tworzących powłoki elektronowe.,0.7,449,1773698937.5339632,2026-03-16T23:08:57.533977,0.3805824816226959,0.4512043595314026,Qwen2.5-32B-Instruct,32000000000,wiki_pl,1987,99
wiki_zh: wiki_zh: 作为一个哲学运动，现象学于二十世纪早期由埃德蒙德·胡塞尔创立，之后被他在德国的哥廷根大学和慕尼黑大学中的一派追随者发展壮大。,1.3,462,1773698983.9870543,2026-03-16T23:09:43.987062,0.3922483026981354,0.44930487871170044,Qwen2.5-32B-Instruct,32000000000,wiki_zh,1988,99
wiki_ja: wiki_ja: 言語には、文化の特徴が織り込まれており、共同体で用いられている言語の習得をすることによって、その共同体での社会的学習、および人格の形成をしていくことになる。,1.0,455,1773699030.8556588,2026-03-16T23:10:30.855693,0.36588236689567566,0.42872142791748047,Qwen2.5-32B-Instruct,32000000000,wiki_ja,1989,99
wiki_ar: wiki_ar: ممّا سيؤثّر على وجود الحياة.,0.7,493,1773699077.569821,2026-03-16T23:11:17.569834,0.41335001587867737,0.443522572517395,Qwen2.5-32B-Instruct,32000000000,wiki_ar,1990,99
wiki_ar: wiki_ar: بالإضافة إلى استخدامه في قضاء الحاجات المنزليّة الأساسيّة فيما يخصّ الطبخ والنظافة الخاصّة والاستحمام.,0.7,473,1773699124.4073987,2026-03-16T23:12:04.407412,0.4215630292892456,0.4700431525707245,Qwen2.5-32B-Instruct,32000000000,wiki_ar,1991,99
wiki_zh: wiki_zh: 数学在许多领域都有应用，包括科學、工程、醫學、經濟學和金融學等。,1.3,481,1773699170.8400347,2026-03-16T23:12:50.840048,0.4270734488964081,0.46641793847084045,Qwen2.5-32B-Instruct,32000000000,wiki_zh,1992,99
wiki_zh: wiki_zh: 在存在主义中，个体的出发点的特征是被称为“存在的态度”，或一种面对显然是一个无意义的或荒谬的世界的迷失和混乱的感觉。,1.3,469,1773699217.1017556,2026-03-16T23:13:37.101769,0.4042367935180664,0.4534858465194702,Qwen2.5-32B-Instruct,32000000000,wiki_zh,1993,99
wiki_zh: wiki_zh: 複雜性理論研究可以由電腦做為較易處理的程度；,0.7,487,1773699263.6284277,2026-03-16T23:14:23.628441,0.4186078906059265,0.45521652698516846,Qwen2.5-32B-Instruct,32000000000,wiki_zh,1994,99
wiki_ar: wiki_ar: وذلك للتأثير المباشر على الغطاء النباتي.,0.7,494,1773699310.0346198,2026-03-16T23:15:10.034633,0.44589313864707947,0.4733136296272278,Qwen2.5-32B-Instruct,32000000000,wiki_ar,1995,99
"wiki_pl: wiki_pl: Rozważano także wykorzystanie ośmiu bitów, co pozwoliłoby na zastosowanie większego zestawu znaków, jednak zadecydowano, że ASCII będzie siedmiobitowy, ponieważ każdy dodatkowy bit zwiększyłby długość wiadomości, a co za tym idzie – również koszt jej przesłania.",1.3,421,1773699357.0118325,2026-03-16T23:15:57.011838,0.3402358293533325,0.43795111775398254,Qwen2.5-32B-Instruct,32000000000,wiki_pl,1996,99
wiki_pl: wiki_pl: Zjawisko to nazywane jest efektem Starka.,0.7,491,1773699403.3123937,2026-03-16T23:16:43.312399,0.439984530210495,0.4688176214694977,Qwen2.5-32B-Instruct,32000000000,wiki_pl,1997,99
"wiki_pl: wiki_pl: Dana teoria może być zaksjomatyzowana na wiele różnych sposobów; przykładem jest tu geometria euklidesowa, dla której oprócz aksjomatów Euklidesa istnieje też aksjomatyka Hilberta i von Neumanna.",1.0,441,1773699450.0634923,2026-03-16T23:17:30.063498,0.37861454486846924,0.4554729759693146,Qwen2.5-32B-Instruct,32000000000,wiki_pl,1998,99
wiki_zh: wiki_zh: 西方的戲劇許多都伴隨著音樂和舞蹈，例如歌劇及音樂劇，古希腊戏剧是目前已知最早期的西方戲劇，有悲劇、喜劇、悲喜劇等。,1.3,458,1773699496.6217346,2026-03-16T23:18:16.621741,0.3855606019496918,0.4474513530731201,Qwen2.5-32B-Instruct,32000000000,wiki_zh,1999,99
wiki_ar: wiki_ar: وقد استنتج من ذلك أنّ الماء موجود في الكون منذ بداية نشأته.,1.0,486,1773699543.3183799,2026-03-16T23:19:03.318393,0.44194495677948,0.47542351484298706,Qwen2.5-32B-Instruct,32000000000,wiki_ar,2000,100
wiki_pl: wiki_pl: O typie wiązania decyduje różnica elektroujemności atomów.,1.0,484,1773699590.0783029,2026-03-16T23:19:50.078316,0.43084603548049927,0.46719029545783997,Qwen2.5-32B-Instruct,32000000000,wiki_pl,2001,100
"wiki_pl: wiki_pl: Wielkość atomów można opisać obrazowo na przykładach makroskopowych: ludzki włos ma średnicę około miliona atomów węgla, kropla wody zawiera około 2 tryliardy (2) atomów tlenu i dwa razy więcej atomów wodoru.",1.0,434,1773699637.239435,2026-03-16T23:20:37.239449,0.37191855907440186,0.4568346440792084,Qwen2.5-32B-Instruct,32000000000,wiki_pl,2002,100
wiki_ja: wiki_ja: 安土桃山時代から江戸時代極初期にかけては、ポルトガル人の宣教師が数多くのキリシタン資料を残しているが、その中に各地の方言を記録したものがある。,1.0,454,1773699684.1031427,2026-03-16T23:21:24.103156,0.37483012676239014,0.44114407896995544,Qwen2.5-32B-Instruct,32000000000,wiki_ja,2003,100
wiki_pl: wiki_pl: Można je obserwować przez skaningowy mikroskop tunelowy.,0.7,489,1773699731.9176445,2026-03-16T23:22:11.917719,0.4412662088871002,0.47207319736480713,Qwen2.5-32B-Instruct,32000000000,wiki_pl,2004,100
wiki_ar: wiki_ar: مثلما فعل البهاء العاملي في كتابه الكشكول.,1.3,491,1773699778.4411802,2026-03-16T23:22:58.441189,0.41775813698768616,0.4502239525318146,Qwen2.5-32B-Instruct,32000000000,wiki_ar,2005,100
wiki_ar: wiki_ar: من أوائل الحضارات التي استخدمت أنابيب من الخزف من أجل تزويد وتصريف المياه.,1.0,479,1773699826.270335,2026-03-16T23:23:46.270347,0.40483367443084717,0.44711533188819885,Qwen2.5-32B-Instruct,32000000000,wiki_ar,2006,100
wiki_zh: wiki_zh: 嚴謹是數學證明中很重要且基本的一部份。,1.3,488,1773699872.7720954,2026-03-16T23:24:32.772119,0.40987709164619446,0.44437354803085327,Qwen2.5-32B-Instruct,32000000000,wiki_zh,2007,100
wiki_zh: wiki_zh: 但纯粹的文学早在周时就已出现，例如《诗經》。,0.7,486,1773699912.821145,2026-03-16T23:25:12.821157,0.4327951669692993,0.46787676215171814,Qwen2.5-32B-Instruct,32000000000,wiki_zh,2008,100
wiki_ja: wiki_ja: 新たなオノマトペが作られることもある。,1.3,490,1773699959.5140724,2026-03-16T23:25:59.514078,0.41571277379989624,0.4495328366756439,Qwen2.5-32B-Instruct,32000000000,wiki_ja,2009,100
wiki_ar: wiki_ar: 6 مليار نسمة في العالم يعيشون في مناطق ندرة اقتصاديّة للمياه،,0.7,479,1773700006.4194214,2026-03-16T23:26:46.419434,0.41763612627983093,0.4591338038444519,Qwen2.5-32B-Instruct,32000000000,wiki_ar,2010,100
wiki_pl: wiki_pl: Neutrony i protony okazały się być hadronami – cząsteczkami zbudowanymi z kwarków.,0.7,476,1773700053.0487964,2026-03-16T23:27:33.048809,0.4146822988986969,0.4600474238395691,Qwen2.5-32B-Instruct,32000000000,wiki_pl,2011,100
wiki_ar: wiki_ar: تمتاز بعض المعابر المائية بموقع إستراتيجي يمنحها أهمّيّة تجاريّة كبيرة مثل قناة السويس وقناة بنما.,1.0,469,1773700099.7849417,2026-03-16T23:28:19.784951,0.4123171865940094,0.4622947573661804,Qwen2.5-32B-Instruct,32000000000,wiki_ar,2012,100
wiki_ar: wiki_ar: وإذا لم يتمّ صرف ماء الأرض تصبح مشبّعة بالماء.,0.7,488,1773700146.2927666,2026-03-16T23:29:06.292776,0.43756839632987976,0.4694499671459198,Qwen2.5-32B-Instruct,32000000000,wiki_ar,2013,100
wiki_ja: wiki_ja: たとえば、名古屋市の地名「杁中（いりなか）」などに使われる「杁」は、名古屋と関係ある地域の「地域文字」である。,1.0,458,1773700193.339958,2026-03-16T23:29:53.339963,0.3911082446575165,0.4512556493282318,Qwen2.5-32B-Instruct,32000000000,wiki_ja,2014,100
wiki_ja: wiki_ja: 当初漢文は中国語音で読まれたとみられるが、日本語と中国語の音韻体系は相違が大きいため、この方法はやがて廃れ、日本語の文法・語彙を当てはめて訓読されるようになった。,0.7,441,1773700240.9070997,2026-03-16T23:30:40.907105,0.36515235900878906,0.4427471458911896,Qwen2.5-32B-Instruct,32000000000,wiki_ja,2015,100
wiki_pl: wiki_pl: Zjawisko to nazywane jest efektem Starka.,1.3,491,1773700287.7368345,2026-03-16T23:31:27.736840,0.4361664652824402,0.4661717116832733,Qwen2.5-32B-Instruct,32000000000,wiki_pl,2016,100
wiki_zh: wiki_zh: 怎樣研習純數學（或統計學） ：本科與基礎研究課程參考書目。,0.7,480,1773700334.6684022,2026-03-16T23:32:14.668419,0.4183790385723114,0.46230190992355347,Qwen2.5-32B-Instruct,32000000000,wiki_zh,2017,100
wiki_ar: wiki_ar: ومن ثم انخفض الناتج الزراعي تدريجيّاً وتفاقم نقص الغذاء،,1.3,480,1773700381.7277584,2026-03-16T23:33:01.727767,0.42546412348747253,0.4655840992927551,Qwen2.5-32B-Instruct,32000000000,wiki_ar,2018,100
wiki_ja: wiki_ja: しかし、英語は特殊な言語だ」と結論している。,1.3,488,1773700424.010566,2026-03-16T23:33:44.010579,0.4367005228996277,0.46886444091796875,Qwen2.5-32B-Instruct,32000000000,wiki_ja,2019,100
"wiki_pl: wiki_pl: Jeśli aksjomatyka nie jest kategoryczna, można zbudować dwa różne modele, które będą ją spełniały, jednak będą się różnić właściwościami, dającymi się opisać w języku danej teorii.",1.3,446,1773700470.8861918,2026-03-16T23:34:30.886200,0.3841308355331421,0.4578010141849518,Qwen2.5-32B-Instruct,32000000000,wiki_pl,2020,101
wiki_zh: wiki_zh: 其中最有名的為P/NP問題——千禧年大獎難題之一。,0.7,483,1773700517.5327368,2026-03-16T23:35:17.532747,0.42692384123802185,0.46404924988746643,Qwen2.5-32B-Instruct,32000000000,wiki_zh,2021,101
wiki_ar: wiki_ar: يؤدّي عدم شرب كمّيّات كافية من الماء إلى حدوث شعور بالدوار والغثيان،,0.7,474,1773700564.2527423,2026-03-16T23:36:04.252748,0.41503506898880005,0.4606735110282898,Qwen2.5-32B-Instruct,32000000000,wiki_ar,2022,101
wiki_zh: wiki_zh: 他称平均、秩序和调和是宇宙的三大基调，并以音乐的调和说明宇宙的调和。,1.3,478,1773700610.4917467,2026-03-16T23:36:50.491757,0.41451433300971985,0.4572225511074066,Qwen2.5-32B-Instruct,32000000000,wiki_zh,2023,101
wiki_ja: wiki_ja: 単純語と複合語   日本語の語彙は、語構成の面からは単純語と複合語に分けることができる。,1.3,467,1773700657.2028918,2026-03-16T23:37:37.202902,0.401854544878006,0.4542255103588104,Qwen2.5-32B-Instruct,32000000000,wiki_ja,2024,101
wiki_ja: wiki_ja: ここから、前者は文の根幹をなすとして補充成分と称し、後者に限って修飾成分と称する説もある。,1.3,468,1773700704.2758255,2026-03-16T23:38:24.275835,0.3834381699562073,0.4356308877468109,Qwen2.5-32B-Instruct,32000000000,wiki_ja,2025,101
wiki_ar: wiki_ar: وهو أكثر المركّبات الكيميائيّة انتشاراً على سطح الأرض.,0.7,484,1773700750.8725545,2026-03-16T23:39:10.872564,0.42430242896080017,0.46065419912338257,Qwen2.5-32B-Instruct,32000000000,wiki_ar,2026,101
wiki_ja: wiki_ja: 」「いくべ」などと各地の方言を会話に織り交ぜて使うことが流行し始め、女子高生のための方言参考書の類も現れた。,0.7,463,1773700797.8260272,2026-03-16T23:39:57.826038,0.3896039128303528,0.44633224606513977,Qwen2.5-32B-Instruct,32000000000,wiki_ja,2027,101
wiki_zh: wiki_zh: 他的工作明显远离了统治大部分早期经院哲学的新柏拉图主义和奥古斯丁的思想。,1.3,480,1773700843.9906764,2026-03-16T23:40:43.990695,0.3992132544517517,0.44008129835128784,Qwen2.5-32B-Instruct,32000000000,wiki_zh,2028,101
wiki_ar: wiki_ar: ومع انهيار الزراعة انهارت الحضارة السومريّة.,1.3,489,1773700890.807394,2026-03-16T23:41:30.807404,0.4253093898296356,0.45756274461746216,Qwen2.5-32B-Instruct,32000000000,wiki_ar,2029,101
wiki_zh: wiki_zh: ”  但是尽管马克思本人批判黑格尔的观念论，但其思想却深受黑格尔的特别是辨证论的影响。,1.3,476,1773700937.0480363,2026-03-16T23:42:17.048046,0.41021728515625,0.4528670907020569,Qwen2.5-32B-Instruct,32000000000,wiki_zh,2030,101
wiki_ja: wiki_ja: ところが、「そこ」などを「やや離れたもの」を指すと考えると、遠くにいる人に向かって「そこで待っていてくれ」と言うような場合を説明しがたい。,1.3,459,1773700983.8949318,2026-03-16T23:43:03.894942,0.3958912491798401,0.4550345838069916,Qwen2.5-32B-Instruct,32000000000,wiki_ja,2031,101
wiki_ar: wiki_ar: من أوائل الحضارات التي استخدمت أنابيب من الخزف من أجل تزويد وتصريف المياه.,0.7,479,1773701030.68103,2026-03-16T23:43:50.681042,0.42793431878089905,0.4676847755908966,Qwen2.5-32B-Instruct,32000000000,wiki_ar,2032,101
wiki_ja: wiki_ja: 基本的に「か行」は 、「さ行」は （ を用いる地方・話者もある）、「た行」は 、「な行」は 、「は行」は 、「ま行」は 、「や行」は 、「だ行」は 、「ば行」は 、「ぱ行」は  を用いる。,1.3,426,1773701077.9102197,2026-03-16T23:44:37.910229,0.36390578746795654,0.4587181806564331,Qwen2.5-32B-Instruct,32000000000,wiki_ja,2033,101
wiki_zh: wiki_zh: 數學家們拓展這些概念，以公式化新的猜想，以及從選定的公理及定義出發，嚴謹地推導出一些定理。,1.0,465,1773701124.9618678,2026-03-16T23:45:24.961874,0.40630269050598145,0.4611644148826599,Qwen2.5-32B-Instruct,32000000000,wiki_zh,2034,101
wiki_pl: wiki_pl: Ich kwantowe własności mogą być wtedy obserwowane w skali makroskopowej.,1.3,483,1773701171.7307072,2026-03-16T23:46:11.730713,0.4354761838912964,0.47164466977119446,Qwen2.5-32B-Instruct,32000000000,wiki_pl,2035,101
wiki_pl: wiki_pl: Można natomiast określić prawdopodobieństwo rozpadu w określonym czasie.,1.3,481,1773701218.1321328,2026-03-16T23:46:58.132146,0.4308874309062958,0.4690239131450653,Qwen2.5-32B-Instruct,32000000000,wiki_pl,2036,101
wiki_ar: wiki_ar: وهو ذو صلة وثيقة بالنظافة والطهارة والتحلّل من الذنوب،,0.7,482,1773701264.8597028,2026-03-16T23:47:44.859709,0.437709778547287,0.4771433472633362,Qwen2.5-32B-Instruct,32000000000,wiki_ar,2037,101
wiki_ar: wiki_ar: وقد قدّست التوراة المياه بسبب ما ذكر سلفاً في سفر التكوين عن بداية الخليقة،,0.7,479,1773701311.8614378,2026-03-16T23:48:31.861444,0.4073355793952942,0.45048028230667114,Qwen2.5-32B-Instruct,32000000000,wiki_ar,2038,101
wiki_ar: wiki_ar: يمكن الحصول على الماء البارد من مصادر طبيعيّة متوفّرة كنهر جار أو بحيرة قريبة أو من البحر،,1.3,472,1773701358.817539,2026-03-16T23:49:18.817545,0.42607271671295166,0.4743657112121582,Qwen2.5-32B-Instruct,32000000000,wiki_ar,2039,101
wiki_zh: wiki_zh: 中國古代的文學主要著重在哲學、史学史、军事学、農業及韻文。,1.0,478,1773701406.096558,2026-03-16T23:50:06.096564,0.4290682375431061,0.4717758297920227,Qwen2.5-32B-Instruct,32000000000,wiki_zh,2040,102
wiki_ja: wiki_ja: 方言を扱う）、「合格!日本語ボーダーライン」（テレビ朝日 2005）、「ことばおじさんのナットク日本語塾」（NHK 2006〜2010）など種々の番組があった。,1.3,440,1773701453.2858686,2026-03-16T23:50:53.285878,0.35978883504867554,0.4397893249988556,Qwen2.5-32B-Instruct,32000000000,wiki_ja,2041,102
wiki_zh: wiki_zh: 因此如果以西方的邏輯和知識論等對哲學下定義，中國沒有這些。,1.0,479,1773701499.755811,2026-03-16T23:51:39.755822,0.39604508876800537,0.43959808349609375,Qwen2.5-32B-Instruct,32000000000,wiki_zh,2042,102
wiki_ar: wiki_ar: حيث أنّ نقص الاستثمارات وضعف الحالة الاقتصاديّة يجعل من المستحيل على الهيئات الحكوميّة في تلك المناطق أن تلبّي حاجة الطلب إلى المياه.,1.3,463,1773701546.568953,2026-03-16T23:52:26.568965,0.38192301988601685,0.43821972608566284,Qwen2.5-32B-Instruct,32000000000,wiki_ar,2043,102
wiki_ja: wiki_ja: 第二次世界大戦後は、法律文などの公文書ももっぱら口語文で書かれるようになり、文語文は日常生活の場から遠のいた。,1.0,463,1773701593.4852834,2026-03-16T23:53:13.485294,0.38237789273262024,0.43932121992111206,Qwen2.5-32B-Instruct,32000000000,wiki_ja,2044,102
wiki_pl: wiki_pl: W 1932 roku fizyk James Chadwick wyjaśnił te różnice odkrywając neutron – elektrycznie obojętną cząstkę podobną do protonu.,1.3,463,1773701640.0234377,2026-03-16T23:54:00.023448,0.42010876536369324,0.47616735100746155,Qwen2.5-32B-Instruct,32000000000,wiki_pl,2045,102
wiki_zh: wiki_zh: 然后提出德的概念，以作为人生行事的方向。,1.3,490,1773701686.213635,2026-03-16T23:54:46.213646,0.39424213767051697,0.4290640652179718,Qwen2.5-32B-Instruct,32000000000,wiki_zh,2046,102
wiki_ja: wiki_ja: 相互理解性は言語間の距離を伝える重要な情報であるが、これによって一つの言語の範囲を確定しようとすると、技術的難しさにとどまらない困難に直面する。,1.0,455,1773701733.9310837,2026-03-16T23:55:33.931094,0.3757990896701813,0.4394700825214386,Qwen2.5-32B-Instruct,32000000000,wiki_ja,2047,102
wiki_ja: wiki_ja: 今日の共通語も東国語の系統を引いており、終止形語尾は「だ」、連体形語尾は「な」となっている。,0.7,465,1773701780.754555,2026-03-16T23:56:20.754561,0.38740378618240356,0.44218504428863525,Qwen2.5-32B-Instruct,32000000000,wiki_ja,2048,102
wiki_ja: wiki_ja: 品詞ごとの語彙量  日本語の語彙を品詞ごとにみると、圧倒的に多いものは名詞である。,0.7,469,1773701827.8000162,2026-03-16T23:57:07.800026,0.4059218764305115,0.45589491724967957,Qwen2.5-32B-Instruct,32000000000,wiki_ja,2049,102
wiki_zh: wiki_zh: 中世纪哲学被部分定义为对古典希腊和希腊化哲学的再发现和进一步发展，另一部分是需要解决神学问题并把亞伯拉罕諸教（伊斯兰教、犹太教和基督教）的教条同世俗知识一同整合并推广。,1.3,446,1773701874.2789855,2026-03-16T23:57:54.278995,0.363098680973053,0.4351934790611267,Qwen2.5-32B-Instruct,32000000000,wiki_zh,2050,102
wiki_ar: wiki_ar: ممّا يؤدّي إلى حدوث تيّارات اهتزازيّة تعرف باسم المجاري المدّيّة.,0.7,473,1773701920.8217187,2026-03-16T23:58:40.821729,0.42067551612854004,0.46720221638679504,Qwen2.5-32B-Instruct,32000000000,wiki_ar,2051,102
wiki_zh: wiki_zh: 一些人認為哲學是對問題本身過程的審查；,0.7,489,1773701967.9549797,2026-03-16T23:59:27.954990,0.4122026860713959,0.4453989863395691,Qwen2.5-32B-Instruct,32000000000,wiki_zh,2052,102
wiki_ja: wiki_ja: 方言を扱う）、「合格!日本語ボーダーライン」（テレビ朝日 2005）、「ことばおじさんのナットク日本語塾」（NHK 2006〜2010）など種々の番組があった。,1.0,440,1773702014.9647248,2026-03-17T00:00:14.964738,0.3633323609828949,0.4415161609649658,Qwen2.5-32B-Instruct,32000000000,wiki_ja,2053,102
wiki_ar: wiki_ar: الماء مادةٌ شفافةٌ عديمة اللون والرائحة،,0.7,485,1773702061.6726058,2026-03-17T00:01:01.672611,0.41813924908638,0.4535711109638214,Qwen2.5-32B-Instruct,32000000000,wiki_ar,2054,102
wiki_ar: wiki_ar: 6 مليار نسمة في العالم يعيشون في مناطق ندرة اقتصاديّة للمياه،,1.3,479,1773702108.392747,2026-03-17T00:01:48.392791,0.4231662452220917,0.46457967162132263,Qwen2.5-32B-Instruct,32000000000,wiki_ar,2055,102
wiki_pl: wiki_pl: Jednak ich wartości powinno się pomijać wywołując daną funkcję.,1.0,486,1773702154.952158,2026-03-17T00:02:34.952171,0.43175914883613586,0.4652467370033264,Qwen2.5-32B-Instruct,32000000000,wiki_pl,2056,102
wiki_ja: wiki_ja: 擬態語の中で、心理を表す語を特に擬情語と称することもある。,0.7,482,1773702201.4584715,2026-03-17T00:03:21.458482,0.4297541677951813,0.4680202603340149,Qwen2.5-32B-Instruct,32000000000,wiki_ja,2057,102
wiki_ar: wiki_ar: الماء في الكون   باستثناء الماء الموجود على سطح الأرض،,1.0,487,1773702248.168801,2026-03-17T00:04:08.168811,0.4187735617160797,0.4531307518482208,Qwen2.5-32B-Instruct,32000000000,wiki_ar,2058,102
wiki_ar: wiki_ar: يمكن الحصول على الماء البارد من مصادر طبيعيّة متوفّرة كنهر جار أو بحيرة قريبة أو من البحر،,1.0,472,1773702294.8822815,2026-03-17T00:04:54.882295,0.4200524091720581,0.46850091218948364,Qwen2.5-32B-Instruct,32000000000,wiki_ar,2059,102
wiki_zh: wiki_zh: 一些人認為哲學是對問題本身過程的審查；,1.0,489,1773702341.678792,2026-03-17T00:05:41.678805,0.4328417181968689,0.4649524390697479,Qwen2.5-32B-Instruct,32000000000,wiki_zh,2060,103
wiki_zh: wiki_zh: 19世纪哲学家克尔凯郭尔和尼采被看作存在主义的先驱，尽管他们没有使用这个术语。,0.7,474,1773702388.718493,2026-03-17T00:06:28.718506,0.41336581110954285,0.4579552114009857,Qwen2.5-32B-Instruct,32000000000,wiki_zh,2061,103
wiki_zh: wiki_zh: 數和空間在解析幾何、微分幾何和代數幾何中都有著很重要的角色。,1.0,480,1773702435.4034104,2026-03-17T00:07:15.403423,0.4065777659416199,0.4477441906929016,Qwen2.5-32B-Instruct,32000000000,wiki_zh,2062,103
wiki_ar: wiki_ar: عند إذابة المواد القابلة للانحلال في الماء ترتفع نقطة غليان الماء وتنخفض نقطة تجمّده.,1.0,473,1773702482.0320916,2026-03-17T00:08:02.032104,0.40514498949050903,0.45256948471069336,Qwen2.5-32B-Instruct,32000000000,wiki_ar,2063,103
wiki_pl: wiki_pl: Przykładowo 14C powstaje w sposób ciągły w górnych warstwach atmosfery w wyniku zderzeń niskoenergetycznych neutronów z jądrami azotu.,0.7,455,1773702529.002059,2026-03-17T00:08:49.002072,0.3809788227081299,0.4470689296722412,Qwen2.5-32B-Instruct,32000000000,wiki_pl,2064,103
wiki_ar: wiki_ar: ومن جهة أخرى تسهم لزوجة وكثافة الماء الملائمة في كونه وسطاً ناقلاً للمركّبات اللاقطبيّة غير القابلة للذوبان في الماء،,0.7,456,1773702576.1736712,2026-03-17T00:09:36.173695,0.3842315077781677,0.4470159411430359,Qwen2.5-32B-Instruct,32000000000,wiki_ar,2065,103
wiki_zh: wiki_zh: 他更加暗示世界中的变存在着秩序和理性。,1.3,492,1773702622.463601,2026-03-17T00:10:22.463614,0.42255154252052307,0.4515531063079834,Qwen2.5-32B-Instruct,32000000000,wiki_zh,2066,103
wiki_ja: wiki_ja: 属句:「猫の色」  接置詞に支配された名詞：「日本に」  比較:「Yより大きい」  形容詞によって修飾された名詞: 「黒い猫」 日本語の主要部終端型の性質は、複文などの文章単位での構成においても見られる。,0.7,422,1773702669.585405,2026-03-17T00:11:09.585418,0.3536528944969177,0.44954830408096313,Qwen2.5-32B-Instruct,32000000000,wiki_ja,2067,103
wiki_ja: wiki_ja: 0x12345678 & 0x0f0f0f0f のように1個であればビット AND を表す。,1.0,469,1773702716.0069113,2026-03-17T00:11:56.006924,0.4205878674983978,0.471216082572937,Qwen2.5-32B-Instruct,32000000000,wiki_ja,2068,103
"wiki_pl: wiki_pl: Zupełność  Często okazuje się, że aksjomatyka nie jest zupełna, to znaczy istnieją pewne twierdzenia, dające się wyrazić w języku dowolnego modelu danej aksjomatyki, których prawdziwości nie da się rozstrzygnąć na podstawie tego zestawu aksjomatów.",0.7,418,1773702762.9804554,2026-03-17T00:12:42.980467,0.3376745283603668,0.43773210048675537,Qwen2.5-32B-Instruct,32000000000,wiki_pl,2069,103
wiki_pl: wiki_pl: Zbiór aksjomatów i ich konsekwencji to system aksjomatyczny.,0.7,482,1773702810.7830088,2026-03-17T00:13:30.783022,0.4223937690258026,0.4613618850708008,Qwen2.5-32B-Instruct,32000000000,wiki_pl,2070,103
wiki_pl: wiki_pl: Podwaliny teorii modeli i tym samym nowe ujęcie logiki matematycznej położyli w latach 30.,1.3,472,1773702857.423442,2026-03-17T00:14:17.423452,0.39546123147010803,0.4451514780521393,Qwen2.5-32B-Instruct,32000000000,wiki_pl,2071,103
wiki_ja: wiki_ja: 日本語にもこの用法があり、赤の他人を「お父さん」「お母さん」と呼ぶことがある。,1.3,478,1773702904.2385867,2026-03-17T00:15:04.238596,0.39815595746040344,0.44175246357917786,Qwen2.5-32B-Instruct,32000000000,wiki_ja,2072,103
"wiki_ja: wiki_ja: また、共通語である普通話を含め, 13個の方言が存在する。",0.7,482,1773702950.915993,2026-03-17T00:15:50.916003,0.4031825065612793,0.4422876834869385,Qwen2.5-32B-Instruct,32000000000,wiki_ja,2073,103
wiki_zh: wiki_zh: 如同大多數的研究領域，科學知識的爆發導致了數學的專業化。,1.3,484,1773702997.9612706,2026-03-17T00:16:37.961278,0.41938135027885437,0.4559616446495056,Qwen2.5-32B-Instruct,32000000000,wiki_zh,2074,103
wiki_ar: wiki_ar: ويؤثّر ذلك في تشكيل الصدوع،,1.3,492,1773703044.6527777,2026-03-17T00:17:24.652788,0.4184718728065491,0.44875040650367737,Qwen2.5-32B-Instruct,32000000000,wiki_ar,2075,103
wiki_ja: wiki_ja: 流行語が生き残り、その世代が年齢を重ねてからも使う言葉。,1.3,479,1773703091.362231,2026-03-17T00:18:11.362237,0.3905314803123474,0.4338219463825226,Qwen2.5-32B-Instruct,32000000000,wiki_ja,2076,103
wiki_ja: wiki_ja: たとえば、東北地方では「柿」を 、「鍵」を  のように発音するが、この両語を通常の仮名では書き分けられない（アクセント辞典などで用いる表記によって近似的に記せば、「カギ」と「」のようになる）。,1.0,435,1773703138.819656,2026-03-17T00:18:58.819661,0.37321367859840393,0.45737916231155396,Qwen2.5-32B-Instruct,32000000000,wiki_ja,2077,103
wiki_ja: wiki_ja: 英首相グラッドストンの造語という）などの語例がまれにある。,0.7,485,1773703185.4144895,2026-03-17T00:19:45.414495,0.41210368275642395,0.4496285319328308,Qwen2.5-32B-Instruct,32000000000,wiki_ja,2078,103
wiki_ar: wiki_ar: حيث أنّ نقص الاستثمارات وضعف الحالة الاقتصاديّة يجعل من المستحيل على الهيئات الحكوميّة في تلك المناطق أن تلبّي حاجة الطلب إلى المياه.,1.0,463,1773703232.2464986,2026-03-17T00:20:32.246504,0.38313978910446167,0.4406054615974426,Qwen2.5-32B-Instruct,32000000000,wiki_ar,2079,103
"wiki_pl: wiki_pl: Lukrecjusz twierdził, iż świat składa się jedynie z atomów i pustki.",0.7,482,1773703278.8740938,2026-03-17T00:21:18.874102,0.4181789457798004,0.4566076993942261,Qwen2.5-32B-Instruct,32000000000,wiki_pl,2080,104
wiki_pl: wiki_pl: Modelowanie nie jest definiowaniem pojęć pierwotnych.,0.7,490,1773703325.4965434,2026-03-17T00:22:05.496553,0.4202733337879181,0.45350131392478943,Qwen2.5-32B-Instruct,32000000000,wiki_pl,2081,104
wiki_ja: wiki_ja: すなわち、体系は下記のようにまとめられた。,1.0,490,1773703371.9839158,2026-03-17T00:22:51.983921,0.4293297231197357,0.4592110514640808,Qwen2.5-32B-Instruct,32000000000,wiki_ja,2082,104
wiki_ar: wiki_ar: في حين تحمل ذرّة الهيدروجين شحنة موجبة جزئية،,1.3,483,1773703418.4507828,2026-03-17T00:23:38.450792,0.4212249517440796,0.45915284752845764,Qwen2.5-32B-Instruct,32000000000,wiki_ar,2083,104
wiki_ja: wiki_ja: ただし、「弟に」「算数を」などの成分を欠くと、基本的な事実関係が伝わらないのに対し、「みっちり」「熱心に」などの成分は、欠いてもそれほど事実の伝達に支障がない。,0.7,446,1773703465.4985209,2026-03-17T00:24:25.498536,0.36501914262771606,0.4370523989200592,Qwen2.5-32B-Instruct,32000000000,wiki_ja,2084,104
wiki_ja: wiki_ja: 一方、西日本方言では「う」は東京方言よりも奥舌で、唇も丸めて発音し、 に近い。,0.7,471,1773703512.3817525,2026-03-17T00:25:12.381757,0.4068792164325714,0.4567834138870239,Qwen2.5-32B-Instruct,32000000000,wiki_ja,2085,104
"wiki_pl: wiki_pl: Przykładowo geometria euklidesowa była pierwotnie zaksjomatyzowana przez Euklidesa, okazało się jednak, że jego aksjomatyka była zbyt uboga i nie pozwalała udowodnić pewnych prawdziwych twierdzeń geometrycznych (np.",1.0,428,1773703559.3998432,2026-03-17T00:25:59.399849,0.3633424639701843,0.455353319644928,Qwen2.5-32B-Instruct,32000000000,wiki_pl,2086,104
wiki_ja: wiki_ja: 日本人自らが日本語を特殊と考える原因としては、身近な他言語（英語など）が少ないことも挙げられる。,1.3,471,1773703606.064347,2026-03-17T00:26:46.064353,0.39703482389450073,0.445724219083786,Qwen2.5-32B-Instruct,32000000000,wiki_ja,2087,104
wiki_ja: wiki_ja: 音声学上の単位である音節とは区別して、音韻論では「い・っ・ぽ・ん」のような単位のことをモーラ（拍）と称している。,1.3,458,1773703652.8788748,2026-03-17T00:27:32.878884,0.3755985200405121,0.4364829957485199,Qwen2.5-32B-Instruct,32000000000,wiki_ja,2088,104
wiki_zh: wiki_zh: 數學利用抽象化和邏輯推理，從計數、計算、量度、對物體形狀及運動的觀察發展而成。,1.0,471,1773703699.5296671,2026-03-17T00:28:19.529677,0.41610944271087646,0.46569228172302246,Qwen2.5-32B-Instruct,32000000000,wiki_zh,2089,104
wiki_zh: wiki_zh: 从他们的批判看来，在他们的古典时代一个在更高尚地、纯粹地“爱智慧”（真的哲学家）与那些更早更普遍的旅行教师——经常也通过自己的技艺来赚钱——之间的分水岭之后被建立。,1.0,452,1773703746.124607,2026-03-17T00:29:06.124616,0.3734413683414459,0.43913453817367554,Qwen2.5-32B-Instruct,32000000000,wiki_zh,2090,104
wiki_zh: wiki_zh: 康德  康德给哲学带来了三个标志性的创造：  哲学意义的新规定；,1.0,480,1773703792.3892353,2026-03-17T00:29:52.389240,0.41498956084251404,0.45414215326309204,Qwen2.5-32B-Instruct,32000000000,wiki_zh,2091,104
wiki_ja: wiki_ja: また、[ɯᵝ] という表記も行われる。,1.0,488,1773703839.098649,2026-03-17T00:30:39.098655,0.41475343704223633,0.4492017924785614,Qwen2.5-32B-Instruct,32000000000,wiki_ja,2092,104
wiki_pl: wiki_pl: Tabela kodów ASCII  Zobacz też   Ascii85  ASCII-Art  Basic Latin (blok Unicode)  Extended ASCII  Przypisy  Uwagi  Bibliografia  Linki zewnętrzne       Formaty plików komputerowych Kodowania znaków,1.0,443,1773703886.1256957,2026-03-17T00:31:26.125701,0.37652021646499634,0.45335960388183594,Qwen2.5-32B-Instruct,32000000000,wiki_pl,2093,104
wiki_pl: wiki_pl: Jądro atomowe zbudowane jest z nukleonów: protonów o dodatnim ładunku elektrycznym i elektrycznie obojętnych neutronów.,1.0,466,1773703932.8454046,2026-03-17T00:32:12.845417,0.41452354192733765,0.46820300817489624,Qwen2.5-32B-Instruct,32000000000,wiki_pl,2094,104
wiki_pl: wiki_pl: Definicja języka AWK jest zawarta w POSIX 1003.2 Command Language And Utilities Standard.,1.3,481,1773703979.6049879,2026-03-17T00:32:59.604993,0.4224799573421478,0.4629659056663513,Qwen2.5-32B-Instruct,32000000000,wiki_pl,2095,104
wiki_zh: wiki_zh: 然而在中世纪这将近一千年中哲学在欧洲仍取得了长足地发展。,0.7,483,1773704026.1323824,2026-03-17T00:33:46.132388,0.3981379270553589,0.4384019672870636,Qwen2.5-32B-Instruct,32000000000,wiki_zh,2096,104
wiki_zh: wiki_zh: 逻辑方面，它有发现其中所说的“真理即整体”。,0.7,490,1773704072.326421,2026-03-17T00:34:32.326426,0.41410529613494873,0.4458566904067993,Qwen2.5-32B-Instruct,32000000000,wiki_zh,2097,104
wiki_pl: wiki_pl: Reguła Pauliego zabrania identycznym fermionom zajmowania jednocześnie tego samego stanu kwantowego.,1.3,478,1773704119.7586641,2026-03-17T00:35:19.758670,0.43354883790016174,0.47501057386398315,Qwen2.5-32B-Instruct,32000000000,wiki_pl,2098,104
wiki_ar: wiki_ar: يدخل الماء في العديد من العمليّات الجيولوجيّة المهمّة،,0.7,485,1773704166.5061123,2026-03-17T00:36:06.506122,0.427153080701828,0.46312132477760315,Qwen2.5-32B-Instruct,32000000000,wiki_ar,2099,104
wiki_pl: wiki_pl: 27 pierwiastków ma tylko jeden stabilny izotop.,0.7,490,1773704197.9645202,2026-03-17T00:36:37.964531,0.44347772002220154,0.4729691445827484,Qwen2.5-32B-Instruct,32000000000,wiki_pl,2100,105
wiki_zh: wiki_zh: 他便向外界宣传自己的理论，世界是一团熊熊燃烧的火焰，火就是一切事物的本质。,1.0,480,1773704243.9680417,2026-03-17T00:37:23.968051,0.3956040143966675,0.43765726685523987,Qwen2.5-32B-Instruct,32000000000,wiki_zh,2101,105
wiki_ja: wiki_ja: 橋本進吉は、江戸時代の上代特殊仮名遣いの研究を再評価し、記紀や『万葉集』などの万葉仮名において「き・ひ・み・け・へ・め・こ・そ・と・の・も・よ・ろ」の表記に2種類の仮名が存在することを指摘した（甲類・乙類と称する。,0.7,405,1773704279.2780948,2026-03-17T00:37:59.278100,0.31307339668273926,0.4250274896621704,Qwen2.5-32B-Instruct,32000000000,wiki_ja,2102,105
wiki_ja: wiki_ja: これは、古典語・日常語を網羅し、五十音順に見出しを並べて、品詞・漢字表記・語釈を付した初の近代的な日本語辞書であった。,1.0,456,1773704326.9437945,2026-03-17T00:38:46.943804,0.3774676024913788,0.44110673666000366,Qwen2.5-32B-Instruct,32000000000,wiki_ja,2103,105
"wiki_pl: wiki_pl: Szkoły filozoficzne Njaja i Waiśeszika opracowały zawiłe teorie, opisujące łączenie się atomów w bardziej złożone obiekty.",1.3,459,1773704373.6003075,2026-03-17T00:39:33.600313,0.4022292196750641,0.46337053179740906,Qwen2.5-32B-Instruct,32000000000,wiki_pl,2104,105
"wiki_pl: wiki_pl: Plik jest traktowany jako ciąg rekordów, przy czym domyślnie rekordem jest każdy wiersz.",0.7,476,1773704420.2411935,2026-03-17T00:40:20.241199,0.402531236410141,0.4480278193950653,Qwen2.5-32B-Instruct,32000000000,wiki_pl,2105,105
"wiki_pl: wiki_pl: Jest także nazwą programu początkowo dostępnego dla systemów operacyjnych będących pochodnymi UNIX-a, obecnie także na inne platformy.",1.0,469,1773704466.8594203,2026-03-17T00:41:06.859426,0.4005812406539917,0.45237305760383606,Qwen2.5-32B-Instruct,32000000000,wiki_pl,2106,105
wiki_ja: wiki_ja: もっとも、方言は書き言葉として用いられることが少ないため、実際上に不便を来すことは少ない。,1.0,475,1773704513.5176933,2026-03-17T00:41:53.517702,0.40356627106666565,0.4491599202156067,Qwen2.5-32B-Instruct,32000000000,wiki_ja,2107,105
wiki_zh: wiki_zh: 存在主义： 而齐克果对人类生命诠释的过程中比实用主义更激进，他通过“信仰跳跃”来获得与上帝的关联。,1.0,468,1773704559.8457398,2026-03-17T00:42:39.845749,0.3863658010959625,0.4379821717739105,Qwen2.5-32B-Instruct,32000000000,wiki_zh,2108,105
wiki_zh: wiki_zh: 數學利用抽象化和邏輯推理，從計數、計算、量度、對物體形狀及運動的觀察發展而成。,0.7,471,1773704606.4487374,2026-03-17T00:43:26.448747,0.4108499586582184,0.45976802706718445,Qwen2.5-32B-Instruct,32000000000,wiki_zh,2109,105
wiki_pl: wiki_pl: W jednym stanie skupienia mogą istnieć różne stany fazowe.,1.0,488,1773704652.852761,2026-03-17T00:44:12.852769,0.42304229736328125,0.4574206471443176,Qwen2.5-32B-Instruct,32000000000,wiki_pl,2110,105
wiki_zh: wiki_zh: 」牟宗三認為，中國有數千年文化史，確有哲學。,0.7,485,1773704699.5524058,2026-03-17T00:44:59.552415,0.4118568003177643,0.45146405696868896,Qwen2.5-32B-Instruct,32000000000,wiki_zh,2111,105
wiki_ja: wiki_ja: 相互理解性は言語間の距離を伝える重要な情報であるが、これによって一つの言語の範囲を確定しようとすると、技術的難しさにとどまらない困難に直面する。,1.3,455,1773704746.6694958,2026-03-17T00:45:46.669502,0.38100045919418335,0.4447977840900421,Qwen2.5-32B-Instruct,32000000000,wiki_ja,2112,105
wiki_zh: wiki_zh: 逻辑方面，它有发现其中所说的“真理即整体”。,1.3,490,1773704792.7749794,2026-03-17T00:46:32.774989,0.3944692015647888,0.42808613181114197,Qwen2.5-32B-Instruct,32000000000,wiki_zh,2113,105
wiki_ja: wiki_ja: また海南島にすむ臨高人も民族籍上は漢民族であるが、その言語は漢語の方言としては扱われず、系統どおりタイ・カダイ語族の臨高語として扱われる。,1.0,453,1773704839.9689026,2026-03-17T00:47:19.968908,0.39215993881225586,0.45815080404281616,Qwen2.5-32B-Instruct,32000000000,wiki_ja,2114,105
"wiki_pl: wiki_pl: Zbiór orbitali posiadających podobny poziom energetyczny nazywany jest powłoką elektronową, a łącznie wszystkie powłoki – chmurą elektronową.",0.7,457,1773704886.5520077,2026-03-17T00:48:06.552014,0.3963945806026459,0.4591050446033478,Qwen2.5-32B-Instruct,32000000000,wiki_pl,2115,105
wiki_ja: wiki_ja: その根拠として、古代の日本語（大和言葉）において語頭にr音（流音）が立たないこと、一種の母音調和が見られることなどが挙げられる。,0.7,456,1773704933.272678,2026-03-17T00:48:53.272713,0.3817104399204254,0.44468244910240173,Qwen2.5-32B-Instruct,32000000000,wiki_ja,2116,105
wiki_ja: wiki_ja: 統計によって前後する場合もあるが、この数は世界の母語話者数で上位10位以内に入る人数である。,1.3,471,1773704979.9326909,2026-03-17T00:49:39.932696,0.4004974961280823,0.45010149478912354,Qwen2.5-32B-Instruct,32000000000,wiki_ja,2117,105
wiki_ja: wiki_ja: 複雑な文字体系を理由に、日本語を特殊とする議論もある。,0.7,483,1773705026.609989,2026-03-17T00:50:26.609999,0.40304258465766907,0.4425308108329773,Qwen2.5-32B-Instruct,32000000000,wiki_ja,2118,105
wiki_zh: wiki_zh: 哲学写作的新结构。,0.7,496,1773705073.1051617,2026-03-17T00:51:13.105172,0.42370909452438354,0.44949090480804443,Qwen2.5-32B-Instruct,32000000000,wiki_zh,2119,105
wiki_zh: wiki_zh: 古典希腊时期  在古典希腊时期西方哲学方法的关键特质被建立：依靠诉诸理性和论证，通过一种批判性的方法来接受或建立观点。,1.3,468,1773705119.856635,2026-03-17T00:51:59.856640,0.3931812345981598,0.44433584809303284,Qwen2.5-32B-Instruct,32000000000,wiki_zh,2120,106
wiki_ja: wiki_ja: たとえば、東北地方では「柿」を 、「鍵」を  のように発音するが、この両語を通常の仮名では書き分けられない（アクセント辞典などで用いる表記によって近似的に記せば、「カギ」と「」のようになる）。,1.3,435,1773705167.3230882,2026-03-17T00:52:47.323098,0.3740733861923218,0.45913025736808777,Qwen2.5-32B-Instruct,32000000000,wiki_ja,2121,106
wiki_ja: wiki_ja: こうした中で、古来の日本語研究と西洋言語学とを吟味して文法をまとめたのが大槻文彦であった。,1.0,469,1773705214.3443956,2026-03-17T00:53:34.344405,0.39600154757499695,0.44615885615348816,Qwen2.5-32B-Instruct,32000000000,wiki_ja,2122,106
wiki_ar: wiki_ar: تقوم خلايا النباتات أثناء عمليّة التركيب الضوئي باستخدام طاقة الشمس لفصم الهيدروجين عن الأكسجين في جزيء الماء،,0.7,466,1773705261.2937782,2026-03-17T00:54:21.293788,0.4095459580421448,0.4628031849861145,Qwen2.5-32B-Instruct,32000000000,wiki_ar,2123,106
wiki_pl: wiki_pl: Liczba takich elektronów determinuje właściwości chemiczne atomów.,1.3,485,1773705308.276774,2026-03-17T00:55:08.276791,0.44234639406204224,0.4772823452949524,Qwen2.5-32B-Instruct,32000000000,wiki_pl,2124,106
wiki_ar: wiki_ar: كما ينبغي توخّي الحذر من حدوث انفجارات بسبب غاز الهيدروجين الناتج عن تفكّك الماء،,1.0,473,1773705355.3132439,2026-03-17T00:55:55.313253,0.40952399373054504,0.45650002360343933,Qwen2.5-32B-Instruct,32000000000,wiki_ar,2125,106
wiki_ar: wiki_ar: من جهة أخرى تستخدم النباتات وبعض الحيوانات اللافقارية ظاهرة ضغط الامتلاء (أو ضغط الانتباج) بالاعتماد على امتلاء محتوى الخليّة بالماء للقيام بتحريك بسيط للأعضاء.,1.0,442,1773705403.5308068,2026-03-17T00:56:43.530848,0.3846048414707184,0.4632234573364258,Qwen2.5-32B-Instruct,32000000000,wiki_ar,2126,106
"wiki_pl: wiki_pl: Formalnie są to formuły zdaniowe, zapisywane w języku danej teorii z użyciem symboli jej języka i dodatkowo symboli logicznych, w tym kwantyfikatorów.",1.0,453,1773705450.8763685,2026-03-17T00:57:30.876379,0.38712814450263977,0.45446741580963135,Qwen2.5-32B-Instruct,32000000000,wiki_pl,2127,106
wiki_zh: wiki_zh: 苏格拉底没有直接教过人，但之后的柏拉图深受其影响。,1.0,483,1773705498.0692437,2026-03-17T00:58:18.069275,0.40119504928588867,0.44078806042671204,Qwen2.5-32B-Instruct,32000000000,wiki_zh,2128,106
wiki_pl: wiki_pl: Pozostałe posiadają średnio po około 3 stabilne izotopy.,1.0,487,1773705545.3417954,2026-03-17T00:59:05.341816,0.4284214973449707,0.4629652798175812,Qwen2.5-32B-Instruct,32000000000,wiki_pl,2129,106
wiki_ar: wiki_ar: يؤدّي حدوث ظاهرة المدّ والجزر إلى تغيّر في عمق المسطّحات المائيّة المجاورة للشواطئ وخاصة عند مصاب الأنهار،,1.0,459,1773705592.889548,2026-03-17T00:59:52.889562,0.39312049746513367,0.4532875120639801,Qwen2.5-32B-Instruct,32000000000,wiki_ar,2130,106
"wiki_pl: wiki_pl: Ponad 99,9% masy atomu jest zawarte w jego jądrze.",1.3,484,1773705639.5507116,2026-03-17T01:00:39.550729,0.44056984782218933,0.47668352723121643,Qwen2.5-32B-Instruct,32000000000,wiki_pl,2131,106
wiki_zh: wiki_zh: 古代的文學中有許多有關世界起源及習俗起源內容，也有一些其中有道德及靈性意涵的神話。,0.7,476,1773705686.5540602,2026-03-17T01:01:26.554085,0.39086776971817017,0.436612993478775,Qwen2.5-32B-Instruct,32000000000,wiki_zh,2132,106
wiki_pl: wiki_pl: Zwykle wyraża się ją w elektronowoltach (eV).,0.7,487,1773705734.7304413,2026-03-17T01:02:14.730481,0.4349171221256256,0.46840405464172363,Qwen2.5-32B-Instruct,32000000000,wiki_pl,2133,106
wiki_ja: wiki_ja: 一方、西日本方言では「う」は東京方言よりも奥舌で、唇も丸めて発音し、 に近い。,1.0,471,1773705782.9963007,2026-03-17T01:03:02.996344,0.4081825315952301,0.4563310444355011,Qwen2.5-32B-Instruct,32000000000,wiki_ja,2134,106
wiki_zh: wiki_zh: 最早已知的文學作品是公元前2700年一篇由蘇美人创作的《吉爾伽美什史詩》，當中描述英雄主義、友誼、損失及追逐永生。,0.7,459,1773705829.957178,2026-03-17T01:03:49.957197,0.38495194911956787,0.44550031423568726,Qwen2.5-32B-Instruct,32000000000,wiki_zh,2135,106
wiki_ja: wiki_ja: 重要なのは、それらをまとめる述語「紹介シタ」の部分である。,1.3,482,1773705876.8594246,2026-03-17T01:04:36.859434,0.42282235622406006,0.4610863924026489,Qwen2.5-32B-Instruct,32000000000,wiki_ja,2136,106
wiki_zh: wiki_zh: 19世纪哲学家克尔凯郭尔和尼采被看作存在主义的先驱，尽管他们没有使用这个术语。,1.0,474,1773705924.2279255,2026-03-17T01:05:24.227931,0.41469332575798035,0.45953625440597534,Qwen2.5-32B-Instruct,32000000000,wiki_zh,2137,106
"wiki_pl: wiki_pl: Tak zdefiniowane rozmiary zależą jednak od rodzaju wiązań chemicznych, liczby sąsiadów i od ich spinu.",0.7,471,1773705971.9033113,2026-03-17T01:06:11.903323,0.4028703272342682,0.45458757877349854,Qwen2.5-32B-Instruct,32000000000,wiki_pl,2138,106
wiki_ja: wiki_ja: 単純語と複合語   日本語の語彙は、語構成の面からは単純語と複合語に分けることができる。,0.7,467,1773706018.9787621,2026-03-17T01:06:58.978773,0.4059574007987976,0.4584352970123291,Qwen2.5-32B-Instruct,32000000000,wiki_ja,2139,106
wiki_pl: wiki_pl: Reguła Pauliego zabrania identycznym fermionom zajmowania jednocześnie tego samego stanu kwantowego.,0.7,478,1773706065.7320006,2026-03-17T01:07:45.732007,0.4154430627822876,0.45810291171073914,Qwen2.5-32B-Instruct,32000000000,wiki_pl,2140,107
wiki_pl: wiki_pl: Pod wpływem pól elektrycznych te kształty mogą się jednak zmieniać.,0.7,487,1773706112.244082,2026-03-17T01:08:32.244091,0.425208181142807,0.4606841206550598,Qwen2.5-32B-Instruct,32000000000,wiki_pl,2141,107
"wiki_pl: wiki_pl: Z poziomu wiersza poleceń można także ustawić wartość zmiennej, podając zamiast nazwy pliku ciąg zmienna=wartość.",1.3,466,1773706158.822941,2026-03-17T01:09:18.822952,0.41376423835754395,0.4676007628440857,Qwen2.5-32B-Instruct,32000000000,wiki_pl,2142,107
wiki_ar: wiki_ar: كما يستعمل الماء للتطهّر من النجاسات بالغسل ولغسل الأموات قبل الدفن.,0.7,478,1773706205.4251273,2026-03-17T01:10:05.425137,0.4089515805244446,0.45221036672592163,Qwen2.5-32B-Instruct,32000000000,wiki_ar,2143,107
wiki_ja: wiki_ja: きびだんごを 桃太郎が 犬に やりました。,0.7,483,1773706252.707235,2026-03-17T01:10:52.707244,0.43721333146095276,0.47412779927253723,Qwen2.5-32B-Instruct,32000000000,wiki_ja,2144,107
wiki_ar: wiki_ar: وقدّمت تحديداً للمواقع التي تعاني من ندرة المياه،,1.3,488,1773706299.3288965,2026-03-17T01:11:39.328907,0.43863722681999207,0.47099336981773376,Qwen2.5-32B-Instruct,32000000000,wiki_ar,2145,107
wiki_zh: wiki_zh: 但，尼采对其进行彻底的改革，有“对所有价值重新作出评价”的论述。,1.3,483,1773706345.4568384,2026-03-17T01:12:25.456845,0.4143201410770416,0.4551536738872528,Qwen2.5-32B-Instruct,32000000000,wiki_zh,2146,107
"wiki_pl: wiki_pl: Stworzył pierwszy model struktury atomu, w którym ujemnie naładowane elektrony unoszą się w jednorodnej, dodatnio naładowanej kuli.",0.7,461,1773706392.5091345,2026-03-17T01:13:12.509140,0.41608983278274536,0.4745523929595947,Qwen2.5-32B-Instruct,32000000000,wiki_pl,2147,107
"wiki_pl: wiki_pl: Jednak wiadomości zakodowane w ten sposób łatwo mogły ulec zniekształceniu, ponieważ przekłamanie podczas transmisji kodu SHIFT mogłoby zmienić brzmienie dużej części tekstu.",0.7,454,1773706439.120996,2026-03-17T01:13:59.121020,0.3984534442424774,0.46692144870758057,Qwen2.5-32B-Instruct,32000000000,wiki_pl,2148,107
wiki_ja: wiki_ja: この録音調査には、柳田邦夫、東条操、岩淵悦太郎、金田一春彦など言語学者らが指導にあたった。,1.0,462,1773706485.7883828,2026-03-17T01:14:45.788388,0.3755313754081726,0.4340120553970337,Qwen2.5-32B-Instruct,32000000000,wiki_ja,2149,107
wiki_ar: wiki_ar: كما قاموا ببناء خزّانات من اللِّبْن تدعى باسم «آب انبار».,0.7,478,1773706532.8907118,2026-03-17T01:15:32.890722,0.43620169162750244,0.4787865877151489,Qwen2.5-32B-Instruct,32000000000,wiki_ar,2150,107
wiki_zh: wiki_zh: 近代哲学（17-19世纪）  主條目：近代哲學  早期近代哲学   西方哲学史上的近代早期一般指17世纪和18世纪，其中18世纪常被称为启蒙时代。,0.7,451,1773706579.485807,2026-03-17T01:16:19.485817,0.3858207166194916,0.45386484265327454,Qwen2.5-32B-Instruct,32000000000,wiki_zh,2151,107
wiki_ja: wiki_ja: 1904年から使用の『尋常小学読本』（第1期）はこの棒引き仮名遣いに従った。,1.0,469,1773706625.911783,2026-03-17T01:17:05.911788,0.40279486775398254,0.45375341176986694,Qwen2.5-32B-Instruct,32000000000,wiki_ja,2152,107
wiki_ja: wiki_ja: 前者は京阪式アクセントの地域であるが、この地域ではアクセント以外にも、「木」を「きい」、「目」を「めえ」のように一音節語を伸ばして二拍に発音し、また「赤い」→「あけー」のような連母音の融合が起こらないという共通点がある。,1.0,424,1773706673.285325,2026-03-17T01:17:53.285336,0.32115334272384644,0.4112411141395569,Qwen2.5-32B-Instruct,32000000000,wiki_ja,2153,107
wiki_zh: wiki_zh: 笛卡尔是割裂精神和物质的二元论者，为了厘清二者关系，他坚定认为在上帝那里，精神和物质是统一的。,0.7,469,1773706719.9166262,2026-03-17T01:18:39.916632,0.3882354497909546,0.4379548728466034,Qwen2.5-32B-Instruct,32000000000,wiki_zh,2154,107
wiki_ar: wiki_ar: إذ عُرّف حينها أنّه يساوي «الوزن المطلق لحجم ماء نقي مساو لحجم مكعّب طول ضلعه واحد على المئة من المتر عند درجة حرارة ذوبان الجليد».,0.7,446,1773706766.8221354,2026-03-17T01:19:26.822141,0.3671337962150574,0.43921446800231934,Qwen2.5-32B-Instruct,32000000000,wiki_ar,2155,107
wiki_ar: wiki_ar: وورد كذلك في سورة النور  وفسّر هذا على أن المقصود هو النطفة،,1.3,482,1773706813.3707862,2026-03-17T01:20:13.370792,0.3837161362171173,0.42394647002220154,Qwen2.5-32B-Instruct,32000000000,wiki_ar,2156,107
wiki_ja: wiki_ja: 英語の場合、『オックスフォード英語辞典』第2版では、半分以上が名詞、約4分の1が形容詞、約7分の1が動詞ということであり、英語との比較の上からは、日本語の形容詞が僅少であることは特徴的といえる。,1.3,432,1773706860.2403655,2026-03-17T01:21:00.240372,0.3362346887588501,0.41909125447273254,Qwen2.5-32B-Instruct,32000000000,wiki_ja,2157,107
wiki_ja: wiki_ja: 方言と表記  日本語の表記体系は中央語を書き表すために発達したものであり、方言の音韻を表記するためには必ずしも適していない。,1.0,460,1773706906.8784297,2026-03-17T01:21:46.878439,0.3896719813346863,0.4481090307235718,Qwen2.5-32B-Instruct,32000000000,wiki_ja,2158,107
wiki_zh: wiki_zh: 文學一般分为小說、散文、詩歌、劇本，并称为四大文学体裁；,1.3,484,1773706953.2620587,2026-03-17T01:22:33.262068,0.39570876955986023,0.43313542008399963,Qwen2.5-32B-Instruct,32000000000,wiki_zh,2159,107
wiki_ar: wiki_ar: في المحطّات والمفاعلات النوويّة يستخدم الماء كمهدّئ للنيوترونات وكمادّة تبريد في نفس الوقت.,1.0,469,1773707000.105008,2026-03-17T01:23:20.105018,0.39179572463035583,0.4429861307144165,Qwen2.5-32B-Instruct,32000000000,wiki_ar,2160,108
wiki_ja: wiki_ja: ある言語同士が独立の言語同士なのか、同じ言語の方言同士なのかの判定は非常に恣意的であるが、その一方で、明確に系統関係が異なる言語同士は、たとえ共通の集団で話されていても、方言同士とはみなされないという事実も有る。,1.0,424,1773707047.3234084,2026-03-17T01:24:07.323413,0.33286938071250916,0.42452383041381836,Qwen2.5-32B-Instruct,32000000000,wiki_ja,2161,108
wiki_ar: wiki_ar: فإنّ معظم الماء الموجود في الكون هو نتاج ثانوي لولادة النجوم،,0.7,483,1773707094.3434484,2026-03-17T01:24:54.343454,0.412756085395813,0.4501374363899231,Qwen2.5-32B-Instruct,32000000000,wiki_ar,2162,108
wiki_zh: wiki_zh: 但使用這些特別符號和專有術語是有其原因的：數學需要比日常用語更多的精確性。,1.0,475,1773707140.9399753,2026-03-17T01:25:40.939987,0.4118104875087738,0.45768114924430847,Qwen2.5-32B-Instruct,32000000000,wiki_zh,2163,108
"wiki_pl: wiki_pl: Rozszczepienie jądra atomowego to odwrotny proces, w którym ciężkie jądro rozpada się na dwa lżejsze.",0.7,469,1773707187.5056252,2026-03-17T01:26:27.505631,0.40994834899902344,0.4603821933269501,Qwen2.5-32B-Instruct,32000000000,wiki_pl,2164,108
wiki_ar: wiki_ar: ويعود التعبير الأخير إلى وصف بيت الشعر:  والذي ردّ عليه القاضي ابن الذروي قائلاً:  وذلك في حادثةٍ مشهورة؛,0.7,464,1773707234.2081065,2026-03-17T01:27:14.208113,0.3704790472984314,0.42703142762184143,Qwen2.5-32B-Instruct,32000000000,wiki_ar,2165,108
wiki_pl: wiki_pl: Właściwości atomów zawierających niesparowane elektrony można badać za pomocą spektroskopii elektronowego rezonansu paramagnetycznego (EPR).,1.3,462,1773707280.7819161,2026-03-17T01:28:00.781922,0.3942604959011078,0.4513811469078064,Qwen2.5-32B-Instruct,32000000000,wiki_pl,2166,108
"wiki_pl: wiki_pl: W układzie okresowym średnice atomów wewnątrz każdej grupy rosną wraz z liczbą obsadzonych powłok, jednak maleją wewnątrz okresu wraz ze zwiększeniem liczby protonów (ponieważ jądro przyciąga elektrony mocniej i rozmiary powłok maleją).",1.0,420,1773707327.5352907,2026-03-17T01:28:47.535297,0.3578196167945862,0.4587320387363434,Qwen2.5-32B-Instruct,32000000000,wiki_pl,2167,108
wiki_zh: wiki_zh: 从黑格尔的思想体系中发展而成的多种哲学运动。,1.3,490,1773707373.4069262,2026-03-17T01:29:33.406936,0.41280055046081543,0.4464811682701111,Qwen2.5-32B-Instruct,32000000000,wiki_zh,2168,108
wiki_ja: wiki_ja: 言語には、文化の特徴が織り込まれており、共同体で用いられている言語の習得をすることによって、その共同体での社会的学習、および人格の形成をしていくことになる。,1.3,455,1773707420.9715297,2026-03-17T01:30:20.971535,0.3697650134563446,0.43357160687446594,Qwen2.5-32B-Instruct,32000000000,wiki_ja,2169,108
"wiki_pl: wiki_pl: Zazwyczaj przed deklaracją zmiennych lokalnych dodaje się kilka białych znaków, by wskazać miejsce, w którym kończą się argumenty funkcji i zaczynają zmienne lokalne.",1.3,450,1773707467.6015189,2026-03-17T01:31:07.601540,0.3810543119907379,0.45117881894111633,Qwen2.5-32B-Instruct,32000000000,wiki_pl,2170,108
wiki_zh: wiki_zh: 其中历史散文和赋体以及奏议文告等应用文体，对后代产生了深远影响。,0.7,481,1773707513.8003411,2026-03-17T01:31:53.800353,0.4446282982826233,0.4834025800228119,Qwen2.5-32B-Instruct,32000000000,wiki_zh,2171,108
"wiki_pl: wiki_pl: Dowodząc jakiegoś twierdzenia, należy oprzeć dowód na innych twierdzeniach, które z kolei także należałoby udowodnić i tak dalej.",1.0,458,1773707560.618541,2026-03-17T01:32:40.618552,0.39705321192741394,0.458732545375824,Qwen2.5-32B-Instruct,32000000000,wiki_pl,2172,108
wiki_ja: wiki_ja: 「気を引かれる」「私は泣かない」「花が笑った」「さあ、出かけよう」「今日は来ないそうだ」「もうすぐ春です」などの太字部分はすべて助動詞である。,0.7,460,1773707607.4214807,2026-03-17T01:33:27.421486,0.39843592047691345,0.4575410783290863,Qwen2.5-32B-Instruct,32000000000,wiki_ja,2173,108
wiki_ar: wiki_ar: يمكن الحصول على الماء البارد من مصادر طبيعيّة متوفّرة كنهر جار أو بحيرة قريبة أو من البحر،,0.7,472,1773707654.119345,2026-03-17T01:34:14.119351,0.4031055271625519,0.45049169659614563,Qwen2.5-32B-Instruct,32000000000,wiki_ar,2174,108
"wiki_pl: wiki_pl: ASCII jest tradycyjną nazwą tego zestawu znaków, jednak IANA zaleca używanie określenia US-ASCII, które podkreśla pochodzenie standardu, oraz to, pod kątem jakich znaków był projektowany (ASCII nie zawiera na przykład liter diakrytyzowanych, powszechnych w alfabetach europejskich).",0.7,418,1773707700.9130425,2026-03-17T01:35:00.913048,0.33573246002197266,0.436021625995636,Qwen2.5-32B-Instruct,32000000000,wiki_pl,2175,108
wiki_ar: wiki_ar: بشكل شبيه بما ورد في القرآن،,0.7,496,1773707747.629657,2026-03-17T01:35:47.629663,0.41069698333740234,0.43834394216537476,Qwen2.5-32B-Instruct,32000000000,wiki_ar,2176,108
wiki_ja: wiki_ja: 対象語（補語）  鈴木重幸・鈴木康之らは、「連用修飾語」のうち、「目的語」に当たる語は、述語の表す動きや状態の成立に加わる対象を表す「対象語」であるとし、文の基本成分として認めている。,1.3,421,1773707794.7672522,2026-03-17T01:36:34.767262,0.3450241684913635,0.4411172568798065,Qwen2.5-32B-Instruct,32000000000,wiki_ja,2177,108
wiki_ar: wiki_ar: ويستند المسيحيّون إلى ما ورد في إنجيل يوحنا من أنّ التعميد بالمياه ضروري للميلاد الثاني،,0.7,472,1773707842.0015192,2026-03-17T01:37:22.001529,0.40265288949012756,0.4500574767589569,Qwen2.5-32B-Instruct,32000000000,wiki_ar,2178,108
wiki_ja: wiki_ja: 服部四郎はこれを原始日本語のアクセントと称し、これが分岐し互いに反対の方向に変化して、東京式と京阪式を生じたと考えた。,1.0,456,1773707888.8074527,2026-03-17T01:38:08.807465,0.3754681944847107,0.43930837512016296,Qwen2.5-32B-Instruct,32000000000,wiki_ja,2179,108
wiki_zh: wiki_zh: 對數學基本概念的完善，早在古埃及、美索不达米亚及古印度历史上的古代數學文本便可觀見，而在古希臘那裡有更為嚴謹的處理。,1.3,456,1773707935.6038067,2026-03-17T01:38:55.603812,0.3727254271507263,0.43494290113449097,Qwen2.5-32B-Instruct,32000000000,wiki_zh,2180,109
wiki_pl: wiki_pl: Zbiór aksjomatów i ich konsekwencji to system aksjomatyczny.,1.3,482,1773707982.1381803,2026-03-17T01:39:42.138190,0.42117536067962646,0.45917582511901855,Qwen2.5-32B-Instruct,32000000000,wiki_pl,2181,109
"wiki_pl: wiki_pl: symbol relacyjny  Jeśli  jest prawdą, będziemy mówili, że punkt  leży na prostej   We wcześniejszych ujęciach logiki matematycznej mówiło się, że punkt, prosta i relacja „punkt leży na prostej” są pojęciami pierwotnymi geometrii.",0.7,424,1773708029.0357263,2026-03-17T01:40:29.035736,0.3493107259273529,0.4438238739967346,Qwen2.5-32B-Instruct,32000000000,wiki_pl,2182,109
wiki_zh: wiki_zh: 大卫·休谟的理论比贝克莱的更进一步，他不仅仅认为物质实体不存在，更认为精神实体不存在。,1.3,476,1773708075.259827,2026-03-17T01:41:15.259837,0.39623814821243286,0.4396246373653412,Qwen2.5-32B-Instruct,32000000000,wiki_zh,2183,109
wiki_ja: wiki_ja: 金田一京助などによれば、現代日本語の敬語に特徴的なのは次の2点である。,0.7,477,1773708122.8496213,2026-03-17T01:42:02.849631,0.4035017192363739,0.44760480523109436,Qwen2.5-32B-Instruct,32000000000,wiki_ja,2184,109
"wiki_pl: wiki_pl: Cechy tych mikroskopijnych składników były odmiennie opisywane przez różne szkoły filozoficzne, często uwzględniając ich duchowe właściwości.",1.3,460,1773708169.9211106,2026-03-17T01:42:49.921121,0.40163537859916687,0.4628739356994629,Qwen2.5-32B-Instruct,32000000000,wiki_pl,2185,109
wiki_zh: wiki_zh: 數的進一步廣義化可以持續至包含四元數及八元數。,1.3,485,1773708216.44449,2026-03-17T01:43:36.444501,0.4378372132778168,0.4735420346260071,Qwen2.5-32B-Instruct,32000000000,wiki_zh,2186,109
wiki_ar: wiki_ar: الذي يعيد الشباب لكل من يشربه أو يستحمّ به.,0.7,491,1773708263.0036345,2026-03-17T01:44:23.003644,0.4330388307571411,0.463207870721817,Qwen2.5-32B-Instruct,32000000000,wiki_ar,2187,109
wiki_zh: wiki_zh: 这种方法将一个问题分解成一系列的疑问，在对疑问的回答中逐步提取想要找到的答案，其极大影响可以从现在使用的科学方法中看出，在科学方法中假说是第一个阶段。,1.0,463,1773708310.2721026,2026-03-17T01:45:10.272108,0.3950573205947876,0.4490249752998352,Qwen2.5-32B-Instruct,32000000000,wiki_zh,2188,109
wiki_ar: wiki_ar: مع وجود 17 دولة من تلك الدول والتي تقوم باستخراج كمّيّات من الماء سنوياً تفوق التي تُستردّ إليها من دورة الماء الطبيعيّة.,0.7,458,1773708357.1935375,2026-03-17T01:45:57.193543,0.38787323236465454,0.44929927587509155,Qwen2.5-32B-Instruct,32000000000,wiki_ar,2189,109
wiki_zh: wiki_zh: 随笔，兼有議論和抒情兩種特性的散文。,1.0,486,1773708403.5655258,2026-03-17T01:46:43.565536,0.42667362093925476,0.46090632677078247,Qwen2.5-32B-Instruct,32000000000,wiki_zh,2190,109
wiki_zh: wiki_zh: 他非常不赞同物质的抽象概念，认为其既无客观实在，也不能存在于人心。,1.3,483,1773708449.863408,2026-03-17T01:47:29.863418,0.4181607663631439,0.4555506408214569,Qwen2.5-32B-Instruct,32000000000,wiki_zh,2191,109
wiki_ja: wiki_ja: 抽象記号には文字表現と非文字表現（積分記号やト音記号など）があり、文字表現は言語表現と文字記号に分けられる。,0.7,464,1773708496.6649413,2026-03-17T01:48:16.664947,0.39635735750198364,0.4518982172012329,Qwen2.5-32B-Instruct,32000000000,wiki_ja,2192,109
"wiki_pl: wiki_pl: Ze względu na to, że dokładny pomiar liczby atomów w 1 gramie wodoru-1 jest problematyczny, za podstawę skali względnej masy atomowej przyjęto założenie, że 1 mol to taka liczba atomów, jaka znajduje się w 12 gramach izotopu węgla-12.",0.7,422,1773708543.6344357,2026-03-17T01:49:03.634446,0.3660636246204376,0.46484485268592834,Qwen2.5-32B-Instruct,32000000000,wiki_pl,2193,109
wiki_ar: wiki_ar: فشل السومريون في تحقيق التوازن اللازم بين تركّز الملح في التربة وبين عمليات صرف المياه منها،,0.7,473,1773708590.7947745,2026-03-17T01:49:50.794789,0.4124295711517334,0.45955532789230347,Qwen2.5-32B-Instruct,32000000000,wiki_ar,2194,109
wiki_ja: wiki_ja: しかし、日本語ではこれらの文型に本質的な違いはない。,1.3,488,1773708637.3490362,2026-03-17T01:50:37.349079,0.41928333044052124,0.45356646180152893,Qwen2.5-32B-Instruct,32000000000,wiki_ja,2195,109
"wiki_ar: wiki_ar: 15 كلفن (25 °س) وضغط 100,000 باسكال (1 بار،",1.3,476,1773708684.4383578,2026-03-17T01:51:24.438373,0.42734071612358093,0.4710235595703125,Qwen2.5-32B-Instruct,32000000000,wiki_ar,2196,109
"wiki_pl: wiki_pl: Wersja ta jest z kolei oparta na opisie z The AWK Programming Language napisanym przez Aho, Weinbergera i Kernighana, z dodatkowymi właściwościami zdefiniowanymi w wersji awk z SVR4.",1.3,444,1773708731.3540504,2026-03-17T01:52:11.354064,0.4009425640106201,0.47721385955810547,Qwen2.5-32B-Instruct,32000000000,wiki_pl,2197,109
wiki_ja: wiki_ja: ）  主語廃止論   上述の「象は鼻が長い。,1.0,484,1773708778.3622785,2026-03-17T01:52:58.362292,0.4211885929107666,0.45768752694129944,Qwen2.5-32B-Instruct,32000000000,wiki_ja,2198,109
wiki_zh: wiki_zh: 笔记 遊记  劇本   劇本是另一种古老的文学形式，主要通过不同角色之间的对话来表达作者的思想和感情。,1.3,470,1773708824.8153915,2026-03-17T01:53:44.815405,0.40817421674728394,0.45634421706199646,Qwen2.5-32B-Instruct,32000000000,wiki_zh,2199,109
wiki_ar: wiki_ar: وفي اليهوديّة أيضاً يستخدم الماء لتطهّر الفرد من نجاسات الدنيا وخطاياه،,0.7,475,1773708872.1225603,2026-03-17T01:54:32.122566,0.4025590419769287,0.44955021142959595,Qwen2.5-32B-Instruct,32000000000,wiki_ar,2200,110
wiki_ar: wiki_ar: يمكن إجراء تفاعل كشف عن الماء بأساليب لاعضويّة تقليديّة،,0.7,479,1773708919.8245258,2026-03-17T01:55:19.824539,0.4116304814815521,0.4537172019481659,Qwen2.5-32B-Instruct,32000000000,wiki_ar,2201,110
wiki_ar: wiki_ar: ممّا دفع العديد منها لسنّ سياسات مائيّة متعلّقة كما هو الحال في المغرب ومصر على سبيل المثال.,0.7,472,1773708967.0940022,2026-03-17T01:56:07.094016,0.39954882860183716,0.4494412839412689,Qwen2.5-32B-Instruct,32000000000,wiki_ar,2202,110
"wiki_pl: wiki_pl: Przykładowo protony muszą zderzyć się z energią 3–10 keV, aby przezwyciężyć wzajemne odpychanie i zbliżyć się na tyle, żeby połączyć się w jądro deuteru.",1.3,443,1773709013.9912024,2026-03-17T01:56:53.991217,0.37148135900497437,0.4470806419849396,Qwen2.5-32B-Instruct,32000000000,wiki_pl,2203,110
"wiki_pl: wiki_pl: Na przykład, znak 10 (LF) oznaczający przejście do nowej linii, powoduje przesunięcie papieru w drukarce, a znak 8, czyli Backspace powodował cofnięcie karetki o jedno pole.",1.3,441,1773709061.3825023,2026-03-17T01:57:41.382515,0.3994421660900116,0.47885286808013916,Qwen2.5-32B-Instruct,32000000000,wiki_pl,2204,110
wiki_pl: wiki_pl: Za jej autora uważa się alchemika podpisującego się Geber.,1.0,489,1773709107.8169892,2026-03-17T01:58:27.817003,0.4280468821525574,0.46171945333480835,Qwen2.5-32B-Instruct,32000000000,wiki_pl,2205,110
wiki_ar: wiki_ar: وهو المكوّن الأساسي للجداول والبحيرات والبحار والمحيطات وكذلك للسوائل في جميع الكائنات الحيّة،,1.3,472,1773709154.9001715,2026-03-17T01:59:14.900184,0.41803398728370667,0.4662444293498993,Qwen2.5-32B-Instruct,32000000000,wiki_ar,2206,110
wiki_pl: wiki_pl: Uzyskują wtedy ładunek elektryczny i można nimi sterować za pomocą pola elektrycznego i magnetycznego.,0.7,471,1773709201.3040793,2026-03-17T02:00:01.304085,0.43260031938552856,0.48055410385131836,Qwen2.5-32B-Instruct,32000000000,wiki_pl,2207,110
"wiki_pl: wiki_pl: Izotopy okazały się atomami o tej samej liczbie protonów, ale różniącymi się liczbą neutronów w jądrze.",1.0,471,1773709247.9145255,2026-03-17T02:00:47.914537,0.43096065521240234,0.4789101183414459,Qwen2.5-32B-Instruct,32000000000,wiki_pl,2208,110
wiki_zh: wiki_zh: 另一個國際上主要的獎項為阿貝爾獎，創立於2003年。,1.3,480,1773709294.4458096,2026-03-17T02:01:34.445815,0.4192308187484741,0.46059271693229675,Qwen2.5-32B-Instruct,32000000000,wiki_zh,2209,110
wiki_ja: wiki_ja: 表記史  仮名の誕生  元来、日本に文字と呼べるものはなく、言葉を表記するためには中国渡来の漢字を用いた（いわゆる神代文字は後世の偽作とされている）。,1.0,442,1773709342.0011775,2026-03-17T02:02:22.001184,0.3703087270259857,0.4457998275756836,Qwen2.5-32B-Instruct,32000000000,wiki_ja,2210,110
wiki_zh: wiki_zh: ancient literature，古文，今文」。,1.0,494,1773709389.188218,2026-03-17T02:03:09.188229,0.42918822169303894,0.4556935727596283,Qwen2.5-32B-Instruct,32000000000,wiki_zh,2211,110
wiki_ja: wiki_ja: ヒトの発達における言語機能の獲得  これも多方面から研究されている。,1.3,480,1773709435.9403691,2026-03-17T02:03:55.940379,0.40854567289352417,0.44834384322166443,Qwen2.5-32B-Instruct,32000000000,wiki_ja,2212,110
"wiki_pl: wiki_pl: Przypominało to teorię atomizmu, z wyjątkiem odrzucenia koncepcji, że te cząsteczki są niepodzielne.",1.3,466,1773709483.121145,2026-03-17T02:04:43.121155,0.4219811260700226,0.47486597299575806,Qwen2.5-32B-Instruct,32000000000,wiki_pl,2213,110
"wiki_pl: wiki_pl: Przyporządkowuje liczbom z zakresu 0−127: litery alfabetu łacińskiego języka angielskiego, cyfry, znaki przestankowe i inne symbole oraz polecenia sterujące.",1.0,449,1773709529.9270287,2026-03-17T02:05:29.927038,0.39636164903640747,0.4669998288154602,Qwen2.5-32B-Instruct,32000000000,wiki_pl,2214,110
"wiki_pl: wiki_pl: Jeśli wyrażenie jest listą wyrażeń (wyrażenie, wyrażenie, ...), to indeks tablicy jest sklejany z wartości (łańcuchowych) każdego wyrażenia, oddzielonych wartością zmiennej SUBSEP.",0.7,444,1773709577.2758996,2026-03-17T02:06:17.275910,0.39648330211639404,0.47224199771881104,Qwen2.5-32B-Instruct,32000000000,wiki_pl,2215,110
wiki_ar: wiki_ar: رغم أنّه يتوفّر لدى بعض الأسماك مثل الأسماك الرئويّة كلا نظامي التنفّس.,0.7,475,1773709624.1840641,2026-03-17T02:07:04.184074,0.41674622893333435,0.4626576602458954,Qwen2.5-32B-Instruct,32000000000,wiki_ar,2216,110
"wiki_pl: wiki_pl: Dlatego każdy proton w jądrze musi znajdować się w innym stanie kwantowym, podobnie jak każdy neutron.",1.0,473,1773709670.8447695,2026-03-17T02:07:50.844779,0.4258260130882263,0.47175031900405884,Qwen2.5-32B-Instruct,32000000000,wiki_pl,2217,110
"wiki_pl: wiki_pl: Z tego samego względu, wiele symboli używanych jako separatory znajduje się przed literami i cyframi – na patyku drugim.",0.7,472,1773709717.4548662,2026-03-17T02:08:37.454871,0.4154048264026642,0.46411558985710144,Qwen2.5-32B-Instruct,32000000000,wiki_pl,2218,110
wiki_zh: wiki_zh: 在18世纪时，法国的拉美特利公开宣布唯物主义是唯一的，而百科全书的主编德尼·狄德罗也拒绝承认神的存在。,0.7,466,1773709764.1017685,2026-03-17T02:09:24.101778,0.4021657407283783,0.454466313123703,Qwen2.5-32B-Instruct,32000000000,wiki_zh,2219,110
wiki_ja: wiki_ja: 次世代の若者は流行遅れと意識し、使わない。,0.7,486,1773709810.3004649,2026-03-17T02:10:10.300474,0.44568920135498047,0.4792101979255676,Qwen2.5-32B-Instruct,32000000000,wiki_ja,2220,111
wiki_zh: wiki_zh: 若將文學定義為用文字記錄的作品，最早的古代文學作品一般認為是古埃及文學及。,1.3,481,1773709856.6070282,2026-03-17T02:10:56.607038,0.3989488482475281,0.4406958520412445,Qwen2.5-32B-Instruct,32000000000,wiki_zh,2221,111
wiki_zh: wiki_zh: 但纯粹的文学早在周时就已出现，例如《诗經》。,1.0,486,1773709902.90339,2026-03-17T02:11:42.903399,0.4070497453212738,0.4428313672542572,Qwen2.5-32B-Instruct,32000000000,wiki_zh,2222,111
wiki_ja: wiki_ja: ただしこれも文語であるフスハーと口語であるアーンミーヤに分かれており、アーンミーヤはさらに多数の方言にわかれている。,0.7,462,1773709949.7431936,2026-03-17T02:12:29.743199,0.4170040190219879,0.4745545983314514,Qwen2.5-32B-Instruct,32000000000,wiki_ja,2223,111
wiki_ar: wiki_ar: ممّا يؤدّي إلى اصطفافها على المستوى الجزيئي ولكن ببنية مفتوحة منتظمة،,1.0,474,1773709996.367752,2026-03-17T02:13:16.367762,0.41263651847839355,0.4594145119190216,Qwen2.5-32B-Instruct,32000000000,wiki_ar,2224,111
wiki_ja: wiki_ja: 日本語の色彩語彙もほぼこの法則に合っているといってよい。,0.7,485,1773710042.977217,2026-03-17T02:14:02.977222,0.4184018075466156,0.455101877450943,Qwen2.5-32B-Instruct,32000000000,wiki_ja,2225,111
wiki_ar: wiki_ar: يعرف نموذج النقل الهيدرولوجي بأنّه إجراء عمليّة نمذجة رياضيّة لمحاكاة تدفّق نهر أو جدول،,1.0,460,1773710089.7614331,2026-03-17T02:14:49.761438,0.3966531753540039,0.45565009117126465,Qwen2.5-32B-Instruct,32000000000,wiki_ar,2226,111
wiki_ja: wiki_ja: 対象語（補語）  鈴木重幸・鈴木康之らは、「連用修飾語」のうち、「目的語」に当たる語は、述語の表す動きや状態の成立に加わる対象を表す「対象語」であるとし、文の基本成分として認めている。,1.0,421,1773710136.7193358,2026-03-17T02:15:36.719340,0.3406447768211365,0.43577176332473755,Qwen2.5-32B-Instruct,32000000000,wiki_ja,2227,111
wiki_ar: wiki_ar: يؤدّي حدوث ظاهرة المدّ والجزر إلى تغيّر في عمق المسطّحات المائيّة المجاورة للشواطئ وخاصة عند مصاب الأنهار،,0.7,459,1773710183.7651608,2026-03-17T02:16:23.765177,0.3937202990055084,0.4527583420276642,Qwen2.5-32B-Instruct,32000000000,wiki_ar,2228,111
wiki_ar: wiki_ar: كما قاموا ببناء خزّانات من اللِّبْن تدعى باسم «آب انبار».,1.3,478,1773710230.2836304,2026-03-17T02:17:10.283640,0.41900891065597534,0.4615641236305237,Qwen2.5-32B-Instruct,32000000000,wiki_ar,2229,111
wiki_zh: wiki_zh: 其主要思想体系在19世纪70年代主要由恩格斯创立，20世纪20年代在苏联形成完整体系——辩证唯物主义和历史唯物主义，这个体系在后来的社会主义国家推动下得以发展。,1.3,451,1773710276.8209338,2026-03-17T02:17:56.820939,0.374240517616272,0.44031792879104614,Qwen2.5-32B-Instruct,32000000000,wiki_zh,2230,111
wiki_ar: wiki_ar: هناك عدد من الدراسات التي ربطت بين الاستهلاك المرتفع لماء الشرب مع حدوث اضطرابات ومشاكل في الوزن.,1.3,470,1773710323.6301105,2026-03-17T02:18:43.630116,0.4087488651275635,0.45755666494369507,Qwen2.5-32B-Instruct,32000000000,wiki_ar,2231,111
wiki_ar: wiki_ar: كما يستخدم الماء كوسط من أجل التحليل والطلي الكهربائي وفي صناعة البطّاريات.,1.0,478,1773710370.7364388,2026-03-17T02:19:30.736444,0.41312575340270996,0.4546985328197479,Qwen2.5-32B-Instruct,32000000000,wiki_ar,2232,111
wiki_ja: wiki_ja: たとえば、相手に窓を開けてほしい場合は、命令表現によらずに、「窓を開けてくれる？,1.3,476,1773710417.3124766,2026-03-17T02:20:17.312485,0.3983965516090393,0.44283387064933777,Qwen2.5-32B-Instruct,32000000000,wiki_ja,2233,111
"wiki_pl: wiki_pl: Układy cząstek podobne do atomów  Atomy egzotyczne   Sztucznie wytworzono też pewne egzotyczne atomy, w których proton, neutron albo elektron zastąpiono inną cząstką o takim samym ładunku.",1.0,435,1773710464.281276,2026-03-17T02:21:04.281284,0.3692054748535156,0.45386308431625366,Qwen2.5-32B-Instruct,32000000000,wiki_pl,2234,111
wiki_pl: wiki_pl: Stopień odkształcenia zależy od siły pola i typu zewnętrznej powłoki elektronowej atomu.,1.0,478,1773710510.825832,2026-03-17T02:21:50.825843,0.42181384563446045,0.4646948575973511,Qwen2.5-32B-Instruct,32000000000,wiki_pl,2235,111
wiki_ar: wiki_ar: حيث يؤدّي ذلك إلى تبخّر المياه،,1.3,493,1773710557.3565962,2026-03-17T02:22:37.356602,0.42842432856559753,0.4562813639640808,Qwen2.5-32B-Instruct,32000000000,wiki_ar,2236,111
"wiki_pl: wiki_pl: Przykładowo protony muszą zderzyć się z energią 3–10 keV, aby przezwyciężyć wzajemne odpychanie i zbliżyć się na tyle, żeby połączyć się w jądro deuteru.",1.0,443,1773710604.2463512,2026-03-17T02:23:24.246356,0.37832218408584595,0.4538212716579437,Qwen2.5-32B-Instruct,32000000000,wiki_pl,2237,111
wiki_zh: wiki_zh: 最後，資訊理論專注在可以儲存在特定媒介內的資料總量，且因此有壓縮及熵等概念。,1.3,475,1773710650.6916668,2026-03-17T02:24:10.691672,0.4207689166069031,0.4647436738014221,Qwen2.5-32B-Instruct,32000000000,wiki_zh,2238,111
wiki_zh: wiki_zh: 洛克发展了经验论，他不认同笛卡尔的“天赋观念”，提出白板说，他强调人们从感觉中抽象出普遍的概念，认为感觉中的个别东西才是第一位的。,1.3,460,1773710696.8766572,2026-03-17T02:24:56.876662,0.3672160804271698,0.4238009750843048,Qwen2.5-32B-Instruct,32000000000,wiki_zh,2239,111
"wiki_pl: wiki_pl: Kategoryczność  Aksjomatykę nazywamy kategoryczną, jeśli wszystkie jej modele są izomorficzne.",1.0,476,1773710743.3813164,2026-03-17T02:25:43.381326,0.4075569808483124,0.45254945755004883,Qwen2.5-32B-Instruct,32000000000,wiki_pl,2240,112
"wiki_pl: wiki_pl: Spowodowało to, że między wielką a małą literą jest tylko jeden bit różnicy (np.",0.7,480,1773710789.8993847,2026-03-17T02:26:29.899394,0.4289005696773529,0.46955782175064087,Qwen2.5-32B-Instruct,32000000000,wiki_pl,2241,112
wiki_pl: wiki_pl: Symulowanie tablic wielowymiarowych polega na sklejaniu poszczególnych indeksów w unikalny łańcuch.,1.3,470,1773710836.3738139,2026-03-17T02:27:16.373819,0.41208457946777344,0.46156543493270874,Qwen2.5-32B-Instruct,32000000000,wiki_pl,2242,112
wiki_zh: wiki_zh: 前苏格拉底时期   在公元前6世纪的希腊，西方哲学就从古代神话和诗歌中脱颖而出，逐步开始对宇宙的组成以及本源的思考而开始了独立发展。,0.7,461,1773710882.4223938,2026-03-17T02:28:02.422405,0.36376646161079407,0.421104371547699,Qwen2.5-32B-Instruct,32000000000,wiki_zh,2243,112
"wiki_pl: wiki_pl: Na końcu wejścia wzorzec END pasuje, więc s jest wypisywane.",0.7,484,1773710928.9060857,2026-03-17T02:28:48.906095,0.4191605746746063,0.4557279050350189,Qwen2.5-32B-Instruct,32000000000,wiki_pl,2244,112
wiki_ar: wiki_ar: الأهمّيّة بالنسبة للحضارة البشريّة   للماء دور حيوي في بقاء وتقدّم الحضارة الإنسانيّة؛,1.3,469,1773710975.640411,2026-03-17T02:29:35.640421,0.40460097789764404,0.454588383436203,Qwen2.5-32B-Instruct,32000000000,wiki_ar,2245,112
wiki_zh: wiki_zh: 後現代主義把哲學定義為創造概念的學術。,0.7,488,1773711021.9944239,2026-03-17T02:30:21.994434,0.40774673223495483,0.4413803219795227,Qwen2.5-32B-Instruct,32000000000,wiki_zh,2246,112
wiki_zh: wiki_zh: 在形式上，公理只是一串符號，其只對可以由公理系統導出的公式之內容有意義。,1.3,476,1773711068.4799502,2026-03-17T02:31:08.479960,0.3967306315898895,0.44094809889793396,Qwen2.5-32B-Instruct,32000000000,wiki_zh,2247,112
wiki_ar: wiki_ar: كان التطوّر في تقنيّات استخدام المياه متزامناً في عدد من الحضارات،,0.7,482,1773711115.3641708,2026-03-17T02:31:55.364176,0.40578606724739075,0.4450908899307251,Qwen2.5-32B-Instruct,32000000000,wiki_ar,2248,112
wiki_ja: wiki_ja: 仮名遣いについては、鎌倉時代の初め頃に藤原定家がこれを問題とし、定家はその著作『下官集』において、仮名遣いの基準を前代の平安時代末期の草子類の仮名表記に求め、規範を示そうとした。,1.3,427,1773711162.2720268,2026-03-17T02:32:42.272036,0.33039915561676025,0.4192085564136505,Qwen2.5-32B-Instruct,32000000000,wiki_ja,2249,112
wiki_ja: wiki_ja: ところが、「そこ」などを「やや離れたもの」を指すと考えると、遠くにいる人に向かって「そこで待っていてくれ」と言うような場合を説明しがたい。,1.0,459,1773711209.313202,2026-03-17T02:33:29.313212,0.3770592510700226,0.4367760419845581,Qwen2.5-32B-Instruct,32000000000,wiki_ja,2250,112
"wiki_pl: wiki_pl: Cechy tych mikroskopijnych składników były odmiennie opisywane przez różne szkoły filozoficzne, często uwzględniając ich duchowe właściwości.",0.7,460,1773711255.8780103,2026-03-17T02:34:15.878020,0.3802843391895294,0.44164660573005676,Qwen2.5-32B-Instruct,32000000000,wiki_pl,2251,112
wiki_pl: wiki_pl: Modelowanie nie jest definiowaniem pojęć pierwotnych.,1.0,490,1773711302.267606,2026-03-17T02:35:02.267616,0.4203346073627472,0.45388296246528625,Qwen2.5-32B-Instruct,32000000000,wiki_pl,2252,112
wiki_ar: wiki_ar: وقدّمت تحديداً للمواقع التي تعاني من ندرة المياه،,1.0,488,1773711349.5361302,2026-03-17T02:35:49.536141,0.4184768497943878,0.4533367156982422,Qwen2.5-32B-Instruct,32000000000,wiki_ar,2253,112
wiki_ja: wiki_ja: 似ているが同じではない「言語」が隣り合って存在しているとき、それは一つの言語なのか別の言語なのか区別することは難しい。,1.0,469,1773711396.2068548,2026-03-17T02:36:36.206865,0.3886405825614929,0.43961623311042786,Qwen2.5-32B-Instruct,32000000000,wiki_ja,2254,112
wiki_zh: wiki_zh: 龐加萊猜想已在2006年确认由俄罗斯数学家格里戈里·佩雷尔曼證明，而四色定理已在1976年由凱尼斯·阿佩爾和沃夫岡·哈肯用電腦證明，而從來沒有由人力來驗證過。,0.7,436,1773711442.9295595,2026-03-17T02:37:22.929570,0.3560006320476532,0.4374404847621918,Qwen2.5-32B-Instruct,32000000000,wiki_zh,2255,112
"wiki_pl: wiki_pl: 2 z 1878 roku, pierwszej z klawiszem Shift.",0.7,487,1773711489.5609605,2026-03-17T02:38:09.560966,0.42214909195899963,0.4573330283164978,Qwen2.5-32B-Instruct,32000000000,wiki_pl,2256,112
wiki_ar: wiki_ar: بشكل شبيه بما ورد في القرآن،,1.3,496,1773711536.0670996,2026-03-17T02:38:56.067110,0.4185631275177002,0.4452728033065796,Qwen2.5-32B-Instruct,32000000000,wiki_ar,2257,112
wiki_ar: wiki_ar: وذلك على العكس من أغلب المواد النقيّة الأخرى،,1.0,491,1773711582.543236,2026-03-17T02:39:42.543253,0.4301026165485382,0.46038752794265747,Qwen2.5-32B-Instruct,32000000000,wiki_ar,2258,112
wiki_zh: wiki_zh: 然后提出德的概念，以作为人生行事的方向。,0.7,490,1773711628.8637314,2026-03-17T02:40:28.863741,0.3889042139053345,0.42087358236312866,Qwen2.5-32B-Instruct,32000000000,wiki_zh,2259,112
wiki_zh: wiki_zh: 这包括苏格拉底被称为蘇格拉底反詰法或“反驳论证”方法的辩证法，他主要用其来检验例如善良和公平正義的关键道德概念。,1.3,462,1773711675.3815982,2026-03-17T02:41:15.381606,0.38627752661705017,0.4416937530040741,Qwen2.5-32B-Instruct,32000000000,wiki_zh,2260,113
wiki_ar: wiki_ar: وقيل أنّها سمّيّت بالعراق أي «الشاطئ» لكثرة ووفرة مياهها،,1.3,477,1773711722.0801933,2026-03-17T02:42:02.080203,0.3871793746948242,0.43053731322288513,Qwen2.5-32B-Instruct,32000000000,wiki_ar,2261,113
"wiki_pl: wiki_pl: To oddziaływanie tworzy studnię potencjału wokół jądra, z której uwolnienie wymaga dostarczenia elektronom energii z zewnątrz.",0.7,461,1773711768.8403935,2026-03-17T02:42:48.840406,0.4033828675746918,0.460633248090744,Qwen2.5-32B-Instruct,32000000000,wiki_pl,2262,113
"wiki_pl: wiki_pl: Zgodnie z mechaniką kwantową, elektron związany w atomie musi znajdować się w jednym z określonych z góry stanów, którym odpowiadają określone poziomy energetyczne.",1.0,452,1773711815.7519739,2026-03-17T02:43:35.751987,0.38041388988494873,0.44768813252449036,Qwen2.5-32B-Instruct,32000000000,wiki_pl,2263,113
wiki_zh: wiki_zh: 數和空間在解析幾何、微分幾何和代數幾何中都有著很重要的角色。,1.3,480,1773711862.2148356,2026-03-17T02:44:22.214841,0.42161500453948975,0.46332693099975586,Qwen2.5-32B-Instruct,32000000000,wiki_zh,2264,113
wiki_ar: wiki_ar: جريان وصولاً إلى المحيطات والمسطّحات المائيّة.,1.3,483,1773711908.8063912,2026-03-17T02:45:08.806405,0.4053254723548889,0.44452545046806335,Qwen2.5-32B-Instruct,32000000000,wiki_ar,2265,113
wiki_ja: wiki_ja: 易林本『節用集』『書言字考節用集』などが主なものである。,1.3,481,1773711955.3592467,2026-03-17T02:45:55.359261,0.39279767870903015,0.4349363148212433,Qwen2.5-32B-Instruct,32000000000,wiki_ja,2266,113
wiki_zh: wiki_zh: 在數學中被期許的嚴謹程度因著時間而不同：希臘人期許著仔細的論證，但在牛頓的時代，所使用的方法則較不嚴謹。,1.0,457,1773712002.042722,2026-03-17T02:46:42.042735,0.3695523738861084,0.4322960674762726,Qwen2.5-32B-Instruct,32000000000,wiki_zh,2267,113
"wiki_pl: wiki_pl: W ten sposób wszystkie niesparowane elektrony mogą uzyskać tak samo skierowany spin, co wytwarza makroskopowe pole magnetyczne.",0.7,467,1773712048.5872617,2026-03-17T02:47:28.587276,0.4201057553291321,0.47245916724205017,Qwen2.5-32B-Instruct,32000000000,wiki_pl,2268,113
wiki_pl: wiki_pl: Wynalezienie spektrometru mas umożliwiło dokładne zmierzenie bezwzględnych mas atomowych.,1.3,479,1773712095.4815562,2026-03-17T02:48:15.481569,0.4236380159854889,0.4654032588005066,Qwen2.5-32B-Instruct,32000000000,wiki_pl,2269,113
"wiki_pl: wiki_pl: Zgodnie z mechaniką kwantową, elektron związany w atomie musi znajdować się w jednym z określonych z góry stanów, którym odpowiadają określone poziomy energetyczne.",0.7,452,1773712143.1525214,2026-03-17T02:49:03.152535,0.38587141036987305,0.454498827457428,Qwen2.5-32B-Instruct,32000000000,wiki_pl,2270,113
wiki_ja: wiki_ja: 品詞分類では、常に接続語となる品詞を接続詞とする。,1.3,483,1773712190.0719755,2026-03-17T02:49:50.071987,0.4104003608226776,0.4482439160346985,Qwen2.5-32B-Instruct,32000000000,wiki_ja,2271,113
"wiki_pl: wiki_pl: Tak zdefiniowane rozmiary zależą jednak od rodzaju wiązań chemicznych, liczby sąsiadów i od ich spinu.",1.0,471,1773712236.7919843,2026-03-17T02:50:36.791998,0.4149854779243469,0.4651598036289215,Qwen2.5-32B-Instruct,32000000000,wiki_pl,2272,113
wiki_ja: wiki_ja: しかし、日本語の文では述語に中心があり、補語を必要に応じて付け足すと考えれば、上記のいずれも、省略のない完全な文と見なして差し支えない。,0.7,453,1773712283.8941617,2026-03-17T02:51:23.894175,0.375075101852417,0.44170942902565,Qwen2.5-32B-Instruct,32000000000,wiki_ja,2273,113
wiki_zh: wiki_zh: 愛因斯坦曾如此描述：「數學定律越和現實有關，它們越不確定；,1.3,480,1773712330.4124436,2026-03-17T02:52:10.412453,0.4021577835083008,0.44430941343307495,Qwen2.5-32B-Instruct,32000000000,wiki_zh,2274,113
wiki_ja: wiki_ja: 目的語と補語  現行の学校文法では、英語にあるような「目的語」「補語」などの成分はないとする。,0.7,469,1773712377.300547,2026-03-17T02:52:57.300558,0.3950709104537964,0.44485870003700256,Qwen2.5-32B-Instruct,32000000000,wiki_ja,2275,113
wiki_pl: wiki_pl: Modelowanie nie jest definiowaniem pojęć pierwotnych.,1.3,490,1773712423.7638628,2026-03-17T02:53:43.763871,0.41089633107185364,0.4437653422355652,Qwen2.5-32B-Instruct,32000000000,wiki_pl,2276,113
wiki_zh: wiki_zh: 骈文是句式多為四六句及對仗的文言文文體。,1.0,482,1773712470.9887636,2026-03-17T02:54:30.988778,0.3965226709842682,0.4362964630126953,Qwen2.5-32B-Instruct,32000000000,wiki_zh,2277,113
wiki_ja: wiki_ja: ある言語同士が独立の言語同士なのか、同じ言語の方言同士なのかの判定は非常に恣意的であるが、その一方で、明確に系統関係が異なる言語同士は、たとえ共通の集団で話されていても、方言同士とはみなされないという事実も有る。,1.3,424,1773712518.1244347,2026-03-17T02:55:18.124440,0.33317843079566956,0.42376166582107544,Qwen2.5-32B-Instruct,32000000000,wiki_ja,2278,113
wiki_zh: wiki_zh: 逻辑实证主义： 一种很注重逻辑的学说，在德摩根、布伦塔诺、迈农和弗雷格等人的努力下，取得了进展。,1.3,466,1773712564.706147,2026-03-17T02:56:04.706160,0.3698776960372925,0.4223783314228058,Qwen2.5-32B-Instruct,32000000000,wiki_zh,2279,113
"wiki_pl: wiki_pl: Oznacza to, że dany zestaw aksjomatów jednoznacznie określa wszystkie cechy definiowanych obiektów.",1.0,470,1773712611.3215346,2026-03-17T02:56:51.321547,0.40633758902549744,0.4567164182662964,Qwen2.5-32B-Instruct,32000000000,wiki_pl,2280,114
"wiki_pl: wiki_pl: Niewielka liczba nowych atomów powstała w wyniku rozpadów radioaktywnych, a stosunek ich zawartości obecnie pozwala określić wiek Ziemi na podstawie datowania izotopowego.",1.3,450,1773712657.7933784,2026-03-17T02:57:37.793391,0.39146673679351807,0.4597824513912201,Qwen2.5-32B-Instruct,32000000000,wiki_pl,2281,114
wiki_ar: wiki_ar: هناك عدد جيّد من حواضر المدن الكبيرة في العصر الحديث والتي يعود جزء من نجاحها إلى الموقع الجغرافي المائي المميّز،,0.7,464,1773712704.5175083,2026-03-17T02:58:24.517521,0.3829338848590851,0.4386366009712219,Qwen2.5-32B-Instruct,32000000000,wiki_ar,2282,114
wiki_zh: wiki_zh: 他们对其在研究人类社会和文化的生活与历史的进路作出修正。,0.7,486,1773712751.3984768,2026-03-17T02:59:11.398489,0.41156694293022156,0.44827648997306824,Qwen2.5-32B-Instruct,32000000000,wiki_zh,2283,114
"wiki_pl: wiki_pl: }  Opcja -f informuje awk, że następny argument to nazwa pliku, z którego należy przeczytać program, a jest on tam umieszczany przez powłokę systemową podczas działania, tak jakby wywołane zostało polecenie /usr/bin/awk -f hello.awk.",1.3,434,1773712798.312095,2026-03-17T02:59:58.312100,0.3747851848602295,0.4597832262516022,Qwen2.5-32B-Instruct,32000000000,wiki_pl,2284,114
wiki_zh: wiki_zh: 解释学： 研究存在主义的哲学家多采用现象学来解释人类生命和人类条件的问题。,1.0,478,1773712844.5063157,2026-03-17T03:00:44.506340,0.39859408140182495,0.43933576345443726,Qwen2.5-32B-Instruct,32000000000,wiki_zh,2285,114
wiki_ja: wiki_ja: しかし、5以下は「象が」には言い換えられない。,1.3,489,1773712890.6703746,2026-03-17T03:01:30.670388,0.41972115635871887,0.4533264636993408,Qwen2.5-32B-Instruct,32000000000,wiki_ja,2286,114
wiki_ja: wiki_ja: 「つぁ」「ファ」のように、小書きの「ぁ」「ぃ」「ぅ」「ぇ」「ぉ」を添えて表す音もあり、補助符号として長音を表す「ー」がある。,1.3,460,1773712937.2646422,2026-03-17T03:02:17.264655,0.38042736053466797,0.4392240643501282,Qwen2.5-32B-Instruct,32000000000,wiki_ja,2287,114
wiki_ja: wiki_ja: ただし、「ふ」は  のままに、「ひ」は  になった。,1.0,486,1773712983.767207,2026-03-17T03:03:03.767220,0.4252483546733856,0.45899954438209534,Qwen2.5-32B-Instruct,32000000000,wiki_ja,2288,114
wiki_ja: wiki_ja: 文は、「主語・修飾語・述語」の語順で構成される。,1.0,483,1773713030.4635413,2026-03-17T03:03:50.463549,0.41872724890708923,0.4557059705257416,Qwen2.5-32B-Instruct,32000000000,wiki_ja,2289,114
wiki_ja: wiki_ja: 「私の本」「動く歩道」「赤い髪飾り」「大きな瞳」の「私の」「動く」「赤い」「大きな」は連体修飾語である。,0.7,465,1773713077.272384,2026-03-17T03:04:37.272394,0.41337695717811584,0.4674952030181885,Qwen2.5-32B-Instruct,32000000000,wiki_ja,2290,114
wiki_ar: wiki_ar: ازدادت أهمّيّة الوعي حول الترشيد في استخدام الموارد المائيّة في العقود الأخيرة،,1.3,476,1773713123.8682113,2026-03-17T03:05:23.868221,0.40768492221832275,0.4514215588569641,Qwen2.5-32B-Instruct,32000000000,wiki_ar,2291,114
wiki_ja: wiki_ja: 日本語にもこの用法があり、赤の他人を「お父さん」「お母さん」と呼ぶことがある。,0.7,478,1773713170.3626099,2026-03-17T03:06:10.362619,0.4019954204559326,0.44488242268562317,Qwen2.5-32B-Instruct,32000000000,wiki_ja,2292,114
wiki_ja: wiki_ja: それに対し学校図書だけは、文節/連文節どうしの関係概念を「－語」と呼び、いわゆる成分（文を構成する個々の最大要素）を「－部」と呼んでいる。,0.7,449,1773713217.173275,2026-03-17T03:06:57.173285,0.36674392223358154,0.4362604022026062,Qwen2.5-32B-Instruct,32000000000,wiki_ja,2293,114
wiki_zh: wiki_zh: 哲学中的形而上学（英语：metaphysics）的中文名稱取自《易經·繫辭上傳》「形而上者谓之道，形而下者谓之器」一語。,0.7,454,1773713263.7084408,2026-03-17T03:07:43.708446,0.38576969504356384,0.45027241110801697,Qwen2.5-32B-Instruct,32000000000,wiki_zh,2294,114
wiki_ja: wiki_ja: （格助詞・並立助詞・係助詞・副助詞・終助詞の全部および接続助詞のうち「し」「が」「けれども」「から」「ので」「のに」について）または語尾（接続助詞のうち「て（で）」、条件の形の「ば」、並べ立てるときの「たり（だり）」について）。,0.7,418,1773713310.7672622,2026-03-17T03:08:30.767272,0.33558979630470276,0.43511611223220825,Qwen2.5-32B-Instruct,32000000000,wiki_ja,2295,114
wiki_zh: wiki_zh: 尽管理学遭到道教和佛教徒的批评，理学仍借鉴了它们两个的部分术语和概念。,0.7,480,1773713357.0882742,2026-03-17T03:09:17.088280,0.39541441202163696,0.43574777245521545,Qwen2.5-32B-Instruct,32000000000,wiki_zh,2296,114
wiki_ja: wiki_ja: 擬態語の中で、心理を表す語を特に擬情語と称することもある。,1.3,482,1773713403.755854,2026-03-17T03:10:03.755867,0.40888193249702454,0.4467739164829254,Qwen2.5-32B-Instruct,32000000000,wiki_ja,2297,114
wiki_zh: wiki_zh: 對法律、政治、教育、社會、宗教和藝術的研究產生了很大的影響。,1.3,485,1773713450.8525033,2026-03-17T03:10:50.852510,0.41384363174438477,0.44868531823158264,Qwen2.5-32B-Instruct,32000000000,wiki_zh,2298,114
wiki_ar: wiki_ar: حيث أنّ نقص الاستثمارات وضعف الحالة الاقتصاديّة يجعل من المستحيل على الهيئات الحكوميّة في تلك المناطق أن تلبّي حاجة الطلب إلى المياه.,0.7,463,1773713497.6911936,2026-03-17T03:11:37.691199,0.4181400239467621,0.4752495586872101,Qwen2.5-32B-Instruct,32000000000,wiki_ar,2299,114
wiki_ja: wiki_ja: 一般に似ているとされる語の中には、日本語からアイヌ語への借用語が多く含まれるとみられる。,1.0,478,1773713544.611436,2026-03-17T03:12:24.611445,0.40926826000213623,0.4511869549751282,Qwen2.5-32B-Instruct,32000000000,wiki_ja,2300,115
wiki_zh: wiki_zh: 前苏格拉底时期的自然派哲學家们多关注自然界，被認為是西方最早的哲學家，不管他們認識以及解释世界的方式是否正確，但是他們的想法之所以有別於迷信的原因在於，這些哲學家是以理性輔佐證據的方式歸納出自然界的现象。,1.0,438,1773713591.239803,2026-03-17T03:13:11.239812,0.3504123389720917,0.4299966096878052,Qwen2.5-32B-Instruct,32000000000,wiki_zh,2301,115
wiki_ar: wiki_ar: للأسماك مثلاً خياشيم بدلاً من الرئتين والتي تتمكّن من خلالها أن تعيش تحت الماء،,1.3,471,1773713638.070823,2026-03-17T03:13:58.070833,0.399908185005188,0.4488898813724518,Qwen2.5-32B-Instruct,32000000000,wiki_ar,2302,115
wiki_ja: wiki_ja: 漢字の記された遺物の例としては、1世紀のものとされる福岡市出土の「漢委奴国王印」などもあるが、本格的に使用されたのはより後年とみられる。,1.3,454,1773713684.8889687,2026-03-17T03:14:44.888977,0.365541934967041,0.4288066625595093,Qwen2.5-32B-Instruct,32000000000,wiki_ja,2303,115
wiki_ar: wiki_ar: رغم أنّه يتوفّر لدى بعض الأسماك مثل الأسماك الرئويّة كلا نظامي التنفّس.,1.0,475,1773713731.6359074,2026-03-17T03:15:31.635917,0.4114561378955841,0.4560397267341614,Qwen2.5-32B-Instruct,32000000000,wiki_ar,2304,115
wiki_ja: wiki_ja: 1980年代初めのアンケート調査では、「方言を残しておきたい」と回答する者が90%以上に達する結果が出ている。,1.3,465,1773713778.4319007,2026-03-17T03:16:18.431910,0.3860641121864319,0.4389409124851227,Qwen2.5-32B-Instruct,32000000000,wiki_ja,2305,115
wiki_ja: wiki_ja: たとえば、動詞「取る」の尊敬形として、「（先生が）お取りになる」「（先生が）取られる」などが用いられる。,1.3,468,1773713825.32127,2026-03-17T03:17:05.321281,0.39505910873413086,0.4447656571865082,Qwen2.5-32B-Instruct,32000000000,wiki_ja,2306,115
wiki_ar: wiki_ar: والتي تفيد في معرفة كلفة الاستهلاك مقابل خدمة التمديد.,1.0,484,1773713872.124483,2026-03-17T03:17:52.124500,0.4131597578525543,0.4489936828613281,Qwen2.5-32B-Instruct,32000000000,wiki_ar,2307,115
wiki_zh: wiki_zh: 书话、诗话、词话是對於書、詩文或是詞的評論。,1.3,483,1773713918.8002744,2026-03-17T03:18:38.800283,0.4090918302536011,0.4469579756259918,Qwen2.5-32B-Instruct,32000000000,wiki_zh,2308,115
wiki_ja: wiki_ja: また、母音は、東日本や北陸、出雲付近、九州で無声化しやすく、東海、近畿、中国、四国では無声化しにくい。,1.0,461,1773713965.6706958,2026-03-17T03:19:25.670705,0.3999754786491394,0.45791560411453247,Qwen2.5-32B-Instruct,32000000000,wiki_ja,2309,115
wiki_ar: wiki_ar: دخل الماء في العديد من الأساطير والخرافات والحكايا الشعبيّة والروحيّات،,0.7,478,1773714012.450426,2026-03-17T03:20:12.450436,0.4052812159061432,0.4478254020214081,Qwen2.5-32B-Instruct,32000000000,wiki_ar,2310,115
wiki_ja: wiki_ja: 物語作品やメディアにおいて、位相が極端にステレオタイプ化されて現実と乖離したり、あるいは書き手などが仮想的（バーチャル）な位相を意図的に作り出したりする場合がある。,1.3,447,1773714059.4420073,2026-03-17T03:20:59.442017,0.362199991941452,0.43397462368011475,Qwen2.5-32B-Instruct,32000000000,wiki_ja,2311,115
wiki_zh: wiki_zh: 即使是「最純的」數學通常亦有實際的用途，此一非比尋常的事實，被1963年諾貝爾物理獎得主維格納稱為「數學在自然科學中不可想像的有效性」。,1.3,446,1773714107.0002966,2026-03-17T03:21:47.000306,0.3467492461204529,0.4172268807888031,Qwen2.5-32B-Instruct,32000000000,wiki_zh,2312,115
wiki_zh: wiki_zh: 據米哈伊爾·B·塞甫留克（Mikhail B. Sevryuk）於2006年1月的期刊中所說，「存放於數學評論資料庫中論文和書籍的數量自1940年（數學評論的創刊年份）現已超過了一百九十萬份，而且每年還增加超過七萬五千份。,1.3,412,1773714153.779769,2026-03-17T03:22:33.779778,0.3425302505493164,0.4500964879989624,Qwen2.5-32B-Instruct,32000000000,wiki_zh,2313,115
"wiki_pl: wiki_pl: Odpowiada to zwykle średniej odległości, na jakiej znajdują się elektrony na najdalszej powłoce.",1.0,474,1773714200.358893,2026-03-17T03:23:20.358904,0.4280855655670166,0.4730212688446045,Qwen2.5-32B-Instruct,32000000000,wiki_pl,2314,115
wiki_ar: wiki_ar: ففي البلدان ذات المناخ الحارّ يرتفع الطلب اليومي على شرب الماء،,1.0,482,1773714246.9805996,2026-03-17T03:24:06.980609,0.41857078671455383,0.45659270882606506,Qwen2.5-32B-Instruct,32000000000,wiki_ar,2315,115
"wiki_pl: wiki_pl: Zazwyczaj przed deklaracją zmiennych lokalnych dodaje się kilka białych znaków, by wskazać miejsce, w którym kończą się argumenty funkcji i zaczynają zmienne lokalne.",1.0,450,1773714293.5505612,2026-03-17T03:24:53.550571,0.39468902349472046,0.46316981315612793,Qwen2.5-32B-Instruct,32000000000,wiki_pl,2316,115
wiki_ar: wiki_ar: تحمل ذرّة الأكسجين شحنة سالبة جزئية؛,0.7,486,1773714340.2225275,2026-03-17T03:25:40.222537,0.4428417980670929,0.4765406847000122,Qwen2.5-32B-Instruct,32000000000,wiki_ar,2317,115
wiki_ja: wiki_ja: ところが「お」と「を」の区別については、平安時代末期にはすでにいずれもの音となり発音上の区別が無くなっていたことにより、相当な表記の揺れがあり、格助詞の「を」を除き前例による基準を見出すことができなかった。,1.0,437,1773714387.0214276,2026-03-17T03:26:27.021437,0.3485610783100128,0.4298214018344879,Qwen2.5-32B-Instruct,32000000000,wiki_ja,2318,115
wiki_ja: wiki_ja: 第二次世界大戦後は、法律文などの公文書ももっぱら口語文で書かれるようになり、文語文は日常生活の場から遠のいた。,1.3,463,1773714433.6856644,2026-03-17T03:27:13.685674,0.3802936375141144,0.43668583035469055,Qwen2.5-32B-Instruct,32000000000,wiki_ja,2319,115
wiki_ar: wiki_ar: بالإضافة إلى عمليّة النتح من نباتات اليابسة على شكل بخار ماء إلى الهواء.,1.0,480,1773714480.3864772,2026-03-17T03:28:00.386482,0.42166706919670105,0.46183398365974426,Qwen2.5-32B-Instruct,32000000000,wiki_ar,2320,116
wiki_zh: wiki_zh: 人們不止可以從各主題相關的文學中看到該主題隨著歷史的演進（例如從經濟史的書或介紹科學及演化的書），甚至連科幻小說中都可看到類似的內容。,0.7,458,1773714527.3765,2026-03-17T03:28:47.376506,0.3687012195587158,0.430562287569046,Qwen2.5-32B-Instruct,32000000000,wiki_zh,2321,116
"wiki_pl: wiki_pl: Cyfry 0–9 składają się z bitów 011 oraz, następującej po nich, binarnej reprezentacji liczb odpowiadających każdej z cyfr.",1.0,462,1773714573.7272573,2026-03-17T03:29:33.727263,0.3974709212779999,0.4561106562614441,Qwen2.5-32B-Instruct,32000000000,wiki_pl,2322,116
wiki_zh: wiki_zh: 解释学： 研究存在主义的哲学家多采用现象学来解释人类生命和人类条件的问题。,0.7,478,1773714619.9274602,2026-03-17T03:30:19.927465,0.4103642404079437,0.451479971408844,Qwen2.5-32B-Instruct,32000000000,wiki_zh,2323,116
wiki_ja: wiki_ja: 三上によれば、 甲ガ乙ニ丙ヲ紹介シタ。,1.0,485,1773714666.2991948,2026-03-17T03:31:06.299200,0.42148151993751526,0.45964664220809937,Qwen2.5-32B-Instruct,32000000000,wiki_ja,2324,116
"wiki_pl: wiki_pl: Nie mają ich pierwiastki o liczbie atomowej 43 (technet), 61 (promet) i wszystkie o liczbach atomowych większych od 82 (ołów).",1.0,461,1773714712.8915513,2026-03-17T03:31:52.891557,0.4117380678653717,0.47052061557769775,Qwen2.5-32B-Instruct,32000000000,wiki_pl,2325,116
wiki_zh: wiki_zh: 其中历史散文和赋体以及奏议文告等应用文体，对后代产生了深远影响。,1.3,481,1773714759.0288377,2026-03-17T03:32:39.028843,0.4224970042705536,0.4603644609451294,Qwen2.5-32B-Instruct,32000000000,wiki_zh,2326,116
wiki_ja: wiki_ja: 両者はともに古代から使用され、中世を通してラテン語の et を表すために使用された。,1.0,478,1773714805.796962,2026-03-17T03:33:25.796968,0.39514297246932983,0.4403128921985626,Qwen2.5-32B-Instruct,32000000000,wiki_ja,2327,116
wiki_ar: wiki_ar: وينتج نوعان من بخار الماء: «الجافّ» غير المتكاثف و«الرطب» المتكاثف على شكل سحاب وضباب،,1.0,464,1773714852.5215108,2026-03-17T03:34:12.521516,0.40121710300445557,0.45664575695991516,Qwen2.5-32B-Instruct,32000000000,wiki_ar,2328,116
"wiki_pl: wiki_pl: Liczba neutronów może być różna, w zależności od izotopu tego pierwiastka.",1.3,481,1773714898.837694,2026-03-17T03:34:58.837702,0.42289313673973083,0.46264538168907166,Qwen2.5-32B-Instruct,32000000000,wiki_pl,2329,116
wiki_ja: wiki_ja: 易林本『節用集』『書言字考節用集』などが主なものである。,0.7,481,1773714945.439958,2026-03-17T03:35:45.439967,0.41207757592201233,0.45167797803878784,Qwen2.5-32B-Instruct,32000000000,wiki_ja,2330,116
wiki_zh: wiki_zh: 數學家將此對語言及邏輯精確性的要求稱為「嚴謹」。,1.0,480,1773714991.8205516,2026-03-17T03:36:31.820557,0.4140281677246094,0.4554038941860199,Qwen2.5-32B-Instruct,32000000000,wiki_zh,2331,116
wiki_zh: wiki_zh: 他把以前的时代说成是思维与存在、理想与现实分裂，自由与必然，个人与社会、无限与有限、统一性与多样性分裂之时代。,1.3,467,1773715038.2455826,2026-03-17T03:37:18.245588,0.37120065093040466,0.42601731419563293,Qwen2.5-32B-Instruct,32000000000,wiki_zh,2332,116
wiki_ja: wiki_ja: 」などは、いずれも主語・述語から成り立っている。,0.7,486,1773715084.7644367,2026-03-17T03:38:04.764442,0.4104350209236145,0.446018785238266,Qwen2.5-32B-Instruct,32000000000,wiki_ja,2333,116
"wiki_pl: wiki_pl: Oznacza to, że dany zestaw aksjomatów jednoznacznie określa wszystkie cechy definiowanych obiektów.",0.7,470,1773715131.41619,2026-03-17T03:38:51.416196,0.4180980920791626,0.4680376648902893,Qwen2.5-32B-Instruct,32000000000,wiki_pl,2334,116
"wiki_pl: wiki_pl: Liczba neutronów może być różna, w zależności od izotopu tego pierwiastka.",1.0,481,1773715178.1626225,2026-03-17T03:39:38.162628,0.4322410225868225,0.47133687138557434,Qwen2.5-32B-Instruct,32000000000,wiki_pl,2335,116
wiki_ja: wiki_ja: このほか、江戸時代で注目すべき研究としては、石塚龍麿の『仮字用格奥山路』がある。,1.0,472,1773715224.7211232,2026-03-17T03:40:24.721128,0.400380939245224,0.44887596368789673,Qwen2.5-32B-Instruct,32000000000,wiki_ja,2336,116
wiki_ja: wiki_ja: 日本語にもこの用法があり、赤の他人を「お父さん」「お母さん」と呼ぶことがある。,1.0,478,1773715271.6805212,2026-03-17T03:41:11.680532,0.39718836545944214,0.44053807854652405,Qwen2.5-32B-Instruct,32000000000,wiki_ja,2337,116
wiki_ar: wiki_ar: يؤدّي عدم شرب كمّيّات كافية من الماء إلى حدوث شعور بالدوار والغثيان،,1.0,474,1773715318.500994,2026-03-17T03:41:58.501002,0.42253339290618896,0.46861669421195984,Qwen2.5-32B-Instruct,32000000000,wiki_ar,2338,116
"wiki_pl: wiki_pl: }  Opcja -f informuje awk, że następny argument to nazwa pliku, z którego należy przeczytać program, a jest on tam umieszczany przez powłokę systemową podczas działania, tak jakby wywołane zostało polecenie /usr/bin/awk -f hello.awk.",0.7,434,1773715356.5063524,2026-03-17T03:42:36.506358,0.3738672733306885,0.459590882062912,Qwen2.5-32B-Instruct,32000000000,wiki_pl,2339,116
wiki_ar: wiki_ar: يحدث الفيضان عندما تهطل كمّيّة كبيرة من الأمطار الغزيرة على أراضي منبسطة،,1.0,476,1773715403.4242516,2026-03-17T03:43:23.424257,0.4099448025226593,0.4539650082588196,Qwen2.5-32B-Instruct,32000000000,wiki_ar,2340,117
"wiki_pl: wiki_pl: Charakterystyczne wartości tych energii, będące różnicami energii poszczególnych orbitali, odpowiadają za występowanie linii spektralnych w widmach liniowych poszczególnych pierwiastków.",1.3,447,1773715450.1897695,2026-03-17T03:44:10.189775,0.3868277072906494,0.45880094170570374,Qwen2.5-32B-Instruct,32000000000,wiki_pl,2341,117
wiki_zh: wiki_zh: 如霍克海默、阿多诺。,1.3,494,1773715496.7626224,2026-03-17T03:44:56.762628,0.43536219000816345,0.46193927526474,Qwen2.5-32B-Instruct,32000000000,wiki_zh,2342,117
wiki_ja: wiki_ja: 日本語を解さない主に漢民族や満州族には簡易的な日本語である協和語が用いられていたこともあった。,1.3,470,1773715543.313274,2026-03-17T03:45:43.313278,0.39526796340942383,0.4445134699344635,Qwen2.5-32B-Instruct,32000000000,wiki_ja,2343,117
wiki_ar: wiki_ar: كما أنّ لها تأثير على الصحّة،,0.7,494,1773715589.8053553,2026-03-17T03:46:29.805360,0.43004170060157776,0.4584508240222931,Qwen2.5-32B-Instruct,32000000000,wiki_ar,2344,117
wiki_ar: wiki_ar: والتي تؤثّر على مياه المحيطات.,1.0,492,1773715633.1362731,2026-03-17T03:47:13.136278,0.4283105134963989,0.4589298367500305,Qwen2.5-32B-Instruct,32000000000,wiki_ar,2345,117
wiki_ja: wiki_ja: 相手を敬い、物を丁寧に言うことは、発達した社会ならばどこでも必要とされる。,0.7,477,1773715679.7281854,2026-03-17T03:47:59.728190,0.4047545790672302,0.4480744004249573,Qwen2.5-32B-Instruct,32000000000,wiki_ja,2346,117
"wiki_pl: wiki_pl: Wynika on z tego, że orbitale, które w przypadku braku zewnętrznego pola mają takie same poziomy energetyczne, mogą się różnić energiami, gdy pojawi się takie pole.",1.0,458,1773715726.2324035,2026-03-17T03:48:46.232409,0.40577366948127747,0.4668632745742798,Qwen2.5-32B-Instruct,32000000000,wiki_pl,2347,117
wiki_zh: wiki_zh: 最後，資訊理論專注在可以儲存在特定媒介內的資料總量，且因此有壓縮及熵等概念。,1.0,475,1773715772.7358088,2026-03-17T03:49:32.735814,0.41290712356567383,0.46030956506729126,Qwen2.5-32B-Instruct,32000000000,wiki_zh,2348,117
"wiki_pl: wiki_pl: Rzadkie i teoretyczne atomy  Choć wszystkie nuklidy o liczbie atomowej większej niż 82 (ołów) są radioaktywne, teoretyczne modele przewidują istnienie „wyspy stabilności” – zbioru pierwiastków o liczbach atomowych powyżej 103, które miałyby stosunkowo stabilne izotopy.",0.7,407,1773715819.7259517,2026-03-17T03:50:19.725957,0.3135269582271576,0.42447203397750854,Qwen2.5-32B-Instruct,32000000000,wiki_pl,2349,117
wiki_ja: wiki_ja: また、母音は、東日本や北陸、出雲付近、九州で無声化しやすく、東海、近畿、中国、四国では無声化しにくい。,0.7,461,1773715866.3779266,2026-03-17T03:51:06.377932,0.3920744061470032,0.4510008990764618,Qwen2.5-32B-Instruct,32000000000,wiki_ja,2350,117
wiki_ar: wiki_ar: الغلاف الجوّي للزهرة بنسبة 0.,0.7,494,1773715912.608347,2026-03-17T03:51:52.608352,0.43458041548728943,0.46189287304878235,Qwen2.5-32B-Instruct,32000000000,wiki_ar,2351,117
wiki_zh: wiki_zh: 其中历史散文和赋体以及奏议文告等应用文体，对后代产生了深远影响。,1.0,481,1773715958.6106293,2026-03-17T03:52:38.610635,0.4026317000389099,0.44358235597610474,Qwen2.5-32B-Instruct,32000000000,wiki_zh,2352,117
wiki_ja: wiki_ja: 代表例として英語、フランス語、ルーマニア語、アルバニア語、アルメニア語等がある。,1.0,477,1773716005.1734705,2026-03-17T03:53:25.173476,0.4184015691280365,0.46155473589897156,Qwen2.5-32B-Instruct,32000000000,wiki_ja,2353,117
"wiki_pl: wiki_pl: To oddziaływanie tworzy studnię potencjału wokół jądra, z której uwolnienie wymaga dostarczenia elektronom energii z zewnątrz.",1.3,461,1773716051.7797496,2026-03-17T03:54:11.779755,0.39362430572509766,0.45321616530418396,Qwen2.5-32B-Instruct,32000000000,wiki_pl,2354,117
wiki_zh: wiki_zh: 除了上述主要的關注之外，亦有用來探索由數學核心至其他領域上之間的連結的子領域：至邏輯、至集合論（基礎）、至不同科學的經驗上的數學（應用數學）、及較近代的至不確定性的嚴格研究。,0.7,441,1773716098.5005774,2026-03-17T03:54:58.500583,0.3955242931842804,0.4753166437149048,Qwen2.5-32B-Instruct,32000000000,wiki_zh,2355,117
"wiki_pl: wiki_pl: Trzy lata później, w 1963 roku, została udostępniona pierwsza wersja standardu ASCII.",1.0,477,1773716144.745046,2026-03-17T03:55:44.745051,0.41962730884552,0.4634435474872589,Qwen2.5-32B-Instruct,32000000000,wiki_pl,2356,117
wiki_zh: wiki_zh: 更進一步則需要寫作或其他可記錄數字的系統，如符木或於印加帝國內用來儲存數據的奇普。,0.7,472,1773716190.9457717,2026-03-17T03:56:30.945777,0.4253671169281006,0.47366857528686523,Qwen2.5-32B-Instruct,32000000000,wiki_zh,2357,117
wiki_ar: wiki_ar: إذ أنّ البيئات المائيّة بذلك لن تهبط عند التجمّد إلى القاع إنّما ستطفو على السطح.,1.3,472,1773716237.4465833,2026-03-17T03:57:17.446589,0.4110793173313141,0.4591486155986786,Qwen2.5-32B-Instruct,32000000000,wiki_ar,2358,117
wiki_zh: wiki_zh: 數學利用抽象化和邏輯推理，從計數、計算、量度、對物體形狀及運動的觀察發展而成。,1.3,471,1773716284.1012113,2026-03-17T03:58:04.101217,0.40801265835762024,0.4564744234085083,Qwen2.5-32B-Instruct,32000000000,wiki_zh,2359,117
wiki_ar: wiki_ar: من جهة أخرى تستخدم النباتات وبعض الحيوانات اللافقارية ظاهرة ضغط الامتلاء (أو ضغط الانتباج) بالاعتماد على امتلاء محتوى الخليّة بالماء للقيام بتحريك بسيط للأعضاء.,0.7,442,1773716331.5030882,2026-03-17T03:58:51.503093,0.36746135354042053,0.4445492625236511,Qwen2.5-32B-Instruct,32000000000,wiki_ar,2360,118
wiki_zh: wiki_zh: 後現代主義把哲學定義為創造概念的學術。,1.0,488,1773716378.148605,2026-03-17T03:59:38.148613,0.423450767993927,0.4551600217819214,Qwen2.5-32B-Instruct,32000000000,wiki_zh,2361,118
wiki_ar: wiki_ar: حيث يؤدّي ذلك إلى تبخّر المياه،,1.0,493,1773716424.7568266,2026-03-17T04:00:24.756833,0.4316939115524292,0.4604736268520355,Qwen2.5-32B-Instruct,32000000000,wiki_ar,2362,118
wiki_ja: wiki_ja: 満州国（現在の中国東北部）にも日本人が数多く移住した結果、日本語が広く使用され、また、日本語は中国語とともに公用語とされた。,1.0,460,1773716471.6110325,2026-03-17T04:01:11.611038,0.39077410101890564,0.44966989755630493,Qwen2.5-32B-Instruct,32000000000,wiki_ja,2363,118
wiki_zh: wiki_zh: 上列观点在桑塔亚那、杜威等人和怀特海的影响下，重新对黑格尔主义进行理解。,0.7,477,1773716517.9406786,2026-03-17T04:01:57.940695,0.4117944836616516,0.4546704888343811,Qwen2.5-32B-Instruct,32000000000,wiki_zh,2364,118
wiki_ja: wiki_ja: 今日和語と扱われる「ウメ（梅）」「ウマ（馬）」なども、元々は漢語からの借用語であった可能性もあるが、上古漢字の場合、馬と梅の発音は違う。,1.0,451,1773716565.106066,2026-03-17T04:02:45.106071,0.3694961667060852,0.4360770583152771,Qwen2.5-32B-Instruct,32000000000,wiki_ja,2365,118
wiki_ja: wiki_ja: 戦後は、消極的な見方ばかりでなく、「日本語は個性的である」と積極的に評価する見方も多くなった。,0.7,472,1773716611.8245223,2026-03-17T04:03:31.824527,0.38457217812538147,0.4333380460739136,Qwen2.5-32B-Instruct,32000000000,wiki_ja,2366,118
wiki_pl: wiki_pl: Jądro atomowe   Wszystkie protony i neutrony w atomie (nazywane wspólnie nukleonami) skupiają się w jądro atomowe.,0.7,464,1773716658.7328508,2026-03-17T04:04:18.732856,0.4002792239189148,0.4562811553478241,Qwen2.5-32B-Instruct,32000000000,wiki_pl,2367,118
wiki_pl: wiki_pl: Podwaliny teorii modeli i tym samym nowe ujęcie logiki matematycznej położyli w latach 30.,1.0,472,1773716705.2124372,2026-03-17T04:05:05.212443,0.40445834398269653,0.4534493088722229,Qwen2.5-32B-Instruct,32000000000,wiki_pl,2368,118
wiki_ar: wiki_ar: وتمثّل مياه البحار والمحيطات أكبر نسبة للماء على الأرض،,1.0,485,1773716751.71849,2026-03-17T04:05:51.718496,0.42664191126823425,0.4627136290073395,Qwen2.5-32B-Instruct,32000000000,wiki_ar,2369,118
wiki_zh: wiki_zh: 數學家們拓展這些概念，以公式化新的猜想，以及從選定的公理及定義出發，嚴謹地推導出一些定理。,0.7,465,1773716798.7678463,2026-03-17T04:06:38.767855,0.3805569112300873,0.43486589193344116,Qwen2.5-32B-Instruct,32000000000,wiki_zh,2370,118
"wiki_pl: wiki_pl: Francis William Aston jako pierwszy udowodnił przy jego użyciu, że izotopy mają różne masy i że różnice w ich masach są wielokrotnościami tej samej masy.",1.0,457,1773716845.4537492,2026-03-17T04:07:25.453755,0.41348353028297424,0.47695720195770264,Qwen2.5-32B-Instruct,32000000000,wiki_pl,2371,118
wiki_ja: wiki_ja: 「次（つ）ぎて」を「次いで」とするなどのイ音便、「詳（くは）しくす」を「詳しうす」とするなどのウ音便、「発（た）ちて」を「発って」とするなどの促音便、「飛びて」を「飛んで」とするなどの撥音便が現れた。,1.0,427,1773716892.4795215,2026-03-17T04:08:12.479527,0.3329496383666992,0.42296940088272095,Qwen2.5-32B-Instruct,32000000000,wiki_ja,2372,118
wiki_zh: wiki_zh: 人們不止可以從各主題相關的文學中看到該主題隨著歷史的演進（例如從經濟史的書或介紹科學及演化的書），甚至連科幻小說中都可看到類似的內容。,1.3,458,1773716939.275928,2026-03-17T04:08:59.275933,0.35450583696365356,0.41583478450775146,Qwen2.5-32B-Instruct,32000000000,wiki_zh,2373,118
wiki_ar: wiki_ar: تعرّف المواد الكيميائيّة التي تكون غير قابلة للامتزاج مع الماء (مثل الدهنيّات (الزيوت والشحوم وغيرها) بأنّها كارهة للماء (هيدروفوبيّة).,0.7,449,1773716986.6632779,2026-03-17T04:09:46.663283,0.3717213571071625,0.4414999783039093,Qwen2.5-32B-Instruct,32000000000,wiki_ar,2374,118
"wiki_pl: wiki_pl: Ostatnia grupa zawiera pierwiastki, w których powłoka walencyjna jest całkowicie zapełniona elektronami.",0.7,471,1773717033.3023694,2026-03-17T04:10:33.302378,0.40311262011528015,0.4530090391635895,Qwen2.5-32B-Instruct,32000000000,wiki_pl,2375,118
wiki_zh: wiki_zh: 得奖者须在该年元旦前未满四十岁，是年輕數學家可以獲得的最大獎項。,1.0,478,1773717079.8213716,2026-03-17T04:11:19.821382,0.3881041705608368,0.43243297934532166,Qwen2.5-32B-Instruct,32000000000,wiki_zh,2376,118
wiki_zh: wiki_zh: 近代哲学（17-19世纪）  主條目：近代哲學  早期近代哲学   西方哲学史上的近代早期一般指17世纪和18世纪，其中18世纪常被称为启蒙时代。,1.3,451,1773717126.2816603,2026-03-17T04:12:06.281670,0.34751036763191223,0.4127024710178375,Qwen2.5-32B-Instruct,32000000000,wiki_zh,2377,118
wiki_ar: wiki_ar: خاصّة أنّه كان أحد الأهداف الإنمائيّة للألفيّة التي وضعتها الأمم المتّحدة.,1.0,473,1773717173.6010518,2026-03-17T04:12:53.601062,0.4092473089694977,0.45709049701690674,Qwen2.5-32B-Instruct,32000000000,wiki_ar,2378,118
"wiki_pl: wiki_pl: Niezależność  Układ aksjomatów jest niezależny, jeśli żaden z aksjomatów nie wynika z pozostałych.",1.3,470,1773717220.6668577,2026-03-17T04:13:40.666874,0.392233669757843,0.4432131350040436,Qwen2.5-32B-Instruct,32000000000,wiki_pl,2379,118
wiki_ar: wiki_ar: شقّ الرومان القدماء قنوات لجرّ الماء،,1.3,490,1773717267.2243304,2026-03-17T04:14:27.224340,0.4170703887939453,0.4489702582359314,Qwen2.5-32B-Instruct,32000000000,wiki_ar,2380,119
"wiki_pl: wiki_pl: Lukrecjusz twierdził, iż świat składa się jedynie z atomów i pustki.",1.0,482,1773717313.7619834,2026-03-17T04:15:13.761993,0.4110995829105377,0.4504196345806122,Qwen2.5-32B-Instruct,32000000000,wiki_pl,2381,119
wiki_zh: wiki_zh: 在自然界中的許多現象可以被動力系統所描述；,1.3,490,1773717360.214053,2026-03-17T04:16:00.214062,0.4045983552932739,0.43679964542388916,Qwen2.5-32B-Instruct,32000000000,wiki_zh,2382,119
wiki_zh: wiki_zh: 现代哲学，特别是19世纪中后期的哲学流派，有叔本华的意志主义，新康德主义，新黑格尔主义，马克思主义。,0.7,466,1773717406.8118582,2026-03-17T04:16:46.811867,0.3834156394004822,0.4367939531803131,Qwen2.5-32B-Instruct,32000000000,wiki_zh,2383,119
wiki_ar: wiki_ar: هناك عدد جيّد من حواضر المدن الكبيرة في العصر الحديث والتي يعود جزء من نجاحها إلى الموقع الجغرافي المائي المميّز،,1.3,464,1773717453.689122,2026-03-17T04:17:33.689132,0.39095208048820496,0.44671911001205444,Qwen2.5-32B-Instruct,32000000000,wiki_ar,2384,119
wiki_zh: wiki_zh: 因而所有數學的最終公理化是不可能的。,1.0,490,1773717500.3026125,2026-03-17T04:18:20.302622,0.42156991362571716,0.4549575746059418,Qwen2.5-32B-Instruct,32000000000,wiki_zh,2385,119
wiki_ja: wiki_ja: 一方で、カナモジカイのように、数種類の文字体系を使い分けることの不便さを主張する意見も存在する。,1.0,469,1773717547.116933,2026-03-17T04:19:07.116939,0.39625677466392517,0.4482984244823456,Qwen2.5-32B-Instruct,32000000000,wiki_ja,2386,119
"wiki_pl: wiki_pl: Fuzja, w której powstaje jądro lżejsze od żelaza – o liczbie nukleonów mniejszej niż 60 – powoduje zwykle wyemitowanie większej ilości energii niż jest potrzebna do jej wywołania.",0.7,444,1773717593.9653137,2026-03-17T04:19:53.965324,0.3818158209323883,0.45784991979599,Qwen2.5-32B-Instruct,32000000000,wiki_pl,2387,119
wiki_ar: wiki_ar: تحدّد جودة الماء وملاءمته للاستخدام عادةً بإجراء التحاليل الكيميائية الموافقة في المختبرات الاختصاصية.,0.7,465,1773717640.7941842,2026-03-17T04:20:40.794189,0.3912055492401123,0.4463919699192047,Qwen2.5-32B-Instruct,32000000000,wiki_ar,2388,119
"wiki_pl: wiki_pl: Również kodowanie UTF-8 można uważać za rozszerzenie ASCII, tutaj jednak dodatkowe znaki są kodowane na 2 i więcej bajtach.",0.7,468,1773717687.2932239,2026-03-17T04:21:27.293233,0.41982224583625793,0.4719444811344147,Qwen2.5-32B-Instruct,32000000000,wiki_pl,2389,119
"wiki_pl: wiki_pl: Jeśli wyrażenie jest listą wyrażeń (wyrażenie, wyrażenie, ...), to indeks tablicy jest sklejany z wartości (łańcuchowych) każdego wyrażenia, oddzielonych wartością zmiennej SUBSEP.",1.3,444,1773717733.9909377,2026-03-17T04:22:13.990946,0.3807194232940674,0.4557570815086365,Qwen2.5-32B-Instruct,32000000000,wiki_pl,2390,119
wiki_pl: wiki_pl: Naturalnie występujące jądra plutonu i neptunu powstały w wyniku wychwytu neutronu przez jądra uranu.,0.7,470,1773717780.8080075,2026-03-17T04:23:00.808019,0.400750070810318,0.45104074478149414,Qwen2.5-32B-Instruct,32000000000,wiki_pl,2391,119
wiki_ar: wiki_ar: الماء مادةٌ شفافةٌ عديمة اللون والرائحة،,1.3,485,1773717827.4729543,2026-03-17T04:23:47.472969,0.4144406318664551,0.4503469467163086,Qwen2.5-32B-Instruct,32000000000,wiki_ar,2392,119
wiki_ar: wiki_ar: فإنّ الماء غير العذب هو: الآجِن،,0.7,491,1773717874.1004279,2026-03-17T04:24:34.100443,0.42635661363601685,0.4576099216938019,Qwen2.5-32B-Instruct,32000000000,wiki_ar,2393,119
wiki_zh: wiki_zh: 因此如果以西方的邏輯和知識論等對哲學下定義，中國沒有這些。,0.7,479,1773717920.6936402,2026-03-17T04:25:20.693653,0.4053337574005127,0.4476826786994934,Qwen2.5-32B-Instruct,32000000000,wiki_zh,2394,119
wiki_ja: wiki_ja: 助詞は、名詞について述語との関係（格関係）を表す格助詞（「名詞の格」の節参照）、活用する語について後続部分との接続関係を表す接続助詞、種々の語について、程度や限定などの意味を添えつつ後続の用言などを修飾する副助詞、文の終わりに来て疑問や詠嘆・感動・禁止といった気分や意図を表す終助詞に分けられる。,1.0,386,1773717968.1218565,2026-03-17T04:26:08.121870,0.2761272192001343,0.4012375771999359,Qwen2.5-32B-Instruct,32000000000,wiki_ja,2395,119
wiki_zh: wiki_zh: 符号化和形式化使得数学迅速发展，并帮助各个科学领域建立基础支撑理论。,1.0,483,1773718014.2754147,2026-03-17T04:26:54.275420,0.40802350640296936,0.44847095012664795,Qwen2.5-32B-Instruct,32000000000,wiki_zh,2396,119
wiki_ja: wiki_ja: 相手を敬い、物を丁寧に言うことは、発達した社会ならばどこでも必要とされる。,1.0,477,1773718061.1687417,2026-03-17T04:27:41.168756,0.3929325044155121,0.43559664487838745,Qwen2.5-32B-Instruct,32000000000,wiki_ja,2397,119
wiki_ar: wiki_ar: خاصّة أنّه كان أحد الأهداف الإنمائيّة للألفيّة التي وضعتها الأمم المتّحدة.,0.7,473,1773718107.8796504,2026-03-17T04:28:27.879662,0.4194835424423218,0.4683650732040405,Qwen2.5-32B-Instruct,32000000000,wiki_ar,2398,119
wiki_ja: wiki_ja: これ以降使われなくなった仮名を、今日では変体仮名と呼んでいる。,0.7,481,1773718154.3445964,2026-03-17T04:29:14.344609,0.4007631838321686,0.44186437129974365,Qwen2.5-32B-Instruct,32000000000,wiki_ja,2399,119
